example_id,agent,update_ms,read_ms,generation_ms,end_to_end_ms,model_loading_policy
conv-26-qa-0,hybrid_fifo_rag,1.1867618090420464,22.449899999628542,472.207899998466,495.8445618071366,one shared preloaded model
conv-26-qa-1,hybrid_fifo_rag,1.1867618090420464,16.47690000027069,597.8578999965976,615.5215618059103,one shared preloaded model
conv-26-qa-2,hybrid_fifo_rag,1.1867618090420464,13.63119999950868,233.61329999897862,248.43126180752935,one shared preloaded model
conv-26-qa-3,hybrid_fifo_rag,1.1867618090420464,15.207299999019597,209.47850000084145,225.8725618089031,one shared preloaded model
conv-26-qa-4,hybrid_fifo_rag,1.1867618090420464,11.115599998447578,95.85660000084317,108.1589618083328,one shared preloaded model
conv-26-qa-5,hybrid_fifo_rag,1.1867618090420464,16.43049999984214,355.00730000057956,372.6245618094637,one shared preloaded model
conv-26-qa-6,hybrid_fifo_rag,1.1867618090420464,9.683599997515557,504.21620000270195,515.0865618092596,one shared preloaded model
conv-26-qa-7,hybrid_fifo_rag,1.1867618090420464,9.756199997354997,209.19570000114618,220.13866180754323,one shared preloaded model
conv-26-qa-8,hybrid_fifo_rag,1.1867618090420464,16.599300000962103,225.45589999936055,243.2419618093647,one shared preloaded model
conv-26-qa-9,hybrid_fifo_rag,1.1867618090420464,15.42189999963739,280.18089999750373,296.78956180618314,one shared preloaded model
conv-26-qa-10,hybrid_fifo_rag,1.1867618090420464,14.21180000033928,160.1704000022437,175.56896181162503,one shared preloaded model
conv-26-qa-11,hybrid_fifo_rag,1.1867618090420464,16.359900000679772,198.18899999881978,215.7356618085416,one shared preloaded model
conv-26-qa-12,hybrid_fifo_rag,1.1867618090420464,10.606399999232963,124.89079999795649,136.6839618062315,one shared preloaded model
conv-26-qa-13,hybrid_fifo_rag,1.1867618090420464,17.056199998478405,224.01869999885093,242.2616618063714,one shared preloaded model
conv-26-qa-14,hybrid_fifo_rag,1.1867618090420464,13.403199998720083,232.61819999970612,247.20816180746826,one shared preloaded model
conv-26-qa-15,hybrid_fifo_rag,1.1867618090420464,12.065299997630063,183.26950000118813,196.52156180786025,one shared preloaded model
conv-26-qa-16,hybrid_fifo_rag,1.1867618090420464,15.18719999876339,347.8383000001486,364.212261807954,one shared preloaded model
conv-26-qa-17,hybrid_fifo_rag,1.1867618090420464,12.760999998135958,512.3653999980888,526.3131618052669,one shared preloaded model
conv-26-qa-18,hybrid_fifo_rag,1.1867618090420464,9.240400002454408,225.09029999855557,235.51746181005203,one shared preloaded model
conv-26-qa-19,hybrid_fifo_rag,1.1867618090420464,9.231299998646136,245.25340000036522,255.6714618080534,one shared preloaded model
conv-26-qa-20,hybrid_fifo_rag,1.1867618090420464,14.326299999083858,552.6710000012827,568.1840618094086,one shared preloaded model
conv-26-qa-21,hybrid_fifo_rag,1.1867618090420464,9.659199997258838,320.49730000289856,331.3432618091994,one shared preloaded model
conv-26-qa-22,hybrid_fifo_rag,1.1867618090420464,13.690100000530947,221.10260000044946,235.97946181002246,one shared preloaded model
conv-26-qa-23,hybrid_fifo_rag,1.1867618090420464,10.743500002718065,588.0122999988089,599.942561810569,one shared preloaded model
conv-26-qa-24,hybrid_fifo_rag,1.1867618090420464,12.86650000110967,231.10230000020238,245.1555618103541,one shared preloaded model
conv-26-qa-25,hybrid_fifo_rag,1.1867618090420464,10.681499999918742,367.7299999981187,379.5982618070795,one shared preloaded model
conv-26-qa-26,hybrid_fifo_rag,1.1867618090420464,12.744800002110424,225.36069999841857,239.29226180957104,one shared preloaded model
conv-26-qa-27,hybrid_fifo_rag,1.1867618090420464,11.138800000480842,231.83540000172798,244.16096181125087,one shared preloaded model
conv-26-qa-28,hybrid_fifo_rag,1.1867618090420464,10.805900001287227,458.54549999785377,470.538161808183,one shared preloaded model
conv-26-qa-29,hybrid_fifo_rag,1.1867618090420464,12.753999999404186,281.7049999976007,295.6457618060469,one shared preloaded model
conv-26-qa-30,hybrid_fifo_rag,1.1867618090420464,9.511600001133047,232.52420000062557,243.22256181080067,one shared preloaded model
conv-26-qa-31,hybrid_fifo_rag,1.1867618090420464,12.190199999167817,224.7105000024021,238.08746181061198,one shared preloaded model
conv-26-qa-32,hybrid_fifo_rag,1.1867618090420464,9.652400000049965,283.86249999675783,294.7016618058498,one shared preloaded model
conv-26-qa-33,hybrid_fifo_rag,1.1867618090420464,14.592699997592717,326.5518999978667,342.33136180450146,one shared preloaded model
conv-26-qa-34,hybrid_fifo_rag,1.1867618090420464,10.15479999841773,231.58049999983632,242.9220618072961,one shared preloaded model
conv-26-qa-35,hybrid_fifo_rag,1.1867618090420464,12.244200002896832,345.19300000101794,358.6239618129568,one shared preloaded model
conv-26-qa-36,hybrid_fifo_rag,1.1867618090420464,11.853300002258038,648.0766999993648,661.1167618106649,one shared preloaded model
conv-26-qa-37,hybrid_fifo_rag,1.1867618090420464,12.284000000363449,235.72649999914574,249.19726180855125,one shared preloaded model
conv-26-qa-38,hybrid_fifo_rag,1.1867618090420464,10.883000002650078,390.09340000120574,402.16316181289784,one shared preloaded model
conv-26-qa-39,hybrid_fifo_rag,1.1867618090420464,14.156999997794628,625.7731999976386,641.1169618044753,one shared preloaded model
conv-26-qa-40,hybrid_fifo_rag,1.1867618090420464,13.056600000709295,123.22209999911138,137.46546180886273,one shared preloaded model
conv-26-qa-41,hybrid_fifo_rag,1.1867618090420464,16.575000001466833,357.4683999977424,375.23016180825124,one shared preloaded model
conv-26-qa-42,hybrid_fifo_rag,1.1867618090420464,13.402199998381548,190.6913999991957,205.2803618066193,one shared preloaded model
conv-26-qa-43,hybrid_fifo_rag,1.1867618090420464,10.648799998307368,208.21930000238353,220.05486180973296,one shared preloaded model
conv-26-qa-44,hybrid_fifo_rag,1.1867618090420464,11.784700000134762,339.75220000138506,352.72366181056185,one shared preloaded model
conv-26-qa-45,hybrid_fifo_rag,1.1867618090420464,12.907399999676272,146.60809999986668,160.702261808585,one shared preloaded model
conv-26-qa-46,hybrid_fifo_rag,1.1867618090420464,16.202100003283704,123.34580000242568,140.73466181475143,one shared preloaded model
conv-26-qa-47,hybrid_fifo_rag,1.1867618090420464,16.667100000631763,110.45020000165096,128.30406181132477,one shared preloaded model
conv-26-qa-48,hybrid_fifo_rag,1.1867618090420464,16.209800000069663,340.49940000113565,357.89596181024734,one shared preloaded model
conv-26-qa-49,hybrid_fifo_rag,1.1867618090420464,13.067399999272311,493.789399999514,508.0435618078283,one shared preloaded model
conv-26-qa-50,hybrid_fifo_rag,1.1867618090420464,15.655900002457201,213.9394000005268,230.78206181202606,one shared preloaded model
conv-26-qa-51,hybrid_fifo_rag,1.1867618090420464,9.452299997064983,202.62629999706405,213.2653618031711,one shared preloaded model
conv-26-qa-52,hybrid_fifo_rag,1.1867618090420464,10.929299998679198,206.52179999888176,218.637861806603,one shared preloaded model
conv-26-qa-53,hybrid_fifo_rag,1.1867618090420464,9.687199999461882,518.5928999999305,529.4668618084345,one shared preloaded model
conv-26-qa-54,hybrid_fifo_rag,1.1867618090420464,12.781199999153614,508.5642999983975,522.5322618065932,one shared preloaded model
conv-26-qa-55,hybrid_fifo_rag,1.1867618090420464,12.808999999833759,248.46230000184732,262.4580618107231,one shared preloaded model
conv-26-qa-56,hybrid_fifo_rag,1.1867618090420464,12.100800002372125,159.06710000126623,172.3546618126804,one shared preloaded model
conv-26-qa-57,hybrid_fifo_rag,1.1867618090420464,16.53519999672426,251.12289999742643,268.8448618031927,one shared preloaded model
conv-26-qa-58,hybrid_fifo_rag,1.1867618090420464,15.378699998109369,318.28440000026603,334.8498618074174,one shared preloaded model
conv-26-qa-59,hybrid_fifo_rag,1.1867618090420464,12.722899999062065,223.26729999986128,237.1769618079654,one shared preloaded model
conv-26-qa-60,hybrid_fifo_rag,1.1867618090420464,10.86560000112513,103.37900000013178,115.43136181029897,one shared preloaded model
conv-26-qa-61,hybrid_fifo_rag,1.1867618090420464,12.4651999976777,224.5801000026404,238.23206180936015,one shared preloaded model
conv-26-qa-62,hybrid_fifo_rag,1.1867618090420464,10.918500000116182,345.1649999988149,357.2702618079731,one shared preloaded model
conv-26-qa-63,hybrid_fifo_rag,1.1867618090420464,9.831400002440205,138.30680000319262,149.32496181467488,one shared preloaded model
conv-26-qa-64,hybrid_fifo_rag,1.1867618090420464,9.407400000782218,216.3619999992079,226.95616180903218,one shared preloaded model
conv-26-qa-65,hybrid_fifo_rag,1.1867618090420464,10.745399998995708,202.29790000303183,214.2300618110696,one shared preloaded model
conv-26-qa-66,hybrid_fifo_rag,1.1867618090420464,11.059099997510202,165.9061999998812,178.15206180643347,one shared preloaded model
conv-26-qa-67,hybrid_fifo_rag,1.1867618090420464,10.330600001907442,346.104700001888,357.62206181283744,one shared preloaded model
conv-26-qa-68,hybrid_fifo_rag,1.1867618090420464,12.757000000419794,279.5723999988695,293.51616180833133,one shared preloaded model
conv-26-qa-69,hybrid_fifo_rag,1.1867618090420464,12.92000000103144,104.16409999743337,118.27086180750686,one shared preloaded model
conv-26-qa-70,hybrid_fifo_rag,1.1867618090420464,16.576899997744476,227.80080000302405,245.56446180981058,one shared preloaded model
conv-26-qa-71,hybrid_fifo_rag,1.1867618090420464,10.876500000449596,309.8126999975648,321.8759618070564,one shared preloaded model
conv-26-qa-72,hybrid_fifo_rag,1.1867618090420464,9.310900000855327,201.6135999983817,212.11126180827907,one shared preloaded model
conv-26-qa-73,hybrid_fifo_rag,1.1867618090420464,10.578699999314267,158.73110000029556,170.49656180865188,one shared preloaded model
conv-26-qa-74,hybrid_fifo_rag,1.1867618090420464,16.47869999942486,372.5977999965835,390.2632618050504,one shared preloaded model
conv-26-qa-75,hybrid_fifo_rag,1.1867618090420464,10.071799999423092,81.69480000287876,92.95336181134391,one shared preloaded model
conv-26-qa-76,hybrid_fifo_rag,1.1867618090420464,16.60989999800222,265.8391000004485,283.63576180749277,one shared preloaded model
conv-26-qa-77,hybrid_fifo_rag,1.1867618090420464,15.433399999892572,225.2931000002718,241.91326180920643,one shared preloaded model
conv-26-qa-78,hybrid_fifo_rag,1.1867618090420464,10.21760000003269,224.70049999901676,236.1048618080915,one shared preloaded model
conv-26-qa-79,hybrid_fifo_rag,1.1867618090420464,10.735600000771228,469.5802999995067,481.50266180931993,one shared preloaded model
conv-26-qa-80,hybrid_fifo_rag,1.1867618090420464,12.643999998545041,520.1380999969842,533.9688618045714,one shared preloaded model
conv-26-qa-81,hybrid_fifo_rag,1.1867618090420464,10.84650000120746,159.1855000006035,171.218761810853,one shared preloaded model
conv-26-qa-82,hybrid_fifo_rag,1.1867618090420464,15.61270000092918,124.43640000128653,141.23586181125776,one shared preloaded model
conv-26-qa-83,hybrid_fifo_rag,1.1867618090420464,16.54960000087158,161.83969999838155,179.57606180829518,one shared preloaded model
conv-26-qa-84,hybrid_fifo_rag,1.1867618090420464,17.371099998854334,440.07870000132243,458.6365618092188,one shared preloaded model
conv-26-qa-85,hybrid_fifo_rag,1.1867618090420464,12.715299999399576,789.0409999999974,802.9430618084391,one shared preloaded model
conv-26-qa-86,hybrid_fifo_rag,1.1867618090420464,13.436099998216378,249.19220000083442,263.8150618080928,one shared preloaded model
conv-26-qa-87,hybrid_fifo_rag,1.1867618090420464,9.423100000276463,580.7614000004833,591.3712618098018,one shared preloaded model
conv-26-qa-88,hybrid_fifo_rag,1.1867618090420464,9.59829999919748,398.43520000067656,409.22026180891606,one shared preloaded model
conv-26-qa-89,hybrid_fifo_rag,1.1867618090420464,10.92900000003283,579.6274999993329,591.7432618084079,one shared preloaded model
conv-26-qa-90,hybrid_fifo_rag,1.1867618090420464,9.40719999925932,332.3482000014337,342.94216180973507,one shared preloaded model
conv-26-qa-91,hybrid_fifo_rag,1.1867618090420464,9.368799997901078,251.7649999972491,262.3205618041922,one shared preloaded model
conv-26-qa-92,hybrid_fifo_rag,1.1867618090420464,13.91440000224975,109.15659999955096,124.25776181084277,one shared preloaded model
conv-26-qa-93,hybrid_fifo_rag,1.1867618090420464,16.127499999129213,826.6973999998299,844.0116618080012,one shared preloaded model
conv-26-qa-94,hybrid_fifo_rag,1.1867618090420464,12.71430000269902,188.36430000010296,202.26536181184403,one shared preloaded model
conv-26-qa-95,hybrid_fifo_rag,1.1867618090420464,12.504599999374477,379.19999999940046,392.89136180781696,one shared preloaded model
conv-26-qa-96,hybrid_fifo_rag,1.1867618090420464,13.539899999159388,202.79460000165273,217.52126180985417,one shared preloaded model
conv-26-qa-97,hybrid_fifo_rag,1.1867618090420464,9.372200001962483,174.97789999833913,185.53686180934366,one shared preloaded model
conv-26-qa-98,hybrid_fifo_rag,1.1867618090420464,16.521699999429984,367.27849999806494,384.98696180653695,one shared preloaded model
conv-26-qa-99,hybrid_fifo_rag,1.1867618090420464,12.59320000099251,190.41930000093998,204.19926181097455,one shared preloaded model
conv-26-qa-100,hybrid_fifo_rag,1.1867618090420464,12.571399998705601,231.67520000060904,245.4333618083567,one shared preloaded model
conv-26-qa-101,hybrid_fifo_rag,1.1867618090420464,10.711400002037408,82.52809999976307,94.42626181084253,one shared preloaded model
conv-26-qa-102,hybrid_fifo_rag,1.1867618090420464,11.353600002621533,560.2693000000727,572.8096618117363,one shared preloaded model
conv-26-qa-103,hybrid_fifo_rag,1.1867618090420464,13.26119999794173,249.19010000303388,263.63806181001763,one shared preloaded model
conv-26-qa-104,hybrid_fifo_rag,1.1867618090420464,11.499399999593152,232.78230000141775,245.46846181005296,one shared preloaded model
conv-26-qa-105,hybrid_fifo_rag,1.1867618090420464,10.555400000157533,824.6232999990752,836.3654618082749,one shared preloaded model
conv-26-qa-106,hybrid_fifo_rag,1.1867618090420464,9.945199999492615,296.18760000084876,307.3195618093834,one shared preloaded model
conv-26-qa-107,hybrid_fifo_rag,1.1867618090420464,13.346699997782707,525.3572000001441,539.8906618069689,one shared preloaded model
conv-26-qa-108,hybrid_fifo_rag,1.1867618090420464,12.860899998486275,199.18569999936153,213.23336180688986,one shared preloaded model
conv-26-qa-109,hybrid_fifo_rag,1.1867618090420464,11.288099998637335,167.3583999981929,179.8332618058723,one shared preloaded model
conv-26-qa-110,hybrid_fifo_rag,1.1867618090420464,9.418599998753052,108.00980000203708,118.61516180983219,one shared preloaded model
conv-26-qa-111,hybrid_fifo_rag,1.1867618090420464,16.673000001901528,288.8593000025139,306.7190618134575,one shared preloaded model
conv-26-qa-112,hybrid_fifo_rag,1.1867618090420464,15.249000000039814,356.0423000017181,372.47806181079994,one shared preloaded model
conv-26-qa-113,hybrid_fifo_rag,1.1867618090420464,13.225899998360546,859.9810000014259,874.3936618088285,one shared preloaded model
conv-26-qa-114,hybrid_fifo_rag,1.1867618090420464,9.845599997788668,226.96539999742527,237.997761804256,one shared preloaded model
conv-26-qa-115,hybrid_fifo_rag,1.1867618090420464,10.577699998975731,410.84849999970174,422.6129618077195,one shared preloaded model
conv-26-qa-116,hybrid_fifo_rag,1.1867618090420464,9.33929999882821,423.4489000009489,433.97496180881916,one shared preloaded model
conv-26-qa-117,hybrid_fifo_rag,1.1867618090420464,10.015399999247165,261.72439999936614,272.92656180765533,one shared preloaded model
conv-26-qa-118,hybrid_fifo_rag,1.1867618090420464,12.536399997770786,380.1123000012012,393.83546180801403,one shared preloaded model
conv-26-qa-119,hybrid_fifo_rag,1.1867618090420464,9.705000000394648,337.83000000039465,348.7217618098313,one shared preloaded model
conv-26-qa-120,hybrid_fifo_rag,1.1867618090420464,9.779700001672609,255.53380000201287,266.5002618127275,one shared preloaded model
conv-26-qa-121,hybrid_fifo_rag,1.1867618090420464,12.638799998967443,230.18979999687872,244.01536180488822,one shared preloaded model
conv-26-qa-122,hybrid_fifo_rag,1.1867618090420464,9.680700000899378,227.46639999968465,238.3338618096261,one shared preloaded model
conv-26-qa-123,hybrid_fifo_rag,1.1867618090420464,10.38440000047558,385.59339999847,397.1645618079876,one shared preloaded model
conv-26-qa-124,hybrid_fifo_rag,1.1867618090420464,10.886899999604793,223.85510000094655,235.9287618095934,one shared preloaded model
conv-26-qa-125,hybrid_fifo_rag,1.1867618090420464,9.519200000795536,394.3622000006144,405.06816181045195,one shared preloaded model
conv-26-qa-126,hybrid_fifo_rag,1.1867618090420464,12.962500000867294,199.80059999943478,213.94986180934413,one shared preloaded model
conv-26-qa-127,hybrid_fifo_rag,1.1867618090420464,10.114300002896925,408.9285000009113,420.22956181285025,one shared preloaded model
conv-26-qa-128,hybrid_fifo_rag,1.1867618090420464,11.273700001765974,373.33079999734764,385.79126180815564,one shared preloaded model
conv-26-qa-129,hybrid_fifo_rag,1.1867618090420464,11.599500001466367,322.1969000005629,334.9831618110713,one shared preloaded model
conv-26-qa-130,hybrid_fifo_rag,1.1867618090420464,9.91989999965881,269.5162000018172,280.62286181051803,one shared preloaded model
conv-26-qa-131,hybrid_fifo_rag,1.1867618090420464,11.823499997262843,201.72449999881792,214.73476180512282,one shared preloaded model
conv-26-qa-132,hybrid_fifo_rag,1.1867618090420464,10.774799997307127,170.7499000003736,182.71146180672278,one shared preloaded model
conv-26-qa-133,hybrid_fifo_rag,1.1867618090420464,10.450599998875987,113.07070000111707,124.70806180903512,one shared preloaded model
conv-26-qa-134,hybrid_fifo_rag,1.1867618090420464,9.790600000997074,566.610000001674,577.5873618117132,one shared preloaded model
conv-26-qa-135,hybrid_fifo_rag,1.1867618090420464,12.773500002367655,248.8770999989356,262.83736181034527,one shared preloaded model
conv-26-qa-136,hybrid_fifo_rag,1.1867618090420464,12.118099999497645,246.927100000903,260.2319618094427,one shared preloaded model
conv-26-qa-137,hybrid_fifo_rag,1.1867618090420464,12.459800000215182,223.21910000027856,236.8656618095358,one shared preloaded model
conv-26-qa-138,hybrid_fifo_rag,1.1867618090420464,11.321400001179427,205.91160000185482,218.4197618120763,one shared preloaded model
conv-26-qa-139,hybrid_fifo_rag,1.1867618090420464,9.733200000482611,198.08419999753824,209.0041618070629,one shared preloaded model
conv-26-qa-140,hybrid_fifo_rag,1.1867618090420464,10.991599996486912,169.4720999985293,181.65046180405827,one shared preloaded model
conv-26-qa-141,hybrid_fifo_rag,1.1867618090420464,9.267400000680937,362.601499997254,373.05566180697696,one shared preloaded model
conv-26-qa-142,hybrid_fifo_rag,1.1867618090420464,13.392500000918517,661.1931000006734,675.772361810634,one shared preloaded model
conv-26-qa-143,hybrid_fifo_rag,1.1867618090420464,11.886399999639252,281.2241999999969,294.2973618086782,one shared preloaded model
conv-26-qa-144,hybrid_fifo_rag,1.1867618090420464,9.664499997597886,360.2949999985867,371.14626180522663,one shared preloaded model
conv-26-qa-145,hybrid_fifo_rag,1.1867618090420464,13.295800003106706,160.4245999988052,174.90716181095397,one shared preloaded model
conv-26-qa-146,hybrid_fifo_rag,1.1867618090420464,15.389600001071813,391.34070000000065,407.9170618101145,one shared preloaded model
conv-26-qa-147,hybrid_fifo_rag,1.1867618090420464,13.616200001706602,128.99620000098366,143.79916181173232,one shared preloaded model
conv-26-qa-148,hybrid_fifo_rag,1.1867618090420464,16.625500000372995,425.1856000009866,442.9978618104016,one shared preloaded model
conv-26-qa-149,hybrid_fifo_rag,1.1867618090420464,10.59710000117775,101.69409999798518,113.47796180820498,one shared preloaded model
conv-26-qa-150,hybrid_fifo_rag,1.1867618090420464,16.463899999507703,256.1752000001434,273.8258618086931,one shared preloaded model
conv-26-qa-151,hybrid_fifo_rag,1.1867618090420464,13.71639999706531,1115.6050999998115,1130.508261805919,one shared preloaded model
conv-26-qa-152,hybrid_fifo_rag,1.1867618090420464,10.698099998990074,156.54849999918952,168.43336180722164,one shared preloaded model
conv-26-qa-153,hybrid_fifo_rag,1.1867618090420464,11.301099999400321,260.27500000054715,272.7628618089895,one shared preloaded model
conv-26-qa-154,hybrid_fifo_rag,1.1867618090420464,16.444000000774395,230.04319999745348,247.67396180726993,one shared preloaded model
conv-26-qa-155,hybrid_fifo_rag,1.1867618090420464,10.806000002048677,213.4784000008949,225.47116181198564,one shared preloaded model
conv-26-qa-156,hybrid_fifo_rag,1.1867618090420464,12.691399999312125,301.85270000220044,315.7308618105546,one shared preloaded model
conv-26-qa-157,hybrid_fifo_rag,1.1867618090420464,13.596600001619663,253.05870000011055,267.84206181077224,one shared preloaded model
conv-26-qa-158,hybrid_fifo_rag,1.1867618090420464,15.651100002287421,108.67209999923944,125.50996181056891,one shared preloaded model
conv-26-qa-159,hybrid_fifo_rag,1.1867618090420464,13.206100000388687,322.17450000098324,336.56736181041396,one shared preloaded model
conv-26-qa-160,hybrid_fifo_rag,1.1867618090420464,14.432899999519577,945.7443999999668,961.3640618085285,one shared preloaded model
conv-26-qa-161,hybrid_fifo_rag,1.1867618090420464,12.948899999173591,160.98090000014054,175.11656180835618,one shared preloaded model
conv-26-qa-162,hybrid_fifo_rag,1.1867618090420464,15.860100000281818,296.93269999916083,313.9795618084847,one shared preloaded model
conv-26-qa-163,hybrid_fifo_rag,1.1867618090420464,10.250299998006085,230.87970000051428,242.31676180756241,one shared preloaded model
conv-26-qa-164,hybrid_fifo_rag,1.1867618090420464,12.729600002785446,416.59770000114804,430.5140618129755,one shared preloaded model
conv-26-qa-165,hybrid_fifo_rag,1.1867618090420464,9.596899999451125,166.11660000125994,176.90026180975312,one shared preloaded model
conv-26-qa-166,hybrid_fifo_rag,1.1867618090420464,12.06369999999879,228.33929999978864,241.58976180882948,one shared preloaded model
conv-26-qa-167,hybrid_fifo_rag,1.1867618090420464,10.100999999849591,108.42190000039409,119.70966180928573,one shared preloaded model
conv-26-qa-168,hybrid_fifo_rag,1.1867618090420464,17.051000002538785,161.13120000227354,179.36896181385438,one shared preloaded model
conv-26-qa-169,hybrid_fifo_rag,1.1867618090420464,14.445400000113295,478.0232999983127,493.65546180746804,one shared preloaded model
conv-26-qa-170,hybrid_fifo_rag,1.1867618090420464,14.133399999991525,224.54520000246703,239.8653618115006,one shared preloaded model
conv-26-qa-171,hybrid_fifo_rag,1.1867618090420464,9.513600001810119,183.5030000002007,194.20336181105287,one shared preloaded model
conv-26-qa-172,hybrid_fifo_rag,1.1867618090420464,16.32640000025276,223.68160000041826,241.19476180971307,one shared preloaded model
conv-26-qa-173,hybrid_fifo_rag,1.1867618090420464,10.688999998819781,226.32429999794113,238.20006180580296,one shared preloaded model
conv-26-qa-174,hybrid_fifo_rag,1.1867618090420464,10.952699998597382,302.3847000004025,314.5241618080419,one shared preloaded model
conv-26-qa-175,hybrid_fifo_rag,1.1867618090420464,13.405500001681503,224.8421000003873,239.43436181111085,one shared preloaded model
conv-26-qa-176,hybrid_fifo_rag,1.1867618090420464,11.043400001653936,108.85309999866877,121.08326180936476,one shared preloaded model
conv-26-qa-177,hybrid_fifo_rag,1.1867618090420464,11.219099997106241,226.3491999983671,238.7550618045154,one shared preloaded model
conv-26-qa-178,hybrid_fifo_rag,1.1867618090420464,9.831900002609473,107.9552999981388,118.97396180979032,one shared preloaded model
conv-26-qa-179,hybrid_fifo_rag,1.1867618090420464,16.29490000050282,226.56949999873177,244.05116180827665,one shared preloaded model
conv-26-qa-180,hybrid_fifo_rag,1.1867618090420464,9.590300000127172,169.59029999998165,180.36736180915088,one shared preloaded model
conv-26-qa-181,hybrid_fifo_rag,1.1867618090420464,16.393199999583885,157.38069999861182,174.96066180723776,one shared preloaded model
conv-26-qa-182,hybrid_fifo_rag,1.1867618090420464,16.616100001556333,203.9547999993374,221.7576618099358,one shared preloaded model
conv-26-qa-183,hybrid_fifo_rag,1.1867618090420464,10.01390000237734,217.52939999714727,228.73006180856666,one shared preloaded model
conv-26-qa-184,hybrid_fifo_rag,1.1867618090420464,10.456500000145752,158.79839999979595,170.44166180898375,one shared preloaded model
conv-26-qa-185,hybrid_fifo_rag,1.1867618090420464,16.443799999251496,226.72270000111894,244.3532618094125,one shared preloaded model
conv-26-qa-186,hybrid_fifo_rag,1.1867618090420464,11.020499998267042,175.6344999994326,187.8417618067417,one shared preloaded model
conv-26-qa-187,hybrid_fifo_rag,1.1867618090420464,16.601799998170463,162.32420000233105,180.11276180954357,one shared preloaded model
conv-26-qa-188,hybrid_fifo_rag,1.1867618090420464,16.236399998888373,225.38999999960652,242.81316180753694,one shared preloaded model
conv-26-qa-189,hybrid_fifo_rag,1.1867618090420464,9.830599999986589,182.70750000010594,193.72486180913458,one shared preloaded model
conv-26-qa-190,hybrid_fifo_rag,1.1867618090420464,16.68459999928018,829.8991999981808,847.7705618065031,one shared preloaded model
conv-26-qa-191,hybrid_fifo_rag,1.1867618090420464,13.210500001150649,204.45359999939683,218.85086180958953,one shared preloaded model
conv-26-qa-192,hybrid_fifo_rag,1.1867618090420464,9.250200000678888,283.8640999980271,294.301061807748,one shared preloaded model
conv-26-qa-193,hybrid_fifo_rag,1.1867618090420464,13.080999997328036,281.2995000022056,295.56726180857567,one shared preloaded model
conv-26-qa-194,hybrid_fifo_rag,1.1867618090420464,10.02620000144816,541.9125000007625,553.1254618112528,one shared preloaded model
conv-26-qa-195,hybrid_fifo_rag,1.1867618090420464,12.94659999985015,278.1199999990349,292.2533618079271,one shared preloaded model
conv-26-qa-196,hybrid_fifo_rag,1.1867618090420464,9.784999998373678,377.7848999998241,388.7566618072398,one shared preloaded model
conv-26-qa-197,hybrid_fifo_rag,1.1867618090420464,9.51100000020233,326.6146999994817,337.312461808726,one shared preloaded model
conv-26-qa-198,hybrid_fifo_rag,1.1867618090420464,9.94169999830774,159.33090000180528,170.45936180915507,one shared preloaded model
conv-30-qa-0,hybrid_fifo_rag,0.6911790476200016,9.493599998677382,347.5877000018954,357.7724790481928,one shared preloaded model
conv-30-qa-1,hybrid_fifo_rag,0.6911790476200016,8.406400000239955,313.1594000005862,322.2569790484461,one shared preloaded model
conv-30-qa-2,hybrid_fifo_rag,0.6911790476200016,8.531800001946976,157.14899999875342,166.3719790483204,one shared preloaded model
conv-30-qa-3,hybrid_fifo_rag,0.6911790476200016,15.191799997410271,224.12399999666377,240.00697904169405,one shared preloaded model
conv-30-qa-4,hybrid_fifo_rag,0.6911790476200016,9.708000001410255,1003.5946000025433,1013.9937790515736,one shared preloaded model
conv-30-qa-5,hybrid_fifo_rag,0.6911790476200016,8.530600000085542,279.2841000009503,288.5058790486558,one shared preloaded model
conv-30-qa-6,hybrid_fifo_rag,0.6911790476200016,8.614299997134367,510.8086000000185,520.1140790447729,one shared preloaded model
conv-30-qa-7,hybrid_fifo_rag,0.6911790476200016,9.814599998207996,510.41999999870313,520.9257790445312,one shared preloaded model
conv-30-qa-8,hybrid_fifo_rag,0.6911790476200016,11.157299999467796,338.7833999986469,350.6318790457347,one shared preloaded model
conv-30-qa-9,hybrid_fifo_rag,0.6911790476200016,10.812299999088282,121.27179999879445,132.77527904550274,one shared preloaded model
conv-30-qa-10,hybrid_fifo_rag,0.6911790476200016,14.794600003369851,510.061199998745,525.5469790497349,one shared preloaded model
conv-30-qa-11,hybrid_fifo_rag,0.6911790476200016,8.927299997594673,233.04410000127973,242.66257904649441,one shared preloaded model
conv-30-qa-12,hybrid_fifo_rag,0.6911790476200016,11.075099999288796,531.7685999980313,543.5348790449401,one shared preloaded model
conv-30-qa-13,hybrid_fifo_rag,0.6911790476200016,11.112100000900682,352.80670000065584,364.6099790491765,one shared preloaded model
conv-30-qa-14,hybrid_fifo_rag,0.6911790476200016,11.960400002863025,321.18699999773526,333.83857904821826,one shared preloaded model
conv-30-qa-15,hybrid_fifo_rag,0.6911790476200016,13.373300000239396,531.9376000006741,546.0020790485336,one shared preloaded model
conv-30-qa-16,hybrid_fifo_rag,0.6911790476200016,11.736100001144223,668.0338000005577,680.4610790493219,one shared preloaded model
conv-30-qa-17,hybrid_fifo_rag,0.6911790476200016,10.557100002188236,504.07390000327723,515.3221790530855,one shared preloaded model
conv-30-qa-18,hybrid_fifo_rag,0.6911790476200016,8.70059999942896,239.32390000118176,248.71567904823073,one shared preloaded model
conv-30-qa-19,hybrid_fifo_rag,0.6911790476200016,9.415800002898322,510.6156000001647,520.7225790506831,one shared preloaded model
conv-30-qa-20,hybrid_fifo_rag,0.6911790476200016,8.777099999861093,343.9546000008704,353.4228790483515,one shared preloaded model
conv-30-qa-21,hybrid_fifo_rag,0.6911790476200016,8.697099998244084,561.8475999981456,571.2358790440097,one shared preloaded model
conv-30-qa-22,hybrid_fifo_rag,0.6911790476200016,9.021000001666835,527.2572000030777,536.9693790523646,one shared preloaded model
conv-30-qa-23,hybrid_fifo_rag,0.6911790476200016,11.549599999852944,216.74690000145347,228.98767904892642,one shared preloaded model
conv-30-qa-24,hybrid_fifo_rag,0.6911790476200016,9.01999999769032,171.40759999892907,181.1187790442394,one shared preloaded model
conv-30-qa-25,hybrid_fifo_rag,0.6911790476200016,14.905900003213901,235.88910000034957,251.48617905118348,one shared preloaded model
conv-30-qa-26,hybrid_fifo_rag,0.6911790476200016,13.216300001658965,524.4386999984272,538.3461790477062,one shared preloaded model
conv-30-qa-27,hybrid_fifo_rag,0.6911790476200016,9.880000001430744,108.91970000011497,119.49087904916571,one shared preloaded model
conv-30-qa-28,hybrid_fifo_rag,0.6911790476200016,14.856300000246847,377.6895000009972,393.23697904886404,one shared preloaded model
conv-30-qa-29,hybrid_fifo_rag,0.6911790476200016,11.940399999730289,229.09100000106264,241.72257904841294,one shared preloaded model
conv-30-qa-30,hybrid_fifo_rag,0.6911790476200016,8.217700000386685,344.6490999995149,353.55797904752154,one shared preloaded model
conv-30-qa-31,hybrid_fifo_rag,0.6911790476200016,11.300899997877423,227.69590000098106,239.6879790464785,one shared preloaded model
conv-30-qa-32,hybrid_fifo_rag,0.6911790476200016,11.696800000208896,364.35120000169263,376.7391790495215,one shared preloaded model
conv-30-qa-33,hybrid_fifo_rag,0.6911790476200016,10.916499999439111,412.02350000094157,423.63117904800066,one shared preloaded model
conv-30-qa-34,hybrid_fifo_rag,0.6911790476200016,11.351699999067932,244.50090000027558,256.5437790469635,one shared preloaded model
conv-30-qa-35,hybrid_fifo_rag,0.6911790476200016,11.251199997786898,224.06190000037896,236.00427904578586,one shared preloaded model
conv-30-qa-36,hybrid_fifo_rag,0.6911790476200016,9.602099999028724,519.1507000017737,529.4439790484224,one shared preloaded model
conv-30-qa-37,hybrid_fifo_rag,0.6911790476200016,8.602500001870794,845.7182999991346,855.0119790486254,one shared preloaded model
conv-30-qa-38,hybrid_fifo_rag,0.6911790476200016,13.24640000166255,617.4938000003749,631.4313790496575,one shared preloaded model
conv-30-qa-39,hybrid_fifo_rag,0.6911790476200016,9.7358000020904,162.00100000060047,172.42797905031088,one shared preloaded model
conv-30-qa-40,hybrid_fifo_rag,0.6911790476200016,10.383299999375595,148.02090000011958,159.0953790471152,one shared preloaded model
conv-30-qa-41,hybrid_fifo_rag,0.6911790476200016,14.39589999790769,832.6953999967373,847.782479042265,one shared preloaded model
conv-30-qa-42,hybrid_fifo_rag,0.6911790476200016,12.462200000300072,237.0840000003227,250.2373790482428,one shared preloaded model
conv-30-qa-43,hybrid_fifo_rag,0.6911790476200016,11.40750000195112,301.04620000201976,313.14487905159086,one shared preloaded model
conv-30-qa-44,hybrid_fifo_rag,0.6911790476200016,11.045899998862296,234.92779999651248,246.66487904299478,one shared preloaded model
conv-30-qa-45,hybrid_fifo_rag,0.6911790476200016,8.98839999717893,173.45399999976507,183.13357904456402,one shared preloaded model
conv-30-qa-46,hybrid_fifo_rag,0.6911790476200016,15.19919999918784,194.4812000001548,210.37157904696264,one shared preloaded model
conv-30-qa-47,hybrid_fifo_rag,0.6911790476200016,9.855000000243308,226.49470000033034,237.04087904819366,one shared preloaded model
conv-30-qa-48,hybrid_fifo_rag,0.6911790476200016,8.452400001260685,159.11029999915627,168.25387904803696,one shared preloaded model
conv-30-qa-49,hybrid_fifo_rag,0.6911790476200016,14.903300001606112,390.5869000009261,406.1813790501522,one shared preloaded model
conv-30-qa-50,hybrid_fifo_rag,0.6911790476200016,8.988199999294011,224.37780000109342,234.05717904800744,one shared preloaded model
conv-30-qa-51,hybrid_fifo_rag,0.6911790476200016,8.411300001171185,1460.488600001554,1469.5910790503451,one shared preloaded model
conv-30-qa-52,hybrid_fifo_rag,0.6911790476200016,11.428999998315703,614.1855999994732,626.3057790454089,one shared preloaded model
conv-30-qa-53,hybrid_fifo_rag,0.6911790476200016,11.421600000176113,1069.5494999999937,1081.6622790477898,one shared preloaded model
conv-30-qa-54,hybrid_fifo_rag,0.6911790476200016,8.444600000075297,293.88210000252,303.0178790502153,one shared preloaded model
conv-30-qa-55,hybrid_fifo_rag,0.6911790476200016,9.381600000779144,338.3754000024055,348.44817905080464,one shared preloaded model
conv-30-qa-56,hybrid_fifo_rag,0.6911790476200016,9.454400002141483,204.182800000126,214.3283790498875,one shared preloaded model
conv-30-qa-57,hybrid_fifo_rag,0.6911790476200016,9.519399998680456,426.6884000026039,436.8989790489043,one shared preloaded model
conv-30-qa-58,hybrid_fifo_rag,0.6911790476200016,12.241500000527594,181.91969999679714,194.85237904494474,one shared preloaded model
conv-30-qa-59,hybrid_fifo_rag,0.6911790476200016,16.160300001502037,982.5229999987641,999.3744790478862,one shared preloaded model
conv-30-qa-60,hybrid_fifo_rag,0.6911790476200016,10.843099997146055,226.6888000012841,238.22307904605017,one shared preloaded model
conv-30-qa-61,hybrid_fifo_rag,0.6911790476200016,12.359800002741395,203.1566000005114,216.2075790508728,one shared preloaded model
conv-30-qa-62,hybrid_fifo_rag,0.6911790476200016,8.353000001079636,746.4077000004181,755.4518790491178,one shared preloaded model
conv-30-qa-63,hybrid_fifo_rag,0.6911790476200016,12.019599998893682,223.56030000082683,236.27107904734052,one shared preloaded model
conv-30-qa-64,hybrid_fifo_rag,0.6911790476200016,9.55959999919287,108.79949999798555,119.05027904479842,one shared preloaded model
conv-30-qa-65,hybrid_fifo_rag,0.6911790476200016,14.63309999962803,223.71129999737605,239.0355790446241,one shared preloaded model
conv-30-qa-66,hybrid_fifo_rag,0.6911790476200016,10.234800000034738,311.5557999990415,322.4817790466962,one shared preloaded model
conv-30-qa-67,hybrid_fifo_rag,0.6911790476200016,12.090699998225318,225.02909999820986,237.8109790440552,one shared preloaded model
conv-30-qa-68,hybrid_fifo_rag,0.6911790476200016,11.20939999964321,201.63569999931497,213.5362790465782,one shared preloaded model
conv-30-qa-69,hybrid_fifo_rag,0.6911790476200016,9.208399998897221,172.72589999993215,182.62547904644939,one shared preloaded model
conv-30-qa-70,hybrid_fifo_rag,0.6911790476200016,14.597699999285396,177.86639999758336,193.15527904448876,one shared preloaded model
conv-30-qa-71,hybrid_fifo_rag,0.6911790476200016,14.672500001324806,248.1621000006271,263.5257790495719,one shared preloaded model
conv-30-qa-72,hybrid_fifo_rag,0.6911790476200016,10.173399998166133,386.16100000217557,397.0255790479617,one shared preloaded model
conv-30-qa-73,hybrid_fifo_rag,0.6911790476200016,11.221999997360399,239.65600000155973,251.56917904654014,one shared preloaded model
conv-30-qa-74,hybrid_fifo_rag,0.6911790476200016,8.788399998593377,1703.7115999992238,1713.1911790454371,one shared preloaded model
conv-30-qa-75,hybrid_fifo_rag,0.6911790476200016,11.628200001723599,340.78150000277674,353.1008790521203,one shared preloaded model
conv-30-qa-76,hybrid_fifo_rag,0.6911790476200016,11.568100002477877,97.1203000008245,109.37957905092237,one shared preloaded model
conv-30-qa-77,hybrid_fifo_rag,0.6911790476200016,12.418400001479313,162.13389999757055,175.24347904666988,one shared preloaded model
conv-30-qa-78,hybrid_fifo_rag,0.6911790476200016,14.869300001009833,467.03510000224924,482.59557905087905,one shared preloaded model
conv-30-qa-79,hybrid_fifo_rag,0.6911790476200016,12.666399998124689,225.21080000296934,238.56837904871404,one shared preloaded model
conv-30-qa-80,hybrid_fifo_rag,0.6911790476200016,8.750100001634564,165.3081000004022,174.74937904965677,one shared preloaded model
conv-30-qa-81,hybrid_fifo_rag,0.6911790476200016,10.825800000020536,435.2231999982905,446.74017904593103,one shared preloaded model
conv-30-qa-82,hybrid_fifo_rag,0.6911790476200016,11.351000001013745,215.98850000009406,228.03067904872782,one shared preloaded model
conv-30-qa-83,hybrid_fifo_rag,0.6911790476200016,9.523599997919519,227.64149999784422,237.85627904338375,one shared preloaded model
conv-30-qa-84,hybrid_fifo_rag,0.6911790476200016,9.330799999588635,172.08069999833242,182.10267904554107,one shared preloaded model
conv-30-qa-85,hybrid_fifo_rag,0.6911790476200016,10.036000003310619,203.67959999930463,214.40677905023526,one shared preloaded model
conv-30-qa-86,hybrid_fifo_rag,0.6911790476200016,9.780700002011145,209.54789999814238,220.01977904777354,one shared preloaded model
conv-30-qa-87,hybrid_fifo_rag,0.6911790476200016,9.65350000114995,193.2621999985713,203.60687904734127,one shared preloaded model
conv-30-qa-88,hybrid_fifo_rag,0.6911790476200016,9.862599999905797,164.00100000100792,174.55477904853373,one shared preloaded model
conv-30-qa-89,hybrid_fifo_rag,0.6911790476200016,14.775399999052752,217.0576999997138,232.52427904638657,one shared preloaded model
conv-30-qa-90,hybrid_fifo_rag,0.6911790476200016,9.632400000555208,226.95040000326117,237.27397905143638,one shared preloaded model
conv-30-qa-91,hybrid_fifo_rag,0.6911790476200016,17.203999999765074,399.85650000016904,417.7516790475541,one shared preloaded model
conv-30-qa-92,hybrid_fifo_rag,0.6911790476200016,12.129999999160646,352.28469999856316,365.1058790453438,one shared preloaded model
conv-30-qa-93,hybrid_fifo_rag,0.6911790476200016,8.506300000590272,157.52299999803654,166.72047904624682,one shared preloaded model
conv-30-qa-94,hybrid_fifo_rag,0.6911790476200016,9.826000001339708,233.07239999849116,243.58957904745088,one shared preloaded model
conv-30-qa-95,hybrid_fifo_rag,0.6911790476200016,9.552999999868916,132.94930000120075,143.19347904868968,one shared preloaded model
conv-30-qa-96,hybrid_fifo_rag,0.6911790476200016,15.56939999863971,190.85780000023078,207.1183790464905,one shared preloaded model
conv-30-qa-97,hybrid_fifo_rag,0.6911790476200016,10.160599998926045,214.84460000283434,225.6963790493804,one shared preloaded model
conv-30-qa-98,hybrid_fifo_rag,0.6911790476200016,9.492000001046108,232.63679999945452,242.81997904812064,one shared preloaded model
conv-30-qa-99,hybrid_fifo_rag,0.6911790476200016,9.516399997664848,152.15189999798895,162.3594790432738,one shared preloaded model
conv-30-qa-100,hybrid_fifo_rag,0.6911790476200016,15.389099997264566,221.36280000268016,237.44307904756474,one shared preloaded model
conv-30-qa-101,hybrid_fifo_rag,0.6911790476200016,8.454899998469045,156.54429999995045,165.6903790460395,one shared preloaded model
conv-30-qa-102,hybrid_fifo_rag,0.6911790476200016,9.15549999990617,156.20080000007874,166.04747904760492,one shared preloaded model
conv-30-qa-103,hybrid_fifo_rag,0.6911790476200016,14.775300001929281,173.9672999974573,189.4337790470066,one shared preloaded model
conv-30-qa-104,hybrid_fifo_rag,0.6911790476200016,15.202200000203447,658.4211999979743,674.3145790457978,one shared preloaded model
conv-41-qa-0,hybrid_fifo_rag,0.6982336787629385,19.60789999793633,222.87130000040634,243.1774336771056,one shared preloaded model
conv-41-qa-1,hybrid_fifo_rag,0.6982336787629385,10.16180000078748,226.69780000069295,237.55783368024336,one shared preloaded model
conv-41-qa-2,hybrid_fifo_rag,0.6982336787629385,9.997600001952378,224.7925999981817,235.488433678897,one shared preloaded model
conv-41-qa-3,hybrid_fifo_rag,0.6982336787629385,11.739900000975467,240.04559999957564,252.48373367931404,one shared preloaded model
conv-41-qa-4,hybrid_fifo_rag,0.6982336787629385,12.210400000185473,177.04629999934696,189.95493367829536,one shared preloaded model
conv-41-qa-5,hybrid_fifo_rag,0.6982336787629385,17.72989999881247,263.26309999785735,281.6912336754328,one shared preloaded model
conv-41-qa-6,hybrid_fifo_rag,0.6982336787629385,11.171600002853666,227.18279999753577,239.05263367915236,one shared preloaded model
conv-41-qa-7,hybrid_fifo_rag,0.6982336787629385,11.793699999543605,231.5812000015285,244.07313367983502,one shared preloaded model
conv-41-qa-8,hybrid_fifo_rag,0.6982336787629385,12.442900002497481,157.38899999996647,170.53013368122689,one shared preloaded model
conv-41-qa-9,hybrid_fifo_rag,0.6982336787629385,19.291100001282757,184.68440000287956,204.67373368292525,one shared preloaded model
conv-41-qa-10,hybrid_fifo_rag,0.6982336787629385,14.193300001352327,158.69949999978417,173.59103367989943,one shared preloaded model
conv-41-qa-11,hybrid_fifo_rag,0.6982336787629385,16.56870000078925,109.74540000097477,127.01233368052695,one shared preloaded model
conv-41-qa-12,hybrid_fifo_rag,0.6982336787629385,18.00310000180616,128.7241999998514,147.4255336804205,one shared preloaded model
conv-41-qa-13,hybrid_fifo_rag,0.6982336787629385,13.567600002716063,177.85020000155782,192.11603368303682,one shared preloaded model
conv-41-qa-14,hybrid_fifo_rag,0.6982336787629385,18.436800000927178,234.06429999886313,253.19933367855324,one shared preloaded model
conv-41-qa-15,hybrid_fifo_rag,0.6982336787629385,11.353500001860084,265.621700000338,277.67343368096107,one shared preloaded model
conv-41-qa-16,hybrid_fifo_rag,0.6982336787629385,14.116400001512375,542.5450000002456,557.3596336805209,one shared preloaded model
conv-41-qa-17,hybrid_fifo_rag,0.6982336787629385,10.421200000564568,218.76100000008591,229.88043367941341,one shared preloaded model
conv-41-qa-18,hybrid_fifo_rag,0.6982336787629385,11.750600002415013,162.07109999959357,174.51993368077152,one shared preloaded model
conv-41-qa-19,hybrid_fifo_rag,0.6982336787629385,15.890299997408874,137.31949999782955,153.90803367400136,one shared preloaded model
conv-41-qa-20,hybrid_fifo_rag,0.6982336787629385,19.137100000079954,325.7100000009814,345.5453336798243,one shared preloaded model
conv-41-qa-21,hybrid_fifo_rag,0.6982336787629385,17.341999999189284,162.91889999774867,180.95913367570088,one shared preloaded model
conv-41-qa-22,hybrid_fifo_rag,0.6982336787629385,17.963900001632283,516.9031999976141,535.5653336780093,one shared preloaded model
conv-41-qa-23,hybrid_fifo_rag,0.6982336787629385,10.680200000933837,274.1472999987309,285.5257336784277,one shared preloaded model
conv-41-qa-24,hybrid_fifo_rag,0.6982336787629385,12.27899999867077,300.32030000074883,313.29753367818256,one shared preloaded model
conv-41-qa-25,hybrid_fifo_rag,0.6982336787629385,11.844299999211216,221.37510000175098,233.91763367972513,one shared preloaded model
conv-41-qa-26,hybrid_fifo_rag,0.6982336787629385,14.461500002653338,249.83240000074147,264.99213368215777,one shared preloaded model
conv-41-qa-27,hybrid_fifo_rag,0.6982336787629385,14.987599999585655,456.43680000284803,472.12263368119665,one shared preloaded model
conv-41-qa-28,hybrid_fifo_rag,0.6982336787629385,11.558899997908156,226.1837000005471,238.4408336772182,one shared preloaded model
conv-41-qa-29,hybrid_fifo_rag,0.6982336787629385,10.146000000531785,284.4239000005473,295.26813367984204,one shared preloaded model
conv-41-qa-30,hybrid_fifo_rag,0.6982336787629385,11.294699997961288,202.82740000038757,214.8203336771118,one shared preloaded model
conv-41-qa-31,hybrid_fifo_rag,0.6982336787629385,10.228800001641503,168.3095999978832,179.23663367828763,one shared preloaded model
conv-41-qa-32,hybrid_fifo_rag,0.6982336787629385,17.852100001618965,222.32420000000275,240.87453368038464,one shared preloaded model
conv-41-qa-33,hybrid_fifo_rag,0.6982336787629385,12.02249999914784,145.44039999964298,158.16113367755375,one shared preloaded model
conv-41-qa-34,hybrid_fifo_rag,0.6982336787629385,17.440800002077594,788.0881000019144,806.2271336827549,one shared preloaded model
conv-41-qa-35,hybrid_fifo_rag,0.6982336787629385,16.12079999904381,223.16629999841098,239.98533367621772,one shared preloaded model
conv-41-qa-36,hybrid_fifo_rag,0.6982336787629385,11.266800000157673,159.77360000033514,171.73863367925574,one shared preloaded model
conv-41-qa-37,hybrid_fifo_rag,0.6982336787629385,17.92569999815896,569.456999997783,588.0809336747049,one shared preloaded model
conv-41-qa-38,hybrid_fifo_rag,0.6982336787629385,16.365800001949538,322.6700000013807,339.7340336820932,one shared preloaded model
conv-41-qa-39,hybrid_fifo_rag,0.6982336787629385,17.506399999547284,233.24049999791896,251.44513367622918,one shared preloaded model
conv-41-qa-40,hybrid_fifo_rag,0.6982336787629385,15.040199999930337,225.6234000014956,241.36183368018888,one shared preloaded model
conv-41-qa-41,hybrid_fifo_rag,0.6982336787629385,12.294000000110827,191.11709999924642,204.10933367812018,one shared preloaded model
conv-41-qa-42,hybrid_fifo_rag,0.6982336787629385,12.311499998759245,352.3384000000078,365.34813367753003,one shared preloaded model
conv-41-qa-43,hybrid_fifo_rag,0.6982336787629385,10.732900002039969,344.70539999892935,356.1365336797323,one shared preloaded model
conv-41-qa-44,hybrid_fifo_rag,0.6982336787629385,15.034000000014203,448.0729999995674,463.80523367834456,one shared preloaded model
conv-41-qa-45,hybrid_fifo_rag,0.6982336787629385,12.98549999773968,223.9196999980777,237.60343367458032,one shared preloaded model
conv-41-qa-46,hybrid_fifo_rag,0.6982336787629385,12.468299999454757,596.8309999989287,609.9975336771464,one shared preloaded model
conv-41-qa-47,hybrid_fifo_rag,0.6982336787629385,10.24390000020503,108.2258999995247,119.16803367849266,one shared preloaded model
conv-41-qa-48,hybrid_fifo_rag,0.6982336787629385,17.725600002449937,346.3733999997203,364.7972336809332,one shared preloaded model
conv-41-qa-49,hybrid_fifo_rag,0.6982336787629385,13.371000000915956,195.68629999776022,209.7555336774391,one shared preloaded model
conv-41-qa-50,hybrid_fifo_rag,0.6982336787629385,11.486499999591615,202.2971000005782,214.48183367893276,one shared preloaded model
conv-41-qa-51,hybrid_fifo_rag,0.6982336787629385,12.176600001112092,598.59890000007,611.473733679945,one shared preloaded model
conv-41-qa-52,hybrid_fifo_rag,0.6982336787629385,16.700799998943694,161.33789999730652,178.73693367501315,one shared preloaded model
conv-41-qa-53,hybrid_fifo_rag,0.6982336787629385,18.3327000013378,283.43730000051437,302.4682336806151,one shared preloaded model
conv-41-qa-54,hybrid_fifo_rag,0.6982336787629385,10.876299998926697,555.9461999982886,567.5207336759782,one shared preloaded model
conv-41-qa-55,hybrid_fifo_rag,0.6982336787629385,14.660700002423255,478.6485000004177,494.0074336816039,one shared preloaded model
conv-41-qa-56,hybrid_fifo_rag,0.6982336787629385,10.81989999875077,296.85840000092867,308.3765336784424,one shared preloaded model
conv-41-qa-57,hybrid_fifo_rag,0.6982336787629385,11.926099999982398,360.2925999985018,372.9169336772472,one shared preloaded model
conv-41-qa-58,hybrid_fifo_rag,0.6982336787629385,12.295299999095732,203.12859999830835,216.122133676167,one shared preloaded model
conv-41-qa-59,hybrid_fifo_rag,0.6982336787629385,11.922300000151154,390.58339999974123,403.20393367865535,one shared preloaded model
conv-41-qa-60,hybrid_fifo_rag,0.6982336787629385,14.152699997794116,161.73210000124527,176.58303367780232,one shared preloaded model
conv-41-qa-61,hybrid_fifo_rag,0.6982336787629385,12.447200002497993,224.51310000178637,237.6585336830473,one shared preloaded model
conv-41-qa-62,hybrid_fifo_rag,0.6982336787629385,11.702100000547944,120.56130000200938,132.96163368132025,one shared preloaded model
conv-41-qa-63,hybrid_fifo_rag,0.6982336787629385,17.71299999745679,84.29890000115847,102.7101336773782,one shared preloaded model
conv-41-qa-64,hybrid_fifo_rag,0.6982336787629385,17.683199999737553,229.3857000004209,247.7671336789214,one shared preloaded model
conv-41-qa-65,hybrid_fifo_rag,0.6982336787629385,12.063900001521688,255.56899999719462,268.3311336774793,one shared preloaded model
conv-41-qa-66,hybrid_fifo_rag,0.6982336787629385,15.988499999366468,341.77899999849615,358.4657336766256,one shared preloaded model
conv-41-qa-67,hybrid_fifo_rag,0.6982336787629385,18.028399998001987,510.26550000096904,528.9921336777339,one shared preloaded model
conv-41-qa-68,hybrid_fifo_rag,0.6982336787629385,11.001099999703001,224.94170000209124,236.64103368055717,one shared preloaded model
conv-41-qa-69,hybrid_fifo_rag,0.6982336787629385,10.482099998625927,233.3107000013115,244.49103367870035,one shared preloaded model
conv-41-qa-70,hybrid_fifo_rag,0.6982336787629385,15.776200001710095,224.85260000030394,241.32703368077696,one shared preloaded model
conv-41-qa-71,hybrid_fifo_rag,0.6982336787629385,12.021700000332203,195.4702000002726,208.19013367936773,one shared preloaded model
conv-41-qa-72,hybrid_fifo_rag,0.6982336787629385,12.906399999337737,823.5120999997889,837.1167336778896,one shared preloaded model
conv-41-qa-73,hybrid_fifo_rag,0.6982336787629385,14.882899999065557,107.81300000235206,123.39413368018054,one shared preloaded model
conv-41-qa-74,hybrid_fifo_rag,0.6982336787629385,18.839299998944625,194.3542000008165,213.89173367852405,one shared preloaded model
conv-41-qa-75,hybrid_fifo_rag,0.6982336787629385,10.402199997770367,199.70280000052298,210.80323367705628,one shared preloaded model
conv-41-qa-76,hybrid_fifo_rag,0.6982336787629385,12.125700002798112,790.5362999990757,803.3602336806367,one shared preloaded model
conv-41-qa-77,hybrid_fifo_rag,0.6982336787629385,14.436500001465902,224.7434000018984,239.87813368212724,one shared preloaded model
conv-41-qa-78,hybrid_fifo_rag,0.6982336787629385,12.21109999823966,225.78409999914584,238.69343367614843,one shared preloaded model
conv-41-qa-79,hybrid_fifo_rag,0.6982336787629385,12.042400001519127,122.75840000074822,135.49903368103028,one shared preloaded model
conv-41-qa-80,hybrid_fifo_rag,0.6982336787629385,16.207000000576954,120.40839999826858,137.31363367760846,one shared preloaded model
conv-41-qa-81,hybrid_fifo_rag,0.6982336787629385,15.529399999650195,319.26409999869065,335.4917336771038,one shared preloaded model
conv-41-qa-82,hybrid_fifo_rag,0.6982336787629385,14.42989999850397,389.11759999973583,404.24573367700276,one shared preloaded model
conv-41-qa-83,hybrid_fifo_rag,0.6982336787629385,10.271300001477357,248.14599999808706,259.1155336783274,one shared preloaded model
conv-41-qa-84,hybrid_fifo_rag,0.6982336787629385,10.244500001135748,293.6598000014783,304.602533681377,one shared preloaded model
conv-41-qa-85,hybrid_fifo_rag,0.6982336787629385,14.226700001017889,175.59809999875142,190.52303367853224,one shared preloaded model
conv-41-qa-86,hybrid_fifo_rag,0.6982336787629385,13.219100001151673,506.20420000268496,520.1215336825995,one shared preloaded model
conv-41-qa-87,hybrid_fifo_rag,0.6982336787629385,11.11509999827831,108.41120000259252,120.22453367963377,one shared preloaded model
conv-41-qa-88,hybrid_fifo_rag,0.6982336787629385,18.371900001511676,288.18279999904917,307.2529336793238,one shared preloaded model
conv-41-qa-89,hybrid_fifo_rag,0.6982336787629385,14.2651999994996,902.0717999992485,917.035233677511,one shared preloaded model
conv-41-qa-90,hybrid_fifo_rag,0.6982336787629385,14.72759999887785,117.9074000028777,133.33323368051848,one shared preloaded model
conv-41-qa-91,hybrid_fifo_rag,0.6982336787629385,18.202699997345917,160.40960000100313,179.31053367711198,one shared preloaded model
conv-41-qa-92,hybrid_fifo_rag,0.6982336787629385,17.025200002535712,136.7418000008911,154.46523368218973,one shared preloaded model
conv-41-qa-93,hybrid_fifo_rag,0.6982336787629385,13.094599999021739,225.98239999933867,239.77523367712334,one shared preloaded model
conv-41-qa-94,hybrid_fifo_rag,0.6982336787629385,14.523499998176703,219.99219999997877,235.2139336769184,one shared preloaded model
conv-41-qa-95,hybrid_fifo_rag,0.6982336787629385,11.898599997948622,739.2263000001549,751.8231336768664,one shared preloaded model
conv-41-qa-96,hybrid_fifo_rag,0.6982336787629385,11.223299999983283,248.99830000140355,260.9198336801498,one shared preloaded model
conv-41-qa-97,hybrid_fifo_rag,0.6982336787629385,10.289099998772144,382.08880000092904,393.07613367846415,one shared preloaded model
conv-41-qa-98,hybrid_fifo_rag,0.6982336787629385,14.52919999792357,233.1229000010353,248.3503336777218,one shared preloaded model
conv-41-qa-99,hybrid_fifo_rag,0.6982336787629385,13.038100001722341,326.7986999999266,340.5350336804119,one shared preloaded model
conv-41-qa-100,hybrid_fifo_rag,0.6982336787629385,13.219199998275144,172.16569999800413,186.0831336750422,one shared preloaded model
conv-41-qa-101,hybrid_fifo_rag,0.6982336787629385,18.71690000189119,931.9271000022127,951.3422336828668,one shared preloaded model
conv-41-qa-102,hybrid_fifo_rag,0.6982336787629385,15.347599997767247,255.573500002356,271.6193336788862,one shared preloaded model
conv-41-qa-103,hybrid_fifo_rag,0.6982336787629385,13.69419999900856,92.62239999952726,107.01483367729875,one shared preloaded model
conv-41-qa-104,hybrid_fifo_rag,0.6982336787629385,16.185499996936414,162.3555000005581,179.23923367625744,one shared preloaded model
conv-41-qa-105,hybrid_fifo_rag,0.6982336787629385,16.75500000055763,539.8753000008583,557.3285336801788,one shared preloaded model
conv-41-qa-106,hybrid_fifo_rag,0.6982336787629385,11.757899999793153,225.973000000522,238.4291336790781,one shared preloaded model
conv-41-qa-107,hybrid_fifo_rag,0.6982336787629385,12.671699998463737,224.8844999994617,238.25443367668836,one shared preloaded model
conv-41-qa-108,hybrid_fifo_rag,0.6982336787629385,12.2378000014578,257.37500000104774,270.3110336812685,one shared preloaded model
conv-41-qa-109,hybrid_fifo_rag,0.6982336787629385,14.254100002290215,331.43310000014026,346.38543368119343,one shared preloaded model
conv-41-qa-110,hybrid_fifo_rag,0.6982336787629385,14.52880000215373,279.84550000110175,295.07253368201845,one shared preloaded model
conv-41-qa-111,hybrid_fifo_rag,0.6982336787629385,12.092700002540369,234.43090000000666,247.22183368130996,one shared preloaded model
conv-41-qa-112,hybrid_fifo_rag,0.6982336787629385,12.995899996894877,76.49790000141365,90.19203367707146,one shared preloaded model
conv-41-qa-113,hybrid_fifo_rag,0.6982336787629385,15.575200002786005,167.79160000078264,184.06503368233157,one shared preloaded model
conv-41-qa-114,hybrid_fifo_rag,0.6982336787629385,19.236299998738104,221.1301999996067,241.06473367710774,one shared preloaded model
conv-41-qa-115,hybrid_fifo_rag,0.6982336787629385,10.726799999247305,354.5015000017884,365.92653367979864,one shared preloaded model
conv-41-qa-116,hybrid_fifo_rag,0.6982336787629385,12.151499999163207,914.8791000006895,927.7288336786156,one shared preloaded model
conv-41-qa-117,hybrid_fifo_rag,0.6982336787629385,12.47019999937038,186.7019999990589,199.8704336771922,one shared preloaded model
conv-41-qa-118,hybrid_fifo_rag,0.6982336787629385,14.730800001416355,249.198500001512,264.6275336816913,one shared preloaded model
conv-41-qa-119,hybrid_fifo_rag,0.6982336787629385,14.992799999163253,248.23639999885927,263.9274336767855,one shared preloaded model
conv-41-qa-120,hybrid_fifo_rag,0.6982336787629385,12.360799999441952,102.57690000071307,115.63593367891795,one shared preloaded model
conv-41-qa-121,hybrid_fifo_rag,0.6982336787629385,17.833099998824764,615.557599998283,634.0889336758706,one shared preloaded model
conv-41-qa-122,hybrid_fifo_rag,0.6982336787629385,18.289700001332676,889.7393000006559,908.7272336807515,one shared preloaded model
conv-41-qa-123,hybrid_fifo_rag,0.6982336787629385,11.05969999844092,151.94770000016433,163.70563367736818,one shared preloaded model
conv-41-qa-124,hybrid_fifo_rag,0.6982336787629385,19.44290000028559,223.73070000321604,243.87183368226457,one shared preloaded model
conv-41-qa-125,hybrid_fifo_rag,0.6982336787629385,11.162099999637576,554.0599999985716,565.9203336769721,one shared preloaded model
conv-41-qa-126,hybrid_fifo_rag,0.6982336787629385,17.700000000331784,462.1508000018366,480.54903368093136,one shared preloaded model
conv-41-qa-127,hybrid_fifo_rag,0.6982336787629385,12.168199998995988,442.53939999907743,455.4058336768364,one shared preloaded model
conv-41-qa-128,hybrid_fifo_rag,0.6982336787629385,11.504099999001483,131.1152000016591,143.31753367942352,one shared preloaded model
conv-41-qa-129,hybrid_fifo_rag,0.6982336787629385,18.106100000295555,664.6545000003243,683.4588336793828,one shared preloaded model
conv-41-qa-130,hybrid_fifo_rag,0.6982336787629385,12.153700001363177,158.65950000079465,171.51143368092076,one shared preloaded model
conv-41-qa-131,hybrid_fifo_rag,0.6982336787629385,19.076500000664964,476.5411000007589,496.3158336801868,one shared preloaded model
conv-41-qa-132,hybrid_fifo_rag,0.6982336787629385,10.305399999197107,488.36630000005243,499.3699336780125,one shared preloaded model
conv-41-qa-133,hybrid_fifo_rag,0.6982336787629385,15.194700001302408,161.08810000150697,176.9810336815723,one shared preloaded model
conv-41-qa-134,hybrid_fifo_rag,0.6982336787629385,13.01949999833596,224.3510000007518,238.0687336778507,one shared preloaded model
conv-41-qa-135,hybrid_fifo_rag,0.6982336787629385,10.854000000108499,194.94930000291788,206.5015336817893,one shared preloaded model
conv-41-qa-136,hybrid_fifo_rag,0.6982336787629385,12.562399999296758,383.06530000045313,396.32593367851285,one shared preloaded model
conv-41-qa-137,hybrid_fifo_rag,0.6982336787629385,13.363800000661286,363.7386000009428,377.80063368036707,one shared preloaded model
conv-41-qa-138,hybrid_fifo_rag,0.6982336787629385,15.6903000024613,108.88859999977285,125.27713368099708,one shared preloaded model
conv-41-qa-139,hybrid_fifo_rag,0.6982336787629385,11.471500001789536,339.08549999978277,351.25523368033527,one shared preloaded model
conv-41-qa-140,hybrid_fifo_rag,0.6982336787629385,16.650300000037532,293.0938000026799,310.4423336814804,one shared preloaded model
conv-41-qa-141,hybrid_fifo_rag,0.6982336787629385,11.155700001836522,160.27350000149454,172.127433682094,one shared preloaded model
conv-41-qa-142,hybrid_fifo_rag,0.6982336787629385,16.908000001421897,932.9249000002164,950.5311336804012,one shared preloaded model
conv-41-qa-143,hybrid_fifo_rag,0.6982336787629385,11.61100000172155,171.58689999996568,183.89613368045016,one shared preloaded model
conv-41-qa-144,hybrid_fifo_rag,0.6982336787629385,16.635500000120373,165.44749999957276,182.78123367845606,one shared preloaded model
conv-41-qa-145,hybrid_fifo_rag,0.6982336787629385,17.970900000364054,350.3627999998571,369.0319336789841,one shared preloaded model
conv-41-qa-146,hybrid_fifo_rag,0.6982336787629385,14.737900000909576,213.15669999967213,228.59283367934464,one shared preloaded model
conv-41-qa-147,hybrid_fifo_rag,0.6982336787629385,11.981700001342688,109.85509999954957,122.53503367965519,one shared preloaded model
conv-41-qa-148,hybrid_fifo_rag,0.6982336787629385,18.335999997361796,170.7821000018157,189.81633367794043,one shared preloaded model
conv-41-qa-149,hybrid_fifo_rag,0.6982336787629385,18.393300000752788,303.7122999994608,322.80383367897656,one shared preloaded model
conv-41-qa-150,hybrid_fifo_rag,0.6982336787629385,14.304899999842746,303.8706999977876,318.8738336763933,one shared preloaded model
conv-41-qa-151,hybrid_fifo_rag,0.6982336787629385,13.054300001385855,220.95970000009402,234.7122336802428,one shared preloaded model
conv-41-qa-152,hybrid_fifo_rag,0.6982336787629385,10.632199999236036,225.69509999811999,237.02553367611895,one shared preloaded model
conv-41-qa-153,hybrid_fifo_rag,0.6982336787629385,12.34160000240081,211.2383999992744,224.27823368043815,one shared preloaded model
conv-41-qa-154,hybrid_fifo_rag,0.6982336787629385,12.821900003473274,108.55309999897145,122.07323368120765,one shared preloaded model
conv-41-qa-155,hybrid_fifo_rag,0.6982336787629385,10.196700000960846,163.53659999731462,174.4315336770384,one shared preloaded model
conv-41-qa-156,hybrid_fifo_rag,0.6982336787629385,13.110799998685252,213.8580999999249,227.66713367737307,one shared preloaded model
conv-41-qa-157,hybrid_fifo_rag,0.6982336787629385,12.394000001222594,201.4670999997179,214.55933367970343,one shared preloaded model
conv-41-qa-158,hybrid_fifo_rag,0.6982336787629385,12.163700001110556,191.7527000005066,204.61463368038008,one shared preloaded model
conv-41-qa-159,hybrid_fifo_rag,0.6982336787629385,16.993799999909243,225.50730000148178,243.19933368015396,one shared preloaded model
conv-41-qa-160,hybrid_fifo_rag,0.6982336787629385,12.600900001416449,328.81239999915124,342.11153367933065,one shared preloaded model
conv-41-qa-161,hybrid_fifo_rag,0.6982336787629385,14.84330000312184,385.04530000136583,400.58683368325063,one shared preloaded model
conv-41-qa-162,hybrid_fifo_rag,0.6982336787629385,14.631400001235306,193.87339999957476,209.203033679573,one shared preloaded model
conv-41-qa-163,hybrid_fifo_rag,0.6982336787629385,11.98120000117342,484.41469999670517,497.09413367664155,one shared preloaded model
conv-41-qa-164,hybrid_fifo_rag,0.6982336787629385,14.786499999900116,386.90500000302563,402.3897336816887,one shared preloaded model
conv-41-qa-165,hybrid_fifo_rag,0.6982336787629385,14.244900001358474,225.020100002439,239.9632336825604,one shared preloaded model
conv-41-qa-166,hybrid_fifo_rag,0.6982336787629385,10.789600000862265,230.06760000134818,241.55543368097338,one shared preloaded model
conv-41-qa-167,hybrid_fifo_rag,0.6982336787629385,14.83409999855212,189.80830000145943,205.34063367877448,one shared preloaded model
conv-41-qa-168,hybrid_fifo_rag,0.6982336787629385,14.49980000325013,226.30150000259164,241.4995336846047,one shared preloaded model
conv-41-qa-169,hybrid_fifo_rag,0.6982336787629385,11.547099999006605,213.29029999833438,225.5356336761039,one shared preloaded model
conv-41-qa-170,hybrid_fifo_rag,0.6982336787629385,13.92160000250442,162.92489999977988,177.54473368104723,one shared preloaded model
conv-41-qa-171,hybrid_fifo_rag,0.6982336787629385,18.12920000156737,342.8929000001517,361.72033368048204,one shared preloaded model
conv-41-qa-172,hybrid_fifo_rag,0.6982336787629385,15.372899997601053,224.53180000229622,240.6029336786602,one shared preloaded model
conv-41-qa-173,hybrid_fifo_rag,0.6982336787629385,12.371799999527866,165.4701000006753,178.5401336789661,one shared preloaded model
conv-41-qa-174,hybrid_fifo_rag,0.6982336787629385,18.212700000731274,278.75290000156383,297.66383368105807,one shared preloaded model
conv-41-qa-175,hybrid_fifo_rag,0.6982336787629385,14.150300001347205,222.62709999995423,237.47563368006436,one shared preloaded model
conv-41-qa-176,hybrid_fifo_rag,0.6982336787629385,12.742400002025533,230.6609999977809,244.10163367856936,one shared preloaded model
conv-41-qa-177,hybrid_fifo_rag,0.6982336787629385,12.907099997391924,899.5173000002978,913.1226336764527,one shared preloaded model
conv-41-qa-178,hybrid_fifo_rag,0.6982336787629385,14.650500001152977,224.32610000032582,239.67483368024173,one shared preloaded model
conv-41-qa-179,hybrid_fifo_rag,0.6982336787629385,13.239600000815699,231.39980000269134,245.33763368226997,one shared preloaded model
conv-41-qa-180,hybrid_fifo_rag,0.6982336787629385,11.749100001907209,230.33339999892632,242.78073367959647,one shared preloaded model
conv-41-qa-181,hybrid_fifo_rag,0.6982336787629385,13.416599998890888,222.78430000005756,236.89913367771138,one shared preloaded model
conv-41-qa-182,hybrid_fifo_rag,0.6982336787629385,12.482499998441199,164.32220000206144,177.50293367926557,one shared preloaded model
conv-41-qa-183,hybrid_fifo_rag,0.6982336787629385,13.62919999883161,846.2357000025804,860.5631336801749,one shared preloaded model
conv-41-qa-184,hybrid_fifo_rag,0.6982336787629385,15.430199997354066,218.75180000279215,234.88023367890915,one shared preloaded model
conv-41-qa-185,hybrid_fifo_rag,0.6982336787629385,11.901199999556411,238.92999999952735,251.5294336778467,one shared preloaded model
conv-41-qa-186,hybrid_fifo_rag,0.6982336787629385,11.932599998544902,345.2398000008543,357.87063367816216,one shared preloaded model
conv-41-qa-187,hybrid_fifo_rag,0.6982336787629385,14.35240000137128,225.13700000126846,240.18763368140267,one shared preloaded model
conv-41-qa-188,hybrid_fifo_rag,0.6982336787629385,11.854099997435696,785.5199999976321,798.0723336738307,one shared preloaded model
conv-41-qa-189,hybrid_fifo_rag,0.6982336787629385,15.412799999467097,172.36549999870476,188.4765336769348,one shared preloaded model
conv-41-qa-190,hybrid_fifo_rag,0.6982336787629385,17.972999998164596,83.07989999957499,101.75113367650252,one shared preloaded model
conv-41-qa-191,hybrid_fifo_rag,0.6982336787629385,16.129300001921365,226.33390000191866,243.16143368260296,one shared preloaded model
conv-41-qa-192,hybrid_fifo_rag,0.6982336787629385,12.231900000188034,764.6770000028482,777.6071336817992,one shared preloaded model
conv-42-qa-0,hybrid_fifo_rag,0.4405488461438486,16.928400000324473,77.86339999802294,95.23234884449127,one shared preloaded model
conv-42-qa-1,hybrid_fifo_rag,0.4405488461438486,11.629099997662706,218.17620000001625,230.2458488438228,one shared preloaded model
conv-42-qa-2,hybrid_fifo_rag,0.4405488461438486,11.019800000212854,241.8909000007261,253.35124884708281,one shared preloaded model
conv-42-qa-3,hybrid_fifo_rag,0.4405488461438486,16.308400001435075,170.16700000021956,186.9159488477985,one shared preloaded model
conv-42-qa-4,hybrid_fifo_rag,0.4405488461438486,17.203600000357255,220.34809999968274,237.99224884618386,one shared preloaded model
conv-42-qa-5,hybrid_fifo_rag,0.4405488461438486,11.506099999678554,222.93949999948381,234.88614884530622,one shared preloaded model
conv-42-qa-6,hybrid_fifo_rag,0.4405488461438486,11.622699999861652,111.92730000038864,123.99054884639415,one shared preloaded model
conv-42-qa-7,hybrid_fifo_rag,0.4405488461438486,12.751399997796398,160.15859999970417,173.35054884364442,one shared preloaded model
conv-42-qa-8,hybrid_fifo_rag,0.4405488461438486,17.506999996840023,214.53219999966677,232.47974884265065,one shared preloaded model
conv-42-qa-9,hybrid_fifo_rag,0.4405488461438486,11.854500000481494,200.73609999963082,213.03114884625617,one shared preloaded model
conv-42-qa-10,hybrid_fifo_rag,0.4405488461438486,11.373699999239761,160.97220000301604,172.78644884839966,one shared preloaded model
conv-42-qa-11,hybrid_fifo_rag,0.4405488461438486,17.274799996812362,191.81730000127573,209.53264884423194,one shared preloaded model
conv-42-qa-12,hybrid_fifo_rag,0.4405488461438486,11.660000000119908,136.5659000002779,148.66644884654167,one shared preloaded model
conv-42-qa-13,hybrid_fifo_rag,0.4405488461438486,17.391900000802707,352.7797999995528,370.6122488464993,one shared preloaded model
conv-42-qa-14,hybrid_fifo_rag,0.4405488461438486,13.481299996783491,225.9965999983251,239.91844884125246,one shared preloaded model
conv-42-qa-15,hybrid_fifo_rag,0.4405488461438486,10.281299997586757,375.7055999994918,386.4274488432224,one shared preloaded model
conv-42-qa-16,hybrid_fifo_rag,0.4405488461438486,11.780799999542069,178.53779999859398,190.7591488442799,one shared preloaded model
conv-42-qa-17,hybrid_fifo_rag,0.4405488461438486,16.109400003188057,228.46070000014151,245.01064884947343,one shared preloaded model
conv-42-qa-18,hybrid_fifo_rag,0.4405488461438486,11.557400001038332,154.51340000072378,166.51134884790596,one shared preloaded model
conv-42-qa-19,hybrid_fifo_rag,0.4405488461438486,17.09389999814448,110.44670000046608,127.98114884475441,one shared preloaded model
conv-42-qa-20,hybrid_fifo_rag,0.4405488461438486,16.6676999979245,500.8421000020462,517.9503488461146,one shared preloaded model
conv-42-qa-21,hybrid_fifo_rag,0.4405488461438486,14.13739999770769,83.56370000183233,98.14164884568387,one shared preloaded model
conv-42-qa-22,hybrid_fifo_rag,0.4405488461438486,12.24480000018957,509.2463000000862,521.9316488464196,one shared preloaded model
conv-42-qa-23,hybrid_fifo_rag,0.4405488461438486,10.466399999131681,273.9170999993803,284.8240488446558,one shared preloaded model
conv-42-qa-24,hybrid_fifo_rag,0.4405488461438486,11.788700001488905,202.99180000074557,215.22104884837833,one shared preloaded model
conv-42-qa-25,hybrid_fifo_rag,0.4405488461438486,11.663900000712601,443.8012999999046,455.905748846761,one shared preloaded model
conv-42-qa-26,hybrid_fifo_rag,0.4405488461438486,13.476100000843871,217.31690000160597,231.2335488485937,one shared preloaded model
conv-42-qa-27,hybrid_fifo_rag,0.4405488461438486,11.539200000697747,156.76150000217604,168.74124884901764,one shared preloaded model
conv-42-qa-28,hybrid_fifo_rag,0.4405488461438486,18.566999999166,387.4467999994522,406.454348844762,one shared preloaded model
conv-42-qa-29,hybrid_fifo_rag,0.4405488461438486,15.577999998640735,331.70569999856525,347.7242488433498,one shared preloaded model
conv-42-qa-30,hybrid_fifo_rag,0.4405488461438486,17.11250000153086,222.78329999971902,240.33634884739374,one shared preloaded model
conv-42-qa-31,hybrid_fifo_rag,0.4405488461438486,13.825199999700999,399.6231999990414,413.8889488448862,one shared preloaded model
conv-42-qa-32,hybrid_fifo_rag,0.4405488461438486,11.111300002085045,148.58310000272468,160.13494885095358,one shared preloaded model
conv-42-qa-33,hybrid_fifo_rag,0.4405488461438486,12.33700000011595,517.9467999987537,530.7243488450135,one shared preloaded model
conv-42-qa-34,hybrid_fifo_rag,0.4405488461438486,14.945800001441967,290.95629999937955,306.34264884696535,one shared preloaded model
conv-42-qa-35,hybrid_fifo_rag,0.4405488461438486,13.775499999610474,537.8993000012997,552.1153488470541,one shared preloaded model
conv-42-qa-36,hybrid_fifo_rag,0.4405488461438486,10.457899999892106,571.1263000011968,582.0247488472328,one shared preloaded model
conv-42-qa-37,hybrid_fifo_rag,0.4405488461438486,11.897299998963717,303.74639999718056,316.0842488422881,one shared preloaded model
conv-42-qa-38,hybrid_fifo_rag,0.4405488461438486,11.779199998272816,352.39089999959106,364.6106488440077,one shared preloaded model
conv-42-qa-39,hybrid_fifo_rag,0.4405488461438486,11.483899997983826,339.0685000013036,350.9929488454313,one shared preloaded model
conv-42-qa-40,hybrid_fifo_rag,0.4405488461438486,13.81749999927706,330.70560000123805,344.96364884665894,one shared preloaded model
conv-42-qa-41,hybrid_fifo_rag,0.4405488461438486,13.62879999942379,403.96139999938896,418.0307488449566,one shared preloaded model
conv-42-qa-42,hybrid_fifo_rag,0.4405488461438486,15.293199998268392,216.55249999821535,232.2862488426276,one shared preloaded model
conv-42-qa-43,hybrid_fifo_rag,0.4405488461438486,12.473700000555255,171.30619999807095,184.22044884477006,one shared preloaded model
conv-42-qa-44,hybrid_fifo_rag,0.4405488461438486,17.661300000327174,333.35470000019995,351.45654884667096,one shared preloaded model
conv-42-qa-45,hybrid_fifo_rag,0.4405488461438486,13.74769999893033,373.7652999989223,387.95354884399643,one shared preloaded model
conv-42-qa-46,hybrid_fifo_rag,0.4405488461438486,12.08549999864772,174.4470999983605,186.97314884315207,one shared preloaded model
conv-42-qa-47,hybrid_fifo_rag,0.4405488461438486,17.416099999536527,195.46640000044135,213.32304884612174,one shared preloaded model
conv-42-qa-48,hybrid_fifo_rag,0.4405488461438486,11.668700000882382,483.44880000149715,495.55804884852336,one shared preloaded model
conv-42-qa-49,hybrid_fifo_rag,0.4405488461438486,14.058299999305746,223.95269999833545,238.45154884378505,one shared preloaded model
conv-42-qa-50,hybrid_fifo_rag,0.4405488461438486,10.537900001509115,107.17199999999139,118.15044884764436,one shared preloaded model
conv-42-qa-51,hybrid_fifo_rag,0.4405488461438486,17.284199999267003,222.45059999841033,240.17534884382118,one shared preloaded model
conv-42-qa-52,hybrid_fifo_rag,0.4405488461438486,13.882300001569092,122.67609999980778,136.99894884752072,one shared preloaded model
conv-42-qa-53,hybrid_fifo_rag,0.4405488461438486,13.804800000798423,120.90490000264253,135.1502488495848,one shared preloaded model
conv-42-qa-54,hybrid_fifo_rag,0.4405488461438486,15.90800000121817,513.1823999981862,529.5309488455482,one shared preloaded model
conv-42-qa-55,hybrid_fifo_rag,0.4405488461438486,13.652499997988343,104.07760000089183,118.17064884502403,one shared preloaded model
conv-42-qa-56,hybrid_fifo_rag,0.4405488461438486,10.472800000570714,160.85770000063349,171.77104884734806,one shared preloaded model
conv-42-qa-57,hybrid_fifo_rag,0.4405488461438486,18.54099999764003,247.48919999910868,266.47074884289253,one shared preloaded model
conv-42-qa-58,hybrid_fifo_rag,0.4405488461438486,14.208000000508036,220.66080000149668,235.30934884814857,one shared preloaded model
conv-42-qa-59,hybrid_fifo_rag,0.4405488461438486,10.015299998485716,204.89220000308705,215.34804884771663,one shared preloaded model
conv-42-qa-60,hybrid_fifo_rag,0.4405488461438486,11.711499999364605,155.4857000010088,167.63774884651727,one shared preloaded model
conv-42-qa-61,hybrid_fifo_rag,0.4405488461438486,17.31870000003255,162.7957000018796,180.554948848056,one shared preloaded model
conv-42-qa-62,hybrid_fifo_rag,0.4405488461438486,13.290599999891128,220.21010000025854,233.94124884629352,one shared preloaded model
conv-42-qa-63,hybrid_fifo_rag,0.4405488461438486,12.962199998582946,201.81510000111302,215.21784884583982,one shared preloaded model
conv-42-qa-64,hybrid_fifo_rag,0.4405488461438486,10.09649999832618,319.12979999833624,329.66684884280625,one shared preloaded model
conv-42-qa-65,hybrid_fifo_rag,0.4405488461438486,14.400500000192551,487.4557000002824,502.29674884661875,one shared preloaded model
conv-42-qa-66,hybrid_fifo_rag,0.4405488461438486,10.78580000103102,268.82839999962016,280.054748846795,one shared preloaded model
conv-42-qa-67,hybrid_fifo_rag,0.4405488461438486,9.99959999899147,160.191399998439,170.63154884357434,one shared preloaded model
conv-42-qa-68,hybrid_fifo_rag,0.4405488461438486,15.223700000206009,205.0894000021799,220.75364884852976,one shared preloaded model
conv-42-qa-69,hybrid_fifo_rag,0.4405488461438486,12.052800000674324,111.36220000116737,123.85554884798555,one shared preloaded model
conv-42-qa-70,hybrid_fifo_rag,0.4405488461438486,17.17089999874588,281.4318999990064,299.0433488438961,one shared preloaded model
conv-42-qa-71,hybrid_fifo_rag,0.4405488461438486,13.969899999210611,137.12060000034398,151.53104884569845,one shared preloaded model
conv-42-qa-72,hybrid_fifo_rag,0.4405488461438486,18.219500001578126,228.6908999994921,247.35094884721408,one shared preloaded model
conv-42-qa-73,hybrid_fifo_rag,0.4405488461438486,11.55750000179978,200.45290000052773,212.45094884847137,one shared preloaded model
conv-42-qa-74,hybrid_fifo_rag,0.4405488461438486,11.81929999802378,161.30709999924875,173.56694884341638,one shared preloaded model
conv-42-qa-75,hybrid_fifo_rag,0.4405488461438486,16.380900000513066,217.88390000074287,234.7053488473998,one shared preloaded model
conv-42-qa-76,hybrid_fifo_rag,0.4405488461438486,12.109900002542417,581.5994000004139,594.1498488491002,one shared preloaded model
conv-42-qa-77,hybrid_fifo_rag,0.4405488461438486,16.308799997204915,348.9564000010432,365.70574884439196,one shared preloaded model
conv-42-qa-78,hybrid_fifo_rag,0.4405488461438486,10.15209999968647,107.71309999836376,118.30574884419408,one shared preloaded model
conv-42-qa-79,hybrid_fifo_rag,0.4405488461438486,18.16780000081053,194.24380000054953,212.8521488475039,one shared preloaded model
conv-42-qa-80,hybrid_fifo_rag,0.4405488461438486,9.815000001253793,109.57969999799388,119.83524884539153,one shared preloaded model
conv-42-qa-81,hybrid_fifo_rag,0.4405488461438486,12.393099998007528,579.1425999996136,591.976248843765,one shared preloaded model
conv-42-qa-82,hybrid_fifo_rag,0.4405488461438486,16.39630000136094,161.29510000246228,178.13194884996707,one shared preloaded model
conv-42-qa-83,hybrid_fifo_rag,0.4405488461438486,18.579999999928987,225.38250000070548,244.40304884677832,one shared preloaded model
conv-42-qa-84,hybrid_fifo_rag,0.4405488461438486,12.219899999763584,82.86579999912647,95.5262488450339,one shared preloaded model
conv-42-qa-85,hybrid_fifo_rag,0.4405488461438486,18.280000000231666,224.99729999981355,243.71784884618907,one shared preloaded model
conv-42-qa-86,hybrid_fifo_rag,0.4405488461438486,9.909299998980714,358.26409999936004,368.6139488444846,one shared preloaded model
conv-42-qa-87,hybrid_fifo_rag,0.4405488461438486,11.600800000451272,223.48090000014054,235.52224884673566,one shared preloaded model
conv-42-qa-88,hybrid_fifo_rag,0.4405488461438486,10.845799999515293,226.15260000020498,237.43894884586413,one shared preloaded model
conv-42-qa-89,hybrid_fifo_rag,0.4405488461438486,10.674599998310441,107.39729999841074,118.51244884286504,one shared preloaded model
conv-42-qa-90,hybrid_fifo_rag,0.4405488461438486,16.717999998945743,161.32419999848935,178.48274884357895,one shared preloaded model
conv-42-qa-91,hybrid_fifo_rag,0.4405488461438486,17.08159999907366,160.6498000001011,178.1719488453186,one shared preloaded model
conv-42-qa-92,hybrid_fifo_rag,0.4405488461438486,12.321199999860255,214.10959999775514,226.87134884375925,one shared preloaded model
conv-42-qa-93,hybrid_fifo_rag,0.4405488461438486,13.536299997213064,231.14450000139186,245.12134884474878,one shared preloaded model
conv-42-qa-94,hybrid_fifo_rag,0.4405488461438486,12.197199997899588,227.1470000014233,239.78474884546674,one shared preloaded model
conv-42-qa-95,hybrid_fifo_rag,0.4405488461438486,9.87140000142972,226.30890000073123,236.6208488483048,one shared preloaded model
conv-42-qa-96,hybrid_fifo_rag,0.4405488461438486,10.01909999831696,188.0885999999009,198.54824884436172,one shared preloaded model
conv-42-qa-97,hybrid_fifo_rag,0.4405488461438486,12.362400000711204,229.7900000012305,242.59294884808557,one shared preloaded model
conv-42-qa-98,hybrid_fifo_rag,0.4405488461438486,16.872899999725632,225.19009999814443,242.50354884401392,one shared preloaded model
conv-42-qa-99,hybrid_fifo_rag,0.4405488461438486,11.13930000065011,199.51580000270042,211.09564884949438,one shared preloaded model
conv-42-qa-100,hybrid_fifo_rag,0.4405488461438486,11.628699998254888,121.8592000004719,133.92844884487064,one shared preloaded model
conv-42-qa-101,hybrid_fifo_rag,0.4405488461438486,16.814100003102794,372.4350000011327,389.68964885037934,one shared preloaded model
conv-42-qa-102,hybrid_fifo_rag,0.4405488461438486,13.536400001612492,423.50470000019413,437.48164884795045,one shared preloaded model
conv-42-qa-103,hybrid_fifo_rag,0.4405488461438486,17.29669999986072,160.93239999827347,178.66964884427804,one shared preloaded model
conv-42-qa-104,hybrid_fifo_rag,0.4405488461438486,17.096799998398637,165.00479999740492,182.5421488419474,one shared preloaded model
conv-42-qa-105,hybrid_fifo_rag,0.4405488461438486,13.945100003184052,242.37600000196835,256.76164885129623,one shared preloaded model
conv-42-qa-106,hybrid_fifo_rag,0.4405488461438486,10.274199998093536,219.31250000125146,230.02724884548886,one shared preloaded model
conv-42-qa-107,hybrid_fifo_rag,0.4405488461438486,12.351800000033109,315.9994000016013,328.79174884777825,one shared preloaded model
conv-42-qa-108,hybrid_fifo_rag,0.4405488461438486,14.919199998985277,569.4994000004954,584.8591488456245,one shared preloaded model
conv-42-qa-109,hybrid_fifo_rag,0.4405488461438486,13.664999998582061,158.49979999984498,172.6053488445709,one shared preloaded model
conv-42-qa-110,hybrid_fifo_rag,0.4405488461438486,13.58310000068741,608.5029999994731,622.5266488463044,one shared preloaded model
conv-42-qa-111,hybrid_fifo_rag,0.4405488461438486,11.27709999855142,392.45410000148695,404.1717488461822,one shared preloaded model
conv-42-qa-112,hybrid_fifo_rag,0.4405488461438486,13.124200002494035,172.65359999873908,186.21834884737697,one shared preloaded model
conv-42-qa-113,hybrid_fifo_rag,0.4405488461438486,12.801100001524901,204.72350000272854,217.9651488503973,one shared preloaded model
conv-42-qa-114,hybrid_fifo_rag,0.4405488461438486,11.86240000242833,671.8786999990698,684.181648847642,one shared preloaded model
conv-42-qa-115,hybrid_fifo_rag,0.4405488461438486,12.60040000124718,319.19469999775174,332.23564884514275,one shared preloaded model
conv-42-qa-116,hybrid_fifo_rag,0.4405488461438486,13.743999999860534,202.28259999930742,216.4671488453118,one shared preloaded model
conv-42-qa-117,hybrid_fifo_rag,0.4405488461438486,11.979299997619819,203.13220000025467,215.55204884401834,one shared preloaded model
conv-42-qa-118,hybrid_fifo_rag,0.4405488461438486,12.28859999901033,85.02609999777633,97.75524884293051,one shared preloaded model
conv-42-qa-119,hybrid_fifo_rag,0.4405488461438486,12.46289999835426,225.01000000193017,237.91344884642828,one shared preloaded model
conv-42-qa-120,hybrid_fifo_rag,0.4405488461438486,10.862099999940256,101.90520000105607,113.20784884714018,one shared preloaded model
conv-42-qa-121,hybrid_fifo_rag,0.4405488461438486,17.528300002595643,111.68980000002193,129.65864884876143,one shared preloaded model
conv-42-qa-122,hybrid_fifo_rag,0.4405488461438486,17.199099998833844,235.17999999967287,252.81964884465057,one shared preloaded model
conv-42-qa-123,hybrid_fifo_rag,0.4405488461438486,19.779900001594797,486.703700000362,506.92414884810063,one shared preloaded model
conv-42-qa-124,hybrid_fifo_rag,0.4405488461438486,15.540899999905378,144.74780000091414,160.72924884696337,one shared preloaded model
conv-42-qa-125,hybrid_fifo_rag,0.4405488461438486,18.715799997153226,114.38469999848166,133.54104884177875,one shared preloaded model
conv-42-qa-126,hybrid_fifo_rag,0.4405488461438486,12.80409999890253,226.76030000002356,240.00494884506995,one shared preloaded model
conv-42-qa-127,hybrid_fifo_rag,0.4405488461438486,10.012700000515906,530.9253000013996,541.3785488480594,one shared preloaded model
conv-42-qa-128,hybrid_fifo_rag,0.4405488461438486,14.579300001059892,160.72520000307122,175.74504885027497,one shared preloaded model
conv-42-qa-129,hybrid_fifo_rag,0.4405488461438486,13.117200000124285,140.23720000113826,153.7949488474064,one shared preloaded model
conv-42-qa-130,hybrid_fifo_rag,0.4405488461438486,16.78140000149142,83.01159999973606,100.23354884737134,one shared preloaded model
conv-42-qa-131,hybrid_fifo_rag,0.4405488461438486,11.985600001935381,179.50890000065556,191.9350488487348,one shared preloaded model
conv-42-qa-132,hybrid_fifo_rag,0.4405488461438486,13.01690000036615,217.76930000123684,231.22674884774685,one shared preloaded model
conv-42-qa-133,hybrid_fifo_rag,0.4405488461438486,12.800199998309836,106.6398000002664,119.8805488447201,one shared preloaded model
conv-42-qa-134,hybrid_fifo_rag,0.4405488461438486,14.389899999514455,226.23419999945327,241.06464884511158,one shared preloaded model
conv-42-qa-135,hybrid_fifo_rag,0.4405488461438486,11.70549999733339,257.8910999982327,270.0371488417099,one shared preloaded model
conv-42-qa-136,hybrid_fifo_rag,0.4405488461438486,10.574399999313755,121.36580000151298,132.3807488469706,one shared preloaded model
conv-42-qa-137,hybrid_fifo_rag,0.4405488461438486,16.985500002192566,156.80739999879734,174.23344884713376,one shared preloaded model
conv-42-qa-138,hybrid_fifo_rag,0.4405488461438486,17.475000000558794,267.2686000005342,285.1841488472368,one shared preloaded model
conv-42-qa-139,hybrid_fifo_rag,0.4405488461438486,12.899800000013784,435.13850000090315,448.47884884706076,one shared preloaded model
conv-42-qa-140,hybrid_fifo_rag,0.4405488461438486,13.736500000959495,998.7001000008604,1012.8771488479638,one shared preloaded model
conv-42-qa-141,hybrid_fifo_rag,0.4405488461438486,10.145600001123967,655.5086000007577,666.0947488480256,one shared preloaded model
conv-42-qa-142,hybrid_fifo_rag,0.4405488461438486,10.809700001118472,293.02129999996396,304.27154884722626,one shared preloaded model
conv-42-qa-143,hybrid_fifo_rag,0.4405488461438486,14.790799999900628,109.91439999997965,125.14574884602413,one shared preloaded model
conv-42-qa-144,hybrid_fifo_rag,0.4405488461438486,17.682499998045387,476.4480000012554,494.57104884544464,one shared preloaded model
conv-42-qa-145,hybrid_fifo_rag,0.4405488461438486,14.667700001155026,282.93289999783156,298.0411488451304,one shared preloaded model
conv-42-qa-146,hybrid_fifo_rag,0.4405488461438486,13.639400000101887,392.2932999994373,406.373248845683,one shared preloaded model
conv-42-qa-147,hybrid_fifo_rag,0.4405488461438486,15.426900001330068,206.93769999707,222.80514884454394,one shared preloaded model
conv-42-qa-148,hybrid_fifo_rag,0.4405488461438486,12.615899999218527,203.07400000092457,216.13044884628695,one shared preloaded model
conv-42-qa-149,hybrid_fifo_rag,0.4405488461438486,10.535499997786246,743.4873999991396,754.4634488430697,one shared preloaded model
conv-42-qa-150,hybrid_fifo_rag,0.4405488461438486,10.867500001040753,212.56429999993998,223.87234884712458,one shared preloaded model
conv-42-qa-151,hybrid_fifo_rag,0.4405488461438486,10.05030000305851,226.2529999970866,236.74384884628896,one shared preloaded model
conv-42-qa-152,hybrid_fifo_rag,0.4405488461438486,10.220899999694666,286.1655000015162,296.8269488473547,one shared preloaded model
conv-42-qa-153,hybrid_fifo_rag,0.4405488461438486,14.736000000993954,319.4506999971054,334.6272488442432,one shared preloaded model
conv-42-qa-154,hybrid_fifo_rag,0.4405488461438486,10.886899999604793,173.66069999843603,184.98814884418468,one shared preloaded model
conv-42-qa-155,hybrid_fifo_rag,0.4405488461438486,10.79359999857843,256.6255999990972,267.85974884381943,one shared preloaded model
conv-42-qa-156,hybrid_fifo_rag,0.4405488461438486,13.66500000222004,285.03920000002836,299.1447488483922,one shared preloaded model
conv-42-qa-157,hybrid_fifo_rag,0.4405488461438486,15.084800001204712,343.5678999994707,359.0932488468192,one shared preloaded model
conv-42-qa-158,hybrid_fifo_rag,0.4405488461438486,14.907100001437357,325.36570000229403,340.7133488498752,one shared preloaded model
conv-42-qa-159,hybrid_fifo_rag,0.4405488461438486,15.420499999891035,206.89330000095651,222.7543488469914,one shared preloaded model
conv-42-qa-160,hybrid_fifo_rag,0.4405488461438486,11.90389999828767,436.90670000069076,449.25114884512226,one shared preloaded model
conv-42-qa-161,hybrid_fifo_rag,0.4405488461438486,10.295999996742466,153.06100000088918,163.7975488437755,one shared preloaded model
conv-42-qa-162,hybrid_fifo_rag,0.4405488461438486,18.05640000020503,174.92420000053244,193.42114884688132,one shared preloaded model
conv-42-qa-163,hybrid_fifo_rag,0.4405488461438486,17.397300001903204,201.1516999991727,218.98954884721977,one shared preloaded model
conv-42-qa-164,hybrid_fifo_rag,0.4405488461438486,14.50249999834341,308.6665000009816,323.60954884546885,one shared preloaded model
conv-42-qa-165,hybrid_fifo_rag,0.4405488461438486,11.382199998479337,274.3293999992602,286.15214884388337,one shared preloaded model
conv-42-qa-166,hybrid_fifo_rag,0.4405488461438486,13.915899999119574,484.48609999832115,498.84254884358455,one shared preloaded model
conv-42-qa-167,hybrid_fifo_rag,0.4405488461438486,13.765499999863096,353.44139999870094,367.64744884470787,one shared preloaded model
conv-42-qa-168,hybrid_fifo_rag,0.4405488461438486,14.074500002607238,124.16920000032405,138.68424884907515,one shared preloaded model
conv-42-qa-169,hybrid_fifo_rag,0.4405488461438486,12.584399999468587,221.5803999970376,234.60534884265005,one shared preloaded model
conv-42-qa-170,hybrid_fifo_rag,0.4405488461438486,10.277100001985673,1326.2678000028245,1336.985448850954,one shared preloaded model
conv-42-qa-171,hybrid_fifo_rag,0.4405488461438486,14.183899998897687,137.28160000027856,151.9060488453201,one shared preloaded model
conv-42-qa-172,hybrid_fifo_rag,0.4405488461438486,17.663399998127716,227.23910000058822,245.3430488448598,one shared preloaded model
conv-42-qa-173,hybrid_fifo_rag,0.4405488461438486,12.347199997748248,540.2451999980258,553.0329488419179,one shared preloaded model
conv-42-qa-174,hybrid_fifo_rag,0.4405488461438486,9.951800002454547,159.28490000078455,169.67724884938295,one shared preloaded model
conv-42-qa-175,hybrid_fifo_rag,0.4405488461438486,15.688499999669148,109.67539999910514,125.80444884491814,one shared preloaded model
conv-42-qa-176,hybrid_fifo_rag,0.4405488461438486,18.473900003300514,121.4862999986508,140.40074884809516,one shared preloaded model
conv-42-qa-177,hybrid_fifo_rag,0.4405488461438486,12.003499999991618,158.5092999994231,170.95334884555857,one shared preloaded model
conv-42-qa-178,hybrid_fifo_rag,0.4405488461438486,17.2673000015493,306.2629000014567,323.97074884914986,one shared preloaded model
conv-42-qa-179,hybrid_fifo_rag,0.4405488461438486,14.563900000212016,807.1846999991976,822.1891488455535,one shared preloaded model
conv-42-qa-180,hybrid_fifo_rag,0.4405488461438486,10.322000001906417,320.6030000001192,331.36554884816945,one shared preloaded model
conv-42-qa-181,hybrid_fifo_rag,0.4405488461438486,14.556100002664607,207.1141999986139,222.11084884742237,one shared preloaded model
conv-42-qa-182,hybrid_fifo_rag,0.4405488461438486,10.821099996974226,686.164299997472,697.4259488405901,one shared preloaded model
conv-42-qa-183,hybrid_fifo_rag,0.4405488461438486,15.48249999905238,161.82520000074874,177.74824884594497,one shared preloaded model
conv-42-qa-184,hybrid_fifo_rag,0.4405488461438486,17.68129999982193,231.89149999961955,250.01334884558534,one shared preloaded model
conv-42-qa-185,hybrid_fifo_rag,0.4405488461438486,11.669900002743816,159.58839999802876,171.69884884691643,one shared preloaded model
conv-42-qa-186,hybrid_fifo_rag,0.4405488461438486,17.544700000144076,224.82980000131647,242.8150488476044,one shared preloaded model
conv-42-qa-187,hybrid_fifo_rag,0.4405488461438486,12.043200000334764,599.5729999995092,612.0567488459878,one shared preloaded model
conv-42-qa-188,hybrid_fifo_rag,0.4405488461438486,15.180999998847255,200.53209999969113,216.15364884468224,one shared preloaded model
conv-42-qa-189,hybrid_fifo_rag,0.4405488461438486,11.507300001539988,884.8976999979641,896.845548845648,one shared preloaded model
conv-42-qa-190,hybrid_fifo_rag,0.4405488461438486,10.252499996568076,195.80489999862039,206.49794884133232,one shared preloaded model
conv-42-qa-191,hybrid_fifo_rag,0.4405488461438486,11.51670000035665,586.3869999993767,598.3442488458772,one shared preloaded model
conv-42-qa-192,hybrid_fifo_rag,0.4405488461438486,10.14999999824795,158.5854000004474,169.1759488448392,one shared preloaded model
conv-42-qa-193,hybrid_fifo_rag,0.4405488461438486,15.599599999404745,137.75470000109635,153.79484884664495,one shared preloaded model
conv-42-qa-194,hybrid_fifo_rag,0.4405488461438486,17.373700000462122,225.71150000294438,243.52574884955035,one shared preloaded model
conv-42-qa-195,hybrid_fifo_rag,0.4405488461438486,12.217499999678694,226.76589999900898,239.42394884483153,one shared preloaded model
conv-42-qa-196,hybrid_fifo_rag,0.4405488461438486,11.576500000956003,120.39129999902798,132.40834884612784,one shared preloaded model
conv-42-qa-197,hybrid_fifo_rag,0.4405488461438486,10.622199999488657,404.86819999932777,415.93094884496026,one shared preloaded model
conv-42-qa-198,hybrid_fifo_rag,0.4405488461438486,14.672500001324806,304.71639999814215,319.8294488456108,one shared preloaded model
conv-42-qa-199,hybrid_fifo_rag,0.4405488461438486,13.704699998925207,166.67669999878854,180.8219488438576,one shared preloaded model
conv-42-qa-200,hybrid_fifo_rag,0.4405488461438486,17.406999999366235,792.7335999993375,810.5811488448476,one shared preloaded model
conv-42-qa-201,hybrid_fifo_rag,0.4405488461438486,10.029499997472158,107.26409999915631,117.73414884277233,one shared preloaded model
conv-42-qa-202,hybrid_fifo_rag,0.4405488461438486,17.44440000038594,218.18780000103288,236.07274884756268,one shared preloaded model
conv-42-qa-203,hybrid_fifo_rag,0.4405488461438486,11.813199998869095,217.82620000158204,230.079948846595,one shared preloaded model
conv-42-qa-204,hybrid_fifo_rag,0.4405488461438486,11.558599999261787,154.22010000111186,166.2192488465175,one shared preloaded model
conv-42-qa-205,hybrid_fifo_rag,0.4405488461438486,17.048000001523178,159.27270000247518,176.7612488501422,one shared preloaded model
conv-42-qa-206,hybrid_fifo_rag,0.4405488461438486,16.947500000242144,218.13819999806583,235.52624884445183,one shared preloaded model
conv-42-qa-207,hybrid_fifo_rag,0.4405488461438486,10.610699999233475,227.057899999636,238.10914884501332,one shared preloaded model
conv-42-qa-208,hybrid_fifo_rag,0.4405488461438486,11.503099998662947,225.69020000082674,237.63384884563354,one shared preloaded model
conv-42-qa-209,hybrid_fifo_rag,0.4405488461438486,11.690399998769863,218.95520000180113,231.08614884671485,one shared preloaded model
conv-42-qa-210,hybrid_fifo_rag,0.4405488461438486,10.67739999780315,226.20180000012624,237.31974884407325,one shared preloaded model
conv-42-qa-211,hybrid_fifo_rag,0.4405488461438486,9.729200002766447,659.762999999657,669.9327488485674,one shared preloaded model
conv-42-qa-212,hybrid_fifo_rag,0.4405488461438486,10.801300002640346,660.9365999975125,672.1784488462968,one shared preloaded model
conv-42-qa-213,hybrid_fifo_rag,0.4405488461438486,11.131200000818353,333.7046000015107,345.2763488484729,one shared preloaded model
conv-42-qa-214,hybrid_fifo_rag,0.4405488461438486,10.628500000166241,203.08969999678084,214.15874884309093,one shared preloaded model
conv-42-qa-215,hybrid_fifo_rag,0.4405488461438486,10.144399999262532,198.879699997633,209.46464884303938,one shared preloaded model
conv-42-qa-216,hybrid_fifo_rag,0.4405488461438486,11.943900000915164,265.9210999991046,278.3055488461636,one shared preloaded model
conv-42-qa-217,hybrid_fifo_rag,0.4405488461438486,18.538700001954567,226.53509999872767,245.5143488468261,one shared preloaded model
conv-42-qa-218,hybrid_fifo_rag,0.4405488461438486,10.518499999307096,237.95679999966524,248.9158488451162,one shared preloaded model
conv-42-qa-219,hybrid_fifo_rag,0.4405488461438486,10.913099999015685,282.7845000028901,294.13814884804964,one shared preloaded model
conv-42-qa-220,hybrid_fifo_rag,0.4405488461438486,14.334499999677064,173.27730000033625,188.05234884615717,one shared preloaded model
conv-42-qa-221,hybrid_fifo_rag,0.4405488461438486,10.89480000155163,236.96230000132346,248.29764884901894,one shared preloaded model
conv-42-qa-222,hybrid_fifo_rag,0.4405488461438486,11.848800000734627,156.96879999813973,169.2581488450182,one shared preloaded model
conv-42-qa-223,hybrid_fifo_rag,0.4405488461438486,17.125700000178767,226.86049999902025,244.42674884534287,one shared preloaded model
conv-42-qa-224,hybrid_fifo_rag,0.4405488461438486,12.658100000408012,224.30420000091544,237.4028488474673,one shared preloaded model
conv-42-qa-225,hybrid_fifo_rag,0.4405488461438486,9.863200000836514,166.55530000207364,176.859048849054,one shared preloaded model
conv-42-qa-226,hybrid_fifo_rag,0.4405488461438486,18.664999999600695,110.26530000162893,129.37084884737348,one shared preloaded model
conv-42-qa-227,hybrid_fifo_rag,0.4405488461438486,9.802299999137176,228.08400000212714,238.32684884740817,one shared preloaded model
conv-42-qa-228,hybrid_fifo_rag,0.4405488461438486,11.957599999732338,178.0456000014965,190.4437488473727,one shared preloaded model
conv-42-qa-229,hybrid_fifo_rag,0.4405488461438486,12.826599999243626,231.26269999920623,244.52984884459372,one shared preloaded model
conv-42-qa-230,hybrid_fifo_rag,0.4405488461438486,10.258199999952922,225.45540000282926,236.15414884892604,one shared preloaded model
conv-42-qa-231,hybrid_fifo_rag,0.4405488461438486,10.030599998572143,198.1649000008474,208.6360488455634,one shared preloaded model
conv-42-qa-232,hybrid_fifo_rag,0.4405488461438486,12.326000000030035,233.36700000072597,246.13354884689986,one shared preloaded model
conv-42-qa-233,hybrid_fifo_rag,0.4405488461438486,9.93920000109938,950.9820000021136,961.3617488493569,one shared preloaded model
conv-42-qa-234,hybrid_fifo_rag,0.4405488461438486,15.644999999494758,228.93159999875934,245.01714884439795,one shared preloaded model
conv-42-qa-235,hybrid_fifo_rag,0.4405488461438486,12.723499999992782,207.441700000345,220.60574884648165,one shared preloaded model
conv-42-qa-236,hybrid_fifo_rag,0.4405488461438486,10.467899999639485,226.88430000198423,237.79274884776757,one shared preloaded model
conv-42-qa-237,hybrid_fifo_rag,0.4405488461438486,10.923300000285963,223.34869999758666,234.71254884401648,one shared preloaded model
conv-42-qa-238,hybrid_fifo_rag,0.4405488461438486,12.937899999087676,226.8237999996927,240.20224884492424,one shared preloaded model
conv-42-qa-239,hybrid_fifo_rag,0.4405488461438486,11.877900000399677,297.04879999917466,309.36724884571817,one shared preloaded model
conv-42-qa-240,hybrid_fifo_rag,0.4405488461438486,11.851399998704437,550.2609000031953,562.5528488480436,one shared preloaded model
conv-42-qa-241,hybrid_fifo_rag,0.4405488461438486,13.676200000190875,232.59049999978743,246.70724884612216,one shared preloaded model
conv-42-qa-242,hybrid_fifo_rag,0.4405488461438486,14.837600003374973,188.13539999973727,203.4135488492561,one shared preloaded model
conv-42-qa-243,hybrid_fifo_rag,0.4405488461438486,12.567900001158705,226.15419999783626,239.16264884513882,one shared preloaded model
conv-42-qa-244,hybrid_fifo_rag,0.4405488461438486,11.882999999215826,110.53679999895394,122.86034884431362,one shared preloaded model
conv-42-qa-245,hybrid_fifo_rag,0.4405488461438486,14.49049999791896,1323.664400002599,1338.5954488466618,one shared preloaded model
conv-42-qa-246,hybrid_fifo_rag,0.4405488461438486,13.99410000158241,224.12059999987832,238.5552488476046,one shared preloaded model
conv-42-qa-247,hybrid_fifo_rag,0.4405488461438486,11.963500001002103,295.452700000169,307.8567488473149,one shared preloaded model
conv-42-qa-248,hybrid_fifo_rag,0.4405488461438486,12.602699996932643,691.3095999989309,704.3528488420075,one shared preloaded model
conv-42-qa-249,hybrid_fifo_rag,0.4405488461438486,14.443899999605492,224.713999999949,239.59844884569836,one shared preloaded model
conv-42-qa-250,hybrid_fifo_rag,0.4405488461438486,11.688700000377139,174.08639999848674,186.21564884500773,one shared preloaded model
conv-42-qa-251,hybrid_fifo_rag,0.4405488461438486,17.885800003568875,111.70329999731621,130.02964884702894,one shared preloaded model
conv-42-qa-252,hybrid_fifo_rag,0.4405488461438486,17.987999999604654,248.65589999899385,267.0844488447423,one shared preloaded model
conv-42-qa-253,hybrid_fifo_rag,0.4405488461438486,14.440700000704965,224.85469999810448,239.7359488449533,one shared preloaded model
conv-42-qa-254,hybrid_fifo_rag,0.4405488461438486,11.792700002843048,813.4218999985023,825.6551488474893,one shared preloaded model
conv-42-qa-255,hybrid_fifo_rag,0.4405488461438486,9.976200002711266,249.91699999736738,260.3337488462225,one shared preloaded model
conv-42-qa-256,hybrid_fifo_rag,0.4405488461438486,12.41690000097151,580.0444000014977,592.9018488486131,one shared preloaded model
conv-42-qa-257,hybrid_fifo_rag,0.4405488461438486,13.311200000316603,984.3681000020297,998.1198488484902,one shared preloaded model
conv-42-qa-258,hybrid_fifo_rag,0.4405488461438486,13.172499999200227,295.4347999984748,309.0478488438188,one shared preloaded model
conv-42-qa-259,hybrid_fifo_rag,0.4405488461438486,14.077499999984866,223.6473000011756,238.16534884730433,one shared preloaded model
conv-43-qa-0,hybrid_fifo_rag,0.5303227272701752,12.986999998247484,327.7022999973269,341.2196227228446,one shared preloaded model
conv-43-qa-1,hybrid_fifo_rag,0.5303227272701752,11.172499998792773,225.61679999853368,237.31962272459663,one shared preloaded model
conv-43-qa-2,hybrid_fifo_rag,0.5303227272701752,10.529899998800829,194.51099999787402,205.57122272394503,one shared preloaded model
conv-43-qa-3,hybrid_fifo_rag,0.5303227272701752,12.390500000037719,205.87890000024345,218.79972272755134,one shared preloaded model
conv-43-qa-4,hybrid_fifo_rag,0.5303227272701752,12.73149999906309,109.327400001348,122.58922272768126,one shared preloaded model
conv-43-qa-5,hybrid_fifo_rag,0.5303227272701752,18.374999999650754,231.79610000079265,250.70142272771358,one shared preloaded model
conv-43-qa-6,hybrid_fifo_rag,0.5303227272701752,12.400999999954365,226.56849999839324,239.49982272561778,one shared preloaded model
conv-43-qa-7,hybrid_fifo_rag,0.5303227272701752,11.388500002794899,108.28670000046259,120.20552273052766,one shared preloaded model
conv-43-qa-8,hybrid_fifo_rag,0.5303227272701752,18.418899999232963,122.2526999990805,141.20192272558364,one shared preloaded model
conv-43-qa-9,hybrid_fifo_rag,0.5303227272701752,19.371600003069034,883.5682999997516,903.4702227300909,one shared preloaded model
conv-43-qa-10,hybrid_fifo_rag,0.5303227272701752,10.613500002364162,218.7780999993265,229.92192272896085,one shared preloaded model
conv-43-qa-11,hybrid_fifo_rag,0.5303227272701752,11.731099999451544,231.87179999877117,244.13322272549289,one shared preloaded model
conv-43-qa-12,hybrid_fifo_rag,0.5303227272701752,13.12839999809512,210.77650000006543,224.43522272543072,one shared preloaded model
conv-43-qa-13,hybrid_fifo_rag,0.5303227272701752,13.707300000532996,1095.2838999983214,1109.5215227261247,one shared preloaded model
conv-43-qa-14,hybrid_fifo_rag,0.5303227272701752,14.574699998775031,110.40629999843077,125.51132272447597,one shared preloaded model
conv-43-qa-15,hybrid_fifo_rag,0.5303227272701752,17.096700001275167,222.7485000003071,240.37552272885245,one shared preloaded model
conv-43-qa-16,hybrid_fifo_rag,0.5303227272701752,11.034899998776382,121.79330000071786,133.35852272676442,one shared preloaded model
conv-43-qa-17,hybrid_fifo_rag,0.5303227272701752,17.34270000088145,91.2172999996983,109.09032272784992,one shared preloaded model
conv-43-qa-18,hybrid_fifo_rag,0.5303227272701752,16.177600002265535,106.85079999893787,123.55872272847358,one shared preloaded model
conv-43-qa-19,hybrid_fifo_rag,0.5303227272701752,18.416099999740254,222.06459999870276,241.0110227257132,one shared preloaded model
conv-43-qa-20,hybrid_fifo_rag,0.5303227272701752,12.5183999989531,173.40840000179014,186.45712272801342,one shared preloaded model
conv-43-qa-21,hybrid_fifo_rag,0.5303227272701752,13.76660000096308,150.49999999973807,164.79692272797132,one shared preloaded model
conv-43-qa-22,hybrid_fifo_rag,0.5303227272701752,17.926999997143866,200.33519999924465,218.7925227236587,one shared preloaded model
conv-43-qa-23,hybrid_fifo_rag,0.5303227272701752,11.813700002676342,226.42479999922216,238.76882272916868,one shared preloaded model
conv-43-qa-24,hybrid_fifo_rag,0.5303227272701752,11.580500002310146,160.87299999708193,172.98382272666225,one shared preloaded model
conv-43-qa-25,hybrid_fifo_rag,0.5303227272701752,12.988599999516737,202.14889999988372,215.66782272667064,one shared preloaded model
conv-43-qa-26,hybrid_fifo_rag,0.5303227272701752,11.201000001165085,223.58669999812264,235.3180227265579,one shared preloaded model
conv-43-qa-27,hybrid_fifo_rag,0.5303227272701752,11.723700001311954,279.02179999728105,291.2758227258632,one shared preloaded model
conv-43-qa-28,hybrid_fifo_rag,0.5303227272701752,14.290499999333406,242.600699999457,257.4215227260606,one shared preloaded model
conv-43-qa-29,hybrid_fifo_rag,0.5303227272701752,12.853399999585235,245.88070000027074,259.26442272712615,one shared preloaded model
conv-43-qa-30,hybrid_fifo_rag,0.5303227272701752,16.777900000306545,92.06540000013774,109.37362272771446,one shared preloaded model
conv-43-qa-31,hybrid_fifo_rag,0.5303227272701752,17.894200002047,104.24280000006547,122.66732272938265,one shared preloaded model
conv-43-qa-32,hybrid_fifo_rag,0.5303227272701752,19.207800000003772,225.85149999940768,245.58962272668163,one shared preloaded model
conv-43-qa-33,hybrid_fifo_rag,0.5303227272701752,11.676000001898501,493.69930000102613,505.9056227301948,one shared preloaded model
conv-43-qa-34,hybrid_fifo_rag,0.5303227272701752,13.777700001810445,207.22329999989597,221.5313227289766,one shared preloaded model
conv-43-qa-35,hybrid_fifo_rag,0.5303227272701752,12.660399999731453,160.21489999911864,173.40562272612027,one shared preloaded model
conv-43-qa-36,hybrid_fifo_rag,0.5303227272701752,17.252800000278512,109.18859999947017,126.97172272701886,one shared preloaded model
conv-43-qa-37,hybrid_fifo_rag,0.5303227272701752,18.069900001137285,193.4371999996074,212.03742272801486,one shared preloaded model
conv-43-qa-38,hybrid_fifo_rag,0.5303227272701752,11.853500000142958,164.24669999832986,176.630522725743,one shared preloaded model
conv-43-qa-39,hybrid_fifo_rag,0.5303227272701752,13.889000001654495,225.46000000147615,239.87932273040082,one shared preloaded model
conv-43-qa-40,hybrid_fifo_rag,0.5303227272701752,11.310300000332063,226.42419999829144,238.26482272589368,one shared preloaded model
conv-43-qa-41,hybrid_fifo_rag,0.5303227272701752,11.911900000995956,159.61539999989327,172.0576227281594,one shared preloaded model
conv-43-qa-42,hybrid_fifo_rag,0.5303227272701752,17.17099999950733,216.62770000330056,234.32902273007807,one shared preloaded model
conv-43-qa-43,hybrid_fifo_rag,0.5303227272701752,11.692200001562014,368.0586000009498,380.281122729782,one shared preloaded model
conv-43-qa-44,hybrid_fifo_rag,0.5303227272701752,14.843600001768209,518.6998999997741,534.0738227288125,one shared preloaded model
conv-43-qa-45,hybrid_fifo_rag,0.5303227272701752,10.987800000293646,108.0048000003444,119.52292272790822,one shared preloaded model
conv-43-qa-46,hybrid_fifo_rag,0.5303227272701752,16.067100001237122,408.44840000136173,425.04582272986903,one shared preloaded model
conv-43-qa-47,hybrid_fifo_rag,0.5303227272701752,13.912999998865416,317.37100000100327,331.81432272713886,one shared preloaded model
conv-43-qa-48,hybrid_fifo_rag,0.5303227272701752,14.203799997630995,172.13529999935417,186.86942272425534,one shared preloaded model
conv-43-qa-49,hybrid_fifo_rag,0.5303227272701752,13.434799999231473,122.23479999738629,136.19992272388794,one shared preloaded model
conv-43-qa-50,hybrid_fifo_rag,0.5303227272701752,13.113299999531591,143.24800000031246,156.89162272711422,one shared preloaded model
conv-43-qa-51,hybrid_fifo_rag,0.5303227272701752,18.220199999632314,267.63990000108606,286.39042272798855,one shared preloaded model
conv-43-qa-52,hybrid_fifo_rag,0.5303227272701752,10.894499999267282,232.75720000310685,244.1820227296443,one shared preloaded model
conv-43-qa-53,hybrid_fifo_rag,0.5303227272701752,10.9701999972458,230.7025000009162,242.20302272543216,one shared preloaded model
conv-43-qa-54,hybrid_fifo_rag,0.5303227272701752,10.388499998953193,109.47419999865815,120.39302272488152,one shared preloaded model
conv-43-qa-55,hybrid_fifo_rag,0.5303227272701752,17.794399998820154,249.52599999960512,267.85072272569545,one shared preloaded model
conv-43-qa-56,hybrid_fifo_rag,0.5303227272701752,12.745299998641713,493.1873000023188,506.4629227282307,one shared preloaded model
conv-43-qa-57,hybrid_fifo_rag,0.5303227272701752,13.179199999285629,159.57239999988815,173.28192272644395,one shared preloaded model
conv-43-qa-58,hybrid_fifo_rag,0.5303227272701752,14.476400003331946,479.7807000031753,494.7874227337774,one shared preloaded model
conv-43-qa-59,hybrid_fifo_rag,0.5303227272701752,14.992299998993985,481.2892000009015,496.81182272716563,one shared preloaded model
conv-43-qa-60,hybrid_fifo_rag,0.5303227272701752,14.293000000179745,356.4781999994011,371.30152272685103,one shared preloaded model
conv-43-qa-61,hybrid_fifo_rag,0.5303227272701752,13.856900000973837,212.54770000086864,226.93492272911266,one shared preloaded model
conv-43-qa-62,hybrid_fifo_rag,0.5303227272701752,10.4979000025196,211.49370000057388,222.52192273036366,one shared preloaded model
conv-43-qa-63,hybrid_fifo_rag,0.5303227272701752,11.75879999937024,503.7439000006998,516.0330227273403,one shared preloaded model
conv-43-qa-64,hybrid_fifo_rag,0.5303227272701752,13.787600000796374,109.32779999711784,123.64572272518438,one shared preloaded model
conv-43-qa-65,hybrid_fifo_rag,0.5303227272701752,13.591299997642636,160.4071000001568,174.5287227250696,one shared preloaded model
conv-43-qa-66,hybrid_fifo_rag,0.5303227272701752,16.2276999981259,224.7562000011385,241.51422272653457,one shared preloaded model
conv-43-qa-67,hybrid_fifo_rag,0.5303227272701752,11.548700000275858,158.9155000001483,170.99452272769435,one shared preloaded model
conv-43-qa-68,hybrid_fifo_rag,0.5303227272701752,14.572000000043772,295.8658000025025,310.96812272981646,one shared preloaded model
conv-43-qa-69,hybrid_fifo_rag,0.5303227272701752,10.239700000965968,323.33099999959813,334.1010227278343,one shared preloaded model
conv-43-qa-70,hybrid_fifo_rag,0.5303227272701752,14.387899998837383,223.3706999977585,238.28892272386605,one shared preloaded model
conv-43-qa-71,hybrid_fifo_rag,0.5303227272701752,15.383699999802047,262.187600001198,278.10162272827023,one shared preloaded model
conv-43-qa-72,hybrid_fifo_rag,0.5303227272701752,16.241199999058153,223.8969999998517,240.66852272618002,one shared preloaded model
conv-43-qa-73,hybrid_fifo_rag,0.5303227272701752,11.425200002122438,237.7660999991349,249.7216227285275,one shared preloaded model
conv-43-qa-74,hybrid_fifo_rag,0.5303227272701752,16.660099998262012,227.7429999994638,244.93342272499598,one shared preloaded model
conv-43-qa-75,hybrid_fifo_rag,0.5303227272701752,14.785700001084479,224.5662999994238,239.88232272777844,one shared preloaded model
conv-43-qa-76,hybrid_fifo_rag,0.5303227272701752,11.175900002854178,423.35710000043036,435.0633227305547,one shared preloaded model
conv-43-qa-77,hybrid_fifo_rag,0.5303227272701752,15.117399998416658,234.76120000123046,250.4089227269173,one shared preloaded model
conv-43-qa-78,hybrid_fifo_rag,0.5303227272701752,13.00930000070366,345.5580999980157,359.0977227259895,one shared preloaded model
conv-43-qa-79,hybrid_fifo_rag,0.5303227272701752,14.192800001183059,179.2139999997744,193.93712272822762,one shared preloaded model
conv-43-qa-80,hybrid_fifo_rag,0.5303227272701752,12.02480000210926,225.10780000084196,237.6629227302214,one shared preloaded model
conv-43-qa-81,hybrid_fifo_rag,0.5303227272701752,10.683100001187995,165.60819999722298,176.82162272568115,one shared preloaded model
conv-43-qa-82,hybrid_fifo_rag,0.5303227272701752,17.334899999696063,225.44610000113607,243.3113227281023,one shared preloaded model
conv-43-qa-83,hybrid_fifo_rag,0.5303227272701752,12.029299999994691,165.45979999864358,178.01942272590844,one shared preloaded model
conv-43-qa-84,hybrid_fifo_rag,0.5303227272701752,17.883500000607455,232.00790000191773,250.42172272979536,one shared preloaded model
conv-43-qa-85,hybrid_fifo_rag,0.5303227272701752,11.742300001060357,175.09639999843785,187.36902272676838,one shared preloaded model
conv-43-qa-86,hybrid_fifo_rag,0.5303227272701752,16.95590000235825,229.34610000083921,246.83232273046764,one shared preloaded model
conv-43-qa-87,hybrid_fifo_rag,0.5303227272701752,12.235700000019278,427.59429999932763,440.3603227266171,one shared preloaded model
conv-43-qa-88,hybrid_fifo_rag,0.5303227272701752,10.157599997910438,226.12840000147116,236.81632272665178,one shared preloaded model
conv-43-qa-89,hybrid_fifo_rag,0.5303227272701752,11.748599998099962,231.39649999939138,243.67542272476152,one shared preloaded model
conv-43-qa-90,hybrid_fifo_rag,0.5303227272701752,12.558400001580594,180.1831000011589,193.27182273000966,one shared preloaded model
conv-43-qa-91,hybrid_fifo_rag,0.5303227272701752,18.69069999884232,229.82580000098096,249.04682272709346,one shared preloaded model
conv-43-qa-92,hybrid_fifo_rag,0.5303227272701752,12.49409999945783,256.82400000005146,269.84842272677946,one shared preloaded model
conv-43-qa-93,hybrid_fifo_rag,0.5303227272701752,15.255999998771586,231.19500000029802,246.98132272633978,one shared preloaded model
conv-43-qa-94,hybrid_fifo_rag,0.5303227272701752,12.323199996899348,179.59820000032778,192.4517227244973,one shared preloaded model
conv-43-qa-95,hybrid_fifo_rag,0.5303227272701752,12.255499997991137,226.27450000072713,239.06032272598844,one shared preloaded model
conv-43-qa-96,hybrid_fifo_rag,0.5303227272701752,12.258200000360375,196.73239999974612,209.52092272737667,one shared preloaded model
conv-43-qa-97,hybrid_fifo_rag,0.5303227272701752,10.721300001023337,227.62039999724948,238.872022725543,one shared preloaded model
conv-43-qa-98,hybrid_fifo_rag,0.5303227272701752,11.691300001984928,168.8871999976982,181.1088227269533,one shared preloaded model
conv-43-qa-99,hybrid_fifo_rag,0.5303227272701752,16.234399998211302,402.47439999802737,419.23912272350884,one shared preloaded model
conv-43-qa-100,hybrid_fifo_rag,0.5303227272701752,14.402000000700355,161.70950000014273,176.64182272811325,one shared preloaded model
conv-43-qa-101,hybrid_fifo_rag,0.5303227272701752,12.866299999586772,1068.4295000028214,1081.8261227296784,one shared preloaded model
conv-43-qa-102,hybrid_fifo_rag,0.5303227272701752,10.801399999763817,225.69790000125067,237.02962272828466,one shared preloaded model
conv-43-qa-103,hybrid_fifo_rag,0.5303227272701752,11.71759999851929,159.42010000071605,171.6680227265055,one shared preloaded model
conv-43-qa-104,hybrid_fifo_rag,0.5303227272701752,16.811600002256455,143.03559999825666,160.3775227277833,one shared preloaded model
conv-43-qa-105,hybrid_fifo_rag,0.5303227272701752,15.28379999945173,251.0266999997839,266.8408227265058,one shared preloaded model
conv-43-qa-106,hybrid_fifo_rag,0.5303227272701752,11.875200001668418,170.50509999899077,182.91062272792936,one shared preloaded model
conv-43-qa-107,hybrid_fifo_rag,0.5303227272701752,12.120900002628332,195.71540000106324,208.36662273096175,one shared preloaded model
conv-43-qa-108,hybrid_fifo_rag,0.5303227272701752,11.660899999696994,201.6051000027801,213.79632272974726,one shared preloaded model
conv-43-qa-109,hybrid_fifo_rag,0.5303227272701752,12.993199998163618,1072.6011999977345,1086.1247227231684,one shared preloaded model
conv-43-qa-110,hybrid_fifo_rag,0.5303227272701752,15.565600002446445,465.11219999956666,481.2081227292833,one shared preloaded model
conv-43-qa-111,hybrid_fifo_rag,0.5303227272701752,14.565500001481269,118.83930000112741,133.93512272987886,one shared preloaded model
conv-43-qa-112,hybrid_fifo_rag,0.5303227272701752,10.645900001691189,203.06970000092406,214.24592272988542,one shared preloaded model
conv-43-qa-113,hybrid_fifo_rag,0.5303227272701752,11.714200001733843,213.18350000001374,225.42802272901775,one shared preloaded model
conv-43-qa-114,hybrid_fifo_rag,0.5303227272701752,12.706099998467835,186.51870000030613,199.75512272604414,one shared preloaded model
conv-43-qa-115,hybrid_fifo_rag,0.5303227272701752,14.232599998649675,759.3641999992542,774.1271227251741,one shared preloaded model
conv-43-qa-116,hybrid_fifo_rag,0.5303227272701752,16.415499998402083,228.42920000039157,245.37502272606383,one shared preloaded model
conv-43-qa-117,hybrid_fifo_rag,0.5303227272701752,13.90700000047218,151.4461000006122,165.88342272835456,one shared preloaded model
conv-43-qa-118,hybrid_fifo_rag,0.5303227272701752,17.858799998066388,815.9379999997327,834.3271227250693,one shared preloaded model
conv-43-qa-119,hybrid_fifo_rag,0.5303227272701752,18.189200000051642,223.73589999915566,242.45542272647748,one shared preloaded model
conv-43-qa-120,hybrid_fifo_rag,0.5303227272701752,15.575500001432374,174.6322999970289,190.73812272573144,one shared preloaded model
conv-43-qa-121,hybrid_fifo_rag,0.5303227272701752,18.13689999835333,665.7811000004585,684.4483227260821,one shared preloaded model
conv-43-qa-122,hybrid_fifo_rag,0.5303227272701752,14.129300001513911,755.4325000019162,770.0921227307003,one shared preloaded model
conv-43-qa-123,hybrid_fifo_rag,0.5303227272701752,11.133399999380345,160.33799999786424,172.00172272451476,one shared preloaded model
conv-43-qa-124,hybrid_fifo_rag,0.5303227272701752,17.590300001756987,221.81239999918034,239.9330227282075,one shared preloaded model
conv-43-qa-125,hybrid_fifo_rag,0.5303227272701752,10.393199998361524,436.3971999991918,447.3207227248235,one shared preloaded model
conv-43-qa-126,hybrid_fifo_rag,0.5303227272701752,11.120400002255337,688.4453000020585,700.0960227315841,one shared preloaded model
conv-43-qa-127,hybrid_fifo_rag,0.5303227272701752,11.380299998563714,328.0131000028632,339.9237227286971,one shared preloaded model
conv-43-qa-128,hybrid_fifo_rag,0.5303227272701752,11.760599998524413,203.34229999934905,215.63322272514364,one shared preloaded model
conv-43-qa-129,hybrid_fifo_rag,0.5303227272701752,12.021499998809304,439.026100000774,451.5779227268535,one shared preloaded model
conv-43-qa-130,hybrid_fifo_rag,0.5303227272701752,10.63620000059018,202.58640000247397,213.75292273033432,one shared preloaded model
conv-43-qa-131,hybrid_fifo_rag,0.5303227272701752,12.578300000313902,158.6256999980833,171.73432272566737,one shared preloaded model
conv-43-qa-132,hybrid_fifo_rag,0.5303227272701752,15.321100003347965,338.2875999996031,354.13902273022126,one shared preloaded model
conv-43-qa-133,hybrid_fifo_rag,0.5303227272701752,17.457199999626027,687.8565000006347,705.844022727531,one shared preloaded model
conv-43-qa-134,hybrid_fifo_rag,0.5303227272701752,17.942299997230293,159.98799999943003,178.4606227239305,one shared preloaded model
conv-43-qa-135,hybrid_fifo_rag,0.5303227272701752,17.637599998124642,622.698400002264,640.8663227276588,one shared preloaded model
conv-43-qa-136,hybrid_fifo_rag,0.5303227272701752,15.635199997632299,707.0361000005505,723.201622725453,one shared preloaded model
conv-43-qa-137,hybrid_fifo_rag,0.5303227272701752,15.281899999536108,210.28710000246065,226.09932272926693,one shared preloaded model
conv-43-qa-138,hybrid_fifo_rag,0.5303227272701752,10.346999999455875,651.5761000009661,662.4534227276922,one shared preloaded model
conv-43-qa-139,hybrid_fifo_rag,0.5303227272701752,12.504500002251007,138.5937000013655,151.6285227308867,one shared preloaded model
conv-43-qa-140,hybrid_fifo_rag,0.5303227272701752,19.555899998522364,859.6565000007104,879.742722726503,one shared preloaded model
conv-43-qa-141,hybrid_fifo_rag,0.5303227272701752,11.559600003238302,227.67920000114827,239.76912273165675,one shared preloaded model
conv-43-qa-142,hybrid_fifo_rag,0.5303227272701752,10.733600000094157,544.4637000000512,555.7276227274156,one shared preloaded model
conv-43-qa-143,hybrid_fifo_rag,0.5303227272701752,14.706499998283107,172.9245999995328,188.16142272508608,one shared preloaded model
conv-43-qa-144,hybrid_fifo_rag,0.5303227272701752,17.035099997883663,261.2960000005842,278.861422725738,one shared preloaded model
conv-43-qa-145,hybrid_fifo_rag,0.5303227272701752,12.934800000948599,228.73600000093575,242.20112272915452,one shared preloaded model
conv-43-qa-146,hybrid_fifo_rag,0.5303227272701752,11.701999999786494,208.82789999814122,221.0602227251979,one shared preloaded model
conv-43-qa-147,hybrid_fifo_rag,0.5303227272701752,11.953599998378195,160.71279999960097,173.19672272524934,one shared preloaded model
conv-43-qa-148,hybrid_fifo_rag,0.5303227272701752,20.206300003337674,223.98550000070827,244.72212273131612,one shared preloaded model
conv-43-qa-149,hybrid_fifo_rag,0.5303227272701752,11.675400000967784,278.5818000011204,290.7875227293584,one shared preloaded model
conv-43-qa-150,hybrid_fifo_rag,0.5303227272701752,11.07120000233408,226.25759999937145,237.8591227289757,one shared preloaded model
conv-43-qa-151,hybrid_fifo_rag,0.5303227272701752,12.82070000161184,225.5446999988635,238.89572272774552,one shared preloaded model
conv-43-qa-152,hybrid_fifo_rag,0.5303227272701752,11.585700001887744,210.5842000019038,222.70022273106173,one shared preloaded model
conv-43-qa-153,hybrid_fifo_rag,0.5303227272701752,12.204999999084976,383.4038999993936,396.13922272574877,one shared preloaded model
conv-43-qa-154,hybrid_fifo_rag,0.5303227272701752,11.502800000016578,356.3785000005737,368.41162272786045,one shared preloaded model
conv-43-qa-155,hybrid_fifo_rag,0.5303227272701752,14.478500001132488,111.5994000028877,126.60822273129037,one shared preloaded model
conv-43-qa-156,hybrid_fifo_rag,0.5303227272701752,17.472300001827534,348.5846000003221,366.5872227294198,one shared preloaded model
conv-43-qa-157,hybrid_fifo_rag,0.5303227272701752,14.14440000007744,200.93269999779295,215.60742272514057,one shared preloaded model
conv-43-qa-158,hybrid_fifo_rag,0.5303227272701752,10.726299999078037,188.7892999984615,200.0459227248097,one shared preloaded model
conv-43-qa-159,hybrid_fifo_rag,0.5303227272701752,13.892399998439942,336.9131999970705,351.3359227227806,one shared preloaded model
conv-43-qa-160,hybrid_fifo_rag,0.5303227272701752,14.868400001432747,222.18699999939417,237.5857227280971,one shared preloaded model
conv-43-qa-161,hybrid_fifo_rag,0.5303227272701752,10.178399999858811,275.59929999915767,286.30802272628665,one shared preloaded model
conv-43-qa-162,hybrid_fifo_rag,0.5303227272701752,11.842299998534145,207.2712999979558,219.6439227237601,one shared preloaded model
conv-43-qa-163,hybrid_fifo_rag,0.5303227272701752,10.073499997815816,108.4618999993836,119.0657227244696,one shared preloaded model
conv-43-qa-164,hybrid_fifo_rag,0.5303227272701752,16.750900002080016,90.39690000281553,107.67812273216572,one shared preloaded model
conv-43-qa-165,hybrid_fifo_rag,0.5303227272701752,17.677499999990687,374.2296999989776,392.43752272623846,one shared preloaded model
conv-43-qa-166,hybrid_fifo_rag,0.5303227272701752,13.928399999713292,161.68450000259327,176.14322272957673,one shared preloaded model
conv-43-qa-167,hybrid_fifo_rag,0.5303227272701752,18.991799999639625,188.38809999942896,207.91022272633876,one shared preloaded model
conv-43-qa-168,hybrid_fifo_rag,0.5303227272701752,11.548599999514408,603.0868000016198,615.1657227284045,one shared preloaded model
conv-43-qa-169,hybrid_fifo_rag,0.5303227272701752,16.44759999908274,325.0707000006514,342.04862272700433,one shared preloaded model
conv-43-qa-170,hybrid_fifo_rag,0.5303227272701752,11.85540000005858,375.0223000024562,387.40802272978493,one shared preloaded model
conv-43-qa-171,hybrid_fifo_rag,0.5303227272701752,14.759200003027217,365.10179999822867,380.39132272852606,one shared preloaded model
conv-43-qa-172,hybrid_fifo_rag,0.5303227272701752,13.823400000546826,121.56359999789856,135.91732272571556,one shared preloaded model
conv-43-qa-173,hybrid_fifo_rag,0.5303227272701752,18.01740000155405,128.611500000261,147.15922272908523,one shared preloaded model
conv-43-qa-174,hybrid_fifo_rag,0.5303227272701752,14.491599999018945,462.8310000007332,477.8529227270223,one shared preloaded model
conv-43-qa-175,hybrid_fifo_rag,0.5303227272701752,10.62909999745898,108.14649999883841,119.30592272356756,one shared preloaded model
conv-43-qa-176,hybrid_fifo_rag,0.5303227272701752,18.342799998208648,206.86279999790713,225.73592272338595,one shared preloaded model
conv-43-qa-177,hybrid_fifo_rag,0.5303227272701752,11.803299999883166,137.60089999777847,149.9345227249318,one shared preloaded model
conv-43-qa-178,hybrid_fifo_rag,0.5303227272701752,18.072599999868544,224.00259999994887,242.6055227270876,one shared preloaded model
conv-43-qa-179,hybrid_fifo_rag,0.5303227272701752,11.577799999940908,183.51899999834131,195.6271227255524,one shared preloaded model
conv-43-qa-180,hybrid_fifo_rag,0.5303227272701752,16.598000001977198,192.95780000175,210.08612273099737,one shared preloaded model
conv-43-qa-181,hybrid_fifo_rag,0.5303227272701752,14.06459999998333,161.1007999999856,175.69572272723912,one shared preloaded model
conv-43-qa-182,hybrid_fifo_rag,0.5303227272701752,17.93280000129016,213.3109999995213,231.77412272808164,one shared preloaded model
conv-43-qa-183,hybrid_fifo_rag,0.5303227272701752,13.336800002434757,225.85200000321493,239.71912273291986,one shared preloaded model
conv-43-qa-184,hybrid_fifo_rag,0.5303227272701752,11.04039999700035,215.89550000135205,227.46622272562257,one shared preloaded model
conv-43-qa-185,hybrid_fifo_rag,0.5303227272701752,10.953299999528099,176.35750000044936,187.84112272724764,one shared preloaded model
conv-43-qa-186,hybrid_fifo_rag,0.5303227272701752,11.447700002463534,164.06450000067707,176.04252273041078,one shared preloaded model
conv-43-qa-187,hybrid_fifo_rag,0.5303227272701752,17.711500000586966,226.50979999889387,244.751622726751,one shared preloaded model
conv-43-qa-188,hybrid_fifo_rag,0.5303227272701752,11.379899999155896,226.4484999977867,238.35872272421278,one shared preloaded model
conv-43-qa-189,hybrid_fifo_rag,0.5303227272701752,12.446700002328726,223.41429999869433,236.39132272829323,one shared preloaded model
conv-43-qa-190,hybrid_fifo_rag,0.5303227272701752,11.393900000257418,214.34170000065933,226.26592272818692,one shared preloaded model
conv-43-qa-191,hybrid_fifo_rag,0.5303227272701752,16.9848000005004,226.33479999785777,243.84992272562835,one shared preloaded model
conv-43-qa-192,hybrid_fifo_rag,0.5303227272701752,11.14620000225841,219.12689999953727,230.80342272906586,one shared preloaded model
conv-43-qa-193,hybrid_fifo_rag,0.5303227272701752,12.602299997524824,155.36559999964084,168.49822272443583,one shared preloaded model
conv-43-qa-194,hybrid_fifo_rag,0.5303227272701752,17.16659999874537,166.72810000090976,184.4250227269253,one shared preloaded model
conv-43-qa-195,hybrid_fifo_rag,0.5303227272701752,17.871799998829374,228.24000000036904,246.64212272646859,one shared preloaded model
conv-43-qa-196,hybrid_fifo_rag,0.5303227272701752,12.262699998245807,220.26370000094175,233.05672272645774,one shared preloaded model
conv-43-qa-197,hybrid_fifo_rag,0.5303227272701752,10.682399999495829,238.67339999924297,249.88612272600898,one shared preloaded model
conv-43-qa-198,hybrid_fifo_rag,0.5303227272701752,24.147000000084518,222.65759999936563,247.33492272672032,one shared preloaded model
conv-43-qa-199,hybrid_fifo_rag,0.5303227272701752,11.731100003089523,123.85870000071009,136.12012273106978,one shared preloaded model
conv-43-qa-200,hybrid_fifo_rag,0.5303227272701752,16.264999998384155,993.5052000000724,1010.3005227257268,one shared preloaded model
conv-43-qa-201,hybrid_fifo_rag,0.5303227272701752,12.384300000121584,204.23460000165505,217.1492227290468,one shared preloaded model
conv-43-qa-202,hybrid_fifo_rag,0.5303227272701752,11.13709999845014,217.64170000096783,229.30912272668814,one shared preloaded model
conv-43-qa-203,hybrid_fifo_rag,0.5303227272701752,10.897899999690708,225.95369999908144,237.38192272604232,one shared preloaded model
conv-43-qa-204,hybrid_fifo_rag,0.5303227272701752,14.77339999837568,206.45879999938188,221.76252272502774,one shared preloaded model
conv-43-qa-205,hybrid_fifo_rag,0.5303227272701752,13.96740000200225,226.66290000051958,241.160622729792,one shared preloaded model
conv-43-qa-206,hybrid_fifo_rag,0.5303227272701752,11.945900001592236,289.2424000019673,301.71862273082974,one shared preloaded model
conv-43-qa-207,hybrid_fifo_rag,0.5303227272701752,14.087800002016593,430.6517000004533,445.26982272974004,one shared preloaded model
conv-43-qa-208,hybrid_fifo_rag,0.5303227272701752,13.982899999973597,224.37449999779346,238.88772272503724,one shared preloaded model
conv-43-qa-209,hybrid_fifo_rag,0.5303227272701752,11.976000001595821,539.2530000026454,551.7593227315115,one shared preloaded model
conv-43-qa-210,hybrid_fifo_rag,0.5303227272701752,14.939400000002934,670.93179999938,686.4015227266532,one shared preloaded model
conv-43-qa-211,hybrid_fifo_rag,0.5303227272701752,10.561999999481486,144.09639999939827,155.18872272614993,one shared preloaded model
conv-43-qa-212,hybrid_fifo_rag,0.5303227272701752,16.364099999918835,195.1736000009987,212.0680227281877,one shared preloaded model
conv-43-qa-213,hybrid_fifo_rag,0.5303227272701752,13.517999999749009,690.9072000016749,704.9555227286942,one shared preloaded model
conv-43-qa-214,hybrid_fifo_rag,0.5303227272701752,14.851500000077067,173.7146000014036,189.09642272875084,one shared preloaded model
conv-43-qa-215,hybrid_fifo_rag,0.5303227272701752,16.441400002804585,201.20279999900959,218.17452272908434,one shared preloaded model
conv-43-qa-216,hybrid_fifo_rag,0.5303227272701752,12.400799998431467,462.49059999900055,475.4217227247022,one shared preloaded model
conv-43-qa-217,hybrid_fifo_rag,0.5303227272701752,14.024500000232365,229.68069999842555,244.2355227259281,one shared preloaded model
conv-43-qa-218,hybrid_fifo_rag,0.5303227272701752,13.000099999771919,242.4524999987625,255.9829227258046,one shared preloaded model
conv-43-qa-219,hybrid_fifo_rag,0.5303227272701752,18.784399999276502,554.543600002944,573.8583227294907,one shared preloaded model
conv-43-qa-220,hybrid_fifo_rag,0.5303227272701752,15.14339999994263,463.5062999986985,479.18002272591133,one shared preloaded model
conv-43-qa-221,hybrid_fifo_rag,0.5303227272701752,15.812300000106916,226.0258000023896,242.36842272976668,one shared preloaded model
conv-43-qa-222,hybrid_fifo_rag,0.5303227272701752,11.740300000383286,122.44600000121864,134.7166227288721,one shared preloaded model
conv-43-qa-223,hybrid_fifo_rag,0.5303227272701752,18.324100001336774,205.68880000064382,224.54322272925077,one shared preloaded model
conv-43-qa-224,hybrid_fifo_rag,0.5303227272701752,11.941299999307375,193.39209999816376,205.8637227247413,one shared preloaded model
conv-43-qa-225,hybrid_fifo_rag,0.5303227272701752,10.678999999072403,158.2218000003195,169.43112272666207,one shared preloaded model
conv-43-qa-226,hybrid_fifo_rag,0.5303227272701752,16.42790000187233,234.8149999997986,251.7732227289411,one shared preloaded model
conv-43-qa-227,hybrid_fifo_rag,0.5303227272701752,13.922099999035709,224.75130000020727,239.20372272651315,one shared preloaded model
conv-43-qa-228,hybrid_fifo_rag,0.5303227272701752,17.260099997656653,202.5562999988324,220.34672272375923,one shared preloaded model
conv-43-qa-229,hybrid_fifo_rag,0.5303227272701752,11.869199999637203,166.95249999975204,179.3520227266594,one shared preloaded model
conv-43-qa-230,hybrid_fifo_rag,0.5303227272701752,18.87229999920237,167.87199999816949,187.27462272464203,one shared preloaded model
conv-43-qa-231,hybrid_fifo_rag,0.5303227272701752,17.701999997370876,203.195300000516,221.42762272515705,one shared preloaded model
conv-43-qa-232,hybrid_fifo_rag,0.5303227272701752,12.294499996642116,165.39040000134264,178.21522272525493,one shared preloaded model
conv-43-qa-233,hybrid_fifo_rag,0.5303227272701752,17.802099999244092,213.4007999993628,231.73322272587706,one shared preloaded model
conv-43-qa-234,hybrid_fifo_rag,0.5303227272701752,10.034399998403387,108.96439999851282,119.52912272418638,one shared preloaded model
conv-43-qa-235,hybrid_fifo_rag,0.5303227272701752,16.826800001581432,223.95579999647452,241.31292272532613,one shared preloaded model
conv-43-qa-236,hybrid_fifo_rag,0.5303227272701752,10.28270000097109,1110.9815999989223,1121.7946227271636,one shared preloaded model
conv-43-qa-237,hybrid_fifo_rag,0.5303227272701752,17.443799999455223,361.67630000272766,379.65042272945306,one shared preloaded model
conv-43-qa-238,hybrid_fifo_rag,0.5303227272701752,14.531799999531358,218.2647999979963,233.32692272479784,one shared preloaded model
conv-43-qa-239,hybrid_fifo_rag,0.5303227272701752,11.86980000056792,160.49529999872902,172.89542272656712,one shared preloaded model
conv-43-qa-240,hybrid_fifo_rag,0.5303227272701752,17.635000000154832,223.2374000013806,241.4027227288056,one shared preloaded model
conv-43-qa-241,hybrid_fifo_rag,0.5303227272701752,15.420899999298854,228.38259999844013,244.33382272500916,one shared preloaded model
conv-44-qa-0,hybrid_fifo_rag,0.8506981012723821,17.65470000100322,225.01870000269264,243.52409810496823,one shared preloaded model
conv-44-qa-1,hybrid_fifo_rag,0.8506981012723821,10.184599999774946,222.55180000138353,233.58709810243084,one shared preloaded model
conv-44-qa-2,hybrid_fifo_rag,0.8506981012723821,10.358999999880325,225.88420000101905,237.09389810217175,one shared preloaded model
conv-44-qa-3,hybrid_fifo_rag,0.8506981012723821,12.722100000246428,160.38560000015423,173.95839810167303,one shared preloaded model
conv-44-qa-4,hybrid_fifo_rag,0.8506981012723821,10.34330000038608,227.43420000188053,238.62819810353898,one shared preloaded model
conv-44-qa-5,hybrid_fifo_rag,0.8506981012723821,11.91340000150376,225.82790000160458,238.5919981043807,one shared preloaded model
conv-44-qa-6,hybrid_fifo_rag,0.8506981012723821,11.704199998348486,225.47560000020894,238.0304980998298,one shared preloaded model
conv-44-qa-7,hybrid_fifo_rag,0.8506981012723821,10.838900001544971,240.90430000069318,252.59389810351053,one shared preloaded model
conv-44-qa-8,hybrid_fifo_rag,0.8506981012723821,17.095100000005914,240.138900000602,258.0846981018803,one shared preloaded model
conv-44-qa-9,hybrid_fifo_rag,0.8506981012723821,12.230000000272412,188.93630000093253,202.01699810247732,one shared preloaded model
conv-44-qa-10,hybrid_fifo_rag,0.8506981012723821,12.571299997944152,347.9323999999906,361.3543980992071,one shared preloaded model
conv-44-qa-11,hybrid_fifo_rag,0.8506981012723821,14.34000000153901,346.08319999824744,361.2738981010588,one shared preloaded model
conv-44-qa-12,hybrid_fifo_rag,0.8506981012723821,14.516499999444932,115.68580000312068,131.05299810383798,one shared preloaded model
conv-44-qa-13,hybrid_fifo_rag,0.8506981012723821,17.655999999988126,186.58620000132942,205.0928981025899,one shared preloaded model
conv-44-qa-14,hybrid_fifo_rag,0.8506981012723821,13.531299999158364,586.4977999990515,600.8797980994823,one shared preloaded model
conv-44-qa-15,hybrid_fifo_rag,0.8506981012723821,14.335600000777049,235.66050000226824,250.84679810431766,one shared preloaded model
conv-44-qa-16,hybrid_fifo_rag,0.8506981012723821,10.97190000291448,226.6522999998415,238.47489810402834,one shared preloaded model
conv-44-qa-17,hybrid_fifo_rag,0.8506981012723821,11.835999997856561,211.71270000195364,224.39939810108257,one shared preloaded model
conv-44-qa-18,hybrid_fifo_rag,0.8506981012723821,10.555600001680432,157.18099999867263,168.58729810162544,one shared preloaded model
conv-44-qa-19,hybrid_fifo_rag,0.8506981012723821,18.070099999022204,625.9840999991866,644.9048980994812,one shared preloaded model
conv-44-qa-20,hybrid_fifo_rag,0.8506981012723821,15.427300000737887,228.22609999639099,244.50409809840124,one shared preloaded model
conv-44-qa-21,hybrid_fifo_rag,0.8506981012723821,15.154900000197813,160.27799999937997,176.28359810085016,one shared preloaded model
conv-44-qa-22,hybrid_fifo_rag,0.8506981012723821,17.724500001349952,553.4751999985019,572.0503981011243,one shared preloaded model
conv-44-qa-23,hybrid_fifo_rag,0.8506981012723821,17.376299998431932,216.06499999688822,234.29199809659252,one shared preloaded model
conv-44-qa-24,hybrid_fifo_rag,0.8506981012723821,12.485799998103175,167.21839999809163,180.55489809746717,one shared preloaded model
conv-44-qa-25,hybrid_fifo_rag,0.8506981012723821,12.53780000115512,350.1289999985602,363.51749810098767,one shared preloaded model
conv-44-qa-26,hybrid_fifo_rag,0.8506981012723821,13.20530000157305,233.2031999976607,247.25919810050613,one shared preloaded model
conv-44-qa-27,hybrid_fifo_rag,0.8506981012723821,14.830699998128694,215.49860000232002,231.17999810172108,one shared preloaded model
conv-44-qa-28,hybrid_fifo_rag,0.8506981012723821,12.051000001520151,202.58169999942766,215.48339810222018,one shared preloaded model
conv-44-qa-29,hybrid_fifo_rag,0.8506981012723821,12.217500003316673,234.4410000005155,247.50919810510453,one shared preloaded model
conv-44-qa-30,hybrid_fifo_rag,0.8506981012723821,13.731300001381896,313.60119999953895,328.1831981021932,one shared preloaded model
conv-44-qa-31,hybrid_fifo_rag,0.8506981012723821,15.713299999333685,143.02260000113165,159.5865981017377,one shared preloaded model
conv-44-qa-32,hybrid_fifo_rag,0.8506981012723821,17.846800001279917,252.88230000296608,271.57979810551836,one shared preloaded model
conv-44-qa-33,hybrid_fifo_rag,0.8506981012723821,12.523500001407228,365.54610000166576,378.92029810434536,one shared preloaded model
conv-44-qa-34,hybrid_fifo_rag,0.8506981012723821,16.51990000027581,95.48710000308347,112.85769810463167,one shared preloaded model
conv-44-qa-35,hybrid_fifo_rag,0.8506981012723821,16.67010000164737,221.55900000143447,239.0797981043542,one shared preloaded model
conv-44-qa-36,hybrid_fifo_rag,0.8506981012723821,10.049000000435626,156.55680000054417,167.45649810225217,one shared preloaded model
conv-44-qa-37,hybrid_fifo_rag,0.8506981012723821,17.265999998926418,519.7436999987985,537.8603980989974,one shared preloaded model
conv-44-qa-38,hybrid_fifo_rag,0.8506981012723821,14.14890000160085,534.6014999995532,549.6010981024265,one shared preloaded model
conv-44-qa-39,hybrid_fifo_rag,0.8506981012723821,11.396000001695938,226.88769999876968,239.134398101738,one shared preloaded model
conv-44-qa-40,hybrid_fifo_rag,0.8506981012723821,12.480800000048475,171.76679999829503,185.09829809961587,one shared preloaded model
conv-44-qa-41,hybrid_fifo_rag,0.8506981012723821,17.777099998056656,640.5394000030356,659.1671981023646,one shared preloaded model
conv-44-qa-42,hybrid_fifo_rag,0.8506981012723821,16.43580000018119,229.71529999995255,247.0017981014061,one shared preloaded model
conv-44-qa-43,hybrid_fifo_rag,0.8506981012723821,12.25930000146036,152.3178999996162,165.42789810234893,one shared preloaded model
conv-44-qa-44,hybrid_fifo_rag,0.8506981012723821,17.787400000088383,226.72980000061216,245.3678981019729,one shared preloaded model
conv-44-qa-45,hybrid_fifo_rag,0.8506981012723821,12.107500002457527,225.14139999839244,238.09959810212234,one shared preloaded model
conv-44-qa-46,hybrid_fifo_rag,0.8506981012723821,11.754299997846829,109.1201999988698,121.72519809798901,one shared preloaded model
conv-44-qa-47,hybrid_fifo_rag,0.8506981012723821,14.51929999893764,108.10420000052545,123.47419810073548,one shared preloaded model
conv-44-qa-48,hybrid_fifo_rag,0.8506981012723821,17.709300002024975,233.0723000013677,251.63229810466504,one shared preloaded model
conv-44-qa-49,hybrid_fifo_rag,0.8506981012723821,11.977000001934357,83.25629999671946,96.0839980999262,one shared preloaded model
conv-44-qa-50,hybrid_fifo_rag,0.8506981012723821,18.058199999359204,253.82859999808716,272.73749809871873,one shared preloaded model
conv-44-qa-51,hybrid_fifo_rag,0.8506981012723821,14.457400000537746,143.97140000073705,159.27949810254717,one shared preloaded model
conv-44-qa-52,hybrid_fifo_rag,0.8506981012723821,18.77049999893643,645.0431000012031,664.664298101412,one shared preloaded model
conv-44-qa-53,hybrid_fifo_rag,0.8506981012723821,15.174500000284752,177.7129000001878,193.73809810174492,one shared preloaded model
conv-44-qa-54,hybrid_fifo_rag,0.8506981012723821,18.682199999602744,471.3908000012452,490.92369810212034,one shared preloaded model
conv-44-qa-55,hybrid_fifo_rag,0.8506981012723821,14.211300000170013,224.800599997252,239.86259809869438,one shared preloaded model
conv-44-qa-56,hybrid_fifo_rag,0.8506981012723821,14.008399997692322,224.96240000327816,239.82149810224286,one shared preloaded model
conv-44-qa-57,hybrid_fifo_rag,0.8506981012723821,10.013399998570094,210.77169999989565,221.6357980997381,one shared preloaded model
conv-44-qa-58,hybrid_fifo_rag,0.8506981012723821,12.822200002119644,200.58729999800562,214.26019810139763,one shared preloaded model
conv-44-qa-59,hybrid_fifo_rag,0.8506981012723821,12.499799999204697,231.62650000085705,244.97699810133412,one shared preloaded model
conv-44-qa-60,hybrid_fifo_rag,0.8506981012723821,11.568300000362797,225.89610000068205,238.31509810231722,one shared preloaded model
conv-44-qa-61,hybrid_fifo_rag,0.8506981012723821,11.559499998838874,227.0779999998922,239.48819810000344,one shared preloaded model
conv-44-qa-62,hybrid_fifo_rag,0.8506981012723821,11.696700003085425,254.73929999861866,267.28669810297646,one shared preloaded model
conv-44-qa-63,hybrid_fifo_rag,0.8506981012723821,14.990599996963283,226.70839999773307,242.54969809596872,one shared preloaded model
conv-44-qa-64,hybrid_fifo_rag,0.8506981012723821,18.65199999883771,123.52800000007846,143.03069810018854,one shared preloaded model
conv-44-qa-65,hybrid_fifo_rag,0.8506981012723821,17.473099997005193,299.9460999999428,318.2698980982204,one shared preloaded model
conv-44-qa-66,hybrid_fifo_rag,0.8506981012723821,12.06350000211387,230.6072999999742,243.52149810336044,one shared preloaded model
conv-44-qa-67,hybrid_fifo_rag,0.8506981012723821,11.195999999472406,209.2116999992868,221.25839810003157,one shared preloaded model
conv-44-qa-68,hybrid_fifo_rag,0.8506981012723821,12.129099999583559,238.51179999837768,251.4915980992336,one shared preloaded model
conv-44-qa-69,hybrid_fifo_rag,0.8506981012723821,12.186900003143819,220.52790000088862,233.5654981053048,one shared preloaded model
conv-44-qa-70,hybrid_fifo_rag,0.8506981012723821,10.67960000000312,206.63169999897946,218.16199810025495,one shared preloaded model
conv-44-qa-71,hybrid_fifo_rag,0.8506981012723821,12.020400001347298,652.4473000026774,665.3183981052971,one shared preloaded model
conv-44-qa-72,hybrid_fifo_rag,0.8506981012723821,14.014299998962088,175.3814000003331,190.24639810056755,one shared preloaded model
conv-44-qa-73,hybrid_fifo_rag,0.8506981012723821,17.697399998723995,230.57669999980135,249.12479809979772,one shared preloaded model
conv-44-qa-74,hybrid_fifo_rag,0.8506981012723821,11.800000000221189,538.7135999990278,551.3642981005214,one shared preloaded model
conv-44-qa-75,hybrid_fifo_rag,0.8506981012723821,14.201800000591902,248.76560000120662,263.8180981030709,one shared preloaded model
conv-44-qa-76,hybrid_fifo_rag,0.8506981012723821,11.859300000651274,534.4895999987784,547.1995981007021,one shared preloaded model
conv-44-qa-77,hybrid_fifo_rag,0.8506981012723821,15.168499998253537,247.68529999710154,263.70449809662745,one shared preloaded model
conv-44-qa-78,hybrid_fifo_rag,0.8506981012723821,12.868499998148764,268.9695999979449,282.68879809736603,one shared preloaded model
conv-44-qa-79,hybrid_fifo_rag,0.8506981012723821,11.267100002442021,203.86280000093393,215.98059810464832,one shared preloaded model
conv-44-qa-80,hybrid_fifo_rag,0.8506981012723821,12.5084000028437,160.13139999995474,173.4904981040708,one shared preloaded model
conv-44-qa-81,hybrid_fifo_rag,0.8506981012723821,16.267999999399763,152.40859999903478,169.5272980997069,one shared preloaded model
conv-44-qa-82,hybrid_fifo_rag,0.8506981012723821,13.433799998892937,95.52359999725013,109.80809809741545,one shared preloaded model
conv-44-qa-83,hybrid_fifo_rag,0.8506981012723821,17.698999999993248,371.61660000128904,390.16629810255466,one shared preloaded model
conv-44-qa-84,hybrid_fifo_rag,0.8506981012723821,10.596600001008483,163.76400000081048,175.21129810309134,one shared preloaded model
conv-44-qa-85,hybrid_fifo_rag,0.8506981012723821,12.819399998988956,173.44600000069477,187.1160981009561,one shared preloaded model
conv-44-qa-86,hybrid_fifo_rag,0.8506981012723821,16.500100002303952,231.38340000150492,248.73419810508125,one shared preloaded model
conv-44-qa-87,hybrid_fifo_rag,0.8506981012723821,10.927199997240677,208.09729999746196,219.875198095975,one shared preloaded model
conv-44-qa-88,hybrid_fifo_rag,0.8506981012723821,11.75380000131554,823.2449999995879,835.8494981021759,one shared preloaded model
conv-44-qa-89,hybrid_fifo_rag,0.8506981012723821,14.214899998478359,174.98779999732506,190.05339809707579,one shared preloaded model
conv-44-qa-90,hybrid_fifo_rag,0.8506981012723821,13.476299998728791,231.08660000070813,245.4135981007093,one shared preloaded model
conv-44-qa-91,hybrid_fifo_rag,0.8506981012723821,12.195499999506865,241.18770000131917,254.2338981020984,one shared preloaded model
conv-44-qa-92,hybrid_fifo_rag,0.8506981012723821,11.868499997945037,1082.3614000000816,1095.080598099299,one shared preloaded model
conv-44-qa-93,hybrid_fifo_rag,0.8506981012723821,14.80489999812562,552.726600002643,568.382198102041,one shared preloaded model
conv-44-qa-94,hybrid_fifo_rag,0.8506981012723821,10.791799999424256,258.92129999920144,270.56379809989807,one shared preloaded model
conv-44-qa-95,hybrid_fifo_rag,0.8506981012723821,10.171199999604141,224.1576000014902,235.17949810236672,one shared preloaded model
conv-44-qa-96,hybrid_fifo_rag,0.8506981012723821,12.12370000212104,350.6762000033632,363.6505981067566,one shared preloaded model
conv-44-qa-97,hybrid_fifo_rag,0.8506981012723821,10.484900001756614,431.3432999988436,442.67889810187256,one shared preloaded model
conv-44-qa-98,hybrid_fifo_rag,0.8506981012723821,14.20489999873098,160.24550000292948,175.30109810293283,one shared preloaded model
conv-44-qa-99,hybrid_fifo_rag,0.8506981012723821,18.88899999903515,247.31619999874965,267.0558980990572,one shared preloaded model
conv-44-qa-100,hybrid_fifo_rag,0.8506981012723821,15.314100000978215,207.1749999995518,223.3397981018024,one shared preloaded model
conv-44-qa-101,hybrid_fifo_rag,0.8506981012723821,10.102999996888684,208.74499999990803,219.6986980980691,one shared preloaded model
conv-44-qa-102,hybrid_fifo_rag,0.8506981012723821,12.098699997295626,466.16359999825363,479.1129980968216,one shared preloaded model
conv-44-qa-103,hybrid_fifo_rag,0.8506981012723821,14.428400001634145,159.8584999992454,175.1375981021519,one shared preloaded model
conv-44-qa-104,hybrid_fifo_rag,0.8506981012723821,17.334800002572592,160.36330000133603,178.548798105181,one shared preloaded model
conv-44-qa-105,hybrid_fifo_rag,0.8506981012723821,15.947599997161888,160.45860000303946,177.25689810147372,one shared preloaded model
conv-44-qa-106,hybrid_fifo_rag,0.8506981012723821,12.418999998772051,158.72329999911017,171.9929980991546,one shared preloaded model
conv-44-qa-107,hybrid_fifo_rag,0.8506981012723821,17.415800000890158,174.60899999787216,192.8754981000347,one shared preloaded model
conv-44-qa-108,hybrid_fifo_rag,0.8506981012723821,16.37230000051204,229.88819999955012,247.11119810133454,one shared preloaded model
conv-44-qa-109,hybrid_fifo_rag,0.8506981012723821,12.608299999556039,227.76479999811272,241.22379809894113,one shared preloaded model
conv-44-qa-110,hybrid_fifo_rag,0.8506981012723821,10.845299999346025,499.1952999989735,510.8912980995919,one shared preloaded model
conv-44-qa-111,hybrid_fifo_rag,0.8506981012723821,10.62860000092769,431.6443999996409,443.12369810184094,one shared preloaded model
conv-44-qa-112,hybrid_fifo_rag,0.8506981012723821,17.121600001701154,173.44130000128644,191.41359810425996,one shared preloaded model
conv-44-qa-113,hybrid_fifo_rag,0.8506981012723821,18.691900000703754,236.91890000191052,256.46149810388664,one shared preloaded model
conv-44-qa-114,hybrid_fifo_rag,0.8506981012723821,13.881799997761846,155.44750000117347,170.17999810020768,one shared preloaded model
conv-44-qa-115,hybrid_fifo_rag,0.8506981012723821,13.460699999995995,177.33049999878858,191.64189810005695,one shared preloaded model
conv-44-qa-116,hybrid_fifo_rag,0.8506981012723821,17.763299998478033,200.77210000090417,219.38609810065458,one shared preloaded model
conv-44-qa-117,hybrid_fifo_rag,0.8506981012723821,12.525900001492118,273.464599998988,286.84119810175247,one shared preloaded model
conv-44-qa-118,hybrid_fifo_rag,0.8506981012723821,12.48699999996461,210.53820000088308,223.87589810212006,one shared preloaded model
conv-44-qa-119,hybrid_fifo_rag,0.8506981012723821,12.567000001581619,448.2583999997587,461.6760981026127,one shared preloaded model
conv-44-qa-120,hybrid_fifo_rag,0.8506981012723821,11.6572000006272,366.06939999910537,378.57729810100494,one shared preloaded model
conv-44-qa-121,hybrid_fifo_rag,0.8506981012723821,12.12860000305227,425.8912000004784,438.87049810480306,one shared preloaded model
conv-44-qa-122,hybrid_fifo_rag,0.8506981012723821,11.178299999301089,161.63610000148765,173.6650981020611,one shared preloaded model
conv-44-qa-123,hybrid_fifo_rag,0.8506981012723821,17.79779999924358,231.4406000004965,250.08909810101244,one shared preloaded model
conv-44-qa-124,hybrid_fifo_rag,0.8506981012723821,11.88239999828511,232.98820000127307,245.72129810083055,one shared preloaded model
conv-44-qa-125,hybrid_fifo_rag,0.8506981012723821,11.348100000759587,232.76240000268444,244.9611981047164,one shared preloaded model
conv-44-qa-126,hybrid_fifo_rag,0.8506981012723821,10.167799999180716,227.9188000029535,238.9372981034066,one shared preloaded model
conv-44-qa-127,hybrid_fifo_rag,0.8506981012723821,12.976400001207367,206.75479999772506,220.5818981002048,one shared preloaded model
conv-44-qa-128,hybrid_fifo_rag,0.8506981012723821,20.097199998417636,222.35189999992144,243.29979809961145,one shared preloaded model
conv-44-qa-129,hybrid_fifo_rag,0.8506981012723821,10.409099999378668,231.2662000003911,242.52599810104215,one shared preloaded model
conv-44-qa-130,hybrid_fifo_rag,0.8506981012723821,11.881200000061654,225.0560000029509,237.78789810428492,one shared preloaded model
conv-44-qa-131,hybrid_fifo_rag,0.8506981012723821,12.014300002192613,259.862200000498,272.72719810396296,one shared preloaded model
conv-44-qa-132,hybrid_fifo_rag,0.8506981012723821,12.021600003208732,248.5543000002508,261.4265981047319,one shared preloaded model
conv-44-qa-133,hybrid_fifo_rag,0.8506981012723821,11.362100001861108,213.32350000011502,225.5362981032485,one shared preloaded model
conv-44-qa-134,hybrid_fifo_rag,0.8506981012723821,11.719400001311442,108.25979999935953,120.82989810194336,one shared preloaded model
conv-44-qa-135,hybrid_fifo_rag,0.8506981012723821,15.996899997844594,200.59970000147587,217.44729810059283,one shared preloaded model
conv-44-qa-136,hybrid_fifo_rag,0.8506981012723821,11.021399997844128,226.70689999722526,238.57899809634176,one shared preloaded model
conv-44-qa-137,hybrid_fifo_rag,0.8506981012723821,18.52130000042962,162.840299999516,182.21229810121798,one shared preloaded model
conv-44-qa-138,hybrid_fifo_rag,0.8506981012723821,17.692700002953643,149.10719999897992,167.65059810320594,one shared preloaded model
conv-44-qa-139,hybrid_fifo_rag,0.8506981012723821,14.804499998717802,219.78129999843077,235.43649809842094,one shared preloaded model
conv-44-qa-140,hybrid_fifo_rag,0.8506981012723821,10.707600002206163,230.2051999977266,241.76349810120513,one shared preloaded model
conv-44-qa-141,hybrid_fifo_rag,0.8506981012723821,21.747200000390876,281.88159999990603,304.4794981015693,one shared preloaded model
conv-44-qa-142,hybrid_fifo_rag,0.8506981012723821,14.35000000128639,241.01080000036745,256.2114981029262,one shared preloaded model
conv-44-qa-143,hybrid_fifo_rag,0.8506981012723821,10.635599999659462,159.67169999930775,171.15799810023958,one shared preloaded model
conv-44-qa-144,hybrid_fifo_rag,0.8506981012723821,16.18650000091293,208.7892000017746,225.8263981039599,one shared preloaded model
conv-44-qa-145,hybrid_fifo_rag,0.8506981012723821,11.922099998628255,190.96910000007483,203.74189809997546,one shared preloaded model
conv-44-qa-146,hybrid_fifo_rag,0.8506981012723821,12.851100000261795,464.62070000052336,478.3224981020575,one shared preloaded model
conv-44-qa-147,hybrid_fifo_rag,0.8506981012723821,13.422299998637754,207.78160000190837,222.0545981018185,one shared preloaded model
conv-44-qa-148,hybrid_fifo_rag,0.8506981012723821,9.997900000598747,813.5626000002958,824.411198102167,one shared preloaded model
conv-44-qa-149,hybrid_fifo_rag,0.8506981012723821,13.417099999060156,411.47840000121505,425.7461981015476,one shared preloaded model
conv-44-qa-150,hybrid_fifo_rag,0.8506981012723821,11.255600002186839,225.09639999771025,237.20269810116946,one shared preloaded model
conv-44-qa-151,hybrid_fifo_rag,0.8506981012723821,10.402799998701084,247.6935999984562,258.94709809842965,one shared preloaded model
conv-44-qa-152,hybrid_fifo_rag,0.8506981012723821,10.503299999982119,122.85210000118241,134.2060981024369,one shared preloaded model
conv-44-qa-153,hybrid_fifo_rag,0.8506981012723821,17.768099998647813,225.1285000020289,243.74729810194907,one shared preloaded model
conv-44-qa-154,hybrid_fifo_rag,0.8506981012723821,10.202099998423364,156.2387999983912,167.29159809808692,one shared preloaded model
conv-44-qa-155,hybrid_fifo_rag,0.8506981012723821,11.333000002196059,174.0310999994108,186.21479810287923,one shared preloaded model
conv-44-qa-156,hybrid_fifo_rag,0.8506981012723821,17.921599999681348,159.8420000009355,178.61429810188923,one shared preloaded model
conv-44-qa-157,hybrid_fifo_rag,0.8506981012723821,16.325000000506407,231.81649999969522,248.992198101474,one shared preloaded model
conv-47-qa-0,hybrid_fifo_rag,0.6743005263208608,16.56899999943562,224.07860000021174,241.3219005259682,one shared preloaded model
conv-47-qa-1,hybrid_fifo_rag,0.6743005263208608,11.123000000225147,223.6522999992303,235.4496005257763,one shared preloaded model
conv-47-qa-2,hybrid_fifo_rag,0.6743005263208608,11.804900001152419,158.42479999992065,170.90400052739392,one shared preloaded model
conv-47-qa-3,hybrid_fifo_rag,0.6743005263208608,17.04729999983101,233.38779999903636,251.10940052518822,one shared preloaded model
conv-47-qa-4,hybrid_fifo_rag,0.6743005263208608,16.25899999999092,161.3007000014477,178.23400052775946,one shared preloaded model
conv-47-qa-5,hybrid_fifo_rag,0.6743005263208608,17.196599997987505,223.5886999987997,241.45960052310807,one shared preloaded model
conv-47-qa-6,hybrid_fifo_rag,0.6743005263208608,9.622599998692749,214.5920999973896,224.8890005224032,one shared preloaded model
conv-47-qa-7,hybrid_fifo_rag,0.6743005263208608,10.715100001107203,227.03130000081728,238.42070052824533,one shared preloaded model
conv-47-qa-8,hybrid_fifo_rag,0.6743005263208608,10.896100000536535,110.22330000196234,121.79370052881974,one shared preloaded model
conv-47-qa-9,hybrid_fifo_rag,0.6743005263208608,9.585499999957392,167.81080000146176,178.07060052774,one shared preloaded model
conv-47-qa-10,hybrid_fifo_rag,0.6743005263208608,15.851600001042243,515.9457999980077,532.4717005253708,one shared preloaded model
conv-47-qa-11,hybrid_fifo_rag,0.6743005263208608,13.355799997953,225.04470000058063,239.07480052485448,one shared preloaded model
conv-47-qa-12,hybrid_fifo_rag,0.6743005263208608,14.160099999571685,224.85760000199662,239.69200052788915,one shared preloaded model
conv-47-qa-13,hybrid_fifo_rag,0.6743005263208608,13.815799997246359,225.43930000028922,239.92940052385643,one shared preloaded model
conv-47-qa-14,hybrid_fifo_rag,0.6743005263208608,9.68039999861503,225.21610000330838,235.57080052824426,one shared preloaded model
conv-47-qa-15,hybrid_fifo_rag,0.6743005263208608,10.240200001135236,575.1296999987972,586.0442005262532,one shared preloaded model
conv-47-qa-16,hybrid_fifo_rag,0.6743005263208608,15.473300001758616,1584.7270999984175,1600.874700526497,one shared preloaded model
conv-47-qa-17,hybrid_fifo_rag,0.6743005263208608,11.018699999112869,225.71919999973034,237.41220052516405,one shared preloaded model
conv-47-qa-18,hybrid_fifo_rag,0.6743005263208608,9.70979999692645,212.61839999715448,223.00250052040178,one shared preloaded model
conv-47-qa-19,hybrid_fifo_rag,0.6743005263208608,11.427099998400081,230.72099999990314,242.82240052462407,one shared preloaded model
conv-47-qa-20,hybrid_fifo_rag,0.6743005263208608,12.372099998174235,107.44010000053095,120.48650052502605,one shared preloaded model
conv-47-qa-21,hybrid_fifo_rag,0.6743005263208608,13.477399999828776,260.19670000096085,274.34840052711047,one shared preloaded model
conv-47-qa-22,hybrid_fifo_rag,0.6743005263208608,14.894899999490008,161.11019999880227,176.67940052461313,one shared preloaded model
conv-47-qa-23,hybrid_fifo_rag,0.6743005263208608,16.84729999760748,485.22480000247015,502.7464005263985,one shared preloaded model
conv-47-qa-24,hybrid_fifo_rag,0.6743005263208608,14.09340000100201,224.36709999965387,239.13480052697673,one shared preloaded model
conv-47-qa-25,hybrid_fifo_rag,0.6743005263208608,11.475100000097882,76.07420000204002,88.22360052845876,one shared preloaded model
conv-47-qa-26,hybrid_fifo_rag,0.6743005263208608,11.652700002741767,143.17289999962668,155.4999005286893,one shared preloaded model
conv-47-qa-27,hybrid_fifo_rag,0.6743005263208608,15.685899998061359,221.20599999834667,237.56620052272888,one shared preloaded model
conv-47-qa-28,hybrid_fifo_rag,0.6743005263208608,15.241699999023695,353.21939999994356,369.1354005252881,one shared preloaded model
conv-47-qa-29,hybrid_fifo_rag,0.6743005263208608,14.029699999809964,230.17279999839957,244.87680052453038,one shared preloaded model
conv-47-qa-30,hybrid_fifo_rag,0.6743005263208608,14.58459999776096,108.20340000282158,123.4623005269034,one shared preloaded model
conv-47-qa-31,hybrid_fifo_rag,0.6743005263208608,15.80140000078245,164.3660000008822,180.8417005279855,one shared preloaded model
conv-47-qa-32,hybrid_fifo_rag,0.6743005263208608,17.23420000053011,199.680099998659,217.58860052550995,one shared preloaded model
conv-47-qa-33,hybrid_fifo_rag,0.6743005263208608,11.425200002122438,150.71639999951003,162.81590052795332,one shared preloaded model
conv-47-qa-34,hybrid_fifo_rag,0.6743005263208608,11.956899998040171,157.6119999990624,170.2432005234234,one shared preloaded model
conv-47-qa-35,hybrid_fifo_rag,0.6743005263208608,12.829600000259234,146.52570000180276,160.02960052838284,one shared preloaded model
conv-47-qa-36,hybrid_fifo_rag,0.6743005263208608,16.847899998538196,253.42710000040825,270.9493005252673,one shared preloaded model
conv-47-qa-37,hybrid_fifo_rag,0.6743005263208608,10.508200000913348,508.0206000020553,519.2031005292895,one shared preloaded model
conv-47-qa-38,hybrid_fifo_rag,0.6743005263208608,13.279899998451583,156.98260000135633,170.93680052612876,one shared preloaded model
conv-47-qa-39,hybrid_fifo_rag,0.6743005263208608,16.886299999896437,225.30669999832753,242.86730052454482,one shared preloaded model
conv-47-qa-40,hybrid_fifo_rag,0.6743005263208608,10.2100000003702,227.39050000018324,238.2748005268743,one shared preloaded model
conv-47-qa-41,hybrid_fifo_rag,0.6743005263208608,9.843899999395944,527.6864000006753,538.2046005263921,one shared preloaded model
conv-47-qa-42,hybrid_fifo_rag,0.6743005263208608,13.777500000287546,322.8285000004689,337.2803005270773,one shared preloaded model
conv-47-qa-43,hybrid_fifo_rag,0.6743005263208608,13.686100002814783,113.65070000101696,128.0111005301526,one shared preloaded model
conv-47-qa-44,hybrid_fifo_rag,0.6743005263208608,17.17369999823859,319.3601999992097,337.20820052376916,one shared preloaded model
conv-47-qa-45,hybrid_fifo_rag,0.6743005263208608,13.505899998563109,160.0698000002012,174.25000052508517,one shared preloaded model
conv-47-qa-46,hybrid_fifo_rag,0.6743005263208608,13.129200000548735,232.72240000005695,246.52590052692653,one shared preloaded model
conv-47-qa-47,hybrid_fifo_rag,0.6743005263208608,11.689499999192776,507.8495000016119,520.2133005271255,one shared preloaded model
conv-47-qa-48,hybrid_fifo_rag,0.6743005263208608,14.008300000568852,482.4010000011185,497.0836005280082,one shared preloaded model
conv-47-qa-49,hybrid_fifo_rag,0.6743005263208608,13.596200002211845,114.03119999886258,128.30170052739527,one shared preloaded model
conv-47-qa-50,hybrid_fifo_rag,0.6743005263208608,16.696200000296813,260.4164000003948,277.78690052701245,one shared preloaded model
conv-47-qa-51,hybrid_fifo_rag,0.6743005263208608,18.95199999853503,160.836000002746,180.46230052760188,one shared preloaded model
conv-47-qa-52,hybrid_fifo_rag,0.6743005263208608,17.242900001292583,344.6864999968966,362.60370052451003,one shared preloaded model
conv-47-qa-53,hybrid_fifo_rag,0.6743005263208608,10.352000001148554,224.27310000057332,235.29940052804272,one shared preloaded model
conv-47-qa-54,hybrid_fifo_rag,0.6743005263208608,11.117099998955382,165.29890000310843,177.09030052838466,one shared preloaded model
conv-47-qa-55,hybrid_fifo_rag,0.6743005263208608,17.201099999510916,225.48029999961727,243.35570052544904,one shared preloaded model
conv-47-qa-56,hybrid_fifo_rag,0.6743005263208608,11.61070000307518,107.6056999991124,119.89070052850845,one shared preloaded model
conv-47-qa-57,hybrid_fifo_rag,0.6743005263208608,17.16859999942244,301.8876999994973,319.73060052524056,one shared preloaded model
conv-47-qa-58,hybrid_fifo_rag,0.6743005263208608,9.942699998646276,484.736200000043,495.35320052501015,one shared preloaded model
conv-47-qa-59,hybrid_fifo_rag,0.6743005263208608,13.502800000424031,320.17719999930705,334.35430052605193,one shared preloaded model
conv-47-qa-60,hybrid_fifo_rag,0.6743005263208608,15.186399999947753,160.13810000004014,175.99880052630874,one shared preloaded model
conv-47-qa-61,hybrid_fifo_rag,0.6743005263208608,14.537999999447493,232.7253000003111,247.93760052607945,one shared preloaded model
conv-47-qa-62,hybrid_fifo_rag,0.6743005263208608,10.728300003393088,224.72619999825838,236.12880052797232,one shared preloaded model
conv-47-qa-63,hybrid_fifo_rag,0.6743005263208608,11.351999997714302,526.6723000022466,538.6986005262818,one shared preloaded model
conv-47-qa-64,hybrid_fifo_rag,0.6743005263208608,14.024599997355836,156.8723999989743,171.57130052265097,one shared preloaded model
conv-47-qa-65,hybrid_fifo_rag,0.6743005263208608,16.098000000056345,567.4005000000761,584.1728005264533,one shared preloaded model
conv-47-qa-66,hybrid_fifo_rag,0.6743005263208608,16.226799998548813,506.58610000027693,523.4872005251466,one shared preloaded model
conv-47-qa-67,hybrid_fifo_rag,0.6743005263208608,13.588499998149928,227.01539999980014,241.27820052427091,one shared preloaded model
conv-47-qa-68,hybrid_fifo_rag,0.6743005263208608,12.922099998831982,234.6770000003744,248.27340052552722,one shared preloaded model
conv-47-qa-69,hybrid_fifo_rag,0.6743005263208608,14.825500002189074,162.9769999999553,178.47680052846522,one shared preloaded model
conv-47-qa-70,hybrid_fifo_rag,0.6743005263208608,11.910699999134522,223.22439999697963,235.809400522435,one shared preloaded model
conv-47-qa-71,hybrid_fifo_rag,0.6743005263208608,9.508899998763809,200.46219999858295,210.6454005236676,one shared preloaded model
conv-47-qa-72,hybrid_fifo_rag,0.6743005263208608,10.782099998323247,214.59590000085882,226.05230052550291,one shared preloaded model
conv-47-qa-73,hybrid_fifo_rag,0.6743005263208608,13.676499998837244,230.57600000174716,244.92680052690525,one shared preloaded model
conv-47-qa-74,hybrid_fifo_rag,0.6743005263208608,12.533100001746789,140.02110000001267,153.2285005280803,one shared preloaded model
conv-47-qa-75,hybrid_fifo_rag,0.6743005263208608,12.395999998261686,243.96119999801158,257.0315005225941,one shared preloaded model
conv-47-qa-76,hybrid_fifo_rag,0.6743005263208608,9.860800000751624,227.83680000065942,238.3719005277319,one shared preloaded model
conv-47-qa-77,hybrid_fifo_rag,0.6743005263208608,10.453199996845797,229.0748999985226,240.20240052168924,one shared preloaded model
conv-47-qa-78,hybrid_fifo_rag,0.6743005263208608,10.830899998836685,208.67039999939152,220.17560052454905,one shared preloaded model
conv-47-qa-79,hybrid_fifo_rag,0.6743005263208608,11.53600000179722,160.90909999911673,173.1194005272348,one shared preloaded model
conv-47-qa-80,hybrid_fifo_rag,0.6743005263208608,18.29390000057174,185.086900000897,204.0551005277896,one shared preloaded model
conv-47-qa-81,hybrid_fifo_rag,0.6743005263208608,13.306099997862475,251.1932000015804,265.17360052576373,one shared preloaded model
conv-47-qa-82,hybrid_fifo_rag,0.6743005263208608,11.05209999877843,223.70370000135154,235.43010052645081,one shared preloaded model
conv-47-qa-83,hybrid_fifo_rag,0.6743005263208608,12.648200001422083,223.4446999973443,236.76720052508722,one shared preloaded model
conv-47-qa-84,hybrid_fifo_rag,0.6743005263208608,12.540799998532748,226.01679999934277,239.23190052419636,one shared preloaded model
conv-47-qa-85,hybrid_fifo_rag,0.6743005263208608,12.24480000018957,160.58759999941685,173.50670052592727,one shared preloaded model
conv-47-qa-86,hybrid_fifo_rag,0.6743005263208608,15.4846000004909,161.66420000081416,177.8231005276259,one shared preloaded model
conv-47-qa-87,hybrid_fifo_rag,0.6743005263208608,17.409699998097494,199.94109999970533,218.02510052412367,one shared preloaded model
conv-47-qa-88,hybrid_fifo_rag,0.6743005263208608,11.904900002264185,165.72670000095968,178.30590052954472,one shared preloaded model
conv-47-qa-89,hybrid_fifo_rag,0.6743005263208608,13.029499998083338,348.94319999875734,362.6470005231615,one shared preloaded model
conv-47-qa-90,hybrid_fifo_rag,0.6743005263208608,15.283599997928832,303.1559999981255,319.11390052237516,one shared preloaded model
conv-47-qa-91,hybrid_fifo_rag,0.6743005263208608,16.5463000012096,367.3178999997617,384.5385005272922,one shared preloaded model
conv-47-qa-92,hybrid_fifo_rag,0.6743005263208608,14.141699997708201,201.45330000013928,216.26930052416833,one shared preloaded model
conv-47-qa-93,hybrid_fifo_rag,0.6743005263208608,10.968900001898874,163.4303999999247,175.07360052814442,one shared preloaded model
conv-47-qa-94,hybrid_fifo_rag,0.6743005263208608,9.703600000648294,227.27679999661632,237.65470052358546,one shared preloaded model
conv-47-qa-95,hybrid_fifo_rag,0.6743005263208608,9.809099999984028,108.11929999908898,118.60270052539387,one shared preloaded model
conv-47-qa-96,hybrid_fifo_rag,0.6743005263208608,16.937899999902584,225.4800000009709,243.09220052719434,one shared preloaded model
conv-47-qa-97,hybrid_fifo_rag,0.6743005263208608,12.274699998670258,1556.7652999998245,1569.7143005248156,one shared preloaded model
conv-47-qa-98,hybrid_fifo_rag,0.6743005263208608,10.209299998678034,409.71820000049775,420.6018005254966,one shared preloaded model
conv-47-qa-99,hybrid_fifo_rag,0.6743005263208608,14.142899999569636,507.1989999996731,522.0162005255636,one shared preloaded model
conv-47-qa-100,hybrid_fifo_rag,0.6743005263208608,11.358300002029864,82.23780000116676,94.27040052951749,one shared preloaded model
conv-47-qa-101,hybrid_fifo_rag,0.6743005263208608,12.947899998835055,302.6276999989932,316.2499005241491,one shared preloaded model
conv-47-qa-102,hybrid_fifo_rag,0.6743005263208608,13.50099999763188,591.4942000017618,605.6695005257145,one shared preloaded model
conv-47-qa-103,hybrid_fifo_rag,0.6743005263208608,14.549200001056306,219.0316999985953,234.25520052597244,one shared preloaded model
conv-47-qa-104,hybrid_fifo_rag,0.6743005263208608,10.011399997893022,155.68960000018706,166.37530052440093,one shared preloaded model
conv-47-qa-105,hybrid_fifo_rag,0.6743005263208608,17.2945999984222,480.1787999967928,498.14770052153585,one shared preloaded model
conv-47-qa-106,hybrid_fifo_rag,0.6743005263208608,13.741399998252746,202.53500000035274,216.95070052492633,one shared preloaded model
conv-47-qa-107,hybrid_fifo_rag,0.6743005263208608,11.40550000127405,155.04850000070292,167.1283005282978,one shared preloaded model
conv-47-qa-108,hybrid_fifo_rag,0.6743005263208608,17.13239999662619,135.66530000025523,153.47200052320227,one shared preloaded model
conv-47-qa-109,hybrid_fifo_rag,0.6743005263208608,12.35630000155652,110.34899999867775,123.37960052655514,one shared preloaded model
conv-47-qa-110,hybrid_fifo_rag,0.6743005263208608,9.846699998888653,77.42530000177794,87.94630052698746,one shared preloaded model
conv-47-qa-111,hybrid_fifo_rag,0.6743005263208608,12.45299999936833,434.22410000130185,447.35140052699103,one shared preloaded model
conv-47-qa-112,hybrid_fifo_rag,0.6743005263208608,13.838200000463985,108.55880000235629,123.07130052914114,one shared preloaded model
conv-47-qa-113,hybrid_fifo_rag,0.6743005263208608,12.686800000665244,94.3288999987999,107.690000525786,one shared preloaded model
conv-47-qa-114,hybrid_fifo_rag,0.6743005263208608,13.172999999369495,104.31279999829712,118.16010052398748,one shared preloaded model
conv-47-qa-115,hybrid_fifo_rag,0.6743005263208608,16.04409999708878,193.34320000052685,210.06160052393648,one shared preloaded model
conv-47-qa-116,hybrid_fifo_rag,0.6743005263208608,16.315500000928296,105.03919999973732,122.02900052698648,one shared preloaded model
conv-47-qa-117,hybrid_fifo_rag,0.6743005263208608,14.01340000302298,572.0548999997845,586.7426005291284,one shared preloaded model
conv-47-qa-118,hybrid_fifo_rag,0.6743005263208608,13.637399999424815,250.74210000093444,265.0538005266801,one shared preloaded model
conv-47-qa-119,hybrid_fifo_rag,0.6743005263208608,10.880900001211558,365.29150000205846,376.84670052959086,one shared preloaded model
conv-47-qa-120,hybrid_fifo_rag,0.6743005263208608,10.410700000647921,226.7893999996886,237.87440052665738,one shared preloaded model
conv-47-qa-121,hybrid_fifo_rag,0.6743005263208608,11.440300000685966,247.91320000076666,260.0278005277735,one shared preloaded model
conv-47-qa-122,hybrid_fifo_rag,0.6743005263208608,11.113099997601239,185.70360000012442,197.4910005240465,one shared preloaded model
conv-47-qa-123,hybrid_fifo_rag,0.6743005263208608,13.860200000635814,159.82400000211783,174.3585005290745,one shared preloaded model
conv-47-qa-124,hybrid_fifo_rag,0.6743005263208608,14.343499999085907,225.50160000173491,240.51940052714167,one shared preloaded model
conv-47-qa-125,hybrid_fifo_rag,0.6743005263208608,10.197100000368664,161.42760000002454,172.29900052671405,one shared preloaded model
conv-47-qa-126,hybrid_fifo_rag,0.6743005263208608,14.932199999748264,92.24109999922803,107.84760052529715,one shared preloaded model
conv-47-qa-127,hybrid_fifo_rag,0.6743005263208608,17.078299999411684,393.8342000001285,411.586800525861,one shared preloaded model
conv-47-qa-128,hybrid_fifo_rag,0.6743005263208608,13.817800001561409,255.2758999991056,269.76800052698786,one shared preloaded model
conv-47-qa-129,hybrid_fifo_rag,0.6743005263208608,10.919399999693269,223.95139999935054,235.54510052536466,one shared preloaded model
conv-47-qa-130,hybrid_fifo_rag,0.6743005263208608,11.391800002456876,152.2506000001158,164.31670052889353,one shared preloaded model
conv-47-qa-131,hybrid_fifo_rag,0.6743005263208608,17.699299998639617,103.70729999704054,122.08090052200102,one shared preloaded model
conv-47-qa-132,hybrid_fifo_rag,0.6743005263208608,17.328900001302827,192.9926999982854,210.99590052590906,one shared preloaded model
conv-47-qa-133,hybrid_fifo_rag,0.6743005263208608,12.28370000171708,215.0595000020985,228.01750053013643,one shared preloaded model
conv-47-qa-134,hybrid_fifo_rag,0.6743005263208608,13.487099997291807,278.9100000009057,293.07140052451837,one shared preloaded model
conv-47-qa-135,hybrid_fifo_rag,0.6743005263208608,11.355899998306995,141.4896000023873,153.51980052701515,one shared preloaded model
conv-47-qa-136,hybrid_fifo_rag,0.6743005263208608,18.33459999761544,111.17139999987558,130.18030052381187,one shared preloaded model
conv-47-qa-137,hybrid_fifo_rag,0.6743005263208608,17.69129999956931,201.94049999918207,220.30610052507222,one shared preloaded model
conv-47-qa-138,hybrid_fifo_rag,0.6743005263208608,11.398999999073567,243.06689999866649,255.1402005240609,one shared preloaded model
conv-47-qa-139,hybrid_fifo_rag,0.6743005263208608,10.034800001449184,898.4367000011844,909.1458005289544,one shared preloaded model
conv-47-qa-140,hybrid_fifo_rag,0.6743005263208608,11.423600000853185,559.0570999993361,571.1550005265101,one shared preloaded model
conv-47-qa-141,hybrid_fifo_rag,0.6743005263208608,16.883799999050098,225.04169999956503,242.59980052493597,one shared preloaded model
conv-47-qa-142,hybrid_fifo_rag,0.6743005263208608,12.966700000106357,296.76760000074864,310.40860052717585,one shared preloaded model
conv-47-qa-143,hybrid_fifo_rag,0.6743005263208608,15.596499997627689,198.84799999999814,215.11880052394667,one shared preloaded model
conv-47-qa-144,hybrid_fifo_rag,0.6743005263208608,12.050500001350883,222.95350000058534,235.67830052825707,one shared preloaded model
conv-47-qa-145,hybrid_fifo_rag,0.6743005263208608,11.897299998963717,463.2984999989276,475.87010052421215,one shared preloaded model
conv-47-qa-146,hybrid_fifo_rag,0.6743005263208608,13.901399997848785,216.75089999916963,231.32660052333927,one shared preloaded model
conv-47-qa-147,hybrid_fifo_rag,0.6743005263208608,10.934900001302594,202.39399999991292,214.00320052753636,one shared preloaded model
conv-47-qa-148,hybrid_fifo_rag,0.6743005263208608,10.949999999866122,207.20239999718615,218.82670052337312,one shared preloaded model
conv-47-qa-149,hybrid_fifo_rag,0.6743005263208608,11.199500000657281,162.1733000029053,174.04710052988344,one shared preloaded model
conv-47-qa-150,hybrid_fifo_rag,0.6743005263208608,16.84670000031474,194.08710000061546,211.60810052725105,one shared preloaded model
conv-47-qa-151,hybrid_fifo_rag,0.6743005263208608,11.46820000212756,166.12069999973755,178.26320052818596,one shared preloaded model
conv-47-qa-152,hybrid_fifo_rag,0.6743005263208608,17.888800000946503,225.63799999988987,244.20110052715722,one shared preloaded model
conv-47-qa-153,hybrid_fifo_rag,0.6743005263208608,11.442400002124486,159.96740000264253,172.08410053108787,one shared preloaded model
conv-47-qa-154,hybrid_fifo_rag,0.6743005263208608,14.298400001280243,233.70889999932842,248.68160052692951,one shared preloaded model
conv-47-qa-155,hybrid_fifo_rag,0.6743005263208608,12.813299999834271,339.5339000016975,353.0215005278526,one shared preloaded model
conv-47-qa-156,hybrid_fifo_rag,0.6743005263208608,15.12919999731821,223.43720000208123,239.24070052572029,one shared preloaded model
conv-47-qa-157,hybrid_fifo_rag,0.6743005263208608,10.854400003154296,197.50829999975394,209.0370005292291,one shared preloaded model
conv-47-qa-158,hybrid_fifo_rag,0.6743005263208608,11.842500000057044,236.20579999987967,248.72260052625757,one shared preloaded model
conv-47-qa-159,hybrid_fifo_rag,0.6743005263208608,11.26529999964987,190.51979999858304,202.45940052455376,one shared preloaded model
conv-47-qa-160,hybrid_fifo_rag,0.6743005263208608,12.481099998694845,228.80710000026738,241.96250052528308,one shared preloaded model
conv-47-qa-161,hybrid_fifo_rag,0.6743005263208608,12.739099998725578,232.59580000012647,246.0092005251729,one shared preloaded model
conv-47-qa-162,hybrid_fifo_rag,0.6743005263208608,11.94759999998496,151.44299999883515,164.06490052514096,one shared preloaded model
conv-47-qa-163,hybrid_fifo_rag,0.6743005263208608,17.80460000009043,242.24700000195298,260.72590052836426,one shared preloaded model
conv-47-qa-164,hybrid_fifo_rag,0.6743005263208608,11.22160000159056,153.07019999818294,164.96610052609435,one shared preloaded model
conv-47-qa-165,hybrid_fifo_rag,0.6743005263208608,13.935799997852882,159.013500000583,173.62360052475674,one shared preloaded model
conv-47-qa-166,hybrid_fifo_rag,0.6743005263208608,16.32140000219806,166.9949999995879,183.9907005281068,one shared preloaded model
conv-47-qa-167,hybrid_fifo_rag,0.6743005263208608,17.90199999959441,209.1588999974192,227.73520052333447,one shared preloaded model
conv-47-qa-168,hybrid_fifo_rag,0.6743005263208608,11.694500000885455,226.3070000008156,238.6758005280219,one shared preloaded model
conv-47-qa-169,hybrid_fifo_rag,0.6743005263208608,16.86369999879389,191.948699997738,209.48670052285274,one shared preloaded model
conv-47-qa-170,hybrid_fifo_rag,0.6743005263208608,11.481300000014016,82.32850000058534,94.48410052692022,one shared preloaded model
conv-47-qa-171,hybrid_fifo_rag,0.6743005263208608,11.906600000656908,154.56099999937578,167.14190052635354,one shared preloaded model
conv-47-qa-172,hybrid_fifo_rag,0.6743005263208608,17.25770000120974,225.45829999944544,243.39030052697603,one shared preloaded model
conv-47-qa-173,hybrid_fifo_rag,0.6743005263208608,12.720899998384994,225.4109999994398,238.80620052414565,one shared preloaded model
conv-47-qa-174,hybrid_fifo_rag,0.6743005263208608,11.234699999477016,140.32080000106362,152.22980052686148,one shared preloaded model
conv-47-qa-175,hybrid_fifo_rag,0.6743005263208608,13.402100001258077,123.68459999925108,137.76100052683,one shared preloaded model
conv-47-qa-176,hybrid_fifo_rag,0.6743005263208608,13.739500001975102,273.72249999825726,288.1363005265532,one shared preloaded model
conv-47-qa-177,hybrid_fifo_rag,0.6743005263208608,14.868900001602015,389.6953000003123,405.23850052823514,one shared preloaded model
conv-47-qa-178,hybrid_fifo_rag,0.6743005263208608,13.83420000274782,320.60330000240356,335.1118005314722,one shared preloaded model
conv-47-qa-179,hybrid_fifo_rag,0.6743005263208608,12.299300000449875,144.15179999923566,157.1254005260064,one shared preloaded model
conv-47-qa-180,hybrid_fifo_rag,0.6743005263208608,15.672699999413453,887.7849999989849,904.1320005247192,one shared preloaded model
conv-47-qa-181,hybrid_fifo_rag,0.6743005263208608,10.148599998501595,196.3711999997031,207.19410052452554,one shared preloaded model
conv-47-qa-182,hybrid_fifo_rag,0.6743005263208608,13.396300000749761,143.2715000009921,157.3421005280627,one shared preloaded model
conv-47-qa-183,hybrid_fifo_rag,0.6743005263208608,18.49650000076508,297.0580000001064,316.22880052719233,one shared preloaded model
conv-47-qa-184,hybrid_fifo_rag,0.6743005263208608,9.96070000110194,519.8862999968696,530.5213005242924,one shared preloaded model
conv-47-qa-185,hybrid_fifo_rag,0.6743005263208608,14.006099998368882,224.0072999993572,238.68770052404693,one shared preloaded model
conv-47-qa-186,hybrid_fifo_rag,0.6743005263208608,13.667100000020582,720.7133000010799,735.0547005274213,one shared preloaded model
conv-47-qa-187,hybrid_fifo_rag,0.6743005263208608,11.767099997086916,208.61069999955362,221.05210052296138,one shared preloaded model
conv-47-qa-188,hybrid_fifo_rag,0.6743005263208608,12.241100001119776,586.5770999989763,599.492500526417,one shared preloaded model
conv-47-qa-189,hybrid_fifo_rag,0.6743005263208608,13.409600000159116,126.18270000166376,140.26660052814373,one shared preloaded model
conv-48-qa-0,hybrid_fifo_rag,0.5531732217510033,19.76900000227033,226.22709999996005,246.54927322398137,one shared preloaded model
conv-48-qa-1,hybrid_fifo_rag,0.5531732217510033,12.011400001938455,122.70390000048792,135.26847322417737,one shared preloaded model
conv-48-qa-2,hybrid_fifo_rag,0.5531732217510033,15.616600001521874,497.9739999980666,514.1437732213394,one shared preloaded model
conv-48-qa-3,hybrid_fifo_rag,0.5531732217510033,13.624800001707627,161.93059999932302,176.10857322278164,one shared preloaded model
conv-48-qa-4,hybrid_fifo_rag,0.5531732217510033,16.831699998874683,166.0048999983701,183.38977321899577,one shared preloaded model
conv-48-qa-5,hybrid_fifo_rag,0.5531732217510033,17.1732000017073,199.74979999824427,217.47617322170257,one shared preloaded model
conv-48-qa-6,hybrid_fifo_rag,0.5531732217510033,11.416199999075616,232.9052999994019,244.87467322022852,one shared preloaded model
conv-48-qa-7,hybrid_fifo_rag,0.5531732217510033,12.09240000025602,225.18440000203555,237.82997322404256,one shared preloaded model
conv-48-qa-8,hybrid_fifo_rag,0.5531732217510033,9.882099999231286,286.9725999989896,297.4078732199719,one shared preloaded model
conv-48-qa-9,hybrid_fifo_rag,0.5531732217510033,10.644500001944834,169.27530000248225,180.47297322617808,one shared preloaded model
conv-48-qa-10,hybrid_fifo_rag,0.5531732217510033,15.740300001198193,209.5913000011933,225.8847732241425,one shared preloaded model
conv-48-qa-11,hybrid_fifo_rag,0.5531732217510033,11.013100000127451,223.84409999722266,235.4103732191011,one shared preloaded model
conv-48-qa-12,hybrid_fifo_rag,0.5531732217510033,10.888699998758966,187.58430000161752,199.02617322212748,one shared preloaded model
conv-48-qa-13,hybrid_fifo_rag,0.5531732217510033,13.759100002062041,161.2000999994052,175.51237322321825,one shared preloaded model
conv-48-qa-14,hybrid_fifo_rag,0.5531732217510033,16.60910000282456,225.138000001607,242.30027322618255,one shared preloaded model
conv-48-qa-15,hybrid_fifo_rag,0.5531732217510033,12.389300001814263,153.29560000100173,166.238073224567,one shared preloaded model
conv-48-qa-16,hybrid_fifo_rag,0.5531732217510033,14.866699999402044,183.77820000023348,199.19807322138652,one shared preloaded model
conv-48-qa-17,hybrid_fifo_rag,0.5531732217510033,15.527700001257472,308.0225000012433,324.1033732242518,one shared preloaded model
conv-48-qa-18,hybrid_fifo_rag,0.5531732217510033,13.699799997993978,199.9467999994522,214.19977321919717,one shared preloaded model
conv-48-qa-19,hybrid_fifo_rag,0.5531732217510033,12.94179999968037,170.4360000003362,183.93097322176757,one shared preloaded model
conv-48-qa-20,hybrid_fifo_rag,0.5531732217510033,17.225999999936903,226.6297999995004,244.4089732211883,one shared preloaded model
conv-48-qa-21,hybrid_fifo_rag,0.5531732217510033,14.339000001200475,183.91580000024987,198.80797322320134,one shared preloaded model
conv-48-qa-22,hybrid_fifo_rag,0.5531732217510033,15.371499997854698,159.90429999874323,175.82897321834892,one shared preloaded model
conv-48-qa-23,hybrid_fifo_rag,0.5531732217510033,16.474899999593617,228.52050000074087,245.54857322208548,one shared preloaded model
conv-48-qa-24,hybrid_fifo_rag,0.5531732217510033,12.405800000124145,366.7392000024847,379.6981732243599,one shared preloaded model
conv-48-qa-25,hybrid_fifo_rag,0.5531732217510033,14.011499999469379,222.09550000115996,236.66017322238034,one shared preloaded model
conv-48-qa-26,hybrid_fifo_rag,0.5531732217510033,14.226100000087172,232.47189999892726,247.25117322076542,one shared preloaded model
conv-48-qa-27,hybrid_fifo_rag,0.5531732217510033,10.646700000506826,218.66120000049705,229.86107322275487,one shared preloaded model
conv-48-qa-28,hybrid_fifo_rag,0.5531732217510033,14.583700001821853,228.51799999989453,243.65487322346738,one shared preloaded model
conv-48-qa-29,hybrid_fifo_rag,0.5531732217510033,13.032700000621844,226.23830000156886,239.8241732239417,one shared preloaded model
conv-48-qa-30,hybrid_fifo_rag,0.5531732217510033,10.175499999604654,216.0396999970544,226.76837321841006,one shared preloaded model
conv-48-qa-31,hybrid_fifo_rag,0.5531732217510033,11.300000001938315,224.8159000009764,236.6690732246657,one shared preloaded model
conv-48-qa-32,hybrid_fifo_rag,0.5531732217510033,11.911900000995956,226.57320000143955,239.0382732241865,one shared preloaded model
conv-48-qa-33,hybrid_fifo_rag,0.5531732217510033,14.976099999330472,225.01200000260724,240.5412732236887,one shared preloaded model
conv-48-qa-34,hybrid_fifo_rag,0.5531732217510033,9.917899998981738,185.66199999986566,196.1330732205984,one shared preloaded model
conv-48-qa-35,hybrid_fifo_rag,0.5531732217510033,16.020500002923654,182.78160000045318,199.35527322512783,one shared preloaded model
conv-48-qa-36,hybrid_fifo_rag,0.5531732217510033,16.524599999684142,172.76290000154404,189.84067322297918,one shared preloaded model
conv-48-qa-37,hybrid_fifo_rag,0.5531732217510033,16.863099997863173,470.57950000089477,487.99577322050897,one shared preloaded model
conv-48-qa-38,hybrid_fifo_rag,0.5531732217510033,10.111800002050586,286.98589999839896,297.6508732222006,one shared preloaded model
conv-48-qa-39,hybrid_fifo_rag,0.5531732217510033,13.733600000705337,249.87400000100024,264.1607732234566,one shared preloaded model
conv-48-qa-40,hybrid_fifo_rag,0.5531732217510033,10.189600001467625,232.1062000009988,242.84897322421742,one shared preloaded model
conv-48-qa-41,hybrid_fifo_rag,0.5531732217510033,10.211499997240026,474.989899998036,485.75457321702703,one shared preloaded model
conv-48-qa-42,hybrid_fifo_rag,0.5531732217510033,13.526399998227134,469.72380000079283,483.803373220771,one shared preloaded model
conv-48-qa-43,hybrid_fifo_rag,0.5531732217510033,14.488400000118418,221.32810000039171,236.36967322226113,one shared preloaded model
conv-48-qa-44,hybrid_fifo_rag,0.5531732217510033,10.045200000604382,227.23680000126478,237.83517322362016,one shared preloaded model
conv-48-qa-45,hybrid_fifo_rag,0.5531732217510033,10.473000002093613,234.61609999867505,245.64227322251966,one shared preloaded model
conv-48-qa-46,hybrid_fifo_rag,0.5531732217510033,11.33779999872786,216.35900000183028,228.24997322230914,one shared preloaded model
conv-48-qa-47,hybrid_fifo_rag,0.5531732217510033,13.31209999989369,302.1688000007998,316.03407322244453,one shared preloaded model
conv-48-qa-48,hybrid_fifo_rag,0.5531732217510033,13.710500003071502,181.83940000017174,196.10307322499423,one shared preloaded model
conv-48-qa-49,hybrid_fifo_rag,0.5531732217510033,15.834699999686563,525.5242999992333,541.9121732206709,one shared preloaded model
conv-48-qa-50,hybrid_fifo_rag,0.5531732217510033,12.784399998054141,158.53879999849596,171.8763732183011,one shared preloaded model
conv-48-qa-51,hybrid_fifo_rag,0.5531732217510033,16.697399998520268,469.36970000024303,486.6202732205143,one shared preloaded model
conv-48-qa-52,hybrid_fifo_rag,0.5531732217510033,14.20000000143773,224.43879999991623,239.19197322310495,one shared preloaded model
conv-48-qa-53,hybrid_fifo_rag,0.5531732217510033,11.63289999749395,427.6906999984931,439.87677321773805,one shared preloaded model
conv-48-qa-54,hybrid_fifo_rag,0.5531732217510033,11.4173000001756,159.1880999985733,171.1585732204999,one shared preloaded model
conv-48-qa-55,hybrid_fifo_rag,0.5531732217510033,17.417299997759983,161.924199997884,179.89467321739497,one shared preloaded model
conv-48-qa-56,hybrid_fifo_rag,0.5531732217510033,17.33790000071167,513.0494999975781,530.9405732200407,one shared preloaded model
conv-48-qa-57,hybrid_fifo_rag,0.5531732217510033,10.018299999501323,184.5084999986284,195.0799732198807,one shared preloaded model
conv-48-qa-58,hybrid_fifo_rag,0.5531732217510033,17.047099998308113,233.36249999920256,250.96277321926166,one shared preloaded model
conv-48-qa-59,hybrid_fifo_rag,0.5531732217510033,15.482799997698748,210.55110000088462,226.58707322033436,one shared preloaded model
conv-48-qa-60,hybrid_fifo_rag,0.5531732217510033,11.892499998793937,300.36350000227685,312.8091732228218,one shared preloaded model
conv-48-qa-61,hybrid_fifo_rag,0.5531732217510033,13.364800000999821,224.9128000003111,238.83077322306193,one shared preloaded model
conv-48-qa-62,hybrid_fifo_rag,0.5531732217510033,11.810599997261306,182.968000000983,195.3317732199953,one shared preloaded model
conv-48-qa-63,hybrid_fifo_rag,0.5531732217510033,14.820000000327127,203.38160000028438,218.7547732223625,one shared preloaded model
conv-48-qa-64,hybrid_fifo_rag,0.5531732217510033,12.879700003395556,105.01920000024256,118.45207322538911,one shared preloaded model
conv-48-qa-65,hybrid_fifo_rag,0.5531732217510033,13.129999999364372,154.4702999999572,168.15347322107257,one shared preloaded model
conv-48-qa-66,hybrid_fifo_rag,0.5531732217510033,13.531399999919813,657.6152999987244,671.6998732203951,one shared preloaded model
conv-48-qa-67,hybrid_fifo_rag,0.5531732217510033,14.01850000183913,235.76880000109668,250.3404732246868,one shared preloaded model
conv-48-qa-68,hybrid_fifo_rag,0.5531732217510033,10.995699998602504,146.43799999976181,157.9868732201153,one shared preloaded model
conv-48-qa-69,hybrid_fifo_rag,0.5531732217510033,15.52119999905699,121.78820000190171,137.8625732227097,one shared preloaded model
conv-48-qa-70,hybrid_fifo_rag,0.5531732217510033,17.377899999701185,107.86849999931292,125.7995732207651,one shared preloaded model
conv-48-qa-71,hybrid_fifo_rag,0.5531732217510033,11.007699999026954,318.07470000057947,329.63557322135745,one shared preloaded model
conv-48-qa-72,hybrid_fifo_rag,0.5531732217510033,13.438000001769979,366.1352999988594,380.1264732223804,one shared preloaded model
conv-48-qa-73,hybrid_fifo_rag,0.5531732217510033,13.62380000136909,85.29640000051586,99.47337322363595,one shared preloaded model
conv-48-qa-74,hybrid_fifo_rag,0.5531732217510033,18.105400002241367,538.2373000029474,556.8958732269398,one shared preloaded model
conv-48-qa-75,hybrid_fifo_rag,0.5531732217510033,14.393199999176431,490.8350999976392,505.78147321856665,one shared preloaded model
conv-48-qa-76,hybrid_fifo_rag,0.5531732217510033,13.513499998225598,357.9199999985576,371.98667321853424,one shared preloaded model
conv-48-qa-77,hybrid_fifo_rag,0.5531732217510033,13.329800000065006,174.24510000273585,188.12807322455185,one shared preloaded model
conv-48-qa-78,hybrid_fifo_rag,0.5531732217510033,15.129499999602558,226.13170000113314,241.8143732224867,one shared preloaded model
conv-48-qa-79,hybrid_fifo_rag,0.5531732217510033,10.790299998916453,108.38770000191289,119.73117322258034,one shared preloaded model
conv-48-qa-80,hybrid_fifo_rag,0.5531732217510033,16.378800002712524,194.03819999934058,210.9701732238041,one shared preloaded model
conv-48-qa-81,hybrid_fifo_rag,0.5531732217510033,12.387399998260662,187.83889999758685,200.7794732175985,one shared preloaded model
conv-48-qa-82,hybrid_fifo_rag,0.5531732217510033,12.648500000068452,421.5034000008018,434.70507322262125,one shared preloaded model
conv-48-qa-83,hybrid_fifo_rag,0.5531732217510033,14.02790000065579,174.63340000176686,189.21447322417364,one shared preloaded model
conv-48-qa-84,hybrid_fifo_rag,0.5531732217510033,17.11060000161524,174.34250000223983,192.00627322560607,one shared preloaded model
conv-48-qa-85,hybrid_fifo_rag,0.5531732217510033,11.597799999435665,159.7473000001628,171.89827322134946,one shared preloaded model
conv-48-qa-86,hybrid_fifo_rag,0.5531732217510033,16.81310000276426,223.1007000009413,240.46697322545654,one shared preloaded model
conv-48-qa-87,hybrid_fifo_rag,0.5531732217510033,11.151700000482379,199.72539999798755,211.43027322022093,one shared preloaded model
conv-48-qa-88,hybrid_fifo_rag,0.5531732217510033,11.217799998121336,328.8654999996652,340.63647321953755,one shared preloaded model
conv-48-qa-89,hybrid_fifo_rag,0.5531732217510033,13.68690000163042,212.02439999979106,226.26447322317247,one shared preloaded model
conv-48-qa-90,hybrid_fifo_rag,0.5531732217510033,11.249899998801993,222.09470000234433,233.8977732228973,one shared preloaded model
conv-48-qa-91,hybrid_fifo_rag,0.5531732217510033,11.459699999250006,374.1089000031934,386.12177322419444,one shared preloaded model
conv-48-qa-92,hybrid_fifo_rag,0.5531732217510033,9.648600000218721,224.38469999906374,234.58647322103346,one shared preloaded model
conv-48-qa-93,hybrid_fifo_rag,0.5531732217510033,12.365200000203913,172.63670000102138,185.5550732229763,one shared preloaded model
conv-48-qa-94,hybrid_fifo_rag,0.5531732217510033,11.15639999989071,225.92249999797787,237.63207321961957,one shared preloaded model
conv-48-qa-95,hybrid_fifo_rag,0.5531732217510033,9.75059999836958,203.1886000004306,213.49237322055117,one shared preloaded model
conv-48-qa-96,hybrid_fifo_rag,0.5531732217510033,10.403399999631802,284.64010000243434,295.59667322381716,one shared preloaded model
conv-48-qa-97,hybrid_fifo_rag,0.5531732217510033,11.849700000311714,121.85429999954067,134.25717322160338,one shared preloaded model
conv-48-qa-98,hybrid_fifo_rag,0.5531732217510033,10.373400000389665,290.82589999961783,301.7524732217585,one shared preloaded model
conv-48-qa-99,hybrid_fifo_rag,0.5531732217510033,11.477399999421323,465.5767000003834,477.6072732215558,one shared preloaded model
conv-48-qa-100,hybrid_fifo_rag,0.5531732217510033,10.685299999749986,224.30569999778527,235.54417321928625,one shared preloaded model
conv-48-qa-101,hybrid_fifo_rag,0.5531732217510033,12.120899998990353,189.22149999707472,201.89557321781606,one shared preloaded model
conv-48-qa-102,hybrid_fifo_rag,0.5531732217510033,13.044600000284845,156.43319999799132,170.03097322002716,one shared preloaded model
conv-48-qa-103,hybrid_fifo_rag,0.5531732217510033,16.765299998951377,223.63380000024335,240.95227322094573,one shared preloaded model
conv-48-qa-104,hybrid_fifo_rag,0.5531732217510033,13.855699999112403,201.70580000194605,216.11467322280944,one shared preloaded model
conv-48-qa-105,hybrid_fifo_rag,0.5531732217510033,9.825900000578258,160.70179999951506,171.0808732218443,one shared preloaded model
conv-48-qa-106,hybrid_fifo_rag,0.5531732217510033,17.563599998538848,223.42579999894951,241.54257321923936,one shared preloaded model
conv-48-qa-107,hybrid_fifo_rag,0.5531732217510033,12.277199999516597,249.02579999979935,261.85617322106697,one shared preloaded model
conv-48-qa-108,hybrid_fifo_rag,0.5531732217510033,10.382799999206327,155.16560000105528,166.1015732220126,one shared preloaded model
conv-48-qa-109,hybrid_fifo_rag,0.5531732217510033,14.79059999837773,161.63790000064182,176.98167322077055,one shared preloaded model
conv-48-qa-110,hybrid_fifo_rag,0.5531732217510033,13.428599999315338,224.339799999143,238.32157322020933,one shared preloaded model
conv-48-qa-111,hybrid_fifo_rag,0.5531732217510033,14.393099998414982,251.53950000094483,266.48577322111083,one shared preloaded model
conv-48-qa-112,hybrid_fifo_rag,0.5531732217510033,14.123900000413414,390.427099999215,405.1041732213794,one shared preloaded model
conv-48-qa-113,hybrid_fifo_rag,0.5531732217510033,18.60129999840865,1390.788100001373,1409.9425732215327,one shared preloaded model
conv-48-qa-114,hybrid_fifo_rag,0.5531732217510033,13.266300000395859,228.4081999969203,242.22767321906716,one shared preloaded model
conv-48-qa-115,hybrid_fifo_rag,0.5531732217510033,13.399400002526818,236.16929999843705,250.12187322271487,one shared preloaded model
conv-48-qa-116,hybrid_fifo_rag,0.5531732217510033,12.096899998141453,109.76259999733884,122.41267321723129,one shared preloaded model
conv-48-qa-117,hybrid_fifo_rag,0.5531732217510033,16.35299999907147,586.5803999986383,603.4865732194608,one shared preloaded model
conv-48-qa-118,hybrid_fifo_rag,0.5531732217510033,13.878699999622768,214.14869999716757,228.58057321854133,one shared preloaded model
conv-48-qa-119,hybrid_fifo_rag,0.5531732217510033,12.366999999358086,908.3599999976286,921.2801732187377,one shared preloaded model
conv-48-qa-120,hybrid_fifo_rag,0.5531732217510033,14.100499996857252,305.15379999997094,319.8074732185792,one shared preloaded model
conv-48-qa-121,hybrid_fifo_rag,0.5531732217510033,14.205900002707494,508.26489999963087,523.0239732240893,one shared preloaded model
conv-48-qa-122,hybrid_fifo_rag,0.5531732217510033,12.793399997462984,231.06800000095973,244.4145732201737,one shared preloaded model
conv-48-qa-123,hybrid_fifo_rag,0.5531732217510033,14.477700002316851,422.76940000010654,437.8002732241744,one shared preloaded model
conv-48-qa-124,hybrid_fifo_rag,0.5531732217510033,14.12730000083684,295.91029999937746,310.5907732219653,one shared preloaded model
conv-48-qa-125,hybrid_fifo_rag,0.5531732217510033,14.20940000025439,161.0307000009925,175.7932732229979,one shared preloaded model
conv-48-qa-126,hybrid_fifo_rag,0.5531732217510033,17.051699996954994,363.47250000108033,381.07737321978635,one shared preloaded model
conv-48-qa-127,hybrid_fifo_rag,0.5531732217510033,10.52739999795449,441.2540000012086,452.33457322091414,one shared preloaded model
conv-48-qa-128,hybrid_fifo_rag,0.5531732217510033,13.286800000059884,109.96999999770196,123.80997321951284,one shared preloaded model
conv-48-qa-129,hybrid_fifo_rag,0.5531732217510033,17.484399999375455,165.57100000136415,183.6085732224906,one shared preloaded model
conv-48-qa-130,hybrid_fifo_rag,0.5531732217510033,16.954200000327546,476.84300000037183,494.3503732224504,one shared preloaded model
conv-48-qa-131,hybrid_fifo_rag,0.5531732217510033,13.393999997788342,173.67379999996047,187.6209732194998,one shared preloaded model
conv-48-qa-132,hybrid_fifo_rag,0.5531732217510033,16.99009999720147,201.00839999940945,218.5516732183619,one shared preloaded model
conv-48-qa-133,hybrid_fifo_rag,0.5531732217510033,9.54980000096839,263.53410000228905,273.63707322500846,one shared preloaded model
conv-48-qa-134,hybrid_fifo_rag,0.5531732217510033,10.06749999942258,227.33549999975367,237.95617322092724,one shared preloaded model
conv-48-qa-135,hybrid_fifo_rag,0.5531732217510033,10.672000000340631,328.04530000066734,339.270473222759,one shared preloaded model
conv-48-qa-136,hybrid_fifo_rag,0.5531732217510033,13.427199999568984,357.4421999983315,371.4225732196515,one shared preloaded model
conv-48-qa-137,hybrid_fifo_rag,0.5531732217510033,13.599300000350922,160.91519999827142,175.06767322037334,one shared preloaded model
conv-48-qa-138,hybrid_fifo_rag,0.5531732217510033,18.00780000121449,374.1037000036158,392.66467322658133,one shared preloaded model
conv-48-qa-139,hybrid_fifo_rag,0.5531732217510033,13.762400001724018,614.4515999985742,628.7671732220492,one shared preloaded model
conv-48-qa-140,hybrid_fifo_rag,0.5531732217510033,13.446799999655923,213.560399999551,227.56037322095793,one shared preloaded model
conv-48-qa-141,hybrid_fifo_rag,0.5531732217510033,10.504200003197184,161.12639999846579,172.18377322341397,one shared preloaded model
conv-48-qa-142,hybrid_fifo_rag,0.5531732217510033,18.142000000807457,338.4549000002153,357.15007322277376,one shared preloaded model
conv-48-qa-143,hybrid_fifo_rag,0.5531732217510033,14.215699997293996,768.8152000009723,783.5840732200172,one shared preloaded model
conv-48-qa-144,hybrid_fifo_rag,0.5531732217510033,10.66029999856255,546.8457999995735,558.059273219887,one shared preloaded model
conv-48-qa-145,hybrid_fifo_rag,0.5531732217510033,13.37240000066231,123.67699999958859,137.6025732220019,one shared preloaded model
conv-48-qa-146,hybrid_fifo_rag,0.5531732217510033,16.95839999956661,189.49820000125328,207.00977322257089,one shared preloaded model
conv-48-qa-147,hybrid_fifo_rag,0.5531732217510033,14.89949999813689,232.5091999991855,247.9618732190734,one shared preloaded model
conv-48-qa-148,hybrid_fifo_rag,0.5531732217510033,12.541300002339995,161.7975999979535,174.8920732220445,one shared preloaded model
conv-48-qa-149,hybrid_fifo_rag,0.5531732217510033,17.00440000058734,274.20859999983804,291.7661732221764,one shared preloaded model
conv-48-qa-150,hybrid_fifo_rag,0.5531732217510033,14.483300001302268,226.8549999971583,241.89147322021157,one shared preloaded model
conv-48-qa-151,hybrid_fifo_rag,0.5531732217510033,13.666400001966394,165.05659999893396,179.27617322265135,one shared preloaded model
conv-48-qa-152,hybrid_fifo_rag,0.5531732217510033,17.871300002298085,430.2191999995557,448.6436732236048,one shared preloaded model
conv-48-qa-153,hybrid_fifo_rag,0.5531732217510033,14.830100000835955,571.3404000016453,586.7236732242322,one shared preloaded model
conv-48-qa-154,hybrid_fifo_rag,0.5531732217510033,16.133500001160428,101.64939999958733,118.33607322249875,one shared preloaded model
conv-48-qa-155,hybrid_fifo_rag,0.5531732217510033,16.89040000201203,287.7888000002713,305.23237322403435,one shared preloaded model
conv-48-qa-156,hybrid_fifo_rag,0.5531732217510033,10.942500000965083,201.9462000025669,213.441873225283,one shared preloaded model
conv-48-qa-157,hybrid_fifo_rag,0.5531732217510033,9.925199999997858,172.56089999864344,183.0392732203923,one shared preloaded model
conv-48-qa-158,hybrid_fifo_rag,0.5531732217510033,12.139599999500206,276.3417999994999,289.03457322075116,one shared preloaded model
conv-48-qa-159,hybrid_fifo_rag,0.5531732217510033,12.919299999339273,475.45479999826057,488.92727321935087,one shared preloaded model
conv-48-qa-160,hybrid_fifo_rag,0.5531732217510033,13.58750000144937,235.6551999982912,249.79587322149158,one shared preloaded model
conv-48-qa-161,hybrid_fifo_rag,0.5531732217510033,14.690500000142492,180.82370000047376,196.06737322236725,one shared preloaded model
conv-48-qa-162,hybrid_fifo_rag,0.5531732217510033,17.512500002339948,319.5257000006677,337.5913732247587,one shared preloaded model
conv-48-qa-163,hybrid_fifo_rag,0.5531732217510033,10.168799999519251,342.1368000017537,352.858773223024,one shared preloaded model
conv-48-qa-164,hybrid_fifo_rag,0.5531732217510033,13.114899997162865,201.42029999988154,215.0883732187954,one shared preloaded model
conv-48-qa-165,hybrid_fifo_rag,0.5531732217510033,12.452300001314143,159.05010000278708,172.0555732258522,one shared preloaded model
conv-48-qa-166,hybrid_fifo_rag,0.5531732217510033,16.83490000141319,210.66720000089845,228.05527322406263,one shared preloaded model
conv-48-qa-167,hybrid_fifo_rag,0.5531732217510033,11.334200000419514,297.9150999999547,309.80247322212523,one shared preloaded model
conv-48-qa-168,hybrid_fifo_rag,0.5531732217510033,11.425000000599539,369.91000000125496,381.8881732236055,one shared preloaded model
conv-48-qa-169,hybrid_fifo_rag,0.5531732217510033,13.721100000111619,199.4881999999052,213.7624732217678,one shared preloaded model
conv-48-qa-170,hybrid_fifo_rag,0.5531732217510033,11.046299998270115,371.1064000017359,382.70587322175703,one shared preloaded model
conv-48-qa-171,hybrid_fifo_rag,0.5531732217510033,14.293799998995382,109.94619999837596,124.79317321912234,one shared preloaded model
conv-48-qa-172,hybrid_fifo_rag,0.5531732217510033,18.214700001408346,224.52859999975772,243.29647322291706,one shared preloaded model
conv-48-qa-173,hybrid_fifo_rag,0.5531732217510033,9.706699998787371,224.8111999979301,235.07107321846846,one shared preloaded model
conv-48-qa-174,hybrid_fifo_rag,0.5531732217510033,11.736599997675512,150.4332999975304,162.72307321695692,one shared preloaded model
conv-48-qa-175,hybrid_fifo_rag,0.5531732217510033,18.42400000168709,226.88239999843063,245.85957322186871,one shared preloaded model
conv-48-qa-176,hybrid_fifo_rag,0.5531732217510033,11.900900000910042,400.3612000014982,412.8152732241593,one shared preloaded model
conv-48-qa-177,hybrid_fifo_rag,0.5531732217510033,14.293999996880302,676.4244000005419,691.2715732191732,one shared preloaded model
conv-48-qa-178,hybrid_fifo_rag,0.5531732217510033,13.66500000222004,1081.2860000005458,1095.5041732245168,one shared preloaded model
conv-48-qa-179,hybrid_fifo_rag,0.5531732217510033,14.51430000088294,220.98270000060438,236.05017322323832,one shared preloaded model
conv-48-qa-180,hybrid_fifo_rag,0.5531732217510033,9.647400001995265,203.01070000277832,213.21127322652458,one shared preloaded model
conv-48-qa-181,hybrid_fifo_rag,0.5531732217510033,11.21439999769791,97.19980000227224,108.96737322172115,one shared preloaded model
conv-48-qa-182,hybrid_fifo_rag,0.5531732217510033,12.271399999008281,393.0952000009711,405.9197732217304,one shared preloaded model
conv-48-qa-183,hybrid_fifo_rag,0.5531732217510033,12.914500002807472,1036.9233000019449,1050.3909732265033,one shared preloaded model
conv-48-qa-184,hybrid_fifo_rag,0.5531732217510033,14.977499999076826,262.30869999926654,277.8393732200944,one shared preloaded model
conv-48-qa-185,hybrid_fifo_rag,0.5531732217510033,13.300000002345769,107.5105000018084,121.36367322590516,one shared preloaded model
conv-48-qa-186,hybrid_fifo_rag,0.5531732217510033,16.13089999955264,168.35920000085025,185.04327322215389,one shared preloaded model
conv-48-qa-187,hybrid_fifo_rag,0.5531732217510033,11.756899999454618,133.03839999935008,145.3484732205557,one shared preloaded model
conv-48-qa-188,hybrid_fifo_rag,0.5531732217510033,11.604799998167437,233.0273000006855,245.18527322060393,one shared preloaded model
conv-48-qa-189,hybrid_fifo_rag,0.5531732217510033,10.11099999959697,160.38830000252347,171.05247322387143,one shared preloaded model
conv-48-qa-190,hybrid_fifo_rag,0.5531732217510033,15.88629999969271,272.167700000864,288.6071732223077,one shared preloaded model
conv-48-qa-191,hybrid_fifo_rag,0.5531732217510033,13.37249999778578,220.42289999808418,234.34857321762095,one shared preloaded model
conv-48-qa-192,hybrid_fifo_rag,0.5531732217510033,11.20459999947343,215.39620000112336,227.1539732223478,one shared preloaded model
conv-48-qa-193,hybrid_fifo_rag,0.5531732217510033,11.216900002182228,179.36620000182302,191.13627322575624,one shared preloaded model
conv-48-qa-194,hybrid_fifo_rag,0.5531732217510033,16.505100000358652,184.73299999823212,201.79127322034176,one shared preloaded model
conv-48-qa-195,hybrid_fifo_rag,0.5531732217510033,11.961200001678662,226.27970000030473,238.7940732237344,one shared preloaded model
conv-48-qa-196,hybrid_fifo_rag,0.5531732217510033,9.557400000630878,209.08069999859435,219.19127322097623,one shared preloaded model
conv-48-qa-197,hybrid_fifo_rag,0.5531732217510033,11.227599999983795,158.36599999965983,170.14677322139462,one shared preloaded model
conv-48-qa-198,hybrid_fifo_rag,0.5531732217510033,13.793800000712508,222.32010000152513,236.66707322398864,one shared preloaded model
conv-48-qa-199,hybrid_fifo_rag,0.5531732217510033,11.45370000085677,158.15329999895766,170.16017322156543,one shared preloaded model
conv-48-qa-200,hybrid_fifo_rag,0.5531732217510033,17.743199998221826,226.22950000004494,244.52587322001776,one shared preloaded model
conv-48-qa-201,hybrid_fifo_rag,0.5531732217510033,13.67480000044452,226.09039999952074,240.31837322171626,one shared preloaded model
conv-48-qa-202,hybrid_fifo_rag,0.5531732217510033,14.285500001278706,224.9857000024349,239.8243732254646,one shared preloaded model
conv-48-qa-203,hybrid_fifo_rag,0.5531732217510033,9.914400001434842,198.853699999745,209.32127322293084,one shared preloaded model
conv-48-qa-204,hybrid_fifo_rag,0.5531732217510033,13.76670000172453,340.8516999988933,355.17157322236886,one shared preloaded model
conv-48-qa-205,hybrid_fifo_rag,0.5531732217510033,11.525800000526942,233.16699999850243,245.24597322078037,one shared preloaded model
conv-48-qa-206,hybrid_fifo_rag,0.5531732217510033,10.931699998764088,220.72440000192728,232.20927322244236,one shared preloaded model
conv-48-qa-207,hybrid_fifo_rag,0.5531732217510033,11.601800000789808,229.05810000156634,241.21307322410715,one shared preloaded model
conv-48-qa-208,hybrid_fifo_rag,0.5531732217510033,10.303099999873666,153.93399999811663,164.7902732197413,one shared preloaded model
conv-48-qa-209,hybrid_fifo_rag,0.5531732217510033,15.836500002478715,207.82729999700678,224.2169732212365,one shared preloaded model
conv-48-qa-210,hybrid_fifo_rag,0.5531732217510033,9.757100000570063,275.3913000015018,285.7015732238229,one shared preloaded model
conv-48-qa-211,hybrid_fifo_rag,0.5531732217510033,11.00380000207224,225.4350000002887,236.99197322411194,one shared preloaded model
conv-48-qa-212,hybrid_fifo_rag,0.5531732217510033,11.865699998452328,162.8076000015426,175.22647322174592,one shared preloaded model
conv-48-qa-213,hybrid_fifo_rag,0.5531732217510033,18.031299998256145,291.7802000010852,310.36467322109235,one shared preloaded model
conv-48-qa-214,hybrid_fifo_rag,0.5531732217510033,14.666399998532142,222.93949999948381,238.15907321976695,one shared preloaded model
conv-48-qa-215,hybrid_fifo_rag,0.5531732217510033,9.88350000261562,219.63900000264402,230.07567322701064,one shared preloaded model
conv-48-qa-216,hybrid_fifo_rag,0.5531732217510033,10.440600002766587,928.8129000015033,939.8066732260208,one shared preloaded model
conv-48-qa-217,hybrid_fifo_rag,0.5531732217510033,13.567999998485902,160.52470000067842,174.64587322091532,one shared preloaded model
conv-48-qa-218,hybrid_fifo_rag,0.5531732217510033,17.21210000323481,272.58469999651425,290.3499732215001,one shared preloaded model
conv-48-qa-219,hybrid_fifo_rag,0.5531732217510033,12.333399998169625,239.4497000022966,252.33627322221722,one shared preloaded model
conv-48-qa-220,hybrid_fifo_rag,0.5531732217510033,10.321600002498599,470.8357999988948,481.7105732231444,one shared preloaded model
conv-48-qa-221,hybrid_fifo_rag,0.5531732217510033,21.155300000827992,491.3507999990543,513.0592732216332,one shared preloaded model
conv-48-qa-222,hybrid_fifo_rag,0.5531732217510033,10.025100000348175,368.74119999993127,379.31947322203047,one shared preloaded model
conv-48-qa-223,hybrid_fifo_rag,0.5531732217510033,15.796499999851221,155.12310000121943,171.47277322282164,one shared preloaded model
conv-48-qa-224,hybrid_fifo_rag,0.5531732217510033,13.594199997896794,208.55079999819282,222.6981732178406,one shared preloaded model
conv-48-qa-225,hybrid_fifo_rag,0.5531732217510033,10.874700001295423,160.66549999959534,172.09337322264176,one shared preloaded model
conv-48-qa-226,hybrid_fifo_rag,0.5531732217510033,18.691500001295935,208.69200000015553,227.93667322320246,one shared preloaded model
conv-48-qa-227,hybrid_fifo_rag,0.5531732217510033,12.325899999268586,162.37660000115284,175.25567322217242,one shared preloaded model
conv-48-qa-228,hybrid_fifo_rag,0.5531732217510033,16.313599997374695,393.7586000029114,410.6253732220371,one shared preloaded model
conv-48-qa-229,hybrid_fifo_rag,0.5531732217510033,14.221900000848109,478.4399999989546,493.2150732215537,one shared preloaded model
conv-48-qa-230,hybrid_fifo_rag,0.5531732217510033,13.750200003414648,107.36709999764571,121.67047322281135,one shared preloaded model
conv-48-qa-231,hybrid_fifo_rag,0.5531732217510033,17.90930000061053,224.93179999946733,243.39427322182885,one shared preloaded model
conv-48-qa-232,hybrid_fifo_rag,0.5531732217510033,10.315899999113753,203.9647999990848,214.83387321994954,one shared preloaded model
conv-48-qa-233,hybrid_fifo_rag,0.5531732217510033,11.432400002377108,831.4348999992944,843.4204732234225,one shared preloaded model
conv-48-qa-234,hybrid_fifo_rag,0.5531732217510033,13.132200001564343,177.21349999919767,190.898873222513,one shared preloaded model
conv-48-qa-235,hybrid_fifo_rag,0.5531732217510033,17.96279999689432,225.09270000227843,243.60867322092375,one shared preloaded model
conv-48-qa-236,hybrid_fifo_rag,0.5531732217510033,12.958300001628231,225.07989999940037,238.5913732227796,one shared preloaded model
conv-48-qa-237,hybrid_fifo_rag,0.5531732217510033,11.832000000140397,201.86500000272645,214.25017322461784,one shared preloaded model
conv-48-qa-238,hybrid_fifo_rag,0.5531732217510033,12.974900000699563,165.95669999878737,179.48477322123793,one shared preloaded model
conv-49-qa-0,hybrid_fifo_rag,0.48671173469617257,11.902000002010027,231.186400000297,243.5751117370032,one shared preloaded model
conv-49-qa-1,hybrid_fifo_rag,0.48671173469617257,12.627800002519507,218.6863999995694,231.80091173678508,one shared preloaded model
conv-49-qa-2,hybrid_fifo_rag,0.48671173469617257,11.810899999545654,173.8218999998935,186.11951173413533,one shared preloaded model
conv-49-qa-3,hybrid_fifo_rag,0.48671173469617257,11.787499999627471,124.00110000089626,136.2753117352199,one shared preloaded model
conv-49-qa-4,hybrid_fifo_rag,0.48671173469617257,13.677500002813758,410.8188999998674,424.9831117373774,one shared preloaded model
conv-49-qa-5,hybrid_fifo_rag,0.48671173469617257,10.192499998083804,174.60790000041015,185.28711173319013,one shared preloaded model
conv-49-qa-6,hybrid_fifo_rag,0.48671173469617257,17.818700001953403,176.38869999791496,194.69411173456453,one shared preloaded model
conv-49-qa-7,hybrid_fifo_rag,0.48671173469617257,17.280700001720106,162.6771999981429,180.44461173455917,one shared preloaded model
conv-49-qa-8,hybrid_fifo_rag,0.48671173469617257,15.192399998340989,175.85780000081286,191.53691173385002,one shared preloaded model
conv-49-qa-9,hybrid_fifo_rag,0.48671173469617257,11.007099998096237,393.3355000008305,404.82931173362294,one shared preloaded model
conv-49-qa-10,hybrid_fifo_rag,0.48671173469617257,11.2528999998176,230.41530000045896,242.15491173497273,one shared preloaded model
conv-49-qa-11,hybrid_fifo_rag,0.48671173469617257,11.931100001675077,225.8605000024545,238.27831173882575,one shared preloaded model
conv-49-qa-12,hybrid_fifo_rag,0.48671173469617257,12.012099999992643,325.74229999954696,338.2411117342358,one shared preloaded model
conv-49-qa-13,hybrid_fifo_rag,0.48671173469617257,15.08319999993546,261.1155999984476,276.68551173307924,one shared preloaded model
conv-49-qa-14,hybrid_fifo_rag,0.48671173469617257,12.475999999878695,226.17660000105388,239.13931173562875,one shared preloaded model
conv-49-qa-15,hybrid_fifo_rag,0.48671173469617257,11.903200000233483,213.67289999761852,226.06281173254817,one shared preloaded model
conv-49-qa-16,hybrid_fifo_rag,0.48671173469617257,11.276500001258682,203.96719999916968,215.73041173512453,one shared preloaded model
conv-49-qa-17,hybrid_fifo_rag,0.48671173469617257,11.953799999901094,552.2216999997909,564.6622117343882,one shared preloaded model
conv-49-qa-18,hybrid_fifo_rag,0.48671173469617257,10.609199998725671,161.1512000017683,172.24711173519015,one shared preloaded model
conv-49-qa-19,hybrid_fifo_rag,0.48671173469617257,19.10940000016126,296.40590000053635,316.0020117353938,one shared preloaded model
conv-49-qa-20,hybrid_fifo_rag,0.48671173469617257,11.58469999791123,226.14559999783523,238.21701173044264,one shared preloaded model
conv-49-qa-21,hybrid_fifo_rag,0.48671173469617257,14.230000000679865,414.2323000014585,428.94901173683456,one shared preloaded model
conv-49-qa-22,hybrid_fifo_rag,0.48671173469617257,13.821299999108305,217.8859999985434,232.1940117323479,one shared preloaded model
conv-49-qa-23,hybrid_fifo_rag,0.48671173469617257,11.785900001996197,503.2580999977654,515.5307117344578,one shared preloaded model
conv-49-qa-24,hybrid_fifo_rag,0.48671173469617257,17.0085999998264,221.41600000031758,238.91131173484015,one shared preloaded model
conv-49-qa-25,hybrid_fifo_rag,0.48671173469617257,14.804000002186513,196.04339999932563,211.3341117362083,one shared preloaded model
conv-49-qa-26,hybrid_fifo_rag,0.48671173469617257,11.69070000105421,273.05619999970077,285.2336117354512,one shared preloaded model
conv-49-qa-27,hybrid_fifo_rag,0.48671173469617257,14.825999998720363,173.99289999957546,189.305611732992,one shared preloaded model
conv-49-qa-28,hybrid_fifo_rag,0.48671173469617257,17.36519999758457,321.97350000205915,339.8254117343399,one shared preloaded model
conv-49-qa-29,hybrid_fifo_rag,0.48671173469617257,15.007199999672594,197.84809999691788,213.34201173128665,one shared preloaded model
conv-49-qa-30,hybrid_fifo_rag,0.48671173469617257,11.709799997333903,156.51450000223122,168.7110117342613,one shared preloaded model
conv-49-qa-31,hybrid_fifo_rag,0.48671173469617257,12.881400001788279,230.811099998391,244.17921173487545,one shared preloaded model
conv-49-qa-32,hybrid_fifo_rag,0.48671173469617257,10.510699998121709,222.4729000008665,233.47031173368438,one shared preloaded model
conv-49-qa-33,hybrid_fifo_rag,0.48671173469617257,11.292399998637848,346.3959000000614,358.1750117333954,one shared preloaded model
conv-49-qa-34,hybrid_fifo_rag,0.48671173469617257,11.10780000090017,767.6455000000715,779.2400117356678,one shared preloaded model
conv-49-qa-35,hybrid_fifo_rag,0.48671173469617257,10.934199999610428,363.99249999885797,375.4134117331646,one shared preloaded model
conv-49-qa-36,hybrid_fifo_rag,0.48671173469617257,16.19829999981448,207.2749999970256,223.96001173153624,one shared preloaded model
conv-49-qa-37,hybrid_fifo_rag,0.48671173469617257,12.054099999659229,151.63440000105766,164.17521173541306,one shared preloaded model
conv-49-qa-38,hybrid_fifo_rag,0.48671173469617257,16.23240000117221,236.68410000027507,253.40321173614345,one shared preloaded model
conv-49-qa-39,hybrid_fifo_rag,0.48671173469617257,15.157400001044152,228.9920000002894,244.63611173602973,one shared preloaded model
conv-49-qa-40,hybrid_fifo_rag,0.48671173469617257,12.91539999874658,202.1621000021696,215.56421173561236,one shared preloaded model
conv-49-qa-41,hybrid_fifo_rag,0.48671173469617257,10.287100001733052,201.6036000022723,212.3774117387015,one shared preloaded model
conv-49-qa-42,hybrid_fifo_rag,0.48671173469617257,11.53639999756706,204.80809999935445,216.83121173161769,one shared preloaded model
conv-49-qa-43,hybrid_fifo_rag,0.48671173469617257,16.28599999821745,216.04149999984656,232.81421173276019,one shared preloaded model
conv-49-qa-44,hybrid_fifo_rag,0.48671173469617257,11.652599998342339,203.73100000142585,215.87031173446437,one shared preloaded model
conv-49-qa-45,hybrid_fifo_rag,0.48671173469617257,105.56799999903888,154.57129999776953,260.6260117315046,one shared preloaded model
conv-49-qa-46,hybrid_fifo_rag,0.48671173469617257,10.935400001471862,725.6407000022591,737.0628117384272,one shared preloaded model
conv-49-qa-47,hybrid_fifo_rag,0.48671173469617257,13.944499998615356,342.0747999989544,356.50601173226596,one shared preloaded model
conv-49-qa-48,hybrid_fifo_rag,0.48671173469617257,10.43999999819789,297.7664999998524,308.6932117327465,one shared preloaded model
conv-49-qa-49,hybrid_fifo_rag,0.48671173469617257,11.05190000089351,250.10939999992843,261.64801173551814,one shared preloaded model
conv-49-qa-50,hybrid_fifo_rag,0.48671173469617257,11.895699997694464,225.5576999996265,237.94011173201713,one shared preloaded model
conv-49-qa-51,hybrid_fifo_rag,0.48671173469617257,10.80789999832632,218.2983000020613,229.5929117350838,one shared preloaded model
conv-49-qa-52,hybrid_fifo_rag,0.48671173469617257,10.589899997285102,177.83990000316408,188.91651173514535,one shared preloaded model
conv-49-qa-53,hybrid_fifo_rag,0.48671173469617257,17.635099997278303,512.7523000010115,530.874111732986,one shared preloaded model
conv-49-qa-54,hybrid_fifo_rag,0.48671173469617257,14.223199999833014,208.22659999976167,222.93651173429086,one shared preloaded model
conv-49-qa-55,hybrid_fifo_rag,0.48671173469617257,11.57950000197161,172.8088999989268,184.87511173559457,one shared preloaded model
conv-49-qa-56,hybrid_fifo_rag,0.48671173469617257,11.851600000227336,272.9747999983374,285.31311173326094,one shared preloaded model
conv-49-qa-57,hybrid_fifo_rag,0.48671173469617257,17.316700002993457,215.7956999981252,233.59911173581483,one shared preloaded model
conv-49-qa-58,hybrid_fifo_rag,0.48671173469617257,14.774700000998564,201.357600002666,216.61901173836074,one shared preloaded model
conv-49-qa-59,hybrid_fifo_rag,0.48671173469617257,11.791299999458715,468.6727999978757,480.9508117320306,one shared preloaded model
conv-49-qa-60,hybrid_fifo_rag,0.48671173469617257,12.03919999898062,123.66189999738708,136.18781173106387,one shared preloaded model
conv-49-qa-61,hybrid_fifo_rag,0.48671173469617257,10.358100000303239,218.7911000000895,229.6359117350889,one shared preloaded model
conv-49-qa-62,hybrid_fifo_rag,0.48671173469617257,11.80240000030608,1363.6025000014342,1375.8916117364365,one shared preloaded model
conv-49-qa-63,hybrid_fifo_rag,0.48671173469617257,10.431499998958316,227.44349999993574,238.36171173359023,one shared preloaded model
conv-49-qa-64,hybrid_fifo_rag,0.48671173469617257,10.100899999088142,231.72110000086832,242.30871173465263,one shared preloaded model
conv-49-qa-65,hybrid_fifo_rag,0.48671173469617257,13.387999999395106,172.60499999974854,186.47971173383982,one shared preloaded model
conv-49-qa-66,hybrid_fifo_rag,0.48671173469617257,11.20950000040466,514.0749999991385,525.7712117342394,one shared preloaded model
conv-49-qa-67,hybrid_fifo_rag,0.48671173469617257,10.544900000240887,516.5722999990976,527.6039117340347,one shared preloaded model
conv-49-qa-68,hybrid_fifo_rag,0.48671173469617257,14.43959999960498,214.74669999952312,229.67301173382427,one shared preloaded model
conv-49-qa-69,hybrid_fifo_rag,0.48671173469617257,16.957100000581704,802.7337999992596,820.1776117345375,one shared preloaded model
conv-49-qa-70,hybrid_fifo_rag,0.48671173469617257,14.172999999573221,109.42789999899105,124.08761173326045,one shared preloaded model
conv-49-qa-71,hybrid_fifo_rag,0.48671173469617257,9.825700002693338,203.61419999971986,213.92661173710937,one shared preloaded model
conv-49-qa-72,hybrid_fifo_rag,0.48671173469617257,12.318699999013916,202.1165000005567,214.92191173426679,one shared preloaded model
conv-49-qa-73,hybrid_fifo_rag,0.48671173469617257,12.537300000985852,157.54540000125417,170.5694117369362,one shared preloaded model
conv-49-qa-74,hybrid_fifo_rag,0.48671173469617257,17.779800000425894,341.02319999874453,359.2897117338666,one shared preloaded model
conv-49-qa-75,hybrid_fifo_rag,0.48671173469617257,10.501500000827946,531.6382000019075,542.6264117374317,one shared preloaded model
conv-49-qa-76,hybrid_fifo_rag,0.48671173469617257,10.080500000185566,346.9218999998702,357.489111734752,one shared preloaded model
conv-49-qa-77,hybrid_fifo_rag,0.48671173469617257,10.324399998353329,226.17370000079973,236.98481173384923,one shared preloaded model
conv-49-qa-78,hybrid_fifo_rag,0.48671173469617257,10.256800000206567,108.46889999811538,119.21241173301812,one shared preloaded model
conv-49-qa-79,hybrid_fifo_rag,0.48671173469617257,18.051200000627432,161.95279999737977,180.49071173270337,one shared preloaded model
conv-49-qa-80,hybrid_fifo_rag,0.48671173469617257,17.73740000135149,287.25199999826145,305.47611173430914,one shared preloaded model
conv-49-qa-81,hybrid_fifo_rag,0.48671173469617257,10.18589999875985,158.97570000015548,169.6483117336115,one shared preloaded model
conv-49-qa-82,hybrid_fifo_rag,0.48671173469617257,15.987099999620114,159.70459999880404,176.17841173312033,one shared preloaded model
conv-49-qa-83,hybrid_fifo_rag,0.48671173469617257,10.625299997627735,154.2751999986649,165.3872117309888,one shared preloaded model
conv-49-qa-84,hybrid_fifo_rag,0.48671173469617257,17.48750000115251,227.29230000186362,245.2665117377123,one shared preloaded model
conv-49-qa-85,hybrid_fifo_rag,0.48671173469617257,15.433000000484753,1272.773500000767,1288.693211735948,one shared preloaded model
conv-49-qa-86,hybrid_fifo_rag,0.48671173469617257,14.029499998287065,485.52009999912116,500.0363117321044,one shared preloaded model
conv-49-qa-87,hybrid_fifo_rag,0.48671173469617257,10.895799998252187,160.31899999870802,171.70151173165638,one shared preloaded model
conv-49-qa-88,hybrid_fifo_rag,0.48671173469617257,12.270300001546275,225.26600000128383,238.02301173752628,one shared preloaded model
conv-49-qa-89,hybrid_fifo_rag,0.48671173469617257,11.902400001417845,322.5110000021232,334.90011173823723,one shared preloaded model
conv-49-qa-90,hybrid_fifo_rag,0.48671173469617257,12.112200001865858,335.84980000159703,348.4487117381591,one shared preloaded model
conv-49-qa-91,hybrid_fifo_rag,0.48671173469617257,13.825300000462448,272.2677999990992,286.5798117342579,one shared preloaded model
conv-49-qa-92,hybrid_fifo_rag,0.48671173469617257,10.395799999969313,156.04379999786033,166.92631173252582,one shared preloaded model
conv-49-qa-93,hybrid_fifo_rag,0.48671173469617257,17.593399999896064,596.4850000018487,614.5651117364409,one shared preloaded model
conv-49-qa-94,hybrid_fifo_rag,0.48671173469617257,15.254000001732493,275.5512000003364,291.2919117367651,one shared preloaded model
conv-49-qa-95,hybrid_fifo_rag,0.48671173469617257,10.260200000629993,180.51779999950668,191.26471173483284,one shared preloaded model
conv-49-qa-96,hybrid_fifo_rag,0.48671173469617257,13.0289000007906,374.41860000035376,387.93421173584056,one shared preloaded model
conv-49-qa-97,hybrid_fifo_rag,0.48671173469617257,10.462999998708256,908.2124000015028,919.1621117349073,one shared preloaded model
conv-49-qa-98,hybrid_fifo_rag,0.48671173469617257,14.314100000774488,78.71560000057798,93.51641173604864,one shared preloaded model
conv-49-qa-99,hybrid_fifo_rag,0.48671173469617257,12.081100001523737,225.33800000019255,237.90581173641246,one shared preloaded model
conv-49-qa-100,hybrid_fifo_rag,0.48671173469617257,10.526399997615954,157.14270000171382,168.15581173402595,one shared preloaded model
conv-49-qa-101,hybrid_fifo_rag,0.48671173469617257,16.388800002459902,175.01909999919008,191.89461173634615,one shared preloaded model
conv-49-qa-102,hybrid_fifo_rag,0.48671173469617257,14.304600001196377,231.29289999997127,246.08421173586382,one shared preloaded model
conv-49-qa-103,hybrid_fifo_rag,0.48671173469617257,10.410700000647921,201.99789999969653,212.89531173504062,one shared preloaded model
conv-49-qa-104,hybrid_fifo_rag,0.48671173469617257,12.369199997920077,353.7036000016087,366.559511734225,one shared preloaded model
conv-49-qa-105,hybrid_fifo_rag,0.48671173469617257,17.273899997235276,220.7388999995601,238.49951173149154,one shared preloaded model
conv-49-qa-106,hybrid_fifo_rag,0.48671173469617257,15.707999998994637,1011.4755999966292,1027.67031173032,one shared preloaded model
conv-49-qa-107,hybrid_fifo_rag,0.48671173469617257,14.341000001877546,150.7201000022178,165.54781173879152,one shared preloaded model
conv-49-qa-108,hybrid_fifo_rag,0.48671173469617257,16.777300003013806,217.04479999971227,234.30881173742225,one shared preloaded model
conv-49-qa-109,hybrid_fifo_rag,0.48671173469617257,10.169700002734317,206.33400000224356,216.99041173967404,one shared preloaded model
conv-49-qa-110,hybrid_fifo_rag,0.48671173469617257,11.636699997325195,163.31789999821922,175.44131173024059,one shared preloaded model
conv-49-qa-111,hybrid_fifo_rag,0.48671173469617257,19.364100000530016,148.38419999796315,168.23501173318934,one shared preloaded model
conv-49-qa-112,hybrid_fifo_rag,0.48671173469617257,17.890999999508495,298.48589999892283,316.8636117331275,one shared preloaded model
conv-49-qa-113,hybrid_fifo_rag,0.48671173469617257,10.948899998766137,262.77980000304524,274.2154117365076,one shared preloaded model
conv-49-qa-114,hybrid_fifo_rag,0.48671173469617257,17.16600000145263,160.27459999895655,177.92731173510535,one shared preloaded model
conv-49-qa-115,hybrid_fifo_rag,0.48671173469617257,17.951899997569853,160.83860000071581,179.27721173298184,one shared preloaded model
conv-49-qa-116,hybrid_fifo_rag,0.48671173469617257,17.818000000261236,222.46509999968112,240.76981173463852,one shared preloaded model
conv-49-qa-117,hybrid_fifo_rag,0.48671173469617257,11.714700001903111,328.6830999968515,340.88451173345084,one shared preloaded model
conv-49-qa-118,hybrid_fifo_rag,0.48671173469617257,10.640199998306343,456.0693999992509,467.19631173225343,one shared preloaded model
conv-49-qa-119,hybrid_fifo_rag,0.48671173469617257,14.400100000784732,207.29239999855054,222.17921173403144,one shared preloaded model
conv-49-qa-120,hybrid_fifo_rag,0.48671173469617257,10.417200002848404,506.0279999997874,516.931911737332,one shared preloaded model
conv-49-qa-121,hybrid_fifo_rag,0.48671173469617257,10.40629999988596,155.72550000069896,166.6185117352811,one shared preloaded model
conv-49-qa-122,hybrid_fifo_rag,0.48671173469617257,17.269599997234764,165.8930000012333,183.64931173316424,one shared preloaded model
conv-49-qa-123,hybrid_fifo_rag,0.48671173469617257,18.391400000837166,199.38859999820124,218.26671173373458,one shared preloaded model
conv-49-qa-124,hybrid_fifo_rag,0.48671173469617257,10.185400002228562,238.01259999891045,248.68471173583518,one shared preloaded model
conv-49-qa-125,hybrid_fifo_rag,0.48671173469617257,11.349100001098122,231.33749999760767,243.17331173340196,one shared preloaded model
conv-49-qa-126,hybrid_fifo_rag,0.48671173469617257,10.528999999223743,207.19090000056894,218.20661173448886,one shared preloaded model
conv-49-qa-127,hybrid_fifo_rag,0.48671173469617257,11.877600001753308,834.2104999974254,846.5748117338749,one shared preloaded model
conv-49-qa-128,hybrid_fifo_rag,0.48671173469617257,13.945399998192443,545.1868999989529,559.6190117318415,one shared preloaded model
conv-49-qa-129,hybrid_fifo_rag,0.48671173469617257,14.448199999606004,349.6252999975695,364.56021173187173,one shared preloaded model
conv-49-qa-130,hybrid_fifo_rag,0.48671173469617257,14.63779999903636,171.18000000118627,186.3045117349188,one shared preloaded model
conv-49-qa-131,hybrid_fifo_rag,0.48671173469617257,17.788699999073287,160.97200000149314,179.2474117352626,one shared preloaded model
conv-49-qa-132,hybrid_fifo_rag,0.48671173469617257,17.268399999011308,437.2423999993771,454.9975117330846,one shared preloaded model
conv-49-qa-133,hybrid_fifo_rag,0.48671173469617257,12.170300000434509,667.6117000024533,680.268711737584,one shared preloaded model
conv-49-qa-134,hybrid_fifo_rag,0.48671173469617257,12.761199999658857,163.3023999966099,176.55031173096492,one shared preloaded model
conv-49-qa-135,hybrid_fifo_rag,0.48671173469617257,17.735500001435867,167.79959999985294,186.02181173598498,one shared preloaded model
conv-49-qa-136,hybrid_fifo_rag,0.48671173469617257,17.710099997202633,351.338599997689,369.53541172958785,one shared preloaded model
conv-49-qa-137,hybrid_fifo_rag,0.48671173469617257,13.844799999787938,225.43270000096527,239.76421173544938,one shared preloaded model
conv-49-qa-138,hybrid_fifo_rag,0.48671173469617257,13.695300000108546,108.57250000117347,122.75451173597818,one shared preloaded model
conv-49-qa-139,hybrid_fifo_rag,0.48671173469617257,18.087000000377884,490.5829999988782,509.1567117339523,one shared preloaded model
conv-49-qa-140,hybrid_fifo_rag,0.48671173469617257,11.156900000059977,274.471499997162,286.1151117319182,one shared preloaded model
conv-49-qa-141,hybrid_fifo_rag,0.48671173469617257,12.8645000004326,221.78970000095433,235.1409117360831,one shared preloaded model
conv-49-qa-142,hybrid_fifo_rag,0.48671173469617257,12.591599999723257,388.307100001839,401.38541173625845,one shared preloaded model
conv-49-qa-143,hybrid_fifo_rag,0.48671173469617257,15.154300002905075,221.85869999884744,237.4997117364487,one shared preloaded model
conv-49-qa-144,hybrid_fifo_rag,0.48671173469617257,10.729300000093644,157.99950000291574,169.21551173770555,one shared preloaded model
conv-49-qa-145,hybrid_fifo_rag,0.48671173469617257,18.016300000454066,225.80000000016298,244.30301173531322,one shared preloaded model
conv-49-qa-146,hybrid_fifo_rag,0.48671173469617257,12.743899998895358,160.9786000008171,174.20921173440863,one shared preloaded model
conv-49-qa-147,hybrid_fifo_rag,0.48671173469617257,17.612299998290837,199.10230000095908,217.20131173394608,one shared preloaded model
conv-49-qa-148,hybrid_fifo_rag,0.48671173469617257,11.92339999761316,230.71359999812557,243.1237117304349,one shared preloaded model
conv-49-qa-149,hybrid_fifo_rag,0.48671173469617257,12.53260000157752,531.9167000016023,544.936011737876,one shared preloaded model
conv-49-qa-150,hybrid_fifo_rag,0.48671173469617257,16.3579000000027,552.9368000024988,569.7814117371977,one shared preloaded model
conv-49-qa-151,hybrid_fifo_rag,0.48671173469617257,12.834500001190463,146.42319999984466,159.7444117357313,one shared preloaded model
conv-49-qa-152,hybrid_fifo_rag,0.48671173469617257,17.56109999769251,161.91380000236677,179.96161173475545,one shared preloaded model
conv-49-qa-153,hybrid_fifo_rag,0.48671173469617257,18.536300001869677,445.24680000176886,464.26981173833474,one shared preloaded model
conv-49-qa-154,hybrid_fifo_rag,0.48671173469617257,10.473300000739982,537.8602000018873,548.8202117373235,one shared preloaded model
conv-49-qa-155,hybrid_fifo_rag,0.48671173469617257,14.109100000496255,140.2693999989424,154.86521173413482,one shared preloaded model
conv-49-qa-156,hybrid_fifo_rag,0.48671173469617257,10.367200000473531,127.18089999907534,138.03481173424504,one shared preloaded model
conv-49-qa-157,hybrid_fifo_rag,0.48671173469617257,13.656600000103936,1088.5629000003973,1102.7062117351975,one shared preloaded model
conv-49-qa-158,hybrid_fifo_rag,0.48671173469617257,15.021899998828303,489.91149999710615,505.42011173063065,one shared preloaded model
conv-49-qa-159,hybrid_fifo_rag,0.48671173469617257,12.452599999960512,156.13050000320072,169.0698117378574,one shared preloaded model
conv-49-qa-160,hybrid_fifo_rag,0.48671173469617257,13.070299999526469,239.32039999999688,252.87741173421952,one shared preloaded model
conv-49-qa-161,hybrid_fifo_rag,0.48671173469617257,14.578099999198457,372.9008000009344,387.96561173482905,one shared preloaded model
conv-49-qa-162,hybrid_fifo_rag,0.48671173469617257,10.484899998118635,223.38229999877512,234.35391173158993,one shared preloaded model
conv-49-qa-163,hybrid_fifo_rag,0.48671173469617257,11.509199997817632,108.98309999902267,120.97901173153647,one shared preloaded model
conv-49-qa-164,hybrid_fifo_rag,0.48671173469617257,17.211200000019744,203.45710000037798,221.1550117350939,one shared preloaded model
conv-49-qa-165,hybrid_fifo_rag,0.48671173469617257,12.479099998017773,673.3258999993268,686.2917117320408,one shared preloaded model
conv-49-qa-166,hybrid_fifo_rag,0.48671173469617257,11.249099999986356,150.47210000193445,162.20791173661698,one shared preloaded model
conv-49-qa-167,hybrid_fifo_rag,0.48671173469617257,17.00680000067223,229.77399999945192,247.26751173482032,one shared preloaded model
conv-49-qa-168,hybrid_fifo_rag,0.48671173469617257,13.174499999877298,218.37199999936274,232.0332117339362,one shared preloaded model
conv-49-qa-169,hybrid_fifo_rag,0.48671173469617257,13.348500000574859,356.40929999863147,370.2445117339025,one shared preloaded model
conv-49-qa-170,hybrid_fifo_rag,0.48671173469617257,11.032300000806572,232.59479999978794,244.11381173529068,one shared preloaded model
conv-49-qa-171,hybrid_fifo_rag,0.48671173469617257,13.386499998887302,201.13339999807067,215.00661173165415,one shared preloaded model
conv-49-qa-172,hybrid_fifo_rag,0.48671173469617257,10.509899999306072,227.48499999943306,238.4816117334353,one shared preloaded model
conv-49-qa-173,hybrid_fifo_rag,0.48671173469617257,12.099499999749241,230.4476000026625,243.03381173710792,one shared preloaded model
conv-49-qa-174,hybrid_fifo_rag,0.48671173469617257,12.803199999325443,148.47010000084992,161.76001173487154,one shared preloaded model
conv-49-qa-175,hybrid_fifo_rag,0.48671173469617257,14.99320000220905,313.71990000116057,329.1998117380658,one shared preloaded model
conv-49-qa-176,hybrid_fifo_rag,0.48671173469617257,10.604000002786051,235.47810000309255,246.56881174057477,one shared preloaded model
conv-49-qa-177,hybrid_fifo_rag,0.48671173469617257,12.245500001881737,201.68900000135181,214.42121173792972,one shared preloaded model
conv-49-qa-178,hybrid_fifo_rag,0.48671173469617257,10.975199998938479,206.65179999923566,218.1137117328703,one shared preloaded model
conv-49-qa-179,hybrid_fifo_rag,0.48671173469617257,10.23680000071181,238.37009999988368,249.09361173529166,one shared preloaded model
conv-49-qa-180,hybrid_fifo_rag,0.48671173469617257,11.815700003353413,158.13940000225557,170.44181174030516,one shared preloaded model
conv-49-qa-181,hybrid_fifo_rag,0.48671173469617257,17.82959999763989,225.67479999997886,243.99111173231492,one shared preloaded model
conv-49-qa-182,hybrid_fifo_rag,0.48671173469617257,12.50390000132029,557.6250000012806,570.6156117372971,one shared preloaded model
conv-49-qa-183,hybrid_fifo_rag,0.48671173469617257,17.22419999714475,237.53339999893797,255.2443117307789,one shared preloaded model
conv-49-qa-184,hybrid_fifo_rag,0.48671173469617257,11.798700001236284,398.3635000004142,410.6489117363467,one shared preloaded model
conv-49-qa-185,hybrid_fifo_rag,0.48671173469617257,10.307499996997649,225.18090000085067,235.9751117325445,one shared preloaded model
conv-49-qa-186,hybrid_fifo_rag,0.48671173469617257,11.737299999367679,160.2015999997093,172.42561173377314,one shared preloaded model
conv-49-qa-187,hybrid_fifo_rag,0.48671173469617257,18.423200002871454,215.62320000157342,234.53311173914105,one shared preloaded model
conv-49-qa-188,hybrid_fifo_rag,0.48671173469617257,11.395300000003772,226.81079999892972,238.69281173362967,one shared preloaded model
conv-49-qa-189,hybrid_fifo_rag,0.48671173469617257,11.443700001109391,226.68369999882998,238.61411173463554,one shared preloaded model
conv-49-qa-190,hybrid_fifo_rag,0.48671173469617257,9.988599998905556,122.77650000032736,133.2518117339291,one shared preloaded model
conv-49-qa-191,hybrid_fifo_rag,0.48671173469617257,17.93589999942924,225.93810000034864,244.36071173447405,one shared preloaded model
conv-49-qa-192,hybrid_fifo_rag,0.48671173469617257,10.452999998960877,223.8729999990028,234.81271173265984,one shared preloaded model
conv-49-qa-193,hybrid_fifo_rag,0.48671173469617257,13.485700001183432,206.94709999952465,220.91951173540426,one shared preloaded model
conv-49-qa-194,hybrid_fifo_rag,0.48671173469617257,11.421899998822482,228.13490000044112,240.04351173395978,one shared preloaded model
conv-49-qa-195,hybrid_fifo_rag,0.48671173469617257,14.821199998550583,232.87820000041393,248.18611173366068,one shared preloaded model
conv-50-qa-0,hybrid_fifo_rag,0.5326769607706285,18.309200000658166,222.97139999864157,241.81327696007037,one shared preloaded model
conv-50-qa-1,hybrid_fifo_rag,0.5326769607706285,10.732399998232722,223.68199999982608,234.94707695882943,one shared preloaded model
conv-50-qa-2,hybrid_fifo_rag,0.5326769607706285,11.282399998890469,203.08980000118027,214.90487696084136,one shared preloaded model
conv-50-qa-3,hybrid_fifo_rag,0.5326769607706285,12.09000000017113,227.79149999769288,240.41417695863464,one shared preloaded model
conv-50-qa-4,hybrid_fifo_rag,0.5326769607706285,14.941500001441455,109.24410000006901,124.7182769622811,one shared preloaded model
conv-50-qa-5,hybrid_fifo_rag,0.5326769607706285,15.465799999219598,191.03360000008252,207.03207696007274,one shared preloaded model
conv-50-qa-6,hybrid_fifo_rag,0.5326769607706285,14.568800001143245,109.94099999879836,125.04247696071224,one shared preloaded model
conv-50-qa-7,hybrid_fifo_rag,0.5326769607706285,19.64419999785605,184.8308000007819,205.00767695940857,one shared preloaded model
conv-50-qa-8,hybrid_fifo_rag,0.5326769607706285,14.17329999821959,379.14900000032503,393.85497695931525,one shared preloaded model
conv-50-qa-9,hybrid_fifo_rag,0.5326769607706285,12.735899999825051,327.7702999985195,341.03887695911516,one shared preloaded model
conv-50-qa-10,hybrid_fifo_rag,0.5326769607706285,14.955800001189345,226.1830999996164,241.67157696157636,one shared preloaded model
conv-50-qa-11,hybrid_fifo_rag,0.5326769607706285,15.948099997331155,232.5494000033359,249.0301769614377,one shared preloaded model
conv-50-qa-12,hybrid_fifo_rag,0.5326769607706285,11.602999999013264,347.0716000010725,359.2072769608564,one shared preloaded model
conv-50-qa-13,hybrid_fifo_rag,0.5326769607706285,15.310099999624072,163.23939999711,179.0821769575047,one shared preloaded model
conv-50-qa-14,hybrid_fifo_rag,0.5326769607706285,13.340000001335284,264.73709999845596,278.6097769605619,one shared preloaded model
conv-50-qa-15,hybrid_fifo_rag,0.5326769607706285,15.135800000280142,160.68240000095102,176.3508769620018,one shared preloaded model
conv-50-qa-16,hybrid_fifo_rag,0.5326769607706285,18.417899998894427,528.2702000004065,547.2207769600716,one shared preloaded model
conv-50-qa-17,hybrid_fifo_rag,0.5326769607706285,15.36100000157603,480.31260000061593,496.2062769629626,one shared preloaded model
conv-50-qa-18,hybrid_fifo_rag,0.5326769607706285,13.937200001237215,122.61880000005476,137.0886769620626,one shared preloaded model
conv-50-qa-19,hybrid_fifo_rag,0.5326769607706285,17.775399999663932,284.2784999993455,302.5865769597801,one shared preloaded model
conv-50-qa-20,hybrid_fifo_rag,0.5326769607706285,13.480999998137122,187.58159999924828,201.59527695815603,one shared preloaded model
conv-50-qa-21,hybrid_fifo_rag,0.5326769607706285,13.61400000314461,232.07650000040303,246.22317696431827,one shared preloaded model
conv-50-qa-22,hybrid_fifo_rag,0.5326769607706285,10.517399998207111,108.197100002144,119.24717696112174,one shared preloaded model
conv-50-qa-23,hybrid_fifo_rag,0.5326769607706285,9.992700001021149,161.48239999893121,172.007776960723,one shared preloaded model
conv-50-qa-24,hybrid_fifo_rag,0.5326769607706285,18.39099999779137,122.76150000252528,141.68517696108728,one shared preloaded model
conv-50-qa-25,hybrid_fifo_rag,0.5326769607706285,17.944799998076633,520.1005999988411,538.5780769576884,one shared preloaded model
conv-50-qa-26,hybrid_fifo_rag,0.5326769607706285,13.006799999857321,327.4502999993274,340.98977695995535,one shared preloaded model
conv-50-qa-27,hybrid_fifo_rag,0.5326769607706285,11.345700000674697,162.3894999975164,174.26787695896172,one shared preloaded model
conv-50-qa-28,hybrid_fifo_rag,0.5326769607706285,15.759199999592965,285.18670000266866,301.47857696303225,one shared preloaded model
conv-50-qa-29,hybrid_fifo_rag,0.5326769607706285,14.263299999583978,225.91999999713153,240.71597695748613,one shared preloaded model
conv-50-qa-30,hybrid_fifo_rag,0.5326769607706285,12.280999999347841,161.02300000056857,173.83667696068704,one shared preloaded model
conv-50-qa-31,hybrid_fifo_rag,0.5326769607706285,12.393699998938246,134.3118000004324,147.2381769601413,one shared preloaded model
conv-50-qa-32,hybrid_fifo_rag,0.5326769607706285,19.570399999793153,175.77729999902658,195.88037695959036,one shared preloaded model
conv-50-qa-33,hybrid_fifo_rag,0.5326769607706285,18.593299999338342,898.7362999978359,917.8622769579449,one shared preloaded model
conv-50-qa-34,hybrid_fifo_rag,0.5326769607706285,15.463700001419056,286.3365999983216,302.3329769605113,one shared preloaded model
conv-50-qa-35,hybrid_fifo_rag,0.5326769607706285,11.060100001486717,298.23100000066916,309.8237769629265,one shared preloaded model
conv-50-qa-36,hybrid_fifo_rag,0.5326769607706285,15.132200001971796,223.98560000146972,239.65047696421215,one shared preloaded model
conv-50-qa-37,hybrid_fifo_rag,0.5326769607706285,13.047500000539003,120.74049999864656,134.3206769599562,one shared preloaded model
conv-50-qa-38,hybrid_fifo_rag,0.5326769607706285,16.301100000418955,360.31870000078925,377.15247696197883,one shared preloaded model
conv-50-qa-39,hybrid_fifo_rag,0.5326769607706285,15.694699999585282,228.86709999875166,245.09447695910757,one shared preloaded model
conv-50-qa-40,hybrid_fifo_rag,0.5326769607706285,13.493200000084471,230.87029999805964,244.89617695891474,one shared preloaded model
conv-50-qa-41,hybrid_fifo_rag,0.5326769607706285,11.847300000226824,160.2156000008108,172.59557696180826,one shared preloaded model
conv-50-qa-42,hybrid_fifo_rag,0.5326769607706285,20.530800000415184,119.5614000025671,140.6248769637529,one shared preloaded model
conv-50-qa-43,hybrid_fifo_rag,0.5326769607706285,18.751899999188026,154.3056999980763,173.59027695803496,one shared preloaded model
conv-50-qa-44,hybrid_fifo_rag,0.5326769607706285,10.61209999897983,258.5967000013625,269.74147696111294,one shared preloaded model
conv-50-qa-45,hybrid_fifo_rag,0.5326769607706285,11.566000001039356,225.85799999797018,237.95667695978017,one shared preloaded model
conv-50-qa-46,hybrid_fifo_rag,0.5326769607706285,14.816799997788621,225.07970000151545,240.4291769600747,one shared preloaded model
conv-50-qa-47,hybrid_fifo_rag,0.5326769607706285,11.520399999426445,82.43690000017523,94.4899769603723,one shared preloaded model
conv-50-qa-48,hybrid_fifo_rag,0.5326769607706285,12.915799998154398,231.27890000250773,244.72737696143275,one shared preloaded model
conv-50-qa-49,hybrid_fifo_rag,0.5326769607706285,11.559499998838874,571.6327999980422,583.7249769576516,one shared preloaded model
conv-50-qa-50,hybrid_fifo_rag,0.5326769607706285,10.92630000130157,225.65879999820027,237.11777696027247,one shared preloaded model
conv-50-qa-51,hybrid_fifo_rag,0.5326769607706285,12.81849999941187,329.9507000010635,343.301876961246,one shared preloaded model
conv-50-qa-52,hybrid_fifo_rag,0.5326769607706285,14.946700001019053,190.62180000037188,206.10117696216156,one shared preloaded model
conv-50-qa-53,hybrid_fifo_rag,0.5326769607706285,12.548599999718135,228.60559999753605,241.6868769580248,one shared preloaded model
conv-50-qa-54,hybrid_fifo_rag,0.5326769607706285,13.779100001556799,505.1372000016272,519.4489769639546,one shared preloaded model
conv-50-qa-55,hybrid_fifo_rag,0.5326769607706285,16.285099998640362,341.4386000004015,358.2563769598125,one shared preloaded model
conv-50-qa-56,hybrid_fifo_rag,0.5326769607706285,15.229800002998672,109.70520000046236,125.46767696423166,one shared preloaded model
conv-50-qa-57,hybrid_fifo_rag,0.5326769607706285,18.346200002270052,174.34890000004089,193.22777696308157,one shared preloaded model
conv-50-qa-58,hybrid_fifo_rag,0.5326769607706285,19.301500000437954,346.2878999998793,366.1220769610879,one shared preloaded model
conv-50-qa-59,hybrid_fifo_rag,0.5326769607706285,15.333600000303704,96.46559999964666,112.33187696072099,one shared preloaded model
conv-50-qa-60,hybrid_fifo_rag,0.5326769607706285,19.134300000587245,228.47030000048107,248.13727696183895,one shared preloaded model
conv-50-qa-61,hybrid_fifo_rag,0.5326769607706285,16.41849999941769,228.29039999851375,245.24157695870207,one shared preloaded model
conv-50-qa-62,hybrid_fifo_rag,0.5326769607706285,13.264400000480236,223.8668999998481,237.66397696109897,one shared preloaded model
conv-50-qa-63,hybrid_fifo_rag,0.5326769607706285,10.989800000970718,226.55479999957606,238.0772769613174,one shared preloaded model
conv-50-qa-64,hybrid_fifo_rag,0.5326769607706285,11.229799998545786,176.12240000016754,187.88487695948396,one shared preloaded model
conv-50-qa-65,hybrid_fifo_rag,0.5326769607706285,13.20800000030431,569.5375999966927,583.2782769577676,one shared preloaded model
conv-50-qa-66,hybrid_fifo_rag,0.5326769607706285,15.105000002222368,230.0123999993957,245.6500769623887,one shared preloaded model
conv-50-qa-67,hybrid_fifo_rag,0.5326769607706285,13.783099999272963,156.8963999998232,171.21217695986678,one shared preloaded model
conv-50-qa-68,hybrid_fifo_rag,0.5326769607706285,19.43100000062259,295.4672000014398,315.430876962833,one shared preloaded model
conv-50-qa-69,hybrid_fifo_rag,0.5326769607706285,12.433200001396472,342.8429999985383,355.8088769607054,one shared preloaded model
conv-50-qa-70,hybrid_fifo_rag,0.5326769607706285,11.306100001093,172.73569999815663,184.57447696002026,one shared preloaded model
conv-50-qa-71,hybrid_fifo_rag,0.5326769607706285,18.877200000133598,224.59259999959613,244.00247696050036,one shared preloaded model
conv-50-qa-72,hybrid_fifo_rag,0.5326769607706285,22.21769999960088,225.1849000022048,247.93527696257632,one shared preloaded model
conv-50-qa-73,hybrid_fifo_rag,0.5326769607706285,11.246800000662915,171.5174000019033,183.29687696333684,one shared preloaded model
conv-50-qa-74,hybrid_fifo_rag,0.5326769607706285,18.827500000043074,266.47029999730876,285.83047695812246,one shared preloaded model
conv-50-qa-75,hybrid_fifo_rag,0.5326769607706285,20.66990000093938,224.90079999988666,246.10337696159667,one shared preloaded model
conv-50-qa-76,hybrid_fifo_rag,0.5326769607706285,18.20189999853028,191.50269999954617,210.23727695884708,one shared preloaded model
conv-50-qa-77,hybrid_fifo_rag,0.5326769607706285,13.372199999139411,413.7838999995438,427.68877695945383,one shared preloaded model
conv-50-qa-78,hybrid_fifo_rag,0.5326769607706285,15.873100001044804,342.1296999986225,358.53547696043796,one shared preloaded model
conv-50-qa-79,hybrid_fifo_rag,0.5326769607706285,15.722900003311224,222.28829999949085,238.5438769635727,one shared preloaded model
conv-50-qa-80,hybrid_fifo_rag,0.5326769607706285,11.553799999092007,231.40129999956116,243.4877769594238,one shared preloaded model
conv-50-qa-81,hybrid_fifo_rag,0.5326769607706285,12.112599997635698,229.61239999858662,242.25767695699295,one shared preloaded model
conv-50-qa-82,hybrid_fifo_rag,0.5326769607706285,10.650000000168802,215.136300001177,226.31897696211644,one shared preloaded model
conv-50-qa-83,hybrid_fifo_rag,0.5326769607706285,14.35700000001816,206.61830000244663,221.50797696323542,one shared preloaded model
conv-50-qa-84,hybrid_fifo_rag,0.5326769607706285,12.587900000653462,132.4672999980976,145.58787695952168,one shared preloaded model
conv-50-qa-85,hybrid_fifo_rag,0.5326769607706285,19.059999998717103,224.974699998711,244.56737695819874,one shared preloaded model
conv-50-qa-86,hybrid_fifo_rag,0.5326769607706285,15.849599996727193,229.92490000251564,246.30717696001346,one shared preloaded model
conv-50-qa-87,hybrid_fifo_rag,0.5326769607706285,12.541300002339995,462.0099999992817,475.08397696239234,one shared preloaded model
conv-50-qa-88,hybrid_fifo_rag,0.5326769607706285,11.604600000282517,236.92830000072718,249.06557696178032,one shared preloaded model
conv-50-qa-89,hybrid_fifo_rag,0.5326769607706285,15.85700000214274,164.00390000126208,180.39357696417545,one shared preloaded model
conv-50-qa-90,hybrid_fifo_rag,0.5326769607706285,18.958100001327693,437.52909999966505,457.0198769617634,one shared preloaded model
conv-50-qa-91,hybrid_fifo_rag,0.5326769607706285,11.012200000550365,231.96650000318186,243.51137696450286,one shared preloaded model
conv-50-qa-92,hybrid_fifo_rag,0.5326769607706285,18.149100000300677,736.6414999996778,755.3232769607491,one shared preloaded model
conv-50-qa-93,hybrid_fifo_rag,0.5326769607706285,14.635800001997268,309.8649999992631,325.033476962031,one shared preloaded model
conv-50-qa-94,hybrid_fifo_rag,0.5326769607706285,11.412299998482922,158.60320000138017,170.54817696063373,one shared preloaded model
conv-50-qa-95,hybrid_fifo_rag,0.5326769607706285,19.293599998491118,254.64980000106152,274.47607696032327,one shared preloaded model
conv-50-qa-96,hybrid_fifo_rag,0.5326769607706285,15.456299999641487,411.1497000012605,427.1386769616726,one shared preloaded model
conv-50-qa-97,hybrid_fifo_rag,0.5326769607706285,12.806799997633789,530.4609000013443,543.8003769597486,one shared preloaded model
conv-50-qa-98,hybrid_fifo_rag,0.5326769607706285,12.188400000013644,540.4077999992296,553.1288769600138,one shared preloaded model
conv-50-qa-99,hybrid_fifo_rag,0.5326769607706285,11.075400001573144,524.4421000024886,536.0501769648323,one shared preloaded model
conv-50-qa-100,hybrid_fifo_rag,0.5326769607706285,15.872500000114087,719.7508999997808,736.1560769606656,one shared preloaded model
conv-50-qa-101,hybrid_fifo_rag,0.5326769607706285,12.168400000518886,911.1136000028637,923.8146769641531,one shared preloaded model
conv-50-qa-102,hybrid_fifo_rag,0.5326769607706285,15.850499999942258,174.04009999881964,190.42327695953253,one shared preloaded model
conv-50-qa-103,hybrid_fifo_rag,0.5326769607706285,18.321799998375354,159.22910000153934,178.08357696068532,one shared preloaded model
conv-50-qa-104,hybrid_fifo_rag,0.5326769607706285,18.623399999341927,527.2844000028272,546.4404769629398,one shared preloaded model
conv-50-qa-105,hybrid_fifo_rag,0.5326769607706285,12.341599998762831,108.95329999766545,121.82757695719891,one shared preloaded model
conv-50-qa-106,hybrid_fifo_rag,0.5326769607706285,19.760700000915676,202.1855000020878,222.4788769637741,one shared preloaded model
conv-50-qa-107,hybrid_fifo_rag,0.5326769607706285,12.289299997064518,174.9853000001167,187.80727695795184,one shared preloaded model
conv-50-qa-108,hybrid_fifo_rag,0.5326769607706285,17.079799999919487,226.12609999850974,243.73857695919986,one shared preloaded model
conv-50-qa-109,hybrid_fifo_rag,0.5326769607706285,13.181800000893418,263.4286000029533,277.14307696461736,one shared preloaded model
conv-50-qa-110,hybrid_fifo_rag,0.5326769607706285,15.55029999872204,511.44579999890993,527.5287769584027,one shared preloaded model
conv-50-qa-111,hybrid_fifo_rag,0.5326769607706285,13.072999998257728,427.9026000003796,441.50827695940797,one shared preloaded model
conv-50-qa-112,hybrid_fifo_rag,0.5326769607706285,15.462300001672702,157.44350000022678,173.4384769626701,one shared preloaded model
conv-50-qa-113,hybrid_fifo_rag,0.5326769607706285,16.112900000734953,103.32779999953345,119.97337696103904,one shared preloaded model
conv-50-qa-114,hybrid_fifo_rag,0.5326769607706285,20.216000000800705,551.2853000000177,572.0339769615891,one shared preloaded model
conv-50-qa-115,hybrid_fifo_rag,0.5326769607706285,15.150100000028033,397.04579999670386,412.7285769575025,one shared preloaded model
conv-50-qa-116,hybrid_fifo_rag,0.5326769607706285,14.852700001938501,242.36779999773717,257.7531769604463,one shared preloaded model
conv-50-qa-117,hybrid_fifo_rag,0.5326769607706285,17.767400000593625,503.9852999980212,522.2853769593855,one shared preloaded model
conv-50-qa-118,hybrid_fifo_rag,0.5326769607706285,15.640699999494245,192.13049999962095,208.30387695988583,one shared preloaded model
conv-50-qa-119,hybrid_fifo_rag,0.5326769607706285,12.718999998469371,488.73530000128085,501.98697696052085,one shared preloaded model
conv-50-qa-120,hybrid_fifo_rag,0.5326769607706285,15.292200001567835,155.1666999985173,170.99157696085575,one shared preloaded model
conv-50-qa-121,hybrid_fifo_rag,0.5326769607706285,18.852000001061242,162.47359999761102,181.8582769594429,one shared preloaded model
conv-50-qa-122,hybrid_fifo_rag,0.5326769607706285,19.185599998309044,135.3966999995464,155.11497695862607,one shared preloaded model
conv-50-qa-123,hybrid_fifo_rag,0.5326769607706285,18.59400000103051,1148.2725999994727,1167.399276961274,one shared preloaded model
conv-50-qa-124,hybrid_fifo_rag,0.5326769607706285,12.195399998745415,160.8358000012231,173.56387696073915,one shared preloaded model
conv-50-qa-125,hybrid_fifo_rag,0.5326769607706285,18.696900002396433,166.44910000104574,185.6786769642128,one shared preloaded model
conv-50-qa-126,hybrid_fifo_rag,0.5326769607706285,13.166599997930462,220.6116999986989,234.3109769574,one shared preloaded model
conv-50-qa-127,hybrid_fifo_rag,0.5326769607706285,12.165799998911098,230.74560000168276,243.4440769613645,one shared preloaded model
conv-50-qa-128,hybrid_fifo_rag,0.5326769607706285,16.06779999929131,217.9147999995621,234.51527695962403,one shared preloaded model
conv-50-qa-129,hybrid_fifo_rag,0.5326769607706285,14.718899998115376,211.02049999899464,226.27207695788064,one shared preloaded model
conv-50-qa-130,hybrid_fifo_rag,0.5326769607706285,11.80440000098315,226.53850000278908,238.87557696454286,one shared preloaded model
conv-50-qa-131,hybrid_fifo_rag,0.5326769607706285,11.571300001378404,160.15219999826513,172.25617696041417,one shared preloaded model
conv-50-qa-132,hybrid_fifo_rag,0.5326769607706285,12.184999999590218,904.637299998285,917.3549769586458,one shared preloaded model
conv-50-qa-133,hybrid_fifo_rag,0.5326769607706285,11.23139999981504,940.0661999970907,951.8302769576763,one shared preloaded model
conv-50-qa-134,hybrid_fifo_rag,0.5326769607706285,15.304500000638654,280.63509999992675,296.47227696133604,one shared preloaded model
conv-50-qa-135,hybrid_fifo_rag,0.5326769607706285,11.288599998806603,393.2672000009916,405.0884769605688,one shared preloaded model
conv-50-qa-136,hybrid_fifo_rag,0.5326769607706285,15.711199997895164,776.1471000012534,792.3909769599193,one shared preloaded model
conv-50-qa-137,hybrid_fifo_rag,0.5326769607706285,11.436400000093272,539.3250000015541,551.294076962418,one shared preloaded model
conv-50-qa-138,hybrid_fifo_rag,0.5326769607706285,13.382599998294609,152.53220000158763,166.44747696065286,one shared preloaded model
conv-50-qa-139,hybrid_fifo_rag,0.5326769607706285,18.587700000352925,229.04579999885755,248.1661769599811,one shared preloaded model
conv-50-qa-140,hybrid_fifo_rag,0.5326769607706285,10.920799999439623,1019.4389999996929,1030.8924769599032,one shared preloaded model
conv-50-qa-141,hybrid_fifo_rag,0.5326769607706285,16.01239999945392,133.8982000015676,150.44327696179215,one shared preloaded model
conv-50-qa-142,hybrid_fifo_rag,0.5326769607706285,16.189400001167087,249.25230000008014,265.97437696201786,one shared preloaded model
conv-50-qa-143,hybrid_fifo_rag,0.5326769607706285,11.414699998567812,119.13360000107787,131.0809769604163,one shared preloaded model
conv-50-qa-144,hybrid_fifo_rag,0.5326769607706285,12.910699999338249,321.5182999992976,334.9616769594065,one shared preloaded model
conv-50-qa-145,hybrid_fifo_rag,0.5326769607706285,15.120600000955164,460.66049999717507,476.31377695890086,one shared preloaded model
conv-50-qa-146,hybrid_fifo_rag,0.5326769607706285,11.338799999066396,159.1879000006884,171.0593769605254,one shared preloaded model
conv-50-qa-147,hybrid_fifo_rag,0.5326769607706285,19.118000000162283,229.8597000008158,249.5103769617487,one shared preloaded model
conv-50-qa-148,hybrid_fifo_rag,0.5326769607706285,13.757799999439158,300.52770000111195,314.81817696132174,one shared preloaded model
conv-50-qa-149,hybrid_fifo_rag,0.5326769607706285,15.55979999830015,173.49079999985406,189.58327695892484,one shared preloaded model
conv-50-qa-150,hybrid_fifo_rag,0.5326769607706285,17.21999999790569,236.9397000002209,254.69237695889723,one shared preloaded model
conv-50-qa-151,hybrid_fifo_rag,0.5326769607706285,13.346600000659237,138.31629999913275,152.19557696056262,one shared preloaded model
conv-50-qa-152,hybrid_fifo_rag,0.5326769607706285,18.80170000004,174.03579999881913,193.37017695962976,one shared preloaded model
conv-50-qa-153,hybrid_fifo_rag,0.5326769607706285,18.87410000199452,378.93869999970775,398.3454769624729,one shared preloaded model
conv-50-qa-154,hybrid_fifo_rag,0.5326769607706285,15.233900001476286,133.92340000063996,149.68997696288687,one shared preloaded model
conv-50-qa-155,hybrid_fifo_rag,0.5326769607706285,14.538399998855311,784.2043999989983,799.2754769586242,one shared preloaded model
conv-50-qa-156,hybrid_fifo_rag,0.5326769607706285,15.315900000132388,163.31429999991087,179.1628769608139,one shared preloaded model
conv-50-qa-157,hybrid_fifo_rag,0.5326769607706285,18.88890000191168,392.5855000015872,412.0070769642695,one shared preloaded model
conv-50-qa-158,hybrid_fifo_rag,0.5326769607706285,11.492199999338482,231.16029999800958,243.1851769581187,one shared preloaded model
conv-50-qa-159,hybrid_fifo_rag,0.5326769607706285,10.895999999775086,231.63430000204244,243.06297696258815,one shared preloaded model
conv-50-qa-160,hybrid_fifo_rag,0.5326769607706285,13.703699998586671,228.774399998656,243.0107769580133,one shared preloaded model
conv-50-qa-161,hybrid_fifo_rag,0.5326769607706285,15.97070000207168,161.57220000241068,178.075576965253,one shared preloaded model
conv-50-qa-162,hybrid_fifo_rag,0.5326769607706285,14.776100000744918,114.73610000030021,130.04487696181576,one shared preloaded model
conv-50-qa-163,hybrid_fifo_rag,0.5326769607706285,17.79019999958109,110.19860000305925,128.52147696341098,one shared preloaded model
conv-50-qa-164,hybrid_fifo_rag,0.5326769607706285,18.83820000148262,231.58650000186753,250.95737696412078,one shared preloaded model
conv-50-qa-165,hybrid_fifo_rag,0.5326769607706285,12.391800002660602,190.68270000207121,203.60717696550245,one shared preloaded model
conv-50-qa-166,hybrid_fifo_rag,0.5326769607706285,13.755800002400065,230.68359999888344,244.97207696205413,one shared preloaded model
conv-50-qa-167,hybrid_fifo_rag,0.5326769607706285,11.965900001086993,226.18820000207052,238.68677696392814,one shared preloaded model
conv-50-qa-168,hybrid_fifo_rag,0.5326769607706285,10.748699998657685,227.20419999677688,238.4855769562052,one shared preloaded model
conv-50-qa-169,hybrid_fifo_rag,0.5326769607706285,11.919600001419894,1111.6304999995918,1124.0827769617824,one shared preloaded model
conv-50-qa-170,hybrid_fifo_rag,0.5326769607706285,16.03899999827263,277.2017999996024,293.77347695864563,one shared preloaded model
conv-50-qa-171,hybrid_fifo_rag,0.5326769607706285,11.700399998517241,224.8879999970086,237.12107695629646,one shared preloaded model
conv-50-qa-172,hybrid_fifo_rag,0.5326769607706285,11.614399998506997,992.1828999977151,1004.3299769569927,one shared preloaded model
conv-50-qa-173,hybrid_fifo_rag,0.5326769607706285,20.677599997725338,161.6704000007303,182.88067695922626,one shared preloaded model
conv-50-qa-174,hybrid_fifo_rag,0.5326769607706285,16.586500001722015,119.70989999826998,136.82907696076262,one shared preloaded model
conv-50-qa-175,hybrid_fifo_rag,0.5326769607706285,18.086299998685718,464.0120999974897,482.63107695694606,one shared preloaded model
conv-50-qa-176,hybrid_fifo_rag,0.5326769607706285,15.025499997136649,109.88369999904535,125.44187695695263,one shared preloaded model
conv-50-qa-177,hybrid_fifo_rag,0.5326769607706285,10.822799999004928,158.4569000006013,169.81237696037687,one shared preloaded model
conv-50-qa-178,hybrid_fifo_rag,0.5326769607706285,16.081800000392832,224.5208000022103,241.13527696337377,one shared preloaded model
conv-50-qa-179,hybrid_fifo_rag,0.5326769607706285,11.426599998230813,298.3076999989862,310.26697695798765,one shared preloaded model
conv-50-qa-180,hybrid_fifo_rag,0.5326769607706285,15.007599999080412,231.3209000021743,246.86117696202535,one shared preloaded model
conv-50-qa-181,hybrid_fifo_rag,0.5326769607706285,13.306000000739004,1226.3438000009046,1240.1824769624143,one shared preloaded model
conv-50-qa-182,hybrid_fifo_rag,0.5326769607706285,15.281600000889739,1509.0769000016735,1524.891176963334,one shared preloaded model
conv-50-qa-183,hybrid_fifo_rag,0.5326769607706285,11.043499998777406,233.349600002839,244.92577696238703,one shared preloaded model
conv-50-qa-184,hybrid_fifo_rag,0.5326769607706285,10.892999998759478,193.3314000016253,204.7570769611554,one shared preloaded model
conv-50-qa-185,hybrid_fifo_rag,0.5326769607706285,12.470100002246909,281.6547000002174,294.65747696323496,one shared preloaded model
conv-50-qa-186,hybrid_fifo_rag,0.5326769607706285,14.252999997552251,416.7779999988852,431.5636769572081,one shared preloaded model
conv-50-qa-187,hybrid_fifo_rag,0.5326769607706285,14.998900001955917,223.61850000015693,239.15007696288347,one shared preloaded model
conv-50-qa-188,hybrid_fifo_rag,0.5326769607706285,12.514499998360407,195.58300000062445,208.6301769597555,one shared preloaded model
conv-50-qa-189,hybrid_fifo_rag,0.5326769607706285,10.957799997413531,201.81370000136667,213.30417695955083,one shared preloaded model
conv-50-qa-190,hybrid_fifo_rag,0.5326769607706285,13.0289000007906,230.04360000049928,243.6051769620605,one shared preloaded model
conv-50-qa-191,hybrid_fifo_rag,0.5326769607706285,10.823099997651298,231.60859999916283,242.96437695758476,one shared preloaded model
conv-50-qa-192,hybrid_fifo_rag,0.5326769607706285,15.727799996966496,231.0600999990129,247.32057695675002,one shared preloaded model
conv-50-qa-193,hybrid_fifo_rag,0.5326769607706285,12.795099999493686,249.41519999993034,262.74297696019465,one shared preloaded model
conv-50-qa-194,hybrid_fifo_rag,0.5326769607706285,14.859400002023904,210.80040000015288,226.1924769629474,one shared preloaded model
conv-50-qa-195,hybrid_fifo_rag,0.5326769607706285,10.853099996893434,462.0740999998816,473.45987695754565,one shared preloaded model
conv-50-qa-196,hybrid_fifo_rag,0.5326769607706285,11.499399999593152,160.26250000140863,172.2945769617724,one shared preloaded model
conv-50-qa-197,hybrid_fifo_rag,0.5326769607706285,14.913099999830592,197.205300002679,212.65107696328022,one shared preloaded model
conv-50-qa-198,hybrid_fifo_rag,0.5326769607706285,15.643099999579135,224.4764999995823,240.65227695993207,one shared preloaded model
conv-50-qa-199,hybrid_fifo_rag,0.5326769607706285,12.97780000095372,160.07119999994757,173.58167696167192,one shared preloaded model
conv-50-qa-200,hybrid_fifo_rag,0.5326769607706285,17.312399999354966,294.4145000001299,312.2595769602555,one shared preloaded model
conv-50-qa-201,hybrid_fifo_rag,0.5326769607706285,16.16709999871091,392.6692999993975,409.369076958879,one shared preloaded model
conv-50-qa-202,hybrid_fifo_rag,0.5326769607706285,15.451699997356627,191.19560000035563,207.17997695848288,one shared preloaded model
conv-50-qa-203,hybrid_fifo_rag,0.5326769607706285,12.753999999404186,393.6408000008669,406.9274769610417,one shared preloaded model
