example_id,agent,horizon,update_ms,read_ms,generation_ms,end_to_end_ms,model_loading_policy
syn-a6ba61c7f6022987,hybrid_text,100,268.6886000010418,17.114499998569954,413.8416000023426,699.6447000019543,one shared preloaded model
syn-38eedc2c95f8c5b4,hybrid_text,100,103.1555000008666,10.735800002294127,306.1740999983158,420.0654000014765,one shared preloaded model
syn-07d41f0782d8a3ec,hybrid_text,100,99.2647000020952,10.179400000197347,302.62430000220775,412.0684000045003,one shared preloaded model
syn-fa271021cce39036,hybrid_text,100,64.46359999972628,6.25679999939166,226.4471999988018,297.16759999791975,one shared preloaded model
syn-8632fc6b28ce057a,hybrid_text,100,97.75660000013886,10.04099999772734,252.21569999848725,360.01329999635345,one shared preloaded model
syn-227faaf725799aff,hybrid_text,100,100.10529999999562,10.521799998969072,320.49970000298345,431.12680000194814,one shared preloaded model
syn-c819b70cc3b711b6,hybrid_text,100,99.833000000217,10.405199998785974,155.43600000091828,265.67419999992126,one shared preloaded model
syn-f8dc00112ec91804,hybrid_text,100,92.95009999914328,7.066499998472864,340.198000001692,440.2145999993081,one shared preloaded model
syn-f97808cf18e3bdc1,hybrid_text,100,99.76169999936246,10.312800000974676,487.93750000186265,598.0120000021998,one shared preloaded model
syn-1ba0ad3803fd1aab,hybrid_text,100,87.45890000136569,10.083199998916825,269.75469999888446,367.296799999167,one shared preloaded model
syn-e89134deef96d28b,hybrid_text,100,66.41509999826667,6.894799997098744,385.14820000273176,458.45809999809717,one shared preloaded model
syn-d3aec67bcbee5e27,hybrid_text,100,63.59560000055353,6.415399999241345,284.4297000010556,354.4407000008505,one shared preloaded model
syn-c403dc8c5bbec2b6,hybrid_text,100,97.45260000272538,6.565300001966534,245.26909999985946,349.2870000045514,one shared preloaded model
syn-928aaad0bd5f085f,hybrid_text,100,99.5264999983192,10.376299997005844,360.2414000015415,470.1441999968665,one shared preloaded model
syn-36b88d15de85d49d,hybrid_text,100,101.15429999859771,10.238700000627432,226.1696000023221,337.56260000154725,one shared preloaded model
syn-ef8755c246c631fe,hybrid_text,100,96.80690000095638,7.548300000053132,279.9135000022943,384.2687000033038,one shared preloaded model
syn-f8cdd1253dc96ca6,hybrid_text,100,103.65420000016456,10.591399997792905,116.11280000215629,230.35840000011376,one shared preloaded model
syn-99f1a940ce32e3de,hybrid_text,100,78.26579999891692,7.539500002167188,695.746199999121,781.5515000002051,one shared preloaded model
syn-ae830d10e3e44454,hybrid_text,100,100.16520000135642,11.456500000349479,481.12010000113514,592.741800002841,one shared preloaded model
syn-7aec429f0ba8958c,hybrid_text,100,65.83239999963553,6.413200000679353,251.59939999866765,323.84499999898253,one shared preloaded model
syn-7574e07600322df1,hybrid_text,100,94.55950000119628,6.547999997565057,310.21680000048946,411.3242999992508,one shared preloaded model
syn-6596d6fb03744adc,hybrid_text,100,74.62669999949867,6.344600002194056,246.5180999970471,327.4893999987398,one shared preloaded model
syn-8028bcd88896f9af,hybrid_text,100,76.35089999894262,6.561299996974412,267.22240000162856,350.1345999975456,one shared preloaded model
syn-5b04b918e5d2f043,hybrid_text,100,72.4391999974614,6.858600001578452,309.50229999871226,388.8000999977521,one shared preloaded model
syn-344d41a9584f8be4,hybrid_text,100,95.937000001868,10.309899997082539,318.91429999814136,425.1611999970919,one shared preloaded model
syn-1c50e11cb54a9a7c,hybrid_text,100,99.40289999940433,10.298000001057517,314.9251999966509,424.62609999711276,one shared preloaded model
syn-d8bfd6728ae9bb83,hybrid_text,100,99.38790000160225,10.149199999432312,155.53670000008424,265.0738000011188,one shared preloaded model
syn-9ac94e465129e6ee,hybrid_text,100,100.47929999927874,10.649499999999534,343.54349999921396,454.67229999849224,one shared preloaded model
syn-8e5a6b17392849e9,hybrid_text,100,99.25179999845568,10.04079999984242,507.26489999942714,616.5574999977252,one shared preloaded model
syn-6dfbc0e6fffb86d6,hybrid_text,100,68.3567000014591,6.6600000027392525,290.5319000019517,365.5486000061501,one shared preloaded model
syn-d95d1076f16608cf,hybrid_text,100,59.723599999415455,7.389900001726346,321.0378000003402,388.151300001482,one shared preloaded model
syn-67085f28c8a345d9,hybrid_text,100,80.71779999954742,10.417099998448975,251.7626000008022,342.8974999987986,one shared preloaded model
syn-8b88cb5fd4c5e6fc,hybrid_text,100,68.77990000066347,6.88820000141277,235.112600003049,310.78070000512525,one shared preloaded model
syn-42df0ee7d8018963,hybrid_text,100,103.58510000151,10.550999999395572,348.728699998901,462.86479999980656,one shared preloaded model
syn-e8acbc2c88369e51,hybrid_text,100,100.2628000023833,10.42779999988852,250.6253999999899,361.3160000022617,one shared preloaded model
syn-a642a7089d9f162f,hybrid_text,100,98.74100000160979,8.868400000210386,294.40020000038203,402.0096000022022,one shared preloaded model
syn-3f6a98eceeaf476b,hybrid_text,100,63.984699998400174,6.791399999201531,102.70019999734359,173.4762999949453,one shared preloaded model
syn-bfb5882d7330d97f,hybrid_text,100,99.73779999927501,11.355100003129337,322.78649999716436,433.8793999995687,one shared preloaded model
syn-cfa98bda62d92f7f,hybrid_text,100,67.28559999828576,6.637799997406546,409.3302000001131,483.2535999958054,one shared preloaded model
syn-534d1ab71809b51f,hybrid_text,100,99.58510000069509,10.349599997425685,345.23260000059963,455.1672999987204,one shared preloaded model
syn-76a54b251d992dd4,hybrid_text,100,100.4609999981767,10.234900000796188,298.8949999999022,409.5908999988751,one shared preloaded model
syn-6f12022c8819f717,hybrid_text,100,65.32240000160527,7.308700001885882,335.4953999987629,408.12650000225403,one shared preloaded model
syn-30a75d6754134879,hybrid_text,100,98.26489999977639,10.088899998663692,326.43349999852944,434.7872999969695,one shared preloaded model
syn-a6ff96ac61f7c6c1,hybrid_text,100,100.02429999804008,10.529200000746641,320.8702000010817,431.4236999998684,one shared preloaded model
syn-91323a0ae9a650e7,hybrid_text,100,97.3612999987381,9.98519999848213,301.5529999975115,408.89949999473174,one shared preloaded model
syn-9d9ad34b79849f2d,hybrid_text,100,69.25549999868963,6.626599999435712,320.91439999931026,396.7964999974356,one shared preloaded model
syn-36b5b8f6c6bbf2cc,hybrid_text,100,99.74510000029113,9.983199997805059,153.8137999996252,263.5420999977214,one shared preloaded model
syn-96244de128be170e,hybrid_text,100,98.82870000001276,10.767100000521168,319.95349999851896,429.5492999990529,one shared preloaded model
syn-3e8dcebdc4767103,hybrid_text,100,87.73590000055265,10.487200001080055,491.8580999983533,590.081199999986,one shared preloaded model
syn-8f7fdf0bdfb10d4a,hybrid_text,100,101.11799999867799,10.184499999013497,318.9803999994183,430.2828999971098,one shared preloaded model
syn-d4fda360fe6fdd4f,hybrid_text,100,81.51740000175778,9.969599999749335,297.2446999992826,388.7317000007897,one shared preloaded model
syn-42ee4c7254b57eb8,hybrid_text,100,99.4527000002563,10.253000000375323,313.6360999997123,423.34180000034394,one shared preloaded model
syn-feccf5e27bea7518,hybrid_text,100,101.17820000232314,10.595399999147048,294.8331000006874,406.6067000021576,one shared preloaded model
syn-c01e14c5c8c50d03,hybrid_text,100,75.5855999996129,6.802599997172365,320.3231000006781,402.71129999746336,one shared preloaded model
syn-cb15ba714ba5ec8f,hybrid_text,100,99.87149999869871,10.189000000536907,251.37979999999516,361.4402999992308,one shared preloaded model
syn-615f495f59b50927,hybrid_text,100,70.04199999937555,7.484500001737615,270.3817000001436,347.9082000012568,one shared preloaded model
syn-a6cbf0e1e86a6450,hybrid_text,100,67.31850000142003,6.754999998520361,132.87109999873792,206.9445999986783,one shared preloaded model
syn-57b966091e7ec699,hybrid_text,100,64.45889999667997,10.942500000965083,312.8727999974217,388.27419999506674,one shared preloaded model
syn-89f8450f6e93be24,hybrid_text,100,98.64170000219019,10.516700000152923,486.0523999996076,595.2108000019507,one shared preloaded model
syn-e4cf69e50674883c,hybrid_text,100,89.5221999999194,10.358100000303239,253.5427000002528,353.42300000047544,one shared preloaded model
syn-52dd73e2d68a5917,hybrid_text,100,102.13610000209883,10.204199999861885,319.7976000010385,432.13790000299923,one shared preloaded model
syn-1a7e4a2f4f0fe9c6,hybrid_text,100,99.06739999860292,10.17350000256556,323.91310000093654,433.154000002105,one shared preloaded model
syn-e8ee9cee31093b93,hybrid_text,100,99.38129999864032,8.304900002258364,301.99329999959446,409.67950000049314,one shared preloaded model
syn-1546004190558953,hybrid_text,100,72.9444999997213,10.302999999112217,328.9704000017082,412.2179000005417,one shared preloaded model
syn-7858be5eb774eb5b,hybrid_text,100,58.158499999990454,5.698900000425056,426.9196999994165,490.777099999832,one shared preloaded model
syn-fd59ad3a4d996680,hybrid_text,100,98.82839999772841,10.322300000552787,287.5471000006655,396.6977999989467,one shared preloaded model
syn-fc9a9858781e0d3a,hybrid_text,100,96.12490000290563,10.148999997909414,154.43179999783752,260.70569999865256,one shared preloaded model
syn-324d7fc5d16391c8,hybrid_text,100,88.12770000076853,10.72310000017751,320.45840000137105,419.3092000023171,one shared preloaded model
syn-6e90d8e0c38e9334,hybrid_text,100,78.31489999807673,10.57329999821377,250.7727000011073,339.6608999973978,one shared preloaded model
syn-8e5f564bbff2ec81,hybrid_text,100,99.42050000245217,9.969800001272233,348.40770000300836,457.79800000673276,one shared preloaded model
syn-ad377a0c752a987e,hybrid_text,100,83.35079999960726,6.59540000197012,334.8151999998663,424.7614000014437,one shared preloaded model
syn-fd23e7842d0bf088,hybrid_text,100,71.86369999908493,6.460399999923538,274.3111999989196,352.6352999979281,one shared preloaded model
syn-9dce3e031398985d,hybrid_text,100,87.33389999906649,10.283499999786727,346.19949999978417,443.8168999986374,one shared preloaded model
syn-cb9495248ba394a9,hybrid_text,100,99.00659999766503,10.337300001992844,297.9500999972515,407.2939999969094,one shared preloaded model
syn-d45c12362eae6b90,hybrid_text,100,100.3534999981639,10.279499998432584,302.709200001118,413.3421999977145,one shared preloaded model
syn-fe3b30dd29d66256,hybrid_text,100,72.87380000343546,10.02890000017942,337.782700000389,420.6854000040039,one shared preloaded model
syn-0f420473e95734a2,hybrid_text,100,67.99039999896195,12.481000001571374,141.90960000269115,222.38100000322447,one shared preloaded model
syn-14c34fb5209acd83,hybrid_text,100,95.96650000094087,7.138799999665935,258.5222999987309,361.6275999993377,one shared preloaded model
syn-323bc307f3b8489c,hybrid_text,100,98.75430000101915,10.149499998078682,241.0567999977502,349.96059999684803,one shared preloaded model
syn-d1a98c9ebc2b2b63,hybrid_text,100,63.967000001866836,6.732599998940714,237.10139999820967,307.8009999990172,one shared preloaded model
syn-8b8261103d0d9683,hybrid_text,100,67.49119999949471,6.520900002215058,265.20979999986594,339.2219000015757,one shared preloaded model
syn-73911e04a0932499,hybrid_text,100,62.40859999888926,6.59060000180034,355.2352000006067,424.2344000012963,one shared preloaded model
syn-85c77c5469482f47,hybrid_text,100,69.33419999768375,6.342100001347717,345.1889999996638,420.86529999869526,one shared preloaded model
syn-1725a6155d089dde,hybrid_text,100,99.74229999716044,10.349299998779316,332.0596999983536,442.15129999429337,one shared preloaded model
syn-fc05e77b7c242574,hybrid_text,100,97.76190000047791,7.872099999076454,180.58419999942998,286.21819999898435,one shared preloaded model
syn-86308b042f251696,hybrid_text,100,99.71299999961047,9.91769999745884,337.98360000218963,447.61429999925895,one shared preloaded model
syn-434e7ed49b935751,hybrid_text,100,97.84090000175638,9.994500000175321,188.06219999896712,295.8976000008988,one shared preloaded model
syn-530c2c738f789d98,hybrid_text,100,103.19860000163317,11.222799999814015,337.18149999913294,451.6029000005801,one shared preloaded model
syn-0c19d7397f14e5b6,hybrid_text,100,97.1581999983755,5.816299999423791,409.1021999993245,512.0766999971238,one shared preloaded model
syn-a1612d852aaaaac3,hybrid_text,100,100.61420000056387,10.322899997845525,187.17280000055325,298.10989999896265,one shared preloaded model
syn-c0220289c4182645,hybrid_text,100,96.52819999973872,10.237300000881078,323.3394999988377,430.1049999994575,one shared preloaded model
syn-9e6843c042c117d6,hybrid_text,100,102.1586999995634,10.4016999976011,251.10159999894677,363.66199999611126,one shared preloaded model
syn-0ac0bff8c97627a3,hybrid_text,100,99.64899999977206,8.145600000716513,312.3490999969363,420.14369999742485,one shared preloaded model
syn-2125020456ee5ce0,hybrid_text,100,83.39329999944312,10.143300001800526,332.17709999735234,425.713699998596,one shared preloaded model
syn-2caa699fccb66b00,hybrid_text,100,98.04819999772008,10.166399999434361,249.38100000144914,357.5955999986036,one shared preloaded model
syn-861af0982b3de585,hybrid_text,100,99.76219999953173,10.128300000360468,323.21240000237594,433.10290000226814,one shared preloaded model
syn-608838df8784d01b,hybrid_text,100,101.60890000042855,10.24870000037481,204.49370000278577,316.35130000358913,one shared preloaded model
syn-114b81595c7d762a,hybrid_text,100,98.4597999995458,10.890900000958936,227.7947000002314,337.1454000007361,one shared preloaded model
syn-4a863129f2275dc1,hybrid_text,100,65.21900000007008,6.679000001895474,495.65760000041337,567.5556000023789,one shared preloaded model
syn-d2ca3d27b15e9657,hybrid_text,100,68.38779999816325,9.324300001026131,330.3802000009455,408.09230000013486,one shared preloaded model
syn-0c9fef436275cdd9,hybrid_text,100,74.16460000240477,6.5194999988307245,299.88179999782005,380.56589999905555,one shared preloaded model
syn-f1d5d22bd7ee481d,hybrid_text,100,97.24160000041593,10.237799997412367,319.6725999987393,427.1519999965676,one shared preloaded model
syn-a575cf643cb1c076,hybrid_text,100,83.3842000029108,10.256200002913829,363.30850000013015,456.9489000059548,one shared preloaded model
syn-ee742f0c9f76781d,hybrid_text,100,68.34280000111903,6.4624999977240805,268.2657000004838,343.0709999993269,one shared preloaded model
syn-da5dd03ecb643f4d,hybrid_text,100,77.2173000004841,7.134299998142524,313.5355999984313,397.8871999970579,one shared preloaded model
syn-326d673969961656,hybrid_text,100,75.39080000060494,10.126299999683397,340.26230000017677,425.7794000004651,one shared preloaded model
syn-962a3810f04e9097,hybrid_text,100,98.43309999996563,10.231399999611313,153.75119999953313,262.4156999991101,one shared preloaded model
syn-f0aad1f13f69b874,hybrid_text,100,87.89310000065598,10.637800001859432,250.0276999999187,348.5586000024341,one shared preloaded model
syn-c2a05483a856b3ef,hybrid_text,100,76.4205999985279,7.590900000650436,536.7198999992979,620.7313999984763,one shared preloaded model
syn-e0cedd9b0e32d085,hybrid_text,100,65.17510000048787,7.25379999857978,350.7757000006677,423.20459999973536,one shared preloaded model
syn-29a180ad2143328a,hybrid_text,100,77.20510000217473,6.452099998568883,257.5835999996343,341.24080000037793,one shared preloaded model
syn-735f77503b2ba024,hybrid_text,100,66.19300000238582,7.2559000000183005,305.4943999995885,378.9433000019926,one shared preloaded model
syn-148ccbd3316665a4,hybrid_text,100,71.32609999825945,6.765599999198457,311.76630000118166,389.85799999863957,one shared preloaded model
syn-3c75ee23c6f50e1b,hybrid_text,100,100.19319999992149,10.116900000866735,283.71139999944717,394.0215000002354,one shared preloaded model
syn-f4dbe8e18b96050d,hybrid_text,100,99.42320000118343,10.348300002078759,251.66379999791388,361.4353000011761,one shared preloaded model
syn-da9774599d83a1b5,hybrid_text,100,100.69199999998091,10.335899998608511,337.7354000003834,448.7632999989728,one shared preloaded model
syn-2ef399e82e449faf,hybrid_text,100,97.87219999998342,10.205099999438971,155.34610000031535,263.42339999973774,one shared preloaded model
syn-eb0f5ee31c508a61,hybrid_text,100,100.87600000042585,10.851099999854341,373.43219999820576,485.15929999848595,one shared preloaded model
syn-cda71c350602bddf,hybrid_text,100,64.99430000258144,6.43310000305064,393.73609999893233,465.1635000045644,one shared preloaded model
syn-28fa6f2fe12641b3,hybrid_text,100,82.44220000051428,10.467399999470217,300.29039999863016,393.19999999861466,one shared preloaded model
syn-c20dfce1d761b522,hybrid_text,100,97.23650000159978,10.279099999024766,319.1068999985873,426.62249999921187,one shared preloaded model
syn-7df1c817de9a1ea1,hybrid_text,100,67.56740000128048,6.571099998836871,340.72549999837065,414.863999998488,one shared preloaded model
syn-3c57b67fca1c10a3,hybrid_text,100,100.48800000004121,10.012899998400826,321.86129999900004,432.3621999974421,one shared preloaded model
syn-0cbb31a1498b5e27,hybrid_text,100,99.38120000151685,7.299999997485429,296.05609999998705,402.73729999898933,one shared preloaded model
syn-c69bdbfce61e9f10,hybrid_text,100,101.7680000004475,9.9564999982249,1226.3874000018404,1338.1119000005128,one shared preloaded model
syn-9129e328d0e87e58,hybrid_text,100,70.82449999870732,10.296700002072612,362.4483000021428,443.5695000029227,one shared preloaded model
syn-c3a845f6f37328df,hybrid_text,100,98.83329999865964,10.647700000845362,153.74289999817847,263.2238999976835,one shared preloaded model
syn-af9227c03b96e947,hybrid_text,100,77.41499999974621,7.208700000774115,257.68199999947683,342.30569999999716,one shared preloaded model
syn-d30db6602c5e7bcf,hybrid_text,100,63.492900000710506,6.833700001152465,510.18130000011297,580.5079000019759,one shared preloaded model
syn-2bcd2d10bf252a88,hybrid_text,100,96.94779999699676,10.365600002842257,334.48629999838886,441.7996999982279,one shared preloaded model
syn-e69fbacb0ad339d8,hybrid_text,100,101.72869999951217,10.323099999368424,327.55659999747877,439.60839999635937,one shared preloaded model
syn-f7dee247f844b523,hybrid_text,100,76.02000000042608,10.334900001907954,320.4977000023064,406.8526000046404,one shared preloaded model
syn-218ffaef8da3d8da,hybrid_text,100,68.6783999990439,9.124500000325497,297.9984000012337,375.8013000006031,one shared preloaded model
syn-a31eb202acdba085,hybrid_text,100,64.4845000024361,9.78209999811952,386.0954000010679,460.3620000016235,one shared preloaded model
syn-4dfded52a9bb2c90,hybrid_text,100,66.11650000195368,6.436100000428269,241.3267999982054,313.87940000058734,one shared preloaded model
syn-cd947d2b8e2144b0,hybrid_text,100,91.44169999854057,7.1323999982269015,284.87999999924796,383.45409999601543,one shared preloaded model
syn-6abe44228638f132,hybrid_text,100,78.0905999999959,7.937799997307593,100.90770000169869,186.93609999900218,one shared preloaded model
syn-1258eab437601206,hybrid_text,100,100.5777999998827,11.070900000049733,369.5784999981697,481.22719999810215,one shared preloaded model
syn-4d8e6dbc90583d69,hybrid_text,100,99.42649999720743,10.96059999690624,530.6744999979855,641.0615999920992,one shared preloaded model
syn-a1a8b545941a8915,hybrid_text,100,96.70969999933732,10.05069999882835,320.1020000014978,426.86239999966347,one shared preloaded model
syn-c0a5d6164a143c21,hybrid_text,100,98.9253000007011,10.33580000148504,338.074700001016,447.33580000320217,one shared preloaded model
syn-911a5b307c155365,hybrid_text,100,99.3546999998216,10.262899999361252,284.7512000007555,394.36879999993835,one shared preloaded model
syn-bcca1bb50f9b9cef,hybrid_text,100,90.15670000007958,6.650799998169532,305.83109999861335,402.63859999686247,one shared preloaded model
syn-c9e69c66406cd3b1,hybrid_text,100,99.35089999999036,10.298900000634603,330.6455999991158,440.29539999974077,one shared preloaded model
syn-2becd65beee0364a,hybrid_text,100,98.84029999739141,10.56560000142781,320.67059999826597,430.0764999970852,one shared preloaded model
syn-4dd85348c38c0357,hybrid_text,100,97.52400000070338,10.177600001043174,273.99879999939003,381.7004000011366,one shared preloaded model
syn-f242b8cc2cb723b5,hybrid_text,100,98.82870000001276,10.646399998222478,203.7475999968592,313.22269999509444,one shared preloaded model
syn-fbc447c0fcb7cfc8,hybrid_text,100,80.22060000075726,7.129300000087824,373.07330000112415,460.42320000196924,one shared preloaded model
syn-a9f156119ea9fcd1,hybrid_text,100,75.54809999783174,10.335500002838671,475.26789999756147,561.1514999982319,one shared preloaded model
syn-a90c99e2e79a45d4,hybrid_text,100,73.26180000018212,9.640200001740595,300.1756000012392,383.07760000316193,one shared preloaded model
syn-c5a2eb58a93f472f,hybrid_text,100,99.12210000038613,10.092100001202198,259.69999999870197,368.9142000002903,one shared preloaded model
syn-ea7b327ba9b080c9,hybrid_text,100,96.28240000165533,9.885300001769792,317.1805999991193,423.3483000025444,one shared preloaded model
syn-92715b9aee29e997,hybrid_text,100,73.15109999763081,6.394100000761682,336.6965999994136,416.2417999978061,one shared preloaded model
syn-b766696c0d786013,hybrid_text,100,98.66739999779384,10.378200000559445,319.159499998932,428.2050999972853,one shared preloaded model
syn-d3d77d74b12e306a,hybrid_text,100,98.27670000231592,10.511399999813875,359.365299998899,468.1534000010288,one shared preloaded model
syn-48230ce25b5de2fa,hybrid_text,100,98.33340000113822,10.6433000000834,340.21109999957844,449.18780000080005,one shared preloaded model
syn-7f6bff1d2ac7c3f3,hybrid_text,100,99.56590000001597,10.02890000017942,125.63519999821438,235.22999999840977,one shared preloaded model
syn-f37c1fc0c7eaae06,hybrid_text,100,101.0165000006964,10.953299999528099,326.7565000023751,438.7263000025996,one shared preloaded model
syn-915a70d70da9799e,hybrid_text,100,94.3875000011758,10.0505999980669,464.3453999997291,568.7834999989718,one shared preloaded model
syn-2c4f2b37f5b601c4,hybrid_text,100,74.70679999823915,6.5031000012822915,321.4351999995415,402.64509999906295,one shared preloaded model
syn-27269f1dafd012f5,hybrid_text,100,75.77930000115884,6.58570000086911,224.5492000001832,306.91420000221115,one shared preloaded model
syn-fc4e5b6a2ef2e383,hybrid_text,100,100.08910000033211,10.068600000522565,301.43439999665134,411.592099997506,one shared preloaded model
syn-5d4106eaf2ee51c8,hybrid_text,100,80.94720000008238,6.681200000457466,263.35800000015297,350.9864000006928,one shared preloaded model
syn-81331bee65710972,hybrid_text,100,84.53500000177883,10.438699999212986,354.07069999928353,449.04440000027535,one shared preloaded model
syn-6795425cf8dabbc9,hybrid_text,100,67.29170000107842,6.462999997893348,1394.687399999384,1468.4420999983558,one shared preloaded model
syn-67983f23f948cb13,hybrid_text,100,100.6137000003946,10.151999998925021,625.0891999989108,735.8548999982304,one shared preloaded model
syn-312d206fb59e358d,hybrid_text,100,98.9579999986745,10.448000000906177,158.97100000074715,268.3770000003278,one shared preloaded model
syn-b374ae5f8bdeb59c,hybrid_text,100,99.76380000080098,8.466499999485677,217.2281999992265,325.45849999951315,one shared preloaded model
syn-c4e2cf0cbaef3cc6,hybrid_text,100,68.76569999803905,10.18350000231294,512.8151000026264,591.7643000029784,one shared preloaded model
syn-e1486ac132d09f0e,hybrid_text,100,85.2697000009357,10.232900000119116,297.79100000087055,393.29360000192537,one shared preloaded model
syn-7863c0207b8e2373,hybrid_text,100,97.41389999908279,10.013200000685174,320.1236000022618,427.55070000202977,one shared preloaded model
syn-9cbbfa64d29cb813,hybrid_text,100,65.68070000139414,6.392899998900248,246.40379999982542,318.4774000001198,one shared preloaded model
syn-a65473d1d46ed2c6,hybrid_text,100,99.84210000038729,10.29969999945024,299.2057000010391,409.3475000008766,one shared preloaded model
syn-2b046916be0cd392,hybrid_text,100,100.63859999718261,10.69149999966612,298.2430999982171,409.5731999950658,one shared preloaded model
syn-72b8f748d5763fa5,hybrid_text,100,94.89159999793628,10.457399999722838,281.7978999992192,387.14689999687835,one shared preloaded model
syn-9e74ef31f1615b66,hybrid_text,100,63.17269999999553,6.371699997544056,284.53129999979865,354.07569999733823,one shared preloaded model
syn-00b96c3bac38cc42,hybrid_text,100,104.71780000079889,11.12479999937932,157.54310000193072,273.38570000210893,one shared preloaded model
syn-952b966eee3f8c13,hybrid_text,100,94.47189999991679,8.005700001376681,324.5867999976326,427.0643999989261,one shared preloaded model
syn-c8f1cb75a43de506,hybrid_text,100,96.03730000162614,6.644199998845579,512.7685999977984,615.4500999982702,one shared preloaded model
syn-34a4a1cf2545d780,hybrid_text,100,99.33789999922737,10.322999998606974,296.498600000632,406.15949999846634,one shared preloaded model
syn-f36a532a7f829e27,hybrid_text,100,68.45539999994799,6.664600001386134,251.56340000103228,326.6834000023664,one shared preloaded model
syn-3f66f6fab4661265,hybrid_text,100,73.59980000182986,6.554900002811337,313.4301000027335,393.5848000073747,one shared preloaded model
syn-be86febc4b2804a6,hybrid_text,100,99.26320000158739,6.934200002433499,278.71930000037537,384.91670000439626,one shared preloaded model
syn-eb0aba33a8e92d25,hybrid_text,100,100.14370000135386,10.145300002477597,308.68520000149147,418.9742000053229,one shared preloaded model
syn-de9cccc7c153bbf4,hybrid_text,100,68.92380000135745,5.8743000008689705,1070.7311000005575,1145.529200002784,one shared preloaded model
syn-28812aeb523a4ea3,hybrid_text,100,91.00089999992633,10.647000002791174,274.69679999921937,376.34470000193687,one shared preloaded model
syn-071e5a31b62e0a3b,hybrid_text,100,68.11740000193822,6.712200000038138,178.18350000015926,253.01310000213562,one shared preloaded model
syn-c5f347691e4f1189,hybrid_text,100,99.19259999878705,10.978499998600455,326.85230000060983,437.02339999799733,one shared preloaded model
syn-2541ac3e0cf6ae0f,hybrid_text,100,67.03900000138674,6.390399998053908,447.9204999988724,521.349899998313,one shared preloaded model
syn-1a12965cf6e9620a,hybrid_text,100,101.9997000003059,10.236100002657622,330.512100001215,442.7479000041785,one shared preloaded model
syn-833ee80d2a35282c,hybrid_text,100,82.27239999905578,6.550199999765027,254.72480000098585,343.54739999980666,one shared preloaded model
syn-d71cb3ea0a850053,hybrid_text,100,69.2096999991918,6.608700001379475,336.2574000020686,412.0758000026399,one shared preloaded model
syn-b58eb0dc1a3b98a9,hybrid_text,100,99.31309999956284,10.002400002122158,322.8635999985272,432.1791000002122,one shared preloaded model
syn-f547811aa164f77c,hybrid_text,100,100.1633000014408,10.156500000448432,238.6244999979681,348.9442999998573,one shared preloaded model
syn-c2a992a405ca2108,hybrid_text,100,99.77400000207126,10.457700002007186,437.0655999991868,547.2973000032653,one shared preloaded model
syn-ce2c8b075853cedc,hybrid_text,100,82.28130000134115,6.470999996963656,350.5440000008093,439.2962999991141,one shared preloaded model
syn-687fc71335d706d6,hybrid_text,100,85.45570000205771,10.156299998925533,155.93199999784702,251.54399999883026,one shared preloaded model
syn-6aece6dd34a4454c,hybrid_text,100,97.98469999805093,10.913599999184953,363.8242999986687,472.7225999959046,one shared preloaded model
syn-b9f4fa3de270243b,hybrid_text,100,64.59859999813489,6.604500002140412,450.2480999981344,521.4511999984097,one shared preloaded model
syn-7a9964e8147076b4,hybrid_text,100,102.34869999840157,10.610400000587106,296.6937000019243,409.652800000913,one shared preloaded model
syn-5afa3fb6102c079e,hybrid_text,100,85.0951000029454,5.90359999841894,339.72949999952107,430.7282000008854,one shared preloaded model
syn-741bd6aa659cbb3a,hybrid_text,100,63.473400001385016,6.7053000020678155,342.2688000027847,412.44750000623753,one shared preloaded model
syn-e2066c5ef4eaa754,hybrid_text,100,67.06259999918984,9.949700001016026,305.8792999981961,382.89159999840194,one shared preloaded model
syn-9ad6a91dae6541b0,hybrid_text,100,99.48729999814532,9.938899998815032,327.12420000098064,436.550399997941,one shared preloaded model
syn-0cc07eac74fee68f,hybrid_text,100,62.419199999567354,6.897100000060163,1568.248899999162,1637.5651999987895,one shared preloaded model
syn-06f1746d73db3d7a,hybrid_text,100,86.78069999950822,6.452900001022499,274.83589999974356,368.0695000002743,one shared preloaded model
syn-af7777b30c76fe8f,hybrid_text,100,71.4272000004712,6.534700001793681,151.88639999905718,229.84830000132206,one shared preloaded model
syn-a3df3702910d82c8,hybrid_text,100,98.75059999831137,10.858499997993931,340.5692000014824,450.1782999977877,one shared preloaded model
syn-1b32176f8ab0ad0d,hybrid_text,100,97.81659999862313,9.241499999916414,457.81910000005155,564.8771999985911,one shared preloaded model
syn-3c9a56c51e114ae8,hybrid_text,100,89.16129999852274,10.272100000292994,327.09429999886197,426.5276999976777,one shared preloaded model
syn-4dc80c16468d7ae3,hybrid_text,100,87.7697999967495,10.532900003454415,281.3743999977305,379.6770999979344,one shared preloaded model
syn-635cc36e60ec9abe,hybrid_text,100,100.55759999886504,10.351100001571467,298.80949999642326,409.71819999685977,one shared preloaded model
syn-166e4d8638667138,hybrid_text,100,98.85880000001634,10.130999999091728,297.6727999994182,406.6625999985263,one shared preloaded model
syn-4b2e3c750d96faf1,hybrid_text,100,84.23730000140495,7.1327000005112495,231.1081000007107,322.4781000026269,one shared preloaded model
syn-5c60aa247e7da516,hybrid_text,100,64.03779999891412,10.206599999946775,227.81789999862667,302.06229999748757,one shared preloaded model
syn-363ae45960cbd6ea,hybrid_text,100,66.34789999952773,6.771700001991121,326.912499996979,400.03209999849787,one shared preloaded model
syn-202a222301f9a6d4,hybrid_text,100,98.78039999966859,10.128599999006838,109.00630000105593,217.91529999973136,one shared preloaded model
syn-7cf12316980709f6,hybrid_text,100,98.702700001013,10.71810000212281,276.6173999989405,386.03820000207634,one shared preloaded model
syn-728e33df6904e39f,hybrid_text,100,98.47559999980149,10.071699998661643,484.4080999973812,592.9553999958443,one shared preloaded model
syn-5bd3e7c2aa979761,hybrid_text,100,102.47969999909401,10.462799997185357,324.75459999841405,437.6970999946934,one shared preloaded model
syn-9f5692455ac5f9eb,hybrid_text,100,69.77180000103544,10.208899999270216,306.0148000004119,385.9955000007176,one shared preloaded model
syn-d0e73d43fc27e780,hybrid_text,100,99.67729999698349,10.363699999288656,291.70979999980773,401.7507999960799,one shared preloaded model
syn-70ea21787462e8bb,hybrid_text,100,89.3073999977787,10.066800001368392,289.0767000026244,388.4509000017715,one shared preloaded model
syn-93ebae83f12babde,hybrid_text,100,78.29200000196579,10.458100001415005,246.91859999802546,335.66870000140625,one shared preloaded model
syn-80b5fa71901fb209,hybrid_text,100,86.8754999974044,10.106800000357907,305.6345000004512,402.61679999821354,one shared preloaded model
syn-31a023f7ba9bc6ca,hybrid_text,100,77.86250000208383,6.453900001361035,266.86220000192407,351.17860000536893,one shared preloaded model
syn-86c7f5c14844a928,hybrid_text,100,78.15910000135773,10.604899998725159,203.84199999898556,292.60599999906844,one shared preloaded model
syn-a86b2bf35ce487cf,hybrid_text,100,98.17390000171144,10.716900000261376,297.4517000002379,406.3425000022107,one shared preloaded model
syn-a191dd5bc4522c3f,hybrid_text,100,97.54220000104397,10.029400000348687,519.3459000001894,626.9175000015821,one shared preloaded model
syn-24c6eb89fa9bc77a,hybrid_text,100,98.25490000002901,10.159800000110408,319.1463000002841,427.5610000004235,one shared preloaded model
syn-7e9cddfe26e96d08,hybrid_text,100,103.43719999946188,10.11320000179694,230.67389999778243,344.22429999904125,one shared preloaded model
syn-79244b5ea6e26a35,hybrid_text,100,90.77940000133822,7.0430999985546805,342.2256000012567,440.0481000011496,one shared preloaded model
syn-351b1f137e4c70f0,hybrid_text,100,64.8935999997775,6.471600001532352,233.08360000009998,304.44880000140984,one shared preloaded model
syn-fe81b916e846f8e6,hybrid_text,100,99.17429999768501,10.479800002940465,319.25279999995837,428.90690000058385,one shared preloaded model
syn-890454ea84307ccf,hybrid_text,100,99.3333000005805,10.632000001351116,320.33080000110203,430.29610000303364,one shared preloaded model
syn-38ffd1c0f969d3ce,hybrid_text,100,98.72449999966193,10.728500001278007,355.1951999979792,464.64819999891915,one shared preloaded model
syn-449f78fee2e31323,hybrid_text,100,99.12139999869396,10.581399998045526,203.4495000007155,313.152299997455,one shared preloaded model
syn-386d7fabe68c0b51,hybrid_text,100,97.08709999904386,10.855900000024121,311.3714999999502,419.31449999901815,one shared preloaded model
syn-a53e008f5352ab7c,hybrid_text,100,97.46870000162744,10.025600000517443,452.28230000066105,559.7766000028059,one shared preloaded model
syn-2d7332919d82acd7,hybrid_text,100,99.06340000088676,10.409700000309385,295.35020000184886,404.823300003045,one shared preloaded model
syn-4b43eb5a0d3f5e34,hybrid_text,100,68.90040000143927,6.74069999877247,302.51309999948717,378.1541999996989,one shared preloaded model
syn-1c8165dfe7849318,hybrid_text,100,96.65030000178376,10.467300002346747,310.8276000020851,417.9452000062156,one shared preloaded model
syn-d3b9785b73055c98,hybrid_text,100,64.58930000007967,6.504900000436464,308.4387999988394,379.5329999993555,one shared preloaded model
syn-eb6fed3bb3f62d98,hybrid_text,100,77.18089999980293,6.422900001780363,227.24929999822052,310.8530999998038,one shared preloaded model
syn-413d807574a54fac,hybrid_text,100,98.68139999889536,10.38429999971413,290.74969999783207,399.81539999644156,one shared preloaded model
syn-8be08b3c364210f6,hybrid_text,100,100.96330000305898,10.656800001015654,331.4993999993021,443.11950000337674,one shared preloaded model
syn-c73284e558f60ee0,hybrid_text,100,101.33439999844995,10.794099998747697,160.93479999835836,273.063299995556,one shared preloaded model
syn-af7cdb39cb252396,hybrid_text,100,86.03729999958887,6.6556999991007615,264.47019999977783,357.16319999846746,one shared preloaded model
syn-6cb7e0329cf51091,hybrid_text,100,101.78109999833396,10.406800000055227,529.7626000028686,641.9505000012578,one shared preloaded model
syn-7ff503cc87bf6b72,hybrid_text,100,81.51250000082655,10.213499997917097,337.8144999987853,429.54049999752897,one shared preloaded model
syn-6409e2246567d47d,hybrid_text,100,66.66299999778857,6.845899999461835,250.49460000082036,324.00349999807077,one shared preloaded model
syn-56a9578b1ca629d6,hybrid_text,100,84.1872000019066,6.704600000375649,256.27000000167754,347.1618000039598,one shared preloaded model
syn-96125f8027ab183e,hybrid_text,100,98.8617000002705,10.170999998081243,370.81730000136304,479.8499999997148,one shared preloaded model
syn-d108a25e35d2aec2,hybrid_text,100,65.80920000124024,10.129900001629721,236.07360000096378,312.01270000383374,one shared preloaded model
syn-e505f665edac12f5,hybrid_text,100,64.57570000202395,6.488200000603683,252.2331000000122,323.29700000263983,one shared preloaded model
syn-227123dfbfb3b60b,hybrid_text,100,59.857000000192784,6.272699996770825,328.23849999840604,394.36819999536965,one shared preloaded model
syn-a3509d974e84be76,hybrid_text,100,59.55249999897205,6.296399998973357,201.0305999974662,266.8794999954116,one shared preloaded model
syn-4db0fdc492341150,hybrid_text,100,76.59489999787183,6.787800000893185,309.51310000091325,392.8957999996783,one shared preloaded model
syn-ad343e5861a42f48,hybrid_text,100,62.83910000274773,6.426899999496527,467.67349999936414,536.9395000016084,one shared preloaded model
syn-98938f2a750732e3,hybrid_text,100,101.44279999803985,10.419300000648946,291.0675999992236,402.9296999979124,one shared preloaded model
syn-588e0cf52a62ad07,hybrid_text,100,98.85470000153873,6.616200000280514,264.91729999906966,370.3882000008889,one shared preloaded model
syn-3a2b16f76aac64a3,hybrid_text,100,97.68719999919995,10.20789999893168,235.48250000021653,343.37759999834816,one shared preloaded model
syn-771747a46595b170,hybrid_text,100,66.50860000081593,6.915499998285668,289.2682000019704,362.692300001072,one shared preloaded model
syn-b862e71029dd1141,hybrid_text,100,99.01529999842751,10.272899999108631,320.3131000009307,429.60129999846686,one shared preloaded model
syn-ab82b68526b31cc1,hybrid_text,100,104.1138000000501,10.28299999961746,1291.7732999994769,1406.1700999991444,one shared preloaded model
syn-0972954b0101952a,hybrid_text,100,64.86100000256556,6.562999999005115,330.0048999990395,401.42890000061016,one shared preloaded model
syn-8e233e6259a3ff93,hybrid_text,100,99.37509999872418,10.368700000981335,202.44340000135708,312.1872000010626,one shared preloaded model
syn-d72c9b6d1c8b544c,hybrid_text,100,63.23280000287923,7.158199998229975,295.3692000010051,365.7602000021143,one shared preloaded model
syn-2473152ac1131384,hybrid_text,100,96.24149999945075,10.240600000543054,517.1255999994173,623.6076999994111,one shared preloaded model
syn-99c8100852c041ab,hybrid_text,100,100.16629999881843,10.5029000005743,305.8268999993743,416.496099998767,one shared preloaded model
syn-c072bb6c30501eb5,hybrid_text,100,65.11649999811198,6.823399999120738,322.61600000128965,394.55589999852236,one shared preloaded model
syn-6ceaf5097ce9c759,hybrid_text,100,66.26070000129403,5.673499999829801,325.8061999986239,397.74039999974775,one shared preloaded model
syn-b22dac7d46c56ef7,hybrid_text,100,88.82209999865154,10.01900000119349,329.25800000157324,428.09910000141826,one shared preloaded model
syn-a820901274815962,hybrid_text,100,91.42179999980726,10.524299999815412,301.6306000026816,403.5767000023043,one shared preloaded model
syn-4d0c462a9611104c,hybrid_text,100,100.5116000014823,10.129400001460453,465.45049999986077,576.0915000028035,one shared preloaded model
syn-966462fdc64001cb,hybrid_text,100,63.657900001999224,6.239300000743242,280.21480000097654,350.112000003719,one shared preloaded model
syn-aab7f6253fc3371c,hybrid_text,100,100.40400000070804,10.194300000875955,114.57669999799691,225.1749999995809,one shared preloaded model
syn-6cd597ee81f40259,hybrid_text,100,95.75439999753144,11.397300000680843,322.0560000008845,429.2076999990968,one shared preloaded model
syn-ac63a94c62bb28b0,hybrid_text,100,65.79850000343868,10.062900000775699,503.45670000024256,579.3181000044569,one shared preloaded model
syn-caaf77c3bc556729,hybrid_text,100,98.43109999928856,10.023199996794574,319.275199999538,427.72949999562115,one shared preloaded model
syn-be57cd78365e7d1a,hybrid_text,100,60.534299998835195,6.376600002113264,227.29049999907147,294.20140000001993,one shared preloaded model
syn-f8666490bec6d369,hybrid_text,100,102.99820000000182,10.788999999931548,309.7823999996763,423.56959999960964,one shared preloaded model
syn-60ede6f62c127051,hybrid_text,100,69.82889999926556,6.66790000104811,247.8862999996636,324.3830999999773,one shared preloaded model
syn-3ca2daab899324eb,hybrid_text,100,85.81729999787058,6.545000000187429,301.3111000000208,393.6733999980788,one shared preloaded model
syn-751ad704e49319a5,hybrid_text,100,92.71970000190777,6.810599999880651,255.788800001028,355.3191000028164,one shared preloaded model
syn-1def9112232df49c,hybrid_text,100,85.5952999991132,10.36970000131987,322.7649000000383,418.7299000004714,one shared preloaded model
syn-6d9bfb9f846bec63,hybrid_text,100,66.78800000008778,6.5627000003587455,203.02040000024135,276.3711000006879,one shared preloaded model
syn-6743c3c7d98bfc0e,hybrid_text,100,88.15390000017942,10.951100000966107,435.8389000008174,534.9439000019629,one shared preloaded model
syn-01d7e9b6955f7473,hybrid_text,100,91.34819999962929,6.8439000024227425,504.86580000142567,603.0579000034777,one shared preloaded model
syn-2e85e9170d30ba71,hybrid_text,100,100.40659999867785,10.355299997172551,348.055900001782,458.8177999976324,one shared preloaded model
syn-37671ca7cf5c1eb5,hybrid_text,100,83.74489999914658,6.700199999613687,252.0719000021927,342.517000000953,one shared preloaded model
syn-f4e3f903987f6c89,hybrid_text,100,97.86170000006678,10.2392000007967,324.89630000054603,432.9972000014095,one shared preloaded model
syn-0baea2d67907d7b5,hybrid_text,100,102.88560000117286,7.631700002093567,231.06360000019777,341.5809000034642,one shared preloaded model
syn-64b6c1ab320dbe67,hybrid_text,100,63.97319999814499,6.529599999339553,319.73980000111624,390.2425999986008,one shared preloaded model
syn-ebbfd3d64aa3659e,hybrid_text,100,98.8997999993444,10.351099997933488,339.1129000010551,448.363799998333,one shared preloaded model
syn-9ba4c01860d01716,hybrid_text,100,64.46239999786485,6.505100001959363,350.99040000204695,421.95790000187117,one shared preloaded model
syn-30ea2cdf2f968903,hybrid_text,100,97.25510000134818,6.647700000030454,127.82460000016727,231.7274000015459,one shared preloaded model
syn-8c64fa1f197773be,hybrid_text,100,71.60659999863128,8.03749999977299,337.90899999803514,417.5530999964394,one shared preloaded model
syn-73c6ca9be338f033,hybrid_text,100,92.90429999964545,10.218600000371225,523.1786999975157,626.3015999975323,one shared preloaded model
syn-6ecbb1c08f82c937,hybrid_text,100,96.47440000117058,6.654200002230937,247.25560000297264,350.38420000637416,one shared preloaded model
syn-8353478fbb4bce27,hybrid_text,500,436.28479999824776,9.83240000277874,237.36529999951017,683.4825000005367,one shared preloaded model
syn-8067a297457aadf1,hybrid_text,500,458.21689999866067,13.41360000151326,294.43089999767835,766.0613999978523,one shared preloaded model
syn-9e8353cffd162bec,hybrid_text,500,352.2846000014397,12.889000001450768,313.86180000117747,679.0354000040679,one shared preloaded model
syn-1e2c00e04982df2b,hybrid_text,500,463.51250000225264,10.250499999528984,260.9855999980937,734.7485999998753,one shared preloaded model
syn-e2a2467ecd547dda,hybrid_text,500,296.31549999976414,9.61010000173701,259.0676999971038,564.9932999986049,one shared preloaded model
syn-bc62c7abfaca5c09,hybrid_text,500,407.9850999987684,13.042400001722854,339.50239999830956,760.5298999988008,one shared preloaded model
syn-12612434405c931a,hybrid_text,500,439.41049999921233,13.425400000414811,204.35229999930016,657.1881999989273,one shared preloaded model
syn-5a8a3408720382be,hybrid_text,500,453.7932000021101,13.74240000222926,326.01010000144015,793.5457000057795,one shared preloaded model
syn-59ea7db674f489a6,hybrid_text,500,357.5338999980886,13.243199999124045,507.0350999994844,877.812199996697,one shared preloaded model
syn-51d379101a7163b5,hybrid_text,500,396.20490000015707,9.756699997524265,281.39589999773307,687.3574999954144,one shared preloaded model
syn-663a7412abfb842b,hybrid_text,500,297.7640999997675,151.97160000025178,271.024400000897,720.7601000009163,one shared preloaded model
syn-0bd707dc615b2bc5,hybrid_text,500,433.11069999981555,9.247700003470527,228.3117000006314,670.6701000039175,one shared preloaded model
syn-0ca214b154606a6d,hybrid_text,500,422.0855000021402,13.206999999965774,349.7416999998677,785.0342000019737,one shared preloaded model
syn-1ad21a31a11954b1,hybrid_text,500,334.104199999274,7.607200001075398,297.7141999981541,639.4255999985035,one shared preloaded model
syn-405db96ad499aad6,hybrid_text,500,385.144500000024,13.3116000033624,265.34129999708966,663.797400000476,one shared preloaded model
syn-c73a7d7f2efdabea,hybrid_text,500,425.36980000295443,9.143400002358248,305.80470000131754,740.3179000066302,one shared preloaded model
syn-d4551df4fe2ef435,hybrid_text,500,445.7577000030142,12.883399998827372,154.34839999943506,612.9895000012766,one shared preloaded model
syn-f81cc5743ea53e86,hybrid_text,500,436.41419999767095,13.882600000215461,313.2399999994959,763.5367999973823,one shared preloaded model
syn-4f19931c9987dbda,hybrid_text,500,428.63800000122865,13.184699997509597,508.00580000213813,949.8285000008764,one shared preloaded model
syn-92c86a223d786491,hybrid_text,500,304.1297999989183,13.14749999801279,321.66309999956866,638.9403999964998,one shared preloaded model
syn-2bb893798ac2dfa5,hybrid_text,500,403.0598999997892,8.922299999539973,306.94260000018403,718.9247999995132,one shared preloaded model
syn-aa1bcd4e3305659c,hybrid_text,500,343.60430000015185,10.00700000076904,336.2091999988479,689.8204999997688,one shared preloaded model
syn-0954cc37fabc8be3,hybrid_text,500,437.2390999997151,12.941000000864733,323.6274000009871,773.807500001567,one shared preloaded model
syn-6bb06c622660e647,hybrid_text,500,300.1365000018268,9.02940000014496,369.58510000113165,678.7510000031034,one shared preloaded model
syn-0b1a59bdb0ab570e,hybrid_text,500,445.2138000015111,13.138000002072658,1062.638600000355,1520.9904000039387,one shared preloaded model
syn-23a203eef7bafa9b,hybrid_text,500,463.29469999909634,13.191800000640796,345.72359999947366,822.2100999992108,one shared preloaded model
syn-3b06b4335ee79d9c,hybrid_text,500,383.4089000010863,9.136699998634867,101.47430000142776,494.0199000011489,one shared preloaded model
syn-ec94bad4956c840e,hybrid_text,500,420.79150000063237,13.606199998321244,337.5588999988395,771.9565999977931,one shared preloaded model
syn-bc1c23717d0dfea3,hybrid_text,500,460.45520000188844,13.259499999549007,481.6738000008627,955.3885000023001,one shared preloaded model
syn-67712a9f8996e2e8,hybrid_text,500,434.99139999767067,13.29750000149943,313.39180000213673,761.6807000013068,one shared preloaded model
syn-595c1a876191c126,hybrid_text,500,353.36760000063805,13.19109999894863,307.04880000121193,673.6075000007986,one shared preloaded model
syn-6467888e031efe81,hybrid_text,500,383.81010000011884,13.291799998114584,298.2906999968691,695.3925999951025,one shared preloaded model
syn-bbf31960b39c5ee4,hybrid_text,500,425.1163999979326,9.276000000681961,336.2833999999566,770.6757999985712,one shared preloaded model
syn-0a76bff023524251,hybrid_text,500,319.11549999858835,8.728799999516923,247.83139999999548,575.6756999981008,one shared preloaded model
syn-ba162ae568464f78,hybrid_text,500,449.65790000060224,13.043099999777041,228.78539999874192,691.4863999991212,one shared preloaded model
syn-b042f0c9791d9008,hybrid_text,500,430.698800002574,13.371900000493042,307.84739999944577,751.9181000025128,one shared preloaded model
syn-ea3960770a2ca4a7,hybrid_text,500,421.43360000045504,12.517899998783832,192.0830000017304,626.0345000009693,one shared preloaded model
syn-38219515a508a5d7,hybrid_text,500,446.6007000009995,13.73809999859077,323.1229999983043,783.4617999978946,one shared preloaded model
syn-d4c28ece94fb3953,hybrid_text,500,395.84349999859114,9.279499998228857,454.5947000005981,859.7176999974181,one shared preloaded model
syn-f60a4dd25af4bf20,hybrid_text,500,300.48859999806155,12.725900000077672,291.0628999998153,604.2773999979545,one shared preloaded model
syn-f82cf59916809524,hybrid_text,500,415.09279999809223,13.083599998935824,331.52459999837447,759.7009999954025,one shared preloaded model
syn-8e294cf8f86f5d12,hybrid_text,500,351.6238999982306,11.357200000929879,253.43659999998636,616.4176999991469,one shared preloaded model
syn-040517cd90cc897c,hybrid_text,500,427.9048000025796,13.069699998595752,335.8026999994763,776.7772000006516,one shared preloaded model
syn-411fce6ee866bbb8,hybrid_text,500,457.69040000232053,13.168800000130432,321.9202000000223,792.7794000024733,one shared preloaded model
syn-268c1d0c81c87f4b,hybrid_text,500,428.04489999980433,8.98830000005546,250.07779999941704,687.1109999992768,one shared preloaded model
syn-b306cf68395776dd,hybrid_text,500,310.5184999985795,9.227499998814892,311.62449999828823,631.3704999956826,one shared preloaded model
syn-689442af0e6a410d,hybrid_text,500,370.59619999854476,13.191699999879347,163.873199999216,547.6610999976401,one shared preloaded model
syn-313805301f447ead,hybrid_text,500,430.8830999980273,9.40420000188169,345.66909999921336,785.9563999991224,one shared preloaded model
syn-38d674321a5aca1b,hybrid_text,500,401.15660000083153,9.707799999887357,518.1568000007246,929.0212000014435,one shared preloaded model
syn-213d87e5e07c8519,hybrid_text,500,456.4094999986992,13.426100002106978,345.9917000000132,815.8273000008194,one shared preloaded model
syn-05a9edcf64ee42de,hybrid_text,500,445.9597000022768,13.185299998440314,269.0376999998989,728.182700000616,one shared preloaded model
syn-0475ce3a7577d7da,hybrid_text,500,351.80599999875994,9.018900000228314,232.4981999990996,593.3230999980879,one shared preloaded model
syn-e08c5c69e450c217,hybrid_text,500,413.6671000014758,9.078299997781869,329.39299999998184,752.1383999992395,one shared preloaded model
syn-436852fe9abb7dc5,hybrid_text,500,401.4582999989216,13.902799997595139,359.1965999985405,774.5576999950572,one shared preloaded model
syn-271d5a470da86f7f,hybrid_text,500,325.4216000023007,12.974200002645375,249.1221999989648,587.5180000039109,one shared preloaded model
syn-970a5b6630f65725,hybrid_text,500,418.40760000195587,13.365400001930539,460.14130000185105,891.9143000057375,one shared preloaded model
syn-8a75ed949ee596bd,hybrid_text,500,455.84279999820865,13.090800002828473,178.37849999705213,647.3120999980893,one shared preloaded model
syn-56c64830d8d53ebc,hybrid_text,500,379.271300000255,13.665700000274228,286.6782000019157,679.6152000024449,one shared preloaded model
syn-811fbe3866bccdf8,hybrid_text,500,442.2971999993024,13.257300000987016,512.1461000017007,967.7006000019901,one shared preloaded model
syn-d42090286816856c,hybrid_text,500,342.6042999999481,8.861300000717165,288.6564999971597,640.122099997825,one shared preloaded model
syn-ffd8865e73eeab0e,hybrid_text,500,409.91720000238274,12.529500003438443,277.43890000056126,699.8856000063824,one shared preloaded model
syn-784fd5d93b24c4f6,hybrid_text,500,360.4172999985167,9.312000001955312,284.80820000186213,654.5375000023341,one shared preloaded model
syn-ea8d41b6d999d548,hybrid_text,500,419.94980000163196,8.924200003093574,284.55770000073244,713.431700005458,one shared preloaded model
syn-d909cdb8cfcc9eb8,hybrid_text,500,303.53219999960857,13.146299999789335,297.6440000020375,614.3225000014354,one shared preloaded model
syn-23c6931c183f4ac9,hybrid_text,500,449.7397999984969,13.11120000173105,253.09589999960735,715.9468999998353,one shared preloaded model
syn-d3743cb521c05762,hybrid_text,500,399.5590999984415,8.97629999963101,232.0983999998134,640.633799997886,one shared preloaded model
syn-c6956e0b7b8bbe93,hybrid_text,500,395.0535000003583,8.977800000138814,129.7283999992942,533.7596999997913,one shared preloaded model
syn-2c235f94902c2fbd,hybrid_text,500,459.1703999976744,13.923400001658592,777.6316000017687,1250.7254000011017,one shared preloaded model
syn-5c84268454890acb,hybrid_text,500,393.6318999985815,9.18880000244826,421.23369999899296,824.0544000000227,one shared preloaded model
syn-4d04fd9eb9e444fa,hybrid_text,500,418.2370999988052,13.189400000555906,321.21600000027684,752.642499999638,one shared preloaded model
syn-6acbf48ac4868565,hybrid_text,500,296.53379999945173,9.083000000828179,241.31750000015018,546.9343000004301,one shared preloaded model
syn-cb4f29b8d39beaf7,hybrid_text,500,426.67640000217943,13.365800001338357,288.33080000185873,728.3730000053765,one shared preloaded model
syn-bdecfe39479ce931,hybrid_text,500,348.4054999971704,9.325899998657405,313.46100000155275,671.1923999973806,one shared preloaded model
syn-07d4c2689189fd19,hybrid_text,500,422.0525999990059,9.267800000088755,232.05910000251606,663.3795000016107,one shared preloaded model
syn-b0094bd3bc25f838,hybrid_text,500,341.91570000257343,9.019599998282501,319.3289000009827,670.2642000018386,one shared preloaded model
syn-c576d54a7fdd7ade,hybrid_text,500,432.0716000001994,9.024499999213731,309.79260000094655,750.8887000003597,one shared preloaded model
syn-ca1da64f4b7250ab,hybrid_text,500,408.79969999878085,13.177500000892906,154.84680000008666,576.8239999997604,one shared preloaded model
syn-400d16042183536f,hybrid_text,500,343.91950000281213,13.7739000019792,299.9028000012913,657.5962000060827,one shared preloaded model
syn-2fe6bde59301602d,hybrid_text,500,354.53419999976177,13.611300000775373,491.1967999978515,859.3422999983886,one shared preloaded model
syn-e4e5255b50b15865,hybrid_text,500,374.5393999997759,9.20380000025034,233.02519999924698,616.7683999992732,one shared preloaded model
syn-8e029986a2e4be7e,hybrid_text,500,361.9388000006438,12.961799999175128,285.3393000004871,660.2399000003061,one shared preloaded model
syn-d460ec92ff2d1e65,hybrid_text,500,424.72519999864744,8.922400000301423,251.29269999888493,684.9402999978338,one shared preloaded model
syn-c7b7f75556d5e436,hybrid_text,500,389.55580000038026,13.038900000537978,321.96920000205864,724.5639000029769,one shared preloaded model
syn-729b066ef4e121a1,hybrid_text,500,369.7452999986126,13.297099998453632,282.4438999996346,665.4862999967008,one shared preloaded model
syn-383ddb0c41c5feef,hybrid_text,500,453.488399998605,13.260100000479724,250.80719999823486,717.5556999973196,one shared preloaded model
syn-50d0f73de6cd03fd,hybrid_text,500,405.8593000008841,12.95140000001993,321.35070000003907,740.1614000009431,one shared preloaded model
syn-49216263546f83c9,hybrid_text,500,369.3189000005077,13.335899999219691,204.18449999851873,586.8392999982461,one shared preloaded model
syn-3d8ea15d71265a5d,hybrid_text,500,423.91679999855114,14.507600000797538,322.3985000004177,760.8228999997664,one shared preloaded model
syn-e71f9cfdd7e12520,hybrid_text,500,351.9632999996247,13.073099999019178,573.7135000017588,938.7499000004027,one shared preloaded model
syn-db387682b1226cfa,hybrid_text,500,418.64260000147624,13.236099999630824,365.6493999988015,797.5280999999086,one shared preloaded model
syn-57cbb0340d075fa2,hybrid_text,500,441.32340000214754,12.987599999178201,331.7568000020401,786.0678000033658,one shared preloaded model
syn-9df98212cdc08358,hybrid_text,500,467.4510000004375,13.600300000689458,324.48479999948177,805.5361000006087,one shared preloaded model
syn-a1d1ea15e7221800,hybrid_text,500,425.76589999953285,13.003899999603163,251.4960999978939,690.2658999970299,one shared preloaded model
syn-2f4dce5ad69b3fa1,hybrid_text,500,318.4441000012157,13.973500001156935,292.2723000010592,624.6899000034318,one shared preloaded model
syn-7094b0e8de069d3a,hybrid_text,500,367.8373000002466,12.95889999892097,249.53409999943688,630.3302999986045,one shared preloaded model
syn-97802e05ca9a2d1c,hybrid_text,500,419.4506999992882,8.879100001649931,234.18350000065402,662.5133000015921,one shared preloaded model
syn-d604fecf4b0498cd,hybrid_text,500,430.429500000173,13.833699998940574,155.68490000077873,599.9480999998923,one shared preloaded model
syn-64c1006806b1711d,hybrid_text,500,434.0340999988257,10.214699999778531,231.04529999909573,675.2940999977,one shared preloaded model
syn-4a8e3cff5312d6b5,hybrid_text,500,455.0675000027695,13.211400000727735,532.6254999999946,1000.9044000034919,one shared preloaded model
syn-f940283a7af1f768,hybrid_text,500,392.50750000064727,13.019999998505227,292.64450000118813,698.1720000003406,one shared preloaded model
syn-00d8e9ad93855ab3,hybrid_text,500,443.67029999921215,13.206200001150137,321.42559999920195,778.3020999995642,one shared preloaded model
syn-b66b18aeb0ff8c75,hybrid_text,500,450.63350000054925,13.231700002506841,367.083699999057,830.9489000021131,one shared preloaded model
syn-689eaa13f442395a,hybrid_text,500,465.67420000064885,12.999200000194833,313.21530000059283,791.8887000014365,one shared preloaded model
syn-47679c7bc2515e7e,hybrid_text,500,445.5962999963958,13.175100000808015,332.6443999976618,791.4157999948657,one shared preloaded model
syn-8defe53d696d1e04,hybrid_text,500,443.5814000025857,9.219100000336766,964.073000002827,1416.8735000057495,one shared preloaded model
syn-958fef865bbe0110,hybrid_text,500,455.3174000029685,13.270100000227103,317.6205999989179,786.2081000021135,one shared preloaded model
syn-4b17cac63cc0fd2e,hybrid_text,500,441.42160000046715,13.44020000033197,156.46769999875687,611.329499999556,one shared preloaded model
syn-c81b135ce954f21d,hybrid_text,500,341.75170000162325,9.67310000123689,256.3274999993155,607.7523000021756,one shared preloaded model
syn-a4421f1dbd3fdf53,hybrid_text,500,397.53969999947003,13.243599998531863,483.81009999866365,894.5933999966655,one shared preloaded model
syn-007bd7d84108708c,hybrid_text,500,422.76700000002165,13.09190000029048,298.3490000005986,734.2079000009107,one shared preloaded model
syn-33695a5bdb03a768,hybrid_text,500,359.70020000240766,9.371200001623947,313.7213000009069,682.7927000049385,one shared preloaded model
syn-338c6b26a5bc1a7c,hybrid_text,500,463.29469999909634,13.088700001389952,338.7001000010059,815.0835000014922,one shared preloaded model
syn-e228218af7df0e27,hybrid_text,500,449.79699999748846,12.916799998492934,330.6235000018205,793.3372999978019,one shared preloaded model
syn-fcc74b53a32d5340,hybrid_text,500,454.6645000009448,13.114100001985207,314.4390999987081,782.2177000016381,one shared preloaded model
syn-6f04fd80b4ec7429,hybrid_text,500,459.5597000006819,13.214300000981893,445.73599999785074,918.5099999995145,one shared preloaded model
syn-5a2a82ec7118aced,hybrid_text,500,434.0406000010262,13.007400000788039,321.4278999985254,768.4759000003396,one shared preloaded model
syn-929180aaf784df2d,hybrid_text,500,442.22529999751714,7.741699999314733,179.3400999995356,629.3070999963675,one shared preloaded model
syn-cb551660c3041446,hybrid_text,500,455.87850000083563,13.888199999200879,315.3309999979683,785.0976999980048,one shared preloaded model
syn-791a724e1d728c02,hybrid_text,500,410.79549999994924,8.987699999124743,506.86080000014044,926.6439999992144,one shared preloaded model
syn-bbb931a8ac8328af,hybrid_text,500,429.69299999822397,13.013899999350542,321.76540000000386,764.4722999975784,one shared preloaded model
syn-ebdd58edff7c66b4,hybrid_text,500,401.788300001499,8.937900001910748,322.06009999936214,732.7863000027719,one shared preloaded model
syn-dafad97333e5b987,hybrid_text,500,363.7618000029761,13.005199998588068,319.8283999990963,696.5954000006604,one shared preloaded model
syn-0b201ce7670c1977,hybrid_text,500,431.4830000002985,13.231400000222493,301.3208999982453,746.0352999987663,one shared preloaded model
syn-54b9cd4289abb716,hybrid_text,500,443.3000999997603,13.280299997859402,317.75460000062594,774.3349999982456,one shared preloaded model
syn-8bf1c6019e2fc30d,hybrid_text,500,436.8118999991566,13.131100000464357,1241.2034000008134,1691.1464000004344,one shared preloaded model
syn-f6299fe4338ea2f7,hybrid_text,500,350.4615999991074,9.114899999985937,307.06179999833694,666.6382999974303,one shared preloaded model
syn-38e61cc36ea3e36e,hybrid_text,500,397.1044999998412,13.439199999993434,205.88690000295173,616.4306000027864,one shared preloaded model
syn-197dc5be6d7f183f,hybrid_text,500,416.8132999984664,13.771000001725042,320.38359999933164,750.9678999995231,one shared preloaded model
syn-3ce9a38483b121d8,hybrid_text,500,446.63629999922705,13.157899997167988,255.23819999943953,715.0323999958346,one shared preloaded model
syn-47583ae995fed3de,hybrid_text,500,461.3577999989502,13.766500000201631,245.31600000045728,720.4402999996091,one shared preloaded model
syn-84f146205390e1cd,hybrid_text,500,454.4642999971984,12.84759999907692,321.07560000076774,788.387499997043,one shared preloaded model
syn-028e71b6f78ee786,hybrid_text,500,310.74699999953737,9.311300000263145,234.86659999980475,554.9248999996053,one shared preloaded model
syn-4bc94b80a83ab669,hybrid_text,500,454.05770000070333,13.197599997511134,334.69310000145924,801.9483999996737,one shared preloaded model
syn-18c20066c2cb823b,hybrid_text,500,402.6588999986416,9.220100000675302,265.95020000240766,677.8292000017245,one shared preloaded model
syn-9897592c844df47a,hybrid_text,500,454.8179000012169,13.120900002832059,232.28960000051302,700.228400004562,one shared preloaded model
syn-f1a339235669aeb9,hybrid_text,500,312.56890000076964,9.409900001628557,282.00910000305157,603.9879000054498,one shared preloaded model
syn-cfdf94c12c6fc750,hybrid_text,500,334.6823000028962,13.186700001824647,141.49639999959618,489.36540000431705,one shared preloaded model
syn-d74d75f2f11faece,hybrid_text,500,307.0895999990171,13.683300003322074,369.76679999861517,690.5397000009543,one shared preloaded model
syn-783c82d75d29289f,hybrid_text,500,432.23670000224956,8.9014999975916,500.53829999887967,941.6764999987208,one shared preloaded model
syn-59238d3be02262dc,hybrid_text,500,376.7494000021543,9.159500001260312,265.05550000001676,650.9644000034314,one shared preloaded model
syn-5a59b3e48be3ebf3,hybrid_text,500,423.3926999986579,13.026600001467159,297.3391999985324,733.7584999986575,one shared preloaded model
syn-ff213c8fcd806780,hybrid_text,500,459.3056000012439,13.259999999718275,318.9797000013641,791.5453000023263,one shared preloaded model
syn-b53133f7f8a9ffec,hybrid_text,500,414.55649999988964,13.287400000990601,280.5955999974685,708.4394999983488,one shared preloaded model
syn-e35eabac503525f5,hybrid_text,500,435.5695000012929,8.393700001761317,328.28410000001895,772.2473000030732,one shared preloaded model
syn-f06e91bb302cec90,hybrid_text,500,449.2437999979302,12.99029999790946,250.00959999670158,712.2436999925412,one shared preloaded model
syn-8e0605a240c5d9de,hybrid_text,500,442.63320000027306,9.302099999331404,261.15269999718294,713.0879999967874,one shared preloaded model
syn-e187101b9c61e6e0,hybrid_text,500,440.58749999749125,13.411400002951268,156.48010000222712,610.4790000026696,one shared preloaded model
syn-0adbc4dcb9081517,hybrid_text,500,429.00899999949615,9.75309999921592,235.2433000014571,674.0054000001692,one shared preloaded model
syn-950a8c7f7b083c05,hybrid_text,500,370.06509999991977,9.438399996724911,421.69709999870975,801.2005999953544,one shared preloaded model
syn-c33b261bc5974ad6,hybrid_text,500,437.3414999972738,9.912000001349952,326.6677999999956,773.9212999986194,one shared preloaded model
syn-5ae41b4c78656072,hybrid_text,500,398.30870000150753,13.080699998681666,291.24289999890607,702.6322999990953,one shared preloaded model
syn-5e6cea10982a3491,hybrid_text,500,382.7135999999882,9.270900001865812,250.5608999999822,642.5454000018362,one shared preloaded model
syn-393c8d17ecc49c08,hybrid_text,500,449.9588999970001,13.164600000891369,299.6460999966075,762.769599994499,one shared preloaded model
syn-ea7a1a0f2c892d07,hybrid_text,500,347.2667999994883,9.209799998643575,257.46710000021267,613.9436999983445,one shared preloaded model
syn-0e782853a7ea3314,hybrid_text,500,389.0806000017619,12.857900001108646,222.9490000026999,624.8875000055705,one shared preloaded model
syn-960381de09bea452,hybrid_text,500,360.740000000078,11.317399999825284,250.90089999866905,622.9582999985723,one shared preloaded model
syn-6e1920560ba226cf,hybrid_text,500,449.550299999828,13.169999998353887,169.5276999998896,632.2479999980715,one shared preloaded model
syn-51d5124dceba73dc,hybrid_text,500,334.280499999295,13.673199999175267,305.8075999979337,653.761299996404,one shared preloaded model
syn-3eb2443275ddd447,hybrid_text,500,415.5635999995866,9.332900001027156,429.4155000025057,854.3120000031195,one shared preloaded model
syn-8614bcc399988fce,hybrid_text,500,383.80880000113393,13.269499999296386,307.4229000012565,704.5012000016868,one shared preloaded model
syn-3cdf107cfd43e0fd,hybrid_text,500,404.4004999996105,13.064200000371784,250.8415000011155,668.3062000010977,one shared preloaded model
syn-288492c196f1e57d,hybrid_text,500,453.7324000011722,12.722399998892797,297.02739999993355,763.4821999999986,one shared preloaded model
syn-6aeddd7478f8dad1,hybrid_text,500,452.19469999938156,12.923900001624133,301.3938000003691,766.5124000013748,one shared preloaded model
syn-f7ce21c285c45a2e,hybrid_text,500,376.1372000008123,13.361099998292048,308.68749999717693,698.1857999962813,one shared preloaded model
syn-e3f6ba4e5a28c2de,hybrid_text,500,456.9249999985914,13.378499999816995,238.4349000021757,708.7384000005841,one shared preloaded model
syn-b660cc0eacfc23b6,hybrid_text,500,446.6257999993104,9.477400002651848,255.75229999958538,711.8555000015476,one shared preloaded model
syn-b50f9f7062eca05f,hybrid_text,500,355.386000002909,9.485900001891423,101.48280000066734,466.35470000546775,one shared preloaded model
syn-0fc1f31ae9a93aa7,hybrid_text,500,365.224400000443,9.476199997152435,279.19549999933224,653.8960999969277,one shared preloaded model
syn-d2aeb79af2c427b5,hybrid_text,500,446.8042000007699,9.050000000570435,470.246999997471,926.1011999988114,one shared preloaded model
syn-62826ec1b9b4a016,hybrid_text,500,446.7173000011826,13.202699999965262,297.0019999993383,756.9220000004862,one shared preloaded model
syn-d29f5aeb7170134e,hybrid_text,500,452.5605999988329,13.177299999370007,297.8856999980053,763.6235999962082,one shared preloaded model
syn-a38b4624e16666f7,hybrid_text,500,391.7249999976775,13.323099999979604,329.16409999961616,734.2121999972733,one shared preloaded model
syn-75b1ed43bc65fd9e,hybrid_text,500,456.9458999976632,9.039900000061607,232.0049999980256,697.9907999957504,one shared preloaded model
syn-8494bae6d11ac2e7,hybrid_text,500,454.44599999973434,12.732200000755256,303.07400000310736,770.252200003597,one shared preloaded model
syn-7ee1f42a5629174b,hybrid_text,500,455.799899998965,13.035299998591654,329.7458999986702,798.5810999962268,one shared preloaded model
syn-3fe4991bf0c2ad44,hybrid_text,500,400.5437999985588,13.252400000055786,370.0853000009374,783.881499999552,one shared preloaded model
syn-1e2ecfd6d2f82460,hybrid_text,500,375.2295000012964,8.86970000283327,97.537800000282,481.6370000044117,one shared preloaded model
syn-64cd3953dfea1b8a,hybrid_text,500,408.9653000010003,13.50069999898551,266.17869999972754,688.6446999997133,one shared preloaded model
syn-8baac05c82412799,hybrid_text,500,297.5981000017782,9.514900000795024,445.0274000009813,752.1404000035545,one shared preloaded model
syn-6d1ad2459478a841,hybrid_text,500,352.3237000008521,13.283800002682256,338.843800000177,704.4513000037114,one shared preloaded model
syn-67f82b8b4f21c426,hybrid_text,500,422.40490000040154,11.198899999726564,243.0147000013676,676.6185000014957,one shared preloaded model
syn-28a468ec5ccd074e,hybrid_text,500,440.73349999962375,9.112299998378148,337.28269999846816,787.12849999647,one shared preloaded model
syn-22ae75de761a6523,hybrid_text,500,449.87269999910495,13.064800001302501,367.99059999975725,830.9281000001647,one shared preloaded model
syn-438d58bc4faa40a6,hybrid_text,500,373.4242999998969,13.26389999667299,296.9607000013639,683.6488999979338,one shared preloaded model
syn-00b33be7e49faf14,hybrid_text,500,339.70740000222577,13.35319999998319,1017.8001999993285,1370.8608000015374,one shared preloaded model
syn-0de255f30bd2a43b,hybrid_text,500,392.5172000017483,9.10469999871566,257.28800000069896,658.9099000011629,one shared preloaded model
syn-5b8adc69152415ba,hybrid_text,500,358.03759999907925,13.564599998062477,108.5004000015033,480.102599998645,one shared preloaded model
syn-7294b757a8e851e2,hybrid_text,500,354.6468000022287,13.563499996962491,310.70270000054734,678.9129999997385,one shared preloaded model
syn-044b82cb725cda4f,hybrid_text,500,459.2265999999654,10.028000000602333,431.50059999970836,900.7552000002761,one shared preloaded model
syn-318d78f2ab7b3615,hybrid_text,500,458.44949999809614,13.26129999870318,275.0962999998592,746.8070999966585,one shared preloaded model
syn-6abf77247fcceec9,hybrid_text,500,452.08480000292184,12.858899997809203,281.6932999994606,746.6370000001916,one shared preloaded model
syn-d820c6a8ffaad975,hybrid_text,500,434.19100000028266,10.995900000125403,296.54499999742256,741.7318999978306,one shared preloaded model
syn-35e6eeacf4a5b0e7,hybrid_text,500,420.38070000126027,9.284600000682985,347.57859999808716,777.2439000000304,one shared preloaded model
syn-5f13f7d39a6f9dd2,hybrid_text,500,349.1881000009016,13.168900000891881,298.02339999878313,660.3804000005766,one shared preloaded model
syn-d79f56bbac52b78f,hybrid_text,500,419.49550000208546,13.26080000217189,250.9632999972382,683.7196000014956,one shared preloaded model
syn-d94f9f88e7330cf3,hybrid_text,500,456.6343999977107,13.336700001673307,325.6105000000389,795.5815999994229,one shared preloaded model
syn-9af8470ca231317c,hybrid_text,500,390.8586999968975,9.088200000405777,202.2666000011668,602.2134999984701,one shared preloaded model
syn-016a620ea89d026c,hybrid_text,500,431.4474999991944,14.159199999994598,321.84290000077453,767.4495999999635,one shared preloaded model
syn-0ab4f7c4f93101df,hybrid_text,500,343.0310000003374,9.247099998901831,182.39010000252165,534.6682000017609,one shared preloaded model
syn-673ad9a7a3815527,hybrid_text,500,432.05959999977495,12.432600000465754,315.06099999751314,759.5531999977538,one shared preloaded model
syn-9637d112539c2596,hybrid_text,500,374.12699999913457,8.785400001215748,304.712399996788,687.6247999971383,one shared preloaded model
syn-9efd28a908d96377,hybrid_text,500,421.9219000005978,13.14769999953569,292.3631000012392,727.4327000013727,one shared preloaded model
syn-b5fd479043a1f5f0,hybrid_text,500,393.78239999859943,13.213799997174647,298.0764999992971,705.0726999950712,one shared preloaded model
syn-b31097c5f8432523,hybrid_text,500,385.71109999975306,9.199699998134747,234.6222999985912,629.533099996479,one shared preloaded model
syn-e3988356cb634b76,hybrid_text,500,386.73019999987446,11.762599999201484,227.0938000001479,625.5865999992238,one shared preloaded model
syn-b93d2fbde0d87e43,hybrid_text,500,406.9655999992392,13.269500002934365,256.50279999899794,676.7379000011715,one shared preloaded model
syn-e6bb0f45ecff59ec,hybrid_text,500,449.983999998949,13.225400001829257,202.82980000047246,666.0392000012507,one shared preloaded model
syn-5de10839a991bd18,hybrid_text,500,454.6496000002662,13.670399999682559,326.19960000010906,794.5196000000578,one shared preloaded model
syn-1d26b78349295a8c,hybrid_text,500,424.31109999961336,10.87550000011106,470.33509999891976,905.5216999986442,one shared preloaded model
syn-13a80fedd9f32081,hybrid_text,500,407.0329000023776,9.275599997636164,273.26689999972587,689.5753999997396,one shared preloaded model
syn-fc5e97f03a0bdaea,hybrid_text,500,314.86880000011297,9.410999999090564,302.06689999977243,626.346699998976,one shared preloaded model
syn-05d8cf96104d2a05,hybrid_text,500,373.67060000178753,13.073699999949895,317.2532999997202,703.9976000014576,one shared preloaded model
syn-10f60f169ff33d8a,hybrid_text,500,416.1313999975391,13.09410000249045,378.40110000252025,807.6266000025498,one shared preloaded model
syn-92e00dc4ce0b433f,hybrid_text,500,466.959900000802,13.37999999668682,259.2340000010154,739.5738999985042,one shared preloaded model
syn-8b04cba97d6011be,hybrid_text,500,412.36360000038985,13.12329999927897,252.3572999998578,677.8441999995266,one shared preloaded model
syn-d5d82482f42433eb,hybrid_text,500,437.13709999792627,13.076499999442603,362.6358999972581,812.849499994627,one shared preloaded model
syn-c11b77eb7b11634e,hybrid_text,500,410.0225000001956,13.17159999962314,204.29979999971692,627.4938999995356,one shared preloaded model
syn-45838d23bff0c54b,hybrid_text,500,414.22919999968144,13.746500000706874,299.7458000027109,727.7215000030992,one shared preloaded model
syn-59a6301268ac351a,hybrid_text,500,364.3023999975412,13.489299999491777,485.2429000020493,863.0345999990823,one shared preloaded model
syn-51f7894767e333b4,hybrid_text,500,383.4145000000717,13.162799998099217,189.58759999804897,586.1648999962199,one shared preloaded model
syn-b2383b732780e64c,hybrid_text,500,424.74559999755,7.9094000029726885,227.55440000037197,660.2094000008947,one shared preloaded model
syn-8b0cbb2202ca8bee,hybrid_text,500,453.1128999988141,13.1863999995403,323.3639999998559,789.6632999982103,one shared preloaded model
syn-3c99834715dc06fe,hybrid_text,500,372.0805000011751,9.136599997873418,321.73469999906956,702.9517999981181,one shared preloaded model
syn-bbb693659e15d4a8,hybrid_text,500,346.75780000179657,9.006699998280965,285.6601999992563,641.4246999993338,one shared preloaded model
syn-ae370afd87dce67b,hybrid_text,500,339.10280000054627,8.917499999370193,251.5229000018735,599.54320000179,one shared preloaded model
syn-d9bb103e78d1ea00,hybrid_text,1000,710.459499998251,13.21280000047409,315.9467000004952,1039.6189999992203,one shared preloaded model
syn-6ce2e118d31157fe,hybrid_text,1000,781.1282000002393,14.27250000051572,1368.8977999991039,2164.298499999859,one shared preloaded model
syn-042dd477cdf0308a,hybrid_text,1000,837.4552999994194,8.31560000005993,244.18190000142204,1089.9528000009013,one shared preloaded model
syn-281283cfabfbdcea,hybrid_text,1000,799.7829000014463,9.341199998743832,279.49440000156756,1088.6185000017576,one shared preloaded model
syn-8efa4ab49e1a80d2,hybrid_text,1000,749.2122000003292,9.428599998500431,186.47059999784688,945.1113999966765,one shared preloaded model
syn-b17fc4077a328a69,hybrid_text,1000,869.9732999994012,13.632300000608666,288.8502999994671,1172.455899999477,one shared preloaded model
syn-7e6f50b922375dde,hybrid_text,1000,871.8929999995453,9.330500000942266,102.28120000101626,983.5047000015038,one shared preloaded model
syn-fc2eb6d5aff91ebe,hybrid_text,1000,736.8901000008918,9.783699999388773,258.624799997051,1005.2985999973316,one shared preloaded model
syn-938ad03c92c97011,hybrid_text,1000,808.6559000003035,13.460699999995995,500.8255000029749,1322.9421000032744,one shared preloaded model
syn-f6b8e9d890741e55,hybrid_text,1000,792.684799998824,13.395199999649776,298.72729999988223,1104.807299998356,one shared preloaded model
syn-b36a5940cf945a14,hybrid_text,1000,752.6921999997285,9.094500001083361,255.5142999990494,1017.3009999998612,one shared preloaded model
syn-0ed7b68c61dbfde9,hybrid_text,1000,717.0912999972643,13.593499999842606,217.52879999985453,948.2135999969614,one shared preloaded model
syn-5fae0fa10fdf31d3,hybrid_text,1000,760.783600002469,13.370900000154506,322.28269999905024,1096.4372000016738,one shared preloaded model
syn-dba8ca745e0a3cdc,hybrid_text,1000,812.3240999993868,13.571699997555697,302.67860000094515,1128.5743999978877,one shared preloaded model
syn-fcfb5732ec54f0c8,hybrid_text,1000,629.4789999992645,9.135699998296332,212.14189999955124,850.7565999971121,one shared preloaded model
syn-08effc2a25c11f9c,hybrid_text,1000,592.5970999996935,13.26369999878807,470.2653999993345,1076.126199997816,one shared preloaded model
syn-9e6381dab1dfdb96,hybrid_text,1000,577.2451000011642,9.644300000218209,104.04139999809559,690.930799999478,one shared preloaded model
syn-dca5cb7288e8636e,hybrid_text,1000,723.5422000012477,14.150099999824306,319.3340999969223,1057.0263999979943,one shared preloaded model
syn-f4ff0a2d232530ca,hybrid_text,1000,767.9782000013802,13.55859999966924,495.0076999994053,1276.5445000004547,one shared preloaded model
syn-5f1b8d8a7822fd7e,hybrid_text,1000,876.5760999995109,7.696000000578351,324.2361000011442,1208.5082000012335,one shared preloaded model
syn-94aba5b9e5062a27,hybrid_text,1000,818.0294999983744,13.96770000064862,326.571800000238,1158.568999999261,one shared preloaded model
syn-3e6c511cd2b560d8,hybrid_text,1000,815.6292999992729,13.735600001382409,260.0715000007767,1089.436400001432,one shared preloaded model
syn-ac20d91143a0590b,hybrid_text,1000,689.5829999994021,13.248400002339622,289.8396999989927,992.6711000007344,one shared preloaded model
syn-0efffe40eebe4463,hybrid_text,1000,643.5491999982332,9.08999999955995,257.82660000186297,910.4657999996562,one shared preloaded model
syn-b83885bc9e64ce19,hybrid_text,1000,802.1570000018983,13.606900000013411,322.04710000223713,1137.8110000041488,one shared preloaded model
syn-ee19c3767fd74bed,hybrid_text,1000,652.1360000006098,9.22789999822271,253.81370000104653,915.177599999879,one shared preloaded model
syn-7c2d788567f6ca4c,hybrid_text,1000,806.039500002953,13.548599999921862,132.39289999910397,951.9810000019788,one shared preloaded model
syn-3a8019f3d5dc68c0,hybrid_text,1000,748.177499997837,14.153799998894101,302.0695999985037,1064.4008999952348,one shared preloaded model
syn-e8c65398929f4acf,hybrid_text,1000,804.2358999991848,13.495399998646462,536.5576999975019,1354.2889999953331,one shared preloaded model
syn-3f66ed559cedc115,hybrid_text,1000,736.9930999993812,9.37309999790159,185.48569999984466,931.8518999971275,one shared preloaded model
syn-12ccf1fda7a5ba55,hybrid_text,1000,820.4796999998507,13.174399999115849,324.81950000146753,1158.473600000434,one shared preloaded model
syn-a12f2b7d49824e38,hybrid_text,1000,681.5443999985291,9.393899999849964,183.38370000128634,874.3219999996654,one shared preloaded model
syn-391e97cd74ab7f0a,hybrid_text,1000,636.9857999998203,9.398099999089027,312.37209999744664,958.755999996356,one shared preloaded model
syn-e720b237f4f6f0d3,hybrid_text,1000,655.1199000023189,13.535099998989608,236.4348000010068,905.0898000023153,one shared preloaded model
syn-8de662f9190a975f,hybrid_text,1000,723.6881999997422,9.591300000465708,185.09580000318238,918.3753000033903,one shared preloaded model
syn-887cf2e03d326777,hybrid_text,1000,707.7433000013116,9.214699999574805,280.2622000017436,997.22020000263,one shared preloaded model
syn-89035a06fe530ebf,hybrid_text,1000,743.4214999993856,9.519899998849723,129.93329999881098,882.8746999970463,one shared preloaded model
syn-cb5f2c3f5795cde4,hybrid_text,1000,609.5018000014534,9.8108999991382,322.1135999992839,941.4262999998755,one shared preloaded model
syn-81dc91cf54ed73d1,hybrid_text,1000,803.6260000008042,13.44969999991008,493.07410000255913,1310.1498000032734,one shared preloaded model
syn-72347d36c62375b2,hybrid_text,1000,734.5154000031471,13.061099998594727,275.0185999975656,1022.5950999993074,one shared preloaded model
syn-4bae06c6c4fc1f14,hybrid_text,1000,740.3959000002942,9.466999999858672,319.1432999992685,1069.0061999994214,one shared preloaded model
syn-45a3475be0025375,hybrid_text,1000,799.506699997437,13.213099999120459,269.7327999994741,1082.4525999960315,one shared preloaded model
syn-c5a53c1e41ca2f77,hybrid_text,1000,745.6960999988951,12.807099999918137,331.524500001251,1090.0277000000642,one shared preloaded model
syn-f6773edb4955f847,hybrid_text,1000,716.954600000463,9.511699998256518,232.8650999988895,959.331399997609,one shared preloaded model
syn-58b316290cd24af7,hybrid_text,1000,599.7280000010505,13.200299999880372,1088.7589000012667,1701.6872000021976,one shared preloaded model
syn-d48e529b99148b62,hybrid_text,1000,763.2960999981151,13.38920000125654,317.6949999979115,1094.3802999972831,one shared preloaded model
syn-c59f2789c582ce72,hybrid_text,1000,790.7665000020643,13.458699999318924,207.48979999916628,1011.7150000005495,one shared preloaded model
syn-439f1c31894cda85,hybrid_text,1000,649.8522000001685,9.81129999854602,288.71020000224235,948.3737000009569,one shared preloaded model
syn-bc315d39ab7b8d07,hybrid_text,1000,767.1217999995861,13.115300000208663,488.62369999915245,1268.8607999989472,one shared preloaded model
syn-ff528767efd5ed85,hybrid_text,1000,704.0157000010367,13.278800000989577,310.2756000007503,1027.5701000027766,one shared preloaded model
syn-65c7958efb0596b8,hybrid_text,1000,810.5494000010367,13.204599999880884,345.87440000177594,1169.6284000026935,one shared preloaded model
syn-54f9c57cabda9bb7,hybrid_text,1000,834.9404000000504,13.690299998415867,324.06210000044666,1172.692799998913,one shared preloaded model
syn-b667d2c320a8600f,hybrid_text,1000,597.1324999991339,11.02099999843631,268.55090000026394,876.7043999978341,one shared preloaded model
syn-a179f0ac6d5bd80b,hybrid_text,1000,757.4681000005512,9.55469999826164,264.35639999908744,1031.3791999979003,one shared preloaded model
syn-0837b68c448c02ef,hybrid_text,1000,769.4856999987678,13.226399998529814,200.60459999876912,983.3166999960667,one shared preloaded model
syn-4cb03cf39f71f86d,hybrid_text,1000,689.8847999982536,13.59519999823533,319.6587999991607,1023.1387999956496,one shared preloaded model
syn-81ff57e4c3f23708,hybrid_text,1000,744.8967000018456,13.332800001080614,197.49550000051386,955.7250000034401,one shared preloaded model
syn-d4eee0faf98bee16,hybrid_text,1000,712.294999997539,13.950599997770041,814.5760000006703,1540.8215999959793,one shared preloaded model
syn-8ccf977ded1bf95e,hybrid_text,1000,748.1436000016402,13.656600000103936,508.84320000113803,1270.6434000028821,one shared preloaded model
syn-aa50f0aa293375df,hybrid_text,1000,622.8910999998334,9.770900000148686,225.96730000077514,858.6293000007572,one shared preloaded model
syn-3024acb3548890e1,hybrid_text,1000,763.8126999991073,13.359199998376425,295.29769999862765,1072.4695999961114,one shared preloaded model
syn-466bce93c4ee97a9,hybrid_text,1000,767.6767999982985,13.332700000319164,327.688000001217,1108.6974999998347,one shared preloaded model
syn-ea86488068c8be5d,hybrid_text,1000,838.8757000029727,13.208600001235027,299.23389999748906,1151.3182000016968,one shared preloaded model
syn-c93a303ba2cb0a5e,hybrid_text,1000,703.875600000174,9.25930000084918,252.69979999939096,965.8347000004142,one shared preloaded model
syn-39bd187f8d495145,hybrid_text,1000,658.1786999995529,9.346099999675062,197.41049999720417,864.9352999964321,one shared preloaded model
syn-eacb4ffcbb2d86d7,hybrid_text,1000,772.113700000773,13.62620000145398,361.83079999682377,1147.5706999990507,one shared preloaded model
syn-5b845e0d83ffe943,hybrid_text,1000,646.7819000026793,9.444399998756126,157.84440000061295,814.0707000020484,one shared preloaded model
syn-67da6153707a7cf3,hybrid_text,1000,818.1809000016074,14.111100001173327,338.9752999974007,1171.2673000001814,one shared preloaded model
syn-208a5f0e612e75dc,hybrid_text,1000,769.519900000887,13.349200002267025,438.727699998708,1221.596800001862,one shared preloaded model
syn-3f0a998814cff481,hybrid_text,1000,614.8299999986193,9.374700002808822,264.2596000005142,888.4643000019423,one shared preloaded model
syn-bbf2766c5553d357,hybrid_text,1000,707.6088000030722,9.104999997362029,236.78389999986393,953.4977000002982,one shared preloaded model
syn-28c5f4952dec1158,hybrid_text,1000,844.3048000008275,13.678299997991417,330.9676999997464,1188.9507999985653,one shared preloaded model
syn-f0710eb347d7f49f,hybrid_text,1000,777.9326000018045,9.399499998835381,251.30709999939427,1038.6392000000342,one shared preloaded model
syn-fae97a6c6007ca4b,hybrid_text,1000,637.9711000008683,9.093000000575557,256.0866000021633,903.1507000036072,one shared preloaded model
syn-26da2551ebdb99b0,hybrid_text,1000,747.8236999995715,13.39209999787272,1113.3122999999614,1874.5280999974057,one shared preloaded model
syn-d6a3c849308efc93,hybrid_text,1000,647.7080000004207,9.346200000436511,280.5315999976301,937.5857999984873,one shared preloaded model
syn-5e831158aecf073c,hybrid_text,1000,598.1992999986687,9.454199996980606,202.75969999784138,810.4131999934907,one shared preloaded model
syn-0df1020fb1cfac7b,hybrid_text,1000,670.0690999969083,14.47060000282363,296.2621000006038,980.8018000003358,one shared preloaded model
syn-14895e28ff83d627,hybrid_text,1000,664.5114999992074,9.269400001358008,479.11130000284174,1152.8922000034072,one shared preloaded model
syn-280893883faff475,hybrid_text,1000,828.0448000004981,9.575600000971463,342.1400999977777,1179.7604999992473,one shared preloaded model
syn-64c9f4524a637e29,hybrid_text,1000,741.6658000001917,9.24499999746331,258.41989999753423,1009.3306999951892,one shared preloaded model
syn-a059274c871b0476,hybrid_text,1000,740.8697000028042,9.249200000340352,343.12300000237883,1093.2419000055233,one shared preloaded model
syn-62d3ee9ce3d7c7ac,hybrid_text,1000,844.4210999987263,13.444399999571033,323.6393000006501,1181.5047999989474,one shared preloaded model
syn-a3ab9227eebf5a53,hybrid_text,1000,727.9256000001624,12.107500002457527,250.8140000027197,990.8471000053396,one shared preloaded model
syn-eae30fdc794e4b34,hybrid_text,1000,859.7961000014038,13.3458000018436,251.7275000027439,1124.8694000059913,one shared preloaded model
syn-48ca6ad89fc59895,hybrid_text,1000,587.1100000003935,9.142300001258263,399.15470000050846,995.4070000021602,one shared preloaded model
syn-500f7069b993394b,hybrid_text,1000,779.1786000016145,13.700700001209043,150.84370000113267,943.7230000039563,one shared preloaded model
syn-9b96067dc9ef5446,hybrid_text,1000,689.3221999998786,13.964099998702295,297.6496000010229,1000.9358999996039,one shared preloaded model
syn-7a3b2bb542adde01,hybrid_text,1000,755.959799997072,14.001999999891268,535.1111000018136,1305.0728999987768,one shared preloaded model
syn-f7c0ebbe60722761,hybrid_text,1000,790.2471000015794,13.348300002689939,334.12350000071456,1137.7189000049839,one shared preloaded model
syn-dac579b4ce47aca7,hybrid_text,1000,703.877799998736,13.155500000721077,365.6230999986292,1082.6563999980863,one shared preloaded model
syn-bcbefb9be90d6a25,hybrid_text,1000,772.6323999995657,12.509900003351504,317.6125999998476,1102.7549000027648,one shared preloaded model
syn-2695661d1bea2959,hybrid_text,1000,693.9329999986512,13.464800002111588,350.93330000017886,1058.3311000009417,one shared preloaded model
syn-1b898866130111e0,hybrid_text,1000,800.3781000006711,13.541199998144293,315.5426000012085,1129.461900000024,one shared preloaded model
syn-1a1996e4100eeaad,hybrid_text,1000,651.573000002827,13.183299997763243,229.25559999930556,894.0118999998958,one shared preloaded model
syn-8d77e003873ed40a,hybrid_text,1000,653.1607999968401,9.216599999490427,250.08340000204043,912.4607999983709,one shared preloaded model
syn-cdc296dc9c776cdb,hybrid_text,1000,833.2480999997642,13.710600000194972,132.22120000136783,979.179900001327,one shared preloaded model
syn-8327f78363600d81,hybrid_text,1000,657.3184000008041,14.250300002458971,262.76059999872814,934.3293000019912,one shared preloaded model
syn-5e6ee2f73290048f,hybrid_text,1000,691.8337999995856,9.297100001276704,182.79579999943962,883.9267000003019,one shared preloaded model
syn-23e8742860b2a62a,hybrid_text,1000,841.8340999996872,13.15930000055232,320.79679999878863,1175.7901999990281,one shared preloaded model
syn-f04d6c7f370e4a29,hybrid_text,1000,798.9670999995724,9.341499997390201,235.19149999992806,1043.5000999968906,one shared preloaded model
syn-b80b2e97a4db7a97,hybrid_text,1000,676.7398000010871,13.281899999128655,292.15779999867664,982.1794999988924,one shared preloaded model
syn-ba2a7ef9baa4b877,hybrid_text,1000,709.8511999975017,13.896299999032635,260.6119999982184,984.3594999947527,one shared preloaded model
syn-71222cfc29e9341b,hybrid_text,1000,818.3799999969779,9.650200001487974,233.13920000146027,1061.169399999926,one shared preloaded model
syn-c28e151e0a17cca4,hybrid_text,1000,789.3829999993613,9.248599999409635,973.7021000000823,1772.3336999988533,one shared preloaded model
syn-f146e261fff2b363,hybrid_text,1000,649.7836999988067,9.367000002384884,254.0874000005715,913.2381000017631,one shared preloaded model
syn-bcc90fb9386303b5,hybrid_text,1000,676.4323999996122,12.359899999864865,100.26250000009895,789.0547999995761,one shared preloaded model
syn-543acec00104d069,hybrid_text,1000,824.9433000019053,10.044799997558584,269.9981999976444,1104.9862999971083,one shared preloaded model
syn-a777a0449ca3fb5f,hybrid_text,1000,784.7738999989815,13.486600000760518,487.7020999992965,1285.9625999990385,one shared preloaded model
syn-c06a91abc63c98c7,hybrid_text,1000,727.070900000399,9.197100000164937,182.62870000035036,918.8967000009143,one shared preloaded model
syn-b99931850336a20f,hybrid_text,1000,735.3526000006241,9.373600001708837,236.81980000037584,981.5460000027088,one shared preloaded model
syn-59385e24e872000c,hybrid_text,1000,817.5344999981462,13.692799999262206,309.1749000013806,1140.402199998789,one shared preloaded model
syn-0892a57b654e40e8,hybrid_text,1000,757.4867000002996,13.557399997807806,259.6311000015703,1030.6751999996777,one shared preloaded model
syn-fb34245e0892cc7a,hybrid_text,1000,776.4410999989195,13.472599999658996,277.13230000154,1067.0460000001185,one shared preloaded model
syn-b08ae709b1c9d822,hybrid_text,1000,660.4129000006651,9.107699999731267,194.5763999974588,864.0969999978552,one shared preloaded model
syn-e2db30e7d5c4dde6,hybrid_text,1000,662.355700002081,13.57819999975618,360.0415000000794,1035.9754000019166,one shared preloaded model
syn-dd60639750ea62b4,hybrid_text,1000,786.4236000023084,8.275299998786068,202.8479000000516,997.546800001146,one shared preloaded model
syn-cbaa4569873ac834,hybrid_text,1000,755.6123000031221,9.66790000165929,190.40160000076867,955.68180000555,one shared preloaded model
syn-520903a645d5ecfb,hybrid_text,1000,770.4412000020966,13.383900000917492,481.996499998786,1265.8216000018,one shared preloaded model
syn-5e9fd87a5016cddd,hybrid_text,1000,758.5078999982215,13.633200000185752,311.974399999599,1084.1154999980063,one shared preloaded model
syn-f1b52658363e3b92,hybrid_text,1000,634.1864999994868,13.266300000395859,320.5205999984173,967.9733999983,one shared preloaded model
syn-18b9d6ac9e7049fb,hybrid_text,1000,824.1426999993564,13.500199998816242,348.7788999991608,1186.4217999973334,one shared preloaded model
syn-008384cdd30eea44,hybrid_text,1000,842.7377000007255,13.282600000820821,271.02559999912046,1127.0459000006667,one shared preloaded model
syn-ab404be3043d317f,hybrid_text,1000,780.5754000000888,13.0046999984188,345.9288000012748,1139.5088999997824,one shared preloaded model
syn-172454acf1cf66e2,hybrid_text,1000,749.8134999987087,13.248700000985991,322.4363000008452,1085.49850000054,one shared preloaded model
syn-27d81a44d9d7eb1d,hybrid_text,1000,662.8089000005275,13.346600000659237,346.4471999977832,1022.6026999989699,one shared preloaded model
syn-d07f7ebc6d1de23b,hybrid_text,1000,822.6626000032411,13.81770000079996,154.70239999922342,991.1827000032645,one shared preloaded model
syn-a2663843442b6cc3,hybrid_text,1000,773.6265999992611,9.600099998351652,245.16470000162371,1028.3913999992365,one shared preloaded model
syn-1cdee48c3989dff6,hybrid_text,1000,753.4017999969365,13.243100002000574,455.8800999984669,1222.524999997404,one shared preloaded model
syn-c3e03635fe54efbb,hybrid_text,1000,640.380599998025,13.406500002020039,265.5761000023631,919.3632000024081,one shared preloaded model
syn-f145453cd704f938,hybrid_text,1000,674.9424999979965,13.151999999536201,323.50880000012694,1011.6032999976596,one shared preloaded model
syn-19a39e333ceb7176,hybrid_text,1000,821.903600000951,13.687200000276789,331.5618999986327,1167.1526999998605,one shared preloaded model
syn-b2af4633bfb40235,hybrid_text,1000,784.5074000033492,13.196799998695496,333.07240000067395,1130.7766000027186,one shared preloaded model
syn-2c55a3011f2a0d9a,hybrid_text,1000,863.7896999971417,13.455799999064766,244.8742000015045,1122.119699997711,one shared preloaded model
syn-01c5f8e95e41a7a5,hybrid_text,1000,708.4055999985139,13.228300002083415,322.57210000170744,1044.2060000023048,one shared preloaded model
syn-791e007bcf48f98c,hybrid_text,1000,835.5489999994461,13.445699998555938,352.5313999998616,1201.5260999978636,one shared preloaded model
syn-259b9d737befeb57,hybrid_text,1000,661.4724999999453,9.645900001487462,103.74910000246018,774.8675000038929,one shared preloaded model
syn-54b5a6194fc6fd8e,hybrid_text,1000,710.0777000014205,9.704000000056112,279.5103000025847,999.2920000040613,one shared preloaded model
syn-8f4277d9948d448f,hybrid_text,1000,713.0447000017739,10.55360000100336,554.583699999057,1278.1820000018342,one shared preloaded model
syn-e049688b82633c17,hybrid_text,1000,708.846800000174,13.405400000920054,290.2890000004845,1012.5412000015785,one shared preloaded model
syn-50f7efbbd3b49e8b,hybrid_text,1000,683.6020999980974,8.94739999785088,234.45989999891026,927.0093999948585,one shared preloaded model
syn-99e12498445b1b0e,hybrid_text,1000,795.3484999998182,13.47170000008191,333.0543999982183,1141.8745999981184,one shared preloaded model
syn-4af231d1b0ca07c3,hybrid_text,1000,732.3883999997634,13.179800000216346,311.7291999988083,1057.297399998788,one shared preloaded model
syn-cf0443c64c602685,hybrid_text,1000,740.4275999979291,9.24989999839454,279.4755000031728,1029.1529999994964,one shared preloaded model
syn-0aa6427cb87ebeec,hybrid_text,1000,712.8428999967582,13.142900003003888,336.7072000000917,1062.6929999998538,one shared preloaded model
syn-64d492d82aa73da9,hybrid_text,1000,658.9969000015117,13.429099999484606,319.9451999971643,992.3711999981606,one shared preloaded model
syn-a88929ba4de8e497,hybrid_text,1000,709.2737999992096,9.386400000948925,123.22850000055041,841.8887000007089,one shared preloaded model
syn-82a7fca2c31d20c0,hybrid_text,1000,684.0747999995074,9.58609999725013,260.7486999986577,954.4095999954152,one shared preloaded model
syn-9c7c1e30084b964c,hybrid_text,1000,683.3708000012848,13.62900000094669,506.18390000090585,1203.1837000031373,one shared preloaded model
syn-2ca355b2ac8634a8,hybrid_text,1000,791.0934999999881,13.356299998122267,311.80200000017066,1116.251799998281,one shared preloaded model
syn-aa93861de0aaf495,hybrid_text,5000,3987.824699997873,13.471099999151193,322.7843999993638,4324.080199996388,one shared preloaded model
syn-1992f86a3e86fc6a,hybrid_text,5000,3755.230200000369,13.989800001581898,332.4470999978075,4101.667099999759,one shared preloaded model
syn-04083234f85709e1,hybrid_text,5000,3775.033699999767,13.538699997297954,319.1086999977415,4107.681099994807,one shared preloaded model
syn-cb01db0eb7a2edd2,hybrid_text,5000,3779.2699999990873,13.177699998777825,249.18170000091777,4041.629399998783,one shared preloaded model
syn-621d2f30954c345e,hybrid_text,5000,4026.5110000000277,13.51029999932507,356.00780000095256,4396.029100000305,one shared preloaded model
syn-283fe4a44583ec8e,hybrid_text,5000,3647.389400000975,13.63869999840972,327.4528999972972,3988.480999996682,one shared preloaded model
syn-e1d8ea4b52f7b86c,hybrid_text,5000,3748.117999999522,9.57389999894076,107.75450000073761,3865.4463999992004,one shared preloaded model
syn-b277d625d17584f5,hybrid_text,5000,3369.9295000005804,14.109200001257705,278.6556000028213,3662.6943000046595,one shared preloaded model
syn-feae35cacba6a43a,hybrid_text,5000,3741.40830000033,10.509600000659702,585.8363999977882,4337.754299998778,one shared preloaded model
syn-1c7e5d6f21986a25,hybrid_text,5000,3642.17639999697,13.420400002360111,362.2450000002573,4017.8417999995872,one shared preloaded model
syn-834533c926250190,hybrid_text,5000,3756.196499998623,9.312800000770949,231.536800001777,3997.046100001171,one shared preloaded model
syn-0a63273f5477a591,hybrid_text,5000,3383.6080000000948,9.59339999826625,275.52099999957136,3668.7223999979324,one shared preloaded model
syn-52610bf62333d9cb,hybrid_text,5000,3914.459600000555,13.638399999763351,323.34809999883873,4251.446099999157,one shared preloaded model
syn-821964f5a271aa9e,hybrid_text,5000,3896.0958999996365,14.092900000832742,308.4017999972275,4218.590599997697,one shared preloaded model
syn-084b033a28301180,hybrid_text,5000,3761.2009000004036,13.552399999753106,1676.6380000008212,5451.391300000978,one shared preloaded model
syn-bb91366853342eae,hybrid_text,5000,3596.102899999096,8.258000001660548,269.95009999882313,3874.3109999995795,one shared preloaded model
syn-c70d6c456e1f3caf,hybrid_text,5000,3677.9382999993686,13.2393999992928,157.31319999758853,3848.49089999625,one shared preloaded model
syn-4b7b4e4e7cda9cdd,hybrid_text,5000,3846.0754999978235,14.076999999815598,322.0367999965674,4182.1892999942065,one shared preloaded model
syn-05a3818e49a3d01c,hybrid_text,5000,3775.6542999995872,13.599599998997292,262.1748999990814,4051.428799997666,one shared preloaded model
syn-45a189501aa64aff,hybrid_text,5000,3494.043099999544,9.599599998182384,240.31249999825377,3743.9551999959804,one shared preloaded model
syn-8e55dab6334193ac,hybrid_text,5000,3756.942200001504,9.465899998758687,269.9713000001793,4036.379400000442,one shared preloaded model
syn-7078daef9fc885d5,hybrid_text,5000,3602.826800000912,14.02849999794853,321.0164000010991,3937.8716999999597,one shared preloaded model
syn-30a8cdce438a3478,hybrid_text,5000,3769.5511000019906,13.498700001946418,421.7156000013347,4204.765400005272,one shared preloaded model
syn-c8ec446f9f1407cc,hybrid_text,5000,3924.8162000003504,10.042199999588775,243.70099999941885,4178.559399999358,one shared preloaded model
syn-1eea891acae77cae,hybrid_text,5000,3507.5577999996312,9.588799999619368,313.4642000004533,3830.610799999704,one shared preloaded model
syn-41f888c23d96d157,hybrid_text,5000,3424.425799999881,13.60489999933634,350.54160000072443,3788.5722999999416,one shared preloaded model
syn-f845857e039afa6c,hybrid_text,5000,3595.482400000037,14.395599999261321,157.437600002595,3767.3156000018935,one shared preloaded model
syn-ac6dfe3b37e5a013,hybrid_text,5000,3762.0118999984697,14.165599997795653,327.490100000432,4103.667599996697,one shared preloaded model
syn-15dd01e778ff5a78,hybrid_text,5000,3494.874299998628,8.166299998265458,242.0601000012539,3745.1006999981473,one shared preloaded model
syn-87378b8e75e2dd6a,hybrid_text,5000,3992.6655999988725,13.662000001204433,323.5504000003857,4329.878000000463,one shared preloaded model
syn-061b3d97b8960738,hybrid_text,5000,3403.6246000032406,13.279399998282315,304.80439999882947,3721.7084000003524,one shared preloaded model
syn-490b8d010f4490c5,hybrid_text,5000,3572.5331000030565,13.77380000121775,279.82060000067577,3866.12750000495,one shared preloaded model
syn-fe76d6c8fe9751ff,hybrid_text,5000,3678.0569999973522,9.48190000053728,263.2882999969297,3950.8271999948192,one shared preloaded model
syn-00a89a4a45a4d877,hybrid_text,5000,3564.9975999986054,9.257900001102826,272.37139999851934,3846.6268999982276,one shared preloaded model
syn-4732a0f163a6f5e5,hybrid_text,5000,3684.60270000287,13.076300001557684,348.9190000000235,4046.598000004451,one shared preloaded model
syn-81ea53ade157ad42,hybrid_text,5000,3667.9033000000345,13.589499998488463,319.5873999975447,4001.0801999960677,one shared preloaded model
syn-3a0dace1bee727c3,hybrid_text,5000,3533.9730999985477,9.855099997366779,105.75740000058431,3649.585599996499,one shared preloaded model
syn-3d3cb10c80061638,hybrid_text,5000,3784.997700000531,14.404000001377426,318.6104000014893,4118.012100003398,one shared preloaded model
syn-2a09864e418663ff,hybrid_text,5000,3858.188900001551,13.46439999906579,205.94550000168965,4077.5988000023062,one shared preloaded model
syn-ec6ef79969cd8dc7,hybrid_text,5000,3152.768699997978,13.716900000872556,328.0771999998251,3494.5627999986755,one shared preloaded model
syn-f77621b915dd593f,hybrid_text,5000,3871.637700001884,14.102400000410853,264.70960000006016,4150.449700002355,one shared preloaded model
syn-151c38901bd6a67f,hybrid_text,5000,3763.229299998784,13.45729999957257,350.36930000205757,4127.055900000414,one shared preloaded model
syn-db951997c8dd6571,hybrid_text,5000,3360.9448000024713,13.46929999999702,326.01100000101724,3700.4251000034856,one shared preloaded model
syn-8b89503a51b386ea,hybrid_text,5000,3736.1385999975028,13.861999999789987,253.14939999952912,4003.149999996822,one shared preloaded model
syn-63205549e97719a8,hybrid_text,5000,3878.791099999944,13.675100002728868,985.8320000021195,4878.298200004792,one shared preloaded model
syn-c748ba52ac994805,hybrid_text,5000,3561.2602999972296,9.512100001302315,286.1159000021871,3856.888300000719,one shared preloaded model
syn-905cd0149f85c44d,hybrid_text,5000,3563.998500001617,13.591399998404086,262.88669999848935,3840.47659999851,one shared preloaded model
syn-c1e6d9a8d1426ccd,hybrid_text,5000,3687.533699998312,14.279099999839673,270.12789999935194,3971.9406999975035,one shared preloaded model
syn-5a60149bb7d0d331,hybrid_text,5000,3954.2590999990352,9.461499997996725,400.75200000137556,4364.4725999984075,one shared preloaded model
syn-085b48c1c01765d8,hybrid_text,5000,3601.61010000229,13.85149999987334,351.1681999989378,3966.629800001101,one shared preloaded model
syn-983ee8cd7cfab2b2,hybrid_text,5000,3512.3991000000387,13.4451000012632,307.36890000116546,3833.2131000024674,one shared preloaded model
syn-62914c9ecfadb05c,hybrid_text,5000,3765.647899999749,10.79790000221692,339.9605000013253,4116.406300003291,one shared preloaded model
syn-d33602a2444f791a,hybrid_text,5000,3418.6608999989403,13.646499999595108,332.82170000165934,3765.1291000001947,one shared preloaded model
syn-84c0416f23825ae8,hybrid_text,5000,3803.627299999789,9.338600000774022,248.0890000006184,4061.0549000011815,one shared preloaded model
syn-91feb287d382e59b,hybrid_text,5000,3907.1644000032393,9.611199999199016,259.8939999988943,4176.669600001333,one shared preloaded model
syn-0238640a9f4d82ca,hybrid_text,5000,3255.5256000014197,13.75479999842355,292.8433999986737,3562.123799998517,one shared preloaded model
syn-63b0f61512efcc7b,hybrid_text,5000,3992.961700001615,13.96299999760231,157.97489999749814,4164.899599996716,one shared preloaded model
syn-7b60a34c510e7d77,hybrid_text,5000,3549.0164999973786,15.374200000223937,327.0111000019824,3891.401799999585,one shared preloaded model
syn-aef5fcb957e2b2ae,hybrid_text,5000,3398.12190000157,9.469699998589931,301.91390000254614,3709.505500002706,one shared preloaded model
syn-89e193275b5f85b9,hybrid_text,5000,3411.089600002015,13.65549999900395,301.1028999972041,3725.847999998223,one shared preloaded model
syn-723cfc0a3cdbbe70,hybrid_text,5000,3547.641000001022,9.313899998232955,236.53510000076494,3793.49000000002,one shared preloaded model
syn-b497e7cf4d12d853,hybrid_text,5000,3684.843799997907,9.286100001190789,334.54920000076527,4028.679099999863,one shared preloaded model
syn-cab61fd9ea43be50,hybrid_text,5000,3827.1242000009806,13.580000002548331,300.0830999990285,4140.7873000025575,one shared preloaded model
syn-d2adedac796b42a4,hybrid_text,5000,3262.076300001354,13.782199999695877,315.58380000205943,3591.4423000031093,one shared preloaded model
syn-81c6eeb87fa8b65a,hybrid_text,5000,3215.5983000011474,9.189600001263898,388.61180000094464,3613.399700003356,one shared preloaded model
syn-a34560479904d293,hybrid_text,5000,3715.89700000186,13.894699997763382,344.9153000001388,4074.706999999762,one shared preloaded model
syn-175fb0b9c9912f1d,hybrid_text,5000,3561.620700002095,10.12329999866779,111.07110000011744,3682.81510000088,one shared preloaded model
syn-da09d28e9f3d5d8d,hybrid_text,5000,3511.7552999981854,14.23849999991944,313.1104999993113,3839.104299997416,one shared preloaded model
syn-ba4fd9131d17eb5c,hybrid_text,5000,3741.036300001724,13.549300001614029,249.93909999830066,4004.524700001639,one shared preloaded model
syn-68ead23b13d3ca2c,hybrid_text,5000,3737.966400000005,9.455700001126388,261.38410000203294,4008.806200003164,one shared preloaded model
syn-6e554c5058644670,hybrid_text,5000,3598.161199999595,13.33399999930407,300.1713000012387,3911.6665000001376,one shared preloaded model
syn-25700fcf3ed93c36,hybrid_text,5000,3791.793599997618,9.657599999627564,239.2403000012564,4040.691499998502,one shared preloaded model
syn-a5ee09e7314def43,hybrid_text,5000,3628.043799999432,9.256400000595022,300.8804000019154,3938.1806000019424,one shared preloaded model
syn-2b6abd30a60a5e04,hybrid_text,5000,3677.8211999990162,13.66500000222004,330.5841000001237,4022.07030000136,one shared preloaded model
syn-8dfeb642ddbee07c,hybrid_text,5000,3466.307599999709,13.422399999399204,1221.0820999971475,4700.812099996256,one shared preloaded model
syn-eb06dec63064b043,hybrid_text,5000,3421.429199999693,9.338200001366204,290.7063000020571,3721.4737000031164,one shared preloaded model
syn-0488d9fbd767427e,hybrid_text,5000,3356.7351999990933,9.394100001372863,204.2935999998008,3570.422900000267,one shared preloaded model
syn-ed2d05fab8ac8fe4,hybrid_text,5000,3796.3224000013724,14.427099999011261,328.0321999991429,4138.781699999527,one shared preloaded model
syn-8f9f957317f7d25c,hybrid_text,5000,3399.5495999988634,13.62180000069202,251.23969999913243,3664.411099998688,one shared preloaded model
syn-501740773c0e41a8,hybrid_text,5000,3854.2831000013393,7.989100002305349,189.7056000016164,4051.977800005261,one shared preloaded model
syn-7e7b412841f6c1f7,hybrid_text,5000,3633.6262000004353,13.577199999417644,301.47329999817885,3948.676699998032,one shared preloaded model
syn-2318f08daa17b1d9,hybrid_text,5000,3545.120800001314,9.7237000009045,292.54990000117687,3847.3944000033953,one shared preloaded model
syn-444440373a79774e,hybrid_text,5000,3323.7310999975307,13.556900001276517,328.98950000162586,3666.277500000433,one shared preloaded model
syn-c09d16bc1d1a2e55,hybrid_text,5000,3613.8895000003686,13.751499998761574,301.2990000024729,3928.940000001603,one shared preloaded model
syn-41397c03bd43fa20,hybrid_text,5000,3627.6692999999796,13.971899999887682,246.60130000120262,3888.24250000107,one shared preloaded model
syn-2f881f63e4a9ee5b,hybrid_text,5000,3581.915699996898,9.978999998565996,344.69610000087414,3936.5907999963383,one shared preloaded model
syn-5f5e815c982ee27e,hybrid_text,5000,3721.3787000000593,9.357700000691693,104.4497999973828,3835.186199998134,one shared preloaded model
syn-9d71ed841863197e,hybrid_text,5000,3761.964400000579,10.394699998869328,249.13009999727365,4021.489199996722,one shared preloaded model
syn-7fdfd00ab52cb0a4,hybrid_text,5000,3670.966199999384,13.831399999617133,331.1037000021315,4015.9013000011328,one shared preloaded model
syn-ad6a49391bbc7ec8,hybrid_text,5000,3547.7374000001873,13.516200000594836,277.6081999982125,3838.8617999989947,one shared preloaded model
syn-1b1c065cb1f625b9,hybrid_text,5000,3875.6295000021055,13.47180000084336,327.5687999994261,4216.670100002375,one shared preloaded model
syn-b6a49a33030fa3f8,hybrid_text,5000,3963.0295999995724,13.634400002047187,297.47280000083265,4274.136800002452,one shared preloaded model
syn-a8d2f52e7f079d88,hybrid_text,5000,3415.751200001978,8.02309999926365,424.27630000020145,3848.050600001443,one shared preloaded model
syn-4c3b3bb15e85d708,hybrid_text,5000,3753.131099998427,13.6266000008618,303.0381999997189,4069.795899999008,one shared preloaded model
syn-5711ba27a03e1d37,hybrid_text,5000,3024.859400000423,9.865200001513585,1100.8775999980571,4135.602199999994,one shared preloaded model
syn-0524cfaed31c16ea,hybrid_text,5000,4126.843900001404,9.865299998637056,346.37540000039735,4483.0846000004385,one shared preloaded model
syn-e15762ae99c08a2e,hybrid_text,5000,3537.268700001732,9.653599998273421,105.58079999827896,3652.5030999982846,one shared preloaded model
syn-d1c2ea5489a8c93f,hybrid_text,5000,3573.265300001367,14.152800002193544,909.2473999990034,4496.665500002564,one shared preloaded model
syn-fecb508b9a8cd0d7,hybrid_text,5000,3929.3433999991976,13.625700001284713,252.5104000014835,4195.479500001966,one shared preloaded model
syn-c3610b2dfdf17488,hybrid_text,5000,3679.489599999215,13.794399998005247,305.5945000014617,3998.878499998682,one shared preloaded model
syn-d387b7117ab37cfe,hybrid_text,5000,3333.7255000005825,9.352500001114095,317.61610000103246,3660.694100002729,one shared preloaded model
syn-8d9d118f41b1a227,hybrid_text,5000,3286.4292999984173,13.801599998259917,287.0471999995061,3587.2780999961833,one shared preloaded model
syn-ff0767eb4ac46b9f,hybrid_text,5000,3540.806299999531,13.526399998227134,335.9199999977136,3890.2526999954716,one shared preloaded model
syn-1d16ca78cf5f285e,hybrid_text,5000,3665.9848999988753,13.685600002645515,343.36809999877005,4023.038600000291,one shared preloaded model
syn-9195cade3f4252b5,hybrid_text,5000,3652.9063999987557,13.553299999330193,284.7111000010045,3951.1707999990904,one shared preloaded model
syn-359afa05afb48b2c,hybrid_text,5000,3804.6506000027875,13.676800001121592,375.82580000162125,4194.15320000553,one shared preloaded model
syn-6b61ed0aca632b5c,hybrid_text,5000,3646.5430999996897,13.596000000688946,158.13100000013947,3818.270100000518,one shared preloaded model
syn-0adb661c494753d6,hybrid_text,5000,3473.263100000622,13.213999998697545,321.51309999972,3807.9901999990398,one shared preloaded model
syn-6927e3c74ff525fb,hybrid_text,5000,3744.7579999970912,9.695900000224356,187.07200000062585,3941.5258999979415,one shared preloaded model
syn-0a18b81ca32a8ca7,hybrid_text,5000,3912.7048999980616,13.539900002797367,334.4804000007571,4260.725200001616,one shared preloaded model
syn-0c1d110466abf51c,hybrid_text,5000,3865.0087999994867,13.567100002546795,329.1773999990255,4207.753300001059,one shared preloaded model
syn-97d2d586514f8cca,hybrid_text,5000,3628.9058000002115,13.93850000022212,324.6803000001819,3967.5246000006155,one shared preloaded model
syn-6f7e2eb87f7f3302,hybrid_text,5000,3539.5982999980333,9.299800000007963,295.827999998437,3844.7260999964783,one shared preloaded model
syn-fea661b4b15b0e74,hybrid_text,5000,3710.313399998995,13.57330000246293,310.1581000009901,4034.044800002448,one shared preloaded model
syn-fe239bde6ca96941,hybrid_text,5000,3872.0828000004985,13.867099998606136,264.85349999711616,4150.803399996221,one shared preloaded model
syn-9912a67973413584,hybrid_text,5000,3581.9515000002866,13.63399999900139,656.7542999982834,4252.339799997571,one shared preloaded model
syn-196bc61cd9f71b17,hybrid_text,5000,3782.3169000002963,13.6144999996759,146.12120000310824,3942.0526000030804,one shared preloaded model
syn-58d280179ba06842,hybrid_text,5000,3715.0650000003225,14.412200001970632,543.0837999992946,4272.561000001588,one shared preloaded model
syn-92401515ca3d9d95,hybrid_text,5000,3427.307499998278,13.458500001434004,493.0306999995082,3933.7966999992204,one shared preloaded model
syn-346cd6a91974029e,hybrid_text,5000,3934.3192000014824,9.587100001226645,312.1071999994456,4256.013500002155,one shared preloaded model
syn-d61561dea81b4354,hybrid_text,5000,3780.075799997576,13.40600000185077,320.4378000009456,4113.919600000372,one shared preloaded model
syn-63ea34aca9f01719,hybrid_text,5000,3430.214200001501,13.721700001042336,314.85459999748855,3758.790500000032,one shared preloaded model
syn-e84106f112541156,hybrid_text,5000,3741.9392999981937,13.47679999889806,325.8791000007477,4081.2951999978395,one shared preloaded model
syn-6efde579ff231d80,hybrid_text,5000,3750.4618000020855,8.007200001884485,328.3796000032453,4086.8486000072153,one shared preloaded model
syn-0d04f3e770c59888,hybrid_text,5000,3736.844099999871,13.64310000280966,240.61620000065886,3991.1034000033396,one shared preloaded model
syn-43d0843223dd74b3,hybrid_text,5000,3962.728899998183,13.667999999597669,364.0026000030048,4340.399500000785,one shared preloaded model
syn-53cc44bad0b99782,hybrid_text,5000,3742.779000000155,9.541200000967365,154.8685999987356,3907.188799999858,one shared preloaded model
syn-68d50118e4b184cf,hybrid_text,5000,3647.2120999969775,10.121200000867248,303.1559999981255,3960.48929999597,one shared preloaded model
syn-c909e6f301674d74,hybrid_text,5000,3235.5657999978575,8.94730000072741,498.00889999823994,3742.521999996825,one shared preloaded model
syn-b15708cedb31ffb2,hybrid_text,5000,3820.489199999429,13.621999998576939,320.9193000002415,4155.030499998247,one shared preloaded model
syn-beb9b27d8478562e,hybrid_text,5000,3910.1435000011406,13.472700000420446,328.6831000004895,4252.299300002051,one shared preloaded model
syn-a4fa3217b0299eb9,hybrid_text,5000,4086.733100000856,9.937300001183758,242.26679999992484,4338.937200001965,one shared preloaded model
syn-5d93fdd68c7b9336,hybrid_text,5000,3167.8643000013835,13.393099998211255,324.5715000011842,3505.828900000779,one shared preloaded model
syn-b4e07914bae9b1c7,hybrid_text,5000,3594.4342000002507,13.865399996575434,331.19019999867305,3939.489799995499,one shared preloaded model
syn-a122df2c9c14fdfd,hybrid_text,5000,3591.056799999933,13.559499999246327,251.5774000021338,3856.193700001313,one shared preloaded model
syn-1679b733dc99bd02,hybrid_text,5000,3720.933000000514,13.917699998273747,740.9506000003603,4475.801299999148,one shared preloaded model
syn-0644357cd6e5c8fb,hybrid_text,5000,3584.4647999983863,9.490799999184674,155.07110000180546,3749.0266999993764,one shared preloaded model
syn-01a1d9a589e21fc8,hybrid_text,5000,3667.1278000030725,10.062299999844981,299.28990000189515,3976.4800000048126,one shared preloaded model
syn-fe7bdb4996e9bd80,hybrid_text,5000,3766.400900000008,13.891099999455037,255.40249999903608,4035.694499998499,one shared preloaded model
syn-e7494dd18cf451d4,hybrid_text,5000,3769.338999998581,8.055799997237045,328.4851999997045,4105.879999995523,one shared preloaded model
syn-bcd904aadce2351d,hybrid_text,5000,3371.0978999988583,13.598900000943104,313.6793999983638,3698.3761999981652,one shared preloaded model
syn-9490279b808fab68,hybrid_text,5000,3508.210100000724,13.970300002256408,297.9109999978391,3820.0914000008197,one shared preloaded model
syn-a2c82421fafdb0f4,hybrid_text,5000,3765.68209999823,13.60269999713637,391.2817999989784,4170.566599994345,one shared preloaded model
syn-36ff68425e3d3176,hybrid_text,5000,3304.542900001252,8.143499999277992,298.74910000216914,3611.435500002699,one shared preloaded model
syn-707216e7a24847b3,hybrid_text,5000,3659.7149000008358,13.826399997924455,339.24739999929443,4012.7886999980547,one shared preloaded model
syn-c502f85d01f649e4,hybrid_text,5000,3590.369699999428,13.804800000798423,352.7446999978565,3956.919199998083,one shared preloaded model
syn-939e6166b3b0c850,hybrid_text,5000,3916.5950999995403,14.123000000836328,157.22549999918556,4087.943599999562,one shared preloaded model
syn-34fc56e181bfc98e,hybrid_text,5000,3523.143300000811,14.305500000773463,339.73300000070594,3877.1818000022904,one shared preloaded model
syn-d27aaf9556c73b9d,hybrid_text,5000,3936.5733999984514,14.22679999814136,300.29300000023795,4251.093199996831,one shared preloaded model
syn-99bc78b27a981c11,hybrid_text,5000,3729.5372000007774,13.603300001705065,291.84059999897727,4034.9811000014597,one shared preloaded model
