example_id,agent,horizon,update_ms,read_ms,generation_ms,end_to_end_ms,model_loading_policy
syn-a6ba61c7f6022987,lexical_only,100,195.83159999456257,9.408799996890593,375.25409999943804,580.4944999908912,one shared preloaded model
syn-38eedc2c95f8c5b4,lexical_only,100,38.86899999633897,9.546699999191333,266.80340000166325,315.21909999719355,one shared preloaded model
syn-07d41f0782d8a3ec,lexical_only,100,32.521699999051634,7.284100000106264,295.9225000013248,335.7283000004827,one shared preloaded model
syn-fa271021cce39036,lexical_only,100,30.399200004467275,7.2069000016199425,326.80750000145053,364.41360000753775,one shared preloaded model
syn-8632fc6b28ce057a,lexical_only,100,35.874400004104245,7.279299999936484,216.6027999992366,259.7565000032773,one shared preloaded model
syn-227faaf725799aff,lexical_only,100,33.38890000304673,7.206200003565755,279.76749999652384,320.3626000031363,one shared preloaded model
syn-c819b70cc3b711b6,lexical_only,100,34.29080000205431,6.93870000395691,137.16179999755695,178.39130000356818,one shared preloaded model
syn-f8dc00112ec91804,lexical_only,100,30.12740000121994,3.9974000028450973,263.06689999910304,297.1917000031681,one shared preloaded model
syn-f97808cf18e3bdc1,lexical_only,100,34.394399997836445,7.179300002462696,996.2245999995503,1037.7982999998494,one shared preloaded model
syn-1ba0ad3803fd1aab,lexical_only,100,33.44169999763835,7.119199995941017,278.70169999368954,319.2625999872689,one shared preloaded model
syn-e89134deef96d28b,lexical_only,100,35.89949999877717,7.383700001810212,290.37979999702657,333.66299999761395,one shared preloaded model
syn-d3aec67bcbee5e27,lexical_only,100,35.67740000289632,7.182900000771042,319.6869000021252,362.54720000579255,one shared preloaded model
syn-c403dc8c5bbec2b6,lexical_only,100,35.33170000446262,7.314599999517668,270.42269999947166,313.06900000345195,one shared preloaded model
syn-928aaad0bd5f085f,lexical_only,100,29.083800000080373,3.5195999953430146,290.056599995296,322.65999999071937,one shared preloaded model
syn-36b88d15de85d49d,lexical_only,100,26.054599999042694,3.5743999978876673,234.2105000061565,263.83950000308687,one shared preloaded model
syn-ef8755c246c631fe,lexical_only,100,31.537699993350543,7.167000003391877,278.63000000070315,317.33469999744557,one shared preloaded model
syn-f8cdd1253dc96ca6,lexical_only,100,33.293000000412576,7.332700006372761,112.00090000056662,152.62660000735195,one shared preloaded model
syn-99f1a940ce32e3de,lexical_only,100,30.39820000412874,5.341000003681984,293.671200000972,329.41040000878274,one shared preloaded model
syn-ae830d10e3e44454,lexical_only,100,32.39860000030603,7.605999999213964,436.39149999944493,476.3960999989649,one shared preloaded model
syn-7aec429f0ba8958c,lexical_only,100,26.47609999985434,4.086000000825152,294.631799995841,325.1938999965205,one shared preloaded model
syn-7574e07600322df1,lexical_only,100,32.8319999971427,5.872199995792471,268.7023999969824,307.4065999899176,one shared preloaded model
syn-6596d6fb03744adc,lexical_only,100,27.14590000687167,4.349399998318404,284.317400000873,315.8127000060631,one shared preloaded model
syn-8028bcd88896f9af,lexical_only,100,35.86910000012722,7.139499997720122,276.97790000092937,319.9864999987767,one shared preloaded model
syn-5b04b918e5d2f043,lexical_only,100,31.696599995484576,7.219999999506399,298.1154999943101,337.03209998930106,one shared preloaded model
syn-344d41a9584f8be4,lexical_only,100,33.295699999143835,7.603099998959806,222.08469999895897,262.9834999970626,one shared preloaded model
syn-1c50e11cb54a9a7c,lexical_only,100,34.73349999694619,7.205499998235609,307.8419000012218,349.7808999964036,one shared preloaded model
syn-d8bfd6728ae9bb83,lexical_only,100,36.167799997201655,7.351200001721736,136.1183000044548,179.6373000033782,one shared preloaded model
syn-9ac94e465129e6ee,lexical_only,100,30.745399999432266,3.870900000038091,318.5059000024921,353.1222000019625,one shared preloaded model
syn-8e5a6b17392849e9,lexical_only,100,34.21610000077635,7.577500000479631,464.45190000667935,506.24550000793533,one shared preloaded model
syn-6dfbc0e6fffb86d6,lexical_only,100,31.285500001104083,3.588700004911516,274.7644999981276,309.6387000041432,one shared preloaded model
syn-d95d1076f16608cf,lexical_only,100,33.91320000082487,7.164399998146109,263.4604999984731,304.5380999974441,one shared preloaded model
syn-67085f28c8a345d9,lexical_only,100,34.4563000035123,7.1746000030543655,245.50450000242563,287.1354000089923,one shared preloaded model
syn-8b88cb5fd4c5e6fc,lexical_only,100,34.510699995735195,7.208000002719928,250.59630000032485,292.31499999877997,one shared preloaded model
syn-42df0ee7d8018963,lexical_only,100,31.911000005493406,7.28030000027502,262.4000999931013,301.59139999886975,one shared preloaded model
syn-e8acbc2c88369e51,lexical_only,100,33.4934999991674,3.631199993833434,216.26110000215704,253.38579999515787,one shared preloaded model
syn-a642a7089d9f162f,lexical_only,100,34.45500000088941,7.235700002638623,293.8060000014957,335.49670000502374,one shared preloaded model
syn-3f6a98eceeaf476b,lexical_only,100,33.25350000523031,7.437899999786168,149.09070000430802,189.7821000093245,one shared preloaded model
syn-bfb5882d7330d97f,lexical_only,100,30.918099997506943,8.066800000960939,304.0896999955294,343.07459999399725,one shared preloaded model
syn-cfa98bda62d92f7f,lexical_only,100,29.325399998924695,3.4472999977879226,443.30790000094566,476.0805999976583,one shared preloaded model
syn-534d1ab71809b51f,lexical_only,100,32.12889999849722,7.12500000372529,316.48349999886705,355.73740000108955,one shared preloaded model
syn-76a54b251d992dd4,lexical_only,100,27.41799999785144,4.194399996777065,228.53390000091167,260.1462999955402,one shared preloaded model
syn-6f12022c8819f717,lexical_only,100,26.498600003833417,6.096899996919092,276.0444999948959,308.6399999956484,one shared preloaded model
syn-30a75d6754134879,lexical_only,100,27.36729999742238,3.538900004059542,306.03359999804525,336.93979999952717,one shared preloaded model
syn-a6ff96ac61f7c6c1,lexical_only,100,34.86510000220733,7.247300003655255,294.60029999609105,336.71270000195364,one shared preloaded model
syn-91323a0ae9a650e7,lexical_only,100,36.75220000150148,7.148400000005495,200.98270000016782,244.8833000016748,one shared preloaded model
syn-9d9ad34b79849f2d,lexical_only,100,31.159899997874163,7.493500001146458,245.06860000110464,283.72200000012526,one shared preloaded model
syn-36b5b8f6c6bbf2cc,lexical_only,100,27.94519999588374,3.367599994817283,109.44069999823114,140.75349998893216,one shared preloaded model
syn-96244de128be170e,lexical_only,100,33.81890000309795,7.742299996607471,306.8589999966207,348.4201999963261,one shared preloaded model
syn-3e8dcebdc4767103,lexical_only,100,29.112199998053256,3.5021000003325753,446.7173999946681,479.3316999930539,one shared preloaded model
syn-8f7fdf0bdfb10d4a,lexical_only,100,26.00460000394378,3.917999994882848,291.48759999952745,321.4101999983541,one shared preloaded model
syn-d4fda360fe6fdd4f,lexical_only,100,33.94330000446644,6.927900001755916,281.11380000336794,321.9850000095903,one shared preloaded model
syn-42ee4c7254b57eb8,lexical_only,100,34.10759999678703,7.164800001191907,297.8125000008731,339.08489999885205,one shared preloaded model
syn-feccf5e27bea7518,lexical_only,100,32.17919999588048,7.170999997470062,290.5908999964595,329.94109998981,one shared preloaded model
syn-c01e14c5c8c50d03,lexical_only,100,30.93460000673076,6.411299997125752,281.29619999526767,318.6420999991242,one shared preloaded model
syn-cb15ba714ba5ec8f,lexical_only,100,30.488800002785865,7.141900001442991,234.57200000120793,272.2027000054368,one shared preloaded model
syn-615f495f59b50927,lexical_only,100,33.1441000016639,7.097499998053536,296.3476000004448,336.58920000016224,one shared preloaded model
syn-a6cbf0e1e86a6450,lexical_only,100,33.557299997482914,7.794999997713603,117.75059999490622,159.10289999010274,one shared preloaded model
syn-57b966091e7ec699,lexical_only,100,36.56559999944875,8.994700001494493,278.7310999992769,324.29140000022016,one shared preloaded model
syn-89f8450f6e93be24,lexical_only,100,31.638400003430434,7.182400004239753,459.95879999827594,498.7796000059461,one shared preloaded model
syn-e4cf69e50674883c,lexical_only,100,29.357699997490272,4.005000002507586,267.565400004969,300.92810000496684,one shared preloaded model
syn-52dd73e2d68a5917,lexical_only,100,32.16039999824716,3.407700001844205,298.56020000443095,334.1283000045223,one shared preloaded model
syn-1a7e4a2f4f0fe9c6,lexical_only,100,34.241800000017975,7.1524999948451295,288.26289999415167,329.65719998901477,one shared preloaded model
syn-e8ee9cee31093b93,lexical_only,100,31.215299997711554,7.389699996565469,282.55860000354005,321.1635999978171,one shared preloaded model
syn-1546004190558953,lexical_only,100,30.160200003592763,3.5809000037261285,294.485700003861,328.2268000111799,one shared preloaded model
syn-7858be5eb774eb5b,lexical_only,100,32.20779999537626,7.223799999337643,219.92360000149347,259.3551999962074,one shared preloaded model
syn-fd59ad3a4d996680,lexical_only,100,34.0100999965216,7.167899995693006,301.36879999918165,342.54679999139626,one shared preloaded model
syn-fc9a9858781e0d3a,lexical_only,100,32.895900003495626,7.070899999234825,148.7829999969108,188.74979999964125,one shared preloaded model
syn-324d7fc5d16391c8,lexical_only,100,33.692699995299336,7.65769999998156,490.411500002665,531.7618999979459,one shared preloaded model
syn-6e90d8e0c38e9334,lexical_only,100,24.09579999948619,4.358800004411023,472.7123999982723,501.1670000021695,one shared preloaded model
syn-8e5f564bbff2ec81,lexical_only,100,31.5958999999566,7.266499997058418,300.6939000042621,339.5563000012771,one shared preloaded model
syn-ad377a0c752a987e,lexical_only,100,32.41420000267681,7.10350000008475,287.9306999966502,327.4483999994118,one shared preloaded model
syn-fd23e7842d0bf088,lexical_only,100,28.86420000140788,3.5361000045668334,299.1219000032288,331.5222000092035,one shared preloaded model
syn-9dce3e031398985d,lexical_only,100,33.76379999826895,7.263899999088608,310.78770000021905,351.8153999975766,one shared preloaded model
syn-cb9495248ba394a9,lexical_only,100,34.20119999645976,7.082199997967109,278.6964999977499,319.9798999921768,one shared preloaded model
syn-d45c12362eae6b90,lexical_only,100,31.77999999752501,7.155799998145085,237.11509999702685,276.05089999269694,one shared preloaded model
syn-fe3b30dd29d66256,lexical_only,100,25.54450000025099,4.397799995786045,312.79349999385886,342.7357999898959,one shared preloaded model
syn-0f420473e95734a2,lexical_only,100,25.754899994353764,4.143900005146861,116.9104000000516,146.80919999955222,one shared preloaded model
syn-14c34fb5209acd83,lexical_only,100,35.76660000544507,7.785699999658391,294.29979999986244,337.8521000049659,one shared preloaded model
syn-323bc307f3b8489c,lexical_only,100,25.7357000009506,4.27769999805605,468.98499999952037,498.998399998527,one shared preloaded model
syn-d1a98c9ebc2b2b63,lexical_only,100,27.10129999468336,3.345099998114165,274.82120000058785,305.2675999933854,one shared preloaded model
syn-8b8261103d0d9683,lexical_only,100,34.15859999950044,7.222500003990717,528.2044999985374,569.5856000020285,one shared preloaded model
syn-73911e04a0932499,lexical_only,100,25.510099992970936,3.548200002114754,304.1603000019677,333.2185999970534,one shared preloaded model
syn-85c77c5469482f47,lexical_only,100,30.88910000224132,7.2179999988293275,297.5447999997414,335.651900000812,one shared preloaded model
syn-1725a6155d089dde,lexical_only,100,34.2573000016273,7.13980000000447,282.13510000205133,323.5322000036831,one shared preloaded model
syn-fc05e77b7c242574,lexical_only,100,35.453899996355176,7.707000004302245,192.47200000245357,235.632900003111,one shared preloaded model
syn-86308b042f251696,lexical_only,100,31.682599998021033,7.183000001532491,317.3720000049798,356.2376000045333,one shared preloaded model
syn-434e7ed49b935751,lexical_only,100,31.75609999743756,4.204199998639524,113.73730000195792,149.697599998035,one shared preloaded model
syn-530c2c738f789d98,lexical_only,100,29.94050000415882,7.753099998808466,295.63140000391286,333.32500000688015,one shared preloaded model
syn-0c19d7397f14e5b6,lexical_only,100,29.06760000041686,3.676299995277077,444.631099999242,477.37499999493593,one shared preloaded model
syn-a1612d852aaaaac3,lexical_only,100,27.958200000284705,3.86140000045998,281.60010000283364,313.4197000035783,one shared preloaded model
syn-c0220289c4182645,lexical_only,100,27.194199996301904,3.5053000028710812,267.0233000026201,297.7228000017931,one shared preloaded model
syn-9e6843c042c117d6,lexical_only,100,26.970600003551226,3.5528000007616356,285.03050000290386,315.5539000072167,one shared preloaded model
syn-0ac0bff8c97627a3,lexical_only,100,26.939999996102415,3.4072999987984076,299.63129999669036,329.9785999915912,one shared preloaded model
syn-2125020456ee5ce0,lexical_only,100,28.32930000295164,3.582499994081445,274.14580000186106,306.05759999889415,one shared preloaded model
syn-2caa699fccb66b00,lexical_only,100,33.15920000022743,7.317099996726029,234.86729999422096,275.3435999911744,one shared preloaded model
syn-861af0982b3de585,lexical_only,100,28.440599999157712,3.746299997146707,280.2855999980238,312.47249999432825,one shared preloaded model
syn-608838df8784d01b,lexical_only,100,29.910699995525647,4.339899998740293,146.1471000002348,180.39769999450073,one shared preloaded model
syn-114b81595c7d762a,lexical_only,100,35.30429999955231,7.6289999997243285,273.2015000001411,316.13479999941774,one shared preloaded model
syn-4a863129f2275dc1,lexical_only,100,32.576000005065,7.048400002531707,500.01219999830937,539.6366000059061,one shared preloaded model
syn-d2ca3d27b15e9657,lexical_only,100,35.90469999471679,7.152199999836739,274.6826999937184,317.73959998827195,one shared preloaded model
syn-0c9fef436275cdd9,lexical_only,100,34.752299994579516,5.608500003290828,279.4773999994504,319.83819999732077,one shared preloaded model
syn-f1d5d22bd7ee481d,lexical_only,100,35.32389999600127,7.198999999673106,293.71379999793135,336.2366999936057,one shared preloaded model
syn-a575cf643cb1c076,lexical_only,100,33.7223999958951,7.182800000009593,304.2686999979196,345.1738999938243,one shared preloaded model
syn-ee742f0c9f76781d,lexical_only,100,29.99180000188062,7.317700001294725,300.6581000008737,337.967600004049,one shared preloaded model
syn-da5dd03ecb643f4d,lexical_only,100,33.705199995893054,7.158199994591996,244.31770000228425,285.1810999927693,one shared preloaded model
syn-326d673969961656,lexical_only,100,31.430600000021514,7.262099999934435,268.50849999755155,307.2011999975075,one shared preloaded model
syn-962a3810f04e9097,lexical_only,100,35.17679999640677,7.244699998409487,143.03889999428065,185.4603999890969,one shared preloaded model
syn-f0aad1f13f69b874,lexical_only,100,30.317099997773767,4.908599999907892,293.49679999722866,328.7224999949103,one shared preloaded model
syn-c2a05483a856b3ef,lexical_only,100,33.63769999850774,7.178500003647059,454.5122000054107,495.3284000075655,one shared preloaded model
syn-e0cedd9b0e32d085,lexical_only,100,27.590099998633377,4.239300003973767,310.75810000038473,342.5875000029919,one shared preloaded model
syn-29a180ad2143328a,lexical_only,100,28.496299994003493,3.6159000010229647,261.04689999920083,293.1590999942273,one shared preloaded model
syn-735f77503b2ba024,lexical_only,100,30.7156999988365,7.166399998823181,274.786200003291,312.6683000009507,one shared preloaded model
syn-148ccbd3316665a4,lexical_only,100,34.26969999418361,7.344699995883275,270.2121999973315,311.82659998739837,one shared preloaded model
syn-3c75ee23c6f50e1b,lexical_only,100,34.30659999867203,7.236099998408463,309.617499995511,351.1601999925915,one shared preloaded model
syn-f4dbe8e18b96050d,lexical_only,100,33.806100000219885,7.190500000433531,232.65900000114925,273.65560000180267,one shared preloaded model
syn-da9774599d83a1b5,lexical_only,100,32.163100004254375,7.178899999416899,315.04199999471894,354.3839999983902,one shared preloaded model
syn-2ef399e82e449faf,lexical_only,100,31.18209999956889,7.215799996629357,144.31950000289362,182.71739999909187,one shared preloaded model
syn-eb0f5ee31c508a61,lexical_only,100,29.41119999741204,4.3544999934965745,453.0515000005835,486.8171999914921,one shared preloaded model
syn-cda71c350602bddf,lexical_only,100,31.79920000548009,7.084900003974326,429.2115999996895,468.0957000091439,one shared preloaded model
syn-28fa6f2fe12641b3,lexical_only,100,33.93569999752799,7.208899995021056,226.0039999964647,267.14859998901375,one shared preloaded model
syn-c20dfce1d761b522,lexical_only,100,34.27890000602929,7.131500002287794,287.85269999934826,329.26310000766534,one shared preloaded model
syn-7df1c817de9a1ea1,lexical_only,100,31.508499996562023,3.64879999688128,295.171499994467,330.3287999879103,one shared preloaded model
syn-3c57b67fca1c10a3,lexical_only,100,34.437800000887364,7.160900000599213,275.1957999935257,316.7944999950123,one shared preloaded model
syn-0cbb31a1498b5e27,lexical_only,100,25.99750000081258,3.829799999948591,323.90119999763556,353.7284999983967,one shared preloaded model
syn-c69bdbfce61e9f10,lexical_only,100,27.56249999947613,3.3941999936359935,224.28389999549836,255.24059998861048,one shared preloaded model
syn-9129e328d0e87e58,lexical_only,100,35.28560000268044,7.095699998899363,299.04249999526655,341.42379999684636,one shared preloaded model
syn-c3a845f6f37328df,lexical_only,100,33.879099995829165,7.72280000091996,104.76600000401959,146.3679000007687,one shared preloaded model
syn-af9227c03b96e947,lexical_only,100,27.59840000362601,4.965300002368167,293.3485999965342,325.91230000252835,one shared preloaded model
syn-d30db6602c5e7bcf,lexical_only,100,34.38530000130413,7.229300004837569,483.5289000038756,525.1435000100173,one shared preloaded model
syn-2bcd2d10bf252a88,lexical_only,100,36.32639999705134,7.124200004909653,291.41299999901094,334.8636000009719,one shared preloaded model
syn-e69fbacb0ad339d8,lexical_only,100,34.34250000282191,7.168000003730413,273.0857999995351,314.5963000060874,one shared preloaded model
syn-f7dee247f844b523,lexical_only,100,29.478799995558802,6.448300002375618,310.3202999991481,346.24739999708254,one shared preloaded model
syn-218ffaef8da3d8da,lexical_only,100,35.75180000188993,7.141000001865905,249.2251000003307,292.11790000408655,one shared preloaded model
syn-a31eb202acdba085,lexical_only,100,34.44669999589678,7.32169999537291,256.59969999833265,298.36809998960234,one shared preloaded model
syn-4dfded52a9bb2c90,lexical_only,100,28.584899999259505,4.647599998861551,240.3658000039286,273.59830000204965,one shared preloaded model
syn-cd947d2b8e2144b0,lexical_only,100,34.999399998923764,5.984299998090137,305.438100003812,346.4218000008259,one shared preloaded model
syn-6abe44228638f132,lexical_only,100,33.227799998712726,7.347099999606144,104.23749999608845,144.81239999440731,one shared preloaded model
syn-1258eab437601206,lexical_only,100,31.08980000251904,7.987199998751748,286.48030000476865,325.55730000603944,one shared preloaded model
syn-4d8e6dbc90583d69,lexical_only,100,28.824699998949654,3.853599999274593,458.72139999846695,491.3996999966912,one shared preloaded model
syn-a1a8b545941a8915,lexical_only,100,34.771400001773145,7.096300003468059,270.3685000014957,312.2362000067369,one shared preloaded model
syn-c0a5d6164a143c21,lexical_only,100,34.68260000227019,7.4357999983476475,286.4786999998614,328.59710000047926,one shared preloaded model
syn-911a5b307c155365,lexical_only,100,34.587200003443286,7.160100001783576,294.81720000330824,336.5645000085351,one shared preloaded model
syn-bcca1bb50f9b9cef,lexical_only,100,33.48549999645911,7.189299998572096,303.23459999635816,343.90939999138936,one shared preloaded model
syn-c9e69c66406cd3b1,lexical_only,100,33.99150000041118,7.320900003833231,301.290199997311,342.6026000015554,one shared preloaded model
syn-2becd65beee0364a,lexical_only,100,34.011499999905936,7.290499997907318,206.740899993747,248.04289999156026,one shared preloaded model
syn-4dd85348c38c0357,lexical_only,100,32.978800001728814,6.71679999504704,319.1503000052762,358.8459000020521,one shared preloaded model
syn-f242b8cc2cb723b5,lexical_only,100,27.72960000584135,3.461300002527423,133.5938000047463,164.78470001311507,one shared preloaded model
syn-fbc447c0fcb7cfc8,lexical_only,100,28.681999996479135,7.681200004299171,287.7232999962871,324.0864999970654,one shared preloaded model
syn-a9f156119ea9fcd1,lexical_only,100,35.17669999564532,7.278099998075049,444.33090000529774,486.7856999990181,one shared preloaded model
syn-a90c99e2e79a45d4,lexical_only,100,31.69079999497626,3.4397999988868833,279.75290000176756,314.8834999956307,one shared preloaded model
syn-c5a2eb58a93f472f,lexical_only,100,34.411299995554145,7.174399994255509,296.08079999889014,337.6664999886998,one shared preloaded model
syn-ea7b327ba9b080c9,lexical_only,100,32.98089999589138,7.097900001099333,262.25520000298275,302.33399999997346,one shared preloaded model
syn-92715b9aee29e997,lexical_only,100,27.31589999893913,4.159200005233288,281.88070000032894,313.35580000450136,one shared preloaded model
syn-b766696c0d786013,lexical_only,100,29.83690000110073,3.3620000031078234,298.8665000011679,332.06540000537643,one shared preloaded model
syn-d3d77d74b12e306a,lexical_only,100,31.117400001676288,7.099399997969158,252.2255000003497,290.44229999999516,one shared preloaded model
syn-48230ce25b5de2fa,lexical_only,100,33.031899998604786,7.179200001701247,309.64260000473587,349.8537000050419,one shared preloaded model
syn-7f6bff1d2ac7c3f3,lexical_only,100,28.357699993648566,3.3961000008275732,138.85170000139624,170.60549999587238,one shared preloaded model
syn-f37c1fc0c7eaae06,lexical_only,100,28.447099997720215,4.143400001339614,286.04949999862583,318.63999999768566,one shared preloaded model
syn-915a70d70da9799e,lexical_only,100,32.42429999954766,7.267900000442751,399.134100000083,438.8263000000734,one shared preloaded model
syn-2c4f2b37f5b601c4,lexical_only,100,27.193699999770615,3.6049999980605207,258.97750000149244,289.7761999993236,one shared preloaded model
syn-27269f1dafd012f5,lexical_only,100,33.050700003514066,6.941200001165271,266.8204000001424,306.81230000482174,one shared preloaded model
syn-fc4e5b6a2ef2e383,lexical_only,100,28.778499996406026,3.3727000045473687,283.57559999858495,315.72679999953834,one shared preloaded model
syn-5d4106eaf2ee51c8,lexical_only,100,26.578500001050998,4.090299997187685,285.4287999944063,316.097599992645,one shared preloaded model
syn-81331bee65710972,lexical_only,100,35.13879999809433,7.454499995219521,287.28469999623485,329.8779999895487,one shared preloaded model
syn-6795425cf8dabbc9,lexical_only,100,38.8535000020056,8.65009999688482,218.06970000034198,265.5732999992324,one shared preloaded model
syn-67983f23f948cb13,lexical_only,100,25.343399996927474,3.745800000615418,234.11129999294644,263.20049999048933,one shared preloaded model
syn-312d206fb59e358d,lexical_only,100,25.817299996560905,7.246400004078168,131.1961000028532,164.25980000349227,one shared preloaded model
syn-b374ae5f8bdeb59c,lexical_only,100,33.789100001740735,7.69169999693986,303.84290000074543,345.323699999426,one shared preloaded model
syn-c4e2cf0cbaef3cc6,lexical_only,100,33.77829999953974,7.201799999165814,455.206000006001,496.18610000470653,one shared preloaded model
syn-e1486ac132d09f0e,lexical_only,100,35.038099995290395,6.553200000780635,251.07340000249678,292.6646999985678,one shared preloaded model
syn-7863c0207b8e2373,lexical_only,100,30.164400006469805,7.309199994779192,305.26819999795407,342.74179999920307,one shared preloaded model
syn-9cbbfa64d29cb813,lexical_only,100,27.944199995545205,3.966199998103548,311.5533999953186,343.46379998896737,one shared preloaded model
syn-a65473d1d46ed2c6,lexical_only,100,32.767700002295896,7.149299999582581,299.3523999975878,339.26939999946626,one shared preloaded model
syn-2b046916be0cd392,lexical_only,100,31.99529999983497,7.184399997640867,298.993899996276,338.17359999375185,one shared preloaded model
syn-72b8f748d5763fa5,lexical_only,100,30.271600000560284,7.250399998156354,236.5767000010237,274.09869999974035,one shared preloaded model
syn-9e74ef31f1615b66,lexical_only,100,24.575000003096648,4.083199994056486,298.55509999470087,327.213299991854,one shared preloaded model
syn-00b96c3bac38cc42,lexical_only,100,31.076300001586787,7.127000004402362,136.84099999954924,175.0443000055384,one shared preloaded model
syn-952b966eee3f8c13,lexical_only,100,25.013999998918734,3.7478000012924895,309.05120000534225,337.8130000055535,one shared preloaded model
syn-c8f1cb75a43de506,lexical_only,100,33.70080000604503,7.225499997730367,459.33399999921676,500.26030000299215,one shared preloaded model
syn-34a4a1cf2545d780,lexical_only,100,34.87160000076983,7.414500003505964,252.77490000007674,295.06100000435254,one shared preloaded model
syn-f36a532a7f829e27,lexical_only,100,33.75629999936791,4.9490000019432046,280.83630000037374,319.54160000168486,one shared preloaded model
syn-3f66f6fab4661265,lexical_only,100,34.43420000257902,7.177599996794015,266.9257999950787,308.53759999445174,one shared preloaded model
syn-be86febc4b2804a6,lexical_only,100,32.71210000093561,7.240399994770996,270.26959999784594,310.22209999355255,one shared preloaded model
syn-eb0aba33a8e92d25,lexical_only,100,31.883100004051812,7.160299996030517,275.87909999419935,314.9224999942817,one shared preloaded model
syn-de9cccc7c153bbf4,lexical_only,100,31.246499995177146,4.4143000050098635,226.81449999799952,262.47529999818653,one shared preloaded model
syn-28812aeb523a4ea3,lexical_only,100,31.06600000319304,6.642299995291978,307.9673999964143,345.67569999489933,one shared preloaded model
syn-071e5a31b62e0a3b,lexical_only,100,33.03550000418909,7.748000003630295,149.7589999999036,190.542500007723,one shared preloaded model
syn-c5f347691e4f1189,lexical_only,100,34.70959999685874,7.681299997784663,284.4781000021612,326.86899999680463,one shared preloaded model
syn-2541ac3e0cf6ae0f,lexical_only,100,29.19110000220826,3.6668000029749237,469.2376000020886,502.09550000727177,one shared preloaded model
syn-1a12965cf6e9620a,lexical_only,100,33.201599995663855,3.335900000820402,273.2809000008274,309.81839999731164,one shared preloaded model
syn-833ee80d2a35282c,lexical_only,100,31.123400003707502,7.239400001708418,295.4687000019476,333.8315000073635,one shared preloaded model
syn-d71cb3ea0a850053,lexical_only,100,33.857099995657336,7.1490999980596825,296.0818999999901,337.08809999370715,one shared preloaded model
syn-b58eb0dc1a3b98a9,lexical_only,100,24.191799995605834,3.4937000018544495,297.84420000214595,325.52969999960624,one shared preloaded model
syn-f547811aa164f77c,lexical_only,100,31.168100002105348,7.353100001637358,259.06660000327975,297.58780000702245,one shared preloaded model
syn-c2a992a405ca2108,lexical_only,100,28.911400004290044,6.45760000043083,219.78520000266144,255.15420000738231,one shared preloaded model
syn-ce2c8b075853cedc,lexical_only,100,28.442700000596233,7.12579999526497,265.12799999909475,300.69649999495596,one shared preloaded model
syn-687fc71335d706d6,lexical_only,100,28.160800000478048,3.4874999983003363,151.4556999973138,183.10399999609217,one shared preloaded model
syn-6aece6dd34a4454c,lexical_only,100,31.76990000065416,4.302000001189299,291.30860000441317,327.3805000062566,one shared preloaded model
syn-b9f4fa3de270243b,lexical_only,100,35.53919999831123,7.134200001019053,451.05619999958435,493.72959999891464,one shared preloaded model
syn-7a9964e8147076b4,lexical_only,100,30.073299996729475,4.250999998475891,272.1769999989192,306.50129999412457,one shared preloaded model
syn-5afa3fb6102c079e,lexical_only,100,31.923599999572616,7.211099997221027,298.49129999638535,337.625999993179,one shared preloaded model
syn-741bd6aa659cbb3a,lexical_only,100,30.915199997252785,7.1153999961097725,312.94419999903766,350.9747999924002,one shared preloaded model
syn-e2066c5ef4eaa754,lexical_only,100,34.39580000122078,7.157800006098114,261.3338999944972,302.8875000018161,one shared preloaded model
syn-9ad6a91dae6541b0,lexical_only,100,29.830200001015328,3.4841000015148893,303.2138999988092,336.5282000013394,one shared preloaded model
syn-0cc07eac74fee68f,lexical_only,100,35.115099999529775,7.34349999402184,232.27709999628132,274.73569998983294,one shared preloaded model
syn-06f1746d73db3d7a,lexical_only,100,27.786399994511157,3.594000001612585,294.33199999766657,325.7123999937903,one shared preloaded model
syn-af7777b30c76fe8f,lexical_only,100,33.881100003782194,7.205900001281407,118.75350000627805,159.84050001134165,one shared preloaded model
syn-a3df3702910d82c8,lexical_only,100,35.39520000049379,7.9164999988279305,266.8600000033621,310.1717000026838,one shared preloaded model
syn-1b32176f8ab0ad0d,lexical_only,100,34.85740000178339,7.162499998230487,401.4434999990044,443.4633999990183,one shared preloaded model
syn-3c9a56c51e114ae8,lexical_only,100,28.887799999210984,3.526899999997113,318.9079000003403,351.3225999995484,one shared preloaded model
syn-4dc80c16468d7ae3,lexical_only,100,33.64470000087749,7.202300002973061,276.4383000030648,317.28530000691535,one shared preloaded model
syn-635cc36e60ec9abe,lexical_only,100,31.01749999768799,7.269100002304185,263.06239999394165,301.34899999393383,one shared preloaded model
syn-166e4d8638667138,lexical_only,100,35.19860000233166,7.263399995281361,274.6435000008205,317.1054999984335,one shared preloaded model
syn-4b2e3c750d96faf1,lexical_only,100,34.02980000100797,7.255199998326134,272.0874000006006,313.3723999999347,one shared preloaded model
syn-5c60aa247e7da516,lexical_only,100,28.923199999553617,4.052299998875242,219.4383000023663,252.41380000079516,one shared preloaded model
syn-363ae45960cbd6ea,lexical_only,100,32.39020000182791,7.014700000581797,321.72520000312943,361.13010000553913,one shared preloaded model
syn-202a222301f9a6d4,lexical_only,100,33.747800000128336,7.191599994257558,113.12679999537067,154.06619998975657,one shared preloaded model
syn-7cf12316980709f6,lexical_only,100,32.862699998077005,7.51499999751104,477.6683000018238,518.0459999974119,one shared preloaded model
syn-728e33df6904e39f,lexical_only,100,32.724799995776266,3.6125000042375177,433.0824999997276,469.4197999997414,one shared preloaded model
syn-5bd3e7c2aa979761,lexical_only,100,31.534100002318155,7.2255000050063245,279.06229999643983,317.8219000037643,one shared preloaded model
syn-9f5692455ac5f9eb,lexical_only,100,28.536199999507517,3.5176999954273924,271.2714000008418,303.32529999577673,one shared preloaded model
syn-d0e73d43fc27e780,lexical_only,100,31.98540000448702,7.154500002798159,321.3554000030854,360.49530001037056,one shared preloaded model
syn-70ea21787462e8bb,lexical_only,100,30.264000000897795,4.160900003626011,289.7603000019444,324.1852000064682,one shared preloaded model
syn-93ebae83f12babde,lexical_only,100,28.683999997156207,7.510399998864159,257.362500000454,293.5568999964744,one shared preloaded model
syn-80b5fa71901fb209,lexical_only,100,27.69329999864567,4.007499999715947,207.15280000149505,238.85359999985667,one shared preloaded model
syn-31a023f7ba9bc6ca,lexical_only,100,22.309599997242913,3.6188000012771226,293.075300003693,319.003700002213,one shared preloaded model
syn-86c7f5c14844a928,lexical_only,100,34.55270000267774,7.6473000008263625,99.6917999946163,141.8917999981204,one shared preloaded model
syn-a86b2bf35ce487cf,lexical_only,100,34.73410000151489,7.682399998884648,267.2773000012967,309.6938000016962,one shared preloaded model
syn-a191dd5bc4522c3f,lexical_only,100,35.579899995354936,7.215699995867908,467.33839999797055,510.1339999891934,one shared preloaded model
syn-24c6eb89fa9bc77a,lexical_only,100,35.32470000209287,4.7407000020029955,305.65110000316054,345.7165000072564,one shared preloaded model
syn-7e9cddfe26e96d08,lexical_only,100,35.253399997600354,7.194800004072022,268.9637000003131,311.4119000019855,one shared preloaded model
syn-79244b5ea6e26a35,lexical_only,100,35.23480000148993,7.231600000523031,308.2488000000012,350.71520000201417,one shared preloaded model
syn-351b1f137e4c70f0,lexical_only,100,32.07190000102855,7.153699996706564,280.30280000530183,319.52840000303695,one shared preloaded model
syn-fe81b916e846f8e6,lexical_only,100,32.03190000203904,7.098099995346274,295.8899000004749,335.0198999978602,one shared preloaded model
syn-890454ea84307ccf,lexical_only,100,33.039000001735985,7.078299997374415,194.3463999996311,234.4636999987415,one shared preloaded model
syn-38ffd1c0f969d3ce,lexical_only,100,34.91729999950621,7.187700000940822,297.2945000001346,339.3995000005816,one shared preloaded model
syn-449f78fee2e31323,lexical_only,100,32.942500001809094,7.121599999663886,140.31769999564858,180.38179999712156,one shared preloaded model
syn-386d7fabe68c0b51,lexical_only,100,30.912700000044424,7.658499998797197,680.6270000015502,719.1982000003918,one shared preloaded model
syn-a53e008f5352ab7c,lexical_only,100,32.9046000042581,7.1089000048232265,430.13690000225324,470.15040001133457,one shared preloaded model
syn-2d7332919d82acd7,lexical_only,100,29.01199999905657,3.5293999972054735,262.4348999961512,294.97629999241326,one shared preloaded model
syn-4b43eb5a0d3f5e34,lexical_only,100,35.36079999321373,7.144299997889902,274.59420000377577,317.0992999948794,one shared preloaded model
syn-1c8165dfe7849318,lexical_only,100,30.622699996456504,7.268300003488548,289.9944000018877,327.88540000183275,one shared preloaded model
syn-d3b9785b73055c98,lexical_only,100,33.34460000041872,3.591100001358427,272.32189999631373,309.2575999980909,one shared preloaded model
syn-eb6fed3bb3f62d98,lexical_only,100,33.38829999847803,7.034099995507859,267.63309999660123,308.0554999905871,one shared preloaded model
syn-413d807574a54fac,lexical_only,100,34.68620000057854,7.241100000101142,197.2678000020096,239.1951000026893,one shared preloaded model
syn-8be08b3c364210f6,lexical_only,100,26.487399998586625,3.5269999934826046,269.3851000003633,299.39949999243254,one shared preloaded model
syn-c73284e558f60ee0,lexical_only,100,30.3697999988799,7.166699993831571,147.7625999978045,185.29909999051597,one shared preloaded model
syn-af7cdb39cb252396,lexical_only,100,26.838000005227514,3.8724999976693653,289.15939999569673,319.8698999985936,one shared preloaded model
syn-6cb7e0329cf51091,lexical_only,100,33.55049999663606,7.315599999856204,498.0269000006956,538.8929999971879,one shared preloaded model
syn-7ff503cc87bf6b72,lexical_only,100,28.58130000095116,7.422599999699742,286.3913000037428,322.3952000043937,one shared preloaded model
syn-6409e2246567d47d,lexical_only,100,34.99849999934668,7.086599995091092,266.2726000053226,308.35769999976037,one shared preloaded model
syn-56a9578b1ca629d6,lexical_only,100,35.081299996818416,7.152199999836739,317.3242000048049,359.55770000146003,one shared preloaded model
syn-96125f8027ab183e,lexical_only,100,35.14970000105677,7.192400000349153,313.8911999994889,356.2333000008948,one shared preloaded model
syn-d108a25e35d2aec2,lexical_only,100,35.00599999824772,7.2059999947668985,294.3255999998655,336.53759999288013,one shared preloaded model
syn-e505f665edac12f5,lexical_only,100,32.00240000296617,7.088199999998324,198.2724999979837,237.36310000094818,one shared preloaded model
syn-227123dfbfb3b60b,lexical_only,100,31.36550000635907,7.205699999758508,276.4221999968868,314.99340000300435,one shared preloaded model
syn-a3509d974e84be76,lexical_only,100,35.749000002397224,8.351599994057324,150.61400000558933,194.71460000204388,one shared preloaded model
syn-4db0fdc492341150,lexical_only,100,30.573600000934675,3.9470999981858768,303.2441999966977,337.76489999581827,one shared preloaded model
syn-ad343e5861a42f48,lexical_only,100,29.765300001599826,3.5824000005959533,427.6614999980666,461.00920000026235,one shared preloaded model
syn-98938f2a750732e3,lexical_only,100,35.90709999843966,7.1625999989919364,274.51169999403646,317.58139999146806,one shared preloaded model
syn-588e0cf52a62ad07,lexical_only,100,33.525200000440236,7.159200002206489,277.54689999710536,318.2312999997521,one shared preloaded model
syn-3a2b16f76aac64a3,lexical_only,100,34.123199999157805,7.146600000851322,238.87180000019725,280.1416000002064,one shared preloaded model
syn-771747a46595b170,lexical_only,100,33.13970000453992,7.078900001943111,268.3266999956686,308.54530000215163,one shared preloaded model
syn-b862e71029dd1141,lexical_only,100,27.985000000626314,3.2737000001361594,287.773100004415,319.0318000051775,one shared preloaded model
syn-ab82b68526b31cc1,lexical_only,100,32.82460000627907,7.173300000431482,209.78170000307728,249.77960000978783,one shared preloaded model
syn-0972954b0101952a,lexical_only,100,33.06989999691723,7.171899997047149,318.8238000002457,359.06559999421006,one shared preloaded model
syn-8e233e6259a3ff93,lexical_only,100,33.856500005640555,7.216300000436604,139.35899999341927,180.43179999949643,one shared preloaded model
syn-d72c9b6d1c8b544c,lexical_only,100,29.12089999881573,3.933400003006682,268.63030000095023,301.68460000277264,one shared preloaded model
syn-2473152ac1131384,lexical_only,100,33.433500000683125,7.279600002220832,494.1065999955754,534.8196999984793,one shared preloaded model
syn-99c8100852c041ab,lexical_only,100,35.023699994781055,7.104800002707634,320.57309999800054,362.70159999548923,one shared preloaded model
syn-c072bb6c30501eb5,lexical_only,100,34.72019999753684,4.0576000028522685,274.5225000035134,313.3003000039025,one shared preloaded model
syn-6ceaf5097ce9c759,lexical_only,100,27.05279999645427,4.118900003959425,289.8397000026307,321.0114000030444,one shared preloaded model
syn-b22dac7d46c56ef7,lexical_only,100,33.57520000281511,7.203799999842886,290.39449999982025,331.17350000247825,one shared preloaded model
syn-a820901274815962,lexical_only,100,28.596999996807426,3.6256000021239743,309.17300000146497,341.39560000039637,one shared preloaded model
syn-4d0c462a9611104c,lexical_only,100,30.815099999017548,4.331800002546515,235.20300000382122,270.3499000053853,one shared preloaded model
syn-966462fdc64001cb,lexical_only,100,34.023500003968365,7.329899999604095,296.7806999949971,338.1340999985696,one shared preloaded model
syn-aab7f6253fc3371c,lexical_only,100,28.54990000196267,3.464200002781581,130.38349999987986,162.3976000046241,one shared preloaded model
syn-6cd597ee81f40259,lexical_only,100,29.87099999882048,7.066300000587944,292.7254999958677,329.66279999527615,one shared preloaded model
syn-ac63a94c62bb28b0,lexical_only,100,35.65309999976307,7.133400002203416,483.44229999929667,526.2288000012632,one shared preloaded model
syn-caaf77c3bc556729,lexical_only,100,35.730000003241,8.34220000251662,277.49390000099083,321.56610000674846,one shared preloaded model
syn-be57cd78365e7d1a,lexical_only,100,33.95670000463724,7.115000000339933,286.7552000025171,327.82690000749426,one shared preloaded model
syn-f8666490bec6d369,lexical_only,100,30.762599999434315,7.241799998155329,287.10799999680603,325.1123999943957,one shared preloaded model
syn-60ede6f62c127051,lexical_only,100,34.47079999750713,7.397199995466508,297.9817999948864,339.84979998786,one shared preloaded model
syn-3ca2daab899324eb,lexical_only,100,34.90890000102809,7.2975000002770685,275.6821000002674,317.88850000157254,one shared preloaded model
syn-751ad704e49319a5,lexical_only,100,33.7567999958992,7.030000000668224,208.05420000397135,248.84100000053877,one shared preloaded model
syn-1def9112232df49c,lexical_only,100,31.21100000134902,3.5547000006772578,265.76030000433093,300.5260000063572,one shared preloaded model
syn-6d9bfb9f846bec63,lexical_only,100,31.297699999413453,3.526099993905518,226.18379999767058,261.00759999098955,one shared preloaded model
syn-6743c3c7d98bfc0e,lexical_only,100,33.774999996239785,7.799999999406282,298.37940000288654,339.9543999985326,one shared preloaded model
syn-01d7e9b6955f7473,lexical_only,100,33.76209999987623,7.1993999954429455,444.8190000039176,485.7804999992368,one shared preloaded model
syn-2e85e9170d30ba71,lexical_only,100,34.21309999976074,7.2000000000116415,304.6323000016855,346.0454000014579,one shared preloaded model
syn-37671ca7cf5c1eb5,lexical_only,100,29.58859999489505,3.505699998640921,306.7181000005803,339.8123999941163,one shared preloaded model
syn-f4e3f903987f6c89,lexical_only,100,34.51399999903515,7.090000006428454,294.1465999974753,335.7506000029389,one shared preloaded model
syn-0baea2d67907d7b5,lexical_only,100,32.267499998852145,7.177799998316914,252.4115999985952,291.85689999576425,one shared preloaded model
syn-64b6c1ab320dbe67,lexical_only,100,28.888000000733882,4.9922000034712255,314.73389999882784,348.61410000303295,one shared preloaded model
syn-ebbfd3d64aa3659e,lexical_only,100,26.158399996347725,4.2937000034726225,216.94819999538595,247.4002999952063,one shared preloaded model
syn-9ba4c01860d01716,lexical_only,100,29.131700001016725,7.56099999853177,309.6187999981339,346.3114999976824,one shared preloaded model
syn-30ea2cdf2f968903,lexical_only,100,29.134399999747984,3.6276000028010458,139.0802000023541,171.84220000490313,one shared preloaded model
syn-8c64fa1f197773be,lexical_only,100,31.575900000461843,7.747399999061599,289.1849999941769,328.50829999370035,one shared preloaded model
syn-73c6ca9be338f033,lexical_only,100,33.104100002674386,7.271599999512546,480.7666999986395,521.1424000008265,one shared preloaded model
syn-6ecbb1c08f82c937,lexical_only,100,27.48280000378145,3.4082999991369434,283.92880000319565,314.81990000611404,one shared preloaded model
syn-8353478fbb4bce27,lexical_only,500,129.4077999991714,7.096699999237899,284.64200000598794,421.14650000439724,one shared preloaded model
syn-8067a297457aadf1,lexical_only,500,117.78459999914048,7.213500000943895,270.65460000449093,395.6527000045753,one shared preloaded model
syn-9e8353cffd162bec,lexical_only,500,140.53109999804292,7.431999998516403,285.9838000003947,433.946899996954,one shared preloaded model
syn-1e2c00e04982df2b,lexical_only,500,108.07460000069113,3.572499997972045,288.99669999373145,400.64379999239463,one shared preloaded model
syn-e2a2467ecd547dda,lexical_only,500,130.05369999882532,7.524100001319312,230.1517000014428,367.72950000158744,one shared preloaded model
syn-bc62c7abfaca5c09,lexical_only,500,129.0895999991335,7.202100001450162,343.7989000012749,480.09060000185855,one shared preloaded model
syn-12612434405c931a,lexical_only,500,131.74620000063442,7.178200001362711,153.67970000079367,292.6041000027908,one shared preloaded model
syn-5a8a3408720382be,lexical_only,500,124.68229999649338,3.99180000385968,311.9575000018813,440.63160000223434,one shared preloaded model
syn-59ea7db674f489a6,lexical_only,500,134.5980000041891,7.560900005046278,466.914500000712,609.0734000099474,one shared preloaded model
syn-51d379101a7163b5,lexical_only,500,123.26920000487007,3.518400000757538,270.92390000325395,397.71150000888156,one shared preloaded model
syn-663a7412abfb842b,lexical_only,500,129.97470000118483,7.175999999162741,271.2058999968576,408.3565999972052,one shared preloaded model
syn-0bd707dc615b2bc5,lexical_only,500,126.59189999976661,7.630799998878501,300.7261999955517,434.94889999419684,one shared preloaded model
syn-0ca214b154606a6d,lexical_only,500,130.50159999693278,3.6697999967145734,283.4960999971372,417.66749999078456,one shared preloaded model
syn-1ad21a31a11954b1,lexical_only,500,130.21029999799794,6.266999997023959,278.91319999616826,415.39049999119015,one shared preloaded model
syn-405db96ad499aad6,lexical_only,500,133.9194000029238,7.920500000182074,220.65340000699507,362.49330001010094,one shared preloaded model
syn-c73a7d7f2efdabea,lexical_only,500,231.84109999419888,4.008099997008685,285.51949999382487,521.3686999850324,one shared preloaded model
syn-d4551df4fe2ef435,lexical_only,500,123.44670000311453,7.400899994536303,240.77160000160802,371.61919999925885,one shared preloaded model
syn-f81cc5743ea53e86,lexical_only,500,127.21820000297157,7.721500005573034,332.23599999473663,467.17570000328124,one shared preloaded model
syn-4f19931c9987dbda,lexical_only,500,123.28669999988051,3.4147000042139553,448.49519999843324,575.1966000025277,one shared preloaded model
syn-92c86a223d786491,lexical_only,500,133.63670000398997,7.162199995946139,294.4791999980225,435.27809999795863,one shared preloaded model
syn-2bb893798ac2dfa5,lexical_only,500,112.69110000284854,3.5238999989815056,274.978800000099,391.19380000192905,one shared preloaded model
syn-aa1bcd4e3305659c,lexical_only,500,129.31649999518413,7.20020000153454,305.51959999866085,442.0362999953795,one shared preloaded model
syn-0954cc37fabc8be3,lexical_only,500,130.31900000351015,7.245599997986574,295.9088000061456,433.47340000764234,one shared preloaded model
syn-6bb06c622660e647,lexical_only,500,129.00590000208467,7.335399997828063,290.0140999990981,426.35539999901084,one shared preloaded model
syn-0b1a59bdb0ab570e,lexical_only,500,128.74249999731546,4.630299998098053,238.30540000199107,371.6781999974046,one shared preloaded model
syn-23a203eef7bafa9b,lexical_only,500,130.52849999803584,7.240799997816794,336.3023999991128,474.07169999496546,one shared preloaded model
syn-3b06b4335ee79d9c,lexical_only,500,130.7262999980594,3.695999999763444,154.1538999954355,288.57619999325834,one shared preloaded model
syn-ec94bad4956c840e,lexical_only,500,122.98249999730615,7.604899998113979,302.68030000297586,433.267699998396,one shared preloaded model
syn-bc1c23717d0dfea3,lexical_only,500,117.27979999704985,3.5022000010940246,459.8050999993575,580.5870999975014,one shared preloaded model
syn-67712a9f8996e2e8,lexical_only,500,130.02189999679103,7.219600003736559,290.36469999846304,427.60619999899063,one shared preloaded model
syn-595c1a876191c126,lexical_only,500,131.8676000009873,3.4835999977076426,285.81920000578975,421.1704000044847,one shared preloaded model
syn-6467888e031efe81,lexical_only,500,130.68249999923864,7.182599998486694,305.54019999544835,443.4052999931737,one shared preloaded model
syn-bbf31960b39c5ee4,lexical_only,500,126.82280000444734,7.193700002972037,294.4710000010673,428.4875000084867,one shared preloaded model
syn-0a76bff023524251,lexical_only,500,133.60209999518702,7.105000004230533,297.92599999927916,438.6330999986967,one shared preloaded model
syn-ba162ae568464f78,lexical_only,500,129.0131999994628,7.66509999812115,230.86660000262782,367.5449000002118,one shared preloaded model
syn-b042f0c9791d9008,lexical_only,500,120.18919999536593,3.6408999949344434,303.2409000006737,427.0709999909741,one shared preloaded model
syn-ea3960770a2ca4a7,lexical_only,500,131.85230000090087,7.621099997777492,404.8216000010143,544.2949999996927,one shared preloaded model
syn-38219515a508a5d7,lexical_only,500,117.17520000092918,3.7843999962206,469.97600000031525,590.935599997465,one shared preloaded model
syn-d4c28ece94fb3953,lexical_only,500,112.68869999912567,3.9516000033472665,468.5572000016691,585.1975000041421,one shared preloaded model
syn-f60a4dd25af4bf20,lexical_only,500,129.96349999593804,7.513500000641216,217.53180000087013,355.0087999974494,one shared preloaded model
syn-f82cf59916809524,lexical_only,500,130.88759999664035,7.3166000001947396,296.86109999602195,435.06529999285704,one shared preloaded model
syn-8e294cf8f86f5d12,lexical_only,500,127.02540000464069,7.038499999907799,298.13109999668086,432.19500000122935,one shared preloaded model
syn-040517cd90cc897c,lexical_only,500,130.55120000353782,7.505800000217278,333.18660000077216,471.24360000452725,one shared preloaded model
syn-411fce6ee866bbb8,lexical_only,500,122.12039999576518,3.3292000007349998,276.27059999940684,401.720199995907,one shared preloaded model
syn-268c1d0c81c87f4b,lexical_only,500,132.57699999667238,7.485000001906883,219.35349999694154,359.4154999955208,one shared preloaded model
syn-b306cf68395776dd,lexical_only,500,124.40639999840641,4.385199994430877,288.88139999617124,417.67299998900853,one shared preloaded model
syn-689442af0e6a410d,lexical_only,500,137.19119999586837,7.483400004275609,143.8131000031717,288.4877000033157,one shared preloaded model
syn-313805301f447ead,lexical_only,500,116.4442000008421,4.015399994386826,317.87310000072466,438.3326999959536,one shared preloaded model
syn-38d674321a5aca1b,lexical_only,500,126.36580000253161,7.27059999917401,485.7594999994035,619.3959000011091,one shared preloaded model
syn-213d87e5e07c8519,lexical_only,500,129.7818000020925,7.278999997652136,311.70440000278177,448.7652000025264,one shared preloaded model
syn-05a9edcf64ee42de,lexical_only,500,130.41749999683816,7.142700000258628,292.7507999993395,430.3109999964363,one shared preloaded model
syn-0475ce3a7577d7da,lexical_only,500,130.70110000262503,7.119800000509713,299.359500000719,437.1804000038537,one shared preloaded model
syn-e08c5c69e450c217,lexical_only,500,112.89489999762736,3.6242000060155988,292.6322999992408,409.15140000288375,one shared preloaded model
syn-436852fe9abb7dc5,lexical_only,500,108.22660000121687,4.170000000158325,286.37069999967935,398.76730000105454,one shared preloaded model
syn-271d5a470da86f7f,lexical_only,500,132.29750000027707,7.117900000594091,240.2280000023893,379.64340000326047,one shared preloaded model
syn-970a5b6630f65725,lexical_only,500,132.1416999999201,4.5952000000397675,307.78920000011567,444.52610000007553,one shared preloaded model
syn-8a75ed949ee596bd,lexical_only,500,131.97679999575485,7.225100001960527,116.31689999921946,255.51879999693483,one shared preloaded model
syn-56c64830d8d53ebc,lexical_only,500,117.407000005187,3.9913000000524335,284.06949999771314,405.4678000029526,one shared preloaded model
syn-811fbe3866bccdf8,lexical_only,500,123.27109999750974,4.199000002699904,447.0039000007091,574.4740000009187,one shared preloaded model
syn-d42090286816856c,lexical_only,500,130.85790000332054,7.2979999968083575,281.83759999956237,419.99349999969127,one shared preloaded model
syn-ffd8865e73eeab0e,lexical_only,500,129.175000001851,7.2791999991750345,285.8378000019002,422.2920000029262,one shared preloaded model
syn-784fd5d93b24c4f6,lexical_only,500,128.71509999968112,7.1953999940888025,279.42439999605995,415.33489998982986,one shared preloaded model
syn-ea8d41b6d999d548,lexical_only,500,123.17979999352247,7.177199993748218,313.68079999811016,444.03779998538084,one shared preloaded model
syn-d909cdb8cfcc9eb8,lexical_only,500,129.36179999815067,7.29759999376256,296.19219999585766,432.8515999877709,one shared preloaded model
syn-23c6931c183f4ac9,lexical_only,500,113.23210000409745,3.5204000014346093,236.24660000496078,352.99910001049284,one shared preloaded model
syn-d3743cb521c05762,lexical_only,500,114.52400000416674,3.5459000064292923,281.00909999920987,399.0790000098059,one shared preloaded model
syn-c6956e0b7b8bbe93,lexical_only,500,129.90349999745376,3.613000000768807,134.0312000029371,267.5477000011597,one shared preloaded model
syn-2c235f94902c2fbd,lexical_only,500,137.35089999681804,8.474000002024695,523.5844000053476,669.4093000041903,one shared preloaded model
syn-5c84268454890acb,lexical_only,500,132.2749000028125,7.177799998316914,475.61530000530183,615.0680000064312,one shared preloaded model
syn-4d04fd9eb9e444fa,lexical_only,500,130.98129999707453,7.141100002627354,305.0982000058866,443.2206000055885,one shared preloaded model
syn-6acbf48ac4868565,lexical_only,500,128.06350000028033,7.342400000197813,271.01840000250377,406.4243000029819,one shared preloaded model
syn-cb4f29b8d39beaf7,lexical_only,500,130.87269999959972,7.147899996198248,276.4450999966357,414.46569999243366,one shared preloaded model
syn-bdecfe39479ce931,lexical_only,500,127.01889999880223,7.208899995021056,290.447999999742,424.6757999935653,one shared preloaded model
syn-07d4c2689189fd19,lexical_only,500,134.69350000377744,7.170599994424265,277.36349999759113,419.22759999579284,one shared preloaded model
syn-b0094bd3bc25f838,lexical_only,500,129.48899999901187,7.190399999672081,182.92910000309348,319.60850000177743,one shared preloaded model
syn-c576d54a7fdd7ade,lexical_only,500,130.7602000015322,7.397100001981016,316.69910000346135,454.8564000069746,one shared preloaded model
syn-ca1da64f4b7250ab,lexical_only,500,130.03290000051493,7.133599996450357,148.03489999758312,285.2013999945484,one shared preloaded model
syn-400d16042183536f,lexical_only,500,131.73209999513347,7.926700003736187,245.68490000092424,385.3436999997939,one shared preloaded model
syn-2fe6bde59301602d,lexical_only,500,129.4447999971453,7.694100000662729,471.78819999680854,608.9270999946166,one shared preloaded model
syn-e4e5255b50b15865,lexical_only,500,129.64669999928446,7.329699998081196,242.6664999948116,379.64289999217726,one shared preloaded model
syn-8e029986a2e4be7e,lexical_only,500,132.67389999964507,7.295499999599997,290.8188000001246,430.7881999993697,one shared preloaded model
syn-d460ec92ff2d1e65,lexical_only,500,122.45689999690512,4.276899999240413,327.79260000097565,454.5263999971212,one shared preloaded model
syn-c7b7f75556d5e436,lexical_only,500,134.2635999972117,7.303200000023935,323.55709999683313,465.1238999940688,one shared preloaded model
syn-729b066ef4e121a1,lexical_only,500,134.64319999911822,7.590500004880596,283.9200000016717,426.15370000567054,one shared preloaded model
syn-383ddb0c41c5feef,lexical_only,500,133.47919999796432,3.820600002654828,228.05890000017826,365.3587000007974,one shared preloaded model
syn-50d0f73de6cd03fd,lexical_only,500,113.27110000274843,4.316499995184131,271.7225000014878,389.31009999942034,one shared preloaded model
syn-49216263546f83c9,lexical_only,500,118.58429999847431,7.298699994862545,132.44769999437267,258.3306999877095,one shared preloaded model
syn-3d8ea15d71265a5d,lexical_only,500,137.75199999508914,8.355700003448874,311.2403999984963,457.3480999970343,one shared preloaded model
syn-e71f9cfdd7e12520,lexical_only,500,126.48530000296887,7.386900004348718,512.894999999844,646.7672000071616,one shared preloaded model
syn-db387682b1226cfa,lexical_only,500,115.05320000287611,3.5395000013522804,305.26609999651555,423.85880000074394,one shared preloaded model
syn-57cbb0340d075fa2,lexical_only,500,125.23349999537459,6.991099995502736,267.5789999993867,399.80359999026405,one shared preloaded model
syn-9df98212cdc08358,lexical_only,500,134.43549999647075,7.304700004169717,309.04739999823505,450.7875999988755,one shared preloaded model
syn-a1d1ea15e7221800,lexical_only,500,120.68900000303984,3.5424000016064383,304.5942999960971,428.8257000007434,one shared preloaded model
syn-2f4dce5ad69b3fa1,lexical_only,500,119.41140000271844,3.4718999959295616,281.1524999997346,404.0357999983826,one shared preloaded model
syn-7094b0e8de069d3a,lexical_only,500,128.68729999900097,7.322600002225954,227.95650000625756,363.9664000074845,one shared preloaded model
syn-97802e05ca9a2d1c,lexical_only,500,130.9317999985069,7.489499999792315,294.38699999445817,432.8082999927574,one shared preloaded model
syn-d604fecf4b0498cd,lexical_only,500,110.7657000029576,3.732299999683164,133.35019999794895,247.8482000005897,one shared preloaded model
syn-64c1006806b1711d,lexical_only,500,131.61050000053365,7.801300002029166,269.5822000023327,408.9940000048955,one shared preloaded model
syn-4a8e3cff5312d6b5,lexical_only,500,125.30289999995148,4.007800002000295,436.3895000060438,565.7002000079956,one shared preloaded model
syn-f940283a7af1f768,lexical_only,500,133.05299999774434,7.083000004058704,297.524000001431,437.660000003234,one shared preloaded model
syn-00d8e9ad93855ab3,lexical_only,500,120.90039999748114,3.5318000009283423,300.4419999997481,424.87419999815756,one shared preloaded model
syn-b66b18aeb0ff8c75,lexical_only,500,115.11370000516763,3.540500001690816,299.25160000129836,417.9058000081568,one shared preloaded model
syn-689eaa13f442395a,lexical_only,500,125.3087000004598,7.130999998480547,279.17149999848334,411.6111999974237,one shared preloaded model
syn-47679c7bc2515e7e,lexical_only,500,121.35760000091977,6.164799997350201,303.2955000016955,430.81789999996545,one shared preloaded model
syn-8defe53d696d1e04,lexical_only,500,129.86449999880278,7.329500003834255,206.13369999773568,343.3277000003727,one shared preloaded model
syn-958fef865bbe0110,lexical_only,500,136.50639999832492,7.223400003567804,281.84490000421647,425.5747000061092,one shared preloaded model
syn-4b17cac63cc0fd2e,lexical_only,500,125.60620000294875,3.9393999977619387,225.10909999982687,354.65470000053756,one shared preloaded model
syn-c81b135ce954f21d,lexical_only,500,127.17470000643516,7.936800000607036,274.61399999447167,409.72550000151386,one shared preloaded model
syn-a4421f1dbd3fdf53,lexical_only,500,132.31020000239369,7.10090000211494,465.9536000035587,605.3647000080673,one shared preloaded model
syn-007bd7d84108708c,lexical_only,500,131.53919999604113,7.236099998408463,287.79860000213375,426.57389999658335,one shared preloaded model
syn-33695a5bdb03a768,lexical_only,500,121.0720000017318,3.581500001018867,529.6569999991334,654.3105000018841,one shared preloaded model
syn-338c6b26a5bc1a7c,lexical_only,500,128.95810000190977,7.294199996977113,303.64329999429174,439.8955999931786,one shared preloaded model
syn-e228218af7df0e27,lexical_only,500,118.62649999966379,3.908999999111984,286.7547999994713,409.29029999824706,one shared preloaded model
syn-fcc74b53a32d5340,lexical_only,500,114.37129999831086,3.5182999999960884,230.128600000171,348.01819999847794,one shared preloaded model
syn-6f04fd80b4ec7429,lexical_only,500,113.65459999797167,3.7437999999383464,217.78810000250814,335.18650000041816,one shared preloaded model
syn-5a2a82ec7118aced,lexical_only,500,132.6060999999754,7.24130000162404,292.3007999997935,432.148200001393,one shared preloaded model
syn-929180aaf784df2d,lexical_only,500,132.65810000302736,7.122000002709683,141.65689999936149,281.4370000050985,one shared preloaded model
syn-cb551660c3041446,lexical_only,500,119.61159999918891,4.1154000064125285,284.22280000086175,407.9498000064632,one shared preloaded model
syn-791a724e1d728c02,lexical_only,500,132.78019999415847,7.210200004919898,457.5745999973151,597.5649999963935,one shared preloaded model
syn-bbb931a8ac8328af,lexical_only,500,117.48470000020461,3.498900005070027,311.4945000052103,432.4781000104849,one shared preloaded model
syn-ebdd58edff7c66b4,lexical_only,500,128.00250000145752,7.414000006974675,302.70200000086334,438.11850000929553,one shared preloaded model
syn-dafad97333e5b987,lexical_only,500,128.17730000097072,7.47389999742154,299.0136000007624,434.66479999915464,one shared preloaded model
syn-0b201ce7670c1977,lexical_only,500,131.25299999956042,7.196799997473136,261.89460000023246,400.344399997266,one shared preloaded model
syn-54b9cd4289abb716,lexical_only,500,127.25749999663094,7.267599998158403,309.3455000052927,443.87060000008205,one shared preloaded model
syn-8bf1c6019e2fc30d,lexical_only,500,131.30999999702908,7.07459999830462,244.1222000052221,382.5068000005558,one shared preloaded model
syn-f6299fe4338ea2f7,lexical_only,500,131.15460000699386,7.098900001437869,302.551399996446,440.8049000048777,one shared preloaded model
syn-38e61cc36ea3e36e,lexical_only,500,130.68229999771575,7.390699996904004,139.74639999651117,277.8193999911309,one shared preloaded model
syn-197dc5be6d7f183f,lexical_only,500,110.40260000299895,3.89290000020992,314.1600000017206,428.4555000049295,one shared preloaded model
syn-3ce9a38483b121d8,lexical_only,500,132.16429999738466,7.154999999329448,480.8794000055059,620.19870000222,one shared preloaded model
syn-47583ae995fed3de,lexical_only,500,125.4689999987022,7.147500000428408,273.2990000004065,405.91549999953713,one shared preloaded model
syn-84f146205390e1cd,lexical_only,500,118.35099999734666,4.326599999330938,302.71120000543306,425.38880000211066,one shared preloaded model
syn-028e71b6f78ee786,lexical_only,500,127.49790000088979,7.1706000017002225,279.9938999960432,414.6623999986332,one shared preloaded model
syn-4bc94b80a83ab669,lexical_only,500,129.11129999702098,7.170000004407484,273.90010000090115,410.1814000023296,one shared preloaded model
syn-18c20066c2cb823b,lexical_only,500,132.39649999741232,7.302699996216688,283.23700000328245,422.93619999691145,one shared preloaded model
syn-9897592c844df47a,lexical_only,500,131.1506999991252,7.201500004157424,225.09770000033313,363.44990000361577,one shared preloaded model
syn-f1a339235669aeb9,lexical_only,500,133.9494999992894,7.240299994009547,311.91459999536164,453.1043999886606,one shared preloaded model
syn-cfdf94c12c6fc750,lexical_only,500,123.75249999604421,3.598999996029306,153.96019999752752,281.31169998960104,one shared preloaded model
syn-d74d75f2f11faece,lexical_only,500,135.84919999993872,8.183400001144037,286.5520999985165,430.58469999959925,one shared preloaded model
syn-783c82d75d29289f,lexical_only,500,125.89769999613054,7.201300002634525,482.832600006077,615.931600004842,one shared preloaded model
syn-59238d3be02262dc,lexical_only,500,117.64579999726266,3.3957000050577335,281.548599996313,402.5900999986334,one shared preloaded model
syn-5a59b3e48be3ebf3,lexical_only,500,132.17989999975543,7.291199995961506,262.39479999640025,401.8658999921172,one shared preloaded model
syn-ff213c8fcd806780,lexical_only,500,129.97159999940777,3.5286999991512857,298.9060000036261,432.40630000218516,one shared preloaded model
syn-b53133f7f8a9ffec,lexical_only,500,127.77210000058403,7.317399999010377,264.0878000020166,399.177300001611,one shared preloaded model
syn-e35eabac503525f5,lexical_only,500,129.7688000049675,7.2685999984969385,282.5488000016776,419.586200005142,one shared preloaded model
syn-f06e91bb302cec90,lexical_only,500,130.91369999892777,5.101900002046023,222.4149999965448,358.4305999975186,one shared preloaded model
syn-8e0605a240c5d9de,lexical_only,500,127.57319999946048,3.659099995275028,291.30020000593504,422.53250000067055,one shared preloaded model
syn-e187101b9c61e6e0,lexical_only,500,119.2555999950855,4.817400003958028,135.4639999990468,259.5369999980903,one shared preloaded model
syn-0adbc4dcb9081517,lexical_only,500,133.13790000393055,7.777400001941714,292.7452000003541,433.66050000622636,one shared preloaded model
syn-950a8c7f7b083c05,lexical_only,500,131.00890000350773,7.045099999231752,484.73489999742014,622.7889000001596,one shared preloaded model
syn-c33b261bc5974ad6,lexical_only,500,113.35910000343574,4.0279000022565015,325.315000001865,442.7020000075572,one shared preloaded model
syn-5ae41b4c78656072,lexical_only,500,127.00120000226889,7.255700002133381,292.32760000013513,426.5845000045374,one shared preloaded model
syn-5e6cea10982a3491,lexical_only,500,123.73210000077961,3.5250000000814907,298.1636999975308,425.4207999983919,one shared preloaded model
syn-393c8d17ecc49c08,lexical_only,500,114.19809999642894,3.5187999965273775,254.22129999788012,371.93819999083644,one shared preloaded model
syn-ea7a1a0f2c892d07,lexical_only,500,133.15729999885662,6.487799997557886,291.83370000100695,431.47879999742145,one shared preloaded model
syn-0e782853a7ea3314,lexical_only,500,118.05199999798788,3.905200006556697,241.29549999634037,363.25270000088494,one shared preloaded model
syn-960381de09bea452,lexical_only,500,130.1607999994303,3.748899995116517,311.8730000060168,445.78270000056364,one shared preloaded model
syn-6e1920560ba226cf,lexical_only,500,117.08139999973355,4.166400001849979,221.8148999963887,343.06269999797223,one shared preloaded model
syn-51d5124dceba73dc,lexical_only,500,131.22000000294065,7.802499996614642,295.08910000004107,434.11159999959636,one shared preloaded model
syn-3eb2443275ddd447,lexical_only,500,127.82650000008289,7.354300003498793,455.3206999989925,590.5015000025742,one shared preloaded model
syn-8614bcc399988fce,lexical_only,500,118.3002999969176,4.066900000907481,260.7066999989911,383.0738999968162,one shared preloaded model
syn-3cdf107cfd43e0fd,lexical_only,500,129.23930000397377,3.661100003228057,230.74060000362806,363.6410000108299,one shared preloaded model
syn-288492c196f1e57d,lexical_only,500,130.34909999987576,7.260500002303161,301.5319000041927,439.14150000637164,one shared preloaded model
syn-6aeddd7478f8dad1,lexical_only,500,129.95629999932135,7.329600004595704,259.95200000033947,397.2379000042565,one shared preloaded model
syn-f7ce21c285c45a2e,lexical_only,500,122.62009999540169,7.237999998324085,251.3840000028722,381.242099996598,one shared preloaded model
syn-e3f6ba4e5a28c2de,lexical_only,500,116.85330000182148,3.6429000028874725,240.3489999996964,360.84520000440534,one shared preloaded model
syn-b660cc0eacfc23b6,lexical_only,500,131.20440000056988,7.344099998590536,315.3923999998369,453.94089999899734,one shared preloaded model
syn-b50f9f7062eca05f,lexical_only,500,127.78180000168504,6.198800001584459,136.88279999769293,270.86340000096243,one shared preloaded model
syn-0fc1f31ae9a93aa7,lexical_only,500,127.10190000507282,7.647800004633609,298.01169999700505,432.7614000067115,one shared preloaded model
syn-d2aeb79af2c427b5,lexical_only,500,120.53300000115996,4.061999999976251,481.1780000018189,605.7730000029551,one shared preloaded model
syn-62826ec1b9b4a016,lexical_only,500,117.26869999984046,3.489800001261756,269.77520000218647,390.5337000032887,one shared preloaded model
syn-d29f5aeb7170134e,lexical_only,500,126.57810000382597,7.342299999436364,279.7260000006645,413.64640000392683,one shared preloaded model
syn-a38b4624e16666f7,lexical_only,500,121.60719999519642,4.17330000345828,317.91099999827566,443.69149999693036,one shared preloaded model
syn-75b1ed43bc65fd9e,lexical_only,500,132.3975999985123,7.351299995207228,278.5793000002741,418.3281999939936,one shared preloaded model
syn-8494bae6d11ac2e7,lexical_only,500,132.90599999891128,7.264500003657304,301.93470000085654,442.1052000034251,one shared preloaded model
syn-7ee1f42a5629174b,lexical_only,500,125.867400005518,7.244699998409487,234.34580000321148,367.45790000713896,one shared preloaded model
syn-3fe4991bf0c2ad44,lexical_only,500,123.86920000426471,3.61700000212295,320.4007000022102,447.8869000085979,one shared preloaded model
syn-1e2ecfd6d2f82460,lexical_only,500,131.4152000049944,7.262099999934435,124.37109999882523,263.04840000375407,one shared preloaded model
syn-64cd3953dfea1b8a,lexical_only,500,133.50050000008196,7.775700003548991,307.1254000024055,448.40160000603646,one shared preloaded model
syn-8baac05c82412799,lexical_only,500,122.58400000428082,6.363300002703909,447.4112000025343,576.358500009519,one shared preloaded model
syn-6d1ad2459478a841,lexical_only,500,116.31150000175694,4.334500001277775,314.33600000309525,434.98200000612997,one shared preloaded model
syn-67f82b8b4f21c426,lexical_only,500,113.4509999974398,3.5030999933951534,295.9656000020914,412.9196999929263,one shared preloaded model
syn-28a468ec5ccd074e,lexical_only,500,115.19679999764776,4.044399996928405,310.5308000012883,429.77199999586446,one shared preloaded model
syn-22ae75de761a6523,lexical_only,500,130.61419999576174,7.193999997980427,303.2646999999997,441.0728999937419,one shared preloaded model
syn-438d58bc4faa40a6,lexical_only,500,131.0511999981827,7.5093000050401315,301.7009999966831,440.26149999990594,one shared preloaded model
syn-00b33be7e49faf14,lexical_only,500,130.38260000030277,7.433900005707983,226.624199996877,364.44070000288775,one shared preloaded model
syn-0de255f30bd2a43b,lexical_only,500,128.6510000063572,7.127699995180592,284.96959999756655,420.74829999910435,one shared preloaded model
syn-5b8adc69152415ba,lexical_only,500,108.34800000156974,3.474899996945169,235.57609999988927,347.3989999984042,one shared preloaded model
syn-7294b757a8e851e2,lexical_only,500,124.16479999956209,7.776700003887527,283.5641999990912,415.50570000254083,one shared preloaded model
syn-044b82cb725cda4f,lexical_only,500,133.57099999848288,7.0287999988067895,484.58779999782564,625.1875999951153,one shared preloaded model
syn-318d78f2ab7b3615,lexical_only,500,124.03249999624677,3.4560999993118457,287.9157999996096,415.4043999951682,one shared preloaded model
syn-6abf77247fcceec9,lexical_only,500,130.64590000431053,7.031499997538049,290.12130000046454,427.7987000023131,one shared preloaded model
syn-d820c6a8ffaad975,lexical_only,500,130.96719999884954,7.19540000136476,283.4166000029654,421.5792000031797,one shared preloaded model
syn-35e6eeacf4a5b0e7,lexical_only,500,133.91869999759365,7.291400004760362,320.54880000214325,461.75890000449726,one shared preloaded model
syn-5f13f7d39a6f9dd2,lexical_only,500,111.14049999741837,4.012900004454423,301.0199999989709,416.1734000008437,one shared preloaded model
syn-d79f56bbac52b78f,lexical_only,500,126.84080000326503,7.998300003237091,219.2748000015854,354.1139000080875,one shared preloaded model
syn-d94f9f88e7330cf3,lexical_only,500,134.74890000361484,5.014099995605648,303.89419999846723,443.6571999976877,one shared preloaded model
syn-9af8470ca231317c,lexical_only,500,131.83150000259047,3.541500002029352,237.45600000256673,372.82900000718655,one shared preloaded model
syn-016a620ea89d026c,lexical_only,500,128.83029999647988,7.888500003900845,308.7247000003117,445.44350000069244,one shared preloaded model
syn-0ab4f7c4f93101df,lexical_only,500,126.0342000023229,3.7023000040790066,223.89169999951264,353.62820000591455,one shared preloaded model
syn-673ad9a7a3815527,lexical_only,500,129.7919999997248,7.31130000349367,302.87809999572346,439.9813999989419,one shared preloaded model
syn-9637d112539c2596,lexical_only,500,116.98659999819938,3.6041999992448837,279.4341000044369,400.0249000018812,one shared preloaded model
syn-9efd28a908d96377,lexical_only,500,126.77660000190372,7.4030000032507814,290.65560000162804,424.83520000678254,one shared preloaded model
syn-b5fd479043a1f5f0,lexical_only,500,125.0170999992406,7.261300001118798,270.46109999355394,402.73949999391334,one shared preloaded model
syn-b31097c5f8432523,lexical_only,500,131.57469999714522,7.222299995191861,278.86189999844646,417.65889999078354,one shared preloaded model
syn-e3988356cb634b76,lexical_only,500,133.63930000195978,7.861500002036337,242.57740000030026,384.0782000042964,one shared preloaded model
syn-b93d2fbde0d87e43,lexical_only,500,130.81799999781651,7.08469999517547,304.4573000006494,442.3599999936414,one shared preloaded model
syn-e6bb0f45ecff59ec,lexical_only,500,132.83729999966454,7.562099999631755,155.76549999968847,296.16489999898477,one shared preloaded model
syn-5de10839a991bd18,lexical_only,500,115.69549999694573,4.705400002421811,276.95569999923464,397.3565999986022,one shared preloaded model
syn-1d26b78349295a8c,lexical_only,500,134.09839999803808,7.87319999653846,513.9645000017481,655.9360999963246,one shared preloaded model
syn-13a80fedd9f32081,lexical_only,500,125.13139999646228,3.4797000043909065,294.35889999876963,422.9699999996228,one shared preloaded model
syn-fc5e97f03a0bdaea,lexical_only,500,129.540599999018,3.780699997150805,280.8722999980091,414.19359999417793,one shared preloaded model
syn-05d8cf96104d2a05,lexical_only,500,130.08880000415957,7.123600000340957,306.2819999977364,443.49440000223694,one shared preloaded model
syn-10f60f169ff33d8a,lexical_only,500,132.2033000033116,7.077900001604576,323.570300002757,462.85150000767317,one shared preloaded model
syn-92e00dc4ce0b433f,lexical_only,500,113.98510000435635,4.206600002362393,324.97699999657925,443.168700003298,one shared preloaded model
syn-8b04cba97d6011be,lexical_only,500,132.2770999977365,7.187600000179373,229.50329999730457,368.96799999522045,one shared preloaded model
syn-d5d82482f42433eb,lexical_only,500,127.5212000036845,7.230099996377248,327.02449999487726,461.775799994939,one shared preloaded model
syn-c11b77eb7b11634e,lexical_only,500,127.77210000058403,7.238300000608433,141.86989999871003,276.8802999999025,one shared preloaded model
syn-45838d23bff0c54b,lexical_only,500,131.70839999656891,7.841399994504172,269.044099994062,408.59389998513507,one shared preloaded model
syn-59a6301268ac351a,lexical_only,500,129.89889999880688,7.221799998660572,502.3512999978266,639.471999995294,one shared preloaded model
syn-51f7894767e333b4,lexical_only,500,114.23420000210172,4.506199999013916,317.41210000473075,436.1525000058464,one shared preloaded model
syn-b2383b732780e64c,lexical_only,500,126.5170999977272,7.176800005254336,292.10259999672417,425.7964999997057,one shared preloaded model
syn-8b0cbb2202ca8bee,lexical_only,500,133.60219999594847,7.382800002233125,309.11249999917345,450.09749999735504,one shared preloaded model
syn-3c99834715dc06fe,lexical_only,500,123.9549999954761,4.460700001800433,314.3017000038526,442.71740000112914,one shared preloaded model
syn-bbb693659e15d4a8,lexical_only,500,135.2266000030795,4.329000003053807,295.1293000005535,434.6849000066868,one shared preloaded model
syn-ae370afd87dce67b,lexical_only,500,104.36489999847254,3.500399994663894,241.45589999534423,349.32119998848066,one shared preloaded model
syn-d9bb103e78d1ea00,lexical_only,1000,226.67160000128206,3.791700000874698,283.7811999997939,514.2445000019507,one shared preloaded model
syn-6ce2e118d31157fe,lexical_only,1000,230.15049999958137,4.499400005443022,300.60819999926025,535.2581000042846,one shared preloaded model
syn-042dd477cdf0308a,lexical_only,1000,242.58660000486998,7.606300001498312,267.2750999990967,517.468000005465,one shared preloaded model
syn-281283cfabfbdcea,lexical_only,1000,244.74349999945844,7.508599999709986,289.30099999706727,541.5530999962357,one shared preloaded model
syn-8efa4ab49e1a80d2,lexical_only,1000,232.47260000061942,4.463099998247344,255.42890000360785,492.3646000024746,one shared preloaded model
syn-b17fc4077a328a69,lexical_only,1000,236.5494999976363,7.557800003269222,294.7634000011021,538.8707000020077,one shared preloaded model
syn-7e6f50b922375dde,lexical_only,1000,243.36679999396438,4.673299998103175,212.934100003622,460.97419999568956,one shared preloaded model
syn-fc2eb6d5aff91ebe,lexical_only,1000,245.86070000077598,8.480600001348648,303.73160000453936,558.072900006664,one shared preloaded model
syn-938ad03c92c97011,lexical_only,1000,234.8169999968377,4.459600000700448,495.331799997075,734.6083999946131,one shared preloaded model
syn-f6b8e9d890741e55,lexical_only,1000,237.90800000278978,4.461600001377519,292.5838000010117,534.953400005179,one shared preloaded model
syn-b36a5940cf945a14,lexical_only,1000,229.2001999958302,5.392499995650724,303.42700000619516,538.0196999976761,one shared preloaded model
syn-0ed7b68c61dbfde9,lexical_only,1000,250.49769999895943,7.6616000005742535,276.82369999820367,534.9829999977374,one shared preloaded model
syn-5fae0fa10fdf31d3,lexical_only,1000,243.02000000170665,7.780100000672974,307.76970000442816,558.5698000068078,one shared preloaded model
syn-dba8ca745e0a3cdc,lexical_only,1000,246.61010000272654,7.998900000529829,305.1066999978502,559.7157000011066,one shared preloaded model
syn-fcfb5732ec54f0c8,lexical_only,1000,233.08829999587033,4.433300004166085,214.96020000631688,452.4818000063533,one shared preloaded model
syn-08effc2a25c11f9c,lexical_only,1000,234.33490000024904,3.9579000003868714,301.1767999996664,539.4696000003023,one shared preloaded model
syn-9e6381dab1dfdb96,lexical_only,1000,244.54870000045048,4.854600003454834,139.39659999596188,388.7998999998672,one shared preloaded model
syn-dca5cb7288e8636e,lexical_only,1000,234.1188999998849,4.374199997982942,320.6361000047764,559.1292000026442,one shared preloaded model
syn-f4ff0a2d232530ca,lexical_only,1000,234.17389999667648,4.341600004408974,471.0886000029859,709.6041000040714,one shared preloaded model
syn-5f1b8d8a7822fd7e,lexical_only,1000,232.62609999801498,5.487800000992138,286.4761999953771,524.5900999943842,one shared preloaded model
syn-94aba5b9e5062a27,lexical_only,1000,234.00770000444027,3.948300000047311,316.6010999993887,554.5571000038763,one shared preloaded model
syn-3e6c511cd2b560d8,lexical_only,1000,231.61580000305548,4.41290000162553,313.0907999948249,549.1194999995059,one shared preloaded model
syn-ac20d91143a0590b,lexical_only,1000,228.9567999978317,4.352399999334011,271.98619999398943,505.29539999115514,one shared preloaded model
syn-0efffe40eebe4463,lexical_only,1000,233.10740000306396,7.093100000929553,278.16010000242386,518.3606000064174,one shared preloaded model
syn-b83885bc9e64ce19,lexical_only,1000,235.5487999957404,4.5303000006242655,242.4306000029901,482.5096999993548,one shared preloaded model
syn-ee19c3767fd74bed,lexical_only,1000,238.37400000047637,7.68180000159191,280.26580000005197,526.3216000021202,one shared preloaded model
syn-7c2d788567f6ca4c,lexical_only,1000,237.57969999860507,4.443300000275485,131.10479999886593,373.1277999977465,one shared preloaded model
syn-3a8019f3d5dc68c0,lexical_only,1000,230.93829999561422,4.723699996247888,273.8164999973378,509.4784999891999,one shared preloaded model
syn-e8c65398929f4acf,lexical_only,1000,233.24000000138767,3.929500002413988,511.5718000015477,748.7413000053493,one shared preloaded model
syn-3f66ed559cedc115,lexical_only,1000,236.07459999766434,4.117100004805252,314.20539999817265,554.3971000006422,one shared preloaded model
syn-12ccf1fda7a5ba55,lexical_only,1000,250.5477000013343,7.51250000030268,279.5488999981899,537.6090999998269,one shared preloaded model
syn-a12f2b7d49824e38,lexical_only,1000,233.80270000052406,5.055800000263844,260.22029999876395,499.07879999955185,one shared preloaded model
syn-391e97cd74ab7f0a,lexical_only,1000,229.3546000000788,3.911500003596302,307.08859999867855,540.3547000023536,one shared preloaded model
syn-e720b237f4f6f0d3,lexical_only,1000,236.63039999519242,4.283499998564366,287.8855000017211,528.7993999954779,one shared preloaded model
syn-8de662f9190a975f,lexical_only,1000,235.5454999997164,3.8003000008757226,254.21819999610307,493.5639999966952,one shared preloaded model
syn-887cf2e03d326777,lexical_only,1000,248.432700005651,4.532899998594075,345.2541000006022,598.2197000048473,one shared preloaded model
syn-89035a06fe530ebf,lexical_only,1000,234.52750000433298,4.72520000039367,229.3684000032954,468.62110000802204,one shared preloaded model
syn-cb5f2c3f5795cde4,lexical_only,1000,256.88789999549044,8.420099999057129,699.2157999993651,964.5237999939127,one shared preloaded model
syn-81dc91cf54ed73d1,lexical_only,1000,236.40140000497922,7.365700002992526,503.52600000042,747.2931000083918,one shared preloaded model
syn-72347d36c62375b2,lexical_only,1000,231.02980000112439,4.445400001714006,320.37270000000717,555.8479000028456,one shared preloaded model
syn-4bae06c6c4fc1f14,lexical_only,1000,236.0742000018945,4.266800002369564,298.6562000005506,538.9972000048147,one shared preloaded model
syn-45a3475be0025375,lexical_only,1000,237.7617000020109,3.785300003073644,215.68280000064988,457.22980000573443,one shared preloaded model
syn-c5a53c1e41ca2f77,lexical_only,1000,233.82910000509582,4.458099996554665,312.2615999964182,550.5487999980687,one shared preloaded model
syn-f6773edb4955f847,lexical_only,1000,234.87979999481468,5.050399995525368,284.68229999998584,524.6124999903259,one shared preloaded model
syn-58b316290cd24af7,lexical_only,1000,232.7694000050542,4.561900001135655,242.56010000681272,479.89140001300257,one shared preloaded model
syn-d48e529b99148b62,lexical_only,1000,248.42869999702089,7.815400000254158,295.29700000421144,551.5411000014865,one shared preloaded model
syn-c59f2789c582ce72,lexical_only,1000,232.9401000024518,4.812499995750841,133.34490000124788,371.0974999994505,one shared preloaded model
syn-439f1c31894cda85,lexical_only,1000,243.07600000611274,7.935299996461254,300.01249999622814,551.0237999988021,one shared preloaded model
syn-bc315d39ab7b8d07,lexical_only,1000,234.09430000174325,4.630600000382401,506.52110000373796,745.2460000058636,one shared preloaded model
syn-ff528767efd5ed85,lexical_only,1000,235.1314000043203,4.673100003856234,305.0809999986086,544.8855000067852,one shared preloaded model
syn-65c7958efb0596b8,lexical_only,1000,231.03940000146395,3.847799998766277,307.801400005701,542.6886000059312,one shared preloaded model
syn-54f9c57cabda9bb7,lexical_only,1000,233.080300000438,4.832699996768497,291.97660000500036,529.8896000022069,one shared preloaded model
syn-b667d2c320a8600f,lexical_only,1000,234.33700000168756,4.290600001695566,282.9122999974061,521.5399000007892,one shared preloaded model
syn-a179f0ac6d5bd80b,lexical_only,1000,239.95319999812637,7.383399999525864,320.04779999988386,567.3843999975361,one shared preloaded model
syn-0837b68c448c02ef,lexical_only,1000,240.6249999985448,5.0391000040690415,242.5472000031732,488.21130000578705,one shared preloaded model
syn-4cb03cf39f71f86d,lexical_only,1000,245.86420000559883,7.788700000673998,293.04209999827435,546.6950000045472,one shared preloaded model
syn-81ff57e4c3f23708,lexical_only,1000,230.8562999969581,7.466999995813239,223.13320000102976,461.4564999938011,one shared preloaded model
syn-d4eee0faf98bee16,lexical_only,1000,234.58550000214018,7.826699998986442,304.52730000251904,546.9395000036457,one shared preloaded model
syn-8ccf977ded1bf95e,lexical_only,1000,233.2135000033304,4.288600001018494,472.1646000034525,709.6667000078014,one shared preloaded model
syn-aa50f0aa293375df,lexical_only,1000,235.45229999581352,7.263300001795869,282.9563999985112,525.6719999961206,one shared preloaded model
syn-3024acb3548890e1,lexical_only,1000,239.93479999626288,4.387000000861008,295.0471000003745,539.3688999974984,one shared preloaded model
syn-466bce93c4ee97a9,lexical_only,1000,233.10909999418072,6.534000000101514,269.2064000002574,508.84949999453966,one shared preloaded model
syn-ea86488068c8be5d,lexical_only,1000,243.5311000008369,7.511299998441245,292.05609999917215,543.0984999984503,one shared preloaded model
syn-c93a303ba2cb0a5e,lexical_only,1000,235.62430000310997,7.51250000030268,297.4077999970177,540.5446000004304,one shared preloaded model
syn-39bd187f8d495145,lexical_only,1000,234.8777000006521,7.645999998203479,234.77699999784818,477.30069999670377,one shared preloaded model
syn-eacb4ffcbb2d86d7,lexical_only,1000,235.62170000514016,4.3043000041507185,308.0294000028516,547.9554000121425,one shared preloaded model
syn-5b845e0d83ffe943,lexical_only,1000,231.51979999965988,3.645499993581325,123.25160000182223,358.41689999506343,one shared preloaded model
syn-67da6153707a7cf3,lexical_only,1000,232.3023999997531,4.832300000998657,487.79690000083065,724.9316000015824,one shared preloaded model
syn-208a5f0e612e75dc,lexical_only,1000,251.48340000305325,7.388500001979992,463.2787000009557,722.150600005989,one shared preloaded model
syn-3f0a998814cff481,lexical_only,1000,246.35010000201873,7.404000003589317,285.3246000013314,539.0787000069395,one shared preloaded model
syn-bbf2766c5553d357,lexical_only,1000,234.74130000249716,6.967599998461083,242.84959999931743,484.55850000027567,one shared preloaded model
syn-28c5f4952dec1158,lexical_only,1000,237.9685999985668,5.193199998757336,307.1743000036804,550.3361000010045,one shared preloaded model
syn-f0710eb347d7f49f,lexical_only,1000,301.6607999961707,4.682099999627098,285.5649999983143,591.9078999941121,one shared preloaded model
syn-fae97a6c6007ca4b,lexical_only,1000,234.0595999994548,4.1478999992250465,300.6572000012966,538.8646999999764,one shared preloaded model
syn-26da2551ebdb99b0,lexical_only,1000,251.58389999705832,7.533399999374524,221.68299999611918,480.800299992552,one shared preloaded model
syn-d6a3c849308efc93,lexical_only,1000,238.37400000047637,4.43480000103591,328.57850000436883,571.3873000058811,one shared preloaded model
syn-5e831158aecf073c,lexical_only,1000,239.705200001481,4.757900002005044,202.97560000472004,447.43870000820607,one shared preloaded model
syn-0df1020fb1cfac7b,lexical_only,1000,243.5163000045577,8.080300001893193,297.93449999851873,549.5311000049696,one shared preloaded model
syn-14895e28ff83d627,lexical_only,1000,236.1114000013913,4.535799998848233,474.50340000068536,715.1506000009249,one shared preloaded model
syn-280893883faff475,lexical_only,1000,235.50519999844255,4.67449999996461,296.68929999752436,536.8689999959315,one shared preloaded model
syn-64c9f4524a637e29,lexical_only,1000,234.55919999832986,4.480000003241003,309.72340000153054,548.7626000031014,one shared preloaded model
syn-a059274c871b0476,lexical_only,1000,241.29289999837056,7.6179000025149435,303.6597000027541,552.5705000036396,one shared preloaded model
syn-62d3ee9ce3d7c7ac,lexical_only,1000,234.16729999735253,3.818700002739206,224.10520000266843,462.09120000276016,one shared preloaded model
syn-a3ab9227eebf5a53,lexical_only,1000,232.51750000054017,3.88550000207033,274.6444999938831,511.04749999649357,one shared preloaded model
syn-eae30fdc794e4b34,lexical_only,1000,238.19889999867883,4.35220000508707,246.4077999975416,488.9589000013075,one shared preloaded model
syn-48ca6ad89fc59895,lexical_only,1000,232.5877000039327,6.659200000285637,312.3919999998179,551.6389000040363,one shared preloaded model
syn-500f7069b993394b,lexical_only,1000,236.18890000216197,4.8529999985476024,153.02279999741586,394.06469999812543,one shared preloaded model
syn-9b96067dc9ef5446,lexical_only,1000,252.70129999989877,5.188100003579166,296.03510000015376,553.9245000036317,one shared preloaded model
syn-7a3b2bb542adde01,lexical_only,1000,237.7753999971901,4.394000003230758,481.87390000384767,724.0433000042685,one shared preloaded model
syn-f7c0ebbe60722761,lexical_only,1000,235.06110000016633,4.578899999614805,315.3584000028786,554.9984000026598,one shared preloaded model
syn-dac579b4ce47aca7,lexical_only,1000,234.57510000298498,4.435000002558809,303.74899999878835,542.7591000043321,one shared preloaded model
syn-bcbefb9be90d6a25,lexical_only,1000,254.4934999968973,7.526000001234934,346.2160999988555,608.2355999969877,one shared preloaded model
syn-2695661d1bea2959,lexical_only,1000,243.17770000197925,7.842300001357216,308.6805000057211,559.7005000090576,one shared preloaded model
syn-1b898866130111e0,lexical_only,1000,237.38329999468988,4.022799999802373,304.93289999867557,546.3389999931678,one shared preloaded model
syn-1a1996e4100eeaad,lexical_only,1000,231.41949999990175,7.514899996749591,243.9758000036818,482.91020000033313,one shared preloaded model
syn-8d77e003873ed40a,lexical_only,1000,235.41519999707816,4.498900001635775,301.4499999990221,541.364099997736,one shared preloaded model
syn-cdc296dc9c776cdb,lexical_only,1000,233.80499999620952,7.642000004125293,143.2665000029374,384.7135000032722,one shared preloaded model
syn-8327f78363600d81,lexical_only,1000,243.0028999951901,8.02059999841731,289.2165000012028,540.2399999948102,one shared preloaded model
syn-5e6ee2f73290048f,lexical_only,1000,231.99779999413295,4.388200002722442,307.204400000046,543.5903999969014,one shared preloaded model
syn-23e8742860b2a62a,lexical_only,1000,237.2767000051681,7.47649999539135,307.72120000619907,552.4744000067585,one shared preloaded model
syn-f04d6c7f370e4a29,lexical_only,1000,232.16010000032838,4.562399997666944,284.6427000040421,521.3652000020375,one shared preloaded model
syn-b80b2e97a4db7a97,lexical_only,1000,237.67860000225483,4.410900000948459,318.544000001566,560.6335000047693,one shared preloaded model
syn-ba2a7ef9baa4b877,lexical_only,1000,235.84489999484504,7.253000003402121,278.3787000007578,521.476599999005,one shared preloaded model
syn-71222cfc29e9341b,lexical_only,1000,233.74559999501798,4.3917000002693385,280.48090000083903,518.6181999961264,one shared preloaded model
syn-c28e151e0a17cca4,lexical_only,1000,249.917799999821,7.540600003267173,239.1916000051424,496.65000000823056,one shared preloaded model
syn-f146e261fff2b363,lexical_only,1000,235.3002000018023,3.748499999346677,311.70609999389853,550.7547999950475,one shared preloaded model
syn-bcc90fb9386303b5,lexical_only,1000,236.84330000105547,7.641799995326437,229.95399999490473,474.43909999128664,one shared preloaded model
syn-543acec00104d069,lexical_only,1000,252.87370000296505,8.33260000217706,291.77550000167685,552.981800006819,one shared preloaded model
syn-a777a0449ca3fb5f,lexical_only,1000,232.42210000171326,4.215500004647765,451.652900002955,688.290500009316,one shared preloaded model
syn-c06a91abc63c98c7,lexical_only,1000,239.03879999852506,4.668600005970802,317.95750000310363,561.6649000075995,one shared preloaded model
syn-b99931850336a20f,lexical_only,1000,237.4143000051845,3.792399998928886,292.7062999951886,533.912999999302,one shared preloaded model
syn-59385e24e872000c,lexical_only,1000,231.25879999861354,3.7328000034904107,318.94630000169855,553.9379000038025,one shared preloaded model
syn-0892a57b654e40e8,lexical_only,1000,250.19669999892358,7.372099993517622,283.4361999994144,541.0049999918556,one shared preloaded model
syn-fb34245e0892cc7a,lexical_only,1000,238.64590000448516,4.512999999860767,306.5765999999712,549.7355000043171,one shared preloaded model
syn-b08ae709b1c9d822,lexical_only,1000,236.83610000443878,3.862400000798516,246.000200000708,486.6987000059453,one shared preloaded model
syn-e2db30e7d5c4dde6,lexical_only,1000,248.33810000563972,7.342099997913465,327.8811000054702,583.5613000090234,one shared preloaded model
syn-dd60639750ea62b4,lexical_only,1000,233.68749999644933,7.349100000283215,118.69920000026468,359.73579999699723,one shared preloaded model
syn-cbaa4569873ac834,lexical_only,1000,231.91410000436008,4.772100000991486,498.8664999982575,735.5527000036091,one shared preloaded model
syn-520903a645d5ecfb,lexical_only,1000,243.2173999986844,7.960599999933038,493.3214999982738,744.4994999968912,one shared preloaded model
syn-5e9fd87a5016cddd,lexical_only,1000,235.02819999703206,5.237299999862444,273.8113000013982,514.0767999982927,one shared preloaded model
syn-f1b52658363e3b92,lexical_only,1000,245.35130000003846,6.8794000035268255,325.02900000690715,577.2597000104724,one shared preloaded model
syn-18b9d6ac9e7049fb,lexical_only,1000,236.86889999953564,4.310700001951773,312.300999998115,553.4805999996024,one shared preloaded model
syn-008384cdd30eea44,lexical_only,1000,236.15050000080373,3.692300000693649,308.3565999986604,548.1994000001578,one shared preloaded model
syn-ab404be3043d317f,lexical_only,1000,234.70960000122432,4.937099998642225,268.66750000044703,508.3142000003136,one shared preloaded model
syn-172454acf1cf66e2,lexical_only,1000,249.53190000087488,7.4438000010559335,241.39390000345884,498.36960000538966,one shared preloaded model
syn-27d81a44d9d7eb1d,lexical_only,1000,234.04840000148397,4.525500000454485,321.82530000136467,560.3992000033031,one shared preloaded model
syn-d07f7ebc6d1de23b,lexical_only,1000,231.34199999913108,4.2209999955957755,154.925099996035,390.48809999076184,one shared preloaded model
syn-a2663843442b6cc3,lexical_only,1000,257.56579999870155,4.361200000857934,274.52280000579776,536.4498000053572,one shared preloaded model
syn-1cdee48c3989dff6,lexical_only,1000,232.27749999932712,3.966300006140955,469.3159000016749,705.559700007143,one shared preloaded model
syn-c3e03635fe54efbb,lexical_only,1000,236.73080000298796,7.162800000514835,294.6185999971931,538.5122000006959,one shared preloaded model
syn-f145453cd704f938,lexical_only,1000,241.47629999788478,7.820600003469735,290.13880000275094,539.4357000041055,one shared preloaded model
syn-19a39e333ceb7176,lexical_only,1000,252.77019999339245,7.562799997685943,321.3934999948833,581.7264999859617,one shared preloaded model
syn-b2af4633bfb40235,lexical_only,1000,229.6520000018063,4.09850000141887,296.7609000043012,530.5114000075264,one shared preloaded model
syn-2c55a3011f2a0d9a,lexical_only,1000,236.39140000159387,7.885899998655077,292.162499994447,536.4397999946959,one shared preloaded model
syn-01c5f8e95e41a7a5,lexical_only,1000,241.09309999766992,7.6829999961773865,230.11130000668345,478.88740000053076,one shared preloaded model
syn-791e007bcf48f98c,lexical_only,1000,235.09259999991627,6.011299999954645,309.79139999544714,550.895299995318,one shared preloaded model
syn-259b9d737befeb57,lexical_only,1000,255.47720000031404,7.613100002345163,148.380200000247,411.4705000029062,one shared preloaded model
syn-54b5a6194fc6fd8e,lexical_only,1000,233.82739999942714,4.501899995375425,271.1787000007462,509.50799999554874,one shared preloaded model
syn-8f4277d9948d448f,lexical_only,1000,233.62259999703383,4.475800000363961,473.09089999907883,711.1892999964766,one shared preloaded model
syn-e049688b82633c17,lexical_only,1000,236.0285999966436,7.313800000702031,556.4557000034256,799.7981000007712,one shared preloaded model
syn-50f7efbbd3b49e8b,lexical_only,1000,234.60099999647355,4.4067999988328665,268.3222999985446,507.33009999385104,one shared preloaded model
syn-99e12498445b1b0e,lexical_only,1000,241.50450000161072,4.633999997167848,285.57500000169966,531.7135000004782,one shared preloaded model
syn-4af231d1b0ca07c3,lexical_only,1000,239.76440000114962,7.480699998268392,306.6305999964243,553.8756999958423,one shared preloaded model
syn-cf0443c64c602685,lexical_only,1000,249.30899999890244,7.377900001301896,259.14259999990463,515.829500000109,one shared preloaded model
syn-0aa6427cb87ebeec,lexical_only,1000,231.95449999911943,4.339500002970453,235.7798000011826,472.0738000032725,one shared preloaded model
syn-64d492d82aa73da9,lexical_only,1000,236.82579999876907,3.726000002643559,306.08489999576705,546.6366999971797,one shared preloaded model
syn-a88929ba4de8e497,lexical_only,1000,236.64079999434762,4.477300004509743,154.95089999603806,396.0689999948954,one shared preloaded model
syn-82a7fca2c31d20c0,lexical_only,1000,234.04379999556113,7.620899996254593,306.5902000016649,548.2548999934806,one shared preloaded model
syn-9c7c1e30084b964c,lexical_only,1000,234.96390000218526,4.581799999868963,488.72689999552676,728.272599997581,one shared preloaded model
syn-2ca355b2ac8634a8,lexical_only,1000,232.47109999647364,3.7152000004425645,299.0425000025425,535.2287999994587,one shared preloaded model
syn-aa93861de0aaf495,lexical_only,5000,1016.5850999983377,7.915299996966496,292.64839999814285,1317.148799993447,one shared preloaded model
syn-1992f86a3e86fc6a,lexical_only,5000,1061.399000005622,7.182399996963795,308.5523999980069,1377.1338000005926,one shared preloaded model
syn-04083234f85709e1,lexical_only,5000,1023.2003999990411,5.060700001195073,264.4485999990138,1292.70969999925,one shared preloaded model
syn-cb01db0eb7a2edd2,lexical_only,5000,1003.930599996238,8.099800004856661,295.82610000215936,1307.856500003254,one shared preloaded model
syn-621d2f30954c345e,lexical_only,5000,987.1452000006684,4.88259999838192,220.6226999987848,1212.6504999978351,one shared preloaded model
syn-283fe4a44583ec8e,lexical_only,5000,976.1972999986028,7.931299995107111,299.84020000119926,1283.9687999949092,one shared preloaded model
syn-e1d8ea4b52f7b86c,lexical_only,5000,990.6958999999915,8.11000000248896,104.17619999498129,1102.9820999974618,one shared preloaded model
syn-b277d625d17584f5,lexical_only,5000,1023.9537000015844,4.583000001730397,312.3754000043846,1340.9121000076993,one shared preloaded model
syn-feae35cacba6a43a,lexical_only,5000,994.1656000009971,6.726400002662558,452.622099997825,1453.5141000014846,one shared preloaded model
syn-1c7e5d6f21986a25,lexical_only,5000,1065.5238999970607,8.033099999011029,277.8007999950205,1351.3577999910922,one shared preloaded model
syn-834533c926250190,lexical_only,5000,1038.3720999961952,5.0026999961119145,301.10140000033425,1344.4761999926413,one shared preloaded model
syn-0a63273f5477a591,lexical_only,5000,947.7480999994441,4.908800001430791,310.7957999964128,1263.4526999972877,one shared preloaded model
syn-52610bf62333d9cb,lexical_only,5000,1008.7066999985836,5.501599996932782,320.6685999975889,1334.8768999931053,one shared preloaded model
syn-821964f5a271aa9e,lexical_only,5000,976.436000004469,5.577899995842017,294.15680000238353,1276.1707000026945,one shared preloaded model
syn-084b033a28301180,lexical_only,5000,986.8826000019908,5.2103000052738935,227.44439999951283,1219.5373000067775,one shared preloaded model
syn-bb91366853342eae,lexical_only,5000,945.3047999995761,4.862300003878772,301.2575000029756,1251.4246000064304,one shared preloaded model
syn-c70d6c456e1f3caf,lexical_only,5000,976.1118999958853,8.149900000717025,105.86289999628207,1090.1246999928844,one shared preloaded model
syn-4b7b4e4e7cda9cdd,lexical_only,5000,1011.5313999995124,9.086099998967256,273.19790000183275,1293.8154000003124,one shared preloaded model
syn-05a3818e49a3d01c,lexical_only,5000,970.1717999996617,4.429300002811942,290.77289999986533,1265.374000002339,one shared preloaded model
syn-45a189501aa64aff,lexical_only,5000,975.8650000003399,4.754300003696699,261.1613000044599,1241.7806000084965,one shared preloaded model
syn-8e55dab6334193ac,lexical_only,5000,1004.947399997036,4.870999997365288,272.4356999970041,1282.2540999914054,one shared preloaded model
syn-7078daef9fc885d5,lexical_only,5000,1138.0337000009604,8.033499994780868,302.72379999951227,1448.7909999952535,one shared preloaded model
syn-30a8cdce438a3478,lexical_only,5000,997.9708999962895,8.075999998254701,314.0285999979824,1320.0754999925266,one shared preloaded model
syn-c8ec446f9f1407cc,lexical_only,5000,986.801099999866,4.429699998581782,295.9407000016654,1287.1715000001132,one shared preloaded model
syn-1eea891acae77cae,lexical_only,5000,1044.3706000005477,4.867200004810002,247.06319999677362,1296.3010000021313,one shared preloaded model
syn-41f888c23d96d157,lexical_only,5000,975.9642999997595,4.92379999923287,306.463499997335,1287.3515999963274,one shared preloaded model
syn-f845857e039afa6c,lexical_only,5000,976.2398000020767,8.575499996368308,161.56009999394882,1146.3753999923938,one shared preloaded model
syn-ac6dfe3b37e5a013,lexical_only,5000,1069.112999997742,8.524999997462146,318.86349999695085,1396.501499992155,one shared preloaded model
syn-15dd01e778ff5a78,lexical_only,5000,1049.7460000042338,4.990900000848342,431.35829999664566,1486.0952000017278,one shared preloaded model
syn-87378b8e75e2dd6a,lexical_only,5000,1043.453700003738,7.919800002127886,319.54229999973904,1370.915800005605,one shared preloaded model
syn-061b3d97b8960738,lexical_only,5000,988.4794000026886,7.951200001116376,290.40180000447435,1286.8324000082794,one shared preloaded model
syn-490b8d010f4490c5,lexical_only,5000,1104.2459000018425,8.711000002222136,265.32630000292556,1378.2832000069902,one shared preloaded model
syn-fe76d6c8fe9751ff,lexical_only,5000,1004.0364000014961,8.664400003908668,297.92530000122497,1310.6261000066297,one shared preloaded model
syn-00a89a4a45a4d877,lexical_only,5000,945.3560000038124,8.54329999856418,283.88319999794476,1237.7825000003213,one shared preloaded model
syn-4732a0f163a6f5e5,lexical_only,5000,949.9423999950523,4.453599998669233,236.29539999819826,1190.6913999919198,one shared preloaded model
syn-81ea53ade157ad42,lexical_only,5000,959.3600000007427,8.0011000027298,304.9055000010412,1272.2666000045137,one shared preloaded model
syn-3a0dace1bee727c3,lexical_only,5000,1029.330100005609,8.133499999530613,251.95210000674706,1289.4157000118867,one shared preloaded model
syn-3d3cb10c80061638,lexical_only,5000,1004.0948000023491,7.845799998904113,314.3285999976797,1326.269199998933,one shared preloaded model
syn-2a09864e418663ff,lexical_only,5000,973.3848999967449,8.05459999537561,938.8101000004099,1920.2495999925304,one shared preloaded model
syn-ec6ef79969cd8dc7,lexical_only,5000,995.1903000037419,7.957800000440329,281.9969999982277,1285.14510000241,one shared preloaded model
syn-f77621b915dd593f,lexical_only,5000,1057.629700000689,5.000099998142105,271.6761000046972,1334.3059000035282,one shared preloaded model
syn-151c38901bd6a67f,lexical_only,5000,939.6867999967071,4.18550000176765,274.90730000135954,1218.7795999998343,one shared preloaded model
syn-db951997c8dd6571,lexical_only,5000,1078.177899995353,7.857299999159295,288.55469999689376,1374.5898999914061,one shared preloaded model
syn-8b89503a51b386ea,lexical_only,5000,1019.4088999996893,5.060000003140885,228.30390000308398,1252.7728000059142,one shared preloaded model
syn-63205549e97719a8,lexical_only,5000,1029.7882000013487,8.48730000143405,231.36300000624033,1269.6385000090231,one shared preloaded model
syn-c748ba52ac994805,lexical_only,5000,1049.3626999959815,7.991300000867341,306.22520000179065,1363.5791999986395,one shared preloaded model
syn-905cd0149f85c44d,lexical_only,5000,1030.450500002189,5.0103999965358526,131.3536999950884,1166.8145999938133,one shared preloaded model
syn-c1e6d9a8d1426ccd,lexical_only,5000,1025.7129000019631,8.421300000918563,289.6342999956687,1323.7684999985504,one shared preloaded model
syn-5a60149bb7d0d331,lexical_only,5000,984.4385999967926,4.242299997713417,486.0620999970706,1474.7429999915767,one shared preloaded model
syn-085b48c1c01765d8,lexical_only,5000,977.8071999971871,4.9699000010150485,236.91929999768035,1219.6963999958825,one shared preloaded model
syn-983ee8cd7cfab2b2,lexical_only,5000,994.0753000046243,6.431900001189206,302.364100003615,1302.8713000094285,one shared preloaded model
syn-62914c9ecfadb05c,lexical_only,5000,1141.0649000026751,4.142799996770918,280.86700000130804,1426.074700000754,one shared preloaded model
syn-d33602a2444f791a,lexical_only,5000,1004.1178999963449,5.505100001755636,301.01590000413125,1310.6389000022318,one shared preloaded model
syn-84c0416f23825ae8,lexical_only,5000,990.8002000011038,8.522399999492336,282.355399998778,1281.6779999993742,one shared preloaded model
syn-91feb287d382e59b,lexical_only,5000,945.2023000048939,6.195599999045953,224.15499999624444,1175.5529000001843,one shared preloaded model
syn-0238640a9f4d82ca,lexical_only,5000,997.6029999961611,5.842400001711212,330.42120000027353,1333.8665999981458,one shared preloaded model
syn-63b0f61512efcc7b,lexical_only,5000,1003.9318999988609,7.9990999947767705,232.14709999592742,1244.078099989565,one shared preloaded model
syn-7b60a34c510e7d77,lexical_only,5000,994.1977000053157,8.544199998141266,318.82149999728426,1321.5634000007412,one shared preloaded model
syn-aef5fcb957e2b2ae,lexical_only,5000,1033.824000005552,4.274400002032053,289.1754000011133,1327.2738000086974,one shared preloaded model
syn-89e193275b5f85b9,lexical_only,5000,1033.4722000043257,7.972300001711119,289.216099998157,1330.6606000041938,one shared preloaded model
syn-723cfc0a3cdbbe70,lexical_only,5000,1027.1776000008686,7.8291000027093105,282.21949999715434,1317.2262000007322,one shared preloaded model
syn-b497e7cf4d12d853,lexical_only,5000,980.9986000036588,8.228200000303332,266.5071000010357,1255.7339000049978,one shared preloaded model
syn-cab61fd9ea43be50,lexical_only,5000,1121.4703000005102,5.088500001875218,263.69010000053095,1390.2489000029163,one shared preloaded model
syn-d2adedac796b42a4,lexical_only,5000,940.9653000038816,4.95039999805158,312.2741999977734,1258.1898999997065,one shared preloaded model
syn-81c6eeb87fa8b65a,lexical_only,5000,978.3463999992819,4.841599999053869,229.72350000054576,1212.9114999988815,one shared preloaded model
syn-a34560479904d293,lexical_only,5000,944.8634000000311,7.1482999992440455,306.0397000008379,1258.051400000113,one shared preloaded model
syn-175fb0b9c9912f1d,lexical_only,5000,1063.8914000010118,7.851499998650979,108.92730000341544,1180.6702000030782,one shared preloaded model
syn-da09d28e9f3d5d8d,lexical_only,5000,943.826299997454,5.087599995022174,302.57029999484075,1251.484199987317,one shared preloaded model
syn-ba4fd9131d17eb5c,lexical_only,5000,1034.2324000012013,4.966300002706703,482.89590000058524,1522.0946000044933,one shared preloaded model
syn-68ead23b13d3ca2c,lexical_only,5000,1033.8193999996292,8.101699997496326,282.4101000005612,1324.3311999976868,one shared preloaded model
syn-6e554c5058644670,lexical_only,5000,1054.7147000033874,8.047200004511978,306.4539999977569,1369.2159000056563,one shared preloaded model
syn-25700fcf3ed93c36,lexical_only,5000,1011.5212000018801,8.078200000454672,282.8924999994342,1302.491900001769,one shared preloaded model
syn-a5ee09e7314def43,lexical_only,5000,1139.8778000002494,8.029800002987031,301.3102999975672,1449.2179000008036,one shared preloaded model
syn-2b6abd30a60a5e04,lexical_only,5000,995.0465000001714,4.276199993910268,284.2448000010336,1283.5674999951152,one shared preloaded model
syn-8dfeb642ddbee07c,lexical_only,5000,1022.6823000048171,7.405199998174794,218.58050000446383,1248.6680000074557,one shared preloaded model
syn-eb06dec63064b043,lexical_only,5000,1001.5893999952823,4.537499997240957,272.2887999989325,1278.4156999914558,one shared preloaded model
syn-0488d9fbd767427e,lexical_only,5000,1000.6033000026946,7.93839999823831,114.15100000158418,1122.692700002517,one shared preloaded model
syn-ed2d05fab8ac8fe4,lexical_only,5000,1010.6024999986403,5.303899997670669,476.36149999743793,1492.2678999937489,one shared preloaded model
syn-8f9f957317f7d25c,lexical_only,5000,999.3943000008585,7.985999996890314,462.14209999743616,1469.522399995185,one shared preloaded model
syn-501740773c0e41a8,lexical_only,5000,983.7923000086448,7.927900005597621,299.7265000012703,1291.4467000155128,one shared preloaded model
syn-7e7b412841f6c1f7,lexical_only,5000,1032.9766000068048,4.028900002595037,289.2052000097465,1326.2107000191463,one shared preloaded model
syn-2318f08daa17b1d9,lexical_only,5000,991.2154000048758,4.969700006768107,313.76730000192765,1309.9524000135716,one shared preloaded model
syn-444440373a79774e,lexical_only,5000,1050.0747000041883,5.071200008387677,298.9792000007583,1354.1251000133343,one shared preloaded model
syn-c09d16bc1d1a2e55,lexical_only,5000,1138.10260000173,8.572899998398498,282.76800000458024,1429.4435000047088,one shared preloaded model
syn-41397c03bd43fa20,lexical_only,5000,1058.0268000048818,7.936000009067357,239.46599999908358,1305.4288000130327,one shared preloaded model
syn-2f881f63e4a9ee5b,lexical_only,5000,995.4359999974258,4.799200003617443,319.183300001896,1319.4185000029393,one shared preloaded model
syn-5f5e815c982ee27e,lexical_only,5000,1035.8599000028335,7.153699989430606,156.32949999417178,1199.3430999864358,one shared preloaded model
syn-9d71ed841863197e,lexical_only,5000,1021.8850999954157,8.509500010404736,276.23050000693183,1306.6251000127522,one shared preloaded model
syn-7fdfd00ab52cb0a4,lexical_only,5000,984.3217000016011,7.05980000202544,427.7347000024747,1419.1162000061013,one shared preloaded model
syn-ad6a49391bbc7ec8,lexical_only,5000,974.3520000047283,7.889700005762279,302.95829998794943,1285.19999999844,one shared preloaded model
syn-1b1c065cb1f625b9,lexical_only,5000,974.3052999983774,4.803599993465468,294.642599998042,1273.751499989885,one shared preloaded model
syn-b6a49a33030fa3f8,lexical_only,5000,1022.187100010342,4.728700005216524,287.50059999583755,1314.416400011396,one shared preloaded model
syn-a8d2f52e7f079d88,lexical_only,5000,1005.8787000016309,8.041900000534952,317.26999999955297,1331.1906000017188,one shared preloaded model
syn-4c3b3bb15e85d708,lexical_only,5000,1003.5340000031283,8.648300005006604,298.7548999954015,1310.9372000035364,one shared preloaded model
syn-5711ba27a03e1d37,lexical_only,5000,1020.7630999939283,8.541800008970313,209.50359999551438,1238.808499998413,one shared preloaded model
syn-0524cfaed31c16ea,lexical_only,5000,1066.35519998963,6.0135999956401065,307.4086999986321,1379.777499983902,one shared preloaded model
syn-e15762ae99c08a2e,lexical_only,5000,957.0311999996193,4.929900009301491,121.58310000086203,1083.5442000097828,one shared preloaded model
syn-d1c2ea5489a8c93f,lexical_only,5000,1054.793699993752,8.490300009725615,307.6374000083888,1370.9214000118664,one shared preloaded model
syn-fecb508b9a8cd0d7,lexical_only,5000,958.4717999969143,7.88809999357909,322.78229999064934,1289.1421999811428,one shared preloaded model
syn-c3610b2dfdf17488,lexical_only,5000,1015.3805000009015,4.3406000040704384,263.01289998809807,1282.73399999307,one shared preloaded model
syn-d387b7117ab37cfe,lexical_only,5000,1044.5477000030223,4.886199996690266,285.03129999444354,1334.4651999941561,one shared preloaded model
syn-8d9d118f41b1a227,lexical_only,5000,1014.1298999951687,4.23219999356661,233.44529999303631,1251.8073999817716,one shared preloaded model
syn-ff0767eb4ac46b9f,lexical_only,5000,1059.5976000040537,5.099599991808645,293.4404999978142,1358.1376999936765,one shared preloaded model
syn-1d16ca78cf5f285e,lexical_only,5000,971.765599999344,7.4102999933529645,313.0613999965135,1292.2372999892104,one shared preloaded model
syn-9195cade3f4252b5,lexical_only,5000,1053.630800000974,8.066100010182709,225.22100000060163,1286.9179000117583,one shared preloaded model
syn-359afa05afb48b2c,lexical_only,5000,997.3139000067022,4.984300001524389,347.97810000600293,1350.2763000142295,one shared preloaded model
syn-6b61ed0aca632b5c,lexical_only,5000,998.841699998593,8.027700008824468,102.93850000016391,1109.8079000075813,one shared preloaded model
syn-0adb661c494753d6,lexical_only,5000,989.9053999979515,8.32210000953637,286.0312000120757,1284.2587000195635,one shared preloaded model
syn-6927e3c74ff525fb,lexical_only,5000,1026.841400002013,8.12210000003688,463.42830000503454,1498.3918000070844,one shared preloaded model
syn-0a18b81ca32a8ca7,lexical_only,5000,1073.4692000114592,7.946199999423698,340.4643000103533,1421.8797000212362,one shared preloaded model
syn-0c1d110466abf51c,lexical_only,5000,993.8595999992685,4.190600011497736,276.65450000495184,1274.7047000157181,one shared preloaded model
syn-97d2d586514f8cca,lexical_only,5000,963.1618999992497,4.77149999642279,284.55110000504646,1252.484500000719,one shared preloaded model
syn-6f7e2eb87f7f3302,lexical_only,5000,1041.733000005479,7.985599993844517,295.9069999924395,1345.625599991763,one shared preloaded model
syn-fea661b4b15b0e74,lexical_only,5000,1065.1044999976875,4.410299996379763,277.4379000038607,1346.952699997928,one shared preloaded model
syn-fe239bde6ca96941,lexical_only,5000,1016.7012000019895,8.000100002391264,226.35949999676086,1251.0608000011416,one shared preloaded model
syn-9912a67973413584,lexical_only,5000,940.4265000048326,4.7713000094518065,288.82320001139306,1234.0210000256775,one shared preloaded model
syn-196bc61cd9f71b17,lexical_only,5000,972.3617999989074,8.279199988464825,147.9142000025604,1128.5551999899326,one shared preloaded model
syn-58d280179ba06842,lexical_only,5000,999.7168999980204,8.958399994298816,457.1393999940483,1465.8146999863675,one shared preloaded model
syn-92401515ca3d9d95,lexical_only,5000,1031.2522000022,8.092000003671274,456.660899988492,1496.0050999943633,one shared preloaded model
syn-346cd6a91974029e,lexical_only,5000,1054.830099994433,8.055900005274452,293.89549999905284,1356.7814999987604,one shared preloaded model
syn-d61561dea81b4354,lexical_only,5000,1012.2637000022223,4.003699999884702,291.96100000990555,1308.2284000120126,one shared preloaded model
syn-63ea34aca9f01719,lexical_only,5000,1015.2892000041902,8.757999996305443,284.11700000287965,1308.1642000033753,one shared preloaded model
syn-e84106f112541156,lexical_only,5000,1100.5909999948926,6.8180000089341775,295.1941000064835,1402.6031000103103,one shared preloaded model
syn-6efde579ff231d80,lexical_only,5000,960.7670999976108,8.040800006710924,270.6188000011025,1239.4267000054242,one shared preloaded model
syn-0d04f3e770c59888,lexical_only,5000,1083.081199991284,4.150200009462424,239.6909999952186,1326.922399995965,one shared preloaded model
syn-43d0843223dd74b3,lexical_only,5000,1068.427399994107,5.900300006032921,276.88940000371076,1351.2171000038506,one shared preloaded model
syn-53cc44bad0b99782,lexical_only,5000,1009.9605999857886,4.733599998871796,217.1987000037916,1231.892899988452,one shared preloaded model
syn-68d50118e4b184cf,lexical_only,5000,976.0798000061186,5.217300000367686,317.94839999929536,1299.2455000057817,one shared preloaded model
syn-c909e6f301674d74,lexical_only,5000,972.7038999990327,5.709099990781397,463.82570000423584,1442.23869999405,one shared preloaded model
syn-b15708cedb31ffb2,lexical_only,5000,994.156100001419,7.9939999995986,291.08549999364186,1293.2355999946594,one shared preloaded model
syn-beb9b27d8478562e,lexical_only,5000,946.210299996892,4.979400007869117,299.82939999899827,1251.0191000037594,one shared preloaded model
syn-a4fa3217b0299eb9,lexical_only,5000,1027.0095000014408,4.204799988656305,289.3721000000369,1320.586399990134,one shared preloaded model
syn-5d93fdd68c7b9336,lexical_only,5000,1009.3385999934981,6.494699991890229,296.55109999293927,1312.3843999783276,one shared preloaded model
syn-b4e07914bae9b1c7,lexical_only,5000,1083.1644999998389,7.964699994772673,315.386700007366,1406.5159000019776,one shared preloaded model
syn-a122df2c9c14fdfd,lexical_only,5000,977.730700004031,4.221399998641573,222.4463000020478,1204.3984000047203,one shared preloaded model
syn-1679b733dc99bd02,lexical_only,5000,985.0562999927206,8.365799993043765,314.43089999083895,1307.8529999766033,one shared preloaded model
syn-0644357cd6e5c8fb,lexical_only,5000,987.6789999980247,8.520899995346554,213.77879999636207,1209.9786999897333,one shared preloaded model
syn-01a1d9a589e21fc8,lexical_only,5000,1033.9117999974405,5.981000009342097,282.33020000334363,1322.2230000101263,one shared preloaded model
syn-fe7bdb4996e9bd80,lexical_only,5000,1030.9313000034308,8.516500005498528,470.10570000566076,1509.55350001459,one shared preloaded model
syn-e7494dd18cf451d4,lexical_only,5000,1020.9677999955602,8.08439998945687,298.7044000037713,1327.7565999887884,one shared preloaded model
syn-bcd904aadce2351d,lexical_only,5000,984.0017999958945,4.991500012692995,226.29299999971408,1215.2863000083016,one shared preloaded model
syn-9490279b808fab68,lexical_only,5000,1007.6261000067461,8.058199993683957,281.34050000517163,1297.0248000056017,one shared preloaded model
syn-a2c82421fafdb0f4,lexical_only,5000,1017.159899987746,7.953400010592304,310.21560000954196,1335.3289000078803,one shared preloaded model
syn-36ff68425e3d3176,lexical_only,5000,1110.1183999999193,7.999499997822568,272.41429999412503,1390.532199991867,one shared preloaded model
syn-707216e7a24847b3,lexical_only,5000,1025.5732000077842,4.17369999922812,245.36310000985395,1275.1100000168663,one shared preloaded model
syn-c502f85d01f649e4,lexical_only,5000,1003.6448000028031,4.458800001884811,311.77350001235027,1319.8771000170382,one shared preloaded model
syn-939e6166b3b0c850,lexical_only,5000,952.3604999994859,7.964999997057021,142.65470000100322,1102.9801999975462,one shared preloaded model
syn-34fc56e181bfc98e,lexical_only,5000,984.6791000018129,5.294999995385297,313.6350999993738,1303.609199996572,one shared preloaded model
syn-d27aaf9556c73b9d,lexical_only,5000,1040.0345000089146,5.434999999124557,426.31880000408273,1471.788300012122,one shared preloaded model
syn-99bc78b27a981c11,lexical_only,5000,995.2389000100084,4.244199997629039,288.19510000175796,1287.6782000093954,one shared preloaded model
