example_id,agent,horizon,update_ms,read_ms,generation_ms,end_to_end_ms,model_loading_policy
syn-a6ba61c7f6022987,uncentered,100,249.1014000006544,13.492500002030283,408.8925000032759,671.4864000059606,one shared preloaded model
syn-38eedc2c95f8c5b4,uncentered,100,79.81669999935548,6.699600002320949,323.1588000016927,409.67510000336915,one shared preloaded model
syn-07d41f0782d8a3ec,uncentered,100,63.12220000108937,10.57779999973718,234.8426999997173,308.54270000054385,one shared preloaded model
syn-fa271021cce39036,uncentered,100,101.70629999993253,10.090700001455843,251.01029999859747,362.80729999998584,one shared preloaded model
syn-8632fc6b28ce057a,uncentered,100,97.95479999957024,10.438199999043718,250.95199999850593,359.3449999971199,one shared preloaded model
syn-227faaf725799aff,uncentered,100,74.9498000004678,6.494400000519818,682.9397000001336,764.3839000011212,one shared preloaded model
syn-c819b70cc3b711b6,uncentered,100,69.82280000011087,6.9141000021772925,188.06639999820618,264.80330000049435,one shared preloaded model
syn-f8dc00112ec91804,uncentered,100,90.47149999969406,10.625500002788613,236.37279999820748,337.46980000069016,one shared preloaded model
syn-f97808cf18e3bdc1,uncentered,100,95.34940000230563,10.123699998075608,490.85070000000997,596.3238000003912,one shared preloaded model
syn-1ba0ad3803fd1aab,uncentered,100,61.60210000234656,5.723599999328144,255.97779999952763,323.30350000120234,one shared preloaded model
syn-e89134deef96d28b,uncentered,100,63.079200001084246,6.513699998322409,332.0594999968307,401.65239999623736,one shared preloaded model
syn-d3aec67bcbee5e27,uncentered,100,83.37100000062492,7.1963000009418465,243.0248999989999,333.59220000056666,one shared preloaded model
syn-c403dc8c5bbec2b6,uncentered,100,102.64569999708328,10.711899998568697,301.6952999969362,415.0528999925882,one shared preloaded model
syn-928aaad0bd5f085f,uncentered,100,100.22050000043237,6.78179999886197,272.6574999978766,379.6597999971709,one shared preloaded model
syn-36b88d15de85d49d,uncentered,100,67.40720000016154,7.34540000121342,230.53230000004987,305.28490000142483,one shared preloaded model
syn-ef8755c246c631fe,uncentered,100,99.3274000029487,10.265699998853961,263.0898999996134,372.6830000014161,one shared preloaded model
syn-f8cdd1253dc96ca6,uncentered,100,100.5646000012348,10.27790000080131,203.24540000001434,314.08790000205045,one shared preloaded model
syn-99f1a940ce32e3de,uncentered,100,98.51400000115973,10.702900002797833,304.5334000016737,413.7503000056313,one shared preloaded model
syn-ae830d10e3e44454,uncentered,100,100.02089999761665,10.728699999162927,415.8105999995314,526.560199996311,one shared preloaded model
syn-7aec429f0ba8958c,uncentered,100,103.2528999967326,10.158699999010423,286.87329999957,400.284899995313,one shared preloaded model
syn-7574e07600322df1,uncentered,100,99.09699999843724,10.355800000979798,281.2981999995827,390.75099999899976,one shared preloaded model
syn-6596d6fb03744adc,uncentered,100,100.55650000140304,10.179100001550978,333.1672000022081,443.90280000516213,one shared preloaded model
syn-8028bcd88896f9af,uncentered,100,102.19409999990603,10.1329999997688,234.89129999870784,347.21839999838267,one shared preloaded model
syn-5b04b918e5d2f043,uncentered,100,100.23370000271825,10.399800001323456,296.21210000186693,406.84560000590864,one shared preloaded model
syn-344d41a9584f8be4,uncentered,100,99.26479999921867,10.316000003513182,437.3072000016691,546.888000004401,one shared preloaded model
syn-1c50e11cb54a9a7c,uncentered,100,99.67930000129854,10.238599999865983,332.50780000162194,442.42570000278647,one shared preloaded model
syn-d8bfd6728ae9bb83,uncentered,100,67.83139999970444,6.721500001731329,128.11599999986356,202.66890000129933,one shared preloaded model
syn-9ac94e465129e6ee,uncentered,100,67.00259999706759,6.778700000722893,183.22720000287518,257.00850000066566,one shared preloaded model
syn-8e5a6b17392849e9,uncentered,100,99.6049999994284,10.401199997431831,548.0492999995477,658.0554999964079,one shared preloaded model
syn-6dfbc0e6fffb86d6,uncentered,100,63.28909999865573,6.571199999598321,244.0217000003031,313.88199999855715,one shared preloaded model
syn-d95d1076f16608cf,uncentered,100,100.08430000016233,10.1329999997688,249.23599999965518,359.4532999995863,one shared preloaded model
syn-67085f28c8a345d9,uncentered,100,99.86669999852893,10.33109999843873,252.47390000004089,362.67169999700855,one shared preloaded model
syn-8b88cb5fd4c5e6fc,uncentered,100,88.83599999899161,6.9198999990476295,233.68159999881755,329.4374999968568,one shared preloaded model
syn-42df0ee7d8018963,uncentered,100,91.84730000197305,10.453099999722326,363.1693000024825,465.46970000417787,one shared preloaded model
syn-e8acbc2c88369e51,uncentered,100,67.09029999910854,6.419400000595488,179.18530000315513,252.69500000285916,one shared preloaded model
syn-a642a7089d9f162f,uncentered,100,97.4365999973088,6.677000001218403,319.5468999983859,423.66049999691313,one shared preloaded model
syn-3f6a98eceeaf476b,uncentered,100,94.91780000098515,9.50379999994766,135.37949999954435,239.80110000047716,one shared preloaded model
syn-bfb5882d7330d97f,uncentered,100,97.95220000160043,10.80559999900288,255.1180000009481,363.8758000015514,one shared preloaded model
syn-cfa98bda62d92f7f,uncentered,100,76.94260000062059,7.009900000412017,476.22709999996005,560.1796000009927,one shared preloaded model
syn-534d1ab71809b51f,uncentered,100,95.99589999925229,6.7817000017385,289.9403000010352,392.717900002026,one shared preloaded model
syn-76a54b251d992dd4,uncentered,100,64.84640000053332,6.349200000840938,259.74130000031437,330.9369000016886,one shared preloaded model
syn-6f12022c8819f717,uncentered,100,99.56299999976181,10.395599998446414,267.4991999992926,377.45779999750084,one shared preloaded model
syn-30a75d6754134879,uncentered,100,69.49389999863342,7.057800001348369,298.8654000000679,375.4171000000497,one shared preloaded model
syn-a6ff96ac61f7c6c1,uncentered,100,88.91820000280859,10.407499998109415,335.1074000020162,434.4331000029342,one shared preloaded model
syn-91323a0ae9a650e7,uncentered,100,64.96939999851747,8.06910000028438,194.8579999989306,267.89649999773246,one shared preloaded model
syn-9d9ad34b79849f2d,uncentered,100,63.87919999906444,6.546699998580152,235.94729999967967,306.37319999732426,one shared preloaded model
syn-36b5b8f6c6bbf2cc,uncentered,100,98.04079999958049,10.646900002029724,155.96780000123545,264.65550000284566,one shared preloaded model
syn-96244de128be170e,uncentered,100,100.60869999870192,10.718800000176998,252.2224999993341,363.549999998213,one shared preloaded model
syn-3e8dcebdc4767103,uncentered,100,99.40869999991264,10.371500000474043,242.33190000086324,352.1121000012499,one shared preloaded model
syn-8f7fdf0bdfb10d4a,uncentered,100,98.45689999929164,10.092600001371466,328.88890000322135,437.43840000388445,one shared preloaded model
syn-d4fda360fe6fdd4f,uncentered,100,82.94260000184295,6.8334999996295664,230.28979999799049,320.065899999463,one shared preloaded model
syn-42ee4c7254b57eb8,uncentered,100,76.26179999715532,10.229999999864958,298.4708999974828,384.96269999450305,one shared preloaded model
syn-feccf5e27bea7518,uncentered,100,69.60379999873112,10.000500002206536,318.4714000017266,398.07570000266423,one shared preloaded model
syn-c01e14c5c8c50d03,uncentered,100,79.8599000008835,6.876699997519609,584.7634999990987,671.5000999975018,one shared preloaded model
syn-cb15ba714ba5ec8f,uncentered,100,96.86839999994845,9.981299997889437,230.3490000012971,337.198699999135,one shared preloaded model
syn-615f495f59b50927,uncentered,100,100.01520000150776,6.705100000544917,298.0688999996346,404.7892000016873,one shared preloaded model
syn-a6cbf0e1e86a6450,uncentered,100,98.20530000069994,10.71330000195303,205.55210000020452,314.4707000028575,one shared preloaded model
syn-57b966091e7ec699,uncentered,100,71.32780000029015,6.952799998543924,184.91889999859268,263.19949999742676,one shared preloaded model
syn-89f8450f6e93be24,uncentered,100,72.56670000060694,7.187499999417923,505.1266000009491,584.880800000974,one shared preloaded model
syn-e4cf69e50674883c,uncentered,100,67.84649999826797,10.068800002045464,304.9678999996104,382.8831999999238,one shared preloaded model
syn-52dd73e2d68a5917,uncentered,100,99.5148000001791,10.320900000806432,323.832099998981,433.6677999999665,one shared preloaded model
syn-1a7e4a2f4f0fe9c6,uncentered,100,79.54310000059195,6.908999999723164,392.30920000045444,478.76130000076955,one shared preloaded model
syn-e8ee9cee31093b93,uncentered,100,65.91629999820725,6.702300001052208,272.4925999973493,345.1111999966088,one shared preloaded model
syn-1546004190558953,uncentered,100,102.68409999844152,10.551199997280492,327.1628000002238,440.3980999959458,one shared preloaded model
syn-7858be5eb774eb5b,uncentered,100,60.3676999999152,5.716099996789126,423.3812999991642,489.4650999958685,one shared preloaded model
syn-fd59ad3a4d996680,uncentered,100,94.93019999717944,7.215100002213148,301.19529999865335,403.34059999804595,one shared preloaded model
syn-fc9a9858781e0d3a,uncentered,100,85.99040000262903,9.819599999900674,203.17549999890616,298.98550000143587,one shared preloaded model
syn-324d7fc5d16391c8,uncentered,100,71.97850000011385,7.140800000343006,185.04749999920023,264.1667999996571,one shared preloaded model
syn-6e90d8e0c38e9334,uncentered,100,100.62809999726596,10.264900000038324,345.4901000004611,456.3830999977654,one shared preloaded model
syn-8e5f564bbff2ec81,uncentered,100,84.88080000097398,6.661800001893425,180.67100000189384,272.21360000476125,one shared preloaded model
syn-ad377a0c752a987e,uncentered,100,100.28130000137025,10.152500002732268,319.9181999989378,430.3520000030403,one shared preloaded model
syn-fd23e7842d0bf088,uncentered,100,100.57589999996708,9.529000002657995,277.80709999933606,387.91200000196113,one shared preloaded model
syn-9dce3e031398985d,uncentered,100,102.65349999826867,7.919200001197169,300.5324000005203,411.1050999999861,one shared preloaded model
syn-cb9495248ba394a9,uncentered,100,99.28899999795249,10.38420000259066,296.17770000186283,405.850900002406,one shared preloaded model
syn-d45c12362eae6b90,uncentered,100,86.384199999884,10.215599999355618,322.64150000264635,419.241300001886,one shared preloaded model
syn-fe3b30dd29d66256,uncentered,100,101.29840000081458,10.571099999651778,345.0272000009136,456.89670000137994,one shared preloaded model
syn-0f420473e95734a2,uncentered,100,59.62970000109635,5.792699997982709,173.79520000031334,239.2175999993924,one shared preloaded model
syn-14c34fb5209acd83,uncentered,100,96.633599998313,10.828300000866875,251.93310000031488,359.39499999949476,one shared preloaded model
syn-323bc307f3b8489c,uncentered,100,64.74729999899864,6.537699999171309,247.1717999978864,318.45679999605636,one shared preloaded model
syn-d1a98c9ebc2b2b63,uncentered,100,89.1656999992847,10.358499999711057,234.7912000004726,334.31539999946835,one shared preloaded model
syn-8b8261103d0d9683,uncentered,100,85.98329999949783,8.506000001943903,294.37770000004093,388.86700000148267,one shared preloaded model
syn-73911e04a0932499,uncentered,100,99.10280000258354,10.235499998088926,323.29459999891696,432.6328999995894,one shared preloaded model
syn-85c77c5469482f47,uncentered,100,81.54780000040773,6.664199998340337,328.01979999931064,416.2317999980587,one shared preloaded model
syn-1725a6155d089dde,uncentered,100,82.68350000071223,6.664199998340337,270.6830999995873,360.03079999863985,one shared preloaded model
syn-fc05e77b7c242574,uncentered,100,74.07690000036382,6.787800000893185,520.8085999984178,601.6732999996748,one shared preloaded model
syn-86308b042f251696,uncentered,100,63.77790000260575,6.518300000607269,222.04140000030748,292.3376000035205,one shared preloaded model
syn-434e7ed49b935751,uncentered,100,97.41570000187494,10.854699998162687,107.60319999826606,215.8735999983037,one shared preloaded model
syn-530c2c738f789d98,uncentered,100,81.32739999928162,8.084299999609357,253.53850000101374,342.9501999999047,one shared preloaded model
syn-0c19d7397f14e5b6,uncentered,100,101.02909999841359,10.187899999436922,896.4166000005207,1007.6335999983712,one shared preloaded model
syn-a1612d852aaaaac3,uncentered,100,67.10179999936372,6.3102000021899585,309.59509999956936,383.00710000112304,one shared preloaded model
syn-c0220289c4182645,uncentered,100,61.81849999848055,6.336300000839401,251.24240000150166,319.3972000008216,one shared preloaded model
syn-9e6843c042c117d6,uncentered,100,93.42930000275373,7.698199999140343,319.6189999980561,420.7464999999502,one shared preloaded model
syn-0ac0bff8c97627a3,uncentered,100,99.41729999991367,9.962000000086846,320.1570000019274,429.5363000019279,one shared preloaded model
syn-2125020456ee5ce0,uncentered,100,64.40870000005816,6.364699998812284,293.32789999898523,364.1012999978557,one shared preloaded model
syn-2caa699fccb66b00,uncentered,100,91.64160000000265,6.854999999632128,247.90130000110366,346.39790000073845,one shared preloaded model
syn-861af0982b3de585,uncentered,100,99.9179999998887,7.81989999813959,671.3471000002755,779.0849999983038,one shared preloaded model
syn-608838df8784d01b,uncentered,100,98.68859999915003,10.142500002984889,203.3067000011215,312.1378000032564,one shared preloaded model
syn-114b81595c7d762a,uncentered,100,99.38079999847105,10.808399998495588,208.41250000012224,318.6016999970889,one shared preloaded model
syn-4a863129f2275dc1,uncentered,100,77.36459999796352,6.681500002741814,433.8651999969443,517.9112999976496,one shared preloaded model
syn-d2ca3d27b15e9657,uncentered,100,83.55490000030841,10.013399998570094,321.09009999840055,414.65839999727905,one shared preloaded model
syn-0c9fef436275cdd9,uncentered,100,67.36440000167931,6.222799998795381,127.03749999855063,200.62469999902532,one shared preloaded model
syn-f1d5d22bd7ee481d,uncentered,100,94.95299999980489,6.795699999202043,333.1565000007686,434.9051999997755,one shared preloaded model
syn-a575cf643cb1c076,uncentered,100,64.17129999681492,6.431500001781387,254.91839999813237,325.5211999967287,one shared preloaded model
syn-ee742f0c9f76781d,uncentered,100,97.88180000032298,10.129599999345373,322.65579999875627,430.6671999984246,one shared preloaded model
syn-da5dd03ecb643f4d,uncentered,100,60.8475000008184,9.166099996946286,431.1133000010159,501.1268999987806,one shared preloaded model
syn-326d673969961656,uncentered,100,101.58279999814113,10.356000002502697,320.0467999995453,431.98560000018915,one shared preloaded model
syn-962a3810f04e9097,uncentered,100,98.18930000255932,10.354199999710545,202.758300001733,311.30180000400287,one shared preloaded model
syn-f0aad1f13f69b874,uncentered,100,76.72579999780282,7.176300001447089,183.8939000008395,267.7960000000894,one shared preloaded model
syn-c2a05483a856b3ef,uncentered,100,103.5308000027726,10.09650000196416,603.8568000003579,717.4841000050947,one shared preloaded model
syn-e0cedd9b0e32d085,uncentered,100,74.10330000129761,10.024600000178907,249.04500000047847,333.172900001955,one shared preloaded model
syn-29a180ad2143328a,uncentered,100,103.19729999901028,10.66509999873233,296.4533999984269,410.3157999961695,one shared preloaded model
syn-735f77503b2ba024,uncentered,100,101.30789999675471,10.421800001495285,320.27929999821936,432.00899999646936,one shared preloaded model
syn-148ccbd3316665a4,uncentered,100,93.27769999799784,10.3144999993674,298.4234000032302,402.01560000059544,one shared preloaded model
syn-3c75ee23c6f50e1b,uncentered,100,65.81390000064857,6.4884999992500525,255.88179999977,328.18419999966864,one shared preloaded model
syn-f4dbe8e18b96050d,uncentered,100,98.31739999935962,10.433799998281756,253.27549999929033,362.0266999969317,one shared preloaded model
syn-da9774599d83a1b5,uncentered,100,95.57960000165622,10.181599998759339,326.34890000190353,432.1101000023191,one shared preloaded model
syn-2ef399e82e449faf,uncentered,100,65.36729999788804,6.435999999666819,140.83640000171727,212.63969999927212,one shared preloaded model
syn-eb0f5ee31c508a61,uncentered,100,97.94309999779216,10.58259999990696,195.2391999984684,303.7648999961675,one shared preloaded model
syn-cda71c350602bddf,uncentered,100,98.65279999939958,10.200199998507742,516.6928000035114,625.5458000014187,one shared preloaded model
syn-28fa6f2fe12641b3,uncentered,100,99.76010000173119,10.175899999012472,281.43870000349125,391.3747000042349,one shared preloaded model
syn-c20dfce1d761b522,uncentered,100,64.19610000011744,6.868599997687852,330.15509999677306,401.21979999457835,one shared preloaded model
syn-7df1c817de9a1ea1,uncentered,100,99.51890000229469,10.615099999995437,356.31710000234307,466.4511000046332,one shared preloaded model
syn-3c57b67fca1c10a3,uncentered,100,66.8305999970471,6.36800000211224,309.68440000287956,382.8830000020389,one shared preloaded model
syn-0cbb31a1498b5e27,uncentered,100,86.21540000240202,6.944100001419429,305.4572000000917,398.61670000391314,one shared preloaded model
syn-c69bdbfce61e9f10,uncentered,100,102.05259999929694,9.991399998398265,394.17800000228453,506.22199999997974,one shared preloaded model
syn-9129e328d0e87e58,uncentered,100,67.33629999871482,6.523600000946317,319.40839999879245,393.2682999984536,one shared preloaded model
syn-c3a845f6f37328df,uncentered,100,86.34320000055595,10.770600001706043,203.49290000012843,300.6067000023904,one shared preloaded model
syn-af9227c03b96e947,uncentered,100,99.74119999969844,11.102599997684592,187.7609000002849,298.6046999976679,one shared preloaded model
syn-d30db6602c5e7bcf,uncentered,100,94.30449999854318,10.45710000107647,480.3219999994326,585.0835999990522,one shared preloaded model
syn-2bcd2d10bf252a88,uncentered,100,92.3304999996617,6.7817000017385,266.35689999966417,365.46910000106436,one shared preloaded model
syn-e69fbacb0ad339d8,uncentered,100,96.60930000245571,10.337699997762684,320.7793000001402,427.7263000003586,one shared preloaded model
syn-f7dee247f844b523,uncentered,100,86.5287000015087,10.239899998850888,337.59550000104355,434.36410000140313,one shared preloaded model
syn-218ffaef8da3d8da,uncentered,100,98.69950000211247,9.978500002034707,298.0165000008128,406.69450000496,one shared preloaded model
syn-a31eb202acdba085,uncentered,100,103.21939999994356,10.417800000141142,299.0406000026269,412.6778000027116,one shared preloaded model
syn-4dfded52a9bb2c90,uncentered,100,69.05100000221864,6.461399996624095,479.7526000002108,555.2649999990535,one shared preloaded model
syn-cd947d2b8e2144b0,uncentered,100,69.02410000111558,10.4739000016707,342.8161000010732,422.3141000038595,one shared preloaded model
syn-6abe44228638f132,uncentered,100,99.63109999807784,10.387599999376107,133.97830000030808,243.99699999776203,one shared preloaded model
syn-1258eab437601206,uncentered,100,99.25450000082492,10.994200001732679,215.11829999872134,325.36700000127894,one shared preloaded model
syn-4d8e6dbc90583d69,uncentered,100,88.97480000086944,10.7955999992555,453.03190000049653,552.8023000006215,one shared preloaded model
syn-a1a8b545941a8915,uncentered,100,95.71500000311062,9.971899999072775,322.7636999981769,428.4506000003603,one shared preloaded model
syn-c0a5d6164a143c21,uncentered,100,62.4294999979611,7.122399998479523,319.77249999908963,389.32439999553026,one shared preloaded model
syn-911a5b307c155365,uncentered,100,62.73730000248179,6.467600000178209,329.48080000278424,398.68570000544423,one shared preloaded model
syn-bcca1bb50f9b9cef,uncentered,100,67.53190000017639,7.047900002362439,318.92380000135745,393.5036000038963,one shared preloaded model
syn-c9e69c66406cd3b1,uncentered,100,79.23809999920195,9.76240000090911,360.478200000216,449.4787000003271,one shared preloaded model
syn-2becd65beee0364a,uncentered,100,64.46259999938775,6.280800000240561,182.90960000013,253.65299999975832,one shared preloaded model
syn-4dd85348c38c0357,uncentered,100,82.94309999837424,6.739300002664095,292.9148000002897,382.597200001328,one shared preloaded model
syn-f242b8cc2cb723b5,uncentered,100,64.0982000004442,9.785300000658026,202.99019999947632,276.87370000057854,one shared preloaded model
syn-fbc447c0fcb7cfc8,uncentered,100,101.48649999973713,10.721499998908257,216.4974000006623,328.7053999993077,one shared preloaded model
syn-a9f156119ea9fcd1,uncentered,100,73.06040000185021,9.557600002153777,492.3345999995945,574.9526000035985,one shared preloaded model
syn-a90c99e2e79a45d4,uncentered,100,92.74119999827235,6.6674000008788425,251.04130000181613,350.4499000009673,one shared preloaded model
syn-c5a2eb58a93f472f,uncentered,100,66.9610000004468,6.65830000070855,230.4814000017359,304.10070000289124,one shared preloaded model
syn-ea7b327ba9b080c9,uncentered,100,100.08219999872381,10.134799998922972,329.7520000014629,439.96899999910966,one shared preloaded model
syn-92715b9aee29e997,uncentered,100,62.94510000225273,6.255899999814574,259.766999999556,328.9680000016233,one shared preloaded model
syn-b766696c0d786013,uncentered,100,71.98160000189091,10.657099999662023,260.80670000010286,343.4454000016558,one shared preloaded model
syn-d3d77d74b12e306a,uncentered,100,63.53700000181561,6.665800003247568,184.92519999927026,255.12800000433344,one shared preloaded model
syn-48230ce25b5de2fa,uncentered,100,83.39309999792022,10.228099999949336,351.0926000017207,444.71379999959026,one shared preloaded model
syn-7f6bff1d2ac7c3f3,uncentered,100,61.8082000000868,9.481000000960194,160.71759999977075,232.00680000081775,one shared preloaded model
syn-f37c1fc0c7eaae06,uncentered,100,83.27819999976782,10.731400001532165,321.87489999705576,415.88449999835575,one shared preloaded model
syn-915a70d70da9799e,uncentered,100,79.27270000072895,10.361199998442316,457.8289999990375,547.4628999982087,one shared preloaded model
syn-2c4f2b37f5b601c4,uncentered,100,99.87940000064555,10.175799998251023,297.42260000057286,407.4777999994694,one shared preloaded model
syn-27269f1dafd012f5,uncentered,100,97.62929999851622,10.470900000655092,314.95019999783835,423.05039999700966,one shared preloaded model
syn-fc4e5b6a2ef2e383,uncentered,100,71.70689999838942,6.546100001287414,296.10930000126245,374.3623000009393,one shared preloaded model
syn-5d4106eaf2ee51c8,uncentered,100,97.93679999711458,10.325999999622582,333.9382999984082,442.20109999514534,one shared preloaded model
syn-81331bee65710972,uncentered,100,93.22450000036042,10.369499999796972,360.0741000009293,463.6681000010867,one shared preloaded model
syn-6795425cf8dabbc9,uncentered,100,98.95789999791305,10.14009999926202,250.69490000169026,359.7928999988653,one shared preloaded model
syn-67983f23f948cb13,uncentered,100,88.82180000000517,9.278300000005402,271.48449999731383,369.5845999973244,one shared preloaded model
syn-312d206fb59e358d,uncentered,100,70.87249999676715,5.901500000618398,146.3878999966255,223.16189999401104,one shared preloaded model
syn-b374ae5f8bdeb59c,uncentered,100,95.67089999836753,10.774100002890918,250.13190000026952,356.576900001528,one shared preloaded model
syn-c4e2cf0cbaef3cc6,uncentered,100,98.17280000061146,10.3043000017351,524.4316000025719,632.9087000049185,one shared preloaded model
syn-e1486ac132d09f0e,uncentered,100,99.80739999809884,10.339299999031937,298.6858000003849,408.8324999975157,one shared preloaded model
syn-7863c0207b8e2373,uncentered,100,102.05800000039744,10.151599999517202,352.80369999964023,465.0132999995549,one shared preloaded model
syn-9cbbfa64d29cb813,uncentered,100,99.11830000055488,10.031800000433577,323.64890000098967,432.79900000197813,one shared preloaded model
syn-a65473d1d46ed2c6,uncentered,100,99.7852000000421,10.245499997836305,296.5302000011434,406.5608999990218,one shared preloaded model
syn-2b046916be0cd392,uncentered,100,99.12819999954081,10.382299999037059,298.3003999979701,407.81089999654796,one shared preloaded model
syn-72b8f748d5763fa5,uncentered,100,67.5109000003431,6.8888999994669575,184.605599999486,259.00539999929606,one shared preloaded model
syn-9e74ef31f1615b66,uncentered,100,100.51069999826723,10.080200001539197,315.34990000000107,425.9407999998075,one shared preloaded model
syn-00b96c3bac38cc42,uncentered,100,98.92549999858602,10.844699998415308,203.2578000034846,313.0280000004859,one shared preloaded model
syn-952b966eee3f8c13,uncentered,100,80.38529999976163,7.287100001121871,249.44229999891832,337.1146999998018,one shared preloaded model
syn-c8f1cb75a43de506,uncentered,100,74.12359999943874,7.168999996792991,549.2591000001994,630.5516999964311,one shared preloaded model
syn-34a4a1cf2545d780,uncentered,100,100.83899999881396,10.292900002241367,291.3601000000199,402.4920000010752,one shared preloaded model
syn-f36a532a7f829e27,uncentered,100,82.75510000021313,6.357300000672694,286.51410000020405,375.6265000010899,one shared preloaded model
syn-3f66f6fab4661265,uncentered,100,87.19039999778033,6.8098999981884845,265.6072999998287,359.6075999957975,one shared preloaded model
syn-be86febc4b2804a6,uncentered,100,84.88709999801358,6.878399999550311,295.8437999986927,387.6092999962566,one shared preloaded model
syn-eb0aba33a8e92d25,uncentered,100,101.03379999782192,10.136199998669326,244.59520000164048,355.7651999981317,one shared preloaded model
syn-de9cccc7c153bbf4,uncentered,100,101.52209999796469,10.237999998935265,264.92309999957797,376.6831999964779,one shared preloaded model
syn-28812aeb523a4ea3,uncentered,100,98.9220999981626,10.148800000024494,344.12130000055186,453.19219999873894,one shared preloaded model
syn-071e5a31b62e0a3b,uncentered,100,103.19890000027954,10.353600002417807,203.02910000100383,316.58160000370117,one shared preloaded model
syn-c5f347691e4f1189,uncentered,100,85.60059999945224,10.840399998414796,254.5916999988549,351.03269999672193,one shared preloaded model
syn-2541ac3e0cf6ae0f,uncentered,100,93.1116000028851,10.24140000299667,288.74530000030063,392.0983000061824,one shared preloaded model
syn-1a12965cf6e9620a,uncentered,100,103.07939999984228,10.471199999301462,329.8042999995232,443.35489999866695,one shared preloaded model
syn-833ee80d2a35282c,uncentered,100,88.59630000006291,6.398199999239296,304.6111000003293,399.6055999996315,one shared preloaded model
syn-d71cb3ea0a850053,uncentered,100,99.7825999984343,10.32610000038403,305.7989000008092,415.90759999962756,one shared preloaded model
syn-b58eb0dc1a3b98a9,uncentered,100,95.48899999936111,10.067899998830399,330.0757999968482,435.63269999503973,one shared preloaded model
syn-f547811aa164f77c,uncentered,100,70.66409999970347,6.49639999755891,301.70390000057523,378.8643999978376,one shared preloaded model
syn-c2a992a405ca2108,uncentered,100,63.70500000048196,6.543399998918176,246.58509999790112,316.83349999730126,one shared preloaded model
syn-ce2c8b075853cedc,uncentered,100,98.41360000064014,10.192000001552515,341.56809999694815,450.1736999991408,one shared preloaded model
syn-687fc71335d706d6,uncentered,100,101.87070000029053,10.084999998070998,204.14569999775267,316.1013999961142,one shared preloaded model
syn-6aece6dd34a4454c,uncentered,100,99.93680000116001,10.651900000084424,182.8657000005478,293.45440000179224,one shared preloaded model
syn-b9f4fa3de270243b,uncentered,100,99.31280000091647,10.097299997141818,514.4064000014623,623.8164999995206,one shared preloaded model
syn-7a9964e8147076b4,uncentered,100,103.24129999935394,10.31909999801428,313.5298999986844,427.09029999605264,one shared preloaded model
syn-5afa3fb6102c079e,uncentered,100,104.55240000010235,9.087800000997959,278.61639999900945,392.25660000010976,one shared preloaded model
syn-741bd6aa659cbb3a,uncentered,100,86.33049999843934,6.441500001528766,282.3658000015712,375.1378000015393,one shared preloaded model
syn-e2066c5ef4eaa754,uncentered,100,65.99669999923208,6.456099999923026,243.822899999941,316.2756999990961,one shared preloaded model
syn-9ad6a91dae6541b0,uncentered,100,70.91120000040974,6.550999998580664,297.18920000232174,374.65140000131214,one shared preloaded model
syn-0cc07eac74fee68f,uncentered,100,69.28319999860832,6.653100001130952,219.78970000054687,295.72600000028615,one shared preloaded model
syn-06f1746d73db3d7a,uncentered,100,98.65729999728501,10.104500001034467,324.5572000014363,433.31899999975576,one shared preloaded model
syn-af7777b30c76fe8f,uncentered,100,84.48169999974198,6.516600002214545,133.0779000018083,224.07620000376482,one shared preloaded model
syn-a3df3702910d82c8,uncentered,100,98.71430000202963,7.145699997636257,183.51260000054026,289.37260000020615,one shared preloaded model
syn-1b32176f8ab0ad0d,uncentered,100,99.5522000011988,10.48609999998007,500.0560000007681,610.094300001947,one shared preloaded model
syn-3c9a56c51e114ae8,uncentered,100,99.81089999928372,10.133100000530249,327.205599998706,437.14959999852,one shared preloaded model
syn-4dc80c16468d7ae3,uncentered,100,78.88010000169743,10.388599999714643,231.49320000084117,320.76190000225324,one shared preloaded model
syn-635cc36e60ec9abe,uncentered,100,85.33709999755956,6.51809999908437,276.9470999992336,368.80229999587755,one shared preloaded model
syn-166e4d8638667138,uncentered,100,103.3657999978459,10.422299998026574,303.76820000310545,417.5562999989779,one shared preloaded model
syn-4b2e3c750d96faf1,uncentered,100,97.10580000319169,10.325100000045495,298.12440000023344,405.5553000034706,one shared preloaded model
syn-5c60aa247e7da516,uncentered,100,83.73609999762266,9.99479999882169,191.66240000049584,285.3932999969402,one shared preloaded model
syn-363ae45960cbd6ea,uncentered,100,100.47610000037821,10.12349999655271,332.7648999984376,443.36449999536853,one shared preloaded model
syn-202a222301f9a6d4,uncentered,100,73.85580000118352,6.836900000052992,202.59429999714484,283.28699999838136,one shared preloaded model
syn-7cf12316980709f6,uncentered,100,99.42159999991418,10.855000000447035,219.10750000097323,329.38410000133445,one shared preloaded model
syn-728e33df6904e39f,uncentered,100,98.69070000058855,10.215899998001987,471.04570000010426,579.9522999986948,one shared preloaded model
syn-5bd3e7c2aa979761,uncentered,100,98.26690000045346,6.731200002832338,309.61390000084066,414.61200000412646,one shared preloaded model
syn-9f5692455ac5f9eb,uncentered,100,77.8595999981917,6.51550000111456,230.36690000299131,314.7420000022976,one shared preloaded model
syn-d0e73d43fc27e780,uncentered,100,70.7366999995429,6.616400001803413,348.48910000073374,425.84220000208006,one shared preloaded model
syn-70ea21787462e8bb,uncentered,100,102.20900000058464,10.042599998996593,318.9442999973835,431.1958999969647,one shared preloaded model
syn-93ebae83f12babde,uncentered,100,64.6180000003369,6.512199997814605,243.57880000025034,314.70899999840185,one shared preloaded model
syn-80b5fa71901fb209,uncentered,100,97.33490000144229,10.13510000120732,252.10530000185827,359.5753000045079,one shared preloaded model
syn-31a023f7ba9bc6ca,uncentered,100,84.22079999945709,7.151599998906022,267.5205999985337,358.89299999689683,one shared preloaded model
syn-86c7f5c14844a928,uncentered,100,98.94690000146511,10.768199997983174,153.6115000017162,263.3266000011645,one shared preloaded model
syn-a86b2bf35ce487cf,uncentered,100,67.47010000253795,7.32869999774266,246.7322000011336,321.5310000014142,one shared preloaded model
syn-a191dd5bc4522c3f,uncentered,100,100.2970000008645,10.521099997276906,491.084299999784,601.9023999979254,one shared preloaded model
syn-24c6eb89fa9bc77a,uncentered,100,71.85290000052191,9.985699998651398,317.19169999996666,399.03029999913997,one shared preloaded model
syn-7e9cddfe26e96d08,uncentered,100,63.981899998907465,6.321000000752974,238.3588000011514,308.66170000081183,one shared preloaded model
syn-79244b5ea6e26a35,uncentered,100,89.84869999767398,6.826099997851998,321.1504999999306,417.8252999954566,one shared preloaded model
syn-351b1f137e4c70f0,uncentered,100,61.77690000185976,6.270899997616652,345.4161999979988,413.4639999974752,one shared preloaded model
syn-fe81b916e846f8e6,uncentered,100,83.16500000000815,6.52289999925415,331.4872999981162,421.1751999973785,one shared preloaded model
syn-890454ea84307ccf,uncentered,100,88.84720000060042,6.3991999995778315,431.380199999694,526.6265999998723,one shared preloaded model
syn-38ffd1c0f969d3ce,uncentered,100,66.22070000230451,6.381299997883616,302.70869999731076,375.3106999974989,one shared preloaded model
syn-449f78fee2e31323,uncentered,100,65.5244000008679,7.337299997743685,103.14620000281138,176.00790000142297,one shared preloaded model
syn-386d7fabe68c0b51,uncentered,100,84.34979999947245,6.926600002771011,213.84670000043116,305.1231000026746,one shared preloaded model
syn-a53e008f5352ab7c,uncentered,100,99.5126000016171,10.220699998171767,304.95109999901615,414.684399998805,one shared preloaded model
syn-2d7332919d82acd7,uncentered,100,70.95540000227629,6.498399998235982,266.5046000001894,343.95840000070166,one shared preloaded model
syn-4b43eb5a0d3f5e34,uncentered,100,67.13030000173603,7.09389999974519,261.9287000015902,336.1529000030714,one shared preloaded model
syn-1c8165dfe7849318,uncentered,100,103.1105000001844,10.983600001054583,298.33139999755076,412.42549999878975,one shared preloaded model
syn-d3b9785b73055c98,uncentered,100,100.82349999720464,10.469800003193086,294.93899999943096,406.2322999998287,one shared preloaded model
syn-eb6fed3bb3f62d98,uncentered,100,74.02340000044205,7.464599999366328,262.15400000000955,343.6419999998179,one shared preloaded model
syn-413d807574a54fac,uncentered,100,97.96949999872595,10.223100001894636,267.38789999944856,375.58050000006915,one shared preloaded model
syn-8be08b3c364210f6,uncentered,100,99.56899999815505,10.648800001945347,305.1850000010745,415.4028000011749,one shared preloaded model
syn-c73284e558f60ee0,uncentered,100,97.72809999776655,10.06509999933769,202.56069999959436,310.3538999966986,one shared preloaded model
syn-af7cdb39cb252396,uncentered,100,64.67870000051335,6.87130000005709,183.26519999754964,254.81519999812008,one shared preloaded model
syn-6cb7e0329cf51091,uncentered,100,98.7301999994088,10.649200001353165,493.28569999852334,602.6650999992853,one shared preloaded model
syn-7ff503cc87bf6b72,uncentered,100,91.44690000175615,6.931200001417892,318.77179999719374,417.1499000003678,one shared preloaded model
syn-6409e2246567d47d,uncentered,100,97.70690000004834,10.308799999620533,300.13229999894975,408.1479999986186,one shared preloaded model
syn-56a9578b1ca629d6,uncentered,100,87.86460000192164,10.167000000365078,274.6724000026006,372.70400000488735,one shared preloaded model
syn-96125f8027ab183e,uncentered,100,90.67370000047958,6.806100001995219,326.1595000003581,423.6393000028329,one shared preloaded model
syn-d108a25e35d2aec2,uncentered,100,62.513499997294275,6.359700000757584,235.74019999796292,304.6133999960148,one shared preloaded model
syn-e505f665edac12f5,uncentered,100,86.27630000046338,10.143899999093264,459.36749999964377,555.7876999992004,one shared preloaded model
syn-227123dfbfb3b60b,uncentered,100,101.5850000003411,10.559800000919495,307.2087000000465,419.3535000013071,one shared preloaded model
syn-a3509d974e84be76,uncentered,100,65.10830000115675,6.512699997983873,101.99999999895226,173.62099999809288,one shared preloaded model
syn-4db0fdc492341150,uncentered,100,99.8446999983571,10.637599996698555,235.05479999948875,345.5370999945444,one shared preloaded model
syn-ad343e5861a42f48,uncentered,100,63.07740000193007,6.632200002059108,508.57100000212085,578.28060000611,one shared preloaded model
syn-98938f2a750732e3,uncentered,100,99.66999999960535,10.36490000115009,300.37239999728627,410.4072999980417,one shared preloaded model
syn-588e0cf52a62ad07,uncentered,100,99.0894999995362,10.472500001924345,319.51899999694433,429.0809999984049,one shared preloaded model
syn-3a2b16f76aac64a3,uncentered,100,86.92130000054021,10.38170000174432,299.60550000032526,396.9085000026098,one shared preloaded model
syn-771747a46595b170,uncentered,100,84.52190000025439,10.083199998916825,299.70609999872977,394.311199997901,one shared preloaded model
syn-b862e71029dd1141,uncentered,100,82.66910000020289,6.443699996452779,250.87279999934253,339.9855999959982,one shared preloaded model
syn-ab82b68526b31cc1,uncentered,100,104.43909999958123,10.480599998118123,422.8631000005407,537.7827999982401,one shared preloaded model
syn-0972954b0101952a,uncentered,100,65.24509999871952,6.464900001446949,285.26509999937844,356.9750999995449,one shared preloaded model
syn-8e233e6259a3ff93,uncentered,100,99.30750000057742,10.467899999639485,179.3662999989465,289.1416999991634,one shared preloaded model
syn-d72c9b6d1c8b544c,uncentered,100,91.43889999904786,10.887899999943329,251.13250000140397,353.45930000039516,one shared preloaded model
syn-2473152ac1131384,uncentered,100,98.23469999901135,10.143600000446895,613.1602999994357,721.5385999988939,one shared preloaded model
syn-99c8100852c041ab,uncentered,100,98.8738000014564,10.497700000996701,318.9568000016152,428.3283000040683,one shared preloaded model
syn-c072bb6c30501eb5,uncentered,100,97.7353000016592,10.18590000239783,305.89400000098976,413.8152000050468,one shared preloaded model
syn-6ceaf5097ce9c759,uncentered,100,75.23690000016359,10.067900002468377,333.0283999966923,418.3331999993243,one shared preloaded model
syn-b22dac7d46c56ef7,uncentered,100,67.97039999946719,6.395699998392956,303.0040999983612,377.37019999622134,one shared preloaded model
syn-a820901274815962,uncentered,100,99.45019999940996,10.265500000969041,319.8677000000316,429.5834000004106,one shared preloaded model
syn-4d0c462a9611104c,uncentered,100,62.39610000193352,6.755300000804709,244.99120000109542,314.14260000383365,one shared preloaded model
syn-966462fdc64001cb,uncentered,100,70.69899999987683,6.622799999604467,320.2027999977872,397.5245999972685,one shared preloaded model
syn-aab7f6253fc3371c,uncentered,100,99.82409999793163,10.095599998749094,203.42970000274363,313.34939999942435,one shared preloaded model
syn-6cd597ee81f40259,uncentered,100,65.72120000055293,7.05990000278689,182.5044999968668,255.2856000002066,one shared preloaded model
syn-ac63a94c62bb28b0,uncentered,100,65.77900000047521,6.608100000448758,493.51319999914267,565.9003000000666,one shared preloaded model
syn-caaf77c3bc556729,uncentered,100,97.96160000041709,10.337600000639213,323.1175000000803,431.41670000113663,one shared preloaded model
syn-be57cd78365e7d1a,uncentered,100,98.10970000035013,10.229000003164401,307.3074000021734,415.6461000056879,one shared preloaded model
syn-f8666490bec6d369,uncentered,100,95.35580000010668,10.124799999175593,273.54790000026696,379.02849999954924,one shared preloaded model
syn-60ede6f62c127051,uncentered,100,60.83629999920959,6.403800001862692,250.51840000014636,317.75850000121864,one shared preloaded model
syn-3ca2daab899324eb,uncentered,100,98.83809999882942,6.795299999794224,286.14680000100634,391.78019999963,one shared preloaded model
syn-751ad704e49319a5,uncentered,100,95.86050000143587,10.150599999178667,434.8991999977443,540.9102999983588,one shared preloaded model
syn-1def9112232df49c,uncentered,100,103.08609999992768,10.162999999010935,303.10730000201147,416.3564000009501,one shared preloaded model
syn-6d9bfb9f846bec63,uncentered,100,99.28189999845927,10.313700000551762,202.7620000008028,312.35759999981383,one shared preloaded model
syn-6743c3c7d98bfc0e,uncentered,100,102.75980000005802,11.129200000141282,322.2569999998086,436.1460000000079,one shared preloaded model
syn-01d7e9b6955f7473,uncentered,100,99.87109999929089,10.242600001220126,474.928200001159,585.04190000167,one shared preloaded model
syn-2e85e9170d30ba71,uncentered,100,85.17969999957131,10.45950000116136,319.60109999999986,415.24030000073253,one shared preloaded model
syn-37671ca7cf5c1eb5,uncentered,100,66.57039999845438,7.088199999998324,301.87759999898844,375.53619999744114,one shared preloaded model
syn-f4e3f903987f6c89,uncentered,100,103.05099999823142,10.097900001710514,332.1743000014976,445.32320000143955,one shared preloaded model
syn-0baea2d67907d7b5,uncentered,100,64.57120000050054,6.503399999928661,301.6736999998102,372.7483000002394,one shared preloaded model
syn-64b6c1ab320dbe67,uncentered,100,100.32190000129049,10.245999998005573,334.0298000002804,444.59769999957643,one shared preloaded model
syn-ebbfd3d64aa3659e,uncentered,100,98.198699997738,10.182999998505693,250.30770000012126,358.68939999636495,one shared preloaded model
syn-9ba4c01860d01716,uncentered,100,94.05360000164364,10.264299999107607,352.229800002533,456.54770000328426,one shared preloaded model
syn-30ea2cdf2f968903,uncentered,100,68.37040000027628,7.433100003254367,202.47660000313772,278.28010000666836,one shared preloaded model
syn-8c64fa1f197773be,uncentered,100,81.22309999816935,6.948400001419941,183.4344000017154,271.6059000013047,one shared preloaded model
syn-73c6ca9be338f033,uncentered,100,100.38370000256691,10.075800000777235,492.00000000200816,602.4595000053523,one shared preloaded model
syn-6ecbb1c08f82c937,uncentered,100,64.6615000005113,6.453699999838136,302.7847000012116,373.89990000156104,one shared preloaded model
syn-8353478fbb4bce27,uncentered,500,377.48370000190334,9.144200001173886,277.2947000012209,663.9226000042981,one shared preloaded model
syn-8067a297457aadf1,uncentered,500,429.05720000271685,13.136500001564855,330.00999999785563,772.2037000021373,one shared preloaded model
syn-9e8353cffd162bec,uncentered,500,458.48280000063824,13.046600000961917,293.00510000030044,764.5345000019006,one shared preloaded model
syn-1e2c00e04982df2b,uncentered,500,448.6555999974371,13.198300002841279,254.80919999972684,716.6631000000052,one shared preloaded model
syn-e2a2467ecd547dda,uncentered,500,360.089900001185,13.219299999036593,250.05899999814574,623.3681999983673,one shared preloaded model
syn-bc62c7abfaca5c09,uncentered,500,367.5169999987702,13.36530000116909,289.8557000007713,670.7380000007106,one shared preloaded model
syn-12612434405c931a,uncentered,500,408.9163999997254,12.974600002053194,106.69950000010431,528.5905000018829,one shared preloaded model
syn-5a8a3408720382be,uncentered,500,403.21469999980764,13.655000002472661,252.1231999999145,668.9929000021948,one shared preloaded model
syn-59ea7db674f489a6,uncentered,500,422.2000999980082,13.689800001884578,491.4048999999068,927.2947999997996,one shared preloaded model
syn-51d379101a7163b5,uncentered,500,431.5585000003921,13.025899999774992,285.44130000227597,730.025700002443,one shared preloaded model
syn-663a7412abfb842b,uncentered,500,417.9943999988609,151.5499999986787,298.5800999995263,868.1244999970659,one shared preloaded model
syn-0bd707dc615b2bc5,uncentered,500,428.8176999980351,13.195199997426243,248.14180000248598,690.1546999979473,one shared preloaded model
syn-0ca214b154606a6d,uncentered,500,423.66109999784385,8.834600001137005,291.71299999870826,724.2086999976891,one shared preloaded model
syn-1ad21a31a11954b1,uncentered,500,457.3175000004994,13.262500000564614,304.63549999694806,775.2154999980121,one shared preloaded model
syn-405db96ad499aad6,uncentered,500,449.12769999791635,9.004399998957524,214.67090000078315,672.802999997657,one shared preloaded model
syn-c73a7d7f2efdabea,uncentered,500,434.6745999973791,12.988999998924555,328.43470000079833,776.098299997102,one shared preloaded model
syn-d4551df4fe2ef435,uncentered,500,395.937800003594,12.981700001546415,204.8097000006237,613.7292000057641,one shared preloaded model
syn-f81cc5743ea53e86,uncentered,500,413.8206999996328,9.947499998816056,193.81910000083735,617.5872999992862,one shared preloaded model
syn-4f19931c9987dbda,uncentered,500,395.8259999999427,9.256199999072123,258.1200999993598,663.2022999983747,one shared preloaded model
syn-92c86a223d786491,uncentered,500,434.2794000003778,13.263299999380251,306.54649999996764,754.0891999997257,one shared preloaded model
syn-2bb893798ac2dfa5,uncentered,500,455.2129999974568,12.966800000867806,300.55540000103065,768.7351999993552,one shared preloaded model
syn-aa1bcd4e3305659c,uncentered,500,408.1354999980249,9.223999997630017,289.2303999979049,706.5898999935598,one shared preloaded model
syn-0954cc37fabc8be3,uncentered,500,367.12439999973867,9.131900002103066,309.42099999811035,685.6772999999521,one shared preloaded model
syn-6bb06c622660e647,uncentered,500,444.4980999978725,12.904999999591382,359.4654000007722,816.8684999982361,one shared preloaded model
syn-0b1a59bdb0ab570e,uncentered,500,443.0367999993905,13.158599998860154,461.032700000942,917.2280999991926,one shared preloaded model
syn-23a203eef7bafa9b,uncentered,500,451.6823999983899,13.191799997002818,329.6824999997625,794.5566999951552,one shared preloaded model
syn-3b06b4335ee79d9c,uncentered,500,336.9582999985141,13.272099997266196,203.86199999848031,554.0923999942606,one shared preloaded model
syn-ec94bad4956c840e,uncentered,500,448.0483999977878,13.662099998327903,219.90399999776855,681.6144999938842,one shared preloaded model
syn-bc1c23717d0dfea3,uncentered,500,400.70180000111577,12.74840000041877,484.57300000154646,898.023200003081,one shared preloaded model
syn-67712a9f8996e2e8,uncentered,500,406.41869999672053,13.087800001812866,295.0313000001188,714.5377999986522,one shared preloaded model
syn-595c1a876191c126,uncentered,500,370.6942999997409,12.715200002276106,374.02940000174567,757.4389000037627,one shared preloaded model
syn-6467888e031efe81,uncentered,500,457.6604999965639,13.16439999936847,342.66520000164746,813.4900999975798,one shared preloaded model
syn-bbf31960b39c5ee4,uncentered,500,388.07989999986603,13.160399998014327,316.9133999981568,718.1536999960372,one shared preloaded model
syn-0a76bff023524251,uncentered,500,382.21550000162097,13.468900000589201,343.0256999999983,738.7101000022085,one shared preloaded model
syn-ba162ae568464f78,uncentered,500,348.92459999900893,8.931899999879533,185.47469999975874,543.3311999986472,one shared preloaded model
syn-b042f0c9791d9008,uncentered,500,410.5788000015309,9.158900000329595,272.9116999980761,692.6493999999366,one shared preloaded model
syn-ea3960770a2ca4a7,uncentered,500,348.7397000026249,9.294100000261096,131.10989999768208,489.14370000056806,one shared preloaded model
syn-38219515a508a5d7,uncentered,500,323.9075999990746,13.648899999679998,220.5632000004698,558.1196999992244,one shared preloaded model
syn-d4c28ece94fb3953,uncentered,500,398.2711999997264,13.04810000146972,491.79459999868413,903.1138999998802,one shared preloaded model
syn-f60a4dd25af4bf20,uncentered,500,452.9895999985456,13.166299999284092,276.95440000024973,743.1102999980794,one shared preloaded model
syn-f82cf59916809524,uncentered,500,419.7405999984767,13.307799999893177,297.10489999706624,730.1532999954361,one shared preloaded model
syn-8e294cf8f86f5d12,uncentered,500,449.7289999999339,13.115400000970112,258.43779999922845,721.2822000001324,one shared preloaded model
syn-040517cd90cc897c,uncentered,500,385.9683999980916,10.92840000274009,355.45749999801046,752.3542999988422,one shared preloaded model
syn-411fce6ee866bbb8,uncentered,500,428.4336999990046,13.204999999288702,301.6105000024254,743.2492000007187,one shared preloaded model
syn-268c1d0c81c87f4b,uncentered,500,276.1097999973572,10.845999997400213,211.2113999974099,498.1671999921673,one shared preloaded model
syn-b306cf68395776dd,uncentered,500,429.23960000189254,13.412699998298194,320.9891000005882,763.641400000779,one shared preloaded model
syn-689442af0e6a410d,uncentered,500,327.62820000061765,13.027900000452064,203.3244999984163,543.980599999486,one shared preloaded model
syn-313805301f447ead,uncentered,500,381.2391999999818,13.818899999023415,254.67290000233334,649.7310000013385,one shared preloaded model
syn-38d674321a5aca1b,uncentered,500,417.3298999994586,9.441900001547765,268.83210000232793,695.6039000033343,one shared preloaded model
syn-213d87e5e07c8519,uncentered,500,409.1508999990765,9.372400003485382,347.5679000002856,766.0912000028475,one shared preloaded model
syn-05a9edcf64ee42de,uncentered,500,407.7953999985766,13.075399998342618,297.90850000063074,718.77929999755,one shared preloaded model
syn-0475ce3a7577d7da,uncentered,500,333.7666999977955,13.11379999970086,310.5189000016253,657.3993999991217,one shared preloaded model
syn-e08c5c69e450c217,uncentered,500,449.14609999977984,13.29500000065309,268.2268999997177,730.6680000001506,one shared preloaded model
syn-436852fe9abb7dc5,uncentered,500,441.98749999850406,13.182099999539787,299.1884000002756,754.3579999983194,one shared preloaded model
syn-271d5a470da86f7f,uncentered,500,345.3572999969765,12.809400002879556,248.53670000084094,606.703400000697,one shared preloaded model
syn-970a5b6630f65725,uncentered,500,455.27990000118734,13.272699998196913,365.3457000000344,833.8982999994187,one shared preloaded model
syn-8a75ed949ee596bd,uncentered,500,459.13370000198483,12.746600001264596,190.28459999753977,662.1649000007892,one shared preloaded model
syn-56c64830d8d53ebc,uncentered,500,339.0935999996145,13.586799999757204,252.8429000012693,605.523300000641,one shared preloaded model
syn-811fbe3866bccdf8,uncentered,500,442.29420000192476,9.252500000002328,429.03929999738466,880.5859999993118,one shared preloaded model
syn-d42090286816856c,uncentered,500,380.7822999988275,13.022500002989545,352.7627000003122,746.5675000021292,one shared preloaded model
syn-ffd8865e73eeab0e,uncentered,500,462.97839999897406,12.913300000946037,297.0137000011164,772.9054000010365,one shared preloaded model
syn-784fd5d93b24c4f6,uncentered,500,393.1781999999657,13.145799999620067,300.54519999976037,706.8691999993462,one shared preloaded model
syn-ea8d41b6d999d548,uncentered,500,397.871799999848,9.025800001836615,276.122100000066,683.0197000017506,one shared preloaded model
syn-d909cdb8cfcc9eb8,uncentered,500,413.10259999954724,9.156800002529053,231.9883000018308,654.2477000039071,one shared preloaded model
syn-23c6931c183f4ac9,uncentered,500,381.080799998017,9.55479999902309,180.8712000020023,571.5067999990424,one shared preloaded model
syn-d3743cb521c05762,uncentered,500,346.32110000165994,13.00700000138022,313.5465999985172,672.8747000015574,one shared preloaded model
syn-c6956e0b7b8bbe93,uncentered,500,449.86749999952735,13.26379999954952,203.05160000134492,666.1829000004218,one shared preloaded model
syn-2c235f94902c2fbd,uncentered,500,366.1443999990297,9.649599996919278,198.30110000111745,574.0950999970664,one shared preloaded model
syn-5c84268454890acb,uncentered,500,417.604800000845,9.130099999310914,457.80139999988023,884.5363000000361,one shared preloaded model
syn-4d04fd9eb9e444fa,uncentered,500,331.4989000027708,9.144899999228073,261.63939999969443,602.2832000016933,one shared preloaded model
syn-6acbf48ac4868565,uncentered,500,368.02499999976135,9.054199999809498,245.50649999946472,622.5856999990356,one shared preloaded model
syn-cb4f29b8d39beaf7,uncentered,500,450.7718999993813,13.276699999551056,250.32680000003893,714.3753999989713,one shared preloaded model
syn-bdecfe39479ce931,uncentered,500,443.3778999991773,12.858000001870096,323.7002999994729,779.9362000005203,one shared preloaded model
syn-07d4c2689189fd19,uncentered,500,354.8985999987053,13.243600002169842,294.9291999975685,663.0713999984437,one shared preloaded model
syn-b0094bd3bc25f838,uncentered,500,448.04669999939506,13.052700000116602,249.93849999736995,711.0378999968816,one shared preloaded model
syn-c576d54a7fdd7ade,uncentered,500,431.84409999958007,8.914400001231115,340.51739999995334,781.2759000007645,one shared preloaded model
syn-ca1da64f4b7250ab,uncentered,500,424.51019999862183,13.58010000330978,155.79790000265348,593.8882000045851,one shared preloaded model
syn-400d16042183536f,uncentered,500,456.4494000005652,13.7719999984256,251.88920000073267,722.1105999997235,one shared preloaded model
syn-2fe6bde59301602d,uncentered,500,456.2741999980062,13.506499999493826,478.877100002137,948.6577999996371,one shared preloaded model
syn-e4e5255b50b15865,uncentered,500,420.9792000001471,13.090700002067024,180.63729999994393,614.7072000021581,one shared preloaded model
syn-8e029986a2e4be7e,uncentered,500,455.26909999898635,13.049499997578096,322.59889999841107,790.9174999949755,one shared preloaded model
syn-d460ec92ff2d1e65,uncentered,500,402.3903999986942,13.011600000027101,296.73750000074506,712.1394999994664,one shared preloaded model
syn-c7b7f75556d5e436,uncentered,500,323.15160000143806,7.868400000006659,344.70819999842206,675.7281999998668,one shared preloaded model
syn-729b066ef4e121a1,uncentered,500,454.25430000250344,13.468599998304853,286.2008000010974,753.9237000019057,one shared preloaded model
syn-383ddb0c41c5feef,uncentered,500,436.0893000011856,8.795500001724577,185.54520000179764,630.4300000047078,one shared preloaded model
syn-50d0f73de6cd03fd,uncentered,500,398.3474999986356,13.065899998764507,308.58319999970263,719.9965999971027,one shared preloaded model
syn-49216263546f83c9,uncentered,500,428.16099999981816,13.434399999823654,204.32369999980438,645.9190999994462,one shared preloaded model
syn-3d8ea15d71265a5d,uncentered,500,457.08489999742596,13.555900000937982,251.36659999770927,722.0073999960732,one shared preloaded model
syn-e71f9cfdd7e12520,uncentered,500,455.5486999997811,12.960500000190223,487.02720000073896,955.5364000007103,one shared preloaded model
syn-db387682b1226cfa,uncentered,500,456.7423000007693,13.060300003417069,251.15310000182944,720.9557000060158,one shared preloaded model
syn-57cbb0340d075fa2,uncentered,500,428.89149999973597,13.656600000103936,283.50399999908404,726.052099998924,one shared preloaded model
syn-9df98212cdc08358,uncentered,500,407.0444999997562,10.35050000064075,364.1414999983681,781.5364999987651,one shared preloaded model
syn-a1d1ea15e7221800,uncentered,500,381.4767000003485,9.01049999811221,325.5412999969849,716.0284999954456,one shared preloaded model
syn-2f4dce5ad69b3fa1,uncentered,500,441.22349999815924,13.50559999991674,239.77500000182772,694.5040999999037,one shared preloaded model
syn-7094b0e8de069d3a,uncentered,500,415.02589999799966,8.847899996908382,250.108199998067,673.981999992975,one shared preloaded model
syn-97802e05ca9a2d1c,uncentered,500,444.1375999995216,9.00550000005751,595.0054999993881,1048.1485999989673,one shared preloaded model
syn-d604fecf4b0498cd,uncentered,500,315.5990000013844,8.82840000122087,127.46699999843258,451.89440000103787,one shared preloaded model
syn-64c1006806b1711d,uncentered,500,457.3396000014327,13.756399999692803,299.13870000018505,770.2347000013106,one shared preloaded model
syn-4a8e3cff5312d6b5,uncentered,500,423.9978000005067,12.989099999686005,477.5545000011334,914.5414000013261,one shared preloaded model
syn-f940283a7af1f768,uncentered,500,382.6297000014165,8.87220000004163,288.9521999968565,680.4540999983146,one shared preloaded model
syn-00d8e9ad93855ab3,uncentered,500,439.9897000002966,12.892700000520563,320.2525999986392,773.1349999994563,one shared preloaded model
syn-b66b18aeb0ff8c75,uncentered,500,454.04449999841745,13.07009999800357,320.7508000014059,787.8653999978269,one shared preloaded model
syn-689eaa13f442395a,uncentered,500,362.1165000004112,8.968699999968521,224.5686000023852,595.6538000027649,one shared preloaded model
syn-47679c7bc2515e7e,uncentered,500,391.5164999998524,13.204599999880884,272.63789999778965,677.3589999975229,one shared preloaded model
syn-8defe53d696d1e04,uncentered,500,421.27069999696687,9.792500000912696,430.0419999999576,861.1051999978372,one shared preloaded model
syn-958fef865bbe0110,uncentered,500,333.1719999987399,13.245400001324015,298.33309999958146,644.7504999996454,one shared preloaded model
syn-4b17cac63cc0fd2e,uncentered,500,357.3361999988265,9.268699999665841,127.07570000202395,493.6806000005163,one shared preloaded model
syn-c81b135ce954f21d,uncentered,500,454.69579999917187,13.814900001307251,251.08669999826816,719.5973999987473,one shared preloaded model
syn-a4421f1dbd3fdf53,uncentered,500,359.3834000021161,9.288500001275679,423.63960000147927,792.311500004871,one shared preloaded model
syn-007bd7d84108708c,uncentered,500,362.0319000001473,9.195399998134235,267.03980000093,638.2670999992115,one shared preloaded model
syn-33695a5bdb03a768,uncentered,500,446.3862999982666,8.946999998443061,257.75939999948605,713.0926999961957,one shared preloaded model
syn-338c6b26a5bc1a7c,uncentered,500,416.1975999995775,13.039900000876514,323.8006999999925,753.0382000004465,one shared preloaded model
syn-e228218af7df0e27,uncentered,500,382.28130000061356,12.948299998242874,329.00940000035916,724.2389999992156,one shared preloaded model
syn-fcc74b53a32d5340,uncentered,500,418.5409999990952,9.300199999415781,271.36869999958435,699.2098999980954,one shared preloaded model
syn-6f04fd80b4ec7429,uncentered,500,387.6042999982019,12.989299997570924,270.28450000216253,670.8780999979354,one shared preloaded model
syn-5a2a82ec7118aced,uncentered,500,360.62959999981103,9.814900000492344,282.67870000127004,653.1232000015734,one shared preloaded model
syn-929180aaf784df2d,uncentered,500,449.2343999991135,13.187000000471016,127.33890000163228,589.7603000012168,one shared preloaded model
syn-cb551660c3041446,uncentered,500,442.6266000009491,13.721999999688705,180.68349999884958,637.0320999994874,one shared preloaded model
syn-791a724e1d728c02,uncentered,500,409.35539999918547,12.991600000532344,536.4077000012912,958.754700001009,one shared preloaded model
syn-bbb931a8ac8328af,uncentered,500,323.52040000114357,8.816300000034971,254.98069999957806,587.3174000007566,one shared preloaded model
syn-ebdd58edff7c66b4,uncentered,500,447.4655000012717,13.038099998084363,297.8021999988414,758.3057999981975,one shared preloaded model
syn-dafad97333e5b987,uncentered,500,423.31990000093356,13.453799998387694,325.66009999936796,762.4337999986892,one shared preloaded model
syn-0b201ce7670c1977,uncentered,500,450.4765000019688,12.939799999003299,300.756900000124,764.1732000010961,one shared preloaded model
syn-54b9cd4289abb716,uncentered,500,453.38470000206144,13.168800000130432,359.94420000133687,826.4977000035287,one shared preloaded model
syn-8bf1c6019e2fc30d,uncentered,500,366.8096000001242,13.111500000377418,449.05930000095395,828.9804000014556,one shared preloaded model
syn-f6299fe4338ea2f7,uncentered,500,390.55240000016056,12.95399999798974,302.3897000020952,705.8961000002455,one shared preloaded model
syn-38e61cc36ea3e36e,uncentered,500,417.53460000109044,7.836299999326002,202.86839999971562,628.2393000001321,one shared preloaded model
syn-197dc5be6d7f183f,uncentered,500,319.0396000027249,9.201699998811819,243.22810000012396,571.4694000016607,one shared preloaded model
syn-3ce9a38483b121d8,uncentered,500,404.817999999068,9.291800000937656,506.8959999989602,921.0057999989658,one shared preloaded model
syn-47583ae995fed3de,uncentered,500,430.61329999909503,9.037199997692369,309.357899997849,749.0083999946364,one shared preloaded model
syn-84f146205390e1cd,uncentered,500,441.4024999969115,12.907500000437722,319.4686000024376,773.7785999997868,one shared preloaded model
syn-028e71b6f78ee786,uncentered,500,343.31380000003264,13.364500002353452,301.77399999956833,658.4523000019544,one shared preloaded model
syn-4bc94b80a83ab669,uncentered,500,464.57119999831775,13.061500001640525,309.7669000017049,787.3996000016632,one shared preloaded model
syn-18c20066c2cb823b,uncentered,500,395.7210999978997,13.747799999691779,352.0246000007319,761.4934999983234,one shared preloaded model
syn-9897592c844df47a,uncentered,500,368.0923000028997,8.733599999686703,219.2882000017562,596.1141000043426,one shared preloaded model
syn-f1a339235669aeb9,uncentered,500,362.9406000000017,13.414300003205426,320.80040000073495,697.1553000039421,one shared preloaded model
syn-cfdf94c12c6fc750,uncentered,500,417.8386000021419,13.47160000295844,155.62530000170227,586.9355000068026,one shared preloaded model
syn-d74d75f2f11faece,uncentered,500,367.7714000004926,9.788600000320002,239.45499999899766,617.0149999998102,one shared preloaded model
syn-783c82d75d29289f,uncentered,500,443.5402000017348,9.244500000932021,477.7852000006533,930.5699000033201,one shared preloaded model
syn-59238d3be02262dc,uncentered,500,355.60830000031274,11.961500000325032,285.0544999964768,652.6242999971146,one shared preloaded model
syn-5a59b3e48be3ebf3,uncentered,500,413.52509999705944,12.904600000183564,295.65830000137794,722.087999998621,one shared preloaded model
syn-ff213c8fcd806780,uncentered,500,405.1236000013887,13.199799999711104,300.91879999963567,719.2422000007355,one shared preloaded model
syn-b53133f7f8a9ffec,uncentered,500,408.8494999996328,13.01429999875836,299.0008000015223,720.8645999999135,one shared preloaded model
syn-e35eabac503525f5,uncentered,500,454.3037000003096,13.122799999109702,250.1376000000164,717.5640999994357,one shared preloaded model
syn-f06e91bb302cec90,uncentered,500,350.4045999980008,12.991499999770895,260.3482000013173,623.744299999089,one shared preloaded model
syn-8e0605a240c5d9de,uncentered,500,382.88530000136234,13.265400000818772,296.7934999978752,692.9442000000563,one shared preloaded model
syn-e187101b9c61e6e0,uncentered,500,427.9798000025039,8.467700001347112,128.26499999937369,564.7125000032247,one shared preloaded model
syn-0adbc4dcb9081517,uncentered,500,456.1069999981555,13.733399999182438,194.25369999953546,664.0940999968734,one shared preloaded model
syn-950a8c7f7b083c05,uncentered,500,360.81109999940963,9.452599999349331,448.98709999688435,819.2507999956433,one shared preloaded model
syn-c33b261bc5974ad6,uncentered,500,435.8788999998069,13.146699999197153,331.91529999749037,780.9408999964944,one shared preloaded model
syn-5ae41b4c78656072,uncentered,500,454.822100000456,12.947899998835055,330.9027999966929,798.672799995984,one shared preloaded model
syn-5e6cea10982a3491,uncentered,500,435.254599997279,13.242799999716226,307.8563999988546,756.3537999958498,one shared preloaded model
syn-393c8d17ecc49c08,uncentered,500,309.3196999980137,8.732800000871066,300.2033000011579,618.2558000000427,one shared preloaded model
syn-ea7a1a0f2c892d07,uncentered,500,388.31589999972493,8.93740000174148,255.8000000026368,653.0533000041032,one shared preloaded model
syn-0e782853a7ea3314,uncentered,500,332.29909999863594,12.957599999936065,181.6730999998981,526.9297999984701,one shared preloaded model
syn-960381de09bea452,uncentered,500,410.33380000226316,13.044999999692664,321.1069999997562,744.485800001712,one shared preloaded model
syn-6e1920560ba226cf,uncentered,500,453.99669999824255,13.064200000371784,204.2156999996223,671.2765999982366,one shared preloaded model
syn-51d5124dceba73dc,uncentered,500,433.1461000001582,9.46259999909671,238.91179999918677,681.5204999984417,one shared preloaded model
syn-3eb2443275ddd447,uncentered,500,454.3499999999767,13.102799999614945,442.2627999992983,909.71559999889,one shared preloaded model
syn-8614bcc399988fce,uncentered,500,450.807099998201,13.291399998706765,257.9896999995981,722.0881999965059,one shared preloaded model
syn-3cdf107cfd43e0fd,uncentered,500,354.51689999899827,9.03209999887622,262.43609999801265,625.9850999958871,one shared preloaded model
syn-288492c196f1e57d,uncentered,500,433.08930000057444,13.092599998344667,337.54810000027646,783.7299999991956,one shared preloaded model
syn-6aeddd7478f8dad1,uncentered,500,452.97520000167424,13.059400000202004,282.0105999999214,748.0452000017976,one shared preloaded model
syn-f7ce21c285c45a2e,uncentered,500,401.57600000020466,13.275299999804702,295.36860000007437,710.2199000000837,one shared preloaded model
syn-e3f6ba4e5a28c2de,uncentered,500,410.8961000019917,12.822500000766013,223.10509999806527,646.823700000823,one shared preloaded model
syn-b660cc0eacfc23b6,uncentered,500,417.3912999976892,8.240699997259071,246.68640000163577,672.318399996584,one shared preloaded model
syn-b50f9f7062eca05f,uncentered,500,448.3494000014616,13.222800000221469,208.7309999988065,670.3032000004896,one shared preloaded model
syn-0fc1f31ae9a93aa7,uncentered,500,454.4155999974464,13.73770000282093,243.36920000132523,711.5225000015926,one shared preloaded model
syn-d2aeb79af2c427b5,uncentered,500,433.9607000001706,13.24419999946258,318.99849999899743,766.2033999986306,one shared preloaded model
syn-62826ec1b9b4a016,uncentered,500,424.9080999979924,13.260699997772463,306.17289999645436,744.3416999922192,one shared preloaded model
syn-d29f5aeb7170134e,uncentered,500,403.8273999976809,13.0098999979964,300.67390000112937,717.5111999968067,one shared preloaded model
syn-a38b4624e16666f7,uncentered,500,402.8978999995161,13.098799998260802,297.4595000014233,713.4561999992002,one shared preloaded model
syn-75b1ed43bc65fd9e,uncentered,500,429.5391000014206,11.72959999894374,296.1313000014343,737.4000000017986,one shared preloaded model
syn-8494bae6d11ac2e7,uncentered,500,453.25079999747686,13.310399997862987,303.7975000006554,770.3586999959953,one shared preloaded model
syn-7ee1f42a5629174b,uncentered,500,450.46600000205217,13.160299997252878,249.4795000020531,713.1058000013581,one shared preloaded model
syn-3fe4991bf0c2ad44,uncentered,500,457.83250000022235,13.681199998245575,348.4150000003865,819.9286999988544,one shared preloaded model
syn-1e2ecfd6d2f82460,uncentered,500,359.8392000021704,13.053599999693688,142.37389999834704,515.2667000002111,one shared preloaded model
syn-64cd3953dfea1b8a,uncentered,500,454.56990000093356,9.775700000318466,237.2934000013629,701.6390000026149,one shared preloaded model
syn-8baac05c82412799,uncentered,500,446.91839999723015,9.471699999267003,499.77099999887287,956.16109999537,one shared preloaded model
syn-6d1ad2459478a841,uncentered,500,351.03950000120676,13.093100002151914,351.8812000002072,716.0138000035658,one shared preloaded model
syn-67f82b8b4f21c426,uncentered,500,461.11499999824446,13.253299999632873,256.9062999973539,731.2745999952313,one shared preloaded model
syn-28a468ec5ccd074e,uncentered,500,283.9206999997259,9.087099999305792,261.7407999969146,554.7485999959463,one shared preloaded model
syn-22ae75de761a6523,uncentered,500,340.1216000020213,9.33920000170474,319.9544999988575,669.4153000025835,one shared preloaded model
syn-438d58bc4faa40a6,uncentered,500,427.89020000054734,13.387200000579469,241.51640000127372,682.7938000024005,one shared preloaded model
syn-00b33be7e49faf14,uncentered,500,385.5115000005753,12.82809999975143,232.76990000158548,631.1095000019122,one shared preloaded model
syn-0de255f30bd2a43b,uncentered,500,457.26940000167815,13.073199999780627,303.05740000039805,773.4000000018568,one shared preloaded model
syn-5b8adc69152415ba,uncentered,500,331.73470000110683,13.248600000224542,203.80979999754345,548.7930999988748,one shared preloaded model
syn-7294b757a8e851e2,uncentered,500,365.8623000010266,9.756600000400795,178.520400000707,554.1393000021344,one shared preloaded model
syn-044b82cb725cda4f,uncentered,500,455.1592999996501,13.32650000040303,488.56589999923017,957.0516999992833,one shared preloaded model
syn-318d78f2ab7b3615,uncentered,500,453.523000000132,13.104599998769118,257.49870000072406,724.1262999996252,one shared preloaded model
syn-6abf77247fcceec9,uncentered,500,409.73420000227634,12.959199997567339,314.55170000117505,737.2451000010187,one shared preloaded model
syn-d820c6a8ffaad975,uncentered,500,415.19200000038836,13.548799997806782,287.26629999800934,716.0070999962045,one shared preloaded model
syn-35e6eeacf4a5b0e7,uncentered,500,371.19630000233883,9.320299999671988,283.3806000016921,663.8972000037029,one shared preloaded model
syn-5f13f7d39a6f9dd2,uncentered,500,457.3555999995733,13.319900001079077,321.3829000014812,792.0584000021336,one shared preloaded model
syn-d79f56bbac52b78f,uncentered,500,446.35290000223904,9.180500001093606,439.70310000077006,895.2365000041027,one shared preloaded model
syn-d94f9f88e7330cf3,uncentered,500,397.8730999988329,13.124100001732586,293.60949999681907,704.6066999973846,one shared preloaded model
syn-9af8470ca231317c,uncentered,500,460.43940000163275,13.044499999523396,155.92159999869182,629.405499999848,one shared preloaded model
syn-016a620ea89d026c,uncentered,500,336.78169999984675,13.737000001128763,253.80280000172206,604.3215000026976,one shared preloaded model
syn-0ab4f7c4f93101df,uncentered,500,369.59289999867906,13.716400000703288,250.57929999820772,633.8885999975901,one shared preloaded model
syn-673ad9a7a3815527,uncentered,500,413.12660000039614,9.253899999748683,186.4903999994567,608.8708999996015,one shared preloaded model
syn-9637d112539c2596,uncentered,500,409.17780000017956,8.979499998531537,317.81409999894095,735.971399997652,one shared preloaded model
syn-9efd28a908d96377,uncentered,500,456.9171000002825,13.207200001488673,307.4462000004132,777.5705000021844,one shared preloaded model
syn-b5fd479043a1f5f0,uncentered,500,371.6151999979047,9.333599999081343,228.7687999996706,609.7175999966566,one shared preloaded model
syn-b31097c5f8432523,uncentered,500,447.5170000005164,13.019999998505227,281.83119999812334,742.368199997145,one shared preloaded model
syn-e3988356cb634b76,uncentered,500,371.18730000293,9.47450000239769,379.9899000005098,760.6517000058375,one shared preloaded model
syn-b93d2fbde0d87e43,uncentered,500,407.1103000023868,13.232599998445949,320.44569999925443,740.7886000000872,one shared preloaded model
syn-e6bb0f45ecff59ec,uncentered,500,407.0867999980692,13.205200000811601,145.80569999816362,566.0976999970444,one shared preloaded model
syn-5de10839a991bd18,uncentered,500,382.1466000008513,13.509800002793781,251.2405999987095,646.8970000023546,one shared preloaded model
syn-1d26b78349295a8c,uncentered,500,384.3836000014562,12.352699999610195,531.2898999982281,928.0261999992945,one shared preloaded model
syn-13a80fedd9f32081,uncentered,500,403.1910000012431,13.313499999640044,321.8165999969642,738.3210999978473,one shared preloaded model
syn-fc5e97f03a0bdaea,uncentered,500,321.30880000113393,9.032999998453306,282.1756999983336,612.5174999979208,one shared preloaded model
syn-05d8cf96104d2a05,uncentered,500,336.52409999922384,12.99250000010943,271.3936999971338,620.9102999964671,one shared preloaded model
syn-10f60f169ff33d8a,uncentered,500,416.7702000013378,9.05350000175531,280.04409999994095,705.8678000030341,one shared preloaded model
syn-92e00dc4ce0b433f,uncentered,500,439.8994999974093,13.296200002514524,333.5189999997965,786.7146999997203,one shared preloaded model
syn-8b04cba97d6011be,uncentered,500,391.0323000018252,12.873399999079993,256.9236999988789,660.8293999997841,one shared preloaded model
syn-d5d82482f42433eb,uncentered,500,411.4268000012089,13.181999998778338,345.3788999977405,769.9876999977278,one shared preloaded model
syn-c11b77eb7b11634e,uncentered,500,454.5183000009274,13.467999997374136,130.3914000018267,598.3777000001282,one shared preloaded model
syn-45838d23bff0c54b,uncentered,500,362.25240000203485,9.77459999921848,238.42019999938202,610.4472000006353,one shared preloaded model
syn-59a6301268ac351a,uncentered,500,429.7143999974651,9.908800002449425,538.2090999992215,977.832299999136,one shared preloaded model
syn-51f7894767e333b4,uncentered,500,433.2352000019455,13.03120000011404,249.7430000003078,696.0094000023673,one shared preloaded model
syn-b2383b732780e64c,uncentered,500,319.98969999767723,9.152200000244193,232.8354000019317,561.9772999998531,one shared preloaded model
syn-8b0cbb2202ca8bee,uncentered,500,451.4662000001408,13.493700000253739,351.03369999706047,815.993599997455,one shared preloaded model
syn-3c99834715dc06fe,uncentered,500,422.8168000008736,9.252200001355959,263.15039999826695,695.2194000004965,one shared preloaded model
syn-bbb693659e15d4a8,uncentered,500,456.81820000027074,13.078800002404023,324.23730000300566,794.1343000056804,one shared preloaded model
syn-ae370afd87dce67b,uncentered,500,448.35909999892465,13.047899999946821,443.3481000014581,904.7551000003295,one shared preloaded model
syn-d9bb103e78d1ea00,uncentered,1000,814.8924999986775,13.306799999554642,294.18680000162567,1122.3860999998578,one shared preloaded model
syn-6ce2e118d31157fe,uncentered,1000,779.642799996509,9.332599998742808,1582.5801999999385,2371.5555999951903,one shared preloaded model
syn-042dd477cdf0308a,uncentered,1000,788.949900001171,13.252600001578685,1810.6418999996094,2612.844400002359,one shared preloaded model
syn-281283cfabfbdcea,uncentered,1000,651.6722000014852,9.305999999924097,123.30090000250493,784.2791000039142,one shared preloaded model
syn-8efa4ab49e1a80d2,uncentered,1000,769.4966999988537,13.543900000513531,1636.6277999986778,2419.668399998045,one shared preloaded model
syn-b17fc4077a328a69,uncentered,1000,734.4954000000143,10.159099998418242,1780.8325000005425,2525.486999998975,one shared preloaded model
syn-7e6f50b922375dde,uncentered,1000,748.6138999993273,13.87119999708375,1797.0491999985825,2559.5342999949935,one shared preloaded model
syn-fc2eb6d5aff91ebe,uncentered,1000,581.7839000010281,9.67300000047544,1570.5249999991793,2161.981900000683,one shared preloaded model
syn-938ad03c92c97011,uncentered,1000,731.9062999995367,9.230600000591949,1596.6340999984823,2337.770999998611,one shared preloaded model
syn-f6b8e9d890741e55,uncentered,1000,768.4215000008408,12.846399997215485,1767.976600000111,2549.244499998167,one shared preloaded model
syn-b36a5940cf945a14,uncentered,1000,799.687200000335,13.3507999998983,331.4725999989605,1144.5105999991938,one shared preloaded model
syn-0ed7b68c61dbfde9,uncentered,1000,698.2715000012831,9.212799999659183,1727.3525000018708,2434.836800002813,one shared preloaded model
syn-5fae0fa10fdf31d3,uncentered,1000,735.9365000011167,13.233499998023035,1723.9999000012176,2473.1699000003573,one shared preloaded model
syn-dba8ca745e0a3cdc,uncentered,1000,786.8772999972862,13.654700000188313,52.91920000308892,853.4512000005634,one shared preloaded model
syn-fcfb5732ec54f0c8,uncentered,1000,683.1802000015159,13.448900001094444,1830.3568000010273,2526.9859000036377,one shared preloaded model
syn-08effc2a25c11f9c,uncentered,1000,688.1720000019413,9.408099998836406,1544.0899999994144,2241.670100000192,one shared preloaded model
syn-9e6381dab1dfdb96,uncentered,1000,769.8675999999978,13.400799998635193,1696.3001000003715,2479.5684999990044,one shared preloaded model
syn-dca5cb7288e8636e,uncentered,1000,724.9007999998867,8.906800001568627,1878.602699998737,2612.4103000001924,one shared preloaded model
syn-f4ff0a2d232530ca,uncentered,1000,719.0083000023151,13.53969999763649,1788.1343999979435,2520.682399997895,one shared preloaded model
syn-5f1b8d8a7822fd7e,uncentered,1000,575.1324999982899,9.164499999315012,49.69049999999697,633.9874999976018,one shared preloaded model
syn-94aba5b9e5062a27,uncentered,1000,829.3206999987888,7.88029999966966,1718.790099999751,2555.9910999982094,one shared preloaded model
syn-3e6c511cd2b560d8,uncentered,1000,809.142599999177,13.603300001705065,1733.890400002565,2556.636300003447,one shared preloaded model
syn-ac20d91143a0590b,uncentered,1000,588.1612000011955,13.267599999380764,1720.8112000007532,2322.2400000013295,one shared preloaded model
syn-0efffe40eebe4463,uncentered,1000,704.107199999271,7.995799998752773,1817.7819000011368,2529.8848999991606,one shared preloaded model
syn-b83885bc9e64ce19,uncentered,1000,630.9801999996125,13.3265999975265,1909.9547999976494,2554.2615999947884,one shared preloaded model
syn-ee19c3767fd74bed,uncentered,1000,761.5455000013753,9.479199998168042,1608.6336999978812,2379.6583999974246,one shared preloaded model
syn-7c2d788567f6ca4c,uncentered,1000,637.6467000009143,13.439199999993434,1613.776300000609,2264.8622000015166,one shared preloaded model
syn-3a8019f3d5dc68c0,uncentered,1000,726.7958000011276,9.900999997626059,1612.627699996665,2349.3244999954186,one shared preloaded model
syn-e8c65398929f4acf,uncentered,1000,659.8192999990715,9.34899999992922,1567.4651000008453,2236.633399999846,one shared preloaded model
syn-3f66ed559cedc115,uncentered,1000,770.2978000015719,13.66500000222004,1636.7704000003869,2420.733200004179,one shared preloaded model
syn-12ccf1fda7a5ba55,uncentered,1000,730.0633999984711,13.471099999151193,324.9206000000413,1068.4550999976636,one shared preloaded model
syn-a12f2b7d49824e38,uncentered,1000,673.6557000003813,13.287000001582783,56.16880000161473,743.1115000035788,one shared preloaded model
syn-391e97cd74ab7f0a,uncentered,1000,827.4082999996608,13.814799996907823,1689.6027000002505,2530.825799996819,one shared preloaded model
syn-e720b237f4f6f0d3,uncentered,1000,907.8655999983312,13.683199998922646,1588.9870999999403,2510.535899997194,one shared preloaded model
syn-8de662f9190a975f,uncentered,1000,741.4824999978009,13.402000000496628,1642.3963000015647,2397.280799999862,one shared preloaded model
syn-887cf2e03d326777,uncentered,1000,771.3029000005918,9.430800000700401,1749.8107999999775,2530.5445000012696,one shared preloaded model
syn-89035a06fe530ebf,uncentered,1000,846.8289999982517,13.58990000153426,1695.022699997935,2555.441599997721,one shared preloaded model
syn-cb5f2c3f5795cde4,uncentered,1000,832.2193999993033,14.095399998041103,1585.9189000002516,2432.233699997596,one shared preloaded model
syn-81dc91cf54ed73d1,uncentered,1000,745.9799000025669,13.481500001944369,1686.4601999986917,2445.921600003203,one shared preloaded model
syn-72347d36c62375b2,uncentered,1000,644.7998000003281,11.868000001413748,1614.7930999977689,2271.4608999995107,one shared preloaded model
syn-4bae06c6c4fc1f14,uncentered,1000,664.205299999594,13.167500001145527,328.05630000075325,1005.4291000014928,one shared preloaded model
syn-45a3475be0025375,uncentered,1000,654.4581999987713,13.279400001920294,53.32049999924493,721.0580999999365,one shared preloaded model
syn-c5a53c1e41ca2f77,uncentered,1000,772.2440000034112,13.455399999656947,1948.0698000006669,2733.769200003735,one shared preloaded model
syn-f6773edb4955f847,uncentered,1000,737.2761000005994,13.581899998825975,1603.3169999973325,2354.174999996758,one shared preloaded model
syn-58b316290cd24af7,uncentered,1000,766.814800001157,13.41099999990547,80.05060000141384,860.2764000024763,one shared preloaded model
syn-d48e529b99148b62,uncentered,1000,751.4080000000831,13.404299999820068,1594.3140000017593,2359.1263000016625,one shared preloaded model
syn-c59f2789c582ce72,uncentered,1000,850.8006999982172,9.524299999611685,2057.825399999274,2918.150399997103,one shared preloaded model
syn-439f1c31894cda85,uncentered,1000,704.3403999996372,13.906399999541463,1934.1271999983292,2652.373999997508,one shared preloaded model
syn-bc315d39ab7b8d07,uncentered,1000,771.8677999982901,12.96560000264435,1781.641400000808,2566.4748000017426,one shared preloaded model
syn-ff528767efd5ed85,uncentered,1000,703.0797000006714,9.094300003198441,49.69589999745949,761.8699000013294,one shared preloaded model
syn-65c7958efb0596b8,uncentered,1000,850.7798999999068,13.357100000575883,322.98029999947175,1187.1172999999544,one shared preloaded model
syn-54f9c57cabda9bb7,uncentered,1000,663.8344999992114,13.792899997497443,56.677600001421524,734.3049999981304,one shared preloaded model
syn-b667d2c320a8600f,uncentered,1000,785.7102000016312,13.366699997277465,1816.6490999974485,2615.725999996357,one shared preloaded model
syn-a179f0ac6d5bd80b,uncentered,1000,674.9482999985048,9.055399998032954,1984.1245999996318,2668.1282999961695,one shared preloaded model
syn-0837b68c448c02ef,uncentered,1000,679.9826999995275,9.236199999577366,49.796600000263425,739.0154999993683,one shared preloaded model
syn-4cb03cf39f71f86d,uncentered,1000,810.8653999988746,10.831300001882482,2063.8174999985495,2885.5141999993066,one shared preloaded model
syn-81ff57e4c3f23708,uncentered,1000,815.5909000015527,13.60230000136653,1700.4503999996814,2529.6436000026006,one shared preloaded model
syn-d4eee0faf98bee16,uncentered,1000,786.9115000030433,14.105800000834279,1549.4068000007246,2350.424100004602,one shared preloaded model
syn-8ccf977ded1bf95e,uncentered,1000,784.1775999986567,13.27070000115782,1806.9822999968892,2604.4305999967037,one shared preloaded model
syn-aa50f0aa293375df,uncentered,1000,586.7009000030521,9.318699998402735,1728.832999997394,2324.8525999988487,one shared preloaded model
syn-3024acb3548890e1,uncentered,1000,780.3291000018362,13.159199999790872,300.4471000022022,1093.9354000038293,one shared preloaded model
syn-466bce93c4ee97a9,uncentered,1000,796.5449999974226,13.711999999941327,1959.6208000002662,2769.87779999763,one shared preloaded model
syn-ea86488068c8be5d,uncentered,1000,625.8390000002692,9.583900002326118,308.01570000039646,943.4386000029917,one shared preloaded model
syn-c93a303ba2cb0a5e,uncentered,1000,802.5123000006715,10.769600001367508,207.6210999985051,1020.9030000005441,one shared preloaded model
syn-39bd187f8d495145,uncentered,1000,690.1311000001442,9.590400000888621,49.738300000171876,749.4598000012047,one shared preloaded model
syn-eacb4ffcbb2d86d7,uncentered,1000,820.6160000008822,13.793099999020342,1685.5880000002799,2519.9971000001824,one shared preloaded model
syn-5b845e0d83ffe943,uncentered,1000,778.5972000019683,9.59309999961988,1615.7945999984804,2403.9849000000686,one shared preloaded model
syn-67da6153707a7cf3,uncentered,1000,832.1458999998868,9.536000001389766,1751.7121999990195,2593.394100000296,one shared preloaded model
syn-208a5f0e612e75dc,uncentered,1000,769.488400001137,13.61430000179098,1722.4529999984952,2505.5557000014232,one shared preloaded model
syn-3f0a998814cff481,uncentered,1000,722.0382999985304,13.260400002764072,1753.6585999987437,2488.9573000000382,one shared preloaded model
syn-bbf2766c5553d357,uncentered,1000,639.173399998981,13.151799998013303,298.7855000028503,951.1106999998447,one shared preloaded model
syn-28c5f4952dec1158,uncentered,1000,621.7813999974169,13.574900000094203,1662.9404999985127,2298.2967999960238,one shared preloaded model
syn-f0710eb347d7f49f,uncentered,1000,717.3158999976295,13.432300002023112,52.7126999986649,783.4608999983175,one shared preloaded model
syn-fae97a6c6007ca4b,uncentered,1000,686.7923999998311,8.145899999362882,1572.364400002698,2267.302700001892,one shared preloaded model
syn-26da2551ebdb99b0,uncentered,1000,726.1956000002101,10.591900001600152,51.487400000041816,788.2749000018521,one shared preloaded model
syn-d6a3c849308efc93,uncentered,1000,644.9729000014486,13.60009999916656,2197.2615999984555,2855.8345999990706,one shared preloaded model
syn-5e831158aecf073c,uncentered,1000,715.3601000027265,13.847599999280646,1549.985800000286,2279.193500002293,one shared preloaded model
syn-0df1020fb1cfac7b,uncentered,1000,747.3995000000286,9.735499999806052,1605.8007999999973,2362.935799999832,one shared preloaded model
syn-14895e28ff83d627,uncentered,1000,767.5530000014987,13.46439999906579,52.88780000046245,833.905200001027,one shared preloaded model
syn-280893883faff475,uncentered,1000,754.7330000015791,13.502800000424031,1740.657000002102,2508.892800004105,one shared preloaded model
syn-64c9f4524a637e29,uncentered,1000,766.9989999994868,13.266999998450046,324.10999999774504,1104.375999995682,one shared preloaded model
syn-a059274c871b0476,uncentered,1000,770.9719999984372,13.804199999867706,53.97350000203005,838.749700000335,one shared preloaded model
syn-62d3ee9ce3d7c7ac,uncentered,1000,753.228699999454,13.386200000240933,1953.6553999969328,2720.2702999966277,one shared preloaded model
syn-a3ab9227eebf5a53,uncentered,1000,735.1817000017036,13.415400000667432,1672.730700000102,2421.327800002473,one shared preloaded model
syn-eae30fdc794e4b34,uncentered,1000,573.0839999996533,9.062600001925603,49.74930000025779,631.8959000018367,one shared preloaded model
syn-48ca6ad89fc59895,uncentered,1000,854.7407000005478,13.617100001283688,1643.916500001069,2512.2743000029004,one shared preloaded model
syn-500f7069b993394b,uncentered,1000,816.4569000000483,14.213800001016352,1669.7215999993205,2500.392300000385,one shared preloaded model
syn-9b96067dc9ef5446,uncentered,1000,606.0493000004499,14.210699999239296,1703.3441999992647,2323.604199998954,one shared preloaded model
syn-7a3b2bb542adde01,uncentered,1000,583.882499999163,9.512199998425785,1616.3903000015125,2209.7849999991013,one shared preloaded model
syn-f7c0ebbe60722761,uncentered,1000,683.6490000023332,9.779999996681,1643.7415000000328,2337.170499999047,one shared preloaded model
syn-dac579b4ce47aca7,uncentered,1000,665.9800999987056,9.54749999800697,320.5569999990985,996.084599995811,one shared preloaded model
syn-bcbefb9be90d6a25,uncentered,1000,800.6073999968066,13.543799999752082,1749.7529000029317,2563.9040999994904,one shared preloaded model
syn-2695661d1bea2959,uncentered,1000,789.1061999980593,13.35290000133682,1700.7266000000527,2503.185699999449,one shared preloaded model
syn-1b898866130111e0,uncentered,1000,690.6073999998625,13.38949999990291,56.34039999858942,760.3372999983549,one shared preloaded model
syn-1a1996e4100eeaad,uncentered,1000,784.4138999971619,13.452800001687137,1659.2865999991773,2457.1532999980263,one shared preloaded model
syn-8d77e003873ed40a,uncentered,1000,716.4857999996457,13.484099999914179,1602.064299997437,2332.034199996997,one shared preloaded model
syn-cdc296dc9c776cdb,uncentered,1000,784.8826000008557,9.791899999981979,1622.5588000015705,2417.233300002408,one shared preloaded model
syn-8327f78363600d81,uncentered,1000,717.330800001946,11.942099998123012,1696.3580999981787,2425.6309999982477,one shared preloaded model
syn-5e6ee2f73290048f,uncentered,1000,719.1701000010653,13.34609999685199,1600.7109000020137,2333.227099999931,one shared preloaded model
syn-23e8742860b2a62a,uncentered,1000,743.4235000000626,13.418000002275221,52.15390000012121,808.9954000024591,one shared preloaded model
syn-f04d6c7f370e4a29,uncentered,1000,793.1495000011637,13.485100000252714,297.08000000027823,1103.7146000016946,one shared preloaded model
syn-b80b2e97a4db7a97,uncentered,1000,692.2949999971024,13.869100002921186,1615.164000002551,2321.3281000025745,one shared preloaded model
syn-ba2a7ef9baa4b877,uncentered,1000,724.6815000034985,9.288000001106411,542.6818999985699,1276.6514000031748,one shared preloaded model
syn-71222cfc29e9341b,uncentered,1000,724.5748999994248,9.448200002225349,2213.7237999995705,2947.7469000012206,one shared preloaded model
syn-c28e151e0a17cca4,uncentered,1000,826.1086000020441,13.414799999736715,1646.8014000020048,2486.3248000037856,one shared preloaded model
syn-f146e261fff2b363,uncentered,1000,812.0396999984223,13.631500001793029,1710.0188999975217,2535.690099997737,one shared preloaded model
syn-bcc90fb9386303b5,uncentered,1000,693.9648000006855,13.421899999229936,1691.5077999983623,2398.8944999982778,one shared preloaded model
syn-543acec00104d069,uncentered,1000,662.7390000030573,14.072900001337985,2091.2774999997055,2768.0894000041008,one shared preloaded model
syn-a777a0449ca3fb5f,uncentered,1000,694.2635999985214,13.281999999890104,1707.9660999988846,2415.511699997296,one shared preloaded model
syn-c06a91abc63c98c7,uncentered,1000,821.9291000023077,9.39940000171191,1541.5248999997857,2372.8534000038053,one shared preloaded model
syn-b99931850336a20f,uncentered,1000,688.3920000000217,9.05860000057146,227.53240000020014,924.9830000007933,one shared preloaded model
syn-59385e24e872000c,uncentered,1000,612.3497000007774,13.594299998658244,56.92339999950491,682.8673999989405,one shared preloaded model
syn-0892a57b654e40e8,uncentered,1000,838.706300000922,9.451500001887325,49.55780000091181,897.7156000037212,one shared preloaded model
syn-fb34245e0892cc7a,uncentered,1000,713.2493999997678,13.498000000254251,2077.8912999994645,2804.6386999994866,one shared preloaded model
syn-b08ae709b1c9d822,uncentered,1000,845.7441000027757,7.858299999497831,1928.584499997669,2782.1868999999424,one shared preloaded model
syn-e2db30e7d5c4dde6,uncentered,1000,829.2677000026742,14.012100000400096,1622.9050000001735,2466.184800003248,one shared preloaded model
syn-dd60639750ea62b4,uncentered,1000,695.9951000026194,10.16900000104215,1605.5333000003884,2311.69740000405,one shared preloaded model
syn-cbaa4569873ac834,uncentered,1000,581.761400000687,9.62470000013127,1728.9185000008729,2320.304600001691,one shared preloaded model
syn-520903a645d5ecfb,uncentered,1000,809.7766999999294,9.522400003334042,1671.4818000000378,2490.780900003301,one shared preloaded model
syn-5e9fd87a5016cddd,uncentered,1000,766.300900002534,13.42099999965285,1624.0999000001466,2403.8218000023335,one shared preloaded model
syn-f1b52658363e3b92,uncentered,1000,613.4935000009136,8.427699998719618,1658.0423999985214,2279.9635999981547,one shared preloaded model
syn-18b9d6ac9e7049fb,uncentered,1000,569.0145999978995,9.480000000621658,1658.6215999996057,2237.116199998127,one shared preloaded model
syn-008384cdd30eea44,uncentered,1000,774.8499000008451,13.423000000329921,1595.1444999991509,2383.417400000326,one shared preloaded model
syn-ab404be3043d317f,uncentered,1000,780.338100001245,8.007000000361586,1645.5046999981278,2433.8497999997344,one shared preloaded model
syn-172454acf1cf66e2,uncentered,1000,830.0161000006483,9.158199998637429,1648.8630999992893,2488.037399998575,one shared preloaded model
syn-27d81a44d9d7eb1d,uncentered,1000,663.9873999993142,13.355000002775341,1610.146300001361,2287.4887000034505,one shared preloaded model
syn-d07f7ebc6d1de23b,uncentered,1000,770.1378999990993,13.878500001737848,1603.9414999977453,2387.9578999985824,one shared preloaded model
syn-a2663843442b6cc3,uncentered,1000,744.9842999994871,13.998200000060024,1648.7850999983493,2407.7675999978965,one shared preloaded model
syn-1cdee48c3989dff6,uncentered,1000,778.4334999996645,13.93850000022212,1607.8923999994004,2400.264399999287,one shared preloaded model
syn-c3e03635fe54efbb,uncentered,1000,765.0321000000986,9.2302999983076,1596.7574999995122,2371.0198999979184,one shared preloaded model
syn-f145453cd704f938,uncentered,1000,807.5131000005058,13.238100000307895,321.6659999998228,1142.4172000006365,one shared preloaded model
syn-19a39e333ceb7176,uncentered,1000,757.8841000031389,9.248400001524715,1637.0853000007628,2404.2178000054264,one shared preloaded model
syn-b2af4633bfb40235,uncentered,1000,788.3069000017713,12.098699997295626,1593.973000002734,2394.378600001801,one shared preloaded model
syn-2c55a3011f2a0d9a,uncentered,1000,773.9542999988771,9.488899999269051,1595.289099997899,2378.732299996045,one shared preloaded model
syn-01c5f8e95e41a7a5,uncentered,1000,709.9309000004723,9.137500001088483,1852.2206000016013,2571.289000003162,one shared preloaded model
syn-791e007bcf48f98c,uncentered,1000,661.9929999978922,12.682299999141833,1632.9055999995035,2307.5808999965375,one shared preloaded model
syn-259b9d737befeb57,uncentered,1000,612.0188000022608,9.374699999170844,1666.5798000030918,2287.9733000045235,one shared preloaded model
syn-54b5a6194fc6fd8e,uncentered,1000,698.6073999978544,13.877400000637863,1659.1856999984884,2371.6704999969807,one shared preloaded model
syn-8f4277d9948d448f,uncentered,1000,636.3745999988168,9.167899999738438,1598.7237000008463,2244.2661999994016,one shared preloaded model
syn-e049688b82633c17,uncentered,1000,800.6115999996837,13.578600002801977,1718.2076999997662,2532.397900002252,one shared preloaded model
syn-50f7efbbd3b49e8b,uncentered,1000,668.7579999997979,11.263800002780044,573.9388000001782,1253.960600002756,one shared preloaded model
syn-99e12498445b1b0e,uncentered,1000,595.8928000000014,13.245499998447485,56.49439999979222,665.6326999982412,one shared preloaded model
syn-4af231d1b0ca07c3,uncentered,1000,823.7393999988853,13.986400001158472,1139.754299998458,1977.4800999985018,one shared preloaded model
syn-cf0443c64c602685,uncentered,1000,719.5491000020411,13.672900000528898,56.33420000231126,789.5562000048812,one shared preloaded model
syn-0aa6427cb87ebeec,uncentered,1000,876.6275999987556,9.354099998745369,1611.1570000030042,2497.138700000505,one shared preloaded model
syn-64d492d82aa73da9,uncentered,1000,818.5889000014868,13.741900002059992,1628.4854000004998,2460.8162000040466,one shared preloaded model
syn-a88929ba4de8e497,uncentered,1000,787.4258000010741,13.552099997468758,1586.6437000004225,2387.6215999989654,one shared preloaded model
syn-82a7fca2c31d20c0,uncentered,1000,693.8697999976284,9.553500000038184,1546.4764000025752,2249.899700000242,one shared preloaded model
syn-9c7c1e30084b964c,uncentered,1000,782.6287999996566,13.38440000108676,1591.5925999979663,2387.6057999987097,one shared preloaded model
syn-2ca355b2ac8634a8,uncentered,1000,873.7024000001838,13.606099997559795,1638.1519999995362,2525.46049999728,one shared preloaded model
syn-aa93861de0aaf495,uncentered,5000,3775.6449000007706,9.321899997303262,520.6123999996635,4305.579199997737,one shared preloaded model
syn-1992f86a3e86fc6a,uncentered,5000,3531.437800000276,12.911400001030415,1676.689299998543,5221.03849999985,one shared preloaded model
syn-04083234f85709e1,uncentered,5000,3576.029700001527,13.395800000580493,287.57839999889256,3877.003900001,one shared preloaded model
syn-cb01db0eb7a2edd2,uncentered,5000,3968.0887999966217,13.764700001047458,1923.2345999989775,5905.088099996647,one shared preloaded model
syn-621d2f30954c345e,uncentered,5000,3471.323300000222,13.49090000076103,280.8560999983456,3765.6702999993286,one shared preloaded model
syn-283fe4a44583ec8e,uncentered,5000,3794.244799999433,13.688499999261694,632.9045999991649,4440.8378999978595,one shared preloaded model
syn-e1d8ea4b52f7b86c,uncentered,5000,3735.090599999239,11.398700000427198,1607.211800001096,5353.701100000762,one shared preloaded model
syn-b277d625d17584f5,uncentered,5000,3586.7419999995036,14.263299999583978,260.90100000146776,3861.9063000005553,one shared preloaded model
syn-feae35cacba6a43a,uncentered,5000,3709.1814999985218,14.01810000243131,2049.1905999988376,5772.390199999791,one shared preloaded model
syn-1c7e5d6f21986a25,uncentered,5000,4037.8080000009504,9.702499999548309,1255.2285999991,5302.739099999599,one shared preloaded model
syn-834533c926250190,uncentered,5000,3634.2283000012685,13.453900002787123,228.46299999946496,3876.1452000035206,one shared preloaded model
syn-0a63273f5477a591,uncentered,5000,3689.94510000266,13.78370000020368,1732.162000000244,5435.890800003108,one shared preloaded model
syn-52610bf62333d9cb,uncentered,5000,3678.3773000024667,13.65819999773521,1701.5280999985407,5393.563599998743,one shared preloaded model
syn-821964f5a271aa9e,uncentered,5000,3834.4117000015103,9.508099999948172,78.55639999979758,3922.476200001256,one shared preloaded model
syn-084b033a28301180,uncentered,5000,3689.487100000406,13.625800002046162,278.23500000158674,3981.347900004039,one shared preloaded model
syn-bb91366853342eae,uncentered,5000,3963.5090000010678,13.832900000124937,248.1610000031651,4225.502900004358,one shared preloaded model
syn-c70d6c456e1f3caf,uncentered,5000,3709.1935999997077,13.703100001293933,1880.001600002288,5602.8983000032895,one shared preloaded model
syn-4b7b4e4e7cda9cdd,uncentered,5000,3548.703899999964,10.081399999762652,1712.5419000003603,5271.327200000087,one shared preloaded model
syn-05a3818e49a3d01c,uncentered,5000,3580.951500000083,9.56439999936265,1738.658199999918,5329.1740999993635,one shared preloaded model
syn-45a189501aa64aff,uncentered,5000,3863.6040999990655,13.445700002193917,1663.2626000027813,5540.312400004041,one shared preloaded model
syn-8e55dab6334193ac,uncentered,5000,4002.252500002214,9.43090000146185,738.6483000009321,4750.331700004608,one shared preloaded model
syn-7078daef9fc885d5,uncentered,5000,3536.5190000011353,13.80549999885261,1679.1895999995177,5229.514099999506,one shared preloaded model
syn-30a8cdce438a3478,uncentered,5000,3735.0289999994857,9.418499997991603,1270.662299997639,5015.109799995116,one shared preloaded model
syn-c8ec446f9f1407cc,uncentered,5000,3731.128200000967,10.182599999097874,737.3571999996784,4478.667999999743,one shared preloaded model
syn-1eea891acae77cae,uncentered,5000,3956.010800000513,13.568999998824438,1787.4078000022564,5756.987600001594,one shared preloaded model
syn-41f888c23d96d157,uncentered,5000,3711.6652999975486,13.52970000152709,766.1903000007442,4491.38529999982,one shared preloaded model
syn-f845857e039afa6c,uncentered,5000,3296.4656999974977,14.750300000741845,1658.6449000024004,4969.86090000064,one shared preloaded model
syn-ac6dfe3b37e5a013,uncentered,5000,3317.0386999991024,14.56300000063493,249.2883000013535,3580.890000001091,one shared preloaded model
syn-15dd01e778ff5a78,uncentered,5000,3678.720299998531,9.348100000352133,585.3821999990032,4273.4505999978865,one shared preloaded model
syn-87378b8e75e2dd6a,uncentered,5000,3434.6269000016036,13.532799999666167,1376.5305999986595,4824.690299999929,one shared preloaded model
syn-061b3d97b8960738,uncentered,5000,3672.232400000212,13.745399999606889,1116.1020999970788,4802.079899996897,one shared preloaded model
syn-490b8d010f4490c5,uncentered,5000,3893.257400002767,13.743999999860534,1858.737000002293,5765.738400004921,one shared preloaded model
syn-fe76d6c8fe9751ff,uncentered,5000,3725.732099999732,13.526400001865113,1966.4123000002292,5705.670800001826,one shared preloaded model
syn-00a89a4a45a4d877,uncentered,5000,3758.54629999958,13.618799999676412,1159.0756999976293,4931.2407999968855,one shared preloaded model
syn-4732a0f163a6f5e5,uncentered,5000,3687.608599997475,13.52509999924223,1156.6491999983555,4857.7828999950725,one shared preloaded model
syn-81ea53ade157ad42,uncentered,5000,3683.027699997183,13.76949999757926,443.3822999999393,4140.1794999947015,one shared preloaded model
syn-3a0dace1bee727c3,uncentered,5000,3714.0644999999495,13.810899999953108,553.9553999988129,4281.8307999987155,one shared preloaded model
syn-3d3cb10c80061638,uncentered,5000,3711.9846000023244,10.512399996514432,1744.4842000004428,5466.981199999282,one shared preloaded model
syn-2a09864e418663ff,uncentered,5000,3963.907500001369,13.623700000607641,1789.2265000009502,5766.757700002927,one shared preloaded model
syn-ec6ef79969cd8dc7,uncentered,5000,4005.887999999686,9.576699998433469,1136.9708000020182,5152.435500000138,one shared preloaded model
syn-f77621b915dd593f,uncentered,5000,3496.722099996987,13.400399999227375,1303.5978999978397,4813.720399994054,one shared preloaded model
syn-151c38901bd6a67f,uncentered,5000,3571.00999999966,12.565199998789467,1563.0154999998922,5146.590699998342,one shared preloaded model
syn-db951997c8dd6571,uncentered,5000,3747.8428999966127,13.791299999866169,1921.5835000031802,5683.217699999659,one shared preloaded model
syn-8b89503a51b386ea,uncentered,5000,3723.2576999995217,9.55439999961527,1608.1427999997686,5340.954899998906,one shared preloaded model
syn-63205549e97719a8,uncentered,5000,3512.6657000000705,9.593999999196967,2251.966799998627,5774.226499997894,one shared preloaded model
syn-c748ba52ac994805,uncentered,5000,3669.3066999978328,13.726600001973566,1917.5290999992285,5600.562399999035,one shared preloaded model
syn-905cd0149f85c44d,uncentered,5000,3570.858600000065,9.352799999760464,1426.2732999995933,5006.484699999419,one shared preloaded model
syn-c1e6d9a8d1426ccd,uncentered,5000,3640.3855999997177,14.15380000253208,1643.2084999978542,5297.747900000104,one shared preloaded model
syn-5a60149bb7d0d331,uncentered,5000,3814.050999997562,13.684199999261182,1659.8104999975476,5487.545699994371,one shared preloaded model
syn-085b48c1c01765d8,uncentered,5000,3267.868599999929,9.498300001723692,267.3106000002008,3544.6775000018533,one shared preloaded model
syn-983ee8cd7cfab2b2,uncentered,5000,3658.9607000023534,13.577300000179093,1230.1198999994085,4902.657900001941,one shared preloaded model
syn-62914c9ecfadb05c,uncentered,5000,3286.4554000007047,12.518199997430202,1641.9927999995707,4940.966399997706,one shared preloaded model
syn-d33602a2444f791a,uncentered,5000,3775.5699999979697,9.94169999830774,1692.4675000009302,5477.979199997208,one shared preloaded model
syn-84c0416f23825ae8,uncentered,5000,3300.1776999990398,9.277600001951214,1845.9731000002648,5155.428400001256,one shared preloaded model
syn-91feb287d382e59b,uncentered,5000,3825.0253000005614,12.552800002595177,273.4789999994973,4111.057100002654,one shared preloaded model
syn-0238640a9f4d82ca,uncentered,5000,3655.4432999982964,13.886100001400337,1863.8157999994291,5533.145199999126,one shared preloaded model
syn-63b0f61512efcc7b,uncentered,5000,3694.5760999988124,9.769000000233063,1712.7473000000464,5417.092399999092,one shared preloaded model
syn-7b60a34c510e7d77,uncentered,5000,3985.901100000774,9.763899997778935,243.33459999979823,4238.999599998351,one shared preloaded model
syn-aef5fcb957e2b2ae,uncentered,5000,3345.4400000009628,13.669299998582574,1698.0411000004096,5057.150399999955,one shared preloaded model
syn-89e193275b5f85b9,uncentered,5000,3895.262600002752,13.625499999761814,1004.2543999988993,4913.142500001413,one shared preloaded model
syn-723cfc0a3cdbbe70,uncentered,5000,3537.064100000862,13.50770000135526,445.07159999920987,3995.643400001427,one shared preloaded model
syn-b497e7cf4d12d853,uncentered,5000,3818.32470000154,9.612499998183921,95.01530000125058,3922.9525000009744,one shared preloaded model
syn-cab61fd9ea43be50,uncentered,5000,3739.4472000014503,9.288799999922048,325.8021000001463,4074.5381000015186,one shared preloaded model
syn-d2adedac796b42a4,uncentered,5000,3677.562000000762,13.75249999910011,1728.2875000018976,5419.60200000176,one shared preloaded model
syn-81c6eeb87fa8b65a,uncentered,5000,3967.273700000078,9.37829999747919,282.11300000111805,4258.764999998675,one shared preloaded model
syn-a34560479904d293,uncentered,5000,3934.8640000025625,9.6365000026708,105.50839999996242,4050.0089000051958,one shared preloaded model
syn-175fb0b9c9912f1d,uncentered,5000,3472.1023999991303,9.845299999142298,1533.9690999971936,5015.916799995466,one shared preloaded model
syn-da09d28e9f3d5d8d,uncentered,5000,3651.2345999981335,9.756600000400795,1810.361700001522,5471.352900000056,one shared preloaded model
syn-ba4fd9131d17eb5c,uncentered,5000,3721.7531999995117,13.958799998363247,1649.3196000010357,5385.031599998911,one shared preloaded model
syn-68ead23b13d3ca2c,uncentered,5000,3538.3758999996644,13.7618000007933,433.93750000177533,3986.075200002233,one shared preloaded model
syn-6e554c5058644670,uncentered,5000,3858.5453999985475,12.386200000037206,1720.2996000014537,5591.231200000038,one shared preloaded model
syn-25700fcf3ed93c36,uncentered,5000,3433.599799998774,13.859200000297278,258.34039999972447,3705.7993999987957,one shared preloaded model
syn-a5ee09e7314def43,uncentered,5000,3378.251800000726,13.742299997829832,1318.2409000000916,4710.234999998647,one shared preloaded model
syn-2b6abd30a60a5e04,uncentered,5000,3861.1038999988523,13.743499999691267,110.42779999843333,3985.275199996977,one shared preloaded model
syn-8dfeb642ddbee07c,uncentered,5000,3967.608500002825,13.940400000137743,504.9505999995745,4486.499500002537,one shared preloaded model
syn-eb06dec63064b043,uncentered,5000,4027.4618999974336,13.814699999784352,1630.4715000005672,5671.748099997785,one shared preloaded model
syn-0488d9fbd767427e,uncentered,5000,3883.358399998542,13.824300000123912,1599.9330000013288,5497.115699999995,one shared preloaded model
syn-ed2d05fab8ac8fe4,uncentered,5000,3713.8333000002604,12.594699997862335,2065.9052999981213,5792.333299996244,one shared preloaded model
syn-8f9f957317f7d25c,uncentered,5000,3911.762499999895,13.993399999890244,1308.9201000002504,5234.676000000036,one shared preloaded model
syn-501740773c0e41a8,uncentered,5000,3282.030999998824,13.777100000879727,2083.122199997888,5378.930299997592,one shared preloaded model
syn-7e7b412841f6c1f7,uncentered,5000,3605.0085999995645,13.546199999836972,377.3852000012994,3995.940000000701,one shared preloaded model
syn-2318f08daa17b1d9,uncentered,5000,3526.574499999697,13.779999997495906,1953.9530000001832,5494.307499997376,one shared preloaded model
syn-444440373a79774e,uncentered,5000,3620.273200001975,9.995100001106039,1622.7969999999914,5253.0653000030725,one shared preloaded model
syn-c09d16bc1d1a2e55,uncentered,5000,3888.381799999479,13.915799998358125,834.6204999979818,4736.918099995819,one shared preloaded model
syn-41397c03bd43fa20,uncentered,5000,3638.510900000256,9.324199996626703,578.7658000008378,4226.60089999772,one shared preloaded model
syn-2f881f63e4a9ee5b,uncentered,5000,3373.2492000017373,13.842600001225946,1642.6580000006652,5029.7498000036285,one shared preloaded model
syn-5f5e815c982ee27e,uncentered,5000,3893.2832999998936,13.877699999284232,1807.9206999973394,5715.081699996517,one shared preloaded model
syn-9d71ed841863197e,uncentered,5000,3665.5859000020428,10.004100000514882,1620.5640000007406,5296.154000003298,one shared preloaded model
syn-7fdfd00ab52cb0a4,uncentered,5000,3585.412100001122,12.446000000636559,1193.933599999582,4791.79170000134,one shared preloaded model
syn-ad6a49391bbc7ec8,uncentered,5000,3847.573099999863,13.735900000028778,1623.0857000009564,5484.394700000848,one shared preloaded model
syn-1b1c065cb1f625b9,uncentered,5000,3779.331900001125,10.988300000462914,1400.8813000000373,5191.201500001625,one shared preloaded model
syn-b6a49a33030fa3f8,uncentered,5000,3608.1353000008676,9.828400001424598,2085.9058999994886,5703.869600001781,one shared preloaded model
syn-a8d2f52e7f079d88,uncentered,5000,3593.7543000000005,9.632500001316657,1626.4576000030502,5229.844400004367,one shared preloaded model
syn-4c3b3bb15e85d708,uncentered,5000,3812.4410999989777,13.87569999860716,111.07759999867994,3937.394399996265,one shared preloaded model
syn-5711ba27a03e1d37,uncentered,5000,3441.2044000018795,9.759100001247134,1153.503699999419,4604.467200002546,one shared preloaded model
syn-0524cfaed31c16ea,uncentered,5000,3674.9239999990095,9.480799999437295,1653.648900002736,5338.053700001183,one shared preloaded model
syn-e15762ae99c08a2e,uncentered,5000,3833.675800000492,13.15930000055232,1747.9462000010244,5594.781300002069,one shared preloaded model
syn-d1c2ea5489a8c93f,uncentered,5000,3242.964799999754,14.582899999368237,1005.2034000000276,4262.75109999915,one shared preloaded model
syn-fecb508b9a8cd0d7,uncentered,5000,3877.33599999774,12.724699998216238,104.5494999998482,3994.6101999958046,one shared preloaded model
syn-c3610b2dfdf17488,uncentered,5000,3772.6994000004197,13.657399998919573,358.5160000002361,4144.872799999575,one shared preloaded model
syn-d387b7117ab37cfe,uncentered,5000,3639.4118999996863,13.461300000926713,259.33119999899645,3912.2043999996094,one shared preloaded model
syn-8d9d118f41b1a227,uncentered,5000,3472.2811999999976,13.76910000180942,708.8724000022921,4194.922700004099,one shared preloaded model
syn-ff0767eb4ac46b9f,uncentered,5000,3729.0599000007205,9.865700001682853,1430.3159000010055,5169.241500003409,one shared preloaded model
syn-1d16ca78cf5f285e,uncentered,5000,3980.271399999765,13.824199999362463,100.80279999965569,4094.898399998783,one shared preloaded model
syn-9195cade3f4252b5,uncentered,5000,3598.02590000254,13.153100000636186,359.584800000448,3970.763800003624,one shared preloaded model
syn-359afa05afb48b2c,uncentered,5000,3635.6763999974646,14.024800002516713,1909.1582000000926,5558.859400000074,one shared preloaded model
syn-6b61ed0aca632b5c,uncentered,5000,3521.745199999714,13.751700000284472,1962.646300002234,5498.143200002232,one shared preloaded model
syn-0adb661c494753d6,uncentered,5000,3786.431000000448,14.309499998489628,1753.764200002479,5554.5047000014165,one shared preloaded model
syn-6927e3c74ff525fb,uncentered,5000,3849.2581000027712,13.674500001798151,1808.110999998462,5671.043600003031,one shared preloaded model
syn-0a18b81ca32a8ca7,uncentered,5000,4092.5456000004488,13.7259000002814,673.7806000019191,4780.052100002649,one shared preloaded model
syn-0c1d110466abf51c,uncentered,5000,3816.962600001716,9.49140000011539,664.2424999990908,4490.696500000922,one shared preloaded model
syn-97d2d586514f8cca,uncentered,5000,3598.650500000076,13.831500000378583,1890.9243000016431,5503.406300002098,one shared preloaded model
syn-6f7e2eb87f7f3302,uncentered,5000,3716.4947999990545,13.663000001542969,106.34760000175447,3836.505400002352,one shared preloaded model
syn-fea661b4b15b0e74,uncentered,5000,3591.1569999989297,9.587000000465196,263.2481000000553,3863.99209999945,one shared preloaded model
syn-fe239bde6ca96941,uncentered,5000,3845.863200000167,13.835199999448378,2047.8148000001966,5907.513199999812,one shared preloaded model
syn-9912a67973413584,uncentered,5000,3598.2289999992645,9.715199998026947,84.84440000029281,3692.7885999975842,one shared preloaded model
syn-196bc61cd9f71b17,uncentered,5000,3793.2938000012655,13.7038000029861,219.30349999820464,4026.301100002456,one shared preloaded model
syn-58d280179ba06842,uncentered,5000,3943.741200000659,8.355000001756707,246.16230000174255,4198.258500004158,one shared preloaded model
syn-92401515ca3d9d95,uncentered,5000,3665.2821999996377,9.565899999870453,1539.5987000010791,5214.446800000587,one shared preloaded model
syn-346cd6a91974029e,uncentered,5000,3432.461800002784,13.605900003312854,1967.4144999989949,5413.482200005092,one shared preloaded model
syn-d61561dea81b4354,uncentered,5000,3587.8013000001374,9.492499997577397,1576.0180999968725,5173.311899994587,one shared preloaded model
syn-63ea34aca9f01719,uncentered,5000,3650.9581999998773,13.861999999789987,690.0586000010662,4354.8788000007335,one shared preloaded model
syn-e84106f112541156,uncentered,5000,3289.629499999137,13.569500002631685,1182.8643000008014,4486.06330000257,one shared preloaded model
syn-6efde579ff231d80,uncentered,5000,3593.7254000018584,13.728400001127739,202.75490000130958,3810.2087000042957,one shared preloaded model
syn-0d04f3e770c59888,uncentered,5000,3924.1770999979053,13.658899999427376,418.5107000012067,4356.346699998539,one shared preloaded model
syn-43d0843223dd74b3,uncentered,5000,3683.327000002464,13.65030000306433,1046.1877000016102,4743.165000007139,one shared preloaded model
syn-53cc44bad0b99782,uncentered,5000,3594.2175000018324,13.818800001899945,752.9796999988321,4361.016000002564,one shared preloaded model
syn-68d50118e4b184cf,uncentered,5000,3732.1855000009236,10.790599997562822,2017.8274999998393,5760.803599998326,one shared preloaded model
syn-c909e6f301674d74,uncentered,5000,3758.2985000008193,14.476299998932518,693.7058000003162,4466.480600000068,one shared preloaded model
syn-b15708cedb31ffb2,uncentered,5000,3587.993199998891,9.609799999452662,1687.7868999981729,5285.389899996517,one shared preloaded model
syn-beb9b27d8478562e,uncentered,5000,3444.9754000015673,13.587499997811392,467.3010999977123,3925.863999997091,one shared preloaded model
syn-a4fa3217b0299eb9,uncentered,5000,3667.4257000013313,13.772700000117766,232.15889999846695,3913.357299999916,one shared preloaded model
syn-5d93fdd68c7b9336,uncentered,5000,3795.113299998775,13.67019999815966,335.5604999997013,4144.343999996636,one shared preloaded model
syn-b4e07914bae9b1c7,uncentered,5000,3676.0404000015114,10.544900000240887,111.12769999817829,3797.7129999999306,one shared preloaded model
syn-a122df2c9c14fdfd,uncentered,5000,3767.5042999981088,13.675199999852339,433.03630000082194,4214.215799998783,one shared preloaded model
syn-1679b733dc99bd02,uncentered,5000,3826.131699999678,9.470900000451365,182.33510000209208,4017.9377000022214,one shared preloaded model
syn-0644357cd6e5c8fb,uncentered,5000,3784.4702000002144,9.6343999975943,1718.530300000566,5512.634899998375,one shared preloaded model
syn-01a1d9a589e21fc8,uncentered,5000,3468.7429999976302,14.491699999780394,1877.283300000272,5360.517999997683,one shared preloaded model
syn-fe7bdb4996e9bd80,uncentered,5000,3716.4888000006613,13.02429999850574,107.33220000111032,3836.8453000002773,one shared preloaded model
syn-e7494dd18cf451d4,uncentered,5000,3765.55179999923,13.59030000094208,1721.1903999996139,5500.332499999786,one shared preloaded model
syn-bcd904aadce2351d,uncentered,5000,3855.388399999356,13.796300001558848,1684.8949999985052,5554.07969999942,one shared preloaded model
syn-9490279b808fab68,uncentered,5000,3797.257099999115,14.032000002771383,1004.4154999995953,4815.704600001482,one shared preloaded model
syn-a2c82421fafdb0f4,uncentered,5000,3411.881700001686,9.379799997986993,1053.5614999971585,4474.822999996832,one shared preloaded model
syn-36ff68425e3d3176,uncentered,5000,3756.4203000001726,13.874899999791523,1187.2671999990416,4957.562399999006,one shared preloaded model
syn-707216e7a24847b3,uncentered,5000,4109.882100001414,13.657699997565942,53.50949999774457,4177.049299996725,one shared preloaded model
syn-c502f85d01f649e4,uncentered,5000,3673.4150999982376,9.477800002059666,532.6133000016853,4215.5062000019825,one shared preloaded model
syn-939e6166b3b0c850,uncentered,5000,3500.3192000003764,9.6103999967454,1611.1393999999564,5121.068999997078,one shared preloaded model
syn-34fc56e181bfc98e,uncentered,5000,3468.648000001849,14.391900000191526,1345.658900001581,4828.698800003622,one shared preloaded model
syn-d27aaf9556c73b9d,uncentered,5000,3583.785099999659,13.871800001652446,230.15680000025895,3827.8137000015704,one shared preloaded model
syn-99bc78b27a981c11,uncentered,5000,3589.3416999970214,13.62919999883161,1606.3016000007337,5209.272499996587,one shared preloaded model
