example_id,agent,horizon,update_ms,read_ms,generation_ms,end_to_end_ms,model_loading_policy
syn-a6ba61c7f6022987,hybrid_fifo_rag,100,183.90109999745619,11.510699998325435,402.6019000011729,598.0136999969545,one shared preloaded model
syn-38eedc2c95f8c5b4,hybrid_fifo_rag,100,20.946399999957066,6.9304999997257255,315.66839999868535,343.54529999836814,one shared preloaded model
syn-07d41f0782d8a3ec,hybrid_fifo_rag,100,23.364599997876212,4.281000001356006,236.17860000013025,263.82419999936246,one shared preloaded model
syn-fa271021cce39036,hybrid_fifo_rag,100,18.69319999968866,5.20420000248123,223.53870000006282,247.4361000022327,one shared preloaded model
syn-8632fc6b28ce057a,hybrid_fifo_rag,100,21.26270000007935,5.123599999933504,228.29989999809186,254.6861999981047,one shared preloaded model
syn-227faaf725799aff,hybrid_fifo_rag,100,20.29979999861098,4.486200003157137,277.85819999917294,302.64420000094105,one shared preloaded model
syn-c819b70cc3b711b6,hybrid_fifo_rag,100,19.351499999174848,8.586399999330752,154.70359999744687,182.64149999595247,one shared preloaded model
syn-f8dc00112ec91804,hybrid_fifo_rag,100,31.04929999972228,8.937399998103501,226.52540000126464,266.5120999990904,one shared preloaded model
syn-f97808cf18e3bdc1,hybrid_fifo_rag,100,20.85570000053849,4.625500001566252,1085.4461999988416,1110.9274000009464,one shared preloaded model
syn-1ba0ad3803fd1aab,hybrid_fifo_rag,100,19.731699998374097,8.545900000171969,304.55330000040703,332.8308999989531,one shared preloaded model
syn-e89134deef96d28b,hybrid_fifo_rag,100,19.89820000017062,4.3391999970481265,317.87180000173976,342.1091999989585,one shared preloaded model
syn-d3aec67bcbee5e27,hybrid_fifo_rag,100,20.917299996654037,8.448399999906542,296.02169999998296,325.38739999654354,one shared preloaded model
syn-c403dc8c5bbec2b6,hybrid_fifo_rag,100,18.80920000257902,5.241100003331667,242.3871000028157,266.4374000087264,one shared preloaded model
syn-928aaad0bd5f085f,hybrid_fifo_rag,100,19.50849999775528,5.296699997415999,250.09819999831961,274.9033999934909,one shared preloaded model
syn-36b88d15de85d49d,hybrid_fifo_rag,100,24.00100000159,4.306399998313282,216.8826999986777,245.190099998581,one shared preloaded model
syn-ef8755c246c631fe,hybrid_fifo_rag,100,18.16839999810327,4.912299998977687,249.4226000017079,272.50329999878886,one shared preloaded model
syn-f8cdd1253dc96ca6,hybrid_fifo_rag,100,19.490599999699043,5.096599998068996,98.03050000118674,122.61769999895478,one shared preloaded model
syn-99f1a940ce32e3de,hybrid_fifo_rag,100,28.804499997931998,8.85049999851617,729.8236999995424,767.4786999959906,one shared preloaded model
syn-ae830d10e3e44454,hybrid_fifo_rag,100,19.729100000404287,4.411699999764096,457.57809999849997,481.71889999866835,one shared preloaded model
syn-7aec429f0ba8958c,hybrid_fifo_rag,100,20.566999999573454,8.338799998455215,275.99240000199643,304.8982000000251,one shared preloaded model
syn-7574e07600322df1,hybrid_fifo_rag,100,27.685400000336813,10.688599999411963,274.2698999973072,312.643899997056,one shared preloaded model
syn-6596d6fb03744adc,hybrid_fifo_rag,100,20.443900000827853,8.63750000280561,336.47950000158744,365.5609000052209,one shared preloaded model
syn-8028bcd88896f9af,hybrid_fifo_rag,100,24.697199998627184,8.684000000357628,302.38879999888013,335.76999999786494,one shared preloaded model
syn-5b04b918e5d2f043,hybrid_fifo_rag,100,20.219099998939782,4.383899999083951,262.5920999998925,287.19509999791626,one shared preloaded model
syn-344d41a9584f8be4,hybrid_fifo_rag,100,19.037199999729637,8.30599999972037,368.20280000029015,395.54599999974016,one shared preloaded model
syn-1c50e11cb54a9a7c,hybrid_fifo_rag,100,21.23539999956847,8.335599999554688,271.04550000149175,300.6165000006149,one shared preloaded model
syn-d8bfd6728ae9bb83,hybrid_fifo_rag,100,23.740600001474377,7.247499997902196,94.83999999793014,125.82809999730671,one shared preloaded model
syn-9ac94e465129e6ee,hybrid_fifo_rag,100,30.96220000225003,8.773599998676218,342.59430000020075,382.330100001127,one shared preloaded model
syn-8e5a6b17392849e9,hybrid_fifo_rag,100,21.218099998804973,4.49300000036601,505.9944999993604,531.7055999985314,one shared preloaded model
syn-6dfbc0e6fffb86d6,hybrid_fifo_rag,100,19.971199999417877,8.33029999921564,250.41829999827314,278.71979999690666,one shared preloaded model
syn-d95d1076f16608cf,hybrid_fifo_rag,100,20.487300000240793,8.39290000294568,295.3182999990531,324.1985000022396,one shared preloaded model
syn-67085f28c8a345d9,hybrid_fifo_rag,100,27.109700000437442,8.762899997236673,179.0776999987429,214.95029999641702,one shared preloaded model
syn-8b88cb5fd4c5e6fc,hybrid_fifo_rag,100,24.208299997553695,5.325500002072658,263.908499997342,293.44229999696836,one shared preloaded model
syn-42df0ee7d8018963,hybrid_fifo_rag,100,18.829500000720145,5.312700002832571,250.89769999976852,275.03990000332124,one shared preloaded model
syn-e8acbc2c88369e51,hybrid_fifo_rag,100,20.620600000256673,4.533100000116974,176.63349999929778,201.78719999967143,one shared preloaded model
syn-a642a7089d9f162f,hybrid_fifo_rag,100,27.414500000304542,5.265900002996204,249.54989999969257,282.2303000029933,one shared preloaded model
syn-3f6a98eceeaf476b,hybrid_fifo_rag,100,20.41780000217841,4.973799997969763,145.83049999782816,171.22209999797633,one shared preloaded model
syn-bfb5882d7330d97f,hybrid_fifo_rag,100,31.64209999886225,8.917499999370193,322.14229999954114,362.7018999977736,one shared preloaded model
syn-cfa98bda62d92f7f,hybrid_fifo_rag,100,20.44499999828986,8.439899997028988,460.688700000901,489.57359999621985,one shared preloaded model
syn-534d1ab71809b51f,hybrid_fifo_rag,100,24.0233000004082,4.370599999674596,174.97550000189221,203.369400001975,one shared preloaded model
syn-76a54b251d992dd4,hybrid_fifo_rag,100,28.275299999222625,4.825799998798175,228.0983999989985,261.1994999970193,one shared preloaded model
syn-6f12022c8819f717,hybrid_fifo_rag,100,19.23209999949904,6.3396000005013775,388.9817999988736,414.55349999887403,one shared preloaded model
syn-30a75d6754134879,hybrid_fifo_rag,100,19.209700003557373,5.536199998459779,247.58180000208085,272.327700004098,one shared preloaded model
syn-a6ff96ac61f7c6c1,hybrid_fifo_rag,100,22.429700002248865,8.300400000734953,323.4034999986761,354.13360000165994,one shared preloaded model
syn-91323a0ae9a650e7,hybrid_fifo_rag,100,19.296599999506725,8.44140000117477,183.31119999857037,211.04919999925187,one shared preloaded model
syn-9d9ad34b79849f2d,hybrid_fifo_rag,100,22.96770000248216,4.891299999144394,237.90879999796744,265.767799999594,one shared preloaded model
syn-36b5b8f6c6bbf2cc,hybrid_fifo_rag,100,19.04129999820725,4.392799997731345,149.02980000260868,172.46389999854728,one shared preloaded model
syn-96244de128be170e,hybrid_fifo_rag,100,30.003500000020722,8.853499999531778,306.38489999910234,345.24189999865484,one shared preloaded model
syn-3e8dcebdc4767103,hybrid_fifo_rag,100,20.21249999961583,4.917199999908917,484.8043999991205,509.93409999864525,one shared preloaded model
syn-8f7fdf0bdfb10d4a,hybrid_fifo_rag,100,20.170799998595612,8.504199999151751,254.07980000090902,282.7547999986564,one shared preloaded model
syn-d4fda360fe6fdd4f,hybrid_fifo_rag,100,22.565499999473104,8.208100000047125,362.9213999993226,393.69499999884283,one shared preloaded model
syn-42ee4c7254b57eb8,hybrid_fifo_rag,100,27.47379999709665,8.293599999888102,297.15439999927185,332.9217999962566,one shared preloaded model
syn-feccf5e27bea7518,hybrid_fifo_rag,100,19.228500001190696,4.504199998336844,316.9161999976495,340.64889999717707,one shared preloaded model
syn-c01e14c5c8c50d03,hybrid_fifo_rag,100,18.175699999119388,8.307699998113094,296.3643000002776,322.84769999751006,one shared preloaded model
syn-cb15ba714ba5ec8f,hybrid_fifo_rag,100,19.36099999875296,8.314999999129213,243.68390000017826,271.3598999980604,one shared preloaded model
syn-615f495f59b50927,hybrid_fifo_rag,100,19.49659999809228,8.50200000058976,298.16009999922244,326.1586999979045,one shared preloaded model
syn-a6cbf0e1e86a6450,hybrid_fifo_rag,100,18.48710000194842,8.892500001820736,156.61899999759044,183.9986000013596,one shared preloaded model
syn-57b966091e7ec699,hybrid_fifo_rag,100,29.89750000051572,8.87460000012652,299.8205000003509,338.5926000009931,one shared preloaded model
syn-89f8450f6e93be24,hybrid_fifo_rag,100,19.847999999910826,8.697000001120614,468.03039999940665,496.5754000004381,one shared preloaded model
syn-e4cf69e50674883c,hybrid_fifo_rag,100,26.470000000699656,4.238100002112333,251.81590000283904,282.52400000565103,one shared preloaded model
syn-52dd73e2d68a5917,hybrid_fifo_rag,100,23.647000001801644,8.466299997962778,243.99110000013025,276.10439999989467,one shared preloaded model
syn-1a7e4a2f4f0fe9c6,hybrid_fifo_rag,100,28.887500000564614,5.349099999875762,307.59779999789316,341.83439999833354,one shared preloaded model
syn-e8ee9cee31093b93,hybrid_fifo_rag,100,19.054200001846766,8.312899997690693,306.6534999998112,334.02059999934863,one shared preloaded model
syn-1546004190558953,hybrid_fifo_rag,100,21.36679999966873,7.928299997729482,246.08630000147969,275.3813999988779,one shared preloaded model
syn-7858be5eb774eb5b,hybrid_fifo_rag,100,19.030399998882785,8.358299997780705,246.74059999961173,274.1292999962752,one shared preloaded model
syn-fd59ad3a4d996680,hybrid_fifo_rag,100,20.465600002353312,8.750400000280933,339.0429999999469,368.25900000258116,one shared preloaded model
syn-fc9a9858781e0d3a,hybrid_fifo_rag,100,24.13460000025225,8.698300000105519,158.53620000052615,191.36910000088392,one shared preloaded model
syn-324d7fc5d16391c8,hybrid_fifo_rag,100,30.35690000251634,5.588600000919541,269.6907999998075,305.6363000032434,one shared preloaded model
syn-6e90d8e0c38e9334,hybrid_fifo_rag,100,20.32879999751458,6.582999998499872,181.10779999915394,208.0195999951684,one shared preloaded model
syn-8e5f564bbff2ec81,hybrid_fifo_rag,100,26.469899999938207,4.550500001641922,176.02139999871724,207.04180000029737,one shared preloaded model
syn-ad377a0c752a987e,hybrid_fifo_rag,100,26.755900002171984,5.033800000092015,253.79459999749088,285.5842999997549,one shared preloaded model
syn-fd23e7842d0bf088,hybrid_fifo_rag,100,20.409000000654487,4.373299998405855,297.3983000010776,322.18060000013793,one shared preloaded model
syn-9dce3e031398985d,hybrid_fifo_rag,100,20.79289999892353,8.551899998565204,338.5448000008182,367.88959999830695,one shared preloaded model
syn-cb9495248ba394a9,hybrid_fifo_rag,100,23.242600000230595,4.939099999319296,261.49059999806923,289.6722999976191,one shared preloaded model
syn-d45c12362eae6b90,hybrid_fifo_rag,100,22.29529999749502,9.78910000048927,251.62210000053165,283.70649999851594,one shared preloaded model
syn-fe3b30dd29d66256,hybrid_fifo_rag,100,26.647799997590482,4.393600000184961,385.5183000014222,416.5596999991976,one shared preloaded model
syn-0f420473e95734a2,hybrid_fifo_rag,100,19.917900001019007,4.9217000014323276,125.36769999860553,150.20730000105686,one shared preloaded model
syn-14c34fb5209acd83,hybrid_fifo_rag,100,31.249300001945812,8.8675000006333,248.60699999771896,288.72380000029807,one shared preloaded model
syn-323bc307f3b8489c,hybrid_fifo_rag,100,20.054699998581782,5.139699998835567,448.6816999997245,473.87609999714186,one shared preloaded model
syn-d1a98c9ebc2b2b63,hybrid_fifo_rag,100,20.510500002274057,8.49469999957364,244.20339999778662,273.2085999996343,one shared preloaded model
syn-8b8261103d0d9683,hybrid_fifo_rag,100,32.75030000077095,5.290600001899293,283.47690000009607,321.5178000027663,one shared preloaded model
syn-73911e04a0932499,hybrid_fifo_rag,100,19.90289999957895,5.135299998073606,303.3498000004329,328.38799999808543,one shared preloaded model
syn-85c77c5469482f47,hybrid_fifo_rag,100,28.83960000326624,5.471100001159357,308.12719999812543,342.43790000255103,one shared preloaded model
syn-1725a6155d089dde,hybrid_fifo_rag,100,20.702100002381485,8.585499999753665,299.5926999974472,328.88029999958235,one shared preloaded model
syn-fc05e77b7c242574,hybrid_fifo_rag,100,18.12400000198977,4.29939999958151,163.89560000243364,186.31900000400492,one shared preloaded model
syn-86308b042f251696,hybrid_fifo_rag,100,29.7500000015134,8.307500000228174,305.3564000001643,343.41390000190586,one shared preloaded model
syn-434e7ed49b935751,hybrid_fifo_rag,100,21.237899996776832,8.653799999592593,156.43460000137566,186.32629999774508,one shared preloaded model
syn-530c2c738f789d98,hybrid_fifo_rag,100,26.170799999817973,5.556899999646703,283.03090000190423,314.7586000013689,one shared preloaded model
syn-0c19d7397f14e5b6,hybrid_fifo_rag,100,19.043900003453018,4.592400000547059,453.69250000294414,477.3288000069442,one shared preloaded model
syn-a1612d852aaaaac3,hybrid_fifo_rag,100,18.829100001312327,8.516900001268368,251.17710000267834,278.52310000525904,one shared preloaded model
syn-c0220289c4182645,hybrid_fifo_rag,100,18.798599998262944,6.0921000003872905,269.16999999957625,294.0606999982265,one shared preloaded model
syn-9e6843c042c117d6,hybrid_fifo_rag,100,19.02439999685157,5.676699998730328,259.7877000007429,284.4887999963248,one shared preloaded model
syn-0ac0bff8c97627a3,hybrid_fifo_rag,100,18.72199999706936,8.381899999221787,319.50700000015786,346.610899996449,one shared preloaded model
syn-2125020456ee5ce0,hybrid_fifo_rag,100,19.87590000135242,8.624800000688992,321.7119000000821,350.2126000021235,one shared preloaded model
syn-2caa699fccb66b00,hybrid_fifo_rag,100,18.628800000442425,4.3290999965392984,297.0772000007855,320.03509999776725,one shared preloaded model
syn-861af0982b3de585,hybrid_fifo_rag,100,20.15160000155447,8.640699998068158,258.9239000008092,287.71620000043185,one shared preloaded model
syn-608838df8784d01b,hybrid_fifo_rag,100,20.172599997749785,8.443599999736762,149.6058999982779,178.22209999576444,one shared preloaded model
syn-114b81595c7d762a,hybrid_fifo_rag,100,31.08330000031856,8.757999999943422,303.1023000003188,342.9436000005808,one shared preloaded model
syn-4a863129f2275dc1,hybrid_fifo_rag,100,19.756000001507346,5.935100001806859,452.37510000151815,478.06620000483235,one shared preloaded model
syn-d2ca3d27b15e9657,hybrid_fifo_rag,100,19.02229999905103,4.181899999821326,196.65410000015981,219.85829999903217,one shared preloaded model
syn-0c9fef436275cdd9,hybrid_fifo_rag,100,18.12470000004396,4.977100001269719,294.3076999981713,317.409499999485,one shared preloaded model
syn-f1d5d22bd7ee481d,hybrid_fifo_rag,100,19.452199998340802,4.528000001300825,322.75619999927585,346.7363999989175,one shared preloaded model
syn-a575cf643cb1c076,hybrid_fifo_rag,100,19.391300000279443,4.054600001836661,243.44339999879594,266.88930000091204,one shared preloaded model
syn-ee742f0c9f76781d,hybrid_fifo_rag,100,18.83290000114357,5.269600002065999,242.28979999679723,266.3923000000068,one shared preloaded model
syn-da5dd03ecb643f4d,hybrid_fifo_rag,100,20.718499999929918,5.965000000287546,250.41240000064136,277.0959000008588,one shared preloaded model
syn-326d673969961656,hybrid_fifo_rag,100,21.956099997623824,5.270500001643086,310.939299997699,338.1658999969659,one shared preloaded model
syn-962a3810f04e9097,hybrid_fifo_rag,100,18.915800003014738,8.345800000824966,156.2454999984766,183.5071000023163,one shared preloaded model
syn-f0aad1f13f69b874,hybrid_fifo_rag,100,31.113299999560695,8.754599999519996,318.01830000040354,357.88619999948423,one shared preloaded model
syn-c2a05483a856b3ef,hybrid_fifo_rag,100,19.567200000892626,5.9359999977459665,460.55340000020806,486.05659999884665,one shared preloaded model
syn-e0cedd9b0e32d085,hybrid_fifo_rag,100,21.771399999124696,8.381399999052519,366.9196999981068,397.072499996284,one shared preloaded model
syn-29a180ad2143328a,hybrid_fifo_rag,100,18.797500000800937,6.018899999617133,309.13430000146036,333.95070000187843,one shared preloaded model
syn-735f77503b2ba024,hybrid_fifo_rag,100,19.824099999823375,8.488999999826774,370.2648999969824,398.57799999663257,one shared preloaded model
syn-148ccbd3316665a4,hybrid_fifo_rag,100,18.623299998580478,8.330800003022887,297.6233000008506,324.57740000245394,one shared preloaded model
syn-3c75ee23c6f50e1b,hybrid_fifo_rag,100,19.83230000041658,4.153600002609892,297.43389999930514,321.4198000023316,one shared preloaded model
syn-f4dbe8e18b96050d,hybrid_fifo_rag,100,19.28530000077444,5.336100002750754,172.10449999765842,196.72590000118362,one shared preloaded model
syn-da9774599d83a1b5,hybrid_fifo_rag,100,27.807599999505328,5.0036000029649585,274.95169999747304,307.76289999994333,one shared preloaded model
syn-2ef399e82e449faf,hybrid_fifo_rag,100,18.60110000052373,4.19789999796194,104.63589999926626,127.43489999775193,one shared preloaded model
syn-eb0f5ee31c508a61,hybrid_fifo_rag,100,28.185700000904035,9.042999998200685,345.96899999814923,383.19769999725395,one shared preloaded model
syn-cda71c350602bddf,hybrid_fifo_rag,100,18.827699997927994,5.414999999629799,386.04900000063935,410.29169999819715,one shared preloaded model
syn-28fa6f2fe12641b3,hybrid_fifo_rag,100,19.143999998050276,4.081800001586089,272.47060000081547,295.69640000045183,one shared preloaded model
syn-c20dfce1d761b522,hybrid_fifo_rag,100,19.796799999312498,8.546000000933418,207.26360000116983,235.60640000141575,one shared preloaded model
syn-7df1c817de9a1ea1,hybrid_fifo_rag,100,23.17870000115363,10.218200000963407,342.07230000174604,375.4692000038631,one shared preloaded model
syn-3c57b67fca1c10a3,hybrid_fifo_rag,100,20.481499999732478,8.46090000050026,318.51839999944787,347.4607999996806,one shared preloaded model
syn-0cbb31a1498b5e27,hybrid_fifo_rag,100,20.37229999768897,8.48269999914919,275.3721000008227,304.22709999766084,one shared preloaded model
syn-c69bdbfce61e9f10,hybrid_fifo_rag,100,27.669999999488937,4.165900001680711,227.3910000003525,259.22690000152215,one shared preloaded model
syn-9129e328d0e87e58,hybrid_fifo_rag,100,18.014199999015545,8.517700000084005,350.6559000015841,377.18780000068364,one shared preloaded model
syn-c3a845f6f37328df,hybrid_fifo_rag,100,18.568399998912355,5.415800002083415,93.18599999824073,117.1701999992365,one shared preloaded model
syn-af9227c03b96e947,hybrid_fifo_rag,100,31.42709999883664,10.821200001373654,321.1351999998442,363.3835000000545,one shared preloaded model
syn-d30db6602c5e7bcf,hybrid_fifo_rag,100,21.164899997529574,4.2921000022033695,412.61499999745865,438.0719999971916,one shared preloaded model
syn-2bcd2d10bf252a88,hybrid_fifo_rag,100,22.77690000119037,4.417199997988064,318.5181000008015,345.71219999997993,one shared preloaded model
syn-e69fbacb0ad339d8,hybrid_fifo_rag,100,19.679000000905944,4.6065999995335005,266.34460000059335,290.6302000010328,one shared preloaded model
syn-f7dee247f844b523,hybrid_fifo_rag,100,20.200700000714278,4.562499998428393,286.93460000067716,311.69779999981984,one shared preloaded model
syn-218ffaef8da3d8da,hybrid_fifo_rag,100,26.36999999958789,4.694499999459367,274.8811999990721,305.9456999981194,one shared preloaded model
syn-a31eb202acdba085,hybrid_fifo_rag,100,20.800700000108918,6.903599998622667,285.8196000015596,313.5239000002912,one shared preloaded model
syn-4dfded52a9bb2c90,hybrid_fifo_rag,100,19.35770000272896,4.980300000170246,196.6960999998264,221.0341000027256,one shared preloaded model
syn-cd947d2b8e2144b0,hybrid_fifo_rag,100,19.46720000341884,7.877500000176951,362.9220000002533,390.2667000038491,one shared preloaded model
syn-6abe44228638f132,hybrid_fifo_rag,100,23.250499998539453,4.235600001265993,146.69770000182325,174.1838000016287,one shared preloaded model
syn-1258eab437601206,hybrid_fifo_rag,100,30.93560000343132,8.922699998947792,321.0762999988219,360.93460000120103,one shared preloaded model
syn-4d8e6dbc90583d69,hybrid_fifo_rag,100,24.57460000005085,7.003599999734433,496.2913999988814,527.8695999986667,one shared preloaded model
syn-a1a8b545941a8915,hybrid_fifo_rag,100,31.543499997496838,4.7015000018291175,278.1619999987015,314.40699999802746,one shared preloaded model
syn-c0a5d6164a143c21,hybrid_fifo_rag,100,21.29149999746005,4.363899999589194,175.33629999888944,200.9916999959387,one shared preloaded model
syn-911a5b307c155365,hybrid_fifo_rag,100,28.256000001420034,4.908899998554261,254.81440000294242,287.9793000029167,one shared preloaded model
syn-bcca1bb50f9b9cef,hybrid_fifo_rag,100,29.264600001624785,4.943800002365606,244.58519999825512,278.7936000022455,one shared preloaded model
syn-c9e69c66406cd3b1,hybrid_fifo_rag,100,21.41260000280454,5.019000000174856,340.87909999652766,367.31069999950705,one shared preloaded model
syn-2becd65beee0364a,hybrid_fifo_rag,100,19.348000001627952,8.486299997457536,177.90600000080303,205.74029999988852,one shared preloaded model
syn-4dd85348c38c0357,hybrid_fifo_rag,100,26.05810000022757,5.245000000286382,286.4348999974027,317.73799999791663,one shared preloaded model
syn-f242b8cc2cb723b5,hybrid_fifo_rag,100,18.60089999900083,5.012099998566555,144.15509999889764,167.76809999646503,one shared preloaded model
syn-fbc447c0fcb7cfc8,hybrid_fifo_rag,100,30.649099997390294,8.946199999627424,350.31359999993583,389.90889999695355,one shared preloaded model
syn-a9f156119ea9fcd1,hybrid_fifo_rag,100,25.994299998274073,4.237299999658717,412.3029000002134,442.5344999981462,one shared preloaded model
syn-a90c99e2e79a45d4,hybrid_fifo_rag,100,19.608499998867046,8.213199998863274,229.74339999927906,257.5650999970094,one shared preloaded model
syn-c5a2eb58a93f472f,hybrid_fifo_rag,100,17.419600000721402,4.841599999053869,302.8058999989298,325.0670999987051,one shared preloaded model
syn-ea7b327ba9b080c9,hybrid_fifo_rag,100,19.325500001286855,4.818200002773665,261.1107000011543,285.25440000521485,one shared preloaded model
syn-92715b9aee29e997,hybrid_fifo_rag,100,20.777900001121452,4.230800001096213,304.5142000009946,329.52290000321227,one shared preloaded model
syn-b766696c0d786013,hybrid_fifo_rag,100,20.35020000039367,4.09619999845745,247.00669999947422,271.45309999832534,one shared preloaded model
syn-d3d77d74b12e306a,hybrid_fifo_rag,100,20.762699998158496,5.564299997786293,333.1137999994098,359.4407999953546,one shared preloaded model
syn-48230ce25b5de2fa,hybrid_fifo_rag,100,20.12789999935194,6.880499997350853,288.5958999977447,315.6042999944475,one shared preloaded model
syn-7f6bff1d2ac7c3f3,hybrid_fifo_rag,100,19.473200001812074,4.354400000011083,92.99390000160201,116.82150000342517,one shared preloaded model
syn-f37c1fc0c7eaae06,hybrid_fifo_rag,100,33.00339999987045,8.83129999783705,322.1917000009853,364.0263999986928,one shared preloaded model
syn-915a70d70da9799e,hybrid_fifo_rag,100,21.431100001791492,8.451400000922149,458.75639999940176,488.6389000021154,one shared preloaded model
syn-2c4f2b37f5b601c4,hybrid_fifo_rag,100,18.73420000265469,8.463099999062251,325.12580000184244,352.3231000035594,one shared preloaded model
syn-27269f1dafd012f5,hybrid_fifo_rag,100,24.729099997784942,4.053500000736676,217.16610000294168,245.9487000014633,one shared preloaded model
syn-fc4e5b6a2ef2e383,hybrid_fifo_rag,100,25.389200000063283,5.06370000221068,226.76169999976992,257.2146000020439,one shared preloaded model
syn-5d4106eaf2ee51c8,hybrid_fifo_rag,100,31.205300001602154,5.192000000533881,319.1140000017185,355.51130000385456,one shared preloaded model
syn-81331bee65710972,hybrid_fifo_rag,100,20.038700000441168,8.802699998341268,280.30130000115605,309.1426999999385,one shared preloaded model
syn-6795425cf8dabbc9,hybrid_fifo_rag,100,22.027600000001257,8.755299997574184,237.78220000167494,268.5650999992504,one shared preloaded model
syn-67983f23f948cb13,hybrid_fifo_rag,100,18.14399999784655,10.276299999532057,685.8491999992111,714.2694999965897,one shared preloaded model
syn-312d206fb59e358d,hybrid_fifo_rag,100,20.36960000259569,8.554100000765175,159.70190000007278,188.62560000343365,one shared preloaded model
syn-b374ae5f8bdeb59c,hybrid_fifo_rag,100,30.54829999746289,8.880800000042655,755.3231000019878,794.7521999994933,one shared preloaded model
syn-c4e2cf0cbaef3cc6,hybrid_fifo_rag,100,20.000900000013644,5.922000000282424,468.91709999908926,494.8399999993853,one shared preloaded model
syn-e1486ac132d09f0e,hybrid_fifo_rag,100,20.813399998587556,8.537400000932394,248.1231999990996,277.47399999861955,one shared preloaded model
syn-7863c0207b8e2373,hybrid_fifo_rag,100,19.582000000809785,4.2085999994014855,315.4080000022077,339.19860000241897,one shared preloaded model
syn-9cbbfa64d29cb813,hybrid_fifo_rag,100,20.25800000046729,4.985600000509294,323.61649999802466,348.86009999900125,one shared preloaded model
syn-a65473d1d46ed2c6,hybrid_fifo_rag,100,22.603900000831345,4.18809999973746,217.84779999870807,244.63979999927687,one shared preloaded model
syn-2b046916be0cd392,hybrid_fifo_rag,100,19.73290000023553,5.05170000178623,227.66760000013164,252.4522000021534,one shared preloaded model
syn-72b8f748d5763fa5,hybrid_fifo_rag,100,18.825300001481082,5.004499998904066,231.06369999732124,254.89349999770639,one shared preloaded model
syn-9e74ef31f1615b66,hybrid_fifo_rag,100,21.075299999210984,8.508300001267344,321.62009999956354,351.20370000004186,one shared preloaded model
syn-00b96c3bac38cc42,hybrid_fifo_rag,100,26.197400002274662,8.975499997177394,99.54300000026706,134.7158999997191,one shared preloaded model
syn-952b966eee3f8c13,hybrid_fifo_rag,100,33.16609999819775,8.790600000793347,322.4219000003359,364.378599999327,one shared preloaded model
syn-c8f1cb75a43de506,hybrid_fifo_rag,100,21.3858999995864,8.420199999818578,598.9005000010366,628.7066000004415,one shared preloaded model
syn-34a4a1cf2545d780,hybrid_fifo_rag,100,24.9035000015283,4.6335999977600295,176.38040000019828,205.9174999994866,one shared preloaded model
syn-f36a532a7f829e27,hybrid_fifo_rag,100,26.23699999821838,4.792199997609714,256.55299999925774,287.58219999508583,one shared preloaded model
syn-3f66f6fab4661265,hybrid_fifo_rag,100,20.675899999332614,4.409799999848474,293.41719999865745,318.50289999783854,one shared preloaded model
syn-be86febc4b2804a6,hybrid_fifo_rag,100,19.33909999934258,8.354800000233809,290.41810000126134,318.1120000008377,one shared preloaded model
syn-eb0aba33a8e92d25,hybrid_fifo_rag,100,19.018599999981234,8.54809999873396,289.4051999974181,316.9718999961333,one shared preloaded model
syn-de9cccc7c153bbf4,hybrid_fifo_rag,100,21.11239999794634,5.132199999934528,175.51470000034897,201.75929999822984,one shared preloaded model
syn-28812aeb523a4ea3,hybrid_fifo_rag,100,27.581599999393802,5.199600000196369,292.10710000188556,324.8883000014757,one shared preloaded model
syn-071e5a31b62e0a3b,hybrid_fifo_rag,100,23.45150000110152,8.434600000327919,140.2524999975867,172.13859999901615,one shared preloaded model
syn-c5f347691e4f1189,hybrid_fifo_rag,100,29.70840000125463,8.905599999707192,299.8437999995076,338.45780000046943,one shared preloaded model
syn-2541ac3e0cf6ae0f,hybrid_fifo_rag,100,19.47400000062771,8.396100001846207,468.69409999999334,496.56420000246726,one shared preloaded model
syn-1a12965cf6e9620a,hybrid_fifo_rag,100,20.758599999680882,4.269600001862273,308.8774999996531,333.90570000119624,one shared preloaded model
syn-833ee80d2a35282c,hybrid_fifo_rag,100,22.495600002002902,5.052699998486787,313.0693000020983,340.617600002588,one shared preloaded model
syn-d71cb3ea0a850053,hybrid_fifo_rag,100,19.701499997609062,4.314900001190836,284.6830999988015,308.6994999976014,one shared preloaded model
syn-b58eb0dc1a3b98a9,hybrid_fifo_rag,100,20.491300001594936,8.334099999046884,346.02470000027097,374.8501000009128,one shared preloaded model
syn-f547811aa164f77c,hybrid_fifo_rag,100,19.58359999844106,4.2334999998274725,291.2900000010268,315.1070999992953,one shared preloaded model
syn-c2a992a405ca2108,hybrid_fifo_rag,100,19.540699999197386,8.813699998427182,250.72979999822564,279.0841999958502,one shared preloaded model
syn-ce2c8b075853cedc,hybrid_fifo_rag,100,19.684399998368463,6.408299999748124,303.6887999987812,329.78149999689776,one shared preloaded model
syn-687fc71335d706d6,hybrid_fifo_rag,100,23.825600001146086,4.963399998814566,104.6862000002875,133.47520000024815,one shared preloaded model
syn-6aece6dd34a4454c,hybrid_fifo_rag,100,30.42270000150893,8.765300000959542,330.9579999986454,370.14600000111386,one shared preloaded model
syn-b9f4fa3de270243b,hybrid_fifo_rag,100,24.534200001653517,6.21550000141724,460.43490000010934,491.1846000031801,one shared preloaded model
syn-7a9964e8147076b4,hybrid_fifo_rag,100,19.523200000548968,8.754400001635076,252.14300000152434,280.4206000037084,one shared preloaded model
syn-5afa3fb6102c079e,hybrid_fifo_rag,100,22.558199998456985,8.3059000025969,345.1178000032087,375.98190000426257,one shared preloaded model
syn-741bd6aa659cbb3a,hybrid_fifo_rag,100,21.09010000276612,8.4802999990643,339.76800000164076,369.3384000034712,one shared preloaded model
syn-e2066c5ef4eaa754,hybrid_fifo_rag,100,19.137599996611243,4.178600000159349,219.71720000146888,243.03339999823947,one shared preloaded model
syn-9ad6a91dae6541b0,hybrid_fifo_rag,100,19.571900000300957,4.590600001392886,314.7263999999268,338.88890000162064,one shared preloaded model
syn-0cc07eac74fee68f,hybrid_fifo_rag,100,20.400200002768543,8.735799998248694,251.44169999839505,280.5776999994123,one shared preloaded model
syn-06f1746d73db3d7a,hybrid_fifo_rag,100,23.30390000133775,4.311000000598142,314.5543999999063,342.1693000018422,one shared preloaded model
syn-af7777b30c76fe8f,hybrid_fifo_rag,100,20.349700000224402,8.445799998298753,157.12230000281124,185.9178000013344,one shared preloaded model
syn-a3df3702910d82c8,hybrid_fifo_rag,100,30.8337999995274,8.720300000277348,301.08300000210875,340.6371000019135,one shared preloaded model
syn-1b32176f8ab0ad0d,hybrid_fifo_rag,100,20.682399997895118,7.343600002059247,393.41889999923296,421.4448999991873,one shared preloaded model
syn-3c9a56c51e114ae8,hybrid_fifo_rag,100,26.4086999995925,4.199700000754092,271.0559999977704,301.664399998117,one shared preloaded model
syn-4dc80c16468d7ae3,hybrid_fifo_rag,100,19.188099999155384,4.590500000631437,265.61840000067605,289.39700000046287,one shared preloaded model
syn-635cc36e60ec9abe,hybrid_fifo_rag,100,22.03399999780231,5.203500000789063,248.80680000205757,276.04430000064895,one shared preloaded model
syn-166e4d8638667138,hybrid_fifo_rag,100,19.761100000323495,9.083599998120917,299.2749000004551,328.1195999988995,one shared preloaded model
syn-4b2e3c750d96faf1,hybrid_fifo_rag,100,22.349599999870406,8.54059999983292,314.77689999883296,345.6670999985363,one shared preloaded model
syn-5c60aa247e7da516,hybrid_fifo_rag,100,21.85230000031879,8.725400002731476,247.49879999944824,278.0765000024985,one shared preloaded model
syn-363ae45960cbd6ea,hybrid_fifo_rag,100,24.76580000075046,9.078300001419848,341.6190000025381,375.4631000047084,one shared preloaded model
syn-202a222301f9a6d4,hybrid_fifo_rag,100,20.148100000369595,4.77629999659257,92.79210000022431,117.71649999718647,one shared preloaded model
syn-7cf12316980709f6,hybrid_fifo_rag,100,30.5819999994128,8.736499999940861,338.981100001547,378.2996000009007,one shared preloaded model
syn-728e33df6904e39f,hybrid_fifo_rag,100,19.46940000198083,8.766200000536628,466.69139999721665,494.9269999997341,one shared preloaded model
syn-5bd3e7c2aa979761,hybrid_fifo_rag,100,29.812000000674743,8.409300000494113,265.37069999903906,303.5920000002079,one shared preloaded model
syn-9f5692455ac5f9eb,hybrid_fifo_rag,100,19.500699996569892,4.291099998226855,294.2058000007819,317.99759999557864,one shared preloaded model
syn-d0e73d43fc27e780,hybrid_fifo_rag,100,19.245300001784926,8.583099999668775,294.70690000016475,322.53530000161845,one shared preloaded model
syn-70ea21787462e8bb,hybrid_fifo_rag,100,25.357999998959713,10.143999999854714,332.2814000021026,367.783400000917,one shared preloaded model
syn-93ebae83f12babde,hybrid_fifo_rag,100,24.931899999501184,8.494599998812191,221.3238000003912,254.75029999870458,one shared preloaded model
syn-80b5fa71901fb209,hybrid_fifo_rag,100,23.29239999744459,5.070999999588821,171.0361000004923,199.3994999975257,one shared preloaded model
syn-31a023f7ba9bc6ca,hybrid_fifo_rag,100,27.377200000046287,5.146600000443868,341.6739000022062,374.19770000269637,one shared preloaded model
syn-86c7f5c14844a928,hybrid_fifo_rag,100,19.22500000000582,5.505100001755636,93.62999999939348,118.36010000115493,one shared preloaded model
syn-a86b2bf35ce487cf,hybrid_fifo_rag,100,28.748900000209687,5.289299999276409,243.55170000126236,277.58990000074846,one shared preloaded model
syn-a191dd5bc4522c3f,hybrid_fifo_rag,100,19.733799999812618,6.076399997255066,435.63649999850895,461.44669999557664,one shared preloaded model
syn-24c6eb89fa9bc77a,hybrid_fifo_rag,100,19.43349999783095,4.117699998460012,170.76879999876837,194.31999999505933,one shared preloaded model
syn-7e9cddfe26e96d08,hybrid_fifo_rag,100,28.842099996836623,4.995400002371753,227.81050000048708,261.64799999969546,one shared preloaded model
syn-79244b5ea6e26a35,hybrid_fifo_rag,100,18.234300001495285,6.760799999028677,381.13650000013877,406.13160000066273,one shared preloaded model
syn-351b1f137e4c70f0,hybrid_fifo_rag,100,24.42480000172509,4.267599997547222,236.24890000064624,264.94129999991856,one shared preloaded model
syn-fe81b916e846f8e6,hybrid_fifo_rag,100,22.677099997963523,6.237099998543272,273.5750000028929,302.4891999993997,one shared preloaded model
syn-890454ea84307ccf,hybrid_fifo_rag,100,23.92350000081933,10.921800003416138,247.66699999963748,282.51230000387295,one shared preloaded model
syn-38ffd1c0f969d3ce,hybrid_fifo_rag,100,30.270899998868117,4.347500002040761,331.2154000013834,365.83380000229226,one shared preloaded model
syn-449f78fee2e31323,hybrid_fifo_rag,100,25.787300000956748,8.442300000751857,157.03099999882397,191.26060000053258,one shared preloaded model
syn-386d7fabe68c0b51,hybrid_fifo_rag,100,34.05500000008033,9.83510000151,277.3482000011427,321.238300002733,one shared preloaded model
syn-a53e008f5352ab7c,hybrid_fifo_rag,100,19.82780000253115,4.389100002299529,395.049899998412,419.2668000032427,one shared preloaded model
syn-2d7332919d82acd7,hybrid_fifo_rag,100,19.82300000236137,8.343099998455727,277.2590999993554,305.4252000001725,one shared preloaded model
syn-4b43eb5a0d3f5e34,hybrid_fifo_rag,100,20.44490000116639,4.241800001182128,274.4414000007964,299.12810000314494,one shared preloaded model
syn-1c8165dfe7849318,hybrid_fifo_rag,100,24.764400001004105,4.623400000127731,290.52320000118925,319.9110000023211,one shared preloaded model
syn-d3b9785b73055c98,hybrid_fifo_rag,100,19.637500001408625,8.220700001402292,316.64829999863287,344.5065000014438,one shared preloaded model
syn-eb6fed3bb3f62d98,hybrid_fifo_rag,100,19.119799999316456,4.269399996701395,302.0896999987599,325.47889999477775,one shared preloaded model
syn-413d807574a54fac,hybrid_fifo_rag,100,18.40760000050068,4.399199999170378,196.92810000196914,219.7349000016402,one shared preloaded model
syn-8be08b3c364210f6,hybrid_fifo_rag,100,20.2439000022423,4.276699997717515,250.4183999990346,274.9389999989944,one shared preloaded model
syn-c73284e558f60ee0,hybrid_fifo_rag,100,24.329200001375284,8.43209999948158,145.32709999912186,178.08839999997872,one shared preloaded model
syn-af7cdb39cb252396,hybrid_fifo_rag,100,30.522799999744166,8.950200000981567,273.0007000027399,312.47370000346564,one shared preloaded model
syn-6cb7e0329cf51091,hybrid_fifo_rag,100,20.972599999367958,4.238199999235803,513.0747000002884,538.2854999988922,one shared preloaded model
syn-7ff503cc87bf6b72,hybrid_fifo_rag,100,18.65639999959967,4.99140000101761,303.27020000186167,326.91800000247895,one shared preloaded model
syn-6409e2246567d47d,hybrid_fifo_rag,100,19.829500000923872,9.33910000094329,243.5975000007602,272.76610000262735,one shared preloaded model
syn-56a9578b1ca629d6,hybrid_fifo_rag,100,18.196499997429783,5.185399997571949,323.28469999993104,346.66659999493277,one shared preloaded model
syn-96125f8027ab183e,hybrid_fifo_rag,100,19.666200001665857,4.265700001269579,316.2962999995216,340.228200002457,one shared preloaded model
syn-d108a25e35d2aec2,hybrid_fifo_rag,100,21.109100001922343,8.31810000090627,293.9198000021861,323.3470000050147,one shared preloaded model
syn-e505f665edac12f5,hybrid_fifo_rag,100,19.588800001656637,8.416499997110805,250.98140000045532,278.98669999922276,one shared preloaded model
syn-227123dfbfb3b60b,hybrid_fifo_rag,100,20.177500002318993,5.946799999946961,252.7501000004122,278.87440000267816,one shared preloaded model
syn-a3509d974e84be76,hybrid_fifo_rag,100,18.86410000224714,8.469300002616365,157.44980000090436,184.78320000576787,one shared preloaded model
syn-4db0fdc492341150,hybrid_fifo_rag,100,30.93010000156937,9.077499998966232,326.56569999744534,366.57329999798094,one shared preloaded model
syn-ad343e5861a42f48,hybrid_fifo_rag,100,20.705299997644033,5.029500000091502,472.50890000213985,498.2436999998754,one shared preloaded model
syn-98938f2a750732e3,hybrid_fifo_rag,100,28.067599996575154,8.39579999956186,298.83779999727267,335.3011999934097,one shared preloaded model
syn-588e0cf52a62ad07,hybrid_fifo_rag,100,23.757899998599896,8.379300001251977,250.362300001143,282.4995000009949,one shared preloaded model
syn-3a2b16f76aac64a3,hybrid_fifo_rag,100,30.821199998172233,9.573499999532942,295.89470000064466,336.28939999834984,one shared preloaded model
syn-771747a46595b170,hybrid_fifo_rag,100,19.651900001917966,4.637699999875622,218.71919999830425,243.00880000009784,one shared preloaded model
syn-b862e71029dd1141,hybrid_fifo_rag,100,18.229500001325505,8.465099999739323,319.38130000344245,346.0759000045073,one shared preloaded model
syn-ab82b68526b31cc1,hybrid_fifo_rag,100,19.94340000237571,8.08369999867864,171.73520000142162,199.76230000247597,one shared preloaded model
syn-0972954b0101952a,hybrid_fifo_rag,100,27.670999999827472,5.021000000851927,294.14960000212886,326.84160000280826,one shared preloaded model
syn-8e233e6259a3ff93,hybrid_fifo_rag,100,19.521999998687534,8.682800002134172,156.34470000077272,184.54950000159442,one shared preloaded model
syn-d72c9b6d1c8b544c,hybrid_fifo_rag,100,30.403700002352707,9.00760000149603,291.70979999980773,331.12110000365647,one shared preloaded model
syn-2473152ac1131384,hybrid_fifo_rag,100,19.269100001110928,8.469100001093466,496.09159999818075,523.8298000003851,one shared preloaded model
syn-99c8100852c041ab,hybrid_fifo_rag,100,20.69350000238046,5.305599999701371,231.71430000002147,257.7134000021033,one shared preloaded model
syn-c072bb6c30501eb5,hybrid_fifo_rag,100,20.042500000272412,8.244100001320476,297.02459999680286,325.31119999839575,one shared preloaded model
syn-6ceaf5097ce9c759,hybrid_fifo_rag,100,20.672799997555558,5.239199999778066,313.7877000008302,339.69969999816385,one shared preloaded model
syn-b22dac7d46c56ef7,hybrid_fifo_rag,100,20.22189999843249,6.9594000015058555,316.7749999993248,343.95629999926314,one shared preloaded model
syn-a820901274815962,hybrid_fifo_rag,100,20.407500000146683,8.288799999718321,332.30840000032913,361.00470000019413,one shared preloaded model
syn-4d0c462a9611104c,hybrid_fifo_rag,100,18.600300001708092,4.285999999410706,195.23130000015954,218.11760000127833,one shared preloaded model
syn-966462fdc64001cb,hybrid_fifo_rag,100,19.08469999762019,5.150299999513663,636.2751999986358,660.5101999957697,one shared preloaded model
syn-aab7f6253fc3371c,hybrid_fifo_rag,100,19.438400002400158,8.474000002024695,154.31170000010752,182.22410000453237,one shared preloaded model
syn-6cd597ee81f40259,hybrid_fifo_rag,100,30.86740000071586,8.827399997244356,319.9380999976711,359.6328999956313,one shared preloaded model
syn-ac63a94c62bb28b0,hybrid_fifo_rag,100,22.42599999954109,8.432899998297216,478.6698999996588,509.5287999974971,one shared preloaded model
syn-caaf77c3bc556729,hybrid_fifo_rag,100,23.644099997909507,4.8231000000669155,195.5692999981693,224.03649999614572,one shared preloaded model
syn-be57cd78365e7d1a,hybrid_fifo_rag,100,19.763899999816203,5.061100000602892,267.19260000027134,292.01760000069044,one shared preloaded model
syn-f8666490bec6d369,hybrid_fifo_rag,100,19.531199999619275,4.1755000020202715,321.8234999985725,345.53020000021206,one shared preloaded model
syn-60ede6f62c127051,hybrid_fifo_rag,100,18.581000000267522,4.786199999216478,281.9917999986501,305.3589999981341,one shared preloaded model
syn-3ca2daab899324eb,hybrid_fifo_rag,100,20.678400000178954,8.435100000497187,262.67709999956423,291.7906000002404,one shared preloaded model
syn-751ad704e49319a5,hybrid_fifo_rag,100,24.406099997577257,4.30170000254293,254.0798999980325,282.7876999981527,one shared preloaded model
syn-1def9112232df49c,hybrid_fifo_rag,100,20.74440000069444,7.415899999614339,311.72800000058487,339.88830000089365,one shared preloaded model
syn-6d9bfb9f846bec63,hybrid_fifo_rag,100,24.24320000136504,8.382399999391055,199.27889999962645,231.90450000038254,one shared preloaded model
syn-6743c3c7d98bfc0e,hybrid_fifo_rag,100,19.403799997235183,5.120499998156447,279.01570000176434,303.539999997156,one shared preloaded model
syn-01d7e9b6955f7473,hybrid_fifo_rag,100,21.493399999599205,4.785000000993023,419.50940000242554,445.78780000301776,one shared preloaded model
syn-2e85e9170d30ba71,hybrid_fifo_rag,100,19.526600000972394,4.068400001415284,168.6900999993668,192.28510000175447,one shared preloaded model
syn-37671ca7cf5c1eb5,hybrid_fifo_rag,100,29.143899999326095,4.935400000249501,244.93729999812786,279.01659999770345,one shared preloaded model
syn-f4e3f903987f6c89,hybrid_fifo_rag,100,19.438799998169998,4.1502999993099365,250.39250000190805,273.981599999388,one shared preloaded model
syn-0baea2d67907d7b5,hybrid_fifo_rag,100,21.162600001844112,8.501399999659043,294.3542000029993,324.01820000450243,one shared preloaded model
syn-64b6c1ab320dbe67,hybrid_fifo_rag,100,21.940499998891028,4.179100000328617,273.14759999717353,299.2671999963932,one shared preloaded model
syn-ebbfd3d64aa3659e,hybrid_fifo_rag,100,21.795799999381416,4.313000001275213,177.72659999900497,203.8353999996616,one shared preloaded model
syn-9ba4c01860d01716,hybrid_fifo_rag,100,25.806699999520788,5.37139999869396,277.9822000011336,309.16029999934835,one shared preloaded model
syn-30ea2cdf2f968903,hybrid_fifo_rag,100,32.45459999743616,7.141300000512274,128.67130000086036,168.2671999988088,one shared preloaded model
syn-8c64fa1f197773be,hybrid_fifo_rag,100,30.45100000235834,9.01969999904395,301.3946000028227,340.865300004225,one shared preloaded model
syn-73c6ca9be338f033,hybrid_fifo_rag,100,18.75809999910416,4.585300001053838,448.8686000004236,472.2120000005816,one shared preloaded model
syn-6ecbb1c08f82c937,hybrid_fifo_rag,100,19.65819999895757,8.309400000143796,315.5497999978252,343.51739999692654,one shared preloaded model
syn-8353478fbb4bce27,hybrid_fifo_rag,500,70.97260000227834,5.7597999984864146,233.99910000080126,310.731500001566,one shared preloaded model
syn-8067a297457aadf1,hybrid_fifo_rag,500,87.78970000275876,9.29320000068401,292.1535999994376,389.23650000288035,one shared preloaded model
syn-9e8353cffd162bec,hybrid_fifo_rag,500,72.78889999724925,6.074300003092503,279.2133999973885,358.0765999977302,one shared preloaded model
syn-1e2c00e04982df2b,hybrid_fifo_rag,500,70.24640000236104,6.959499998629326,226.11759999927017,303.32350000026054,one shared preloaded model
syn-e2a2467ecd547dda,hybrid_fifo_rag,500,83.11820000017178,7.272300001204712,174.10480000035022,264.4953000017267,one shared preloaded model
syn-bc62c7abfaca5c09,hybrid_fifo_rag,500,83.71289999922737,7.911400000011781,276.41330000187736,368.0376000011165,one shared preloaded model
syn-12612434405c931a,hybrid_fifo_rag,500,72.15500000165775,7.213400000182446,95.54100000241306,174.90940000425326,one shared preloaded model
syn-5a8a3408720382be,hybrid_fifo_rag,500,110.60600000200793,7.851099999243161,326.33939999868744,444.79649999993853,one shared preloaded model
syn-59ea7db674f489a6,hybrid_fifo_rag,500,74.2138999994495,6.180700002005324,456.85339999909047,537.2480000005453,one shared preloaded model
syn-51d379101a7163b5,hybrid_fifo_rag,500,77.02549999885377,8.573600000090664,261.81959999667015,347.4186999956146,one shared preloaded model
syn-663a7412abfb842b,hybrid_fifo_rag,500,160.65090000120108,6.417399999918416,218.92859999934444,385.99690000046394,one shared preloaded model
syn-0bd707dc615b2bc5,hybrid_fifo_rag,500,78.99990000078105,8.669300001201918,259.1750999999931,346.8443000019761,one shared preloaded model
syn-0ca214b154606a6d,hybrid_fifo_rag,500,73.66770000226097,6.16230000014184,243.918100000883,323.7481000032858,one shared preloaded model
syn-1ad21a31a11954b1,hybrid_fifo_rag,500,81.24260000113281,6.219099999725586,296.01650000040536,383.47820000126376,one shared preloaded model
syn-405db96ad499aad6,hybrid_fifo_rag,500,77.39390000278945,7.241200000862591,175.36910000126227,260.0042000049143,one shared preloaded model
syn-c73a7d7f2efdabea,hybrid_fifo_rag,500,78.28860000154236,7.324900001549395,402.4855999996362,488.09910000272794,one shared preloaded model
syn-d4551df4fe2ef435,hybrid_fifo_rag,500,75.54850000087754,6.212200001755264,94.3474999985483,176.1082000011811,one shared preloaded model
syn-f81cc5743ea53e86,hybrid_fifo_rag,500,106.88099999970291,7.8484000005119015,276.5097999981663,391.2391999983811,one shared preloaded model
syn-4f19931c9987dbda,hybrid_fifo_rag,500,74.38529999853927,6.547900000441587,457.4257000022044,538.3589000011852,one shared preloaded model
syn-92c86a223d786491,hybrid_fifo_rag,500,74.76379999934579,10.035700001026271,288.7415000004694,373.54100000084145,one shared preloaded model
syn-2bb893798ac2dfa5,hybrid_fifo_rag,500,70.20990000091842,6.674800002656411,282.04900000127964,358.9337000048545,one shared preloaded model
syn-aa1bcd4e3305659c,hybrid_fifo_rag,500,72.59089999934076,7.251699997141259,247.84700000236626,327.6895999988483,one shared preloaded model
syn-0954cc37fabc8be3,hybrid_fifo_rag,500,76.4393999997992,6.055400001059752,242.7523000005749,325.24710000143386,one shared preloaded model
syn-6bb06c622660e647,hybrid_fifo_rag,500,77.75480000054813,6.139199998870026,281.73400000014226,365.6279999995604,one shared preloaded model
syn-0b1a59bdb0ab570e,hybrid_fifo_rag,500,76.01250000152504,6.497099999251077,216.46809999947436,298.9777000002505,one shared preloaded model
syn-23a203eef7bafa9b,hybrid_fifo_rag,500,74.54250000228058,9.450100002140971,309.8181999994267,393.81080000384827,one shared preloaded model
syn-3b06b4335ee79d9c,hybrid_fifo_rag,500,69.59419999839156,11.422600000514649,154.73059999931138,235.7473999982176,one shared preloaded model
syn-ec94bad4956c840e,hybrid_fifo_rag,500,83.31129999714904,7.563999999547377,250.54590000218013,341.42119999887655,one shared preloaded model
syn-bc1c23717d0dfea3,hybrid_fifo_rag,500,72.05160000012256,5.992399997921893,456.20160000180476,534.2455999998492,one shared preloaded model
syn-67712a9f8996e2e8,hybrid_fifo_rag,500,72.37420000092243,7.367599999270169,226.2893000006443,306.0311000008369,one shared preloaded model
syn-595c1a876191c126,hybrid_fifo_rag,500,73.3542000016314,6.143899998278357,227.47160000290023,306.96970000281,one shared preloaded model
syn-6467888e031efe81,hybrid_fifo_rag,500,76.79780000034953,8.157100000971695,329.2451000015717,414.2000000028929,one shared preloaded model
syn-bbf31960b39c5ee4,hybrid_fifo_rag,500,69.91799999741488,6.505400000605732,249.50869999884162,325.93209999686223,one shared preloaded model
syn-0a76bff023524251,hybrid_fifo_rag,500,88.4050999993633,6.317999999737367,279.6583000017563,374.38140000085696,one shared preloaded model
syn-ba162ae568464f78,hybrid_fifo_rag,500,72.9754000021785,5.991100002574967,177.391200002603,256.35770000735647,one shared preloaded model
syn-b042f0c9791d9008,hybrid_fifo_rag,500,82.13379999870085,11.498099996970268,317.1701999999641,410.8020999956352,one shared preloaded model
syn-ea3960770a2ca4a7,hybrid_fifo_rag,500,72.5988000012876,7.961899998917943,145.52610000100685,226.0868000012124,one shared preloaded model
syn-38219515a508a5d7,hybrid_fifo_rag,500,88.71759999965434,12.866299999586772,316.86400000035064,418.44789999959175,one shared preloaded model
syn-d4c28ece94fb3953,hybrid_fifo_rag,500,72.93120000031195,7.397099998343037,416.69529999853694,497.0235999971919,one shared preloaded model
syn-f60a4dd25af4bf20,hybrid_fifo_rag,500,76.46469999963301,7.268400000612019,173.98310000135098,257.716200001596,one shared preloaded model
syn-f82cf59916809524,hybrid_fifo_rag,500,77.64420000239625,10.72839999687858,233.5397999995621,321.9123999988369,one shared preloaded model
syn-8e294cf8f86f5d12,hybrid_fifo_rag,500,71.05560000127298,7.270699999935459,277.18710000044666,355.5134000016551,one shared preloaded model
syn-040517cd90cc897c,hybrid_fifo_rag,500,72.89559999844641,8.714399999007583,300.6462000012107,382.25619999866467,one shared preloaded model
syn-411fce6ee866bbb8,hybrid_fifo_rag,500,79.69950000187964,6.212499996763654,261.1471000018355,347.0591000004788,one shared preloaded model
syn-268c1d0c81c87f4b,hybrid_fifo_rag,500,83.84830000068177,11.221499997191131,240.36530000012135,335.43509999799426,one shared preloaded model
syn-b306cf68395776dd,hybrid_fifo_rag,500,90.5988000013167,11.63010000163922,668.101299997943,770.3302000008989,one shared preloaded model
syn-689442af0e6a410d,hybrid_fifo_rag,500,71.50380000166479,7.34799999918323,120.90089999765041,199.75269999849843,one shared preloaded model
syn-313805301f447ead,hybrid_fifo_rag,500,98.88700000010431,8.005700001376681,761.0012000004645,867.8939000019454,one shared preloaded model
syn-38d674321a5aca1b,hybrid_fifo_rag,500,71.88519999908749,6.189900002937065,417.0010999987426,495.07620000076713,one shared preloaded model
syn-213d87e5e07c8519,hybrid_fifo_rag,500,72.90660000217031,5.83819999883417,268.3748999988893,347.1196999998938,one shared preloaded model
syn-05a9edcf64ee42de,hybrid_fifo_rag,500,71.21120000010706,11.06179999987944,296.4696000017284,378.7426000017149,one shared preloaded model
syn-0475ce3a7577d7da,hybrid_fifo_rag,500,73.66859999820008,9.666599999036407,287.591500000417,370.9266999976535,one shared preloaded model
syn-e08c5c69e450c217,hybrid_fifo_rag,500,80.25970000016969,6.235400000150548,322.4369999988994,408.93209999921964,one shared preloaded model
syn-436852fe9abb7dc5,hybrid_fifo_rag,500,71.41350000165403,6.187700000737095,242.6506999981939,320.251900000585,one shared preloaded model
syn-271d5a470da86f7f,hybrid_fifo_rag,500,72.32719999956316,7.392999999865424,243.1635000029928,322.8837000024214,one shared preloaded model
syn-970a5b6630f65725,hybrid_fifo_rag,500,86.97459999893908,7.8960999999253545,323.74849999905564,418.6191999979201,one shared preloaded model
syn-8a75ed949ee596bd,hybrid_fifo_rag,500,73.17870000042603,12.0201999998244,156.84909999981755,242.048000000068,one shared preloaded model
syn-56c64830d8d53ebc,hybrid_fifo_rag,500,80.64860000013141,7.69620000210125,261.4562999988266,349.80110000105924,one shared preloaded model
syn-811fbe3866bccdf8,hybrid_fifo_rag,500,71.60660000226926,7.540599999629194,435.157200001413,514.3044000033115,one shared preloaded model
syn-d42090286816856c,hybrid_fifo_rag,500,78.42489999893587,9.008500001073116,209.9491000008129,297.3825000008219,one shared preloaded model
syn-ffd8865e73eeab0e,hybrid_fifo_rag,500,72.42779999796767,6.519799997477094,223.55460000107996,302.5021999965247,one shared preloaded model
syn-784fd5d93b24c4f6,hybrid_fifo_rag,500,70.28020000143442,6.89309999870602,261.98850000218954,339.16180000233,one shared preloaded model
syn-ea8d41b6d999d548,hybrid_fifo_rag,500,73.70090000040364,7.235900000523543,251.19400000039604,332.1308000013232,one shared preloaded model
syn-d909cdb8cfcc9eb8,hybrid_fifo_rag,500,73.38240000171936,7.7366000004985835,230.04450000007637,311.1635000022943,one shared preloaded model
syn-23c6931c183f4ac9,hybrid_fifo_rag,500,71.3915000014822,8.129000001645181,186.95129999832716,266.47180000145454,one shared preloaded model
syn-d3743cb521c05762,hybrid_fifo_rag,500,71.50659999751952,7.05260000177077,262.5397999981942,341.0989999974845,one shared preloaded model
syn-c6956e0b7b8bbe93,hybrid_fifo_rag,500,78.43249999859836,6.024700000125449,96.01549999933923,180.47269999806304,one shared preloaded model
syn-2c235f94902c2fbd,hybrid_fifo_rag,500,109.07959999894956,7.844299998396309,743.3246000000509,860.2484999973967,one shared preloaded model
syn-5c84268454890acb,hybrid_fifo_rag,500,72.99609999972745,7.28979999985313,416.0024999982852,496.2883999978658,one shared preloaded model
syn-4d04fd9eb9e444fa,hybrid_fifo_rag,500,75.65900000190595,7.521800001995871,248.68480000077398,331.8656000046758,one shared preloaded model
syn-6acbf48ac4868565,hybrid_fifo_rag,500,73.51529999868944,12.224300000525545,292.3640999979398,378.10369999715476,one shared preloaded model
syn-cb4f29b8d39beaf7,hybrid_fifo_rag,500,76.86180000018794,8.233900000050198,227.0721000022604,312.16780000249855,one shared preloaded model
syn-bdecfe39479ce931,hybrid_fifo_rag,500,77.8768999989552,6.585200000699842,311.3062999982503,395.76839999790536,one shared preloaded model
syn-07d4c2689189fd19,hybrid_fifo_rag,500,72.36209999973653,6.04610000300454,235.6739999995625,314.0822000023036,one shared preloaded model
syn-b0094bd3bc25f838,hybrid_fifo_rag,500,72.82839999970747,6.347399998048786,333.3649999985937,412.54079999634996,one shared preloaded model
syn-c576d54a7fdd7ade,hybrid_fifo_rag,500,84.74290000231122,7.655900000827387,453.92899999933434,546.3278000024729,one shared preloaded model
syn-ca1da64f4b7250ab,hybrid_fifo_rag,500,85.91539999906672,8.869099998264574,120.15709999832325,214.94159999565454,one shared preloaded model
syn-400d16042183536f,hybrid_fifo_rag,500,100.43900000164285,7.52210000064224,287.877099999605,395.8382000018901,one shared preloaded model
syn-2fe6bde59301602d,hybrid_fifo_rag,500,87.13740000166581,8.347599999979138,410.44980000151554,505.9348000031605,one shared preloaded model
syn-e4e5255b50b15865,hybrid_fifo_rag,500,76.3729999998759,6.880799999635201,173.01840000072843,256.27220000023954,one shared preloaded model
syn-8e029986a2e4be7e,hybrid_fifo_rag,500,75.312799999665,7.56800000090152,288.23479999846313,371.11559999902966,one shared preloaded model
syn-d460ec92ff2d1e65,hybrid_fifo_rag,500,73.54710000072373,6.209200000739656,304.9151000013808,384.67140000284417,one shared preloaded model
syn-c7b7f75556d5e436,hybrid_fifo_rag,500,72.10670000131358,11.914099999557948,334.90059999894584,418.92139999981737,one shared preloaded model
syn-729b066ef4e121a1,hybrid_fifo_rag,500,86.44469999853754,6.415100000594975,275.80700000180514,368.66680000093766,one shared preloaded model
syn-383ddb0c41c5feef,hybrid_fifo_rag,500,70.19910000235541,6.115799998951843,171.11080000177026,247.4257000030775,one shared preloaded model
syn-50d0f73de6cd03fd,hybrid_fifo_rag,500,76.66430000244873,14.568300000973977,653.1733000010718,744.4059000044945,one shared preloaded model
syn-49216263546f83c9,hybrid_fifo_rag,500,83.80469999974594,7.91169999865815,155.84339999986696,247.55979999827105,one shared preloaded model
syn-3d8ea15d71265a5d,hybrid_fifo_rag,500,82.30980000007548,11.701100000209408,283.3323000013479,377.3432000016328,one shared preloaded model
syn-e71f9cfdd7e12520,hybrid_fifo_rag,500,70.29510000211303,7.2419000025547575,460.5368000011367,538.0738000058045,one shared preloaded model
syn-db387682b1226cfa,hybrid_fifo_rag,500,72.05059999978403,6.102800001826836,167.80020000078366,245.95360000239452,one shared preloaded model
syn-57cbb0340d075fa2,hybrid_fifo_rag,500,84.45039999787696,7.484599998861086,268.7675000015588,360.70249999829684,one shared preloaded model
syn-9df98212cdc08358,hybrid_fifo_rag,500,86.65579999797046,10.632599998643855,241.40690000058385,338.69529999719816,one shared preloaded model
syn-a1d1ea15e7221800,hybrid_fifo_rag,500,74.24450000326033,6.1753000009048264,239.7897999981069,320.20960000227205,one shared preloaded model
syn-2f4dce5ad69b3fa1,hybrid_fifo_rag,500,71.75850000203354,6.78449999759323,278.12859999903594,356.6715999986627,one shared preloaded model
syn-7094b0e8de069d3a,hybrid_fifo_rag,500,71.84449999840581,11.365499998646555,366.47630000152276,449.6862999985751,one shared preloaded model
syn-97802e05ca9a2d1c,hybrid_fifo_rag,500,70.73619999937364,7.016999999905238,331.9703000015579,409.7235000008368,one shared preloaded model
syn-d604fecf4b0498cd,hybrid_fifo_rag,500,90.70419999989099,6.577299998753006,95.45980000257259,192.7413000012166,one shared preloaded model
syn-64c1006806b1711d,hybrid_fifo_rag,500,111.92589999700431,7.670800001505995,291.6181999971741,411.2148999956844,one shared preloaded model
syn-4a8e3cff5312d6b5,hybrid_fifo_rag,500,71.34950000181561,7.283799997821916,408.08970000216505,486.7230000018026,one shared preloaded model
syn-f940283a7af1f768,hybrid_fifo_rag,500,70.66519999716547,6.751799999619834,271.2253999998211,348.6423999966064,one shared preloaded model
syn-00d8e9ad93855ab3,hybrid_fifo_rag,500,71.74289999966277,6.0196000013093,285.42550000202027,363.18800000299234,one shared preloaded model
syn-b66b18aeb0ff8c75,hybrid_fifo_rag,500,79.37759999913396,6.376600002113264,258.39750000159256,344.1517000028398,one shared preloaded model
syn-689eaa13f442395a,hybrid_fifo_rag,500,103.84020000128658,9.118099998886464,301.73980000108713,414.6981000012602,one shared preloaded model
syn-47679c7bc2515e7e,hybrid_fifo_rag,500,71.22249999883934,6.159299999126233,278.6706000006234,356.05239999858895,one shared preloaded model
syn-8defe53d696d1e04,hybrid_fifo_rag,500,75.25510000050417,7.2995999980776105,168.71319999700063,251.2678999955824,one shared preloaded model
syn-958fef865bbe0110,hybrid_fifo_rag,500,76.81410000077449,7.674999997107079,248.71989999883226,333.2089999967138,one shared preloaded model
syn-4b17cac63cc0fd2e,hybrid_fifo_rag,500,70.6571000009717,6.3302999988081865,143.60970000052475,220.59710000030464,one shared preloaded model
syn-c81b135ce954f21d,hybrid_fifo_rag,500,88.88759999899776,10.103000000526663,255.9335000005376,354.924100000062,one shared preloaded model
syn-a4421f1dbd3fdf53,hybrid_fifo_rag,500,87.05230000123265,7.200799998827279,414.47570000309497,508.7288000031549,one shared preloaded model
syn-007bd7d84108708c,hybrid_fifo_rag,500,76.36070000080508,9.389700000610901,215.74880000116536,301.49920000258135,one shared preloaded model
syn-33695a5bdb03a768,hybrid_fifo_rag,500,77.07429999936721,6.938099999388214,229.78639999928419,313.7987999980396,one shared preloaded model
syn-338c6b26a5bc1a7c,hybrid_fifo_rag,500,84.77770000172313,6.385799999407027,268.48600000084843,359.6495000019786,one shared preloaded model
syn-e228218af7df0e27,hybrid_fifo_rag,500,71.67040000058478,7.210499999928288,278.35380000033183,357.2347000008449,one shared preloaded model
syn-fcc74b53a32d5340,hybrid_fifo_rag,500,71.35810000181664,6.2173999976948835,254.5441000002029,332.1195999997144,one shared preloaded model
syn-6f04fd80b4ec7429,hybrid_fifo_rag,500,88.24699999968288,6.1863999981142115,208.6617999993905,303.0951999971876,one shared preloaded model
syn-5a2a82ec7118aced,hybrid_fifo_rag,500,71.41799999953946,6.968100002268329,332.47969999865745,410.86580000046524,one shared preloaded model
syn-929180aaf784df2d,hybrid_fifo_rag,500,78.18090000000666,13.507100000424543,147.8069000004325,239.4949000008637,one shared preloaded model
syn-cb551660c3041446,hybrid_fifo_rag,500,90.7681999997294,12.746799999149516,290.33070000150474,393.84570000038366,one shared preloaded model
syn-791a724e1d728c02,hybrid_fifo_rag,500,71.3251000015589,6.23260000065784,489.82600000090315,567.3837000031199,one shared preloaded model
syn-bbb931a8ac8328af,hybrid_fifo_rag,500,77.06660000258125,7.132300001103431,170.59109999900102,254.7900000026857,one shared preloaded model
syn-ebdd58edff7c66b4,hybrid_fifo_rag,500,89.31920000031823,7.308100000955164,359.52789999646484,456.15519999773824,one shared preloaded model
syn-dafad97333e5b987,hybrid_fifo_rag,500,103.60700000092038,8.987600002001273,245.3010000026552,357.89560000557685,one shared preloaded model
syn-0b201ce7670c1977,hybrid_fifo_rag,500,72.08629999877303,11.280499998974847,364.58499999935157,447.95179999709944,one shared preloaded model
syn-54b9cd4289abb716,hybrid_fifo_rag,500,74.7704999994312,7.586899999296293,302.8431999991881,385.20059999791556,one shared preloaded model
syn-8bf1c6019e2fc30d,hybrid_fifo_rag,500,80.28279999780352,7.241999999678228,334.6310999986599,422.15589999614167,one shared preloaded model
syn-f6299fe4338ea2f7,hybrid_fifo_rag,500,76.08039999831817,6.221899999218294,247.95989999984158,330.26219999737805,one shared preloaded model
syn-38e61cc36ea3e36e,hybrid_fifo_rag,500,84.67810000001919,6.420599998818943,95.24419999797828,186.3428999968164,one shared preloaded model
syn-197dc5be6d7f183f,hybrid_fifo_rag,500,107.82690000269213,7.78580000041984,233.98380000071484,349.5965000038268,one shared preloaded model
syn-3ce9a38483b121d8,hybrid_fifo_rag,500,69.62580000254093,6.318699997791555,201.54900000125053,277.493500001583,one shared preloaded model
syn-47583ae995fed3de,hybrid_fifo_rag,500,67.57049999941955,8.466900002531474,225.36960000070394,301.40700000265497,one shared preloaded model
syn-84f146205390e1cd,hybrid_fifo_rag,500,83.13320000161184,7.022900001175003,249.5813999994425,339.73750000222935,one shared preloaded model
syn-028e71b6f78ee786,hybrid_fifo_rag,500,72.02580000011949,7.5266999992891215,233.0175999995845,312.5700999989931,one shared preloaded model
syn-4bc94b80a83ab669,hybrid_fifo_rag,500,69.31279999844264,8.369900002435315,225.73049999846262,303.4131999993406,one shared preloaded model
syn-18c20066c2cb823b,hybrid_fifo_rag,500,77.26499999989755,6.370700000843499,244.98870000024908,328.62440000099014,one shared preloaded model
syn-9897592c844df47a,hybrid_fifo_rag,500,76.37569999860716,7.2220000001834705,243.87389999901643,327.47159999780706,one shared preloaded model
syn-f1a339235669aeb9,hybrid_fifo_rag,500,71.9993999991857,6.102899998950306,317.0019000026514,395.1042000007874,one shared preloaded model
syn-cfdf94c12c6fc750,hybrid_fifo_rag,500,83.46639999945182,6.707000000460539,92.63389999978244,182.8072999996948,one shared preloaded model
syn-d74d75f2f11faece,hybrid_fifo_rag,500,110.77629999999772,7.45890000325744,225.46770000190008,343.70290000515524,one shared preloaded model
syn-783c82d75d29289f,hybrid_fifo_rag,500,70.66760000088834,6.262399998377077,434.6311999979662,511.5611999972316,one shared preloaded model
syn-59238d3be02262dc,hybrid_fifo_rag,500,70.32960000287858,6.649499999184627,249.75830000039423,326.73740000245743,one shared preloaded model
syn-5a59b3e48be3ebf3,hybrid_fifo_rag,500,74.14319999952568,7.283099999767728,229.66529999757768,311.0915999968711,one shared preloaded model
syn-ff213c8fcd806780,hybrid_fifo_rag,500,77.07659999869065,6.29050000134157,312.1126000005461,395.4797000005783,one shared preloaded model
syn-b53133f7f8a9ffec,hybrid_fifo_rag,500,75.56040000054054,8.781900000030873,228.32170000037877,312.6640000009502,one shared preloaded model
syn-e35eabac503525f5,hybrid_fifo_rag,500,74.37109999955283,8.176900002581533,320.5748999971547,403.1228999992891,one shared preloaded model
syn-f06e91bb302cec90,hybrid_fifo_rag,500,71.08490000246093,5.900700001802761,169.21730000103707,246.20290000530076,one shared preloaded model
syn-8e0605a240c5d9de,hybrid_fifo_rag,500,78.71830000294722,7.372600000962848,276.8632000006619,362.95410000457196,one shared preloaded model
syn-e187101b9c61e6e0,hybrid_fifo_rag,500,70.05829999980051,7.888500000262866,116.50229999941075,194.44909999947413,one shared preloaded model
syn-0adbc4dcb9081517,hybrid_fifo_rag,500,103.57650000150898,7.6506999976118095,219.7444000012183,330.9716000003391,one shared preloaded model
syn-950a8c7f7b083c05,hybrid_fifo_rag,500,91.13529999740422,7.660200000827899,444.61130000127014,543.4067999995023,one shared preloaded model
syn-c33b261bc5974ad6,hybrid_fifo_rag,500,70.90030000108527,6.186800001160009,246.08459999944898,323.17170000169426,one shared preloaded model
syn-5ae41b4c78656072,hybrid_fifo_rag,500,70.49479999841424,8.2576999993762,246.39080000270042,325.14330000049085,one shared preloaded model
syn-5e6cea10982a3491,hybrid_fifo_rag,500,69.94679999843356,7.776499998726649,223.30409999995027,301.0273999971105,one shared preloaded model
syn-393c8d17ecc49c08,hybrid_fifo_rag,500,76.91189999968628,8.321699999214616,254.38580000263755,339.61940000153845,one shared preloaded model
syn-ea7a1a0f2c892d07,hybrid_fifo_rag,500,78.7994999991497,7.204800000181422,240.81120000118972,326.81550000052084,one shared preloaded model
syn-0e782853a7ea3314,hybrid_fifo_rag,500,73.466499998176,6.5830999992613215,172.18119999961345,252.23079999705078,one shared preloaded model
syn-960381de09bea452,hybrid_fifo_rag,500,80.15729999897303,7.26819999908912,325.31250000101863,412.7379999990808,one shared preloaded model
syn-6e1920560ba226cf,hybrid_fifo_rag,500,71.82399999874178,6.073299999115989,109.01559999911115,186.91289999696892,one shared preloaded model
syn-51d5124dceba73dc,hybrid_fifo_rag,500,102.33700000026147,7.775400001264643,242.91539999831002,353.02779999983613,one shared preloaded model
syn-3eb2443275ddd447,hybrid_fifo_rag,500,72.72110000121756,11.467600001196843,461.8713999989268,546.0601000013412,one shared preloaded model
syn-8614bcc399988fce,hybrid_fifo_rag,500,70.41560000288882,7.168200001615332,223.52069999760715,301.1045000021113,one shared preloaded model
syn-3cdf107cfd43e0fd,hybrid_fifo_rag,500,70.0883999998041,8.583199996792246,237.88649999914924,316.5580999957456,one shared preloaded model
syn-288492c196f1e57d,hybrid_fifo_rag,500,70.79909999811207,7.76169999880949,224.66329999951995,303.2240999964415,one shared preloaded model
syn-6aeddd7478f8dad1,hybrid_fifo_rag,500,77.2069000013289,12.072599998646183,296.01959999854444,385.2990999985195,one shared preloaded model
syn-f7ce21c285c45a2e,hybrid_fifo_rag,500,70.17740000082995,7.290500001545297,253.83209999927203,331.3000000016473,one shared preloaded model
syn-e3f6ba4e5a28c2de,hybrid_fifo_rag,500,71.97699999960605,7.173099998908583,239.64040000282694,318.79050000134157,one shared preloaded model
syn-b660cc0eacfc23b6,hybrid_fifo_rag,500,72.70069999867701,6.5687999995134305,278.1451000009838,357.41459999917424,one shared preloaded model
syn-b50f9f7062eca05f,hybrid_fifo_rag,500,72.22449999972014,7.879599997977493,94.34549999787123,174.44959999556886,one shared preloaded model
syn-0fc1f31ae9a93aa7,hybrid_fifo_rag,500,107.57169999851612,7.831300001271302,228.56109999702312,343.96409999681055,one shared preloaded model
syn-d2aeb79af2c427b5,hybrid_fifo_rag,500,72.48830000025919,6.280500001594191,206.75060000212397,285.51940000397735,one shared preloaded model
syn-62826ec1b9b4a016,hybrid_fifo_rag,500,75.01560000309837,6.113899999036221,168.2107000015094,249.340200003644,one shared preloaded model
syn-d29f5aeb7170134e,hybrid_fifo_rag,500,78.44939999995404,7.256699998833938,293.1927999998152,378.89889999860316,one shared preloaded model
syn-a38b4624e16666f7,hybrid_fifo_rag,500,84.44439999948372,7.191400000010617,240.6434000004083,332.27919999990263,one shared preloaded model
syn-75b1ed43bc65fd9e,hybrid_fifo_rag,500,75.55109999884735,7.332100001804065,222.67049999936717,305.5537000000186,one shared preloaded model
syn-8494bae6d11ac2e7,hybrid_fifo_rag,500,95.32219999891822,12.129400001867907,300.0174999979208,407.46909999870695,one shared preloaded model
syn-7ee1f42a5629174b,hybrid_fifo_rag,500,71.24909999765805,5.895700000110082,249.29049999991548,326.4352999976836,one shared preloaded model
syn-3fe4991bf0c2ad44,hybrid_fifo_rag,500,71.80520000110846,7.6640000006591436,298.64680000173394,378.11600000350154,one shared preloaded model
syn-1e2ecfd6d2f82460,hybrid_fifo_rag,500,70.43520000297576,6.2422000009974,145.42050000090967,222.09790000488283,one shared preloaded model
syn-64cd3953dfea1b8a,hybrid_fifo_rag,500,88.89999999883003,12.155299998994451,353.4144000004744,454.4696999982989,one shared preloaded model
syn-8baac05c82412799,hybrid_fifo_rag,500,84.73329999833368,7.174599999416387,474.7717999998713,566.6796999976214,one shared preloaded model
syn-6d1ad2459478a841,hybrid_fifo_rag,500,71.05990000127349,7.199000003311085,270.0189999995928,348.27790000417735,one shared preloaded model
syn-67f82b8b4f21c426,hybrid_fifo_rag,500,70.63729999936186,6.230800001503667,221.02309999900172,297.89119999986724,one shared preloaded model
syn-28a468ec5ccd074e,hybrid_fifo_rag,500,70.27259999813396,6.3885999988997355,269.70670000082464,346.36789999785833,one shared preloaded model
syn-22ae75de761a6523,hybrid_fifo_rag,500,71.2113000008685,6.899899999552872,247.338100001798,325.4493000022194,one shared preloaded model
syn-438d58bc4faa40a6,hybrid_fifo_rag,500,74.66399999975692,7.217400001536589,261.4471000015328,343.32850000282633,one shared preloaded model
syn-00b33be7e49faf14,hybrid_fifo_rag,500,71.3876000008895,9.649499999795808,243.90839999978198,324.9455000004673,one shared preloaded model
syn-0de255f30bd2a43b,hybrid_fifo_rag,500,80.70279999810737,10.03599999967264,240.01570000109496,330.75449999887496,one shared preloaded model
syn-5b8adc69152415ba,hybrid_fifo_rag,500,74.29380000030505,6.208900002093287,202.3406000007526,282.84330000315094,one shared preloaded model
syn-7294b757a8e851e2,hybrid_fifo_rag,500,71.77500000034343,7.780299998557894,226.4647000010882,306.0199999999895,one shared preloaded model
syn-044b82cb725cda4f,hybrid_fifo_rag,500,102.80989999955636,9.165899999061367,506.1467999985325,618.1225999971502,one shared preloaded model
syn-318d78f2ab7b3615,hybrid_fifo_rag,500,76.54849999744329,11.34519999686745,213.92090000153985,301.8145999958506,one shared preloaded model
syn-6abf77247fcceec9,hybrid_fifo_rag,500,89.55839999907766,7.092000003467547,220.32860000035726,316.97900000290247,one shared preloaded model
syn-d820c6a8ffaad975,hybrid_fifo_rag,500,87.9123000013351,9.86679999914486,282.01110000009066,379.7902000005706,one shared preloaded model
syn-35e6eeacf4a5b0e7,hybrid_fifo_rag,500,90.62140000241925,7.280699999682838,340.0344000001496,437.9365000022517,one shared preloaded model
syn-5f13f7d39a6f9dd2,hybrid_fifo_rag,500,76.4616999986174,6.141300000308547,243.87860000206274,326.4816000009887,one shared preloaded model
syn-d79f56bbac52b78f,hybrid_fifo_rag,500,72.50869999916176,7.1902000017871615,173.88869999922463,253.58760000017355,one shared preloaded model
syn-d94f9f88e7330cf3,hybrid_fifo_rag,500,74.47859999956563,8.402499999647262,249.4184999995923,332.2995999988052,one shared preloaded model
syn-9af8470ca231317c,hybrid_fifo_rag,500,72.4564999982249,8.394600001338404,92.64880000046105,173.49990000002435,one shared preloaded model
syn-016a620ea89d026c,hybrid_fifo_rag,500,110.04879999745754,7.6665999986289535,271.3852999986557,389.1006999947422,one shared preloaded model
syn-0ab4f7c4f93101df,hybrid_fifo_rag,500,75.75319999887142,6.9174999989627395,168.35010000067996,251.02079999851412,one shared preloaded model
syn-673ad9a7a3815527,hybrid_fifo_rag,500,71.770500002458,7.3451999996905215,185.40980000034324,264.52550000249175,one shared preloaded model
syn-9637d112539c2596,hybrid_fifo_rag,500,72.5451999969664,10.519199997361284,292.5911000020278,375.6554999963555,one shared preloaded model
syn-9efd28a908d96377,hybrid_fifo_rag,500,72.66949999757344,6.868399999802932,293.8687999994727,373.40669999684906,one shared preloaded model
syn-b5fd479043a1f5f0,hybrid_fifo_rag,500,91.38639999946463,8.568100001866696,218.8486000013654,318.80310000269674,one shared preloaded model
syn-b31097c5f8432523,hybrid_fifo_rag,500,72.56149999739137,6.611100001464365,264.4177000001946,343.59029999905033,one shared preloaded model
syn-e3988356cb634b76,hybrid_fifo_rag,500,75.05130000208737,7.249500002217246,200.57539999834262,282.87620000264724,one shared preloaded model
syn-b93d2fbde0d87e43,hybrid_fifo_rag,500,70.36639999932959,7.451399997080443,261.15150000259746,338.9692999990075,one shared preloaded model
syn-e6bb0f45ecff59ec,hybrid_fifo_rag,500,76.50479999938398,7.49300000097719,94.70969999892986,178.70749999929103,one shared preloaded model
syn-5de10839a991bd18,hybrid_fifo_rag,500,110.27910000120755,8.021699999517296,316.6720000008354,434.97280000156024,one shared preloaded model
syn-1d26b78349295a8c,hybrid_fifo_rag,500,89.56670000043232,7.630699998117052,513.9672000004794,611.1645999990287,one shared preloaded model
syn-13a80fedd9f32081,hybrid_fifo_rag,500,70.41049999679672,7.388199999695644,285.1641000015661,362.9627999980585,one shared preloaded model
syn-fc5e97f03a0bdaea,hybrid_fifo_rag,500,71.32679999995162,6.447399999160552,266.0090000026685,343.78320000178064,one shared preloaded model
syn-05d8cf96104d2a05,hybrid_fifo_rag,500,80.52329999918584,8.866899999702582,285.5831999986549,374.9733999975433,one shared preloaded model
syn-10f60f169ff33d8a,hybrid_fifo_rag,500,74.78320000154781,7.593800000904594,298.3401000019512,380.7171000044036,one shared preloaded model
syn-92e00dc4ce0b433f,hybrid_fifo_rag,500,71.0934000017005,6.60040000002482,252.55639999886625,330.2502000005916,one shared preloaded model
syn-8b04cba97d6011be,hybrid_fifo_rag,500,71.90790000095149,6.2034000002313405,171.38840000188793,249.49970000307076,one shared preloaded model
syn-d5d82482f42433eb,hybrid_fifo_rag,500,76.13090000086231,7.458000000042375,386.4996999982395,470.0885999991442,one shared preloaded model
syn-c11b77eb7b11634e,hybrid_fifo_rag,500,99.51670000009472,6.176599999889731,92.2327000007499,197.92600000073435,one shared preloaded model
syn-45838d23bff0c54b,hybrid_fifo_rag,500,112.05630000040401,7.716899999650195,222.35079999882146,342.12399999887566,one shared preloaded model
syn-59a6301268ac351a,hybrid_fifo_rag,500,70.34349999958067,6.2726000032853335,529.2654999975639,605.8816000004299,one shared preloaded model
syn-51f7894767e333b4,hybrid_fifo_rag,500,80.0736000019242,8.146999996824889,220.89530000084778,309.1158999995969,one shared preloaded model
syn-b2383b732780e64c,hybrid_fifo_rag,500,74.99710000047344,6.036099999619182,221.53619999880902,302.56939999890164,one shared preloaded model
syn-8b0cbb2202ca8bee,hybrid_fifo_rag,500,69.16759999876376,7.774000001518289,296.3254999995115,373.2670999997936,one shared preloaded model
syn-3c99834715dc06fe,hybrid_fifo_rag,500,73.4377000007953,7.371899999270681,254.06840000141528,334.87800000148127,one shared preloaded model
syn-bbb693659e15d4a8,hybrid_fifo_rag,500,78.25320000119973,7.513900000049034,313.09849999888684,398.8656000001356,one shared preloaded model
syn-ae370afd87dce67b,hybrid_fifo_rag,500,71.78729999941424,5.902799999603303,216.08200000264333,293.7721000016609,one shared preloaded model
syn-d9bb103e78d1ea00,hybrid_fifo_rag,1000,183.9865000001737,7.042200002615573,202.23099999930128,393.25970000209054,one shared preloaded model
syn-6ce2e118d31157fe,hybrid_fifo_rag,1000,161.64500000013504,6.308199997874908,281.90840000024764,449.8615999982576,one shared preloaded model
syn-042dd477cdf0308a,hybrid_fifo_rag,1000,144.08980000007432,6.053799999790499,172.2312999991118,322.3748999989766,one shared preloaded model
syn-281283cfabfbdcea,hybrid_fifo_rag,1000,145.44649999879766,7.0756999994046055,201.18209999782266,353.70429999602493,one shared preloaded model
syn-8efa4ab49e1a80d2,hybrid_fifo_rag,1000,136.0917000019981,7.112100000085775,145.5316000028688,288.7354000049527,one shared preloaded model
syn-b17fc4077a328a69,hybrid_fifo_rag,1000,152.14729999934207,7.11339999907068,218.7082000018563,377.96890000026906,one shared preloaded model
syn-7e6f50b922375dde,hybrid_fifo_rag,1000,142.63510000091628,6.160799999634037,203.8923000000068,352.6882000005571,one shared preloaded model
syn-fc2eb6d5aff91ebe,hybrid_fifo_rag,1000,138.1717000003846,8.102300002065022,190.440900001704,336.7149000041536,one shared preloaded model
syn-938ad03c92c97011,hybrid_fifo_rag,1000,144.39049999782583,6.241800001589581,197.45440000042436,348.08669999983977,one shared preloaded model
syn-f6b8e9d890741e55,hybrid_fifo_rag,1000,137.61579999845708,7.163099999161204,201.64520000253106,346.42410000014934,one shared preloaded model
syn-b36a5940cf945a14,hybrid_fifo_rag,1000,162.0489999986603,9.195399998134235,286.10939999998664,457.35379999678116,one shared preloaded model
syn-0ed7b68c61dbfde9,hybrid_fifo_rag,1000,144.64809999844874,7.906499999080552,178.07040000116103,330.6249999986903,one shared preloaded model
syn-5fae0fa10fdf31d3,hybrid_fifo_rag,1000,148.41480000177398,7.239700000354787,179.29299999741488,334.94749999954365,one shared preloaded model
syn-dba8ca745e0a3cdc,hybrid_fifo_rag,1000,140.6898999994155,6.451100001868326,341.39049999794224,488.53149999922607,one shared preloaded model
syn-fcfb5732ec54f0c8,hybrid_fifo_rag,1000,156.01579999929527,6.611500000872184,239.80589999700896,402.4331999971764,one shared preloaded model
syn-08effc2a25c11f9c,hybrid_fifo_rag,1000,168.89150000133668,7.461099998181453,170.0903000019025,346.44290000142064,one shared preloaded model
syn-9e6381dab1dfdb96,hybrid_fifo_rag,1000,146.37819999916246,7.60910000099102,201.48539999718196,355.47269999733544,one shared preloaded model
syn-dca5cb7288e8636e,hybrid_fifo_rag,1000,150.2072999974189,7.377500001894077,243.79570000019157,401.38049999950454,one shared preloaded model
syn-f4ff0a2d232530ca,hybrid_fifo_rag,1000,143.98760000040056,7.270499998412561,508.0313999969803,659.2894999957934,one shared preloaded model
syn-5f1b8d8a7822fd7e,hybrid_fifo_rag,1000,142.0271999995748,7.284500003152061,189.57489999957033,338.8866000022972,one shared preloaded model
syn-94aba5b9e5062a27,hybrid_fifo_rag,1000,139.6777000009024,6.249199999729171,176.5932000016619,322.5201000022935,one shared preloaded model
syn-3e6c511cd2b560d8,hybrid_fifo_rag,1000,163.99839999940014,11.9038000011642,223.89810000095167,399.800300001516,one shared preloaded model
syn-ac20d91143a0590b,hybrid_fifo_rag,1000,227.57480000291253,7.600400000228547,271.8688999993901,507.0441000025312,one shared preloaded model
syn-0efffe40eebe4463,hybrid_fifo_rag,1000,140.84980000188807,6.408100001863204,247.22989999645506,394.48780000020633,one shared preloaded model
syn-b83885bc9e64ce19,hybrid_fifo_rag,1000,143.01500000146916,7.3867999999492895,225.24389999671257,375.645699998131,one shared preloaded model
syn-ee19c3767fd74bed,hybrid_fifo_rag,1000,151.15510000032373,7.42040000113775,199.50389999939944,358.0794000008609,one shared preloaded model
syn-7c2d788567f6ca4c,hybrid_fifo_rag,1000,145.7209000000148,6.122200000390876,95.28990000035265,247.13300000075833,one shared preloaded model
syn-3a8019f3d5dc68c0,hybrid_fifo_rag,1000,174.7382000030484,6.530499998916639,223.02610000042478,404.2948000023898,one shared preloaded model
syn-e8c65398929f4acf,hybrid_fifo_rag,1000,143.42580000084126,7.306600000447361,170.03590000240365,320.7683000036923,one shared preloaded model
syn-3f66ed559cedc115,hybrid_fifo_rag,1000,152.59400000286405,6.501700001535937,174.5706000001519,333.6663000045519,one shared preloaded model
syn-12ccf1fda7a5ba55,hybrid_fifo_rag,1000,177.9781000004732,7.480199998099124,168.08539999692584,353.5436999954982,one shared preloaded model
syn-a12f2b7d49824e38,hybrid_fifo_rag,1000,144.30129999891506,7.333099998504622,172.60870000245632,324.243099999876,one shared preloaded model
syn-391e97cd74ab7f0a,hybrid_fifo_rag,1000,165.09119999682298,8.001900001545437,176.92810000153258,350.021199999901,one shared preloaded model
syn-e720b237f4f6f0d3,hybrid_fifo_rag,1000,144.55799999996088,8.238600003096508,170.46299999856274,323.25960000162013,one shared preloaded model
syn-8de662f9190a975f,hybrid_fifo_rag,1000,145.73580000069342,7.591800000227522,142.80979999966803,296.13740000058897,one shared preloaded model
syn-887cf2e03d326777,hybrid_fifo_rag,1000,165.70770000180346,7.7586000006704126,249.33069999678992,422.7969999992638,one shared preloaded model
syn-89035a06fe530ebf,hybrid_fifo_rag,1000,148.7111000024015,6.468099996709498,254.01780000174767,409.1970000008587,one shared preloaded model
syn-cb5f2c3f5795cde4,hybrid_fifo_rag,1000,144.33529999951134,6.46240000060061,251.60289999985253,402.40059999996447,one shared preloaded model
syn-81dc91cf54ed73d1,hybrid_fifo_rag,1000,140.7963000019663,6.768999999621883,169.28700000062236,316.85230000221054,one shared preloaded model
syn-72347d36c62375b2,hybrid_fifo_rag,1000,150.11230000163778,6.080400002247188,222.43349999916973,378.6262000030547,one shared preloaded model
syn-4bae06c6c4fc1f14,hybrid_fifo_rag,1000,137.54029999836348,7.024899998214096,208.95780000137165,353.5229999979492,one shared preloaded model
syn-45a3475be0025375,hybrid_fifo_rag,1000,153.45509999679052,7.309700002224417,242.04039999676752,402.80519999578246,one shared preloaded model
syn-c5a53c1e41ca2f77,hybrid_fifo_rag,1000,178.32329999873764,11.361500000930391,256.1193999972602,445.8041999969282,one shared preloaded model
syn-f6773edb4955f847,hybrid_fifo_rag,1000,182.53959999856306,11.813899996923283,297.67079999874113,492.0242999942275,one shared preloaded model
syn-58b316290cd24af7,hybrid_fifo_rag,1000,142.6757000008365,6.5623999980743974,174.51250000158325,323.75060000049416,one shared preloaded model
syn-d48e529b99148b62,hybrid_fifo_rag,1000,154.84329999890178,10.618100001011044,172.542300002533,338.00370000244584,one shared preloaded model
syn-c59f2789c582ce72,hybrid_fifo_rag,1000,165.06289999961155,7.306999999855179,180.78869999953895,353.1585999990057,one shared preloaded model
syn-439f1c31894cda85,hybrid_fifo_rag,1000,141.31569999881322,7.511199997679796,168.44310000305995,317.26999999955297,one shared preloaded model
syn-bc315d39ab7b8d07,hybrid_fifo_rag,1000,146.8196000023454,6.686000000627246,563.1885000002512,716.6941000032239,one shared preloaded model
syn-ff528767efd5ed85,hybrid_fifo_rag,1000,157.83689999807393,6.208799997693859,191.5750999978627,355.6207999936305,one shared preloaded model
syn-65c7958efb0596b8,hybrid_fifo_rag,1000,166.07479999947827,6.698100001813145,174.65230000016163,347.42520000145305,one shared preloaded model
syn-54f9c57cabda9bb7,hybrid_fifo_rag,1000,175.991600000998,7.811000003130175,253.02519999968354,436.8278000038117,one shared preloaded model
syn-b667d2c320a8600f,hybrid_fifo_rag,1000,146.8148999992991,7.496700000046985,169.8818000004394,324.19339999978547,one shared preloaded model
syn-a179f0ac6d5bd80b,hybrid_fifo_rag,1000,171.04360000303132,7.222699998237658,170.99900000175694,349.2653000030259,one shared preloaded model
syn-0837b68c448c02ef,hybrid_fifo_rag,1000,147.9008000023896,8.396499997616047,224.75009999834583,381.04739999835147,one shared preloaded model
syn-4cb03cf39f71f86d,hybrid_fifo_rag,1000,158.04099999877508,6.526500001200475,164.4336999997904,329.00119999976596,one shared preloaded model
syn-81ff57e4c3f23708,hybrid_fifo_rag,1000,150.6165000027977,7.336399998166598,178.8116000025184,336.7645000034827,one shared preloaded model
syn-d4eee0faf98bee16,hybrid_fifo_rag,1000,137.3170000006212,8.466600000247126,175.93349999879138,321.7170999996597,one shared preloaded model
syn-8ccf977ded1bf95e,hybrid_fifo_rag,1000,146.32650000203284,6.275300002016593,541.3656000018818,693.9674000059313,one shared preloaded model
syn-aa50f0aa293375df,hybrid_fifo_rag,1000,140.39199999751872,6.7269999999552965,201.3102999990224,348.4292999964964,one shared preloaded model
syn-3024acb3548890e1,hybrid_fifo_rag,1000,155.2731000010681,6.303499998466577,250.55989999964368,412.13649999917834,one shared preloaded model
syn-466bce93c4ee97a9,hybrid_fifo_rag,1000,201.9865000002028,6.081999999878462,243.60560000059195,451.6741000006732,one shared preloaded model
syn-ea86488068c8be5d,hybrid_fifo_rag,1000,139.82539999778965,6.405000000086147,225.88719999839668,372.1175999962725,one shared preloaded model
syn-c93a303ba2cb0a5e,hybrid_fifo_rag,1000,146.83510000031674,7.0071000009193085,268.00290000028326,421.8451000015193,one shared preloaded model
syn-39bd187f8d495145,hybrid_fifo_rag,1000,154.40440000020317,6.878800002596108,172.8968999996141,334.1801000024134,one shared preloaded model
syn-eacb4ffcbb2d86d7,hybrid_fifo_rag,1000,158.66639999876497,7.856899999751477,249.23850000050152,415.76179999901797,one shared preloaded model
syn-5b845e0d83ffe943,hybrid_fifo_rag,1000,142.05700000093202,7.579999997687992,170.7715000011376,320.4084999997576,one shared preloaded model
syn-67da6153707a7cf3,hybrid_fifo_rag,1000,149.6237999999721,6.613800000195624,178.44309999782126,334.680699997989,one shared preloaded model
syn-208a5f0e612e75dc,hybrid_fifo_rag,1000,148.9828999983729,7.728600001428276,237.25399999966612,393.9654999994673,one shared preloaded model
syn-3f0a998814cff481,hybrid_fifo_rag,1000,141.28600000185543,7.169399999838788,180.37049999838928,328.8259000000835,one shared preloaded model
syn-bbf2766c5553d357,hybrid_fifo_rag,1000,144.78669999880367,7.353700002568075,244.02639999971143,396.1668000010832,one shared preloaded model
syn-28c5f4952dec1158,hybrid_fifo_rag,1000,146.94620000227587,7.4051000010513235,316.698799997539,471.0501000008662,one shared preloaded model
syn-f0710eb347d7f49f,hybrid_fifo_rag,1000,155.54859999974724,10.288000001310138,248.8656000023184,414.70220000337576,one shared preloaded model
syn-fae97a6c6007ca4b,hybrid_fifo_rag,1000,140.2674000019033,6.263600000238512,169.3429999977525,315.8739999998943,one shared preloaded model
syn-26da2551ebdb99b0,hybrid_fifo_rag,1000,147.20980000129202,7.422300001053372,169.79949999949895,324.43160000184434,one shared preloaded model
syn-d6a3c849308efc93,hybrid_fifo_rag,1000,152.5961000006646,10.982499999954598,181.06369999804883,344.642299998668,one shared preloaded model
syn-5e831158aecf073c,hybrid_fifo_rag,1000,148.2942999973602,6.568100001459243,144.2109999989043,299.07339999772375,one shared preloaded model
syn-0df1020fb1cfac7b,hybrid_fifo_rag,1000,156.04200000234414,9.101799998461502,207.97200000015437,373.11580000096,one shared preloaded model
syn-14895e28ff83d627,hybrid_fifo_rag,1000,137.7546000003349,7.667199999559671,175.0640000027488,320.4858000026434,one shared preloaded model
syn-280893883faff475,hybrid_fifo_rag,1000,151.93709999948624,7.451699999364791,172.57440000321367,331.9632000020647,one shared preloaded model
syn-64c9f4524a637e29,hybrid_fifo_rag,1000,149.62709999963408,7.130500001949258,224.53549999772804,381.2930999993114,one shared preloaded model
syn-a059274c871b0476,hybrid_fifo_rag,1000,155.4361999988032,8.249700000305893,244.86350000006496,408.54939999917406,one shared preloaded model
syn-62d3ee9ce3d7c7ac,hybrid_fifo_rag,1000,141.2229000015941,6.25670000226819,174.72459999771672,322.204200001579,one shared preloaded model
syn-a3ab9227eebf5a53,hybrid_fifo_rag,1000,152.13629999925615,7.854900002712384,169.63509999914095,329.6263000011095,one shared preloaded model
syn-eae30fdc794e4b34,hybrid_fifo_rag,1000,158.40549999848008,7.436200001393445,171.70479999913368,337.5464999990072,one shared preloaded model
syn-48ca6ad89fc59895,hybrid_fifo_rag,1000,144.6254999973462,7.322499997826526,236.1302000026626,388.0781999978353,one shared preloaded model
syn-500f7069b993394b,hybrid_fifo_rag,1000,173.0336000000534,7.291300000360934,231.90009999962058,412.2250000000349,one shared preloaded model
syn-9b96067dc9ef5446,hybrid_fifo_rag,1000,153.22069999820087,6.5124000029754825,174.9794000024849,334.71250000366126,one shared preloaded model
syn-7a3b2bb542adde01,hybrid_fifo_rag,1000,147.7545999987342,6.0321999990264885,219.49540000059642,373.2821999983571,one shared preloaded model
syn-f7c0ebbe60722761,hybrid_fifo_rag,1000,138.6869999987539,6.251200000406243,172.2641999986081,317.2023999977682,one shared preloaded model
syn-dac579b4ce47aca7,hybrid_fifo_rag,1000,160.05910000239965,7.86099999822909,167.81210000044666,335.7322000010754,one shared preloaded model
syn-bcbefb9be90d6a25,hybrid_fifo_rag,1000,150.86739999969723,7.6485999998112675,173.09450000175275,331.61050000126124,one shared preloaded model
syn-2695661d1bea2959,hybrid_fifo_rag,1000,155.66039999976056,6.362199997965945,219.09919999961858,381.1217999973451,one shared preloaded model
syn-1b898866130111e0,hybrid_fifo_rag,1000,138.06259999910253,6.200899999385001,185.1803999998083,329.4438999982958,one shared preloaded model
syn-1a1996e4100eeaad,hybrid_fifo_rag,1000,136.48529999773018,7.824399999663001,176.51939999996102,320.8290999973542,one shared preloaded model
syn-8d77e003873ed40a,hybrid_fifo_rag,1000,148.8303999976779,11.786699997173855,251.51890000051935,412.1359999953711,one shared preloaded model
syn-cdc296dc9c776cdb,hybrid_fifo_rag,1000,142.94519999748445,7.594599999720231,128.35239999913028,278.89219999633497,one shared preloaded model
syn-8327f78363600d81,hybrid_fifo_rag,1000,161.27729999789153,6.689699999697041,177.3170000014943,345.2839999990829,one shared preloaded model
syn-5e6ee2f73290048f,hybrid_fifo_rag,1000,152.80709999933606,6.562400001712376,168.2689000008395,327.63840000188793,one shared preloaded model
syn-23e8742860b2a62a,hybrid_fifo_rag,1000,158.41290000025765,6.165900002088165,170.02929999944172,334.60810000178753,one shared preloaded model
syn-f04d6c7f370e4a29,hybrid_fifo_rag,1000,150.74950000052922,6.068599999707658,177.7159000012034,334.5340000014403,one shared preloaded model
syn-b80b2e97a4db7a97,hybrid_fifo_rag,1000,143.87809999971068,7.654799999727402,272.6894000006723,424.2223000001104,one shared preloaded model
syn-ba2a7ef9baa4b877,hybrid_fifo_rag,1000,142.8797000007762,7.239300000946969,248.7771000014618,398.896100003185,one shared preloaded model
syn-71222cfc29e9341b,hybrid_fifo_rag,1000,140.1427999990119,6.250599999475526,243.35079999946174,389.7441999979492,one shared preloaded model
syn-c28e151e0a17cca4,hybrid_fifo_rag,1000,140.95300000190036,6.009199998516124,169.54030000124476,316.50250000166125,one shared preloaded model
syn-f146e261fff2b363,hybrid_fifo_rag,1000,152.18169999934616,6.48160000127973,167.84370000095805,326.50700000158395,one shared preloaded model
syn-bcc90fb9386303b5,hybrid_fifo_rag,1000,145.48020000074757,8.684000000357628,213.28899999934947,367.4532000004547,one shared preloaded model
syn-543acec00104d069,hybrid_fifo_rag,1000,144.58430000013323,7.649399998626905,229.03600000063307,381.2696999993932,one shared preloaded model
syn-a777a0449ca3fb5f,hybrid_fifo_rag,1000,150.0104000006104,7.554299998446368,208.38260000164155,365.9473000006983,one shared preloaded model
syn-c06a91abc63c98c7,hybrid_fifo_rag,1000,148.08009999978822,7.739399999991292,187.02370000028168,342.8432000000612,one shared preloaded model
syn-b99931850336a20f,hybrid_fifo_rag,1000,229.24129999955767,7.171899997047149,175.91340000217315,412.32659999877797,one shared preloaded model
syn-59385e24e872000c,hybrid_fifo_rag,1000,148.78200000021025,6.158500000310596,219.06380000291392,374.00430000343476,one shared preloaded model
syn-0892a57b654e40e8,hybrid_fifo_rag,1000,137.64870000159135,7.300000001123408,242.98100000305567,387.9297000057704,one shared preloaded model
syn-fb34245e0892cc7a,hybrid_fifo_rag,1000,148.3191999977862,7.432800000970019,246.16360000072746,401.9155999994837,one shared preloaded model
syn-b08ae709b1c9d822,hybrid_fifo_rag,1000,151.63549999851966,6.212600001163082,167.62569999991683,325.4737999995996,one shared preloaded model
syn-e2db30e7d5c4dde6,hybrid_fifo_rag,1000,147.87940000314848,7.770000000164146,262.03629999872646,417.6857000020391,one shared preloaded model
syn-dd60639750ea62b4,hybrid_fifo_rag,1000,143.17730000038864,6.125500000052853,168.43629999857512,317.7390999990166,one shared preloaded model
syn-cbaa4569873ac834,hybrid_fifo_rag,1000,148.91420000276412,7.647200000064913,172.21749999953317,328.7789000023622,one shared preloaded model
syn-520903a645d5ecfb,hybrid_fifo_rag,1000,147.78819999992265,10.66500000160886,200.80659999803174,359.25979999956326,one shared preloaded model
syn-5e9fd87a5016cddd,hybrid_fifo_rag,1000,142.55299999786075,7.3961000016424805,174.89430000205175,324.843400001555,one shared preloaded model
syn-f1b52658363e3b92,hybrid_fifo_rag,1000,161.97720000127447,6.755099999281811,168.1376000015007,336.86990000205697,one shared preloaded model
syn-18b9d6ac9e7049fb,hybrid_fifo_rag,1000,158.28719999990426,6.1544000018329825,166.58950000055484,331.0311000022921,one shared preloaded model
syn-008384cdd30eea44,hybrid_fifo_rag,1000,150.62910000051488,6.060299998353003,248.14759999935632,404.8369999982242,one shared preloaded model
syn-ab404be3043d317f,hybrid_fifo_rag,1000,161.68299999844749,7.824199998140102,169.0186999985599,338.5258999951475,one shared preloaded model
syn-172454acf1cf66e2,hybrid_fifo_rag,1000,157.39190000022063,6.153000002086628,168.16240000116522,331.7073000034725,one shared preloaded model
syn-27d81a44d9d7eb1d,hybrid_fifo_rag,1000,146.90600000176346,6.333900000754511,175.4335000005085,328.6734000030265,one shared preloaded model
syn-d07f7ebc6d1de23b,hybrid_fifo_rag,1000,149.03730000150972,6.9218000026012305,101.94480000063777,257.9039000047487,one shared preloaded model
syn-a2663843442b6cc3,hybrid_fifo_rag,1000,170.51029999856837,7.862599999498343,197.35320000108914,375.72609999915585,one shared preloaded model
syn-1cdee48c3989dff6,hybrid_fifo_rag,1000,141.22710000083316,6.30269999965094,245.18300000272575,392.71280000320985,one shared preloaded model
syn-c3e03635fe54efbb,hybrid_fifo_rag,1000,139.74489999964135,7.245099997817306,167.91790000206674,314.9078999995254,one shared preloaded model
syn-f145453cd704f938,hybrid_fifo_rag,1000,144.2204999984824,11.210099997697398,278.7619000009727,434.1924999971525,one shared preloaded model
syn-19a39e333ceb7176,hybrid_fifo_rag,1000,145.99839999937103,6.3262999974540435,169.5134000001417,321.8380999969668,one shared preloaded model
syn-b2af4633bfb40235,hybrid_fifo_rag,1000,145.10389999850304,6.639700000960147,240.46049999742536,392.20409999688854,one shared preloaded model
syn-2c55a3011f2a0d9a,hybrid_fifo_rag,1000,143.48770000287914,11.861700000736164,296.6783000010764,452.0277000046917,one shared preloaded model
syn-01c5f8e95e41a7a5,hybrid_fifo_rag,1000,148.9822000003187,6.914399997185683,147.7493999991566,303.645999996661,one shared preloaded model
syn-791e007bcf48f98c,hybrid_fifo_rag,1000,158.5384999998496,6.5854999993462116,175.38509999940288,340.5090999985987,one shared preloaded model
syn-259b9d737befeb57,hybrid_fifo_rag,1000,153.68229999876348,7.678499998291954,169.4184000007226,330.77919999777805,one shared preloaded model
syn-54b5a6194fc6fd8e,hybrid_fifo_rag,1000,148.9144999977725,7.319799999095267,173.73779999979888,329.97209999666666,one shared preloaded model
syn-8f4277d9948d448f,hybrid_fifo_rag,1000,145.46539999719243,7.146800002374221,175.63869999867165,328.2508999982383,one shared preloaded model
syn-e049688b82633c17,hybrid_fifo_rag,1000,155.35189999718568,6.273000002693152,193.56010000046808,355.1850000003469,one shared preloaded model
syn-50f7efbbd3b49e8b,hybrid_fifo_rag,1000,182.66179999773158,7.974200001626741,232.1572999971977,422.793299996556,one shared preloaded model
syn-99e12498445b1b0e,hybrid_fifo_rag,1000,135.5978999999934,10.263000000122702,241.09990000215475,386.96080000227084,one shared preloaded model
syn-4af231d1b0ca07c3,hybrid_fifo_rag,1000,138.65520000035758,6.26879999981611,245.81150000085472,390.7355000010284,one shared preloaded model
syn-cf0443c64c602685,hybrid_fifo_rag,1000,142.7718000013556,6.669700000202283,187.69740000061574,337.1389000021736,one shared preloaded model
syn-0aa6427cb87ebeec,hybrid_fifo_rag,1000,140.04249999925378,7.438800003001234,205.85969999956433,353.34100000181934,one shared preloaded model
syn-64d492d82aa73da9,hybrid_fifo_rag,1000,137.27940000171657,7.449999997334089,220.20689999772003,364.9362999967707,one shared preloaded model
syn-a88929ba4de8e497,hybrid_fifo_rag,1000,137.37229999969713,6.190300002344884,93.20260000095004,236.76520000299206,one shared preloaded model
syn-82a7fca2c31d20c0,hybrid_fifo_rag,1000,179.89350000061677,7.492400000046473,248.15830000079586,435.5442000014591,one shared preloaded model
syn-9c7c1e30084b964c,hybrid_fifo_rag,1000,158.46950000195648,7.1613000000070315,191.7687000022852,357.3995000042487,one shared preloaded model
syn-2ca355b2ac8634a8,hybrid_fifo_rag,1000,182.62260000119568,9.091500000067754,246.88130000140518,438.5954000026686,one shared preloaded model
syn-aa93861de0aaf495,hybrid_fifo_rag,5000,698.5720999982732,6.38999999864609,170.75950000071316,875.7215999976324,one shared preloaded model
syn-1992f86a3e86fc6a,hybrid_fifo_rag,5000,806.7459999983839,6.968500001676148,185.3411000010965,999.0556000011566,one shared preloaded model
syn-04083234f85709e1,hybrid_fifo_rag,5000,704.7759999986738,7.944999997562263,228.92509999655886,941.6460999927949,one shared preloaded model
syn-cb01db0eb7a2edd2,hybrid_fifo_rag,5000,772.4701999977697,8.321000001160428,181.85900000025867,962.6501999991888,one shared preloaded model
syn-621d2f30954c345e,hybrid_fifo_rag,5000,727.9877000000852,6.8864999993820675,173.10689999794704,907.9810999974143,one shared preloaded model
syn-283fe4a44583ec8e,hybrid_fifo_rag,5000,721.9626999976754,6.681499999103835,167.81579999951646,896.4599999962957,one shared preloaded model
syn-e1d8ea4b52f7b86c,hybrid_fifo_rag,5000,721.4590000003227,9.720699999888893,170.73270000037155,901.9124000005831,one shared preloaded model
syn-b277d625d17584f5,hybrid_fifo_rag,5000,701.2023999996018,7.208300001366297,222.45640000255662,930.8671000035247,one shared preloaded model
syn-feae35cacba6a43a,hybrid_fifo_rag,5000,709.1217999986839,6.814199998188997,173.82720000023255,889.7631999971054,one shared preloaded model
syn-1c7e5d6f21986a25,hybrid_fifo_rag,5000,692.8006999987701,7.91640000170446,174.9444000015501,875.6615000020247,one shared preloaded model
syn-834533c926250190,hybrid_fifo_rag,5000,700.330199997552,7.084900000336347,169.50079999878653,876.9158999966749,one shared preloaded model
syn-0a63273f5477a591,hybrid_fifo_rag,5000,804.6763000020292,7.815600001777057,171.4644000021508,983.956300005957,one shared preloaded model
syn-52610bf62333d9cb,hybrid_fifo_rag,5000,728.5535000009986,7.656499998120125,241.4721000022837,977.6821000014024,one shared preloaded model
syn-821964f5a271aa9e,hybrid_fifo_rag,5000,744.1856000004918,7.610399999975925,197.3930999993172,949.189099999785,one shared preloaded model
syn-084b033a28301180,hybrid_fifo_rag,5000,718.1058000023768,7.497300000977702,269.7435999980371,995.3467000013916,one shared preloaded model
syn-bb91366853342eae,hybrid_fifo_rag,5000,725.9273999989091,11.971700001595309,249.65180000071996,987.5509000012244,one shared preloaded model
syn-c70d6c456e1f3caf,hybrid_fifo_rag,5000,714.2116999966674,7.3517999990144745,169.40600000089034,890.9694999965723,one shared preloaded model
syn-4b7b4e4e7cda9cdd,hybrid_fifo_rag,5000,716.0486000029778,7.7888000014354475,200.19150000007357,924.0289000044868,one shared preloaded model
syn-05a3818e49a3d01c,hybrid_fifo_rag,5000,826.3231999990239,6.457399998907931,241.4911999985634,1074.2717999964952,one shared preloaded model
syn-45a189501aa64aff,hybrid_fifo_rag,5000,726.1895000010554,7.892500001617009,215.06640000006882,949.1484000027413,one shared preloaded model
syn-8e55dab6334193ac,hybrid_fifo_rag,5000,712.5097999996797,6.941999999980908,211.85669999977108,931.3084999994317,one shared preloaded model
syn-7078daef9fc885d5,hybrid_fifo_rag,5000,720.9097000013571,7.922300002974225,176.06440000236034,904.8964000066917,one shared preloaded model
syn-30a8cdce438a3478,hybrid_fifo_rag,5000,717.687799999112,6.2013000024307985,304.1635000008682,1028.052600002411,one shared preloaded model
syn-c8ec446f9f1407cc,hybrid_fifo_rag,5000,737.3116000017035,11.788599997089477,249.91890000092098,999.019099999714,one shared preloaded model
syn-1eea891acae77cae,hybrid_fifo_rag,5000,686.7607999993197,7.747199997538701,171.90779999873484,866.4157999955933,one shared preloaded model
syn-41f888c23d96d157,hybrid_fifo_rag,5000,771.2973999987298,7.707400000072084,180.46159999721567,959.4663999960176,one shared preloaded model
syn-f845857e039afa6c,hybrid_fifo_rag,5000,788.450299998658,8.138099998177495,173.21609999999055,969.804499996826,one shared preloaded model
syn-ac6dfe3b37e5a013,hybrid_fifo_rag,5000,705.8315000031143,7.915899997897213,187.29749999693013,901.0448999979417,one shared preloaded model
syn-15dd01e778ff5a78,hybrid_fifo_rag,5000,735.9706000024744,9.65129999894998,200.5176999991818,946.1396000006062,one shared preloaded model
syn-87378b8e75e2dd6a,hybrid_fifo_rag,5000,694.2529999978433,7.656999998289393,215.24060000228928,917.150599998422,one shared preloaded model
syn-061b3d97b8960738,hybrid_fifo_rag,5000,730.7301999971969,7.613299996592104,218.18120000170893,956.5246999954979,one shared preloaded model
syn-490b8d010f4490c5,hybrid_fifo_rag,5000,687.2461999992083,7.733000002190238,170.40179999821703,865.3809999996156,one shared preloaded model
syn-fe76d6c8fe9751ff,hybrid_fifo_rag,5000,740.8405999995011,7.628900002600858,175.18850000124075,923.6580000033427,one shared preloaded model
syn-00a89a4a45a4d877,hybrid_fifo_rag,5000,849.6235999991768,12.191900001198519,203.04759999999078,1064.863100000366,one shared preloaded model
syn-4732a0f163a6f5e5,hybrid_fifo_rag,5000,746.7827000000398,7.6016999992134515,215.00250000099186,969.3869000002451,one shared preloaded model
syn-81ea53ade157ad42,hybrid_fifo_rag,5000,698.9728000007744,7.51730000047246,175.90610000115703,882.3962000024039,one shared preloaded model
syn-3a0dace1bee727c3,hybrid_fifo_rag,5000,732.7183999987028,6.779600000299979,170.6947000020591,910.1927000010619,one shared preloaded model
syn-3d3cb10c80061638,hybrid_fifo_rag,5000,700.3836000003503,8.047999999689637,172.2011999991082,880.6327999991481,one shared preloaded model
syn-2a09864e418663ff,hybrid_fifo_rag,5000,696.6011000004073,7.896800001617521,175.09160000190604,879.5895000039309,one shared preloaded model
syn-ec6ef79969cd8dc7,hybrid_fifo_rag,5000,694.3774999999732,7.1209999987331685,248.0676000013773,949.5661000000837,one shared preloaded model
syn-f77621b915dd593f,hybrid_fifo_rag,5000,697.9480000009062,6.132799997430993,172.92250000173226,877.0033000000694,one shared preloaded model
syn-151c38901bd6a67f,hybrid_fifo_rag,5000,791.8900999975449,7.933299999422161,199.39139999769395,999.214799994661,one shared preloaded model
syn-db951997c8dd6571,hybrid_fifo_rag,5000,707.7642000003834,7.859199999074917,169.00860000168905,884.6320000011474,one shared preloaded model
syn-8b89503a51b386ea,hybrid_fifo_rag,5000,704.5093000015186,7.974899999680929,177.33840000073542,889.8226000019349,one shared preloaded model
syn-63205549e97719a8,hybrid_fifo_rag,5000,712.0924999981071,7.406699998682598,173.64829999860376,893.1474999953934,one shared preloaded model
syn-c748ba52ac994805,hybrid_fifo_rag,5000,724.4730000020354,6.236500001250533,207.26199999990058,937.9715000031865,one shared preloaded model
syn-905cd0149f85c44d,hybrid_fifo_rag,5000,711.24360000249,7.678999998461222,206.22630000070785,925.1489000016591,one shared preloaded model
syn-c1e6d9a8d1426ccd,hybrid_fifo_rag,5000,765.4680000014196,6.836399999883724,168.74269999971148,941.0471000010148,one shared preloaded model
syn-5a60149bb7d0d331,hybrid_fifo_rag,5000,830.9545000010985,7.968100002472056,169.9506000004476,1008.8732000040181,one shared preloaded model
syn-085b48c1c01765d8,hybrid_fifo_rag,5000,743.8752000016393,7.751099998131394,237.07260000082897,988.6989000005997,one shared preloaded model
syn-983ee8cd7cfab2b2,hybrid_fifo_rag,5000,734.7410000002128,6.246599998121383,215.34650000103284,956.334099999367,one shared preloaded model
syn-62914c9ecfadb05c,hybrid_fifo_rag,5000,692.8241999994498,7.651199997781077,172.3435000021709,872.8188999994018,one shared preloaded model
syn-d33602a2444f791a,hybrid_fifo_rag,5000,699.9400999993668,8.651799998915521,211.99390000037965,920.585799998662,one shared preloaded model
syn-84c0416f23825ae8,hybrid_fifo_rag,5000,701.1290999980702,6.328100000246195,176.83820000092965,884.295399999246,one shared preloaded model
syn-91feb287d382e59b,hybrid_fifo_rag,5000,699.4430999984615,7.632100001501385,167.30639999877894,874.3815999987419,one shared preloaded model
syn-0238640a9f4d82ca,hybrid_fifo_rag,5000,718.5306000028504,7.613000001583714,180.41789999915636,906.5615000035905,one shared preloaded model
syn-63b0f61512efcc7b,hybrid_fifo_rag,5000,779.4757000010577,6.626399997912813,172.91439999826252,959.016499997233,one shared preloaded model
syn-7b60a34c510e7d77,hybrid_fifo_rag,5000,702.1343000014895,7.998100001714192,262.10839999839664,972.2408000016003,one shared preloaded model
syn-aef5fcb957e2b2ae,hybrid_fifo_rag,5000,726.4211000001524,6.367199999658624,204.0798000016366,936.8681000014476,one shared preloaded model
syn-89e193275b5f85b9,hybrid_fifo_rag,5000,691.0362999988138,7.3725000002013985,174.62959999829764,873.0383999973128,one shared preloaded model
syn-723cfc0a3cdbbe70,hybrid_fifo_rag,5000,712.0910999983607,11.900699999387143,254.32980000186944,978.3215999996173,one shared preloaded model
syn-b497e7cf4d12d853,hybrid_fifo_rag,5000,720.9710000024643,7.719000001088716,174.10580000068876,902.7958000042418,one shared preloaded model
syn-cab61fd9ea43be50,hybrid_fifo_rag,5000,692.0100000024831,8.168799999111798,237.88209999838728,938.0608999999822,one shared preloaded model
syn-d2adedac796b42a4,hybrid_fifo_rag,5000,698.9878000022145,7.96029999764869,175.3312000000733,882.2792999999365,one shared preloaded model
syn-81c6eeb87fa8b65a,hybrid_fifo_rag,5000,800.611900001968,7.685699998546625,171.8777999994927,980.1754000000074,one shared preloaded model
syn-a34560479904d293,hybrid_fifo_rag,5000,706.9474999989325,7.638400002178969,171.3099999979022,885.8958999990136,one shared preloaded model
syn-175fb0b9c9912f1d,hybrid_fifo_rag,5000,706.0134999992442,7.85820000237436,172.2577000000456,886.1294000016642,one shared preloaded model
syn-da09d28e9f3d5d8d,hybrid_fifo_rag,5000,690.5683000004501,8.230100000218954,199.5323000010103,898.3307000016794,one shared preloaded model
syn-ba4fd9131d17eb5c,hybrid_fifo_rag,5000,685.7698999992863,7.666800000151852,170.6250999995973,864.0617999990354,one shared preloaded model
syn-68ead23b13d3ca2c,hybrid_fifo_rag,5000,717.983099999401,7.839300000341609,244.49409999942873,970.3164999991714,one shared preloaded model
syn-6e554c5058644670,hybrid_fifo_rag,5000,704.8806999991939,7.4564999995345715,179.2344999994384,891.5716999981669,one shared preloaded model
syn-25700fcf3ed93c36,hybrid_fifo_rag,5000,794.0751999994973,7.518600003095344,171.1615999993228,972.7554000019154,one shared preloaded model
syn-a5ee09e7314def43,hybrid_fifo_rag,5000,706.4538000013272,7.368099999439437,175.84469999928842,889.666600000055,one shared preloaded model
syn-2b6abd30a60a5e04,hybrid_fifo_rag,5000,712.7690000015718,6.399000001692912,258.27790000039386,977.4459000036586,one shared preloaded model
syn-8dfeb642ddbee07c,hybrid_fifo_rag,5000,719.8822999998811,7.703999999648659,193.9380000003439,921.5242999998736,one shared preloaded model
syn-eb06dec63064b043,hybrid_fifo_rag,5000,716.2735999991128,11.786900002334733,248.10340000112774,976.1639000025752,one shared preloaded model
syn-0488d9fbd767427e,hybrid_fifo_rag,5000,722.7388999999675,7.509200000640703,241.52459999822895,971.7726999988372,one shared preloaded model
syn-ed2d05fab8ac8fe4,hybrid_fifo_rag,5000,708.4861000003002,8.00370000069961,175.90239999844925,892.3921999994491,one shared preloaded model
syn-8f9f957317f7d25c,hybrid_fifo_rag,5000,774.8581999985618,7.562800001323922,171.6564999987895,954.0774999986752,one shared preloaded model
syn-501740773c0e41a8,hybrid_fifo_rag,5000,747.2400999977253,7.631699998455588,198.90490000034333,953.7766999965243,one shared preloaded model
syn-7e7b412841f6c1f7,hybrid_fifo_rag,5000,699.0683999974863,7.47600000249804,165.55679999873973,872.101199998724,one shared preloaded model
syn-2318f08daa17b1d9,hybrid_fifo_rag,5000,711.1129000004439,6.541299997479655,174.2104000004474,891.864599998371,one shared preloaded model
syn-444440373a79774e,hybrid_fifo_rag,5000,740.5091999971773,7.751199998892844,175.8284999996249,924.0888999956951,one shared preloaded model
syn-c09d16bc1d1a2e55,hybrid_fifo_rag,5000,714.6385999985796,7.586899999296293,245.5310000004829,967.7564999983588,one shared preloaded model
syn-41397c03bd43fa20,hybrid_fifo_rag,5000,714.5822000020416,7.613300000230083,175.53140000018175,897.7269000024535,one shared preloaded model
syn-2f881f63e4a9ee5b,hybrid_fifo_rag,5000,817.4285999994026,12.469200002669822,251.48389999958454,1081.381700001657,one shared preloaded model
syn-5f5e815c982ee27e,hybrid_fifo_rag,5000,706.0899999996764,6.817400000727503,260.8006000009482,973.708000001352,one shared preloaded model
syn-9d71ed841863197e,hybrid_fifo_rag,5000,688.1466000013461,8.081300002231728,214.39200000168057,910.6199000052584,one shared preloaded model
syn-7fdfd00ab52cb0a4,hybrid_fifo_rag,5000,706.4773000020068,7.650600000488339,230.3898999998637,944.5178000023589,one shared preloaded model
syn-ad6a49391bbc7ec8,hybrid_fifo_rag,5000,703.2982999990054,6.962700001167832,168.61539999808883,878.8763999982621,one shared preloaded model
syn-1b1c065cb1f625b9,hybrid_fifo_rag,5000,733.6792999994941,7.8157999996619765,233.15130000264617,974.6464000018022,one shared preloaded model
syn-b6a49a33030fa3f8,hybrid_fifo_rag,5000,705.8370000013383,9.047899999131914,170.70959999909974,885.59449999957,one shared preloaded model
syn-a8d2f52e7f079d88,hybrid_fifo_rag,5000,795.1112000009743,12.120600000343984,256.09650000114925,1063.3283000024676,one shared preloaded model
syn-4c3b3bb15e85d708,hybrid_fifo_rag,5000,755.6461000021955,7.381200000963872,168.4492999993381,931.4766000024974,one shared preloaded model
syn-5711ba27a03e1d37,hybrid_fifo_rag,5000,697.269200001756,7.591300000058254,174.66000000058557,879.5205000023998,one shared preloaded model
syn-0524cfaed31c16ea,hybrid_fifo_rag,5000,701.4185000007274,6.79850000233273,169.78459999882034,878.0016000018804,one shared preloaded model
syn-e15762ae99c08a2e,hybrid_fifo_rag,5000,721.7039999995905,7.705199997872114,170.13650000080816,899.5456999982707,one shared preloaded model
syn-d1c2ea5489a8c93f,hybrid_fifo_rag,5000,698.1623000028776,7.926600002974737,183.13560000024154,889.2245000060939,one shared preloaded model
syn-fecb508b9a8cd0d7,hybrid_fifo_rag,5000,719.8226000000432,6.423700000596,175.52989999967394,901.7762000003131,one shared preloaded model
syn-c3610b2dfdf17488,hybrid_fifo_rag,5000,701.4763000006496,7.784299999912037,168.63910000029136,877.899700000853,one shared preloaded model
syn-d387b7117ab37cfe,hybrid_fifo_rag,5000,795.3477000010025,6.925599998794496,258.4041000009165,1060.6774000007135,one shared preloaded model
syn-8d9d118f41b1a227,hybrid_fifo_rag,5000,744.6098000000347,9.445100000448292,215.54550000291783,969.6004000034009,one shared preloaded model
syn-ff0767eb4ac46b9f,hybrid_fifo_rag,5000,682.9932000000554,7.528899997851113,169.24169999765581,859.7637999955623,one shared preloaded model
syn-1d16ca78cf5f285e,hybrid_fifo_rag,5000,729.9208999975235,6.358799997542519,175.62080000061542,911.9004999956815,one shared preloaded model
syn-9195cade3f4252b5,hybrid_fifo_rag,5000,702.8995000000577,7.376099998509744,167.97389999919687,878.2494999977644,one shared preloaded model
syn-359afa05afb48b2c,hybrid_fifo_rag,5000,686.1682000017026,7.6269000019237865,245.84189999950468,939.6370000031311,one shared preloaded model
syn-6b61ed0aca632b5c,hybrid_fifo_rag,5000,703.1857999972999,7.4903999993694015,172.5936000002548,883.2697999969241,one shared preloaded model
syn-0adb661c494753d6,hybrid_fifo_rag,5000,802.2544000014022,12.660899999900721,248.0057000029774,1062.9210000042804,one shared preloaded model
syn-6927e3c74ff525fb,hybrid_fifo_rag,5000,708.8574000008521,7.643900000402937,176.06680000244523,892.5681000037002,one shared preloaded model
syn-0a18b81ca32a8ca7,hybrid_fifo_rag,5000,700.6483999975899,7.132200000341982,176.90339999899152,884.6839999969234,one shared preloaded model
syn-0c1d110466abf51c,hybrid_fifo_rag,5000,716.5099999983795,6.0464999987743795,169.0286000011838,891.5850999983377,one shared preloaded model
syn-97d2d586514f8cca,hybrid_fifo_rag,5000,710.4845999965619,7.6709000022674445,170.38859999956912,888.5440999983985,one shared preloaded model
syn-6f7e2eb87f7f3302,hybrid_fifo_rag,5000,746.6590000003634,6.329100000584731,201.13729999866337,954.1253999996115,one shared preloaded model
syn-fea661b4b15b0e74,hybrid_fifo_rag,5000,706.8313999989186,7.705399999395013,174.70899999898393,889.2457999972976,one shared preloaded model
syn-fe239bde6ca96941,hybrid_fifo_rag,5000,716.5961999999126,95.20329999941168,170.64319999917643,982.4426999985008,one shared preloaded model
syn-9912a67973413584,hybrid_fifo_rag,5000,713.7756000010995,7.635300000401912,174.72459999771672,896.1354999992182,one shared preloaded model
syn-196bc61cd9f71b17,hybrid_fifo_rag,5000,732.2242999980517,7.811200001015095,171.04169999947771,911.0771999985445,one shared preloaded model
syn-58d280179ba06842,hybrid_fifo_rag,5000,739.4294000005175,12.258900002052542,252.03179999880376,1003.7201000013738,one shared preloaded model
syn-92401515ca3d9d95,hybrid_fifo_rag,5000,708.9882000000216,7.644200002687285,237.7889999988838,954.4214000015927,one shared preloaded model
syn-346cd6a91974029e,hybrid_fifo_rag,5000,745.1260000016191,11.910200002603233,173.6906000005547,930.726800004777,one shared preloaded model
syn-d61561dea81b4354,hybrid_fifo_rag,5000,697.881200001575,7.472199999028817,176.992100001371,882.3455000019749,one shared preloaded model
syn-63ea34aca9f01719,hybrid_fifo_rag,5000,698.3861999979126,7.646900001418544,176.90049999873736,882.9335999980685,one shared preloaded model
syn-e84106f112541156,hybrid_fifo_rag,5000,795.1376000019081,7.921899999928428,174.263200002315,977.3227000041516,one shared preloaded model
syn-6efde579ff231d80,hybrid_fifo_rag,5000,747.6520999989589,6.495699999504723,169.9979999975767,924.1457999960403,one shared preloaded model
syn-0d04f3e770c59888,hybrid_fifo_rag,5000,697.2507999998925,6.465599999501137,209.17710000139778,912.8935000007914,one shared preloaded model
syn-43d0843223dd74b3,hybrid_fifo_rag,5000,734.0237000025809,7.25859999874956,239.18810000031954,980.47040000165,one shared preloaded model
syn-53cc44bad0b99782,hybrid_fifo_rag,5000,710.2255999998306,7.394600001134677,244.95240000032936,962.5726000012946,one shared preloaded model
syn-68d50118e4b184cf,hybrid_fifo_rag,5000,722.7395999980217,8.2626999974309,169.38259999733418,900.3848999927868,one shared preloaded model
syn-c909e6f301674d74,hybrid_fifo_rag,5000,722.1187999966787,8.0643000001146,171.3674999991781,901.5505999959714,one shared preloaded model
syn-b15708cedb31ffb2,hybrid_fifo_rag,5000,867.0018000011623,12.24250000086613,251.11420000030193,1130.3585000023304,one shared preloaded model
syn-beb9b27d8478562e,hybrid_fifo_rag,5000,698.4695999999531,7.535299999290146,169.4047999990289,875.4096999982721,one shared preloaded model
syn-a4fa3217b0299eb9,hybrid_fifo_rag,5000,715.7245000016701,7.210200001281919,239.65859999952954,962.5933000024816,one shared preloaded model
syn-5d93fdd68c7b9336,hybrid_fifo_rag,5000,697.5318000004336,11.639899999863701,247.03360000057728,956.2053000008746,one shared preloaded model
syn-b4e07914bae9b1c7,hybrid_fifo_rag,5000,764.9606000013591,7.324999998672865,176.33530000239261,948.6209000024246,one shared preloaded model
syn-a122df2c9c14fdfd,hybrid_fifo_rag,5000,702.2870000000694,7.254899999679765,171.50309999851743,881.0449999982666,one shared preloaded model
syn-1679b733dc99bd02,hybrid_fifo_rag,5000,757.4057999991055,6.2923999976192135,168.3571999965352,932.0553999932599,one shared preloaded model
syn-0644357cd6e5c8fb,hybrid_fifo_rag,5000,730.0718999977107,6.522200001199963,226.7546000002767,963.3486999991874,one shared preloaded model
syn-01a1d9a589e21fc8,hybrid_fifo_rag,5000,796.6567000003124,6.841400001576403,245.24440000095638,1048.7425000028452,one shared preloaded model
syn-fe7bdb4996e9bd80,hybrid_fifo_rag,5000,726.1875000003783,6.287799998972332,234.11589999886928,966.59119999822,one shared preloaded model
syn-e7494dd18cf451d4,hybrid_fifo_rag,5000,704.738799999177,6.538900001032744,175.42089999915333,886.6985999993631,one shared preloaded model
syn-bcd904aadce2351d,hybrid_fifo_rag,5000,704.5140999980504,7.651500000065425,170.54829999688081,882.7138999949966,one shared preloaded model
syn-9490279b808fab68,hybrid_fifo_rag,5000,714.6078000005218,7.725800001935568,170.02909999791882,892.3627000003762,one shared preloaded model
syn-a2c82421fafdb0f4,hybrid_fifo_rag,5000,717.2318999982963,7.743099999061087,239.6526000011363,964.6275999984937,one shared preloaded model
syn-36ff68425e3d3176,hybrid_fifo_rag,5000,678.8615999976173,6.723000002239132,172.93470000004163,858.5192999998981,one shared preloaded model
syn-707216e7a24847b3,hybrid_fifo_rag,5000,738.4710000005725,10.274299998854985,202.8115000030084,951.5568000024359,one shared preloaded model
syn-c502f85d01f649e4,hybrid_fifo_rag,5000,819.8302000018884,6.389699999999721,168.48430000027292,994.7042000021611,one shared preloaded model
syn-939e6166b3b0c850,hybrid_fifo_rag,5000,737.2226000006776,8.008799999515759,169.26750000129687,914.4989000014903,one shared preloaded model
syn-34fc56e181bfc98e,hybrid_fifo_rag,5000,710.3946999995969,8.03749999977299,203.80610000211163,922.2383000014815,one shared preloaded model
syn-d27aaf9556c73b9d,hybrid_fifo_rag,5000,697.7762999995321,7.289899996976601,177.00650000188034,882.072699998389,one shared preloaded model
syn-99bc78b27a981c11,hybrid_fifo_rag,5000,726.1170999991009,7.770699998218333,175.6182000026456,909.5059999999648,one shared preloaded model
