example_id,agent,horizon,update_ms,read_ms,generation_ms,end_to_end_ms,model_loading_policy
syn-a6ba61c7f6022987,chalm,100,278.59690000332193,19.328399997903034,427.88540000037756,725.8107000016025,one shared preloaded model
syn-38eedc2c95f8c5b4,chalm,100,77.37289999931818,11.70789999741828,299.0441000001738,388.12489999691024,one shared preloaded model
syn-07d41f0782d8a3ec,chalm,100,70.34869999915827,7.671500003198162,298.2683000009274,376.28850000328384,one shared preloaded model
syn-fa271021cce39036,chalm,100,65.55420000222512,7.9923000012058765,242.56990000139922,316.1164000048302,one shared preloaded model
syn-8632fc6b28ce057a,chalm,100,99.43960000236984,11.945199999900069,226.99160000047414,338.37640000274405,one shared preloaded model
syn-227faaf725799aff,chalm,100,101.50869999779388,11.662100005196407,303.01219999819295,416.18300000118325,one shared preloaded model
syn-c819b70cc3b711b6,chalm,100,61.48340000072494,7.84140000178013,152.6462000038009,221.97100000630599,one shared preloaded model
syn-f8dc00112ec91804,chalm,100,102.27779999695485,12.154500000178814,231.35209999600193,345.7843999931356,one shared preloaded model
syn-f97808cf18e3bdc1,chalm,100,100.04659999685828,11.428800004068762,1055.3638000055798,1166.8392000065069,one shared preloaded model
syn-1ba0ad3803fd1aab,chalm,100,98.41659999801777,11.244599998462945,375.5996999971103,485.260899993591,one shared preloaded model
syn-e89134deef96d28b,chalm,100,98.38710000622086,11.43900000170106,323.10960000177147,432.9357000096934,one shared preloaded model
syn-d3aec67bcbee5e27,chalm,100,98.71489999932237,11.470699995697942,302.4271999966004,412.6127999916207,one shared preloaded model
syn-c403dc8c5bbec2b6,chalm,100,69.86859999597073,11.2338999970234,306.4622000019881,387.5646999949822,one shared preloaded model
syn-928aaad0bd5f085f,chalm,100,97.10449999693083,7.730099998298101,311.81329999526497,416.6478999904939,one shared preloaded model
syn-36b88d15de85d49d,chalm,100,95.49540000443812,11.518400002387352,226.47739999956684,333.4912000063923,one shared preloaded model
syn-ef8755c246c631fe,chalm,100,99.14170000411104,11.481100002129097,306.4252999974997,417.0481000037398,one shared preloaded model
syn-f8cdd1253dc96ca6,chalm,100,99.06069999851752,11.411999999836553,110.46670000359882,220.9394000019529,one shared preloaded model
syn-99f1a940ce32e3de,chalm,100,89.78510000451934,12.432499999704305,246.2262000044575,348.44380000868114,one shared preloaded model
syn-ae830d10e3e44454,chalm,100,101.84990000561811,12.105999994673766,548.3974000017042,662.3533000019961,one shared preloaded model
syn-7aec429f0ba8958c,chalm,100,100.4733000008855,11.548900001798756,251.6875999936019,363.70979999628616,one shared preloaded model
syn-7574e07600322df1,chalm,100,80.4269000000204,7.010399996943306,226.96970000106376,314.40699999802746,one shared preloaded model
syn-6596d6fb03744adc,chalm,100,63.53870000020834,7.6938999991398305,361.27720000513364,432.5098000044818,one shared preloaded model
syn-8028bcd88896f9af,chalm,100,101.7336000004434,11.479600005259272,298.0643999981112,411.27760000381386,one shared preloaded model
syn-5b04b918e5d2f043,chalm,100,70.75250000343658,11.778799998864997,320.87020000471966,403.40150000702124,one shared preloaded model
syn-344d41a9584f8be4,chalm,100,81.83760000247275,7.8577000022050925,164.88630000094417,254.58160000562202,one shared preloaded model
syn-1c50e11cb54a9a7c,chalm,100,100.98419999849284,11.66949999606004,331.0395000007702,443.6931999953231,one shared preloaded model
syn-d8bfd6728ae9bb83,chalm,100,91.1134000052698,11.329400003887713,483.80400000314694,586.2468000123044,one shared preloaded model
syn-9ac94e465129e6ee,chalm,100,69.47599999693921,11.964999997871928,736.7938999959733,818.2348999907845,one shared preloaded model
syn-8e5a6b17392849e9,chalm,100,101.67250000085915,11.767200005124323,306.0671999992337,419.5069000052172,one shared preloaded model
syn-6dfbc0e6fffb86d6,chalm,100,102.84900000260677,11.58160000341013,254.723499994725,369.1541000007419,one shared preloaded model
syn-d95d1076f16608cf,chalm,100,67.7849999992759,7.660399998712819,258.42630000261124,333.87170000059996,one shared preloaded model
syn-67085f28c8a345d9,chalm,100,66.12780000432394,7.903799996711314,251.81890000385465,325.8505000048899,one shared preloaded model
syn-8b88cb5fd4c5e6fc,chalm,100,93.66520000185119,7.644500001333654,268.9135999971768,370.22330000036163,one shared preloaded model
syn-42df0ee7d8018963,chalm,100,99.21910000412026,12.158600002294406,269.423600002483,380.80130000889767,one shared preloaded model
syn-e8acbc2c88369e51,chalm,100,70.79969999904279,11.439099995186552,224.4312999973772,306.67009999160655,one shared preloaded model
syn-a642a7089d9f162f,chalm,100,71.25229999655858,7.926899997983128,607.3687000025529,686.5478999970946,one shared preloaded model
syn-3f6a98eceeaf476b,chalm,100,96.98679999564774,11.694600005284883,496.898900004453,605.5803000053857,one shared preloaded model
syn-bfb5882d7330d97f,chalm,100,77.24930000404129,8.043100002396386,223.7511999992421,309.04360000567976,one shared preloaded model
syn-cfa98bda62d92f7f,chalm,100,97.69090000190772,11.675699999614153,297.6252000007662,406.9918000022881,one shared preloaded model
syn-534d1ab71809b51f,chalm,100,69.90180000138935,7.697000000916887,182.39899999753106,259.9977999998373,one shared preloaded model
syn-76a54b251d992dd4,chalm,100,73.89590000093449,11.362900004314724,258.0621000015526,343.3209000068018,one shared preloaded model
syn-6f12022c8819f717,chalm,100,66.97549999807961,11.491999997815583,324.32340000377735,402.79089999967255,one shared preloaded model
syn-30a75d6754134879,chalm,100,99.59759999765083,11.49730000179261,311.10809999518096,422.2029999946244,one shared preloaded model
syn-a6ff96ac61f7c6c1,chalm,100,102.92160000244621,11.54800000222167,320.76140000572195,435.23100001038983,one shared preloaded model
syn-91323a0ae9a650e7,chalm,100,102.01560000132304,11.568800000532065,226.3539999985369,339.938400000392,one shared preloaded model
syn-9d9ad34b79849f2d,chalm,100,92.10000000166474,11.406400000851136,187.27280000166502,290.7792000041809,one shared preloaded model
syn-36b5b8f6c6bbf2cc,chalm,100,85.56249999674037,7.976799999596551,101.0041999979876,194.54349999432452,one shared preloaded model
syn-96244de128be170e,chalm,100,88.64570000150707,12.599199995747767,320.26000000041677,421.5048999976716,one shared preloaded model
syn-3e8dcebdc4767103,chalm,100,76.5434000059031,10.542000003624707,262.32529999833787,349.41070000786567,one shared preloaded model
syn-8f7fdf0bdfb10d4a,chalm,100,65.21259999863105,7.84879999991972,244.35439999797381,317.4157999965246,one shared preloaded model
syn-d4fda360fe6fdd4f,chalm,100,97.67359999386827,11.4296000028844,352.978399998392,462.08159999514464,one shared preloaded model
syn-42ee4c7254b57eb8,chalm,100,63.657999999122694,7.507800000894349,285.5669999989914,356.7327999990084,one shared preloaded model
syn-feccf5e27bea7518,chalm,100,100.03529999812599,11.365500002284534,290.4740999947535,401.874899995164,one shared preloaded model
syn-c01e14c5c8c50d03,chalm,100,70.77470000513131,9.373200002301019,555.3982999990694,635.5462000065017,one shared preloaded model
syn-cb15ba714ba5ec8f,chalm,100,90.9626000066055,8.058500003244262,208.15410000068368,307.17520001053344,one shared preloaded model
syn-615f495f59b50927,chalm,100,102.7126999979373,12.124699998821598,372.24720000085654,487.08459999761544,one shared preloaded model
syn-a6cbf0e1e86a6450,chalm,100,99.07729999395087,12.139900005422533,155.506900002365,266.7241000017384,one shared preloaded model
syn-57b966091e7ec699,chalm,100,67.00650000129826,8.143200000631623,293.6321000015596,368.7818000034895,one shared preloaded model
syn-89f8450f6e93be24,chalm,100,69.31970000005094,7.633099994563963,505.65730000380427,582.6100999984192,one shared preloaded model
syn-e4cf69e50674883c,chalm,100,71.16879999375669,11.948700004722923,357.618400004867,440.7359000033466,one shared preloaded model
syn-52dd73e2d68a5917,chalm,100,89.42069999466185,13.254600002255756,339.38279999711085,442.05809999402845,one shared preloaded model
syn-1a7e4a2f4f0fe9c6,chalm,100,69.78190000518225,7.9889000044204295,314.1325000033248,391.9033000129275,one shared preloaded model
syn-e8ee9cee31093b93,chalm,100,97.84810000564903,11.474200000520796,321.4986000020872,430.820900008257,one shared preloaded model
syn-1546004190558953,chalm,100,93.88659999967786,12.200500001199543,311.76549999509007,417.85259999596747,one shared preloaded model
syn-7858be5eb774eb5b,chalm,100,101.34490000200458,11.765099996409845,238.29920000571292,351.40920000412734,one shared preloaded model
syn-fd59ad3a4d996680,chalm,100,102.65219999564579,11.544900000444613,886.7393000036827,1000.9363999997731,one shared preloaded model
syn-fc9a9858781e0d3a,chalm,100,74.93999999860534,11.625099999946542,153.7951000063913,240.36020000494318,one shared preloaded model
syn-324d7fc5d16391c8,chalm,100,64.21379999665078,7.931300002383068,270.3395999997156,342.4846999987494,one shared preloaded model
syn-6e90d8e0c38e9334,chalm,100,59.95009999605827,8.09819999994943,225.87729999941075,293.92559999541845,one shared preloaded model
syn-8e5f564bbff2ec81,chalm,100,94.69019999960437,11.500000000523869,200.91300000058254,307.1032000007108,one shared preloaded model
syn-ad377a0c752a987e,chalm,100,72.75659999868367,7.952400002977811,254.38380000559846,335.09280000725994,one shared preloaded model
syn-fd23e7842d0bf088,chalm,100,98.11539999645902,11.602899998251814,313.5229999970761,423.24129999178695,one shared preloaded model
syn-9dce3e031398985d,chalm,100,102.40089999570046,13.128699996741489,323.34280000213766,438.8723999945796,one shared preloaded model
syn-cb9495248ba394a9,chalm,100,64.09360000543529,7.6076000041211955,229.2130999994697,300.9143000090262,one shared preloaded model
syn-d45c12362eae6b90,chalm,100,99.99479999532923,11.319199998979457,227.84140000294428,339.15539999725297,one shared preloaded model
syn-fe3b30dd29d66256,chalm,100,98.98860000248533,11.691200001223478,665.2307999975164,775.9106000012252,one shared preloaded model
syn-0f420473e95734a2,chalm,100,99.07799999928102,12.211799999931827,156.486899999436,267.77669999864884,one shared preloaded model
syn-14c34fb5209acd83,chalm,100,99.60029999638209,12.033999999403022,373.0174000011175,484.6516999969026,one shared preloaded model
syn-323bc307f3b8489c,chalm,100,98.12699999747565,11.837199999717996,226.4809000043897,336.44510000158334,one shared preloaded model
syn-d1a98c9ebc2b2b63,chalm,100,100.13500000059139,11.613199996645562,251.3937999974587,363.14199999469565,one shared preloaded model
syn-8b8261103d0d9683,chalm,100,61.404300002323,9.385700002894737,330.6802000006428,401.47020000586053,one shared preloaded model
syn-73911e04a0932499,chalm,100,99.21709999616724,11.649399995803833,329.69259999663336,440.55909998860443,one shared preloaded model
syn-85c77c5469482f47,chalm,100,96.257199998945,11.594600000535138,315.7774999999674,423.62929999944754,one shared preloaded model
syn-1725a6155d089dde,chalm,100,100.29329999815673,11.759000000893138,267.6225000031991,379.67480000224896,one shared preloaded model
syn-fc05e77b7c242574,chalm,100,97.84770000260323,11.942499993892852,158.18690000014612,267.9770999966422,one shared preloaded model
syn-86308b042f251696,chalm,100,100.70770000311313,11.764300004870165,254.50529999943683,366.9773000074201,one shared preloaded model
syn-434e7ed49b935751,chalm,100,63.01040000107605,7.717300002695993,163.7425999942934,234.47029999806546,one shared preloaded model
syn-530c2c738f789d98,chalm,100,85.41479999985313,8.91070000216132,320.09519999701297,414.4206999990274,one shared preloaded model
syn-0c19d7397f14e5b6,chalm,100,67.30899999820394,7.67249999626074,413.14719999354566,488.12869998801034,one shared preloaded model
syn-a1612d852aaaaac3,chalm,100,99.774599999364,11.65469999978086,178.6664000028395,290.09570000198437,one shared preloaded model
syn-c0220289c4182645,chalm,100,99.76029999961611,11.486600000353064,294.8584000041592,406.10530000412837,one shared preloaded model
syn-9e6843c042c117d6,chalm,100,99.92700000293553,10.230499996396247,292.1194000009564,402.27690000028815,one shared preloaded model
syn-0ac0bff8c97627a3,chalm,100,100.00969999964582,11.581500002648681,320.436999994854,432.0281999971485,one shared preloaded model
syn-2125020456ee5ce0,chalm,100,101.44399999990128,11.675699999614153,383.3507000017562,496.4704000012716,one shared preloaded model
syn-2caa699fccb66b00,chalm,100,66.06729999475647,7.363999997323845,220.6062999975984,294.0375999896787,one shared preloaded model
syn-861af0982b3de585,chalm,100,105.77100000227802,8.231899999373127,300.5207000023802,414.5236000040313,one shared preloaded model
syn-608838df8784d01b,chalm,100,98.52069999760715,11.488700001791585,154.17309999611462,264.18249999551335,one shared preloaded model
syn-114b81595c7d762a,chalm,100,65.64319999597501,6.983900006162003,251.1060999968322,323.7331999989692,one shared preloaded model
syn-4a863129f2275dc1,chalm,100,98.95010000036564,12.085999995179009,418.7699999965844,529.806099992129,one shared preloaded model
syn-d2ca3d27b15e9657,chalm,100,101.82480000366922,12.84490000398364,184.03530000068713,298.70500000834,one shared preloaded model
syn-0c9fef436275cdd9,chalm,100,100.48529999767197,11.826900001324248,300.2141999968444,412.5263999958406,one shared preloaded model
syn-f1d5d22bd7ee481d,chalm,100,99.66559999884339,11.481399997137487,311.8324000024586,422.9793999984395,one shared preloaded model
syn-a575cf643cb1c076,chalm,100,99.15999999793712,11.539099999936298,287.6598000002559,398.35889999812935,one shared preloaded model
syn-ee742f0c9f76781d,chalm,100,62.627200000861194,7.769399999233428,362.44540000188863,432.84200000198325,one shared preloaded model
syn-da5dd03ecb643f4d,chalm,100,97.51410000171745,11.353000001690816,229.17819999565836,338.04529999906663,one shared preloaded model
syn-326d673969961656,chalm,100,99.42619999492308,11.348799998813774,338.939000001119,449.71399999485584,one shared preloaded model
syn-962a3810f04e9097,chalm,100,68.57159999344731,7.541899998614099,203.8436999937403,279.9571999858017,one shared preloaded model
syn-f0aad1f13f69b874,chalm,100,80.77169999887701,8.559699999750592,183.77869999676477,273.1100999953924,one shared preloaded model
syn-c2a05483a856b3ef,chalm,100,69.6578999995836,11.463400005595759,1092.8235000028508,1173.9448000080301,one shared preloaded model
syn-e0cedd9b0e32d085,chalm,100,100.59460000047693,11.462299997219816,344.24740000395104,456.3043000016478,one shared preloaded model
syn-29a180ad2143328a,chalm,100,103.42390000005253,11.4082999934908,319.4967000017641,434.32889999530744,one shared preloaded model
syn-735f77503b2ba024,chalm,100,86.49180000065826,11.937399998714682,357.0707000035327,455.49990000290563,one shared preloaded model
syn-148ccbd3316665a4,chalm,100,77.16710000386229,7.522200001403689,252.38679999893066,337.07610000419663,one shared preloaded model
syn-3c75ee23c6f50e1b,chalm,100,99.6785000024829,11.830399998871144,295.87919999903534,407.3881000003894,one shared preloaded model
syn-f4dbe8e18b96050d,chalm,100,101.1646999977529,11.512500001117587,242.79820000083419,355.4753999997047,one shared preloaded model
syn-da9774599d83a1b5,chalm,100,102.86079999787034,11.674499997752719,320.22289999440545,434.7581999900285,one shared preloaded model
syn-2ef399e82e449faf,chalm,100,96.96289999556029,11.485700000775978,153.99510000133887,262.44369999767514,one shared preloaded model
syn-eb0f5ee31c508a61,chalm,100,78.25189999857685,8.199599993531592,325.6656999947154,412.11719998682383,one shared preloaded model
syn-cda71c350602bddf,chalm,100,99.3570999999065,11.573100004170556,633.7956999996095,744.7259000036865,one shared preloaded model
syn-28fa6f2fe12641b3,chalm,100,95.85890000016661,8.55030000093393,250.11110000195913,354.5203000030597,one shared preloaded model
syn-c20dfce1d761b522,chalm,100,99.1098000013153,11.797899998782668,296.6314999939641,407.5391999940621,one shared preloaded model
syn-7df1c817de9a1ea1,chalm,100,99.73669999453705,11.525599999004044,344.17300000495743,455.4352999984985,one shared preloaded model
syn-3c57b67fca1c10a3,chalm,100,101.90980000334093,11.507900002470706,319.3299999984447,432.74770000425633,one shared preloaded model
syn-0cbb31a1498b5e27,chalm,100,74.14540000172565,9.921099997882266,330.2527999985614,414.3192999981693,one shared preloaded model
syn-c69bdbfce61e9f10,chalm,100,97.77040000335546,11.380300005839672,225.87970000313362,335.03040001232876,one shared preloaded model
syn-9129e328d0e87e58,chalm,100,64.56000000616768,7.72250000591157,314.4922999999835,386.77480001206277,one shared preloaded model
syn-c3a845f6f37328df,chalm,100,100.81319999881089,12.111299998650793,180.07480000233045,292.99929999979213,one shared preloaded model
syn-af9227c03b96e947,chalm,100,100.50629999750527,12.257900001714006,256.49430000339635,369.2585000026156,one shared preloaded model
syn-d30db6602c5e7bcf,chalm,100,101.04689999570837,12.157400000432972,329.036899995117,442.2411999912583,one shared preloaded model
syn-2bcd2d10bf252a88,chalm,100,98.71460000431398,11.604499995883089,226.514900001348,336.83400000154506,one shared preloaded model
syn-e69fbacb0ad339d8,chalm,100,99.59890000027372,11.990599996352103,336.01319999434054,447.60269999096636,one shared preloaded model
syn-f7dee247f844b523,chalm,100,100.02150000218535,11.769500000809785,281.85369999846444,393.64470000145957,one shared preloaded model
syn-218ffaef8da3d8da,chalm,100,103.32850000122562,12.0974000019487,305.7678000041051,421.1937000072794,one shared preloaded model
syn-a31eb202acdba085,chalm,100,96.25970000342932,7.510800001909956,274.47010000469163,378.2406000100309,one shared preloaded model
syn-4dfded52a9bb2c90,chalm,100,99.83939999801805,11.475100000097882,233.58610000286717,344.9006000009831,one shared preloaded model
syn-cd947d2b8e2144b0,chalm,100,87.1333000031882,7.777500002703164,665.479499999492,760.3903000053833,one shared preloaded model
syn-6abe44228638f132,chalm,100,90.23290000186535,7.7772999939043075,152.97600000485545,250.9862000006251,one shared preloaded model
syn-1258eab437601206,chalm,100,100.62740000284975,12.632600002689287,297.9629000037676,411.2229000093066,one shared preloaded model
syn-4d8e6dbc90583d69,chalm,100,98.19080000306712,8.203099998354446,459.4733999983873,565.8672999998089,one shared preloaded model
syn-a1a8b545941a8915,chalm,100,87.30630000354722,11.54099999985192,322.46909999958007,421.3164000029792,one shared preloaded model
syn-c0a5d6164a143c21,chalm,100,101.19430000486318,6.718299999192823,289.67240000201855,397.58500000607455,one shared preloaded model
syn-911a5b307c155365,chalm,100,98.53429999930086,11.345200000505429,325.2779999966151,435.1574999964214,one shared preloaded model
syn-bcca1bb50f9b9cef,chalm,100,83.47599999979138,8.06400000146823,255.62940000236267,347.1694000036223,one shared preloaded model
syn-c9e69c66406cd3b1,chalm,100,101.45869999541901,11.42900000559166,336.89520000189077,449.78290000290144,one shared preloaded model
syn-2becd65beee0364a,chalm,100,89.53660000406671,7.813300006091595,190.33789999957662,287.68780000973493,one shared preloaded model
syn-4dd85348c38c0357,chalm,100,99.48670000449056,11.77349999488797,319.90859999496024,431.16879999433877,one shared preloaded model
syn-f242b8cc2cb723b5,chalm,100,85.69859999988694,11.402600001019891,153.42670000245562,250.52790000336245,one shared preloaded model
syn-fbc447c0fcb7cfc8,chalm,100,97.48859999672277,11.95719999668654,255.3096000046935,364.7553999981028,one shared preloaded model
syn-a9f156119ea9fcd1,chalm,100,72.01579999673413,8.168699998350348,441.3788999954704,521.5633999905549,one shared preloaded model
syn-a90c99e2e79a45d4,chalm,100,97.98610000143526,11.723499999789055,241.50530000042636,351.2149000016507,one shared preloaded model
syn-c5a2eb58a93f472f,chalm,100,97.24809999897843,11.688999999023508,311.2293999947724,420.16649999277433,one shared preloaded model
syn-ea7b327ba9b080c9,chalm,100,98.24379999918165,11.945999998715706,314.9524000036763,425.14220000157366,one shared preloaded model
syn-92715b9aee29e997,chalm,100,101.05879999900935,8.082299995294306,268.2557999942219,377.39689998852555,one shared preloaded model
syn-b766696c0d786013,chalm,100,100.37240000383463,11.788199997681659,322.92960000631865,435.09020000783494,one shared preloaded model
syn-d3d77d74b12e306a,chalm,100,97.2849000027054,11.346100000082515,220.63730000081705,329.26830000360496,one shared preloaded model
syn-48230ce25b5de2fa,chalm,100,99.1827000034391,11.679999995976686,344.2893000028562,455.15200000227196,one shared preloaded model
syn-7f6bff1d2ac7c3f3,chalm,100,93.07819999958156,11.598400000366382,194.8640999980853,299.54069999803323,one shared preloaded model
syn-f37c1fc0c7eaae06,chalm,100,100.73480000573909,12.53770000039367,322.30690000142204,435.5794000075548,one shared preloaded model
syn-915a70d70da9799e,chalm,100,98.2746000008774,11.624099999608006,851.095300000452,960.9940000009374,one shared preloaded model
syn-2c4f2b37f5b601c4,chalm,100,98.72870000253897,11.518900006194599,256.5508000043337,366.7984000130673,one shared preloaded model
syn-27269f1dafd012f5,chalm,100,98.38160000072094,11.699400005454663,303.2701999982237,413.3512000043993,one shared preloaded model
syn-fc4e5b6a2ef2e383,chalm,100,101.45840000041062,11.7852999974275,308.9359000005061,422.1795999983442,one shared preloaded model
syn-5d4106eaf2ee51c8,chalm,100,102.72709999844665,11.645500002487097,335.516799998004,449.88939999893773,one shared preloaded model
syn-81331bee65710972,chalm,100,102.99279999890132,11.699199996655807,320.7193999987794,435.41139999433653,one shared preloaded model
syn-6795425cf8dabbc9,chalm,100,66.56130000192206,7.456600003934,227.3921000014525,301.41000000730855,one shared preloaded model
syn-67983f23f948cb13,chalm,100,101.27760000614217,11.56759999867063,657.3818999968353,770.2271000016481,one shared preloaded model
syn-312d206fb59e358d,chalm,100,97.79129999515135,11.84590000048047,154.12479999940842,263.76199999504024,one shared preloaded model
syn-b374ae5f8bdeb59c,chalm,100,100.93960000085644,11.865200001921039,258.517700000084,371.3225000028615,one shared preloaded model
syn-c4e2cf0cbaef3cc6,chalm,100,99.45650000008754,9.931699998560362,852.6271000009729,962.0152999996208,one shared preloaded model
syn-e1486ac132d09f0e,chalm,100,78.60290000098757,8.136399999784771,244.00359999708598,330.74289999785833,one shared preloaded model
syn-7863c0207b8e2373,chalm,100,100.997900000948,11.2892000033753,343.85889999975916,456.14600000408245,one shared preloaded model
syn-9cbbfa64d29cb813,chalm,100,101.31839999667136,11.5217999991728,321.3413999983459,434.18159999419004,one shared preloaded model
syn-a65473d1d46ed2c6,chalm,100,85.10299999761628,7.543700005044229,296.31420000077924,388.96090000343975,one shared preloaded model
syn-2b046916be0cd392,chalm,100,97.26310000405647,11.409899998398032,331.47050000115996,440.14350000361446,one shared preloaded model
syn-72b8f748d5763fa5,chalm,100,97.47079999942798,11.422600000514649,227.13579999981448,336.0291999997571,one shared preloaded model
syn-9e74ef31f1615b66,chalm,100,99.23429999616928,11.515999998664483,312.3505000039586,423.10079999879235,one shared preloaded model
syn-00b96c3bac38cc42,chalm,100,63.68260000454029,7.702299997617956,201.91069999418687,273.2955999963451,one shared preloaded model
syn-952b966eee3f8c13,chalm,100,87.79730000242125,11.705900004017167,320.37819999823114,419.88140000466956,one shared preloaded model
syn-c8f1cb75a43de506,chalm,100,92.47880000475561,11.117399997601751,535.5063000024529,639.1025000048103,one shared preloaded model
syn-34a4a1cf2545d780,chalm,100,84.95029999903636,11.265900000580586,237.87179999635555,334.0879999959725,one shared preloaded model
syn-f36a532a7f829e27,chalm,100,85.0988000020152,11.626499996054918,322.43970000126865,419.16499999933876,one shared preloaded model
syn-3f66f6fab4661265,chalm,100,87.59000000281958,7.593099995574448,301.2507000021287,396.43380000052275,one shared preloaded model
syn-be86febc4b2804a6,chalm,100,76.06179999856977,11.475100000097882,298.2560000018566,385.79290000052424,one shared preloaded model
syn-eb0aba33a8e92d25,chalm,100,69.49860000167973,7.587500003864989,226.6373999955249,303.7235000010696,one shared preloaded model
syn-de9cccc7c153bbf4,chalm,100,75.88140000007115,7.71359999635024,209.19270000013057,292.78769999655196,one shared preloaded model
syn-28812aeb523a4ea3,chalm,100,67.80049999360926,8.604399998148438,247.5925000035204,323.9973999952781,one shared preloaded model
syn-071e5a31b62e0a3b,chalm,100,98.35009999369504,11.600700003327802,118.93539999437053,228.88619999139337,one shared preloaded model
syn-c5f347691e4f1189,chalm,100,71.08770000195364,8.044599999266211,250.2706000013859,329.40290000260575,one shared preloaded model
syn-2541ac3e0cf6ae0f,chalm,100,66.54629999684403,7.924899997306056,456.2694999985979,530.740699992748,one shared preloaded model
syn-1a12965cf6e9620a,chalm,100,76.0260000024573,11.356099996191915,318.99999999586726,406.38209999451647,one shared preloaded model
syn-833ee80d2a35282c,chalm,100,99.9327000026824,11.67439999699127,323.2736999998451,434.8807999995188,one shared preloaded model
syn-d71cb3ea0a850053,chalm,100,75.19480000337353,7.048499996017199,260.3302999996231,342.5735999990138,one shared preloaded model
syn-b58eb0dc1a3b98a9,chalm,100,97.76960000453983,11.8094999997993,320.94209999922896,430.5212000035681,one shared preloaded model
syn-f547811aa164f77c,chalm,100,98.99259999656351,11.555800003407057,286.3673000028939,396.91570000286447,one shared preloaded model
syn-c2a992a405ca2108,chalm,100,99.79320000275038,11.597000004258007,225.8644000030472,337.2546000100556,one shared preloaded model
syn-ce2c8b075853cedc,chalm,100,73.95910000195727,7.7126999967731535,765.2942000058829,846.9660000046133,one shared preloaded model
syn-687fc71335d706d6,chalm,100,64.85780000366503,7.5446999981068075,152.48769999743672,224.89019999920856,one shared preloaded model
syn-6aece6dd34a4454c,chalm,100,69.31769999937387,8.02809999731835,297.26129999471596,374.6070999914082,one shared preloaded model
syn-b9f4fa3de270243b,chalm,100,100.60769999836339,11.432500003138557,557.3495999997249,669.3898000012268,one shared preloaded model
syn-7a9964e8147076b4,chalm,100,74.90469999902416,8.19249999767635,261.68009999673814,344.77729999343865,one shared preloaded model
syn-5afa3fb6102c079e,chalm,100,98.88679999858141,11.636900002486072,342.608899998595,453.1325999996625,one shared preloaded model
syn-741bd6aa659cbb3a,chalm,100,98.92299999773968,11.502300003485288,349.490100001276,459.915400002501,one shared preloaded model
syn-e2066c5ef4eaa754,chalm,100,97.30879999551689,11.594900002819486,293.1001000033575,402.0038000016939,one shared preloaded model
syn-9ad6a91dae6541b0,chalm,100,99.3767999971169,12.074399994162377,319.0699000042514,430.5210999955307,one shared preloaded model
syn-0cc07eac74fee68f,chalm,100,98.79240000009304,11.612700000114273,225.72870000294643,336.13380000315374,one shared preloaded model
syn-06f1746d73db3d7a,chalm,100,89.8973000003025,7.53919999988284,253.40049999795156,350.8369999981369,one shared preloaded model
syn-af7777b30c76fe8f,chalm,100,99.23300000082236,11.614900002314243,114.09280000225408,224.94070000539068,one shared preloaded model
syn-a3df3702910d82c8,chalm,100,102.57649999402929,12.361699999019038,297.1408000012161,412.07899999426445,one shared preloaded model
syn-1b32176f8ab0ad0d,chalm,100,86.14240000315476,7.8797000023769215,448.26019999891287,542.2823000044446,one shared preloaded model
syn-3c9a56c51e114ae8,chalm,100,97.38439999637194,7.798200000252109,249.77709999802755,354.9596999946516,one shared preloaded model
syn-4dc80c16468d7ae3,chalm,100,74.4739000001573,7.557099997939076,315.64040000375826,397.67140000185464,one shared preloaded model
syn-635cc36e60ec9abe,chalm,100,64.33700000343379,8.09099999605678,308.60609999945154,381.0340999989421,one shared preloaded model
syn-166e4d8638667138,chalm,100,99.03269999631448,11.475999999674968,304.5376000009128,415.04629999690223,one shared preloaded model
syn-4b2e3c750d96faf1,chalm,100,99.87510000064503,11.39270000567194,300.19970000284957,411.46750000916654,one shared preloaded model
syn-5c60aa247e7da516,chalm,100,94.0958999999566,11.590800000703894,185.01730000571115,290.70400000637164,one shared preloaded model
syn-363ae45960cbd6ea,chalm,100,98.96659999503754,11.843000000226311,341.43000000040047,452.2395999956643,one shared preloaded model
syn-202a222301f9a6d4,chalm,100,101.5518999993219,11.750699995900504,155.81709999969462,269.119699994917,one shared preloaded model
syn-7cf12316980709f6,chalm,100,75.124599999981,8.314200000313576,276.0439000048791,359.4827000051737,one shared preloaded model
syn-728e33df6904e39f,chalm,100,79.13150000240421,7.661499999812804,259.2932999978075,346.0863000000245,one shared preloaded model
syn-5bd3e7c2aa979761,chalm,100,100.45470000477508,11.222900000575464,324.6088999949279,436.28650000027847,one shared preloaded model
syn-9f5692455ac5f9eb,chalm,100,78.19729999755509,7.552300005045254,274.9049999983981,360.65460000099847,one shared preloaded model
syn-d0e73d43fc27e780,chalm,100,99.94890000234591,11.590999994950835,297.73690000001807,409.2767999973148,one shared preloaded model
syn-70ea21787462e8bb,chalm,100,99.86789999675239,11.490500000945758,324.83030000003055,436.1886999977287,one shared preloaded model
syn-93ebae83f12babde,chalm,100,63.56270000105724,7.613499998115003,234.787100001995,305.9633000011672,one shared preloaded model
syn-80b5fa71901fb209,chalm,100,99.24969999701716,11.279600003035739,226.58330000558635,337.11260000563925,one shared preloaded model
syn-31a023f7ba9bc6ca,chalm,100,85.80590000201482,11.507799994433299,345.4300000012154,442.7436999976635,one shared preloaded model
syn-86c7f5c14844a928,chalm,100,98.35559999919496,12.08290000067791,169.27040000155102,279.7089000014239,one shared preloaded model
syn-a86b2bf35ce487cf,chalm,100,67.71080000180518,8.0422000028193,182.30709999625105,258.06010000087554,one shared preloaded model
syn-a191dd5bc4522c3f,chalm,100,94.62380000331905,7.721399997535627,517.6307000001543,619.975900001009,one shared preloaded model
syn-24c6eb89fa9bc77a,chalm,100,101.86700000485871,11.50939999934053,334.066300005361,447.4427000095602,one shared preloaded model
syn-7e9cddfe26e96d08,chalm,100,63.53629999648547,8.26000000233762,239.37109999678796,311.16739999561105,one shared preloaded model
syn-79244b5ea6e26a35,chalm,100,87.51669999765,7.422000002407003,346.74120000272524,441.67990000278223,one shared preloaded model
syn-351b1f137e4c70f0,chalm,100,65.25439999677474,11.338299998897128,298.17460000049323,374.7672999961651,one shared preloaded model
syn-fe81b916e846f8e6,chalm,100,80.55910000257427,11.594800002058037,324.46360000176355,416.61750000639586,one shared preloaded model
syn-890454ea84307ccf,chalm,100,100.83700000541285,11.869699999806471,227.2863000034704,339.9930000086897,one shared preloaded model
syn-38ffd1c0f969d3ce,chalm,100,72.47810000262689,8.520900002622511,675.136100006057,756.1351000113063,one shared preloaded model
syn-449f78fee2e31323,chalm,100,73.1859999941662,7.703800001763739,103.20579999824986,184.0955999941798,one shared preloaded model
syn-386d7fabe68c0b51,chalm,100,100.07300000143005,12.313500003074296,206.66009999695234,319.0466000014567,one shared preloaded model
syn-a53e008f5352ab7c,chalm,100,100.84330000245245,11.631399996986147,431.89369999890914,544.3683999983477,one shared preloaded model
syn-2d7332919d82acd7,chalm,100,98.15209999942454,11.495400001876988,250.244400005613,359.8919000069145,one shared preloaded model
syn-4b43eb5a0d3f5e34,chalm,100,99.86140000546584,11.595000003580935,318.48919999902137,429.94560000806814,one shared preloaded model
syn-1c8165dfe7849318,chalm,100,99.23759999946924,11.65949999995064,307.2988999992958,418.1959999987157,one shared preloaded model
syn-d3b9785b73055c98,chalm,100,65.94710000354098,11.46800000424264,282.272099997499,359.68720000528265,one shared preloaded model
syn-eb6fed3bb3f62d98,chalm,100,85.54820000426844,11.55529999959981,297.5296000004164,394.63310000428464,one shared preloaded model
syn-413d807574a54fac,chalm,100,100.31140000501182,11.723300005542114,226.29380000580568,338.3285000163596,one shared preloaded model
syn-8be08b3c364210f6,chalm,100,91.8082000061986,7.877299998654053,279.99320000526495,379.6787000101176,one shared preloaded model
syn-c73284e558f60ee0,chalm,100,98.40220000478439,11.602300000959076,153.86039999430068,263.86490000004414,one shared preloaded model
syn-af7cdb39cb252396,chalm,100,62.68429999909131,7.80059999669902,276.826200002688,347.3110999984783,one shared preloaded model
syn-6cb7e0329cf51091,chalm,100,81.06970000517322,7.755900005577132,576.5496999956667,665.3753000064171,one shared preloaded model
syn-7ff503cc87bf6b72,chalm,100,66.22729999799049,7.56320000073174,156.5409999966505,230.33149999537272,one shared preloaded model
syn-6409e2246567d47d,chalm,100,98.34479999699397,11.939600000914652,311.9468000004417,422.23119999835035,one shared preloaded model
syn-56a9578b1ca629d6,chalm,100,87.26500000193482,11.360799995600246,335.79789999930654,434.4236999968416,one shared preloaded model
syn-96125f8027ab183e,chalm,100,100.2063999985694,11.345599996275268,265.24549999885494,376.7974999936996,one shared preloaded model
syn-d108a25e35d2aec2,chalm,100,65.78989999979967,7.939900002384093,234.26130000007106,307.9911000022548,one shared preloaded model
syn-e505f665edac12f5,chalm,100,103.63930000312394,11.667999999190215,153.27350000006845,268.5808000023826,one shared preloaded model
syn-227123dfbfb3b60b,chalm,100,72.32029999431688,7.786599999235477,647.4682000043686,727.5750999979209,one shared preloaded model
syn-a3509d974e84be76,chalm,100,68.6340000029304,7.401499999104999,101.01279999798862,177.04830000002403,one shared preloaded model
syn-4db0fdc492341150,chalm,100,67.51560000702739,8.713499999430496,323.0404999994789,399.2696000059368,one shared preloaded model
syn-ad343e5861a42f48,chalm,100,99.59600000001956,11.61359999969136,518.2244000025094,629.4340000022203,one shared preloaded model
syn-98938f2a750732e3,chalm,100,72.93760000175098,7.849400004488416,181.1027000003378,261.8897000065772,one shared preloaded model
syn-588e0cf52a62ad07,chalm,100,70.76239999878453,11.612800000875723,317.66599999536993,400.0411999950302,one shared preloaded model
syn-3a2b16f76aac64a3,chalm,100,83.6226000028546,7.74729999830015,313.4538000012981,404.8237000024528,one shared preloaded model
syn-771747a46595b170,chalm,100,98.60049999406328,11.368399995262735,304.97570000443375,414.94459999375977,one shared preloaded model
syn-b862e71029dd1141,chalm,100,88.37940000375966,7.607399995322339,321.1922999980743,417.1790999971563,one shared preloaded model
syn-ab82b68526b31cc1,chalm,100,81.48660000006203,7.742999994661659,157.61639999982435,246.84599999454804,one shared preloaded model
syn-0972954b0101952a,chalm,100,98.94350000104168,11.661500000627711,342.4568999980693,453.06189999973867,one shared preloaded model
syn-8e233e6259a3ff93,chalm,100,99.69730000011623,11.62280000426108,152.88220000365982,264.2023000080371,one shared preloaded model
syn-d72c9b6d1c8b544c,chalm,100,102.86569999880157,12.544699995487463,325.0514999963343,440.46189999062335,one shared preloaded model
syn-2473152ac1131384,chalm,100,89.95100000174716,11.400900002627168,1098.1901999984984,1199.5421000028728,one shared preloaded model
syn-99c8100852c041ab,chalm,100,59.94759999884991,7.740799999737646,236.77959999622544,304.467999994813,one shared preloaded model
syn-c072bb6c30501eb5,chalm,100,100.75489999871934,11.450999998487532,284.1642999992473,396.3701999964542,one shared preloaded model
syn-6ceaf5097ce9c759,chalm,100,60.12130000453908,7.970800004841294,322.11110000207555,390.2032000114559,one shared preloaded model
syn-b22dac7d46c56ef7,chalm,100,98.94070000154898,8.315800005220808,318.1971000012709,425.45360000804067,one shared preloaded model
syn-a820901274815962,chalm,100,86.75799999764422,8.895500002836343,327.1002999972552,422.75379999773577,one shared preloaded model
syn-4d0c462a9611104c,chalm,100,101.80499999842141,11.755200001061894,173.81260000547627,287.3728000049596,one shared preloaded model
syn-966462fdc64001cb,chalm,100,69.63260000338778,8.059799998591188,311.02139999711653,388.7137999990955,one shared preloaded model
syn-aab7f6253fc3371c,chalm,100,84.69740000145976,11.087799997767434,155.59370000119088,251.37890000041807,one shared preloaded model
syn-6cd597ee81f40259,chalm,100,83.63229999667965,12.064499998814426,306.73899999965215,402.4357999951462,one shared preloaded model
syn-ac63a94c62bb28b0,chalm,100,103.7544999999227,11.659099996904843,542.4870999995619,657.9006999963894,one shared preloaded model
syn-caaf77c3bc556729,chalm,100,98.87850000086473,11.930000000575092,269.3199000059394,380.12840000737924,one shared preloaded model
syn-be57cd78365e7d1a,chalm,100,65.5830000032438,7.306999999855179,280.6667000040761,353.5567000071751,one shared preloaded model
syn-f8666490bec6d369,chalm,100,64.43000000581378,7.452999998349696,309.68030000076396,381.56330000492744,one shared preloaded model
syn-60ede6f62c127051,chalm,100,88.9030999969691,11.762400004954543,319.3174000043655,419.9829000062891,one shared preloaded model
syn-3ca2daab899324eb,chalm,100,98.59110000252258,11.554699995031115,278.2417999987956,388.3875999963493,one shared preloaded model
syn-751ad704e49319a5,chalm,100,68.02919999609003,7.92879999789875,152.25890000147047,228.21689999545924,one shared preloaded model
syn-1def9112232df49c,chalm,100,83.21090000390541,7.915199996205047,638.894399999117,730.0204999992275,one shared preloaded model
syn-6d9bfb9f846bec63,chalm,100,88.99460000247927,8.523500000592321,101.31399999954738,198.83210000261897,one shared preloaded model
syn-6743c3c7d98bfc0e,chalm,100,98.99790000054054,11.853100004373118,306.4909999957308,417.3420000006445,one shared preloaded model
syn-01d7e9b6955f7473,chalm,100,91.5688000022783,7.708099998126272,579.4210000021849,678.6979000025894,one shared preloaded model
syn-2e85e9170d30ba71,chalm,100,100.92570000415435,11.687099999107886,249.29360000533052,361.90640000859275,one shared preloaded model
syn-37671ca7cf5c1eb5,chalm,100,69.3572000018321,11.372100001608487,262.19919999857666,342.92850000201724,one shared preloaded model
syn-f4e3f903987f6c89,chalm,100,101.56200000346871,11.339500000758562,295.45430000143824,408.3558000056655,one shared preloaded model
syn-0baea2d67907d7b5,chalm,100,86.96029999555321,11.711200000718236,299.0159000037238,397.68739999999525,one shared preloaded model
syn-64b6c1ab320dbe67,chalm,100,102.52100000070641,11.604699997405987,364.85970000649104,478.98540000460343,one shared preloaded model
syn-ebbfd3d64aa3659e,chalm,100,98.58809999423102,11.48789999569999,201.66089999838732,311.7368999883183,one shared preloaded model
syn-9ba4c01860d01716,chalm,100,100.73340000235476,11.598899996897671,389.26940000237664,501.60170000162907,one shared preloaded model
syn-30ea2cdf2f968903,chalm,100,99.50329999992391,11.396300003980286,154.66149999701884,265.56110000092303,one shared preloaded model
syn-8c64fa1f197773be,chalm,100,102.04710000107298,12.202599995362107,278.22359999845503,392.4732999948901,one shared preloaded model
syn-73c6ca9be338f033,chalm,100,89.89569999539526,7.7676000000792556,837.3304999986431,934.9937999941176,one shared preloaded model
syn-6ecbb1c08f82c937,chalm,100,86.9581000006292,11.838800004625227,276.20730000489857,375.004200010153,one shared preloaded model
syn-8353478fbb4bce27,chalm,500,456.6162000046461,10.193800000706688,302.4677000066731,769.2777000120259,one shared preloaded model
syn-8067a297457aadf1,chalm,500,317.98279999929946,14.56270000198856,287.56740000244463,620.1129000037326,one shared preloaded model
syn-9e8353cffd162bec,chalm,500,356.9844000012381,10.133399999176618,234.267899999395,601.3856999998097,one shared preloaded model
syn-1e2c00e04982df2b,chalm,500,455.01660000445554,14.195399999152869,229.5486000002711,698.7606000038795,one shared preloaded model
syn-e2a2467ecd547dda,chalm,500,374.82119999913266,14.125500005320646,195.6787000017357,584.625400006189,one shared preloaded model
syn-bc62c7abfaca5c09,chalm,500,433.72899999667425,13.109300001815427,663.9567999955034,1110.795099993993,one shared preloaded model
syn-12612434405c931a,chalm,500,309.6453999969526,14.120400002866518,131.83039999421453,455.59619999403367,one shared preloaded model
syn-5a8a3408720382be,chalm,500,431.2945999990916,10.964499997498933,786.9831000061822,1229.2422000027727,one shared preloaded model
syn-59ea7db674f489a6,chalm,500,456.820899999002,14.511499997752253,829.2050000018207,1300.537399998575,one shared preloaded model
syn-51d379101a7163b5,chalm,500,388.8866999986931,9.118999994825572,260.9835999974166,658.9892999909353,one shared preloaded model
syn-663a7412abfb842b,chalm,500,503.4613000025274,14.357799998833798,298.0032999985269,815.8223999998881,one shared preloaded model
syn-0bd707dc615b2bc5,chalm,500,426.15870000008726,14.524899997923058,296.8488000042271,737.5324000022374,one shared preloaded model
syn-0ca214b154606a6d,chalm,500,349.87099999852944,9.930799998983275,251.5103000041563,611.312100001669,one shared preloaded model
syn-1ad21a31a11954b1,chalm,500,444.2538000002969,15.08349999494385,299.5286000004853,758.8658999957261,one shared preloaded model
syn-405db96ad499aad6,chalm,500,452.0355999993626,14.342399997985922,230.29729999689152,696.67529999424,one shared preloaded model
syn-c73a7d7f2efdabea,chalm,500,453.66359999752603,14.573699998436496,339.2757000037818,807.5129999997444,one shared preloaded model
syn-d4551df4fe2ef435,chalm,500,294.99370000121417,10.35260000207927,458.64959999744315,763.9959000007366,one shared preloaded model
syn-f81cc5743ea53e86,chalm,500,285.02750000188826,10.3123999942909,344.36550000100397,639.7053999971831,one shared preloaded model
syn-4f19931c9987dbda,chalm,500,427.68380000052275,14.432600000873208,566.4712999932817,1008.5876999946777,one shared preloaded model
syn-92c86a223d786491,chalm,500,319.8969000004581,10.13539999985369,292.1305999989272,622.162899999239,one shared preloaded model
syn-2bb893798ac2dfa5,chalm,500,437.8433000019868,14.542500000970904,299.2854999974952,751.6713000004529,one shared preloaded model
syn-aa1bcd4e3305659c,chalm,500,454.9607000008109,14.385100002982654,326.8284000005224,796.1742000043159,one shared preloaded model
syn-0954cc37fabc8be3,chalm,500,460.3413999939221,14.153600001009181,350.18639999907464,824.6813999940059,one shared preloaded model
syn-6bb06c622660e647,chalm,500,385.368399998697,14.739800004463177,360.0245999987237,760.1328000018839,one shared preloaded model
syn-0b1a59bdb0ab570e,chalm,500,406.4360999982455,15.570499999739695,165.67699999723118,587.6835999952164,one shared preloaded model
syn-23a203eef7bafa9b,chalm,500,427.48109999956796,10.406800000055227,290.62770000018645,728.5155999998096,one shared preloaded model
syn-3b06b4335ee79d9c,chalm,500,454.8997999954736,14.95979999890551,204.2751999979373,674.1347999923164,one shared preloaded model
syn-ec94bad4956c840e,chalm,500,454.7205999988364,15.192200000456069,322.86910000402713,792.7819000033196,one shared preloaded model
syn-bc1c23717d0dfea3,chalm,500,404.77780000219354,14.22640000237152,510.7346000004327,929.7388000049978,one shared preloaded model
syn-67712a9f8996e2e8,chalm,500,411.23950000473997,14.688399998703972,285.5130999960238,711.4409999994677,one shared preloaded model
syn-595c1a876191c126,chalm,500,388.78150000527967,15.115399997739587,331.0655000022962,734.9624000053154,one shared preloaded model
syn-6467888e031efe81,chalm,500,451.7414000001736,14.39570000366075,338.7769000037224,804.9140000075568,one shared preloaded model
syn-bbf31960b39c5ee4,chalm,500,426.71420000260696,14.481500002148096,328.61839999532094,769.814100000076,one shared preloaded model
syn-0a76bff023524251,chalm,500,440.76359999598935,14.682000000902917,345.96249999594875,801.408099992841,one shared preloaded model
syn-ba162ae568464f78,chalm,500,460.6770000027609,14.474600000539795,214.07129999715835,689.222900000459,one shared preloaded model
syn-b042f0c9791d9008,chalm,500,345.00979999575065,9.38789999781875,342.1076000013272,696.5052999948966,one shared preloaded model
syn-ea3960770a2ca4a7,chalm,500,343.01260000211187,15.087599997059442,190.7920000012382,548.8922000004095,one shared preloaded model
syn-38219515a508a5d7,chalm,500,456.3388999958988,14.065700001083314,279.5144000047003,749.9190000016824,one shared preloaded model
syn-d4c28ece94fb3953,chalm,500,454.2853999955696,14.556800000718795,669.7482000017771,1138.5903999980655,one shared preloaded model
syn-f60a4dd25af4bf20,chalm,500,411.75059999659425,14.541600001393817,233.74470000271685,660.0369000007049,one shared preloaded model
syn-f82cf59916809524,chalm,500,458.78860000084387,14.55060000444064,289.411800004018,762.7510000093025,one shared preloaded model
syn-8e294cf8f86f5d12,chalm,500,461.40050000394695,14.524400001391768,326.4008999976795,802.3258000030182,one shared preloaded model
syn-040517cd90cc897c,chalm,500,409.9742000034894,12.877999994088896,321.0471999991569,743.8993999967352,one shared preloaded model
syn-411fce6ee866bbb8,chalm,500,405.0628000040888,14.59910000266973,331.00520000152756,750.6671000082861,one shared preloaded model
syn-268c1d0c81c87f4b,chalm,500,336.89030000095954,9.557900004438125,178.4581999963848,524.9064000017825,one shared preloaded model
syn-b306cf68395776dd,chalm,500,444.43930000124965,14.580200004274957,321.8565999995917,780.8761000051163,one shared preloaded model
syn-689442af0e6a410d,chalm,500,448.0924000017694,12.30059999943478,546.9531999988249,1007.3462000000291,one shared preloaded model
syn-313805301f447ead,chalm,500,329.5510999960243,10.557199995673727,261.48470000043744,601.5929999921354,one shared preloaded model
syn-38d674321a5aca1b,chalm,500,455.17999999719905,14.76629999524448,505.8798999962164,975.8261999886599,one shared preloaded model
syn-213d87e5e07c8519,chalm,500,396.4170000035665,9.96389999636449,227.7477000025101,634.1286000024411,one shared preloaded model
syn-05a9edcf64ee42de,chalm,500,381.7224000013084,14.344600000185892,297.2126999957254,693.2796999972197,one shared preloaded model
syn-0475ce3a7577d7da,chalm,500,403.4617000070284,10.119500002474524,294.79649999848334,708.3777000079863,one shared preloaded model
syn-e08c5c69e450c217,chalm,500,371.888299996499,13.20560000021942,286.0676000054809,671.1615000021993,one shared preloaded model
syn-436852fe9abb7dc5,chalm,500,423.64740000630263,10.64270000642864,300.42880000110017,734.7189000138314,one shared preloaded model
syn-271d5a470da86f7f,chalm,500,414.5148999959929,10.091699994518422,155.9729000000516,580.5794999905629,one shared preloaded model
syn-970a5b6630f65725,chalm,500,308.4956000020611,10.309300007065758,310.3110000010929,629.1159000102198,one shared preloaded model
syn-8a75ed949ee596bd,chalm,500,454.8408999980893,9.925799997290596,133.57139999425272,598.3380999896326,one shared preloaded model
syn-56c64830d8d53ebc,chalm,500,444.42350000463193,10.371899996243883,843.8346000039019,1298.6300000047777,one shared preloaded model
syn-811fbe3866bccdf8,chalm,500,449.7899999987567,14.818700001342222,508.08759999927133,972.6962999993702,one shared preloaded model
syn-d42090286816856c,chalm,500,453.8883999994141,14.776600000914186,355.8255999960238,824.4905999963521,one shared preloaded model
syn-ffd8865e73eeab0e,chalm,500,378.8345000066329,10.21240000409307,227.99639999720966,617.0433000079356,one shared preloaded model
syn-784fd5d93b24c4f6,chalm,500,391.5456999966409,14.461999999184627,298.36819999763975,704.3758999934653,one shared preloaded model
syn-ea8d41b6d999d548,chalm,500,353.949600001215,13.13539999682689,319.14859999960754,686.2335999976494,one shared preloaded model
syn-d909cdb8cfcc9eb8,chalm,500,350.30620000179624,10.371100004704203,276.9731000007596,637.65040000726,one shared preloaded model
syn-23c6931c183f4ac9,chalm,500,452.6347999999416,14.340600006107707,228.10480000043754,695.0802000064868,one shared preloaded model
syn-d3743cb521c05762,chalm,500,452.3142000034568,14.704499997606035,298.17499999626307,765.1936999973259,one shared preloaded model
syn-c6956e0b7b8bbe93,chalm,500,337.1746999982861,9.99190000584349,132.21729999349918,479.38389999762876,one shared preloaded model
syn-2c235f94902c2fbd,chalm,500,447.8873000043677,9.300899997469969,726.5886000022874,1183.776800004125,one shared preloaded model
syn-5c84268454890acb,chalm,500,338.4730000034324,10.097300000779796,809.7702999948524,1158.3405999990646,one shared preloaded model
syn-4d04fd9eb9e444fa,chalm,500,430.61759999545757,14.646299998275936,272.5709000005736,717.8347999943071,one shared preloaded model
syn-6acbf48ac4868565,chalm,500,379.081999999471,9.91020000219578,229.6615000013844,618.6537000030512,one shared preloaded model
syn-cb4f29b8d39beaf7,chalm,500,458.36340000096243,14.455799995630514,298.7296999999671,771.5488999965601,one shared preloaded model
syn-bdecfe39479ce931,chalm,500,419.8457000020426,10.024900002463255,322.40900000033434,752.2796000048402,one shared preloaded model
syn-07d4c2689189fd19,chalm,500,451.3950000036857,14.432200005103368,335.1154000047245,800.9426000135136,one shared preloaded model
syn-b0094bd3bc25f838,chalm,500,389.25900000322144,10.09939999494236,216.76060000027064,616.1189999984344,one shared preloaded model
syn-c576d54a7fdd7ade,chalm,500,294.605800001591,10.168299995712005,647.442300003604,952.216400000907,one shared preloaded model
syn-ca1da64f4b7250ab,chalm,500,415.5161999951815,14.427099995373283,105.39150000113295,535.3347999916878,one shared preloaded model
syn-400d16042183536f,chalm,500,429.37359999632463,10.28280000173254,298.69410000537755,738.3505000034347,one shared preloaded model
syn-2fe6bde59301602d,chalm,500,290.6528999956208,10.086899994348641,512.107599999581,812.8473999895505,one shared preloaded model
syn-e4e5255b50b15865,chalm,500,461.95089999673655,14.682100001664367,216.4100000009057,693.0429999993066,one shared preloaded model
syn-8e029986a2e4be7e,chalm,500,438.0751999997301,14.352099999086931,328.81430000270484,781.2416000015219,one shared preloaded model
syn-d460ec92ff2d1e65,chalm,500,370.80869999772403,10.199899996223394,261.170800004038,642.1793999979855,one shared preloaded model
syn-c7b7f75556d5e436,chalm,500,461.8839000031585,14.433700001973193,299.2168000055244,775.5344000106561,one shared preloaded model
syn-729b066ef4e121a1,chalm,500,418.8782999990508,14.408700000785757,304.523099999642,737.8100999994786,one shared preloaded model
syn-383ddb0c41c5feef,chalm,500,401.40039999823784,10.635499995260034,157.90289999858942,569.9387999920873,one shared preloaded model
syn-50d0f73de6cd03fd,chalm,500,452.51940000161994,14.486400003079325,315.18050000158837,782.1863000062876,one shared preloaded model
syn-49216263546f83c9,chalm,500,429.0739999996731,14.508099993690848,469.2175000018324,912.7995999951963,one shared preloaded model
syn-3d8ea15d71265a5d,chalm,500,291.3224000003538,10.52279999566963,321.62740000057966,623.4725999966031,one shared preloaded model
syn-e71f9cfdd7e12520,chalm,500,453.2160000017029,14.632699996582232,533.9352000009967,1001.7838999992819,one shared preloaded model
syn-db387682b1226cfa,chalm,500,458.0245000033756,15.426800004206598,181.03120000159834,654.4825000091805,one shared preloaded model
syn-57cbb0340d075fa2,chalm,500,412.04620000644354,14.331599995784927,324.8213999977452,751.1991999999736,one shared preloaded model
syn-9df98212cdc08358,chalm,500,455.3809999997611,14.501800003927201,326.48239999980433,796.3652000034926,one shared preloaded model
syn-a1d1ea15e7221800,chalm,500,385.20279999647755,14.523600002576131,338.7860000002547,738.5123999993084,one shared preloaded model
syn-2f4dce5ad69b3fa1,chalm,500,291.59819999767933,10.560700000496581,233.8988999981666,536.0577999963425,one shared preloaded model
syn-7094b0e8de069d3a,chalm,500,331.24449999741046,9.981800001696683,182.7553999974043,523.9816999965115,one shared preloaded model
syn-97802e05ca9a2d1c,chalm,500,425.01500000071246,14.428499998757616,697.274500002095,1136.718000001565,one shared preloaded model
syn-d604fecf4b0498cd,chalm,500,433.7311999988742,12.014899999485351,139.87290000659414,585.6190000049537,one shared preloaded model
syn-64c1006806b1711d,chalm,500,400.63659999577794,15.094100002897903,306.8395000009332,722.570199999609,one shared preloaded model
syn-4a8e3cff5312d6b5,chalm,500,414.9514000018826,14.482000005955342,445.89779999660095,875.3312000044389,one shared preloaded model
syn-f940283a7af1f768,chalm,500,434.4740000015008,14.690299998619594,1283.3339999997406,1732.498299999861,one shared preloaded model
syn-00d8e9ad93855ab3,chalm,500,434.15169999934733,10.346299997763708,325.7692999977735,770.2672999948845,one shared preloaded model
syn-b66b18aeb0ff8c75,chalm,500,422.305400003097,14.854900000500493,267.29340000019874,704.4537000037963,one shared preloaded model
syn-689eaa13f442395a,chalm,500,400.3491000039503,10.9673000042676,329.9738999994588,741.2903000076767,one shared preloaded model
syn-47679c7bc2515e7e,chalm,500,449.5572999949218,10.847300000023097,343.46350000123493,803.8680999961798,one shared preloaded model
syn-8defe53d696d1e04,chalm,500,409.51879999920493,14.535499998601153,230.65159999532625,654.7058999931323,one shared preloaded model
syn-958fef865bbe0110,chalm,500,457.47400000254856,10.655600002792198,307.17429999640444,775.3039000017452,one shared preloaded model
syn-4b17cac63cc0fd2e,chalm,500,314.41759999870555,14.537299997755326,203.01399999880232,531.9688999952632,one shared preloaded model
syn-c81b135ce954f21d,chalm,500,420.2609999993001,15.297999998438172,334.40580000024056,769.9647999979788,one shared preloaded model
syn-a4421f1dbd3fdf53,chalm,500,447.5395000044955,14.40530000400031,501.20089999836637,963.1457000068622,one shared preloaded model
syn-007bd7d84108708c,chalm,500,300.2836000014213,9.892399997625034,274.2525000066962,584.4285000057425,one shared preloaded model
syn-33695a5bdb03a768,chalm,500,459.26540000073146,14.391900003829505,303.8910000032047,777.5483000077656,one shared preloaded model
syn-338c6b26a5bc1a7c,chalm,500,433.51439999969443,14.387299997906666,327.5412000002689,775.44289999787,one shared preloaded model
syn-e228218af7df0e27,chalm,500,377.0502999977907,10.313300001143944,255.82760000543203,643.1912000043667,one shared preloaded model
syn-fcc74b53a32d5340,chalm,500,442.3644000053173,14.491000001726206,309.6451999954297,766.5006000024732,one shared preloaded model
syn-6f04fd80b4ec7429,chalm,500,433.9535999970394,14.346200005093124,228.06929999933345,676.369100001466,one shared preloaded model
syn-5a2a82ec7118aced,chalm,500,297.0569000026444,10.01640000322368,289.49329999886686,596.5666000047349,one shared preloaded model
syn-929180aaf784df2d,chalm,500,380.00279999687336,10.493599998881109,103.73360000085086,494.22999999660533,one shared preloaded model
syn-cb551660c3041446,chalm,500,320.2390000005835,14.92339999822434,784.3431000001146,1119.5054999989225,one shared preloaded model
syn-791a724e1d728c02,chalm,500,339.0205000032438,9.137599998211954,452.7285000003758,800.8866000018315,one shared preloaded model
syn-bbb931a8ac8328af,chalm,500,463.7944000060088,14.605799995479174,201.16730000154348,679.5675000030315,one shared preloaded model
syn-ebdd58edff7c66b4,chalm,500,425.4804999945918,14.235700000426732,341.867999995884,781.5841999909026,one shared preloaded model
syn-dafad97333e5b987,chalm,500,400.0817000051029,14.547700004186481,262.17280000128085,676.8022000105702,one shared preloaded model
syn-0b201ce7670c1977,chalm,500,404.40530000341823,14.44939999782946,239.47749999933876,658.3322000005865,one shared preloaded model
syn-54b9cd4289abb716,chalm,500,346.51279999525286,14.420699997572228,302.53000000084285,663.4634999936679,one shared preloaded model
syn-8bf1c6019e2fc30d,chalm,500,404.14429999509593,14.278199996624608,154.22579999722075,572.6482999889413,one shared preloaded model
syn-f6299fe4338ea2f7,chalm,500,453.77649999863934,14.465199994447175,310.92509999871254,779.166799991799,one shared preloaded model
syn-38e61cc36ea3e36e,chalm,500,434.3866999988677,14.412399999855552,202.18800000293413,650.9871000016574,one shared preloaded model
syn-197dc5be6d7f183f,chalm,500,415.5232999983127,10.818899994774256,347.1971999970265,773.5393999901135,one shared preloaded model
syn-3ce9a38483b121d8,chalm,500,455.74820000183536,14.415600002394058,636.2107000022661,1106.3745000064955,one shared preloaded model
syn-47583ae995fed3de,chalm,500,406.3726000022143,10.065099995699711,212.24369999981718,628.6813999977312,one shared preloaded model
syn-84f146205390e1cd,chalm,500,300.90190000191797,10.086000002047513,284.23100000509294,595.2189000090584,one shared preloaded model
syn-028e71b6f78ee786,chalm,500,463.97719999367837,14.871700004732702,310.08890000521205,788.9378000036231,one shared preloaded model
syn-4bc94b80a83ab669,chalm,500,450.8353999990504,15.06080000399379,308.1781000000774,774.0743000031216,one shared preloaded model
syn-18c20066c2cb823b,chalm,500,422.5561999992351,12.234599998919293,303.5375999970711,738.3283999952255,one shared preloaded model
syn-9897592c844df47a,chalm,500,322.4696000033873,14.205599996785168,158.5586000001058,495.2338000002783,one shared preloaded model
syn-f1a339235669aeb9,chalm,500,451.3645999977598,14.561100004357286,296.3802000012947,762.3059000034118,one shared preloaded model
syn-cfdf94c12c6fc750,chalm,500,406.5335000050254,8.715600000869017,402.0881000033114,817.3372000092058,one shared preloaded model
syn-d74d75f2f11faece,chalm,500,439.61409999610623,15.016899997135624,262.9910999967251,717.622099989967,one shared preloaded model
syn-783c82d75d29289f,chalm,500,392.64510000066366,10.30940000055125,445.48410000425065,848.4386000054656,one shared preloaded model
syn-59238d3be02262dc,chalm,500,424.5200999939698,14.401500004169066,301.09810000431025,740.0197000024491,one shared preloaded model
syn-5a59b3e48be3ebf3,chalm,500,371.6331999967224,9.569200003170408,234.06550000072457,615.2679000006174,one shared preloaded model
syn-ff213c8fcd806780,chalm,500,394.0647000054014,14.393900004506577,319.5127999933902,727.9714000032982,one shared preloaded model
syn-b53133f7f8a9ffec,chalm,500,420.2900999953272,14.513899994199164,316.1490999991656,750.953099988692,one shared preloaded model
syn-e35eabac503525f5,chalm,500,426.6533000045456,14.946999996027444,331.6467000040575,773.2470000046305,one shared preloaded model
syn-f06e91bb302cec90,chalm,500,454.9692000000505,14.266099999076687,229.01229999843054,698.2475999975577,one shared preloaded model
syn-8e0605a240c5d9de,chalm,500,398.7070000002859,10.422200000903104,320.48280000162777,729.6120000028168,one shared preloaded model
syn-e187101b9c61e6e0,chalm,500,451.887600000191,14.646700001321733,227.12680000404362,693.6611000055564,one shared preloaded model
syn-0adbc4dcb9081517,chalm,500,337.760000002163,10.507399994821753,239.89840000285767,588.1657999998424,one shared preloaded model
syn-950a8c7f7b083c05,chalm,500,431.187600006524,14.679500003694557,501.6027999954531,947.4699000056717,one shared preloaded model
syn-c33b261bc5974ad6,chalm,500,459.907899996324,14.467699998931494,326.78479999594856,801.160399991204,one shared preloaded model
syn-5ae41b4c78656072,chalm,500,434.13690000306815,10.072900004161056,268.68789999571163,712.8977000029408,one shared preloaded model
syn-5e6cea10982a3491,chalm,500,379.7896000032779,14.785799998207949,299.2653000037535,693.8407000052393,one shared preloaded model
syn-393c8d17ecc49c08,chalm,500,455.13160000700736,14.374400001543108,299.20249999850057,768.708500007051,one shared preloaded model
syn-ea7a1a0f2c892d07,chalm,500,455.7537000000593,14.499000004434492,322.8037000008044,793.0564000052982,one shared preloaded model
syn-0e782853a7ea3314,chalm,500,289.0228999967803,11.007300003257114,219.2259000003105,519.2561000003479,one shared preloaded model
syn-960381de09bea452,chalm,500,417.1118000012939,10.123699998075608,298.78129999997327,726.0167999993428,one shared preloaded model
syn-6e1920560ba226cf,chalm,500,445.4117000059341,12.318599998252466,155.52590000152122,613.2562000057078,one shared preloaded model
syn-51d5124dceba73dc,chalm,500,385.5249999978696,12.918300002638716,307.2167999998783,705.6601000003866,one shared preloaded model
syn-3eb2443275ddd447,chalm,500,447.8030000027502,14.319100002467167,485.67250000633067,947.794600011548,one shared preloaded model
syn-8614bcc399988fce,chalm,500,309.6836000040639,10.282000002916902,232.93589999957476,552.9015000065556,one shared preloaded model
syn-3cdf107cfd43e0fd,chalm,500,460.2302999992389,14.069899996684399,315.86650000099326,790.1666999969166,one shared preloaded model
syn-288492c196f1e57d,chalm,500,422.8841999938595,10.189599997829646,305.331000003207,738.4047999948962,one shared preloaded model
syn-6aeddd7478f8dad1,chalm,500,301.80860000109533,10.18869999825256,228.71889999805717,540.716199997405,one shared preloaded model
syn-f7ce21c285c45a2e,chalm,500,397.93630000349367,11.915299997781403,242.51789999834727,652.3694999996223,one shared preloaded model
syn-e3f6ba4e5a28c2de,chalm,500,377.6249000002281,14.102100001764484,204.33719999709865,596.0641999990912,one shared preloaded model
syn-b660cc0eacfc23b6,chalm,500,375.7993999970495,13.574800002970733,678.3639999994193,1067.7381999994395,one shared preloaded model
syn-b50f9f7062eca05f,chalm,500,393.8193000067258,14.121399995929096,206.66479999636067,614.6054999990156,one shared preloaded model
syn-0fc1f31ae9a93aa7,chalm,500,410.5507000058424,15.124799996556249,297.3162999987835,722.9918000011821,one shared preloaded model
syn-d2aeb79af2c427b5,chalm,500,412.2484999970766,9.885500003292691,208.09779999399325,630.2317999943625,one shared preloaded model
syn-62826ec1b9b4a016,chalm,500,426.2260999967111,14.486600004602224,251.57530000433326,692.2880000056466,one shared preloaded model
syn-d29f5aeb7170134e,chalm,500,285.0825999994413,14.049199999135453,236.3645000004908,535.4962999990676,one shared preloaded model
syn-a38b4624e16666f7,chalm,500,324.9024000033387,14.40829999773996,324.57720000093104,663.8879000020097,one shared preloaded model
syn-75b1ed43bc65fd9e,chalm,500,375.571000004129,10.484800004633144,236.2079000013182,622.2637000100804,one shared preloaded model
syn-8494bae6d11ac2e7,chalm,500,463.38529999775346,14.487499996903352,304.1815999968094,782.0543999914662,one shared preloaded model
syn-7ee1f42a5629174b,chalm,500,410.89849999843864,9.995899999921676,187.3157000009087,608.210099999269,one shared preloaded model
syn-3fe4991bf0c2ad44,chalm,500,424.5708000016748,9.975500004657079,305.01180000283057,739.5581000091624,one shared preloaded model
syn-1e2ecfd6d2f82460,chalm,500,396.9111999977031,14.7246000051382,202.24630000302568,613.882100005867,one shared preloaded model
syn-64cd3953dfea1b8a,chalm,500,455.5718999981764,15.111500004422851,331.33470000029774,802.018100002897,one shared preloaded model
syn-8baac05c82412799,chalm,500,311.9192000012845,10.160400001041126,557.4638999969466,879.5434999992722,one shared preloaded model
syn-6d1ad2459478a841,chalm,500,442.7217999982531,15.105899998161476,321.86640000145417,779.6940999978688,one shared preloaded model
syn-67f82b8b4f21c426,chalm,500,330.05209999828367,10.227699996903539,296.31549999612616,636.5952999913134,one shared preloaded model
syn-28a468ec5ccd074e,chalm,500,455.88649999990594,14.396799997484777,339.5225999993272,809.8058999967179,one shared preloaded model
syn-22ae75de761a6523,chalm,500,439.1505000021425,14.631300000473857,347.8404000052251,801.6222000078415,one shared preloaded model
syn-438d58bc4faa40a6,chalm,500,364.5191000032355,10.456299998622853,229.49680000601802,604.4722000078764,one shared preloaded model
syn-00b33be7e49faf14,chalm,500,401.3328000000911,14.185899999574758,226.14629999588942,641.6649999955553,one shared preloaded model
syn-0de255f30bd2a43b,chalm,500,291.56829999556066,10.128399997483939,322.5462999980664,624.242999991111,one shared preloaded model
syn-5b8adc69152415ba,chalm,500,379.08710000192514,14.540399999532383,461.92919999884907,855.5567000003066,one shared preloaded model
syn-7294b757a8e851e2,chalm,500,380.8398000037414,15.026600005512591,321.7309000028763,717.5973000121303,one shared preloaded model
syn-044b82cb725cda4f,chalm,500,289.8886999973911,10.432100003527012,294.01079999661306,594.3315999975312,one shared preloaded model
syn-318d78f2ab7b3615,chalm,500,454.3626000013319,10.220600001048297,341.9320999964839,806.5152999988641,one shared preloaded model
syn-6abf77247fcceec9,chalm,500,432.5096000029589,10.100199993757997,227.80909999710275,670.4188999938197,one shared preloaded model
syn-d820c6a8ffaad975,chalm,500,455.113000003621,14.425599998503458,321.15580000390764,790.6944000060321,one shared preloaded model
syn-35e6eeacf4a5b0e7,chalm,500,371.7652000050293,10.049799995613284,333.36789999884786,715.1828999994905,one shared preloaded model
syn-5f13f7d39a6f9dd2,chalm,500,418.9999000009266,14.62090000131866,319.64180000068154,753.2626000029268,one shared preloaded model
syn-d79f56bbac52b78f,chalm,500,455.81269999820506,14.187200002197642,231.19710000173654,701.1970000021392,one shared preloaded model
syn-d94f9f88e7330cf3,chalm,500,347.00080000038724,9.334700000181329,332.3850000015227,688.7205000020913,one shared preloaded model
syn-9af8470ca231317c,chalm,500,450.7016999996267,10.31160000275122,101.14900000189664,562.1623000042746,one shared preloaded model
syn-016a620ea89d026c,chalm,500,453.1524000049103,14.912099999492057,339.1118999934406,807.176399997843,one shared preloaded model
syn-0ab4f7c4f93101df,chalm,500,445.4580000019632,14.937499996449333,226.271599996835,686.6670999952476,one shared preloaded model
syn-673ad9a7a3815527,chalm,500,451.9492000035825,14.352999998664018,324.4018999976106,790.7040999998571,one shared preloaded model
syn-9637d112539c2596,chalm,500,452.7910000033444,14.685299996926915,341.633299998648,809.1095999989193,one shared preloaded model
syn-9efd28a908d96377,chalm,500,440.6779999990249,9.262100000341889,290.49639999720966,740.4364999965765,one shared preloaded model
syn-b5fd479043a1f5f0,chalm,500,452.3579000015161,14.72269999794662,297.27969999657944,764.3602999960422,one shared preloaded model
syn-b31097c5f8432523,chalm,500,456.140599999344,14.745599997695535,302.00820000027306,772.8943999973126,one shared preloaded model
syn-e3988356cb634b76,chalm,500,453.15340000524884,14.355200000863988,227.39759999967646,694.9062000057893,one shared preloaded model
syn-b93d2fbde0d87e43,chalm,500,456.0055000038119,14.707499998621643,320.00220000190893,790.7152000043425,one shared preloaded model
syn-e6bb0f45ecff59ec,chalm,500,453.7664000017685,14.42500000121072,451.74170000245795,919.9331000054372,one shared preloaded model
syn-5de10839a991bd18,chalm,500,440.856299996085,15.046300002723001,311.29809999401914,767.2006999928271,one shared preloaded model
syn-1d26b78349295a8c,chalm,500,450.06930000090506,14.701899999636225,625.6778000024497,1090.449000002991,one shared preloaded model
syn-13a80fedd9f32081,chalm,500,377.29830000171205,15.07800000399584,243.7502000029781,636.126500008686,one shared preloaded model
syn-fc5e97f03a0bdaea,chalm,500,459.2679000052158,14.471700000285637,304.07800000102725,777.8176000065287,one shared preloaded model
syn-05d8cf96104d2a05,chalm,500,355.24189999705413,14.410600000701379,321.90889999765204,691.5613999954076,one shared preloaded model
syn-10f60f169ff33d8a,chalm,500,339.45439999661176,10.005800002545584,289.04850000253646,638.5087000016938,one shared preloaded model
syn-92e00dc4ce0b433f,chalm,500,391.89239999541314,14.370500000950415,322.3484999980428,728.6113999944064,one shared preloaded model
syn-8b04cba97d6011be,chalm,500,456.1937000034959,14.23639999848092,227.41649999807123,697.846600000048,one shared preloaded model
syn-d5d82482f42433eb,chalm,500,299.26339999656193,9.981299997889437,693.5931999978493,1002.8378999923007,one shared preloaded model
syn-c11b77eb7b11634e,chalm,500,453.0793999947491,14.600599999539554,185.61820000468288,653.2981999989715,one shared preloaded model
syn-45838d23bff0c54b,chalm,500,423.02220000419766,15.48449999972945,289.72280000016326,728.2295000040904,one shared preloaded model
syn-59a6301268ac351a,chalm,500,357.9011000038008,10.25830000435235,476.4024000032805,844.5618000114337,one shared preloaded model
syn-51f7894767e333b4,chalm,500,429.4787000035285,11.469299999589566,271.1859999981243,712.1340000012424,one shared preloaded model
syn-b2383b732780e64c,chalm,500,437.7260000037495,10.240300005534664,274.7118999977829,722.6782000070671,one shared preloaded model
syn-8b0cbb2202ca8bee,chalm,500,370.8323000028031,14.447400004428346,323.8502000021981,709.1299000094295,one shared preloaded model
syn-3c99834715dc06fe,chalm,500,450.3904000011971,14.64999999734573,314.83469999511726,779.8750999936601,one shared preloaded model
syn-bbb693659e15d4a8,chalm,500,423.61890000029234,14.931500001694076,321.72809999610763,760.278499998094,one shared preloaded model
syn-ae370afd87dce67b,chalm,500,437.5889000002644,14.284299999417271,227.40709999925457,679.2802999989362,one shared preloaded model
syn-d9bb103e78d1ea00,chalm,1000,773.1782000046223,14.796000003116205,306.7931999976281,1094.7674000053667,one shared preloaded model
syn-6ce2e118d31157fe,chalm,1000,774.0683000010904,9.053900001163129,320.727899998019,1103.8501000002725,one shared preloaded model
syn-042dd477cdf0308a,chalm,1000,686.7899999997462,10.5418999955873,236.0400000034133,933.3718999987468,one shared preloaded model
syn-281283cfabfbdcea,chalm,1000,785.1836999980151,14.623700000811368,321.96229999681236,1121.7696999956388,one shared preloaded model
syn-8efa4ab49e1a80d2,chalm,1000,795.3777000002447,10.93159999436466,231.94099999818718,1038.2502999927965,one shared preloaded model
syn-b17fc4077a328a69,chalm,1000,727.0584999932908,14.807699997618329,302.5216000023647,1044.3877999932738,one shared preloaded model
syn-7e6f50b922375dde,chalm,1000,801.1224000001675,10.318000000552274,104.39929999847664,915.8396999991965,one shared preloaded model
syn-fc2eb6d5aff91ebe,chalm,1000,691.8928000013693,15.205299998342525,300.7413000013912,1007.8394000011031,one shared preloaded model
syn-938ad03c92c97011,chalm,1000,716.1803999988479,14.948099997127429,535.3988999995636,1266.5273999955389,one shared preloaded model
syn-f6b8e9d890741e55,chalm,1000,776.557800003502,13.974400004372,305.9590999982902,1096.4913000061642,one shared preloaded model
syn-b36a5940cf945a14,chalm,1000,691.8177000043215,14.507699997921009,321.3837000002968,1027.7091000025393,one shared preloaded model
syn-0ed7b68c61dbfde9,chalm,1000,763.5183000020334,14.631800004281104,345.40170000400394,1123.5518000103184,one shared preloaded model
syn-5fae0fa10fdf31d3,chalm,1000,743.7393000000156,9.36040000669891,331.8801999994321,1084.9799000061466,one shared preloaded model
syn-dba8ca745e0a3cdc,chalm,1000,690.7213000013144,14.031800004886463,321.90670000272803,1026.6598000089289,one shared preloaded model
syn-fcfb5732ec54f0c8,chalm,1000,824.4025999956648,14.78050000150688,158.37740000279155,997.5604999999632,one shared preloaded model
syn-08effc2a25c11f9c,chalm,1000,759.2713999983971,14.657300001999829,367.68010000378126,1141.6088000041782,one shared preloaded model
syn-9e6381dab1dfdb96,chalm,1000,758.809700004349,14.80009999795584,155.59689999645343,929.2066999987583,one shared preloaded model
syn-dca5cb7288e8636e,chalm,1000,819.4465999986278,15.534000005573034,299.330200003169,1134.3108000073698,one shared preloaded model
syn-f4ff0a2d232530ca,chalm,1000,798.9564000017708,14.68849999946542,483.88079999858746,1297.5256999998237,one shared preloaded model
syn-5f1b8d8a7822fd7e,chalm,1000,761.8577999965055,14.528400002745911,318.7169000011636,1095.103100000415,one shared preloaded model
syn-94aba5b9e5062a27,chalm,1000,707.1868000057293,14.413599994441029,326.91479999630246,1048.5151999964728,one shared preloaded model
syn-3e6c511cd2b560d8,chalm,1000,820.5587999982527,14.943899994250387,300.5751999953645,1136.0778999878676,one shared preloaded model
syn-ac20d91143a0590b,chalm,1000,847.9902999970363,14.467799999692943,298.14259999693604,1160.6006999936653,one shared preloaded model
syn-0efffe40eebe4463,chalm,1000,811.1204000015277,14.989199997216929,301.4677999963169,1127.5773999950616,one shared preloaded model
syn-b83885bc9e64ce19,chalm,1000,757.6305000038701,14.723200001753867,205.79830000497168,978.1520000105957,one shared preloaded model
syn-ee19c3767fd74bed,chalm,1000,744.4580000010319,14.651400000730064,302.7485999991768,1061.8580000009388,one shared preloaded model
syn-7c2d788567f6ca4c,chalm,1000,850.9070000000065,10.401799998362549,152.4141000045347,1013.7229000029038,one shared preloaded model
syn-3a8019f3d5dc68c0,chalm,1000,747.2882000001846,15.246799994201865,312.82840000494616,1075.3633999993326,one shared preloaded model
syn-e8c65398929f4acf,chalm,1000,770.3632999982801,10.530999999900814,535.3076999963378,1316.2019999945187,one shared preloaded model
syn-3f66ed559cedc115,chalm,1000,816.5968000030261,14.663699999800883,198.4950999976718,1029.7556000004988,one shared preloaded model
syn-12ccf1fda7a5ba55,chalm,1000,849.9538999967626,14.386099996045232,322.5246000001789,1186.8645999929868,one shared preloaded model
syn-a12f2b7d49824e38,chalm,1000,828.0924999999115,14.74199999938719,321.39879999886034,1164.233299998159,one shared preloaded model
syn-391e97cd74ab7f0a,chalm,1000,740.105400000175,10.244899996905588,293.95620000286726,1044.3064999999478,one shared preloaded model
syn-e720b237f4f6f0d3,chalm,1000,597.7405999947223,8.988600005977787,268.63589999993565,875.3651000006357,one shared preloaded model
syn-8de662f9190a975f,chalm,1000,730.3520999994362,14.582499999960419,225.63649999938207,970.5710999987787,one shared preloaded model
syn-887cf2e03d326777,chalm,1000,641.07719999447,10.38949999929173,333.69349999702536,985.1601999907871,one shared preloaded model
syn-89035a06fe530ebf,chalm,1000,764.5762000029208,14.697700004035141,113.66350000025705,892.937400007213,one shared preloaded model
syn-cb5f2c3f5795cde4,chalm,1000,839.6006999973906,15.732699997897726,324.8786999974982,1180.2120999927865,one shared preloaded model
syn-81dc91cf54ed73d1,chalm,1000,652.5603999980376,14.6110999994562,540.9960999968462,1208.16759999434,one shared preloaded model
syn-72347d36c62375b2,chalm,1000,832.7122999980929,14.710800001921598,332.99580000311835,1180.4189000031329,one shared preloaded model
syn-4bae06c6c4fc1f14,chalm,1000,568.9988000012818,11.607400003413204,329.78250000451226,910.3887000092072,one shared preloaded model
syn-45a3475be0025375,chalm,1000,833.3498000065447,10.604199997032993,300.8988000001409,1144.8528000037186,one shared preloaded model
syn-c5a53c1e41ca2f77,chalm,1000,735.8247999945888,14.63789999979781,324.9961000037729,1075.4587999981595,one shared preloaded model
syn-f6773edb4955f847,chalm,1000,565.7613000003039,10.008499994000886,271.89009999710834,847.6598999914131,one shared preloaded model
syn-58b316290cd24af7,chalm,1000,835.8184000026085,14.471800001047086,214.6850000062841,1064.9752000099397,one shared preloaded model
syn-d48e529b99148b62,chalm,1000,707.8165999992052,10.603200003970414,263.20449999911943,981.6243000022951,one shared preloaded model
syn-c59f2789c582ce72,chalm,1000,582.1079000015743,10.484999998880085,103.27580000011949,695.8687000005739,one shared preloaded model
syn-439f1c31894cda85,chalm,1000,627.82629999856,15.07129999663448,746.5450000017881,1389.4425999969826,one shared preloaded model
syn-bc315d39ab7b8d07,chalm,1000,801.3506999996025,14.660799999546725,630.0654000006034,1446.0768999997526,one shared preloaded model
syn-ff528767efd5ed85,chalm,1000,614.9262000035378,14.702599997690413,323.2835000017076,952.9123000029358,one shared preloaded model
syn-65c7958efb0596b8,chalm,1000,713.1867999996757,10.267700003169011,291.705900002853,1015.1604000056977,one shared preloaded model
syn-54f9c57cabda9bb7,chalm,1000,736.1547999971663,155.07980000256794,340.3180000022985,1231.5526000020327,one shared preloaded model
syn-b667d2c320a8600f,chalm,1000,824.308099996415,14.830200001597404,302.44890000176383,1141.5871999997762,one shared preloaded model
syn-a179f0ac6d5bd80b,chalm,1000,578.6840000000666,10.223599994787946,264.4379999983357,853.3455999931903,one shared preloaded model
syn-0837b68c448c02ef,chalm,1000,855.3991000007954,15.052000002469867,227.46409999672323,1097.9151999999885,one shared preloaded model
syn-4cb03cf39f71f86d,chalm,1000,719.9306000038632,14.203700004145503,320.9244000026956,1055.0587000107043,one shared preloaded model
syn-81ff57e4c3f23708,chalm,1000,696.1976000020513,14.667400006146636,148.55199999874458,859.4170000069425,one shared preloaded model
syn-d4eee0faf98bee16,chalm,1000,676.7093999951612,10.9842000019853,267.7713000011863,955.4648999983328,one shared preloaded model
syn-8ccf977ded1bf95e,chalm,1000,776.0140000027604,14.825499994913116,551.8491999973776,1342.6886999950511,one shared preloaded model
syn-aa50f0aa293375df,chalm,1000,793.4811000013724,14.530000000377186,268.77260000037495,1076.7837000021245,one shared preloaded model
syn-3024acb3548890e1,chalm,1000,750.2209000012954,14.353099999425467,240.76150000473717,1005.335500005458,one shared preloaded model
syn-466bce93c4ee97a9,chalm,1000,586.1026999991736,14.780700003029779,335.1607000004151,936.0441000026185,one shared preloaded model
syn-ea86488068c8be5d,chalm,1000,616.1245000039344,10.082500004500616,234.80500000005122,861.0120000084862,one shared preloaded model
syn-c93a303ba2cb0a5e,chalm,1000,634.2631000006804,10.831699997652322,279.2881999994279,924.3829999977606,one shared preloaded model
syn-39bd187f8d495145,chalm,1000,845.9645999973873,14.499299999442883,184.23559999791905,1044.6994999947492,one shared preloaded model
syn-eacb4ffcbb2d86d7,chalm,1000,822.8168999994523,15.453699998033699,367.9217999961111,1206.192399993597,one shared preloaded model
syn-5b845e0d83ffe943,chalm,1000,868.0667000007816,10.519899995415471,108.53029999998398,987.116899996181,one shared preloaded model
syn-67da6153707a7cf3,chalm,1000,590.8393999998225,10.607600001094397,798.3367999986513,1399.7837999995681,one shared preloaded model
syn-208a5f0e612e75dc,chalm,1000,690.7005999964895,14.820699994743336,358.3310000030906,1063.8522999943234,one shared preloaded model
syn-3f0a998814cff481,chalm,1000,893.9412999970955,14.730700000654906,267.57530000031693,1176.2472999980673,one shared preloaded model
syn-bbf2766c5553d357,chalm,1000,743.9939000032609,14.566099998774007,280.553399999917,1039.113400001952,one shared preloaded model
syn-28c5f4952dec1158,chalm,1000,797.9563000044436,14.601000002585351,329.9780000015744,1142.5353000086034,one shared preloaded model
syn-f0710eb347d7f49f,chalm,1000,705.5972000016482,14.900699999998324,269.9974999995902,990.4954000012367,one shared preloaded model
syn-fae97a6c6007ca4b,chalm,1000,714.6632000003592,10.467899999639485,269.3799000044237,994.5110000044224,one shared preloaded model
syn-26da2551ebdb99b0,chalm,1000,665.8207000000402,10.107099995366298,288.80349999963073,964.7312999950373,one shared preloaded model
syn-d6a3c849308efc93,chalm,1000,835.6583999993745,14.677599996502977,356.5851999956067,1206.9211999914842,one shared preloaded model
syn-5e831158aecf073c,chalm,1000,808.4575000029872,11.012799994205125,104.76769999513635,924.2379999923287,one shared preloaded model
syn-0df1020fb1cfac7b,chalm,1000,686.9502000045031,11.48290000128327,368.1758999955491,1066.6090000013355,one shared preloaded model
syn-14895e28ff83d627,chalm,1000,771.9671999948332,14.611899998271838,524.2242000022088,1310.8032999953139,one shared preloaded model
syn-280893883faff475,chalm,1000,797.2721999976784,14.461999999184627,322.6624999952037,1134.3966999920667,one shared preloaded model
syn-64c9f4524a637e29,chalm,1000,825.0459999981103,14.822099998127669,332.24320000590524,1172.1113000021433,one shared preloaded model
syn-a059274c871b0476,chalm,1000,663.4197999956086,10.543300006247591,295.60249999485677,969.565599996713,one shared preloaded model
syn-62d3ee9ce3d7c7ac,chalm,1000,695.0007999985246,14.614300001994707,329.90760000393493,1039.5227000044542,one shared preloaded model
syn-a3ab9227eebf5a53,chalm,1000,845.8972000007634,14.798800002608914,167.99189999437658,1028.687899997749,one shared preloaded model
syn-eae30fdc794e4b34,chalm,1000,809.8632999972324,10.6071999980486,228.4079000019119,1048.878399997193,one shared preloaded model
syn-48ca6ad89fc59895,chalm,1000,795.4956000030506,14.916199994331691,338.774600000761,1149.1863999981433,one shared preloaded model
syn-500f7069b993394b,chalm,1000,692.4834000019473,9.137400003965013,137.02780000312487,838.6486000090372,one shared preloaded model
syn-9b96067dc9ef5446,chalm,1000,800.831400003517,15.877199999522418,264.7088000012445,1081.417400004284,one shared preloaded model
syn-7a3b2bb542adde01,chalm,1000,824.7896000029868,11.060299999371637,559.0601000003517,1394.9100000027101,one shared preloaded model
syn-f7c0ebbe60722761,chalm,1000,792.0794000019669,10.14240000222344,254.364300002635,1056.5861000068253,one shared preloaded model
syn-dac579b4ce47aca7,chalm,1000,831.020500001614,14.356699997733813,339.99539999786066,1185.3725999972085,one shared preloaded model
syn-bcbefb9be90d6a25,chalm,1000,852.2986000025412,14.626299998781178,356.60050000296906,1223.5254000042914,one shared preloaded model
syn-2695661d1bea2959,chalm,1000,599.3015999993077,9.130299993557855,335.9937999994145,944.42569999228,one shared preloaded model
syn-1b898866130111e0,chalm,1000,639.2942000020412,14.88940000126604,319.7701000026427,973.9537000059499,one shared preloaded model
syn-1a1996e4100eeaad,chalm,1000,676.8863999968744,14.745600004971493,228.00180000194814,919.633800003794,one shared preloaded model
syn-8d77e003873ed40a,chalm,1000,852.6309000008041,14.946199997211806,318.480299996736,1186.057399994752,one shared preloaded model
syn-cdc296dc9c776cdb,chalm,1000,583.9458999980707,10.736199998063967,103.14179999841144,697.8238999945461,one shared preloaded model
syn-8327f78363600d81,chalm,1000,679.7701999967103,11.249499999394175,232.6771000007284,923.6967999968329,one shared preloaded model
syn-5e6ee2f73290048f,chalm,1000,655.2192000017385,8.65479999629315,323.3412999979919,987.2152999960235,one shared preloaded model
syn-23e8742860b2a62a,chalm,1000,832.2944000028656,14.631799997005146,346.3147000002209,1193.2409000000916,one shared preloaded model
syn-f04d6c7f370e4a29,chalm,1000,686.201999997138,13.274400000227615,290.88149999734014,990.3578999947058,one shared preloaded model
syn-b80b2e97a4db7a97,chalm,1000,779.0559999994002,10.31420000072103,296.06110000167973,1085.431300001801,one shared preloaded model
syn-ba2a7ef9baa4b877,chalm,1000,797.7743999945233,14.537900002324022,363.46409999532625,1175.7763999921735,one shared preloaded model
syn-71222cfc29e9341b,chalm,1000,811.9187000047532,10.627999996358994,238.7760000056005,1061.3227000067127,one shared preloaded model
syn-c28e151e0a17cca4,chalm,1000,689.8471000022255,14.634500003012363,358.5464999996475,1063.0281000048853,one shared preloaded model
syn-f146e261fff2b363,chalm,1000,668.3508000060101,10.379999999713618,156.43350000027567,835.1643000059994,one shared preloaded model
syn-bcc90fb9386303b5,chalm,1000,777.7719000005163,14.570600003935397,158.8763999970979,951.2189000015496,one shared preloaded model
syn-543acec00104d069,chalm,1000,598.6504000029527,10.55629999609664,312.33480000082636,921.5414999998757,one shared preloaded model
syn-a777a0449ca3fb5f,chalm,1000,768.8247000041883,14.852000000246335,453.4708000064711,1237.1475000109058,one shared preloaded model
syn-c06a91abc63c98c7,chalm,1000,695.9296999993967,14.958500003558584,188.57340000249678,899.461600005452,one shared preloaded model
syn-b99931850336a20f,chalm,1000,630.4670000026817,10.286100005032495,232.8406000015093,873.5937000092235,one shared preloaded model
syn-59385e24e872000c,chalm,1000,859.8951000021771,10.491399996681139,291.7906000002404,1162.1770999990986,one shared preloaded model
syn-0892a57b654e40e8,chalm,1000,820.1966999986325,14.896199994836934,268.1483999986085,1103.241299992078,one shared preloaded model
syn-fb34245e0892cc7a,chalm,1000,766.0199999954784,15.363200000138022,329.01209999545245,1110.395299991069,one shared preloaded model
syn-b08ae709b1c9d822,chalm,1000,837.4901999995927,14.522299999953248,227.6724999974249,1079.6849999969709,one shared preloaded model
syn-e2db30e7d5c4dde6,chalm,1000,721.8533000050229,10.53459999820916,314.9993999977596,1047.3873000009917,one shared preloaded model
syn-dd60639750ea62b4,chalm,1000,740.7674999994924,10.508399995160289,104.00850000587525,855.284400000528,one shared preloaded model
syn-cbaa4569873ac834,chalm,1000,749.7397999977693,15.207600001303945,770.0056999965454,1534.9530999956187,one shared preloaded model
syn-520903a645d5ecfb,chalm,1000,826.3016000055359,14.591400002245791,509.3035999962012,1350.196600003983,one shared preloaded model
syn-5e9fd87a5016cddd,chalm,1000,759.2210000002524,9.04620000073919,236.33909999625757,1004.6062999972492,one shared preloaded model
syn-f1b52658363e3b92,chalm,1000,766.734800003178,14.469499998085666,296.4633000010508,1077.6676000023144,one shared preloaded model
syn-18b9d6ac9e7049fb,chalm,1000,761.5184999958728,14.748599998711143,266.127900002175,1042.394999996759,one shared preloaded model
syn-008384cdd30eea44,chalm,1000,771.4039999991655,14.686300004541408,351.4004000026034,1137.4907000063104,one shared preloaded model
syn-ab404be3043d317f,chalm,1000,784.3047000060324,9.055299997271504,262.65490000514546,1056.0149000084493,one shared preloaded model
syn-172454acf1cf66e2,chalm,1000,665.6819000054384,14.465799999015871,157.70029999839608,837.8480000028503,one shared preloaded model
syn-27d81a44d9d7eb1d,chalm,1000,749.5968000002904,10.36980000208132,345.6533999997191,1105.6200000020908,one shared preloaded model
syn-d07f7ebc6d1de23b,chalm,1000,727.9390000039712,15.435499997693114,156.45490000315476,899.829400004819,one shared preloaded model
syn-a2663843442b6cc3,chalm,1000,671.9404000032227,15.287800000805873,784.2757000034908,1471.5039000075194,one shared preloaded model
syn-1cdee48c3989dff6,chalm,1000,700.7448999938788,10.366499998781364,427.70430000382476,1138.815699996485,one shared preloaded model
syn-c3e03635fe54efbb,chalm,1000,715.6140999941272,14.612000006309245,306.7799000054947,1037.0060000059311,one shared preloaded model
syn-f145453cd704f938,chalm,1000,671.3252000045031,14.434099997743033,326.7799999957788,1012.539299998025,one shared preloaded model
syn-19a39e333ceb7176,chalm,1000,802.7423999956227,13.470400001097005,333.05319999635685,1149.2659999930765,one shared preloaded model
syn-b2af4633bfb40235,chalm,1000,899.9488999979803,14.582900003006216,331.5424999964307,1246.0742999974173,one shared preloaded model
syn-2c55a3011f2a0d9a,chalm,1000,715.7769999976153,14.76109999930486,302.920100002666,1033.4581999995862,one shared preloaded model
syn-01c5f8e95e41a7a5,chalm,1000,617.1060000051511,14.645600000221748,234.20289999921806,865.954500004591,one shared preloaded model
syn-791e007bcf48f98c,chalm,1000,588.6499999978696,9.994000000006054,350.0105999992229,948.6545999970986,one shared preloaded model
syn-259b9d737befeb57,chalm,1000,720.4138999950374,15.449900005478412,144.51479999843286,880.3785999989486,one shared preloaded model
syn-54b5a6194fc6fd8e,chalm,1000,658.7190999998711,15.130000007047784,287.53560000041034,961.3847000073292,one shared preloaded model
syn-8f4277d9948d448f,chalm,1000,777.6692999977968,10.330400000384543,547.162599999865,1335.1622999980464,one shared preloaded model
syn-e049688b82633c17,chalm,1000,693.9561999970465,14.86309999745572,314.9946999983513,1023.8139999928535,one shared preloaded model
syn-50f7efbbd3b49e8b,chalm,1000,717.2385000012582,14.734399999724701,301.156000001356,1033.128900002339,one shared preloaded model
syn-99e12498445b1b0e,chalm,1000,597.9146000026958,14.072599995415658,327.642600001127,939.6297999992385,one shared preloaded model
syn-4af231d1b0ca07c3,chalm,1000,869.5701999968151,14.45899999816902,317.81020000198623,1201.8393999969703,one shared preloaded model
syn-cf0443c64c602685,chalm,1000,857.4009000003571,10.358999999880325,296.3865999990958,1164.1464999993332,one shared preloaded model
syn-0aa6427cb87ebeec,chalm,1000,590.8541000026162,14.597800000046846,178.6987000014051,784.1506000040681,one shared preloaded model
syn-64d492d82aa73da9,chalm,1000,823.8057999988087,15.08789999934379,326.3230999946245,1165.216799992777,one shared preloaded model
syn-a88929ba4de8e497,chalm,1000,842.0610999964993,10.201099998084828,100.6314000042039,952.893599998788,one shared preloaded model
syn-82a7fca2c31d20c0,chalm,1000,665.4651999997441,14.92080000025453,314.64869999763323,995.0346999976318,one shared preloaded model
syn-9c7c1e30084b964c,chalm,1000,775.7367999947746,10.37709999945946,526.9369000016013,1313.0507999958354,one shared preloaded model
syn-2ca355b2ac8634a8,chalm,1000,885.3579999995418,14.74910000251839,299.4313000017428,1199.538400003803,one shared preloaded model
syn-aa93861de0aaf495,chalm,5000,4079.0603999994346,10.340699998778291,357.1224999977858,4446.523599995999,one shared preloaded model
syn-1992f86a3e86fc6a,chalm,5000,3650.9186000039335,14.99389999662526,324.50179999432294,3990.4142999948817,one shared preloaded model
syn-04083234f85709e1,chalm,5000,3941.3544999988517,14.798100004554726,299.5264000055613,4255.679000008968,one shared preloaded model
syn-cb01db0eb7a2edd2,chalm,5000,3508.5414000059245,10.415199998533353,275.1194999946165,3794.0760999990744,one shared preloaded model
syn-621d2f30954c345e,chalm,5000,3979.982299999392,14.711800002260134,218.07230000558775,4212.76640000724,one shared preloaded model
syn-283fe4a44583ec8e,chalm,5000,3744.461800000863,10.668300004908815,316.47499999962747,4071.6051000053994,one shared preloaded model
syn-e1d8ea4b52f7b86c,chalm,5000,3415.4875000022002,10.69390000338899,104.08569999708561,3530.267100002675,one shared preloaded model
syn-b277d625d17584f5,chalm,5000,3777.392800002417,12.84960000339197,301.3197000036598,4091.562100009469,one shared preloaded model
syn-feae35cacba6a43a,chalm,5000,3812.4514000010095,14.707700000144541,489.70709999412065,4316.866199995275,one shared preloaded model
syn-1c7e5d6f21986a25,chalm,5000,3766.96069999889,15.111000000615604,284.19480000593467,4066.2665000054403,one shared preloaded model
syn-834533c926250190,chalm,5000,3536.111899993557,14.513599999190774,298.9316000021063,3849.557099994854,one shared preloaded model
syn-0a63273f5477a591,chalm,5000,3566.064800004824,14.915799998561852,326.465800004371,3907.446400007757,one shared preloaded model
syn-52610bf62333d9cb,chalm,5000,3316.0933000035584,10.59730000270065,323.5917999991216,3650.2824000053806,one shared preloaded model
syn-821964f5a271aa9e,chalm,5000,3417.627900002117,14.841100004559848,271.7061000003014,3704.175100006978,one shared preloaded model
syn-084b033a28301180,chalm,5000,3259.016399999382,10.654700003215112,415.5694999935804,3685.2405999961775,one shared preloaded model
syn-bb91366853342eae,chalm,5000,3563.157799995679,10.47149999794783,261.05939999979455,3834.6886999934213,one shared preloaded model
syn-c70d6c456e1f3caf,chalm,5000,3878.097799999523,14.808899999479763,143.30660000268836,4036.213300001691,one shared preloaded model
syn-4b7b4e4e7cda9cdd,chalm,5000,3745.8986999990884,15.656299998227041,325.6104000029154,4087.165400000231,one shared preloaded model
syn-05a3818e49a3d01c,chalm,5000,3595.892300007108,13.835199999448378,284.50100000191014,3894.2285000084667,one shared preloaded model
syn-45a189501aa64aff,chalm,5000,3548.588600002404,14.8920999999973,284.122799996112,3847.603499998513,one shared preloaded model
syn-8e55dab6334193ac,chalm,5000,3553.5707999952137,14.605399999709334,308.18469999940135,3876.3608999943244,one shared preloaded model
syn-7078daef9fc885d5,chalm,5000,3700.8648999981233,14.785500003199559,339.077399999951,4054.727800001274,one shared preloaded model
syn-30a8cdce438a3478,chalm,5000,3438.103599997703,14.70800000242889,340.6369000003906,3793.4485000005225,one shared preloaded model
syn-c8ec446f9f1407cc,chalm,5000,3768.995400001586,9.817499994824175,313.0001999961678,4091.813099992578,one shared preloaded model
syn-1eea891acae77cae,chalm,5000,3853.9899999959744,14.610400001402013,341.819300003408,4210.419700000784,one shared preloaded model
syn-41f888c23d96d157,chalm,5000,4101.846799996565,14.833200002613012,353.5258999982034,4470.2058999973815,one shared preloaded model
syn-f845857e039afa6c,chalm,5000,3674.138499998662,15.83309999841731,162.87419999571284,3852.8457999927923,one shared preloaded model
syn-ac6dfe3b37e5a013,chalm,5000,3478.552900000068,15.44830000057118,279.9304999934975,3773.9316999941366,one shared preloaded model
syn-15dd01e778ff5a78,chalm,5000,3728.542999997444,10.423899999295827,238.68260000017472,3977.6494999969145,one shared preloaded model
syn-87378b8e75e2dd6a,chalm,5000,3751.4118000035523,16.58529999986058,317.46189999830676,4085.4590000017197,one shared preloaded model
syn-061b3d97b8960738,chalm,5000,3919.5735000030254,9.855500000412576,300.16169999726117,4229.590700000699,one shared preloaded model
syn-490b8d010f4490c5,chalm,5000,3768.1403000024147,14.92839999991702,299.35719999775756,4082.4259000000893,one shared preloaded model
syn-fe76d6c8fe9751ff,chalm,5000,3391.270000000077,10.52969999727793,266.9014000057359,3668.7011000030907,one shared preloaded model
syn-00a89a4a45a4d877,chalm,5000,3631.132800001069,10.53680000040913,282.0326000000932,3923.7022000015713,one shared preloaded model
syn-4732a0f163a6f5e5,chalm,5000,3614.3341999995755,14.63329999387497,230.79719999805093,3859.7646999915014,one shared preloaded model
syn-81ea53ade157ad42,chalm,5000,3539.031599997543,15.045700005430263,324.52529999864055,3878.6026000016136,one shared preloaded model
syn-3a0dace1bee727c3,chalm,5000,3662.524500003201,14.893799998390023,155.77269999630516,3833.190999997896,one shared preloaded model
syn-3d3cb10c80061638,chalm,5000,3837.8252999973483,11.429199999838602,772.1896999937599,4621.444199990947,one shared preloaded model
syn-2a09864e418663ff,chalm,5000,3491.3920999970287,14.795800001593307,600.0157999951625,4106.2036999937845,one shared preloaded model
syn-ec6ef79969cd8dc7,chalm,5000,3929.5531999960076,9.132400002272334,162.58899999957066,4101.274599997851,one shared preloaded model
syn-f77621b915dd593f,chalm,5000,4056.186900001194,10.303299997758586,264.35870000568684,4330.848900004639,one shared preloaded model
syn-151c38901bd6a67f,chalm,5000,4040.0606999974116,14.825900005234871,330.2435000005062,4385.130100003153,one shared preloaded model
syn-db951997c8dd6571,chalm,5000,4069.780099998752,14.859499999147374,337.0641000001342,4421.703699998034,one shared preloaded model
syn-8b89503a51b386ea,chalm,5000,3490.2222999953665,14.947099996788893,254.5204999987618,3759.689899990917,one shared preloaded model
syn-63205549e97719a8,chalm,5000,3723.0385999937425,14.77829999930691,324.3146999957389,4062.1315999887884,one shared preloaded model
syn-c748ba52ac994805,chalm,5000,3424.596900003962,14.88680000329623,348.58750000421423,3788.0712000114727,one shared preloaded model
syn-905cd0149f85c44d,chalm,5000,3307.1323999974993,9.213500001351349,110.17119999451097,3426.5170999933616,one shared preloaded model
syn-c1e6d9a8d1426ccd,chalm,5000,3766.57370000612,15.59320000524167,302.57130000245525,4084.738200013817,one shared preloaded model
syn-5a60149bb7d0d331,chalm,5000,3745.2415999941877,14.825899997958913,758.3883000042988,4518.455799996445,one shared preloaded model
syn-085b48c1c01765d8,chalm,5000,3919.4855999958236,13.94810000056168,282.84870000061346,4216.282399996999,one shared preloaded model
syn-983ee8cd7cfab2b2,chalm,5000,3878.2193000006373,14.866199999232776,264.11910000024363,4157.204600000114,one shared preloaded model
syn-62914c9ecfadb05c,chalm,5000,3795.9317000058945,10.423300002003089,311.19110000145156,4117.546100009349,one shared preloaded model
syn-d33602a2444f791a,chalm,5000,3791.8426000032923,10.443600003782194,313.97110000398243,4116.257300011057,one shared preloaded model
syn-84c0416f23825ae8,chalm,5000,3621.229400006996,14.915699997800402,287.6916000022902,3923.8367000070866,one shared preloaded model
syn-91feb287d382e59b,chalm,5000,3619.292499999574,14.793300004384946,212.25490000506397,3846.340700009023,one shared preloaded model
syn-0238640a9f4d82ca,chalm,5000,3368.1767000016407,9.243200001947116,338.9162000021315,3716.3361000057193,one shared preloaded model
syn-63b0f61512efcc7b,chalm,5000,3796.588500001235,15.129200000956189,156.87890000117477,3968.596600003366,one shared preloaded model
syn-7b60a34c510e7d77,chalm,5000,3390.631800000847,15.537200000835583,290.81139999470906,3696.9803999963915,one shared preloaded model
syn-aef5fcb957e2b2ae,chalm,5000,3852.7233000058914,10.945999994874,295.8677000060561,4159.5370000068215,one shared preloaded model
syn-89e193275b5f85b9,chalm,5000,3812.3910000067553,14.7106000003987,303.8703999991412,4130.972000006295,one shared preloaded model
syn-723cfc0a3cdbbe70,chalm,5000,3536.066099994059,12.92749999993248,303.5725000008824,3852.566099994874,one shared preloaded model
syn-b497e7cf4d12d853,chalm,5000,3679.5452000005753,10.16679999884218,321.7432000019471,4011.4552000013646,one shared preloaded model
syn-cab61fd9ea43be50,chalm,5000,3657.2454999986803,14.740999999048654,305.99350000557024,3977.980000003299,one shared preloaded model
syn-d2adedac796b42a4,chalm,5000,3495.0781000006828,14.762699996936135,306.24539999553235,3816.0861999931512,one shared preloaded model
syn-81c6eeb87fa8b65a,chalm,5000,3742.387399994186,14.728200003446545,228.20130000036443,3985.316899997997,one shared preloaded model
syn-a34560479904d293,chalm,5000,3725.6339000014123,14.899699999659788,353.26850000274135,4093.8021000038134,one shared preloaded model
syn-175fb0b9c9912f1d,chalm,5000,4108.413000001747,13.859500002581626,159.32230000180425,4281.594800006133,one shared preloaded model
syn-da09d28e9f3d5d8d,chalm,5000,3810.086699995736,10.72320000093896,762.7546000003349,4583.56449999701,one shared preloaded model
syn-ba4fd9131d17eb5c,chalm,5000,3535.4380999997375,14.777399999729823,329.9038999975892,3880.1193999970565,one shared preloaded model
syn-68ead23b13d3ca2c,chalm,5000,3766.707499999029,14.727199995832052,315.62039999698754,4097.055099991849,one shared preloaded model
syn-6e554c5058644670,chalm,5000,3591.7659000042477,14.70569999946747,321.35030000063125,3927.8219000043464,one shared preloaded model
syn-25700fcf3ed93c36,chalm,5000,3511.7829000009806,15.07599999604281,301.13220000203,3827.9910999990534,one shared preloaded model
syn-a5ee09e7314def43,chalm,5000,3723.5559999971883,14.644399998360313,297.7528000046732,4035.953200000222,one shared preloaded model
syn-2b6abd30a60a5e04,chalm,5000,3711.036900000181,14.413500000955537,324.10470000468194,4049.5551000058185,one shared preloaded model
syn-8dfeb642ddbee07c,chalm,5000,3816.7285000017728,15.040500002214685,306.03039999550674,4137.799399999494,one shared preloaded model
syn-eb06dec63064b043,chalm,5000,3347.458699994604,10.58280000142986,296.1819000047399,3654.223400000774,one shared preloaded model
syn-0488d9fbd767427e,chalm,5000,3952.1352000010666,14.764300001843367,119.0511000022525,4085.9506000051624,one shared preloaded model
syn-ed2d05fab8ac8fe4,chalm,5000,3680.8973999941372,15.559100000245962,279.2632999990019,3975.719799993385,one shared preloaded model
syn-8f9f957317f7d25c,chalm,5000,3762.3763000010513,14.676999999210238,226.49079999973765,4003.544099999999,one shared preloaded model
syn-501740773c0e41a8,chalm,5000,3766.0500000056345,14.800999997532926,324.9511999965762,4105.802199999744,one shared preloaded model
syn-7e7b412841f6c1f7,chalm,5000,3763.081400000374,14.801100005570333,327.5169999978971,4105.399500003841,one shared preloaded model
syn-2318f08daa17b1d9,chalm,5000,3495.2584999991814,14.96690000203671,268.47260000067763,3778.6980000018957,one shared preloaded model
syn-444440373a79774e,chalm,5000,3790.123600003426,10.322000001906417,279.0087000030326,4079.454300008365,one shared preloaded model
syn-c09d16bc1d1a2e55,chalm,5000,3734.4767000031425,10.583600000245497,286.6014999963227,4031.6617999997106,one shared preloaded model
syn-41397c03bd43fa20,chalm,5000,3570.790500001749,10.738800003309734,163.34420000202954,3744.8735000070883,one shared preloaded model
syn-2f881f63e4a9ee5b,chalm,5000,3548.8595999995596,15.08779999858234,288.8422999967588,3852.7896999949007,one shared preloaded model
syn-5f5e815c982ee27e,chalm,5000,3811.342799999693,15.008599999418948,160.37040000082925,3986.721799999941,one shared preloaded model
syn-9d71ed841863197e,chalm,5000,3793.5285000057775,15.280999999959022,305.11969999497524,4113.929200000712,one shared preloaded model
syn-7fdfd00ab52cb0a4,chalm,5000,3941.2042000039946,15.407600003527477,327.6278000048478,4284.23960001237,one shared preloaded model
syn-ad6a49391bbc7ec8,chalm,5000,3828.7299999938114,11.045699997339398,482.534000002488,4322.309699993639,one shared preloaded model
syn-1b1c065cb1f625b9,chalm,5000,4108.711100001528,14.7928000005777,328.2598000005237,4451.76370000263,one shared preloaded model
syn-b6a49a33030fa3f8,chalm,5000,3742.3369999960414,15.071100002387539,275.2189000020735,4032.6270000005024,one shared preloaded model
syn-a8d2f52e7f079d88,chalm,5000,4169.765300001018,9.920900003635325,340.4298000023118,4520.116000006965,one shared preloaded model
syn-4c3b3bb15e85d708,chalm,5000,4083.808900002623,10.839500006113667,330.67389999632724,4425.322300005064,one shared preloaded model
syn-5711ba27a03e1d37,chalm,5000,4155.6606000012835,14.618900000641588,215.5239999992773,4385.803500001202,one shared preloaded model
syn-0524cfaed31c16ea,chalm,5000,3356.0866999978316,14.825699996436015,372.36619999748655,3743.278599991754,one shared preloaded model
syn-e15762ae99c08a2e,chalm,5000,3479.859500002931,14.94059999822639,145.20600000105333,3640.0061000022106,one shared preloaded model
syn-d1c2ea5489a8c93f,chalm,5000,3689.7060999981477,15.648500004317611,267.7261000062572,3973.0807000087225,one shared preloaded model
syn-fecb508b9a8cd0d7,chalm,5000,3321.6444999998203,14.783999999053776,325.22160000371514,3661.650100002589,one shared preloaded model
syn-c3610b2dfdf17488,chalm,5000,4043.707800003176,14.921999994840007,290.4657999970368,4349.095599995053,one shared preloaded model
syn-d387b7117ab37cfe,chalm,5000,3712.591900002735,11.021899998013396,334.3661999970209,4057.9799999977695,one shared preloaded model
syn-8d9d118f41b1a227,chalm,5000,3624.6671000044444,14.882199997373391,327.36569999542553,3966.9149999972433,one shared preloaded model
syn-ff0767eb4ac46b9f,chalm,5000,3402.4099000016577,12.434800002665725,334.56999999907566,3749.414700003399,one shared preloaded model
syn-1d16ca78cf5f285e,chalm,5000,3523.735900002066,10.601699999824632,265.83969999774126,3800.177299999632,one shared preloaded model
syn-9195cade3f4252b5,chalm,5000,3674.5376999970176,10.47909999761032,159.66109999862965,3844.6778999932576,one shared preloaded model
syn-359afa05afb48b2c,chalm,5000,3742.55109999649,15.117399998416658,347.71829999954207,4105.386799994449,one shared preloaded model
syn-6b61ed0aca632b5c,chalm,5000,3661.595600002329,14.983399996708613,157.73410000110744,3834.313100000145,one shared preloaded model
syn-0adb661c494753d6,chalm,5000,3830.9586999966996,16.726599998946767,354.43690000101924,4202.122199996666,one shared preloaded model
syn-6927e3c74ff525fb,chalm,5000,3813.1127999949967,15.258799998264294,196.22489999892423,4024.5964999921853,one shared preloaded model
syn-0a18b81ca32a8ca7,chalm,5000,3578.652100004547,10.637999999744352,346.09119999367977,3935.381299997971,one shared preloaded model
syn-0c1d110466abf51c,chalm,5000,3363.7020000023767,10.424300002341624,298.0939999979455,3672.220300002664,one shared preloaded model
syn-97d2d586514f8cca,chalm,5000,3569.063899994944,14.942100002372172,299.2115000015474,3883.217499998864,one shared preloaded model
syn-6f7e2eb87f7f3302,chalm,5000,3281.2954999972135,11.11730000411626,258.59390000550775,3551.0067000068375,one shared preloaded model
syn-fea661b4b15b0e74,chalm,5000,3657.3447999981,15.016999997897074,276.3039999990724,3948.6657999950694,one shared preloaded model
syn-fe239bde6ca96941,chalm,5000,3813.241099996958,10.765200000605546,160.49539999949047,3984.501699997054,one shared preloaded model
syn-9912a67973413584,chalm,5000,3878.342600000906,15.386500002932735,329.33540000522044,4223.064500009059,one shared preloaded model
syn-196bc61cd9f71b17,chalm,5000,3413.845899995067,14.965499998652376,159.83589999814285,3588.6472999918624,one shared preloaded model
syn-58d280179ba06842,chalm,5000,3613.9828999948804,15.782600006787106,560.7971999997972,4190.562700001465,one shared preloaded model
syn-92401515ca3d9d95,chalm,5000,3618.0930999980774,14.999099999840837,511.38669999636477,4144.478899994283,one shared preloaded model
syn-346cd6a91974029e,chalm,5000,3759.7815999979503,14.856500005407725,260.9757999962312,4035.613899999589,one shared preloaded model
syn-d61561dea81b4354,chalm,5000,3462.9179000039585,14.768600005481858,414.88350000145147,3892.570000010892,one shared preloaded model
syn-63ea34aca9f01719,chalm,5000,3508.6844000034034,14.881000002787914,298.66279999987455,3822.228200006066,one shared preloaded model
syn-e84106f112541156,chalm,5000,3578.0073999994784,15.166299999691546,325.64939999429043,3918.8230999934603,one shared preloaded model
syn-6efde579ff231d80,chalm,5000,3635.427499997604,15.16789999732282,330.6707000010647,3981.2660999959917,one shared preloaded model
syn-0d04f3e770c59888,chalm,5000,3851.7341000042506,15.135100002225954,353.349299999536,4220.218500006013,one shared preloaded model
syn-43d0843223dd74b3,chalm,5000,3824.589099996956,15.099600001121871,293.629100000544,4133.317799998622,one shared preloaded model
syn-53cc44bad0b99782,chalm,5000,3905.1765000040177,14.924399998562876,156.19499999593245,4076.295899998513,one shared preloaded model
syn-68d50118e4b184cf,chalm,5000,3530.07030000299,15.429699997184798,330.89340000151424,3876.393400001689,one shared preloaded model
syn-c909e6f301674d74,chalm,5000,3592.372200000682,10.751400004664902,456.3865000018268,4059.5101000071736,one shared preloaded model
syn-b15708cedb31ffb2,chalm,5000,3900.5729999989853,14.847300000838004,313.144600004307,4228.56490000413,one shared preloaded model
syn-beb9b27d8478562e,chalm,5000,3346.2056999997003,15.026500004751142,339.8033999983454,3701.035600002797,one shared preloaded model
syn-a4fa3217b0299eb9,chalm,5000,3648.9770999978646,10.584499999822583,236.5949000013643,3896.1564999990514,one shared preloaded model
syn-5d93fdd68c7b9336,chalm,5000,3773.1898999991245,14.857699999993201,296.86799999763025,4084.915599996748,one shared preloaded model
syn-b4e07914bae9b1c7,chalm,5000,3600.082199998724,14.9332000000868,334.488100001181,3949.5034999999916,one shared preloaded model
syn-a122df2c9c14fdfd,chalm,5000,3912.4359999987064,14.954599995689932,225.9044999955222,4153.2950999899185,one shared preloaded model
syn-1679b733dc99bd02,chalm,5000,3283.259399999224,15.104300000530202,400.9230000010575,3699.286700000812,one shared preloaded model
syn-0644357cd6e5c8fb,chalm,5000,3820.478699999512,14.884299998811912,158.02329999860376,3993.386299996928,one shared preloaded model
syn-01a1d9a589e21fc8,chalm,5000,3446.3990000003832,15.782599999511149,799.6501000015996,4261.831700001494,one shared preloaded model
syn-fe7bdb4996e9bd80,chalm,5000,3777.1630999995978,15.034799995191861,303.1062000009115,4095.304099995701,one shared preloaded model
syn-e7494dd18cf451d4,chalm,5000,4259.579099998518,14.973500001360662,300.15020000428194,4574.702800004161,one shared preloaded model
syn-bcd904aadce2351d,chalm,5000,3952.0034000015585,14.878599999065045,321.4618000056362,4288.34380000626,one shared preloaded model
syn-9490279b808fab68,chalm,5000,3597.8074000013294,10.57349999609869,242.35709999629762,3850.7379999937257,one shared preloaded model
syn-a2c82421fafdb0f4,chalm,5000,3402.846999997564,13.72099999571219,263.93889999599196,3680.5068999892683,one shared preloaded model
syn-36ff68425e3d3176,chalm,5000,3832.780400000047,14.942899993911851,303.2265000001644,4150.949799994123,one shared preloaded model
syn-707216e7a24847b3,chalm,5000,3432.777400004852,10.64339999720687,159.73169999779202,3603.152499999851,one shared preloaded model
syn-c502f85d01f649e4,chalm,5000,3773.0530999979237,15.156200002820697,325.4732000059448,4113.682500006689,one shared preloaded model
syn-939e6166b3b0c850,chalm,5000,3856.7814999987604,15.021499995782506,157.3287999999593,4029.131799994502,one shared preloaded model
syn-34fc56e181bfc98e,chalm,5000,3547.464499999478,10.919699998339638,303.5392999954638,3861.9234999932814,one shared preloaded model
syn-d27aaf9556c73b9d,chalm,5000,3690.846199999214,14.635899999120738,312.7413999973214,4018.2234999956563,one shared preloaded model
syn-99bc78b27a981c11,chalm,5000,3927.6562000013655,10.407600006146822,261.84899999498157,4199.912800002494,one shared preloaded model
