example_id,agent,update_ms,read_ms,generation_ms,end_to_end_ms,model_loading_policy
conv-26-qa-0,centered_zero,3.0735251256460723,25.255499997001607,842.8763000047184,871.205325127366,one shared preloaded model
conv-26-qa-1,centered_zero,3.0735251256460723,16.664300004777033,611.854199996742,631.592025127165,one shared preloaded model
conv-26-qa-2,centered_zero,3.0735251256460723,19.01730000099633,183.31490000127815,205.40572512792056,one shared preloaded model
conv-26-qa-3,centered_zero,3.0735251256460723,18.243600003188476,362.65979999734554,383.9769251261801,one shared preloaded model
conv-26-qa-4,centered_zero,3.0735251256460723,18.285499994817656,250.99430000409484,272.3533251245586,one shared preloaded model
conv-26-qa-5,centered_zero,3.0735251256460723,16.946600000665057,646.9278999938979,666.948025120209,one shared preloaded model
conv-26-qa-6,centered_zero,3.0735251256460723,20.537500000500586,425.77799999708077,449.38902512322744,one shared preloaded model
conv-26-qa-7,centered_zero,3.0735251256460723,15.179100002569612,162.11210000619758,180.36472513441328,one shared preloaded model
conv-26-qa-8,centered_zero,3.0735251256460723,16.177299999981187,273.92649999819696,293.17732512382423,one shared preloaded model
conv-26-qa-9,centered_zero,3.0735251256460723,16.763899999205023,599.3971999996575,619.2346251245085,one shared preloaded model
conv-26-qa-10,centered_zero,3.0735251256460723,18.761999999696855,174.89959999511484,196.73512512045778,one shared preloaded model
conv-26-qa-11,centered_zero,3.0735251256460723,19.030399998882785,277.1171999993385,299.22112512386735,one shared preloaded model
conv-26-qa-12,centered_zero,3.0735251256460723,19.00290000048699,230.7613999946625,252.83782512079557,one shared preloaded model
conv-26-qa-13,centered_zero,3.0735251256460723,20.011800006614067,224.38259999762522,247.46792512988537,one shared preloaded model
conv-26-qa-14,centered_zero,3.0735251256460723,23.143000005802605,290.5211999968742,316.7377251283229,one shared preloaded model
conv-26-qa-15,centered_zero,3.0735251256460723,17.278499995882157,212.1913999944809,232.54342511600913,one shared preloaded model
conv-26-qa-16,centered_zero,3.0735251256460723,20.586300001014024,607.0514999955776,630.7113251222377,one shared preloaded model
conv-26-qa-17,centered_zero,3.0735251256460723,16.825500002596527,610.6701999960933,630.5692251243358,one shared preloaded model
conv-26-qa-18,centered_zero,3.0735251256460723,15.861699997913092,263.03249999909895,281.9677251226581,one shared preloaded model
conv-26-qa-19,centered_zero,3.0735251256460723,12.111600000935141,246.56030000187457,261.7454251284558,one shared preloaded model
conv-26-qa-20,centered_zero,3.0735251256460723,18.139799998607486,618.012799997814,639.2261251220675,one shared preloaded model
conv-26-qa-21,centered_zero,3.0735251256460723,14.804300000832882,579.906499995559,597.7843251220379,one shared preloaded model
conv-26-qa-22,centered_zero,3.0735251256460723,17.909900001541246,281.1583000002429,302.1417251274302,one shared preloaded model
conv-26-qa-23,centered_zero,3.0735251256460723,18.819600001734216,227.04300000623334,248.93612513361364,one shared preloaded model
conv-26-qa-24,centered_zero,3.0735251256460723,18.32839999406133,275.1910000006319,296.5929251203393,one shared preloaded model
conv-26-qa-25,centered_zero,3.0735251256460723,18.827400002919603,661.9982999982312,683.8992251267969,one shared preloaded model
conv-26-qa-26,centered_zero,3.0735251256460723,17.79040000110399,274.6889000045485,295.55282513129856,one shared preloaded model
conv-26-qa-27,centered_zero,3.0735251256460723,20.32350000081351,299.43569999886677,322.83272512532636,one shared preloaded model
conv-26-qa-28,centered_zero,3.0735251256460723,19.648099994810764,422.3666000034427,445.0882251238996,one shared preloaded model
conv-26-qa-29,centered_zero,3.0735251256460723,18.520400000852533,450.9244000000763,472.5183251265749,one shared preloaded model
conv-26-qa-30,centered_zero,3.0735251256460723,18.135000005713664,180.0239000003785,201.23242513173824,one shared preloaded model
conv-26-qa-31,centered_zero,3.0735251256460723,13.726099998166319,650.8265000011306,667.626125124943,one shared preloaded model
conv-26-qa-32,centered_zero,3.0735251256460723,16.15699999820208,541.474500001641,560.7050251254891,one shared preloaded model
conv-26-qa-33,centered_zero,3.0735251256460723,13.724800002819393,439.1786999985925,455.97702512705797,one shared preloaded model
conv-26-qa-34,centered_zero,3.0735251256460723,17.407599996658973,230.19639999984065,250.6775251221457,one shared preloaded model
conv-26-qa-35,centered_zero,3.0735251256460723,18.769599999359343,419.61840000294615,441.4615251279516,one shared preloaded model
conv-26-qa-36,centered_zero,3.0735251256460723,25.374600001669023,449.4144000054803,477.8625251327954,one shared preloaded model
conv-26-qa-37,centered_zero,3.0735251256460723,18.13380000385223,502.86249999771826,524.0698251272165,one shared preloaded model
conv-26-qa-38,centered_zero,3.0735251256460723,14.136599995254073,329.8203000013018,347.03042512220196,one shared preloaded model
conv-26-qa-39,centered_zero,3.0735251256460723,19.87389999703737,775.1659999994445,798.1134251221279,one shared preloaded model
conv-26-qa-40,centered_zero,3.0735251256460723,20.07420000154525,128.61110000085318,151.75882512804452,one shared preloaded model
conv-26-qa-41,centered_zero,3.0735251256460723,18.35399999981746,658.1247000067378,679.5522251322013,one shared preloaded model
conv-26-qa-42,centered_zero,3.0735251256460723,16.846599995915312,183.15330000041286,203.07342512197425,one shared preloaded model
conv-26-qa-43,centered_zero,3.0735251256460723,18.330400002014358,231.15099999995437,252.5549251276148,one shared preloaded model
conv-26-qa-44,centered_zero,3.0735251256460723,19.333399999595713,420.52299999340903,442.92992511865083,one shared preloaded model
conv-26-qa-45,centered_zero,3.0735251256460723,21.868499999982305,437.51569999585627,462.45772512148466,one shared preloaded model
conv-26-qa-46,centered_zero,3.0735251256460723,19.152399996528402,231.42920000100276,253.65512512317724,one shared preloaded model
conv-26-qa-47,centered_zero,3.0735251256460723,15.198400004010182,178.62190000596456,196.89382513562083,one shared preloaded model
conv-26-qa-48,centered_zero,3.0735251256460723,14.401499996893108,453.9010000007693,471.37602512330847,one shared preloaded model
conv-26-qa-49,centered_zero,3.0735251256460723,18.185200002335478,479.9238999985391,501.1826251265207,one shared preloaded model
conv-26-qa-50,centered_zero,3.0735251256460723,15.724700002465397,272.5469999932102,291.3452251213217,one shared preloaded model
conv-26-qa-51,centered_zero,3.0735251256460723,16.35080000414746,175.0333000018145,194.45762513160804,one shared preloaded model
conv-26-qa-52,centered_zero,3.0735251256460723,18.256099996506236,272.3681999996188,293.69782512177113,one shared preloaded model
conv-26-qa-53,centered_zero,3.0735251256460723,15.70019999780925,624.1382000007434,642.9119251241987,one shared preloaded model
conv-26-qa-54,centered_zero,3.0735251256460723,17.147600003227126,1025.0986000028206,1045.3197251316938,one shared preloaded model
conv-26-qa-55,centered_zero,3.0735251256460723,16.47489999595564,172.79209999833256,192.34052511993428,one shared preloaded model
conv-26-qa-56,centered_zero,3.0735251256460723,18.332899999222718,300.8862999995472,322.292725124416,one shared preloaded model
conv-26-qa-57,centered_zero,3.0735251256460723,17.496500004199333,664.8648999980651,685.4349251279104,one shared preloaded model
conv-26-qa-58,centered_zero,3.0735251256460723,22.148399999423418,620.7229999999981,645.9449251250676,one shared preloaded model
conv-26-qa-59,centered_zero,3.0735251256460723,16.24259999516653,285.00509999867063,304.32122511948324,one shared preloaded model
conv-26-qa-60,centered_zero,3.0735251256460723,17.385499995725695,159.93090000119992,180.3899251225717,one shared preloaded model
conv-26-qa-61,centered_zero,3.0735251256460723,17.948100001376588,160.0481999994372,181.06982512645988,one shared preloaded model
conv-26-qa-62,centered_zero,3.0735251256460723,18.388300006336067,632.2252999962075,653.6871251281896,one shared preloaded model
conv-26-qa-63,centered_zero,3.0735251256460723,12.901200003398117,173.54519999935292,189.51992512839712,one shared preloaded model
conv-26-qa-64,centered_zero,3.0735251256460723,12.810000000172295,278.8970999972662,294.7806251230846,one shared preloaded model
conv-26-qa-65,centered_zero,3.0735251256460723,15.689899999415502,723.312199996144,742.0756251212056,one shared preloaded model
conv-26-qa-66,centered_zero,3.0735251256460723,17.92619999469025,273.933999997098,294.93372511743434,one shared preloaded model
conv-26-qa-67,centered_zero,3.0735251256460723,18.51180000085151,624.5340000023134,646.1193251288109,one shared preloaded model
conv-26-qa-68,centered_zero,3.0735251256460723,15.664500002458226,259.47610000002896,278.2141251281333,one shared preloaded model
conv-26-qa-69,centered_zero,3.0735251256460723,13.814400001137983,82.78730000165524,99.6752251284393,one shared preloaded model
conv-26-qa-70,centered_zero,3.0735251256460723,17.607400004635565,437.8137000021525,458.4946251324341,one shared preloaded model
conv-26-qa-71,centered_zero,3.0735251256460723,18.931599995994475,254.238899993652,276.2440251152926,one shared preloaded model
conv-26-qa-72,centered_zero,3.0735251256460723,18.635899999935646,266.0780000005616,287.7874251261433,one shared preloaded model
conv-26-qa-73,centered_zero,3.0735251256460723,12.819499999750406,170.0284999969881,185.9215251223846,one shared preloaded model
conv-26-qa-74,centered_zero,3.0735251256460723,17.94520000112243,676.6139000028488,697.6326251296173,one shared preloaded model
conv-26-qa-75,centered_zero,3.0735251256460723,21.302000001014676,129.46739999460988,153.84292512127064,one shared preloaded model
conv-26-qa-76,centered_zero,3.0735251256460723,17.983400000957772,285.4908000008436,306.54772512744745,one shared preloaded model
conv-26-qa-77,centered_zero,3.0735251256460723,13.953900001069997,1952.9094000026817,1969.9368251293977,one shared preloaded model
conv-26-qa-78,centered_zero,3.0735251256460723,14.00669999566162,224.68379999918398,241.76402512049168,one shared preloaded model
conv-26-qa-79,centered_zero,3.0735251256460723,20.818700002564583,619.2293999993126,643.1216251275232,one shared preloaded model
conv-26-qa-80,centered_zero,3.0735251256460723,16.57349999732105,633.6866999990889,653.333725122056,one shared preloaded model
conv-26-qa-81,centered_zero,3.0735251256460723,20.787599998584483,273.60520000365796,297.4663251278885,one shared preloaded model
conv-26-qa-82,centered_zero,3.0735251256460723,18.858299998100847,182.1473000018159,204.07912512556283,one shared preloaded model
conv-26-qa-83,centered_zero,3.0735251256460723,11.340899996866938,302.6090999992448,317.0235251217578,one shared preloaded model
conv-26-qa-84,centered_zero,3.0735251256460723,17.782100003387313,1898.8516999961575,1919.707325125191,one shared preloaded model
conv-26-qa-85,centered_zero,3.0735251256460723,17.71829999779584,306.5151000046171,327.30692512805905,one shared preloaded model
conv-26-qa-86,centered_zero,3.0735251256460723,18.070300000545103,311.3913999986835,332.53522512487467,one shared preloaded model
conv-26-qa-87,centered_zero,3.0735251256460723,11.486999996122904,400.70149999519344,415.26202511696243,one shared preloaded model
conv-26-qa-88,centered_zero,3.0735251256460723,21.861100001842715,180.31940000219038,205.25402512967918,one shared preloaded model
conv-26-qa-89,centered_zero,3.0735251256460723,17.797499996959232,948.8956999994116,969.7667251220169,one shared preloaded model
conv-26-qa-90,centered_zero,3.0735251256460723,11.433299994678237,172.47170000337064,186.97852512369496,one shared preloaded model
conv-26-qa-91,centered_zero,3.0735251256460723,16.74300000013318,315.07659999624593,334.8931251220252,one shared preloaded model
conv-26-qa-92,centered_zero,3.0735251256460723,17.395499999111053,120.93509999976959,141.40412512452673,one shared preloaded model
conv-26-qa-93,centered_zero,3.0735251256460723,17.413800000213087,963.3208000013838,983.8081251272429,one shared preloaded model
conv-26-qa-94,centered_zero,3.0735251256460723,19.051899995247368,261.9751999955042,284.1006251163977,one shared preloaded model
conv-26-qa-95,centered_zero,3.0735251256460723,16.66710000426974,612.1361000041361,631.8767251340519,one shared preloaded model
conv-26-qa-96,centered_zero,3.0735251256460723,20.26829999522306,349.99339999922086,373.33522512009,one shared preloaded model
conv-26-qa-97,centered_zero,3.0735251256460723,13.447800003632437,252.30339999689022,268.82472512616874,one shared preloaded model
conv-26-qa-98,centered_zero,3.0735251256460723,17.54530000471277,595.11719999864,615.7360251289988,one shared preloaded model
conv-26-qa-99,centered_zero,3.0735251256460723,20.176999998511747,672.7866000001086,696.0371251242664,one shared preloaded model
conv-26-qa-100,centered_zero,3.0735251256460723,21.720000004279427,320.6458999993629,345.4394251292884,one shared preloaded model
conv-26-qa-101,centered_zero,3.0735251256460723,18.855600006645545,253.93369999801507,275.8628251303067,one shared preloaded model
conv-26-qa-102,centered_zero,3.0735251256460723,16.487000000779517,805.4967999996734,825.0573251260989,one shared preloaded model
conv-26-qa-103,centered_zero,3.0735251256460723,14.46820000273874,317.3514000009163,334.89312512930115,one shared preloaded model
conv-26-qa-104,centered_zero,3.0735251256460723,19.40659999672789,299.43420000199694,321.9143251243709,one shared preloaded model
conv-26-qa-105,centered_zero,3.0735251256460723,15.02020000043558,251.79470000148285,269.8884251275645,one shared preloaded model
conv-26-qa-106,centered_zero,3.0735251256460723,17.864300003566314,172.6079000000027,193.5457251292151,one shared preloaded model
conv-26-qa-107,centered_zero,3.0735251256460723,18.061800001305528,957.9041999968467,979.0395251237983,one shared preloaded model
conv-26-qa-108,centered_zero,3.0735251256460723,16.846099999384023,462.76870000292547,482.6883251279556,one shared preloaded model
conv-26-qa-109,centered_zero,3.0735251256460723,17.369700006383937,329.43089999753283,349.87412512956286,one shared preloaded model
conv-26-qa-110,centered_zero,3.0735251256460723,18.98559999972349,367.8712999972049,389.9304251225745,one shared preloaded model
conv-26-qa-111,centered_zero,3.0735251256460723,11.69530000333907,601.2489999993704,616.0178251283555,one shared preloaded model
conv-26-qa-112,centered_zero,3.0735251256460723,18.034100001386832,437.4267000021064,458.5343251291393,one shared preloaded model
conv-26-qa-113,centered_zero,3.0735251256460723,21.517000001040287,2224.4348000022,2249.0253251288864,one shared preloaded model
conv-26-qa-114,centered_zero,3.0735251256460723,14.034100000571925,306.50369999784743,323.61132512406544,one shared preloaded model
conv-26-qa-115,centered_zero,3.0735251256460723,11.678599999868311,410.5089000004227,425.2610251259371,one shared preloaded model
conv-26-qa-116,centered_zero,3.0735251256460723,18.971899997268338,453.18679999763845,475.23222512055287,one shared preloaded model
conv-26-qa-117,centered_zero,3.0735251256460723,14.644700000644661,636.3435000021127,654.0617251284034,one shared preloaded model
conv-26-qa-118,centered_zero,3.0735251256460723,17.39649999944959,527.2591000029934,547.729125128089,one shared preloaded model
conv-26-qa-119,centered_zero,3.0735251256460723,13.80069999868283,1237.641399995482,1254.515625119811,one shared preloaded model
conv-26-qa-120,centered_zero,3.0735251256460723,11.97419999516569,220.59290000470355,235.64062512551533,one shared preloaded model
conv-26-qa-121,centered_zero,3.0735251256460723,18.341499999223743,281.757299999299,303.1723251241688,one shared preloaded model
conv-26-qa-122,centered_zero,3.0735251256460723,19.637600002170075,473.33630000503035,496.0474251328465,one shared preloaded model
conv-26-qa-123,centered_zero,3.0735251256460723,17.519700006232597,106.45669999939855,127.04992513127722,one shared preloaded model
conv-26-qa-124,centered_zero,3.0735251256460723,17.47579999937443,211.01630000339355,231.56562512841407,one shared preloaded model
conv-26-qa-125,centered_zero,3.0735251256460723,18.050099999527447,283.67789999902016,304.8015251241937,one shared preloaded model
conv-26-qa-126,centered_zero,3.0735251256460723,20.854100002907217,345.3436999989208,369.2713251274741,one shared preloaded model
conv-26-qa-127,centered_zero,3.0735251256460723,17.873899996629916,172.39859999972396,193.34602512199996,one shared preloaded model
conv-26-qa-128,centered_zero,3.0735251256460723,16.70639999792911,326.326299997163,346.1062251207382,one shared preloaded model
conv-26-qa-129,centered_zero,3.0735251256460723,17.32310000079451,400.06759999960195,420.46422512604255,one shared preloaded model
conv-26-qa-130,centered_zero,3.0735251256460723,17.203200004587416,274.92440000060014,295.20112513083365,one shared preloaded model
conv-26-qa-131,centered_zero,3.0735251256460723,18.223999999463558,266.26939999550814,287.5669251206178,one shared preloaded model
conv-26-qa-132,centered_zero,3.0735251256460723,18.26209999853745,225.11130000202684,246.44692512621037,one shared preloaded model
conv-26-qa-133,centered_zero,3.0735251256460723,18.7246999994386,526.7026000001351,548.5008251252198,one shared preloaded model
conv-26-qa-134,centered_zero,3.0735251256460723,13.690300002053846,1225.023400002101,1241.7872251298008,one shared preloaded model
conv-26-qa-135,centered_zero,3.0735251256460723,15.232300000207033,262.77229999686824,281.07812512272136,one shared preloaded model
conv-26-qa-136,centered_zero,3.0735251256460723,18.16079999844078,274.6084999962477,295.84282512033457,one shared preloaded model
conv-26-qa-137,centered_zero,3.0735251256460723,16.23710000421852,274.77490000455873,294.08552513442334,one shared preloaded model
conv-26-qa-138,centered_zero,3.0735251256460723,19.144499994581565,265.0364999935846,287.25452511381224,one shared preloaded model
conv-26-qa-139,centered_zero,3.0735251256460723,16.388899995945394,224.35200000472832,243.8144251263198,one shared preloaded model
conv-26-qa-140,centered_zero,3.0735251256460723,20.324100005382206,228.09150000102818,251.48912513205647,one shared preloaded model
conv-26-qa-141,centered_zero,3.0735251256460723,20.2145000002929,466.4587999941432,489.7468251200822,one shared preloaded model
conv-26-qa-142,centered_zero,3.0735251256460723,15.480000001844019,328.7265999970259,347.280125124516,one shared preloaded model
conv-26-qa-143,centered_zero,3.0735251256460723,17.663500002527144,1786.8677000005846,1807.6047251287578,one shared preloaded model
conv-26-qa-144,centered_zero,3.0735251256460723,11.90610000048764,2048.9010000019334,2063.880625128067,one shared preloaded model
conv-26-qa-145,centered_zero,3.0735251256460723,18.13899999979185,259.52890000189655,280.7414251273345,one shared preloaded model
conv-26-qa-146,centered_zero,3.0735251256460723,18.629199999850243,286.74860000319313,308.45132512868946,one shared preloaded model
conv-26-qa-147,centered_zero,3.0735251256460723,17.191400002047885,171.89089999737917,192.15582512507314,one shared preloaded model
conv-26-qa-148,centered_zero,3.0735251256460723,17.987600003834814,2095.2032999994117,2116.2644251288925,one shared preloaded model
conv-26-qa-149,centered_zero,3.0735251256460723,16.35050000186311,277.66910000354983,297.093125131059,one shared preloaded model
conv-26-qa-150,centered_zero,3.0735251256460723,17.903400002978742,226.3468000019202,247.32372513054503,one shared preloaded model
conv-26-qa-151,centered_zero,3.0735251256460723,21.075399999972433,945.7985999979428,969.9475251235613,one shared preloaded model
conv-26-qa-152,centered_zero,3.0735251256460723,17.32330000231741,171.3173000025563,191.7141251305198,one shared preloaded model
conv-26-qa-153,centered_zero,3.0735251256460723,18.16020000114804,274.2193000012776,295.4530251280717,one shared preloaded model
conv-26-qa-154,centered_zero,3.0735251256460723,19.86380000016652,327.30029999947874,350.23762512529134,one shared preloaded model
conv-26-qa-155,centered_zero,3.0735251256460723,16.72119999420829,273.7018999978318,293.49662511768616,one shared preloaded model
conv-26-qa-156,centered_zero,3.0735251256460723,20.244400002411567,181.5855000022566,204.90342513031425,one shared preloaded model
conv-26-qa-157,centered_zero,3.0735251256460723,17.80460000009043,303.4590000024764,324.3371251282129,one shared preloaded model
conv-26-qa-158,centered_zero,3.0735251256460723,13.618099997984245,82.65490000485443,99.34652512848474,one shared preloaded model
conv-26-qa-159,centered_zero,3.0735251256460723,12.5765999982832,174.2958000031649,189.9459251270942,one shared preloaded model
conv-26-qa-160,centered_zero,3.0735251256460723,17.977800001972355,969.1765000025043,990.2278251301227,one shared preloaded model
conv-26-qa-161,centered_zero,3.0735251256460723,17.074900002626237,338.9452000046731,359.0936251329454,one shared preloaded model
conv-26-qa-162,centered_zero,3.0735251256460723,17.244200003915466,415.99990000395337,436.3176251335149,one shared preloaded model
conv-26-qa-163,centered_zero,3.0735251256460723,15.48200000252109,311.13989999721525,329.6954251253824,one shared preloaded model
conv-26-qa-164,centered_zero,3.0735251256460723,19.451500003924593,174.14860000280896,196.67362513237964,one shared preloaded model
conv-26-qa-165,centered_zero,3.0735251256460723,13.82970000122441,250.39200000173878,267.2952251286093,one shared preloaded model
conv-26-qa-166,centered_zero,3.0735251256460723,16.114599995489698,275.03230000002077,294.22042512115655,one shared preloaded model
conv-26-qa-167,centered_zero,3.0735251256460723,19.66510000056587,264.0749999991385,286.8136251253505,one shared preloaded model
conv-26-qa-168,centered_zero,3.0735251256460723,20.36039999802597,122.05339999491116,145.48732511858321,one shared preloaded model
conv-26-qa-169,centered_zero,3.0735251256460723,14.743300002010074,584.6171000011964,602.4339251288525,one shared preloaded model
conv-26-qa-170,centered_zero,3.0735251256460723,14.138899998215493,262.11920000059763,279.3316251244592,one shared preloaded model
conv-26-qa-171,centered_zero,3.0735251256460723,16.762400002335198,284.2330999992555,304.0690251272368,one shared preloaded model
conv-26-qa-172,centered_zero,3.0735251256460723,15.194999999948777,410.2913000024273,428.55982512802217,one shared preloaded model
conv-26-qa-173,centered_zero,3.0735251256460723,17.831099998147693,275.73929999925895,296.6439251230527,one shared preloaded model
conv-26-qa-174,centered_zero,3.0735251256460723,18.505200001527555,302.52479999762727,324.1035251248009,one shared preloaded model
conv-26-qa-175,centered_zero,3.0735251256460723,17.412100001820363,516.9883999988087,537.4740251262751,one shared preloaded model
conv-26-qa-176,centered_zero,3.0735251256460723,17.87769999646116,1062.326800005394,1083.2780251275012,one shared preloaded model
conv-26-qa-177,centered_zero,3.0735251256460723,13.02709999436047,259.68879999709316,275.7894251170997,one shared preloaded model
conv-26-qa-178,centered_zero,3.0735251256460723,16.775199997937307,289.6820000023581,309.5307251259415,one shared preloaded model
conv-26-qa-179,centered_zero,3.0735251256460723,13.530399999581277,281.6365999970003,298.24052512222767,one shared preloaded model
conv-26-qa-180,centered_zero,3.0735251256460723,18.041299998003524,256.08959999954095,277.20442512319056,one shared preloaded model
conv-26-qa-181,centered_zero,3.0735251256460723,16.86139999947045,676.6124999994645,696.547425124581,one shared preloaded model
conv-26-qa-182,centered_zero,3.0735251256460723,18.029200000455603,257.64549999439623,278.7482251204979,one shared preloaded model
conv-26-qa-183,centered_zero,3.0735251256460723,17.6114999994752,393.8336000064737,414.518625131595,one shared preloaded model
conv-26-qa-184,centered_zero,3.0735251256460723,20.761399995535612,161.63660000165692,185.4715251228386,one shared preloaded model
conv-26-qa-185,centered_zero,3.0735251256460723,18.017199996393174,256.0745000009774,277.1652251230167,one shared preloaded model
conv-26-qa-186,centered_zero,3.0735251256460723,17.269299998588394,264.7339999966789,285.0768251209134,one shared preloaded model
conv-26-qa-187,centered_zero,3.0735251256460723,15.425400000822265,517.937399999937,536.4363251264053,one shared preloaded model
conv-26-qa-188,centered_zero,3.0735251256460723,16.150200004631188,261.5197999984957,280.743525128773,one shared preloaded model
conv-26-qa-189,centered_zero,3.0735251256460723,14.929299999494106,275.4828999968595,293.4857251219997,one shared preloaded model
conv-26-qa-190,centered_zero,3.0735251256460723,19.382999998924788,728.8654000003589,751.3219251249297,one shared preloaded model
conv-26-qa-191,centered_zero,3.0735251256460723,20.95240000198828,223.07079999882262,247.096725126457,one shared preloaded model
conv-26-qa-192,centered_zero,3.0735251256460723,17.8172000014456,414.36999999859836,435.26072512569004,one shared preloaded model
conv-26-qa-193,centered_zero,3.0735251256460723,15.88389999960782,1360.3903000039281,1379.347725129182,one shared preloaded model
conv-26-qa-194,centered_zero,3.0735251256460723,24.699000001419336,275.38649999769405,303.15902512475947,one shared preloaded model
conv-26-qa-195,centered_zero,3.0735251256460723,15.947499996400438,279.43790000426816,298.4589251263147,one shared preloaded model
conv-26-qa-196,centered_zero,3.0735251256460723,18.399000000499655,281.7622000002302,303.23472512637596,one shared preloaded model
conv-26-qa-197,centered_zero,3.0735251256460723,18.243500002427027,278.14239999861456,299.4594251266877,one shared preloaded model
conv-26-qa-198,centered_zero,3.0735251256460723,18.42410000244854,536.9838000042364,558.481425132331,one shared preloaded model
conv-30-qa-0,centered_zero,2.7423685714547035,16.22959999804152,650.2758999995422,669.2478685690384,one shared preloaded model
conv-30-qa-1,centered_zero,2.7423685714547035,12.405299996316899,371.7828000008012,386.9304685685728,one shared preloaded model
conv-30-qa-2,centered_zero,2.7423685714547035,15.343399994890206,174.5301000046311,192.615868570976,one shared preloaded model
conv-30-qa-3,centered_zero,2.7423685714547035,16.10360000631772,614.6110000045155,633.4569685822879,one shared preloaded model
conv-30-qa-4,centered_zero,2.7423685714547035,16.119800005981233,994.8847000050591,1013.746868582495,one shared preloaded model
conv-30-qa-5,centered_zero,2.7423685714547035,22.2760999968159,333.4000000031665,358.4184685714371,one shared preloaded model
conv-30-qa-6,centered_zero,2.7423685714547035,17.259699998248834,181.87719999696128,201.87926856666482,one shared preloaded model
conv-30-qa-7,centered_zero,2.7423685714547035,16.475700002047233,595.4186999952071,614.636768568709,one shared preloaded model
conv-30-qa-8,centered_zero,2.7423685714547035,14.489200002572034,404.8400999963633,422.07166857039,one shared preloaded model
conv-30-qa-9,centered_zero,2.7423685714547035,18.717500002821907,129.56409999605967,151.02396857033628,one shared preloaded model
conv-30-qa-10,centered_zero,2.7423685714547035,13.409600003797095,610.3809000051115,626.5328685803632,one shared preloaded model
conv-30-qa-11,centered_zero,2.7423685714547035,13.00039999478031,262.9347999973106,278.6775685635456,one shared preloaded model
conv-30-qa-12,centered_zero,2.7423685714547035,17.74719999957597,642.8708000021288,663.3603685731595,one shared preloaded model
conv-30-qa-13,centered_zero,2.7423685714547035,10.245400000712834,624.8882999934722,637.8760685656397,one shared preloaded model
conv-30-qa-14,centered_zero,2.7423685714547035,23.322400003962684,590.5491000012262,616.6138685766435,one shared preloaded model
conv-30-qa-15,centered_zero,2.7423685714547035,9.745099996507633,321.40200000139885,333.88946856936116,one shared preloaded model
conv-30-qa-16,centered_zero,2.7423685714547035,15.96620000054827,274.554800002079,293.26336857408194,one shared preloaded model
conv-30-qa-17,centered_zero,2.7423685714547035,12.326500000199303,523.579199994856,538.64806856651,one shared preloaded model
conv-30-qa-18,centered_zero,2.7423685714547035,10.913500002061483,272.31339999707416,285.9692685705903,one shared preloaded model
conv-30-qa-19,centered_zero,2.7423685714547035,19.65810000547208,593.0683999977191,615.4688685746459,one shared preloaded model
conv-30-qa-20,centered_zero,2.7423685714547035,14.126900001429021,602.8235999983735,619.6928685712572,one shared preloaded model
conv-30-qa-21,centered_zero,2.7423685714547035,13.891800001147203,651.0771999965073,667.7113685691091,one shared preloaded model
conv-30-qa-22,centered_zero,2.7423685714547035,12.902199996460695,618.9822999949683,634.6268685628837,one shared preloaded model
conv-30-qa-23,centered_zero,2.7423685714547035,13.045300001977012,173.8656000015908,189.6532685750225,one shared preloaded model
conv-30-qa-24,centered_zero,2.7423685714547035,13.357099996937905,274.9358000000939,291.03526856848646,one shared preloaded model
conv-30-qa-25,centered_zero,2.7423685714547035,10.012999999162275,274.9055000022054,287.6608685728223,one shared preloaded model
conv-30-qa-26,centered_zero,2.7423685714547035,15.079600001627114,608.8376000043354,626.6595685774172,one shared preloaded model
conv-30-qa-27,centered_zero,2.7423685714547035,18.65440000256058,120.97160000121221,142.3683685752275,one shared preloaded model
conv-30-qa-28,centered_zero,2.7423685714547035,15.94469999690773,630.4318999973475,649.1189685657099,one shared preloaded model
conv-30-qa-29,centered_zero,2.7423685714547035,13.352599999052472,258.5540000000037,274.6489685705109,one shared preloaded model
conv-30-qa-30,centered_zero,2.7423685714547035,20.003600002382882,174.86269999790238,197.60866857173997,one shared preloaded model
conv-30-qa-31,centered_zero,2.7423685714547035,16.225800005486235,173.68709999573184,192.65526857267278,one shared preloaded model
conv-30-qa-32,centered_zero,2.7423685714547035,16.01160000427626,388.7701999992714,407.52416857500236,one shared preloaded model
conv-30-qa-33,centered_zero,2.7423685714547035,19.737100003112573,427.05710000154795,449.5365685761152,one shared preloaded model
conv-30-qa-34,centered_zero,2.7423685714547035,13.046900006884243,682.3772999996436,698.1665685779825,one shared preloaded model
conv-30-qa-35,centered_zero,2.7423685714547035,14.117299993813504,617.6018999976804,634.4615685629486,one shared preloaded model
conv-30-qa-36,centered_zero,2.7423685714547035,14.507699997921009,592.5751999966451,609.8252685660208,one shared preloaded model
conv-30-qa-37,centered_zero,2.7423685714547035,14.259199997468386,628.0849000031594,645.0864685720825,one shared preloaded model
conv-30-qa-38,centered_zero,2.7423685714547035,16.691100005118642,672.9061999940313,692.3396685706047,one shared preloaded model
conv-30-qa-39,centered_zero,2.7423685714547035,16.17449999321252,180.06250000325963,198.97936856792685,one shared preloaded model
conv-30-qa-40,centered_zero,2.7423685714547035,16.055700005381368,174.62279999745078,193.42086857428686,one shared preloaded model
conv-30-qa-41,centered_zero,2.7423685714547035,12.549499995657243,1080.365099995106,1095.656968562218,one shared preloaded model
conv-30-qa-42,centered_zero,2.7423685714547035,15.505399998801295,262.625700001081,280.87346857133696,one shared preloaded model
conv-30-qa-43,centered_zero,2.7423685714547035,20.06999999866821,388.51559999602614,411.327968566149,one shared preloaded model
conv-30-qa-44,centered_zero,2.7423685714547035,15.858300001127645,1411.765099997865,1430.3657685704475,one shared preloaded model
conv-30-qa-45,centered_zero,2.7423685714547035,16.76450000377372,940.9336000026087,960.4404685778371,one shared preloaded model
conv-30-qa-46,centered_zero,2.7423685714547035,10.354499994718935,230.66900000412716,243.7658685703008,one shared preloaded model
conv-30-qa-47,centered_zero,2.7423685714547035,19.397600000957027,496.8033000041032,518.9432685765149,one shared preloaded model
conv-30-qa-48,centered_zero,2.7423685714547035,16.315399996528868,316.08860000415007,335.1463685721336,one shared preloaded model
conv-30-qa-49,centered_zero,2.7423685714547035,15.716699999757111,562.8902000025846,581.3492685737964,one shared preloaded model
conv-30-qa-50,centered_zero,2.7423685714547035,14.244099998904858,611.7564000014681,628.7428685718277,one shared preloaded model
conv-30-qa-51,centered_zero,2.7423685714547035,12.63440000184346,1082.8930999996373,1098.2698685729356,one shared preloaded model
conv-30-qa-52,centered_zero,2.7423685714547035,14.114700003119651,624.2787000010139,641.1357685755883,one shared preloaded model
conv-30-qa-53,centered_zero,2.7423685714547035,23.951600000145845,1375.5920000039623,1402.285968575563,one shared preloaded model
conv-30-qa-54,centered_zero,2.7423685714547035,14.82419999956619,531.1351000054856,548.7016685765064,one shared preloaded model
conv-30-qa-55,centered_zero,2.7423685714547035,13.338800003111828,409.3849999990198,425.4661685735863,one shared preloaded model
conv-30-qa-56,centered_zero,2.7423685714547035,19.1768000004231,160.05159999622265,181.97076856810045,one shared preloaded model
conv-30-qa-57,centered_zero,2.7423685714547035,16.43560000229627,738.1905000002007,757.3684685739516,one shared preloaded model
conv-30-qa-58,centered_zero,2.7423685714547035,13.90460000402527,262.1655000039027,278.81246857938265,one shared preloaded model
conv-30-qa-59,centered_zero,2.7423685714547035,17.262000001210254,514.3683999995119,534.3727685721768,one shared preloaded model
conv-30-qa-60,centered_zero,2.7423685714547035,17.664099999819882,109.79339999903459,130.19986857030918,one shared preloaded model
conv-30-qa-61,centered_zero,2.7423685714547035,11.947099999815691,449.8556999969878,464.5451685682582,one shared preloaded model
conv-30-qa-62,centered_zero,2.7423685714547035,13.025300002482254,565.789100000984,581.556768574921,one shared preloaded model
conv-30-qa-63,centered_zero,2.7423685714547035,15.511500001593959,263.85560000198893,282.10946857503757,one shared preloaded model
conv-30-qa-64,centered_zero,2.7423685714547035,15.998000002582557,276.6248000043561,295.3651685783933,one shared preloaded model
conv-30-qa-65,centered_zero,2.7423685714547035,17.547599993122276,211.8752999958815,232.1652685604585,one shared preloaded model
conv-30-qa-66,centered_zero,2.7423685714547035,18.50659999763593,366.2158000006457,387.4647685697363,one shared preloaded model
conv-30-qa-67,centered_zero,2.7423685714547035,20.44010000099661,413.7177999946289,436.90026856708016,one shared preloaded model
conv-30-qa-68,centered_zero,2.7423685714547035,14.54389999707928,258.53120000101626,275.8174685695502,one shared preloaded model
conv-30-qa-69,centered_zero,2.7423685714547035,13.877600002160762,128.1927000018186,144.81266857543406,one shared preloaded model
conv-30-qa-70,centered_zero,2.7423685714547035,15.928499997244217,160.2504999973462,178.92136856604512,one shared preloaded model
conv-30-qa-71,centered_zero,2.7423685714547035,16.143799999554176,495.46760000521317,514.353768576222,one shared preloaded model
conv-30-qa-72,centered_zero,2.7423685714547035,10.983399995893706,932.7466000031563,946.4723685705047,one shared preloaded model
conv-30-qa-73,centered_zero,2.7423685714547035,13.180000001739245,142.46840000123484,158.3907685744288,one shared preloaded model
conv-30-qa-74,centered_zero,2.7423685714547035,11.685299999953713,477.5770000051125,492.0046685765209,one shared preloaded model
conv-30-qa-75,centered_zero,2.7423685714547035,15.418299997691065,421.7999999964377,439.96066856558343,one shared preloaded model
conv-30-qa-76,centered_zero,2.7423685714547035,17.588200003956445,121.6671000001952,141.99766857560635,one shared preloaded model
conv-30-qa-77,centered_zero,2.7423685714547035,10.416799996164627,159.58099999988917,172.7401685675085,one shared preloaded model
conv-30-qa-78,centered_zero,2.7423685714547035,16.42260000517126,242.49330000020564,261.6582685768316,one shared preloaded model
conv-30-qa-79,centered_zero,2.7423685714547035,14.18790000025183,171.87879999983124,188.80906857153778,one shared preloaded model
conv-30-qa-80,centered_zero,2.7423685714547035,15.890299997408874,664.3707000039285,683.003368572792,one shared preloaded model
conv-30-qa-81,centered_zero,2.7423685714547035,12.599599998793565,504.4183999998495,519.7603685700977,one shared preloaded model
conv-30-qa-82,centered_zero,2.7423685714547035,9.994400003051851,278.5691999961273,291.3059685706338,one shared preloaded model
conv-30-qa-83,centered_zero,2.7423685714547035,17.228500000783242,381.86149999819463,401.83236857043255,one shared preloaded model
conv-30-qa-84,centered_zero,2.7423685714547035,14.831500004220288,419.3645999985165,436.93846857419146,one shared preloaded model
conv-30-qa-85,centered_zero,2.7423685714547035,14.015300002938602,262.27669999934733,279.0343685737406,one shared preloaded model
conv-30-qa-86,centered_zero,2.7423685714547035,16.361499998311047,226.504099999147,245.60796856891275,one shared preloaded model
conv-30-qa-87,centered_zero,2.7423685714547035,17.046799999661744,276.579599994875,296.36876856599145,one shared preloaded model
conv-30-qa-88,centered_zero,2.7423685714547035,18.18279999861261,396.3770999980625,417.30226856812976,one shared preloaded model
conv-30-qa-89,centered_zero,2.7423685714547035,12.787499996193219,172.24369999894407,187.773568566592,one shared preloaded model
conv-30-qa-90,centered_zero,2.7423685714547035,16.375500003050547,278.3741999955964,297.49206857010165,one shared preloaded model
conv-30-qa-91,centered_zero,2.7423685714547035,16.20109999930719,874.5777000003727,893.5211685711346,one shared preloaded model
conv-30-qa-92,centered_zero,2.7423685714547035,16.183599997020792,419.02859999390785,437.9545685623833,one shared preloaded model
conv-30-qa-93,centered_zero,2.7423685714547035,12.563899996166583,241.1692999958177,256.47556856343897,one shared preloaded model
conv-30-qa-94,centered_zero,2.7423685714547035,17.573100005392917,281.7250000007334,302.040468577581,one shared preloaded model
conv-30-qa-95,centered_zero,2.7423685714547035,15.602799998305272,523.6130000048433,541.9581685746033,one shared preloaded model
conv-30-qa-96,centered_zero,2.7423685714547035,15.965300000971183,211.74700000119628,230.45466857362217,one shared preloaded model
conv-30-qa-97,centered_zero,2.7423685714547035,15.918599994620308,272.1823999963817,290.8433685624567,one shared preloaded model
conv-30-qa-98,centered_zero,2.7423685714547035,13.530299998819828,128.4691999971983,144.74186856747284,one shared preloaded model
conv-30-qa-99,centered_zero,2.7423685714547035,15.730200000689365,264.5928999991156,283.06546857125966,one shared preloaded model
conv-30-qa-100,centered_zero,2.7423685714547035,17.42720000038389,448.951099999249,469.12066857108755,one shared preloaded model
conv-30-qa-101,centered_zero,2.7423685714547035,14.65739999548532,217.39930000330787,234.7990685702479,one shared preloaded model
conv-30-qa-102,centered_zero,2.7423685714547035,17.551799995999318,161.21189999830676,181.50606856576078,one shared preloaded model
conv-30-qa-103,centered_zero,2.7423685714547035,11.244499997701496,275.51889999449486,289.50576856365103,one shared preloaded model
conv-30-qa-104,centered_zero,2.7423685714547035,18.795000003592577,1829.9363999976777,1851.473768572725,one shared preloaded model
conv-41-qa-0,centered_zero,3.37087409325768,15.788000004249625,121.74389999563573,140.90277409314302,one shared preloaded model
conv-41-qa-1,centered_zero,3.37087409325768,19.468799997412134,600.6882000001497,623.5278740908195,one shared preloaded model
conv-41-qa-2,centered_zero,3.37087409325768,16.347600001608953,308.26149999484187,327.9799740897085,one shared preloaded model
conv-41-qa-3,centered_zero,3.37087409325768,18.73689999774797,355.33330000180285,377.4410740928085,one shared preloaded model
conv-41-qa-4,centered_zero,3.37087409325768,20.00600000610575,611.6083000015351,634.9851741008986,one shared preloaded model
conv-41-qa-5,centered_zero,3.37087409325768,18.768800000543706,620.6686000004993,642.8082740943007,one shared preloaded model
conv-41-qa-6,centered_zero,3.37087409325768,16.174900003534276,123.08610000036424,142.63187409715619,one shared preloaded model
conv-41-qa-7,centered_zero,3.37087409325768,19.65349999954924,182.56290000135778,205.58727409416468,one shared preloaded model
conv-41-qa-8,centered_zero,3.37087409325768,19.31670000340091,262.5966999985394,285.284274095198,one shared preloaded model
conv-41-qa-9,centered_zero,3.37087409325768,22.325300000375137,281.1005999974441,306.7967740910769,one shared preloaded model
conv-41-qa-10,centered_zero,3.37087409325768,20.464900000661146,628.4216999993077,652.2574740932266,one shared preloaded model
conv-41-qa-11,centered_zero,3.37087409325768,19.558399995730724,122.71640000108164,145.64567409007003,one shared preloaded model
conv-41-qa-12,centered_zero,3.37087409325768,11.701899995387066,298.8712999940617,313.94407408270644,one shared preloaded model
conv-41-qa-13,centered_zero,3.37087409325768,19.646799999463838,391.3591999953496,414.37687408807113,one shared preloaded model
conv-41-qa-14,centered_zero,3.37087409325768,17.64520000142511,259.33810000424273,280.3541740989255,one shared preloaded model
conv-41-qa-15,centered_zero,3.37087409325768,17.747999998391606,211.45500000420725,232.57387409585652,one shared preloaded model
conv-41-qa-16,centered_zero,3.37087409325768,20.603000004484784,572.5199000007706,596.4937740985131,one shared preloaded model
conv-41-qa-17,centered_zero,3.37087409325768,18.2009000054677,275.53489999991143,297.1066740986368,one shared preloaded model
conv-41-qa-18,centered_zero,3.37087409325768,20.41490000556223,172.61270000017248,196.39847409899238,one shared preloaded model
conv-41-qa-19,centered_zero,3.37087409325768,19.252999998570886,225.21430000051623,247.8381740923448,one shared preloaded model
conv-41-qa-20,centered_zero,3.37087409325768,23.94250000361353,669.8174000048311,697.1307741017024,one shared preloaded model
conv-41-qa-21,centered_zero,3.37087409325768,19.92220000101952,173.64820000511827,196.94127409939546,one shared preloaded model
conv-41-qa-22,centered_zero,3.37087409325768,14.472999995632563,647.371099999873,665.2149740887633,one shared preloaded model
conv-41-qa-23,centered_zero,3.37087409325768,19.013999997696374,257.6846000010846,280.06947409203866,one shared preloaded model
conv-41-qa-24,centered_zero,3.37087409325768,17.765600001439452,611.4680000027874,632.6044740974846,one shared preloaded model
conv-41-qa-25,centered_zero,3.37087409325768,16.685599999618717,259.9550000013551,280.01147409423146,one shared preloaded model
conv-41-qa-26,centered_zero,3.37087409325768,19.60989999497542,1021.9648999991477,1044.945674087381,one shared preloaded model
conv-41-qa-27,centered_zero,3.37087409325768,16.748699999880046,638.6929000000237,658.8124740931614,one shared preloaded model
conv-41-qa-28,centered_zero,3.37087409325768,21.10710000124527,222.4463000020478,246.92427409655073,one shared preloaded model
conv-41-qa-29,centered_zero,3.37087409325768,21.274999999150168,1000.2602999957162,1024.906174088124,one shared preloaded model
conv-41-qa-30,centered_zero,3.37087409325768,16.010400002414826,217.59929999825545,236.98057409392794,one shared preloaded model
conv-41-qa-31,centered_zero,3.37087409325768,23.717500000202563,274.71040000091307,301.7987740943733,one shared preloaded model
conv-41-qa-32,centered_zero,3.37087409325768,20.005799997306895,285.67540000221925,309.0520740927838,one shared preloaded model
conv-41-qa-33,centered_zero,3.37087409325768,14.631999998528045,438.31389999832027,456.316774090106,one shared preloaded model
conv-41-qa-34,centered_zero,3.37087409325768,18.231899994134437,691.0448999988148,712.647674086207,one shared preloaded model
conv-41-qa-35,centered_zero,3.37087409325768,18.93479999853298,277.19030000298517,299.4959740947758,one shared preloaded model
conv-41-qa-36,centered_zero,3.37087409325768,20.02350000111619,346.31700000318233,369.7113740975562,one shared preloaded model
conv-41-qa-37,centered_zero,3.37087409325768,17.104599995946046,365.23740000120597,385.7128740904097,one shared preloaded model
conv-41-qa-38,centered_zero,3.37087409325768,16.255299997283146,568.9416000022902,588.5677740928311,one shared preloaded model
conv-41-qa-39,centered_zero,3.37087409325768,15.040899997984525,630.9473000001162,649.3590740913585,one shared preloaded model
conv-41-qa-40,centered_zero,3.37087409325768,18.868600003770553,228.68710000329884,250.92657410032706,one shared preloaded model
conv-41-qa-41,centered_zero,3.37087409325768,24.58910000132164,280.24619999632705,308.20617409090636,one shared preloaded model
conv-41-qa-42,centered_zero,3.37087409325768,22.961700000450946,180.0063999980921,206.3389740918007,one shared preloaded model
conv-41-qa-43,centered_zero,3.37087409325768,13.763200004177634,417.76409999874886,434.89817409618416,one shared preloaded model
conv-41-qa-44,centered_zero,3.37087409325768,15.297400001145434,1123.063999999431,1141.7322740938341,one shared preloaded model
conv-41-qa-45,centered_zero,3.37087409325768,22.26430000155233,276.5025000044261,302.1376740992361,one shared preloaded model
conv-41-qa-46,centered_zero,3.37087409325768,21.382200000516605,609.098200002336,633.8512740961103,one shared preloaded model
conv-41-qa-47,centered_zero,3.37087409325768,15.64709999365732,175.3342999945744,194.35227408148938,one shared preloaded model
conv-41-qa-48,centered_zero,3.37087409325768,21.39529999840306,813.8763000024483,838.642474094109,one shared preloaded model
conv-41-qa-49,centered_zero,3.37087409325768,13.01699999748962,261.15430000209017,277.54217409283746,one shared preloaded model
conv-41-qa-50,centered_zero,3.37087409325768,17.364499995892402,246.93960000149673,267.6749740906468,one shared preloaded model
conv-41-qa-51,centered_zero,3.37087409325768,18.389799995929934,408.3251999982167,430.0858740874043,one shared preloaded model
conv-41-qa-52,centered_zero,3.37087409325768,13.56330000271555,120.0849999950151,137.01917409098832,one shared preloaded model
conv-41-qa-53,centered_zero,3.37087409325768,19.766500001423992,368.8901999994414,392.02757409412305,one shared preloaded model
conv-41-qa-54,centered_zero,3.37087409325768,15.481400005228352,284.5333999939612,303.38567409244723,one shared preloaded model
conv-41-qa-55,centered_zero,3.37087409325768,19.747099999221973,579.3378000016673,602.455774094147,one shared preloaded model
conv-41-qa-56,centered_zero,3.37087409325768,18.37610000075074,608.8309999977355,630.577974091744,one shared preloaded model
conv-41-qa-57,centered_zero,3.37087409325768,14.316699998744298,313.9085000002524,331.59607409225436,one shared preloaded model
conv-41-qa-58,centered_zero,3.37087409325768,24.247200002719183,211.73909999924945,239.3571740952263,one shared preloaded model
conv-41-qa-59,centered_zero,3.37087409325768,21.176599999307655,416.4214999982505,440.96897409081583,one shared preloaded model
conv-41-qa-60,centered_zero,3.37087409325768,20.285900005546864,172.59110000304645,196.24787410185098,one shared preloaded model
conv-41-qa-61,centered_zero,3.37087409325768,19.330899995111395,261.3975999993272,284.0993740876963,one shared preloaded model
conv-41-qa-62,centered_zero,3.37087409325768,18.318100002943538,122.20789999992121,143.89687409612242,one shared preloaded model
conv-41-qa-63,centered_zero,3.37087409325768,19.616300000052433,121.61090000154218,144.59807409485228,one shared preloaded model
conv-41-qa-64,centered_zero,3.37087409325768,19.995899994682986,262.4766000008094,285.84337408875007,one shared preloaded model
conv-41-qa-65,centered_zero,3.37087409325768,16.134700003021862,457.4706000057631,476.97617410204265,one shared preloaded model
conv-41-qa-66,centered_zero,3.37087409325768,20.58219999889843,565.2531000014278,589.206174093584,one shared preloaded model
conv-41-qa-67,centered_zero,3.37087409325768,18.46800000203075,462.9912000018521,484.83007409714054,one shared preloaded model
conv-41-qa-68,centered_zero,3.37087409325768,25.15069999935804,222.56819999893196,251.08977409154767,one shared preloaded model
conv-41-qa-69,centered_zero,3.37087409325768,22.789700000430457,1126.9906000015908,1153.151174095279,one shared preloaded model
conv-41-qa-70,centered_zero,3.37087409325768,15.952000001561828,172.43450000387384,191.75737409869333,one shared preloaded model
conv-41-qa-71,centered_zero,3.37087409325768,12.972399999853224,171.96100000001024,188.30427409312114,one shared preloaded model
conv-41-qa-72,centered_zero,3.37087409325768,21.391700000094716,283.3422999974573,308.1048740908097,one shared preloaded model
conv-41-qa-73,centered_zero,3.37087409325768,16.41419999941718,171.7551999972784,191.54027408995324,one shared preloaded model
conv-41-qa-74,centered_zero,3.37087409325768,20.578499999828637,820.9724000043934,844.9217740974798,one shared preloaded model
conv-41-qa-75,centered_zero,3.37087409325768,16.487500004586764,727.8273000047193,747.6856741025638,one shared preloaded model
conv-41-qa-76,centered_zero,3.37087409325768,18.742300002486445,1046.3769999987562,1068.4901740945004,one shared preloaded model
conv-41-qa-77,centered_zero,3.37087409325768,16.405399997893255,274.62569999624975,294.4019740874007,one shared preloaded model
conv-41-qa-78,centered_zero,3.37087409325768,21.839799999725074,122.50550000317162,147.71617409615436,one shared preloaded model
conv-41-qa-79,centered_zero,3.37087409325768,19.75440000387607,583.2311999984086,606.3564740955424,one shared preloaded model
conv-41-qa-80,centered_zero,3.37087409325768,13.802199995552655,179.59010000049602,196.76317408930635,one shared preloaded model
conv-41-qa-81,centered_zero,3.37087409325768,20.75180000247201,2031.4542000051006,2055.57687410083,one shared preloaded model
conv-41-qa-82,centered_zero,3.37087409325768,17.47339999565156,358.3961999975145,379.2404740864237,one shared preloaded model
conv-41-qa-83,centered_zero,3.37087409325768,16.206999993300997,318.98240000009537,338.56027408665403,one shared preloaded model
conv-41-qa-84,centered_zero,3.37087409325768,20.341000003099907,2344.798099999025,2368.5099740953824,one shared preloaded model
conv-41-qa-85,centered_zero,3.37087409325768,13.838699996995274,360.1979000013671,377.40747409162003,one shared preloaded model
conv-41-qa-86,centered_zero,3.37087409325768,14.03289999871049,499.94230000447715,517.3460740964454,one shared preloaded model
conv-41-qa-87,centered_zero,3.37087409325768,19.29070000187494,322.1983000039472,344.85987409907983,one shared preloaded model
conv-41-qa-88,centered_zero,3.37087409325768,17.668699998466764,274.1477000017767,295.1872740935011,one shared preloaded model
conv-41-qa-89,centered_zero,3.37087409325768,17.15659999899799,471.67910000280244,492.2065740950581,one shared preloaded model
conv-41-qa-90,centered_zero,3.37087409325768,14.138899998215493,274.97589999984484,292.485674091318,one shared preloaded model
conv-41-qa-91,centered_zero,3.37087409325768,15.01490000373451,173.2220000048983,191.60777410189047,one shared preloaded model
conv-41-qa-92,centered_zero,3.37087409325768,19.583799999963958,1819.2344000053708,1842.1890740985925,one shared preloaded model
conv-41-qa-93,centered_zero,3.37087409325768,19.25360000313958,255.8257000055164,278.45017410191366,one shared preloaded model
conv-41-qa-94,centered_zero,3.37087409325768,21.191599997109734,284.5123000006424,309.07477409100983,one shared preloaded model
conv-41-qa-95,centered_zero,3.37087409325768,21.00860000064131,281.01640000386396,305.39587409776294,one shared preloaded model
conv-41-qa-96,centered_zero,3.37087409325768,29.748700006166473,277.819199996884,310.9387740963081,one shared preloaded model
conv-41-qa-97,centered_zero,3.37087409325768,21.724900005210657,435.1831000021775,460.27887410064585,one shared preloaded model
conv-41-qa-98,centered_zero,3.37087409325768,17.286599999351893,2225.2427999992506,2245.90027409186,one shared preloaded model
conv-41-qa-99,centered_zero,3.37087409325768,21.394099996541627,572.9037000055541,597.6686740953535,one shared preloaded model
conv-41-qa-100,centered_zero,3.37087409325768,18.29359999828739,174.5394999961718,196.20397408771686,one shared preloaded model
conv-41-qa-101,centered_zero,3.37087409325768,20.60650000203168,291.65069999726256,315.6280740925519,one shared preloaded model
conv-41-qa-102,centered_zero,3.37087409325768,18.00350000121398,296.1853000015253,317.55967409599697,one shared preloaded model
conv-41-qa-103,centered_zero,3.37087409325768,18.379299996013287,120.69630000041798,142.44647408968893,one shared preloaded model
conv-41-qa-104,centered_zero,3.37087409325768,19.369200002984144,226.80709999985993,249.54717409610174,one shared preloaded model
conv-41-qa-105,centered_zero,3.37087409325768,22.735099999408703,534.7476000024471,560.8535740951136,one shared preloaded model
conv-41-qa-106,centered_zero,3.37087409325768,15.965100006724242,274.12509999703616,293.46107409701807,one shared preloaded model
conv-41-qa-107,centered_zero,3.37087409325768,21.196099994995166,289.51479999523144,314.0817740834843,one shared preloaded model
conv-41-qa-108,centered_zero,3.37087409325768,20.368200006487314,287.01830000500195,310.75737410474693,one shared preloaded model
conv-41-qa-109,centered_zero,3.37087409325768,17.970500004594214,296.23629999696277,317.57767409481465,one shared preloaded model
conv-41-qa-110,centered_zero,3.37087409325768,23.88069999869913,1056.8270000003395,1084.0785740922963,one shared preloaded model
conv-41-qa-111,centered_zero,3.37087409325768,19.815999999991618,265.3317000003881,288.51857409363737,one shared preloaded model
conv-41-qa-112,centered_zero,3.37087409325768,19.557200001145247,123.51240000134567,146.44047409574858,one shared preloaded model
conv-41-qa-113,centered_zero,3.37087409325768,20.72020000196062,277.6383000018541,301.72937409707237,one shared preloaded model
conv-41-qa-114,centered_zero,3.37087409325768,19.03160000074422,1453.1453999952646,1475.5478740892665,one shared preloaded model
conv-41-qa-115,centered_zero,3.37087409325768,19.108000000414904,231.825699993351,254.30457408702358,one shared preloaded model
conv-41-qa-116,centered_zero,3.37087409325768,20.62630000000354,1132.6683000006597,1156.665474093921,one shared preloaded model
conv-41-qa-117,centered_zero,3.37087409325768,19.406100000196602,287.59330000320915,310.3702740966634,one shared preloaded model
conv-41-qa-118,centered_zero,3.37087409325768,22.615200003201608,770.8112000036635,796.7972741001229,one shared preloaded model
conv-41-qa-119,centered_zero,3.37087409325768,18.68810000451049,323.5911000010674,345.65007409883555,one shared preloaded model
conv-41-qa-120,centered_zero,3.37087409325768,18.500999998650514,173.84899999888148,195.72087409078966,one shared preloaded model
conv-41-qa-121,centered_zero,3.37087409325768,19.814699997368734,981.7447999957949,1004.9303740864214,one shared preloaded model
conv-41-qa-122,centered_zero,3.37087409325768,19.138900002872106,319.03890000103274,341.5486740971625,one shared preloaded model
conv-41-qa-123,centered_zero,3.37087409325768,14.978599996538833,1744.5452000029036,1762.8946740927001,one shared preloaded model
conv-41-qa-124,centered_zero,3.37087409325768,13.942400000814814,1030.7684999934281,1048.0817740875007,one shared preloaded model
conv-41-qa-125,centered_zero,3.37087409325768,16.43270000204211,530.3893000018434,550.1928740971432,one shared preloaded model
conv-41-qa-126,centered_zero,3.37087409325768,17.68179999635322,386.4130999936606,407.46577408327147,one shared preloaded model
conv-41-qa-127,centered_zero,3.37087409325768,18.861199998355005,563.3299999972223,585.5620740888351,one shared preloaded model
conv-41-qa-128,centered_zero,3.37087409325768,17.588599999726284,980.6708000032813,1001.6302740962653,one shared preloaded model
conv-41-qa-129,centered_zero,3.37087409325768,21.105400002852548,957.2180000031949,981.6942740993052,one shared preloaded model
conv-41-qa-130,centered_zero,3.37087409325768,16.14809999591671,222.51580000011018,242.03477408928455,one shared preloaded model
conv-41-qa-131,centered_zero,3.37087409325768,23.30210000218358,274.7744000007515,301.44737409619273,one shared preloaded model
conv-41-qa-132,centered_zero,3.37087409325768,17.188899997563567,410.97889999946347,431.5386740902847,one shared preloaded model
conv-41-qa-133,centered_zero,3.37087409325768,18.812999995134305,271.86440000514267,294.04827409353464,one shared preloaded model
conv-41-qa-134,centered_zero,3.37087409325768,15.069600005517714,241.31230000057258,259.75277409934796,one shared preloaded model
conv-41-qa-135,centered_zero,3.37087409325768,37.79710000526393,654.4505999991088,695.6185740976305,one shared preloaded model
conv-41-qa-136,centered_zero,3.37087409325768,20.922699994116556,129.2851999969571,153.57877408433131,one shared preloaded model
conv-41-qa-137,centered_zero,3.37087409325768,19.930300004489254,206.51850000285776,229.8196741006047,one shared preloaded model
conv-41-qa-138,centered_zero,3.37087409325768,20.675799998571165,290.45639999822015,314.503074090049,one shared preloaded model
conv-41-qa-139,centered_zero,3.37087409325768,26.792500000738073,642.6542999979574,672.8176740919532,one shared preloaded model
conv-41-qa-140,centered_zero,3.37087409325768,18.5531999959494,360.49410000123316,382.41817409044023,one shared preloaded model
conv-41-qa-141,centered_zero,3.37087409325768,24.07699999457691,544.2901999995229,571.7380740873575,one shared preloaded model
conv-41-qa-142,centered_zero,3.37087409325768,19.60720000352012,1009.902099998726,1032.880174095504,one shared preloaded model
conv-41-qa-143,centered_zero,3.37087409325768,20.920499999192543,172.6639000044088,196.955274096859,one shared preloaded model
conv-41-qa-144,centered_zero,3.37087409325768,19.57850000326289,180.56849999993574,203.5178740964563,one shared preloaded model
conv-41-qa-145,centered_zero,3.37087409325768,16.051900005550124,1007.3517999990145,1026.7745740978223,one shared preloaded model
conv-41-qa-146,centered_zero,3.37087409325768,20.752900003571995,289.93500000069616,314.0587740975258,one shared preloaded model
conv-41-qa-147,centered_zero,3.37087409325768,21.713200003432576,122.43370000214782,147.51777409883806,one shared preloaded model
conv-41-qa-148,centered_zero,3.37087409325768,18.41229999990901,2205.876400003035,2227.6595740962016,one shared preloaded model
conv-41-qa-149,centered_zero,3.37087409325768,13.478300003043842,335.80049999727635,352.64967409357786,one shared preloaded model
conv-41-qa-150,centered_zero,3.37087409325768,19.513400002324488,447.523299997556,470.4075740931382,one shared preloaded model
conv-41-qa-151,centered_zero,3.37087409325768,13.568800000939518,276.23949999542674,293.1791740896239,one shared preloaded model
conv-41-qa-152,centered_zero,3.37087409325768,18.302999997104052,272.69360000354936,294.3674740939111,one shared preloaded model
conv-41-qa-153,centered_zero,3.37087409325768,20.73720000043977,281.83030000218423,305.93837409588167,one shared preloaded model
conv-41-qa-154,centered_zero,3.37087409325768,19.711099994310644,121.66979999892646,144.75177408649478,one shared preloaded model
conv-41-qa-155,centered_zero,3.37087409325768,14.029899997694883,260.17319999664323,277.5739740875958,one shared preloaded model
conv-41-qa-156,centered_zero,3.37087409325768,13.306099994224496,262.91829999536276,279.5952740828449,one shared preloaded model
conv-41-qa-157,centered_zero,3.37087409325768,20.675300002039876,275.30290000140667,299.3490740967042,one shared preloaded model
conv-41-qa-158,centered_zero,3.37087409325768,18.002500000875443,251.93259999650763,273.30597409064075,one shared preloaded model
conv-41-qa-159,centered_zero,3.37087409325768,17.681800003629178,275.5615999994916,296.61427409637844,one shared preloaded model
conv-41-qa-160,centered_zero,3.37087409325768,17.206099997565616,384.3150999964564,404.8920740872797,one shared preloaded model
conv-41-qa-161,centered_zero,3.37087409325768,20.315200003096834,600.0243000016781,623.7103740980326,one shared preloaded model
conv-41-qa-162,centered_zero,3.37087409325768,12.809799998649396,272.51999999862164,288.7006740905287,one shared preloaded model
conv-41-qa-163,centered_zero,3.37087409325768,19.81839999643853,754.5268000030774,777.7160740927736,one shared preloaded model
conv-41-qa-164,centered_zero,3.37087409325768,16.5975999989314,271.76260000123875,291.7310740934278,one shared preloaded model
conv-41-qa-165,centered_zero,3.37087409325768,20.30209999793442,591.2965999959852,614.9695740871773,one shared preloaded model
conv-41-qa-166,centered_zero,3.37087409325768,18.003900004259776,286.72000000369735,308.0947741012148,one shared preloaded model
conv-41-qa-167,centered_zero,3.37087409325768,21.03749999514548,283.2360000029439,307.64437409134706,one shared preloaded model
conv-41-qa-168,centered_zero,3.37087409325768,21.060499995655846,273.3961000049021,297.8274740938156,one shared preloaded model
conv-41-qa-169,centered_zero,3.37087409325768,21.64259999699425,318.57700000546174,343.59047409571366,one shared preloaded model
conv-41-qa-170,centered_zero,3.37087409325768,21.548000004258938,224.70030000113184,249.61917409864844,one shared preloaded model
conv-41-qa-171,centered_zero,3.37087409325768,24.881199999072123,267.6034999967669,295.8555740890967,one shared preloaded model
conv-41-qa-172,centered_zero,3.37087409325768,19.50329999817768,276.163100003032,299.03727409446736,one shared preloaded model
conv-41-qa-173,centered_zero,3.37087409325768,18.93510000081733,278.2491999969352,300.5551740910102,one shared preloaded model
conv-41-qa-174,centered_zero,3.37087409325768,22.015700000338256,274.6002999992925,299.9868740928884,one shared preloaded model
conv-41-qa-175,centered_zero,3.37087409325768,20.630200000596233,161.59090000292053,185.59197409677444,one shared preloaded model
conv-41-qa-176,centered_zero,3.37087409325768,12.248599996382836,261.37520000338554,276.99467409302605,one shared preloaded model
conv-41-qa-177,centered_zero,3.37087409325768,18.588099999760743,275.530400002026,297.4893740950444,one shared preloaded model
conv-41-qa-178,centered_zero,3.37087409325768,18.511900001612958,299.0894999966258,320.97227409149644,one shared preloaded model
conv-41-qa-179,centered_zero,3.37087409325768,16.409100004239008,266.2318000002415,286.01177409773817,one shared preloaded model
conv-41-qa-180,centered_zero,3.37087409325768,16.299499999149702,273.28570000099717,292.95607409340454,one shared preloaded model
conv-41-qa-181,centered_zero,3.37087409325768,20.48589999321848,272.3735999970813,296.2303740835575,one shared preloaded model
conv-41-qa-182,centered_zero,3.37087409325768,16.94300000235671,266.2932000021101,286.6070740977245,one shared preloaded model
conv-41-qa-183,centered_zero,3.37087409325768,18.456899997545406,276.7311999996309,298.558974090434,one shared preloaded model
conv-41-qa-184,centered_zero,3.37087409325768,26.554999996733386,256.859599998279,286.78547408827006,one shared preloaded model
conv-41-qa-185,centered_zero,3.37087409325768,18.500799997127615,279.658899999049,301.5305740894343,one shared preloaded model
conv-41-qa-186,centered_zero,3.37087409325768,18.313900000066496,225.31850000086706,247.00327409419123,one shared preloaded model
conv-41-qa-187,centered_zero,3.37087409325768,20.486900000832975,256.0442999965744,279.90207409066505,one shared preloaded model
conv-41-qa-188,centered_zero,3.37087409325768,18.35630000277888,180.69239999749698,202.41957409353353,one shared preloaded model
conv-41-qa-189,centered_zero,3.37087409325768,19.682099999045022,123.01229999866337,146.06527409096606,one shared preloaded model
conv-41-qa-190,centered_zero,3.37087409325768,13.767299999017268,407.2264000060386,424.36457409831354,one shared preloaded model
conv-41-qa-191,centered_zero,3.37087409325768,16.04819999920437,258.18230000004405,277.6013740925061,one shared preloaded model
conv-41-qa-192,centered_zero,3.37087409325768,17.167700003483333,174.63749999296851,195.17607408970952,one shared preloaded model
conv-42-qa-0,centered_zero,2.2827865384617607,19.07509999728063,329.0712000016356,350.429086537378,one shared preloaded model
conv-42-qa-1,centered_zero,2.2827865384617607,19.44289999664761,174.55190000328002,196.2775865383894,one shared preloaded model
conv-42-qa-2,centered_zero,2.2827865384617607,11.487100004160311,273.53759999823524,287.3074865408573,one shared preloaded model
conv-42-qa-3,centered_zero,2.2827865384617607,19.202399998903275,639.5698999986053,661.0550865359703,one shared preloaded model
conv-42-qa-4,centered_zero,2.2827865384617607,15.893000003416091,258.2664000001387,276.44218654201654,one shared preloaded model
conv-42-qa-5,centered_zero,2.2827865384617607,18.521600002713967,358.24940000020433,379.0537865413801,one shared preloaded model
conv-42-qa-6,centered_zero,2.2827865384617607,16.470700000354555,232.52689999935683,251.28038653817313,one shared preloaded model
conv-42-qa-7,centered_zero,2.2827865384617607,18.398599997453857,396.4369000022998,417.11828653821544,one shared preloaded model
conv-42-qa-8,centered_zero,2.2827865384617607,16.709700001229066,396.25010000600014,415.242586545691,one shared preloaded model
conv-42-qa-9,centered_zero,2.2827865384617607,18.318700000236277,256.47449999814853,277.0759865368466,one shared preloaded model
conv-42-qa-10,centered_zero,2.2827865384617607,13.60519999434473,350.76690000278177,366.6548865355883,one shared preloaded model
conv-42-qa-11,centered_zero,2.2827865384617607,19.417299998167437,480.2004000011948,501.900486537824,one shared preloaded model
conv-42-qa-12,centered_zero,2.2827865384617607,19.31229999900097,319.26709999970626,340.862186537169,one shared preloaded model
conv-42-qa-13,centered_zero,2.2827865384617607,17.548800002259668,608.0179999989923,627.8495865397138,one shared preloaded model
conv-42-qa-14,centered_zero,2.2827865384617607,19.02690000133589,263.74940000096103,285.0590865407587,one shared preloaded model
conv-42-qa-15,centered_zero,2.2827865384617607,19.91460000135703,704.5822000000044,726.7795865398232,one shared preloaded model
conv-42-qa-16,centered_zero,2.2827865384617607,17.783800001780037,211.79590000247117,231.86248654271296,one shared preloaded model
conv-42-qa-17,centered_zero,2.2827865384617607,20.42510000319453,255.294499998854,278.0023865405103,one shared preloaded model
conv-42-qa-18,centered_zero,2.2827865384617607,20.467200003622565,292.09320000518346,314.8431865472678,one shared preloaded model
conv-42-qa-19,centered_zero,2.2827865384617607,15.740400005597621,123.05490000289865,141.07808654695802,one shared preloaded model
conv-42-qa-20,centered_zero,2.2827865384617607,18.22149999497924,651.4019999958691,671.9062865293101,one shared preloaded model
conv-42-qa-21,centered_zero,2.2827865384617607,20.944600000802893,111.85030000342522,135.07768654268986,one shared preloaded model
conv-42-qa-22,centered_zero,2.2827865384617607,13.334499999473337,613.6522000015248,629.2694865394599,one shared preloaded model
conv-42-qa-23,centered_zero,2.2827865384617607,16.422399996372405,736.1328999977559,754.8380865325901,one shared preloaded model
conv-42-qa-24,centered_zero,2.2827865384617607,20.753199998580385,643.6033999998472,666.6393865368893,one shared preloaded model
conv-42-qa-25,centered_zero,2.2827865384617607,19.054700002016034,620.4092999978457,641.7467865383235,one shared preloaded model
conv-42-qa-26,centered_zero,2.2827865384617607,15.17710000189254,600.7567000051495,618.2165865455038,one shared preloaded model
conv-42-qa-27,centered_zero,2.2827865384617607,17.40070000232663,277.5725000028615,297.2559865436499,one shared preloaded model
conv-42-qa-28,centered_zero,2.2827865384617607,20.073599996976554,706.7213999980595,729.0777865334978,one shared preloaded model
conv-42-qa-29,centered_zero,2.2827865384617607,19.175200002791826,404.0404999977909,425.4984865390445,one shared preloaded model
conv-42-qa-30,centered_zero,2.2827865384617607,13.152400002581999,121.25340000056894,136.6885865416127,one shared preloaded model
conv-42-qa-31,centered_zero,2.2827865384617607,18.401900000753812,710.8459999944898,731.5306865337054,one shared preloaded model
conv-42-qa-32,centered_zero,2.2827865384617607,16.998500002955552,262.27920000383165,281.560486545249,one shared preloaded model
conv-42-qa-33,centered_zero,2.2827865384617607,21.827600001415703,640.6710999945062,664.7814865343837,one shared preloaded model
conv-42-qa-34,centered_zero,2.2827865384617607,16.224400002101902,577.5575000006938,596.0646865412575,one shared preloaded model
conv-42-qa-35,centered_zero,2.2827865384617607,17.019400002027396,680.3221000009216,699.6242865414108,one shared preloaded model
conv-42-qa-36,centered_zero,2.2827865384617607,17.93529999849852,772.2981999977492,792.5162865347095,one shared preloaded model
conv-42-qa-37,centered_zero,2.2827865384617607,17.170099999930244,667.528999998467,686.9818865368591,one shared preloaded model
conv-42-qa-38,centered_zero,2.2827865384617607,20.932100000209175,438.47050000476884,461.6853865434398,one shared preloaded model
conv-42-qa-39,centered_zero,2.2827865384617607,16.717699996661395,421.9242999970447,440.9247865321679,one shared preloaded model
conv-42-qa-40,centered_zero,2.2827865384617607,15.845300004002638,409.8322999998345,427.9603865422989,one shared preloaded model
conv-42-qa-41,centered_zero,2.2827865384617607,12.781299999915063,439.0629999979865,454.1270865363633,one shared preloaded model
conv-42-qa-42,centered_zero,2.2827865384617607,14.494100003503263,160.29799999523675,177.07488653720176,one shared preloaded model
conv-42-qa-43,centered_zero,2.2827865384617607,19.158400005835574,234.0050999991945,255.44628654349182,one shared preloaded model
conv-42-qa-44,centered_zero,2.2827865384617607,19.674399998621084,683.6458999969182,705.603086534001,one shared preloaded model
conv-42-qa-45,centered_zero,2.2827865384617607,18.23250000597909,580.5019999970682,601.0172865415091,one shared preloaded model
conv-42-qa-46,centered_zero,2.2827865384617607,18.397499996353872,172.2178000054555,192.89808654027112,one shared preloaded model
conv-42-qa-47,centered_zero,2.2827865384617607,15.009000002464745,175.30229999829317,192.59408653921966,one shared preloaded model
conv-42-qa-48,centered_zero,2.2827865384617607,19.350099995790515,565.555500004848,587.1883865391003,one shared preloaded model
conv-42-qa-49,centered_zero,2.2827865384617607,16.490599999087863,275.5323000019416,294.30568653949126,one shared preloaded model
conv-42-qa-50,centered_zero,2.2827865384617607,22.236299999349285,173.21520000405144,197.73428654186247,one shared preloaded model
conv-42-qa-51,centered_zero,2.2827865384617607,18.35869999922579,386.2516000008327,406.89308653852027,one shared preloaded model
conv-42-qa-52,centered_zero,2.2827865384617607,15.651399997295812,129.30629999755183,147.2404865333094,one shared preloaded model
conv-42-qa-53,centered_zero,2.2827865384617607,17.155599998659454,129.41500000306405,148.85338654018526,one shared preloaded model
conv-42-qa-54,centered_zero,2.2827865384617607,19.214200001442805,675.5371999970521,697.0341865369567,one shared preloaded model
conv-42-qa-55,centered_zero,2.2827865384617607,11.957700000493787,460.38290000433335,474.6233865432889,one shared preloaded model
conv-42-qa-56,centered_zero,2.2827865384617607,20.169900002656505,172.2555000014836,194.70818654260185,one shared preloaded model
conv-42-qa-57,centered_zero,2.2827865384617607,19.385300001886208,396.17529999668477,417.84338653703276,one shared preloaded model
conv-42-qa-58,centered_zero,2.2827865384617607,11.443999996117782,455.34800000314135,469.0747865377209,one shared preloaded model
conv-42-qa-59,centered_zero,2.2827865384617607,15.426199999637902,518.4309000032954,536.1398865413951,one shared preloaded model
conv-42-qa-60,centered_zero,2.2827865384617607,18.370199999480974,264.03099999879487,284.6839865367376,one shared preloaded model
conv-42-qa-61,centered_zero,2.2827865384617607,18.905699995229952,174.04979999992065,195.23828653361235,one shared preloaded model
conv-42-qa-62,centered_zero,2.2827865384617607,14.261000003898516,225.55719999945723,242.1009865418175,one shared preloaded model
conv-42-qa-63,centered_zero,2.2827865384617607,22.763299995858688,175.9031999972649,200.94928653158533,one shared preloaded model
conv-42-qa-64,centered_zero,2.2827865384617607,15.581600004225038,433.6853000058909,451.5496865485777,one shared preloaded model
conv-42-qa-65,centered_zero,2.2827865384617607,16.27050000388408,758.0540999988443,776.6073865411902,one shared preloaded model
conv-42-qa-66,centered_zero,2.2827865384617607,18.631999999342952,279.25949999917066,300.1742865369754,one shared preloaded model
conv-42-qa-67,centered_zero,2.2827865384617607,19.947999993746635,276.54379999876255,298.77458653097096,one shared preloaded model
conv-42-qa-68,centered_zero,2.2827865384617607,21.95279999432387,248.04540000332054,272.2809865361062,one shared preloaded model
conv-42-qa-69,centered_zero,2.2827865384617607,18.077399996400345,122.05230000108713,142.41248653594923,one shared preloaded model
conv-42-qa-70,centered_zero,2.2827865384617607,18.233900002087466,129.65680000343127,150.1734865439805,one shared preloaded model
conv-42-qa-71,centered_zero,2.2827865384617607,14.883400006510783,122.38479999359697,139.5509865385695,one shared preloaded model
conv-42-qa-72,centered_zero,2.2827865384617607,11.660900003334973,605.8515000040643,619.795186545861,one shared preloaded model
conv-42-qa-73,centered_zero,2.2827865384617607,17.711899999994785,252.2906000012881,272.2852865397447,one shared preloaded model
conv-42-qa-74,centered_zero,2.2827865384617607,20.15419999952428,804.6238000024459,827.060786540432,one shared preloaded model
conv-42-qa-75,centered_zero,2.2827865384617607,15.1867000022321,450.0341000020853,467.5035865427792,one shared preloaded model
conv-42-qa-76,centered_zero,2.2827865384617607,16.76959999895189,291.1138000054052,310.1661865428189,one shared preloaded model
conv-42-qa-77,centered_zero,2.2827865384617607,17.01939999475144,346.12899999774527,365.4311865309585,one shared preloaded model
conv-42-qa-78,centered_zero,2.2827865384617607,17.79520000127377,109.10839999996824,129.18638653970376,one shared preloaded model
conv-42-qa-79,centered_zero,2.2827865384617607,11.142799994559027,128.33780000073602,141.7633865337568,one shared preloaded model
conv-42-qa-80,centered_zero,2.2827865384617607,18.11719999386696,123.76689999655355,144.16688652888226,one shared preloaded model
conv-42-qa-81,centered_zero,2.2827865384617607,13.462799994158559,262.7691999950912,278.5147865277115,one shared preloaded model
conv-42-qa-82,centered_zero,2.2827865384617607,15.600400001858361,335.84849999897415,353.7316865392943,one shared preloaded model
conv-42-qa-83,centered_zero,2.2827865384617607,22.27829999901587,755.2839000054519,779.8449865429295,one shared preloaded model
conv-42-qa-84,centered_zero,2.2827865384617607,19.10640000278363,121.54990000271937,142.93908654396475,one shared preloaded model
conv-42-qa-85,centered_zero,2.2827865384617607,19.545000002835877,284.87070000119274,306.6984865424904,one shared preloaded model
conv-42-qa-86,centered_zero,2.2827865384617607,17.749899998307228,700.2303999979631,720.2630865347321,one shared preloaded model
conv-42-qa-87,centered_zero,2.2827865384617607,20.774000004166737,261.2666999993962,284.32348654202474,one shared preloaded model
conv-42-qa-88,centered_zero,2.2827865384617607,18.848600004275795,219.2875999971875,240.41898653992504,one shared preloaded model
conv-42-qa-89,centered_zero,2.2827865384617607,22.819199999503326,123.6157999956049,148.71778653356998,one shared preloaded model
conv-42-qa-90,centered_zero,2.2827865384617607,18.07369999733055,354.56239999621175,374.9188865320041,one shared preloaded model
conv-42-qa-91,centered_zero,2.2827865384617607,18.795000003592577,578.5507999971742,599.6285865392285,one shared preloaded model
conv-42-qa-92,centered_zero,2.2827865384617607,12.711600000329781,277.168000000529,292.16238653932055,one shared preloaded model
conv-42-qa-93,centered_zero,2.2827865384617607,20.432800003618468,330.73460000014165,353.4501865422219,one shared preloaded model
conv-42-qa-94,centered_zero,2.2827865384617607,19.565599999623373,272.6879000038025,294.53628654188765,one shared preloaded model
conv-42-qa-95,centered_zero,2.2827865384617607,12.394500001391862,276.7651999965892,291.44248653644286,one shared preloaded model
conv-42-qa-96,centered_zero,2.2827865384617607,20.86280000366969,277.8506999966339,300.9962865387654,one shared preloaded model
conv-42-qa-97,centered_zero,2.2827865384617607,19.294399993668776,266.68249999784166,288.2596865299722,one shared preloaded model
conv-42-qa-98,centered_zero,2.2827865384617607,17.897200006700587,264.03640000353334,284.2163865486957,one shared preloaded model
conv-42-qa-99,centered_zero,2.2827865384617607,20.28759999666363,176.50059999868972,199.0709865338151,one shared preloaded model
conv-42-qa-100,centered_zero,2.2827865384617607,17.740700001013465,235.83960000541992,255.86308654489514,one shared preloaded model
conv-42-qa-101,centered_zero,2.2827865384617607,22.25150000595022,586.4412000009906,610.9754865454026,one shared preloaded model
conv-42-qa-102,centered_zero,2.2827865384617607,16.83049999701325,315.6209000007948,334.7341865362698,one shared preloaded model
conv-42-qa-103,centered_zero,2.2827865384617607,22.980699999607168,264.7016999981133,289.9651865361823,one shared preloaded model
conv-42-qa-104,centered_zero,2.2827865384617607,20.683199996710755,789.6266000025207,812.5925865376933,one shared preloaded model
conv-42-qa-105,centered_zero,2.2827865384617607,17.665899998974055,269.2218000011053,289.1704865385411,one shared preloaded model
conv-42-qa-106,centered_zero,2.2827865384617607,17.80309999594465,819.7827999974834,839.8686865318898,one shared preloaded model
conv-42-qa-107,centered_zero,2.2827865384617607,15.402700002596248,1035.305999997945,1052.991486539003,one shared preloaded model
conv-42-qa-108,centered_zero,2.2827865384617607,12.661300002946518,876.8218000041088,891.7658865455171,one shared preloaded model
conv-42-qa-109,centered_zero,2.2827865384617607,19.649399997433648,172.61429999780376,194.54648653369915,one shared preloaded model
conv-42-qa-110,centered_zero,2.2827865384617607,18.41440000134753,903.9019999981974,924.5991865380067,one shared preloaded model
conv-42-qa-111,centered_zero,2.2827865384617607,16.863900003954768,477.6817000019946,496.82838654441116,one shared preloaded model
conv-42-qa-112,centered_zero,2.2827865384617607,13.660600001458079,172.14209999656305,188.08548653648288,one shared preloaded model
conv-42-qa-113,centered_zero,2.2827865384617607,18.20210000005318,276.67490000021644,297.1597865387314,one shared preloaded model
conv-42-qa-114,centered_zero,2.2827865384617607,19.73369999905117,123.07570000120904,145.09218653872196,one shared preloaded model
conv-42-qa-115,centered_zero,2.2827865384617607,18.42190000024857,327.27449999947567,347.979186538186,one shared preloaded model
conv-42-qa-116,centered_zero,2.2827865384617607,22.12320000398904,222.79010000056587,247.19608654301666,one shared preloaded model
conv-42-qa-117,centered_zero,2.2827865384617607,22.75470000313362,223.91549999883864,248.952986540434,one shared preloaded model
conv-42-qa-118,centered_zero,2.2827865384617607,21.967799999401905,122.97740000212798,147.22798653999163,one shared preloaded model
conv-42-qa-119,centered_zero,2.2827865384617607,19.441900003585033,498.1173999985913,519.8420865406381,one shared preloaded model
conv-42-qa-120,centered_zero,2.2827865384617607,20.503300002019387,225.51939999539172,248.30548653587286,one shared preloaded model
conv-42-qa-121,centered_zero,2.2827865384617607,21.45320000272477,247.40569999994477,271.1416865411313,one shared preloaded model
conv-42-qa-122,centered_zero,2.2827865384617607,20.520800004305784,256.36110000050394,279.1646865432715,one shared preloaded model
conv-42-qa-123,centered_zero,2.2827865384617607,18.347700002777856,1856.5298000030452,1877.1602865442849,one shared preloaded model
conv-42-qa-124,centered_zero,2.2827865384617607,18.72659999935422,212.59550000104355,233.60488653885952,one shared preloaded model
conv-42-qa-125,centered_zero,2.2827865384617607,21.93299999635201,966.0833000016282,990.299086536442,one shared preloaded model
conv-42-qa-126,centered_zero,2.2827865384617607,17.114200003561564,254.30609999602893,273.7030865380523,one shared preloaded model
conv-42-qa-127,centered_zero,2.2827865384617607,18.111799996404443,1768.3158999934676,1788.7104865283338,one shared preloaded model
conv-42-qa-128,centered_zero,2.2827865384617607,12.070799995854031,172.1977999986848,186.55138653300057,one shared preloaded model
conv-42-qa-129,centered_zero,2.2827865384617607,18.87729999725707,172.38090000319062,193.54098653890944,one shared preloaded model
conv-42-qa-130,centered_zero,2.2827865384617607,19.386699997994583,327.4690999969607,349.1385865334171,one shared preloaded model
conv-42-qa-131,centered_zero,2.2827865384617607,18.560999997134786,353.94309999537654,374.7868865309731,one shared preloaded model
conv-42-qa-132,centered_zero,2.2827865384617607,19.116800001938827,265.55930000176886,286.95888654216947,one shared preloaded model
conv-42-qa-133,centered_zero,2.2827865384617607,17.168900005344767,131.1335999998846,150.58528654369113,one shared preloaded model
conv-42-qa-134,centered_zero,2.2827865384617607,18.64190000196686,380.52220000099624,401.4468865414249,one shared preloaded model
conv-42-qa-135,centered_zero,2.2827865384617607,15.711399995780084,226.94080000655958,244.93498654080142,one shared preloaded model
conv-42-qa-136,centered_zero,2.2827865384617607,20.02150000043912,122.46140000206651,144.76568654096738,one shared preloaded model
conv-42-qa-137,centered_zero,2.2827865384617607,18.46279999881517,277.01360000355635,297.7591865408333,one shared preloaded model
conv-42-qa-138,centered_zero,2.2827865384617607,21.94210000016028,287.1831000011298,311.40798653975185,one shared preloaded model
conv-42-qa-139,centered_zero,2.2827865384617607,15.076199997565709,492.3750000016298,509.7339865376573,one shared preloaded model
conv-42-qa-140,centered_zero,2.2827865384617607,14.116099999228027,257.550700000138,273.9495865378278,one shared preloaded model
conv-42-qa-141,centered_zero,2.2827865384617607,19.945499996538274,1474.9228000000585,1497.1510865350585,one shared preloaded model
conv-42-qa-142,centered_zero,2.2827865384617607,18.230299996503163,273.00620000460185,293.5192865395668,one shared preloaded model
conv-42-qa-143,centered_zero,2.2827865384617607,19.001799999387003,1402.6898999945843,1423.974486532433,one shared preloaded model
conv-42-qa-144,centered_zero,2.2827865384617607,15.700899995863438,962.9021000000648,980.88578653439,one shared preloaded model
conv-42-qa-145,centered_zero,2.2827865384617607,16.818500000226777,347.5227000017185,366.62398654040703,one shared preloaded model
conv-42-qa-146,centered_zero,2.2827865384617607,15.016799996374175,504.52339999901596,521.8229865338519,one shared preloaded model
conv-42-qa-147,centered_zero,2.2827865384617607,20.79309999680845,333.6395000005723,356.7153865358425,one shared preloaded model
conv-42-qa-148,centered_zero,2.2827865384617607,16.15680000395514,705.2293000015197,723.6688865439367,one shared preloaded model
conv-42-qa-149,centered_zero,2.2827865384617607,19.28369999950519,873.6716999992495,895.2381865372165,one shared preloaded model
conv-42-qa-150,centered_zero,2.2827865384617607,21.196999994572252,252.53569999767933,276.01548653071336,one shared preloaded model
conv-42-qa-151,centered_zero,2.2827865384617607,20.343600001069717,260.0691999978153,282.6955865373468,one shared preloaded model
conv-42-qa-152,centered_zero,2.2827865384617607,11.930900000152178,372.09859999711625,386.3122865357302,one shared preloaded model
conv-42-qa-153,centered_zero,2.2827865384617607,13.355700000829529,410.54019999864977,426.1786865379411,one shared preloaded model
conv-42-qa-154,centered_zero,2.2827865384617607,21.607000002404675,349.6547000031569,373.54448654402336,one shared preloaded model
conv-42-qa-155,centered_zero,2.2827865384617607,18.560600001364946,284.5043999986956,305.3477865385223,one shared preloaded model
conv-42-qa-156,centered_zero,2.2827865384617607,21.5812000024016,266.5036999969743,290.3676865378377,one shared preloaded model
conv-42-qa-157,centered_zero,2.2827865384617607,20.574300004227553,499.98129999585217,522.8383865385415,one shared preloaded model
conv-42-qa-158,centered_zero,2.2827865384617607,15.784800001711119,407.837799997651,425.9053865378239,one shared preloaded model
conv-42-qa-159,centered_zero,2.2827865384617607,20.266200001060497,369.2144000015105,391.7633865410328,one shared preloaded model
conv-42-qa-160,centered_zero,2.2827865384617607,18.783100000291597,173.59980000037467,194.66568653912802,one shared preloaded model
conv-42-qa-161,centered_zero,2.2827865384617607,17.734299995936453,548.4830999994301,568.5001865338284,one shared preloaded model
conv-42-qa-162,centered_zero,2.2827865384617607,22.74020000186283,173.6123000009684,198.63528654129297,one shared preloaded model
conv-42-qa-163,centered_zero,2.2827865384617607,18.758899997919798,182.60709999594837,203.64878653232992,one shared preloaded model
conv-42-qa-164,centered_zero,2.2827865384617607,20.10080000036396,396.8537000037031,419.23728654252886,one shared preloaded model
conv-42-qa-165,centered_zero,2.2827865384617607,19.66040000115754,546.6276999941329,568.5708865337522,one shared preloaded model
conv-42-qa-166,centered_zero,2.2827865384617607,17.12500000576256,897.2523999982513,916.6601865424757,one shared preloaded model
conv-42-qa-167,centered_zero,2.2827865384617607,22.08529999916209,370.4370999985258,394.8051865361497,one shared preloaded model
conv-42-qa-168,centered_zero,2.2827865384617607,13.28040000225883,171.2956999981543,186.85888653887488,one shared preloaded model
conv-42-qa-169,centered_zero,2.2827865384617607,18.538500000431668,261.5399999995134,282.36128653840683,one shared preloaded model
conv-42-qa-170,centered_zero,2.2827865384617607,18.057300003420096,1469.2304999989574,1489.5705865408393,one shared preloaded model
conv-42-qa-171,centered_zero,2.2827865384617607,17.32820000324864,264.13009999669157,283.741086538402,one shared preloaded model
conv-42-qa-172,centered_zero,2.2827865384617607,18.13659999606898,384.8705999989761,405.28998653350686,one shared preloaded model
conv-42-qa-173,centered_zero,2.2827865384617607,17.054699994332623,1150.59299999848,1169.9304865312745,one shared preloaded model
conv-42-qa-174,centered_zero,2.2827865384617607,17.59489999676589,123.19779999961611,143.07548653484375,one shared preloaded model
conv-42-qa-175,centered_zero,2.2827865384617607,18.679499997233506,174.04639999585925,195.0086865315545,one shared preloaded model
conv-42-qa-176,centered_zero,2.2827865384617607,14.704199995321687,325.90779999736696,342.89478653115043,one shared preloaded model
conv-42-qa-177,centered_zero,2.2827865384617607,18.238500000734348,1104.8016999993706,1125.3229865385667,one shared preloaded model
conv-42-qa-178,centered_zero,2.2827865384617607,18.505499996535946,586.3638000009814,607.1520865359792,one shared preloaded model
conv-42-qa-179,centered_zero,2.2827865384617607,23.495600005844608,567.5893000006909,593.3676865449972,one shared preloaded model
conv-42-qa-180,centered_zero,2.2827865384617607,15.075199997227173,433.79989999812096,451.1578865338099,one shared preloaded model
conv-42-qa-181,centered_zero,2.2827865384617607,23.35470000252826,232.33299999992596,257.970486540916,one shared preloaded model
conv-42-qa-182,centered_zero,2.2827865384617607,24.01040000404464,276.7955000017537,303.0886865442601,one shared preloaded model
conv-42-qa-183,centered_zero,2.2827865384617607,19.034799996006768,277.3094000003766,298.6269865348452,one shared preloaded model
conv-42-qa-184,centered_zero,2.2827865384617607,14.75909999862779,2107.1203000028618,2124.162186539951,one shared preloaded model
conv-42-qa-185,centered_zero,2.2827865384617607,12.77480000135256,224.48270000313642,239.54028654295072,one shared preloaded model
conv-42-qa-186,centered_zero,2.2827865384617607,19.501999995554797,261.88460000412306,283.66938653813963,one shared preloaded model
conv-42-qa-187,centered_zero,2.2827865384617607,21.011999997426756,318.52770000114106,341.8224865370296,one shared preloaded model
conv-42-qa-188,centered_zero,2.2827865384617607,13.413700005912688,213.63890000066021,229.33538654503465,one shared preloaded model
conv-42-qa-189,centered_zero,2.2827865384617607,20.75889999832725,1744.5867999995244,1767.6284865363134,one shared preloaded model
conv-42-qa-190,centered_zero,2.2827865384617607,14.755500000319444,225.3049999999348,242.343286538716,one shared preloaded model
conv-42-qa-191,centered_zero,2.2827865384617607,21.554200000537094,1041.0525999977835,1064.8895865367824,one shared preloaded model
conv-42-qa-192,centered_zero,2.2827865384617607,16.22019999922486,254.4733000031556,272.97628654084224,one shared preloaded model
conv-42-qa-193,centered_zero,2.2827865384617607,18.766600005619694,253.95160000334727,275.00098654742874,one shared preloaded model
conv-42-qa-194,centered_zero,2.2827865384617607,20.160499996563885,463.63250000285916,486.0757865378848,one shared preloaded model
conv-42-qa-195,centered_zero,2.2827865384617607,19.53710000088904,276.94659999542637,298.7664865347772,one shared preloaded model
conv-42-qa-196,centered_zero,2.2827865384617607,20.359899994218722,174.521699998877,197.16438653155748,one shared preloaded model
conv-42-qa-197,centered_zero,2.2827865384617607,18.76030000130413,1137.5707000042894,1158.6137865440553,one shared preloaded model
conv-42-qa-198,centered_zero,2.2827865384617607,18.505899999581743,513.6278999998467,534.4165865378902,one shared preloaded model
conv-42-qa-199,centered_zero,2.2827865384617607,12.927900002978276,161.68050000123912,176.89118654267915,one shared preloaded model
conv-42-qa-200,centered_zero,2.2827865384617607,13.261599997349549,590.4566000026534,606.0009865384648,one shared preloaded model
conv-42-qa-201,centered_zero,2.2827865384617607,15.928500004520174,160.11389999766834,178.32518654065026,one shared preloaded model
conv-42-qa-202,centered_zero,2.2827865384617607,18.527200001699384,273.52390000305604,294.3338865432172,one shared preloaded model
conv-42-qa-203,centered_zero,2.2827865384617607,19.125399994663894,274.20379999966826,295.61198653279394,one shared preloaded model
conv-42-qa-204,centered_zero,2.2827865384617607,18.54779999848688,263.21979999920586,284.0503865361545,one shared preloaded model
conv-42-qa-205,centered_zero,2.2827865384617607,21.06159999675583,273.54380000178935,296.88818653700696,one shared preloaded model
conv-42-qa-206,centered_zero,2.2827865384617607,15.01280000229599,276.2034000043059,293.49898654506364,one shared preloaded model
conv-42-qa-207,centered_zero,2.2827865384617607,20.501399994827807,2210.9197999961907,2233.70398652948,one shared preloaded model
conv-42-qa-208,centered_zero,2.2827865384617607,15.548000003036577,172.07029999553924,189.90108653703757,one shared preloaded model
conv-42-qa-209,centered_zero,2.2827865384617607,18.61260000441689,282.8512999985833,303.74668654146194,one shared preloaded model
conv-42-qa-210,centered_zero,2.2827865384617607,20.82529999461258,276.2434000032954,299.35148653636975,one shared preloaded model
conv-42-qa-211,centered_zero,2.2827865384617607,18.95389999845065,173.01169999700505,194.24838653391745,one shared preloaded model
conv-42-qa-212,centered_zero,2.2827865384617607,19.320200000947807,263.9984000052209,285.6013865446305,one shared preloaded model
conv-42-qa-213,centered_zero,2.2827865384617607,20.7620999935898,621.3968000010937,644.4416865331452,one shared preloaded model
conv-42-qa-214,centered_zero,2.2827865384617607,16.001399999368005,193.63519999751588,211.91938653534564,one shared preloaded model
conv-42-qa-215,centered_zero,2.2827865384617607,19.01699999871198,223.29750000062631,244.59728653780004,one shared preloaded model
conv-42-qa-216,centered_zero,2.2827865384617607,19.791999999142718,260.25050000316696,282.32528654077146,one shared preloaded model
conv-42-qa-217,centered_zero,2.2827865384617607,16.798099997686222,171.8440999975428,190.92498653369077,one shared preloaded model
conv-42-qa-218,centered_zero,2.2827865384617607,18.785799999022856,260.2654000002076,281.3339865376922,one shared preloaded model
conv-42-qa-219,centered_zero,2.2827865384617607,18.31500000116648,274.3846000012127,294.98238654084093,one shared preloaded model
conv-42-qa-220,centered_zero,2.2827865384617607,20.61379999940982,172.58079999737674,195.4773865352483,one shared preloaded model
conv-42-qa-221,centered_zero,2.2827865384617607,13.936900002590846,275.4873000012594,291.70698654231205,one shared preloaded model
conv-42-qa-222,centered_zero,2.2827865384617607,20.695200000773184,279.30709999782266,302.2850865370576,one shared preloaded model
conv-42-qa-223,centered_zero,2.2827865384617607,21.14570000412641,255.17289999697823,278.6013865395664,one shared preloaded model
conv-42-qa-224,centered_zero,2.2827865384617607,19.983599995612167,272.9735000029905,295.2398865370644,one shared preloaded model
conv-42-qa-225,centered_zero,2.2827865384617607,18.651200000022072,474.2660999982036,495.2000865366874,one shared preloaded model
conv-42-qa-226,centered_zero,2.2827865384617607,17.50029999675462,123.8731999983429,143.65628653355927,one shared preloaded model
conv-42-qa-227,centered_zero,2.2827865384617607,18.74649999808753,282.2929000030854,303.3221865396347,one shared preloaded model
conv-42-qa-228,centered_zero,2.2827865384617607,18.868599996494595,274.5186999964062,295.6700865313626,one shared preloaded model
conv-42-qa-229,centered_zero,2.2827865384617607,14.038900000741705,274.0081000010832,290.3297865402867,one shared preloaded model
conv-42-qa-230,centered_zero,2.2827865384617607,21.490600003744476,280.64769999764394,304.4210865398502,one shared preloaded model
conv-42-qa-231,centered_zero,2.2827865384617607,20.518800003628712,223.4738000042853,246.27538654637576,one shared preloaded model
conv-42-qa-232,centered_zero,2.2827865384617607,21.29360000253655,1303.3132999989903,1326.8896865399886,one shared preloaded model
conv-42-qa-233,centered_zero,2.2827865384617607,16.05379999818979,594.0234000008786,612.3599865375302,one shared preloaded model
conv-42-qa-234,centered_zero,2.2827865384617607,19.290099997306243,472.6747000022442,494.24758653801223,one shared preloaded model
conv-42-qa-235,centered_zero,2.2827865384617607,21.08310000039637,358.2139999998617,381.57988653871985,one shared preloaded model
conv-42-qa-236,centered_zero,2.2827865384617607,18.680100001802202,884.4870999964769,905.4499865367409,one shared preloaded model
conv-42-qa-237,centered_zero,2.2827865384617607,17.742800002451986,360.44249999395106,380.4680865348648,one shared preloaded model
conv-42-qa-238,centered_zero,2.2827865384617607,18.105200004356448,422.3701000009896,442.75808654380785,one shared preloaded model
conv-42-qa-239,centered_zero,2.2827865384617607,13.867900001059752,557.594899997639,573.7455865371605,one shared preloaded model
conv-42-qa-240,centered_zero,2.2827865384617607,18.83530000486644,262.02069999999367,283.1387865433219,one shared preloaded model
conv-42-qa-241,centered_zero,2.2827865384617607,19.11180000024615,256.448599997384,277.84318653609193,one shared preloaded model
conv-42-qa-242,centered_zero,2.2827865384617607,12.913500002468936,249.07279999752063,264.26908653845135,one shared preloaded model
conv-42-qa-243,centered_zero,2.2827865384617607,17.21900000120513,300.4270999954315,319.9288865350984,one shared preloaded model
conv-42-qa-244,centered_zero,2.2827865384617607,16.371600002457853,195.1794999986305,213.8338865395501,one shared preloaded model
conv-42-qa-245,centered_zero,2.2827865384617607,12.828400002035778,120.31849999766564,135.42968653816317,one shared preloaded model
conv-42-qa-246,centered_zero,2.2827865384617607,18.58619999984512,247.94420000398532,268.8131865422922,one shared preloaded model
conv-42-qa-247,centered_zero,2.2827865384617607,20.02889999857871,674.340999998094,696.6526865351345,one shared preloaded model
conv-42-qa-248,centered_zero,2.2827865384617607,17.39139999699546,181.94010000297567,201.61428653843288,one shared preloaded model
conv-42-qa-249,centered_zero,2.2827865384617607,19.723099998373073,1302.872699998261,1324.8785865350958,one shared preloaded model
conv-42-qa-250,centered_zero,2.2827865384617607,14.55559999885736,162.3150000013993,179.15338653871842,one shared preloaded model
conv-42-qa-251,centered_zero,2.2827865384617607,19.274199999927077,161.65940000064438,183.2163865390332,one shared preloaded model
conv-42-qa-252,centered_zero,2.2827865384617607,14.153600001009181,275.26249999937136,291.6988865388423,one shared preloaded model
conv-42-qa-253,centered_zero,2.2827865384617607,18.93700000073295,212.41200000076788,233.63178653996258,one shared preloaded model
conv-42-qa-254,centered_zero,2.2827865384617607,18.637799999851268,710.6695000038599,731.5900865421729,one shared preloaded model
conv-42-qa-255,centered_zero,2.2827865384617607,15.476599997782614,274.46239999699173,292.2217865332361,one shared preloaded model
conv-42-qa-256,centered_zero,2.2827865384617607,20.24810000148136,259.86729999567615,282.3981865356193,one shared preloaded model
conv-42-qa-257,centered_zero,2.2827865384617607,16.719799998099916,274.71939999668393,293.7219865332456,one shared preloaded model
conv-42-qa-258,centered_zero,2.2827865384617607,20.199500002490822,278.1883999996353,300.6706865405879,one shared preloaded model
conv-42-qa-259,centered_zero,2.2827865384617607,13.205700000980869,710.0878999990528,725.5763865384954,one shared preloaded model
conv-43-qa-0,centered_zero,2.8009260330548362,12.382699998852331,1386.2804999953369,1401.464126027244,one shared preloaded model
conv-43-qa-1,centered_zero,2.8009260330548362,21.284700000251178,273.7215000015567,297.80712603486273,one shared preloaded model
conv-43-qa-2,centered_zero,2.8009260330548362,13.196899999456946,226.35680000530556,242.35462603781735,one shared preloaded model
conv-43-qa-3,centered_zero,2.8009260330548362,20.738800005347002,275.8638999948744,299.4036260332762,one shared preloaded model
conv-43-qa-4,centered_zero,2.8009260330548362,17.70820000092499,544.5209999961662,565.030126030146,one shared preloaded model
conv-43-qa-5,centered_zero,2.8009260330548362,14.779299999645445,269.0597000037087,286.639926036409,one shared preloaded model
conv-43-qa-6,centered_zero,2.8009260330548362,19.8344000018551,130.1035999931628,152.73892602807274,one shared preloaded model
conv-43-qa-7,centered_zero,2.8009260330548362,19.83040000050096,123.39809999684803,146.02942603040384,one shared preloaded model
conv-43-qa-8,centered_zero,2.8009260330548362,20.095100000617094,248.5177999988082,271.41382603248013,one shared preloaded model
conv-43-qa-9,centered_zero,2.8009260330548362,23.22460000141291,1321.4972999994643,1347.522826033932,one shared preloaded model
conv-43-qa-10,centered_zero,2.8009260330548362,20.124899994698353,429.3877000018256,452.3135260295788,one shared preloaded model
conv-43-qa-11,centered_zero,2.8009260330548362,14.03079999727197,294.3645999985165,311.1963260288433,one shared preloaded model
conv-43-qa-12,centered_zero,2.8009260330548362,20.392999998875894,263.87090000207536,287.0648260340061,one shared preloaded model
conv-43-qa-13,centered_zero,2.8009260330548362,19.550099998014048,646.3399999993271,668.691026030396,one shared preloaded model
conv-43-qa-14,centered_zero,2.8009260330548362,19.420500000705943,262.34459999977844,284.56602603353923,one shared preloaded model
conv-43-qa-15,centered_zero,2.8009260330548362,18.953200000396464,187.21510000614217,208.96922603959348,one shared preloaded model
conv-43-qa-16,centered_zero,2.8009260330548362,21.521700000448618,181.48179999843705,205.80442603194052,one shared preloaded model
conv-43-qa-17,centered_zero,2.8009260330548362,19.44089999597054,121.40919999364996,143.65102602267535,one shared preloaded model
conv-43-qa-18,centered_zero,2.8009260330548362,19.514400002663024,544.5824999987963,566.8978260345141,one shared preloaded model
conv-43-qa-19,centered_zero,2.8009260330548362,14.317699999082834,417.5440000035451,434.66262603568276,one shared preloaded model
conv-43-qa-20,centered_zero,2.8009260330548362,14.660100001492538,224.13850000157254,241.59952603611993,one shared preloaded model
conv-43-qa-21,centered_zero,2.8009260330548362,22.224799999094103,224.23559999879217,249.26132603094112,one shared preloaded model
conv-43-qa-22,centered_zero,2.8009260330548362,30.118499998934567,668.989199999487,701.9086260314764,one shared preloaded model
conv-43-qa-23,centered_zero,2.8009260330548362,19.196799999917857,180.98369999643182,202.98142602940453,one shared preloaded model
conv-43-qa-24,centered_zero,2.8009260330548362,19.77199999964796,272.92290000332287,295.4958260360257,one shared preloaded model
conv-43-qa-25,centered_zero,2.8009260330548362,22.25429999816697,271.06110000022454,296.11632603144636,one shared preloaded model
conv-43-qa-26,centered_zero,2.8009260330548362,19.25679999840213,281.67910000047414,303.7368260319311,one shared preloaded model
conv-43-qa-27,centered_zero,2.8009260330548362,17.019600003550295,323.2343000054243,343.05482604202945,one shared preloaded model
conv-43-qa-28,centered_zero,2.8009260330548362,20.533199996862095,1030.7822999966447,1054.1164260265616,one shared preloaded model
conv-43-qa-29,centered_zero,2.8009260330548362,18.571100001281593,505.42789999599336,526.7999260303297,one shared preloaded model
conv-43-qa-30,centered_zero,2.8009260330548362,16.076100000645965,411.0337000020081,429.91072603570893,one shared preloaded model
conv-43-qa-31,centered_zero,2.8009260330548362,23.14949999708915,122.63260000327136,148.58302603341536,one shared preloaded model
conv-43-qa-32,centered_zero,2.8009260330548362,19.973399997979868,276.267099994584,299.0414260256187,one shared preloaded model
conv-43-qa-33,centered_zero,2.8009260330548362,21.741099997598212,642.9475999975693,667.4896260282223,one shared preloaded model
conv-43-qa-34,centered_zero,2.8009260330548362,12.524399993708357,233.1465000024764,248.4718260292396,one shared preloaded model
conv-43-qa-35,centered_zero,2.8009260330548362,23.071799994795583,223.46760000073118,249.34032602858161,one shared preloaded model
conv-43-qa-36,centered_zero,2.8009260330548362,22.973300001467578,722.5556999983382,748.3299260328606,one shared preloaded model
conv-43-qa-37,centered_zero,2.8009260330548362,19.076199998380616,426.6034000029322,448.48052603436764,one shared preloaded model
conv-43-qa-38,centered_zero,2.8009260330548362,18.32000000285916,277.98469999834197,299.105626034256,one shared preloaded model
conv-43-qa-39,centered_zero,2.8009260330548362,19.05619999888586,261.23800000641495,283.09512603835566,one shared preloaded model
conv-43-qa-40,centered_zero,2.8009260330548362,21.911300005740486,266.600599999947,291.31282603874234,one shared preloaded model
conv-43-qa-41,centered_zero,2.8009260330548362,19.721099997696,170.81889999826672,193.34092602901757,one shared preloaded model
conv-43-qa-42,centered_zero,2.8009260330548362,19.252400001278147,264.47319999715546,286.52652603148846,one shared preloaded model
conv-43-qa-43,centered_zero,2.8009260330548362,20.215299999108538,376.13579999742797,399.15202602959135,one shared preloaded model
conv-43-qa-44,centered_zero,2.8009260330548362,20.826200001465622,376.65800000104355,400.285126035564,one shared preloaded model
conv-43-qa-45,centered_zero,2.8009260330548362,19.99970000179019,275.47929999855114,298.2799260333962,one shared preloaded model
conv-43-qa-46,centered_zero,2.8009260330548362,20.23409999674186,281.58470000198577,304.6197260317825,one shared preloaded model
conv-43-qa-47,centered_zero,2.8009260330548362,20.973499995307066,750.3950000027544,774.1694260311162,one shared preloaded model
conv-43-qa-48,centered_zero,2.8009260330548362,16.746599998441525,716.6130000041449,736.1605260356412,one shared preloaded model
conv-43-qa-49,centered_zero,2.8009260330548362,17.09619999746792,132.57380000140984,152.4709260319326,one shared preloaded model
conv-43-qa-50,centered_zero,2.8009260330548362,19.41699999588309,392.2995999964769,414.51752602541484,one shared preloaded model
conv-43-qa-51,centered_zero,2.8009260330548362,21.583499998087063,179.48780000006082,203.87222603120273,one shared preloaded model
conv-43-qa-52,centered_zero,2.8009260330548362,20.354199994471855,186.07569999585394,209.23082602338064,one shared preloaded model
conv-43-qa-53,centered_zero,2.8009260330548362,15.0294000050053,183.39879999984987,201.22912603791002,one shared preloaded model
conv-43-qa-54,centered_zero,2.8009260330548362,20.07220000086818,436.89950000407407,459.7726260379971,one shared preloaded model
conv-43-qa-55,centered_zero,2.8009260330548362,20.150899996224325,232.64419999759411,255.5960260268733,one shared preloaded model
conv-43-qa-56,centered_zero,2.8009260330548362,17.87309999781428,572.1873000002233,592.8613260310924,one shared preloaded model
conv-43-qa-57,centered_zero,2.8009260330548362,16.088399999716785,173.41440000018338,192.303726032955,one shared preloaded model
conv-43-qa-58,centered_zero,2.8009260330548362,18.868300001486205,603.9042999982485,625.5735260327895,one shared preloaded model
conv-43-qa-59,centered_zero,2.8009260330548362,19.782499999564607,554.6220999967773,577.2055260293967,one shared preloaded model
conv-43-qa-60,centered_zero,2.8009260330548362,16.207699998631142,640.0234000029741,659.03202603466,one shared preloaded model
conv-43-qa-61,centered_zero,2.8009260330548362,23.06539999699453,178.8202000025194,204.6865260325688,one shared preloaded model
conv-43-qa-62,centered_zero,2.8009260330548362,20.24669999809703,362.42500000662403,385.4726260377759,one shared preloaded model
conv-43-qa-63,centered_zero,2.8009260330548362,14.846500002022367,752.2538999983226,769.9013260333998,one shared preloaded model
conv-43-qa-64,centered_zero,2.8009260330548362,18.9712999999756,579.7720000045956,601.544226037626,one shared preloaded model
conv-43-qa-65,centered_zero,2.8009260330548362,19.308800001454074,585.454000000027,607.5637260345359,one shared preloaded model
conv-43-qa-66,centered_zero,2.8009260330548362,13.33840000006603,227.83479999634437,243.97412602946525,one shared preloaded model
conv-43-qa-67,centered_zero,2.8009260330548362,25.271700003941078,235.57540000183508,263.648026038831,one shared preloaded model
conv-43-qa-68,centered_zero,2.8009260330548362,20.808100001886487,716.2702999994508,739.8793260343921,one shared preloaded model
conv-43-qa-69,centered_zero,2.8009260330548362,20.60110000456916,609.3670000045677,632.7690260421916,one shared preloaded model
conv-43-qa-70,centered_zero,2.8009260330548362,16.978499996184837,263.1690999987768,282.9485260280165,one shared preloaded model
conv-43-qa-71,centered_zero,2.8009260330548362,23.827899996831547,940.9472999977879,967.5761260276743,one shared preloaded model
conv-43-qa-72,centered_zero,2.8009260330548362,13.85899999877438,289.77409999788506,306.4340260297143,one shared preloaded model
conv-43-qa-73,centered_zero,2.8009260330548362,20.275300004868768,986.4988000044832,1009.5750260424068,one shared preloaded model
conv-43-qa-74,centered_zero,2.8009260330548362,19.886000001861248,354.9025999964215,377.5895260313376,one shared preloaded model
conv-43-qa-75,centered_zero,2.8009260330548362,20.965999996406026,259.6668999976828,283.43382602714365,one shared preloaded model
conv-43-qa-76,centered_zero,2.8009260330548362,22.277300005953293,595.8143000025302,620.8925260415383,one shared preloaded model
conv-43-qa-77,centered_zero,2.8009260330548362,21.328200004063547,181.0985000047367,205.2276260418551,one shared preloaded model
conv-43-qa-78,centered_zero,2.8009260330548362,20.58489999762969,963.5234000015771,986.9092260322616,one shared preloaded model
conv-43-qa-79,centered_zero,2.8009260330548362,19.342599996889476,313.66049999633105,335.8040260262754,one shared preloaded model
conv-43-qa-80,centered_zero,2.8009260330548362,20.648300000175368,119.88720000226749,143.3364260354977,one shared preloaded model
conv-43-qa-81,centered_zero,2.8009260330548362,19.995000002381857,160.65569999773288,183.4516260331696,one shared preloaded model
conv-43-qa-82,centered_zero,2.8009260330548362,14.738199999555945,121.67739999858895,139.21652603119975,one shared preloaded model
conv-43-qa-83,centered_zero,2.8009260330548362,14.485899999272078,222.4320000022999,239.71882603462683,one shared preloaded model
conv-43-qa-84,centered_zero,2.8009260330548362,20.08709999790881,335.40269999502925,358.2907260259929,one shared preloaded model
conv-43-qa-85,centered_zero,2.8009260330548362,17.980099997657817,232.53549999935785,253.31652603007052,one shared preloaded model
conv-43-qa-86,centered_zero,2.8009260330548362,20.184000000881497,274.41579999867827,297.4007260326146,one shared preloaded model
conv-43-qa-87,centered_zero,2.8009260330548362,20.785000000614673,1291.8407999968622,1315.4267260305317,one shared preloaded model
conv-43-qa-88,centered_zero,2.8009260330548362,19.809299999906216,1571.933800005354,1594.544026038315,one shared preloaded model
conv-43-qa-89,centered_zero,2.8009260330548362,21.309200004907325,282.5126999960048,306.622826033967,one shared preloaded model
conv-43-qa-90,centered_zero,2.8009260330548362,19.76029999786988,467.5788000022294,490.14002603315413,one shared preloaded model
conv-43-qa-91,centered_zero,2.8009260330548362,20.942200004355982,563.8452999992296,587.5884260366404,one shared preloaded model
conv-43-qa-92,centered_zero,2.8009260330548362,23.67470000172034,306.9011999978102,333.37682603258537,one shared preloaded model
conv-43-qa-93,centered_zero,2.8009260330548362,19.904199994925875,449.7228000036557,472.42792603163645,one shared preloaded model
conv-43-qa-94,centered_zero,2.8009260330548362,18.59419999527745,556.0143999973661,577.4095260256984,one shared preloaded model
conv-43-qa-95,centered_zero,2.8009260330548362,19.666499996674247,171.66319999523694,194.13062602496603,one shared preloaded model
conv-43-qa-96,centered_zero,2.8009260330548362,14.92080000025453,410.0304999956279,427.7522260289373,one shared preloaded model
conv-43-qa-97,centered_zero,2.8009260330548362,20.271599998523016,1312.1123000018997,1335.1848260334775,one shared preloaded model
conv-43-qa-98,centered_zero,2.8009260330548362,18.123200003174134,273.00040000409354,293.9245260403225,one shared preloaded model
conv-43-qa-99,centered_zero,2.8009260330548362,21.3861000011093,938.582700000552,962.7697260347161,one shared preloaded model
conv-43-qa-100,centered_zero,2.8009260330548362,18.3584000042174,179.37459999666316,200.53392603393542,one shared preloaded model
conv-43-qa-101,centered_zero,2.8009260330548362,19.534299994120374,1958.01379999466,1980.3490260218352,one shared preloaded model
conv-43-qa-102,centered_zero,2.8009260330548362,13.758900000539143,1362.0836000045529,1378.6434260381468,one shared preloaded model
conv-43-qa-103,centered_zero,2.8009260330548362,13.785399998596404,547.327000000223,563.9133260318742,one shared preloaded model
conv-43-qa-104,centered_zero,2.8009260330548362,18.328899997868575,160.49510000448208,181.6249260354055,one shared preloaded model
conv-43-qa-105,centered_zero,2.8009260330548362,19.83219999965513,158.57049999613082,181.2036260288408,one shared preloaded model
conv-43-qa-106,centered_zero,2.8009260330548362,20.216600001731422,223.13980000035372,246.15732603514,one shared preloaded model
conv-43-qa-107,centered_zero,2.8009260330548362,20.759900005941745,274.2839000056847,297.8447260446813,one shared preloaded model
conv-43-qa-108,centered_zero,2.8009260330548362,22.247699998843018,232.2857999970438,257.33442602894166,one shared preloaded model
conv-43-qa-109,centered_zero,2.8009260330548362,22.12169999984326,943.8768999971217,968.7995260300197,one shared preloaded model
conv-43-qa-110,centered_zero,2.8009260330548362,19.49629999580793,366.1378000033437,388.4350260322065,one shared preloaded model
conv-43-qa-111,centered_zero,2.8009260330548362,18.38619999762159,171.31289999815635,192.5000260288328,one shared preloaded model
conv-43-qa-112,centered_zero,2.8009260330548362,14.701100000820588,228.7921999959508,246.29422602982623,one shared preloaded model
conv-43-qa-113,centered_zero,2.8009260330548362,21.561699999438133,266.0249999971711,290.3876260296641,one shared preloaded model
conv-43-qa-114,centered_zero,2.8009260330548362,19.55910000106087,173.402200001874,195.76222603598973,one shared preloaded model
conv-43-qa-115,centered_zero,2.8009260330548362,15.534300000581425,501.9389000008232,520.2741260344594,one shared preloaded model
conv-43-qa-116,centered_zero,2.8009260330548362,18.52140000119107,956.884799998079,978.2071260323248,one shared preloaded model
conv-43-qa-117,centered_zero,2.8009260330548362,19.784500000241678,334.2741999949794,356.85962602827595,one shared preloaded model
conv-43-qa-118,centered_zero,2.8009260330548362,16.993400000501424,293.28240000177175,313.076726035328,one shared preloaded model
conv-43-qa-119,centered_zero,2.8009260330548362,12.912400001368951,489.1182999999728,504.8316260343966,one shared preloaded model
conv-43-qa-120,centered_zero,2.8009260330548362,16.24870000523515,285.6532000005245,304.7028260388145,one shared preloaded model
conv-43-qa-121,centered_zero,2.8009260330548362,21.938499994575977,559.0372000006028,583.7766260282335,one shared preloaded model
conv-43-qa-122,centered_zero,2.8009260330548362,22.056300003896467,255.0931000005221,279.9503260374734,one shared preloaded model
conv-43-qa-123,centered_zero,2.8009260330548362,18.23539999895729,181.01449999812758,202.05082603013972,one shared preloaded model
conv-43-qa-124,centered_zero,2.8009260330548362,18.62550000078045,274.5318999950541,295.9583260288894,one shared preloaded model
conv-43-qa-125,centered_zero,2.8009260330548362,20.380599999043625,490.4074000005494,513.5889260326478,one shared preloaded model
conv-43-qa-126,centered_zero,2.8009260330548362,13.20599999598926,959.7998000026564,975.8067260317005,one shared preloaded model
conv-43-qa-127,centered_zero,2.8009260330548362,20.197199999529403,181.35089999850607,204.34902603109032,one shared preloaded model
conv-43-qa-128,centered_zero,2.8009260330548362,20.520600002782885,181.45950000325684,204.78102603909457,one shared preloaded model
conv-43-qa-129,centered_zero,2.8009260330548362,20.085800002561882,1548.2329000005848,1571.1196260362015,one shared preloaded model
conv-43-qa-130,centered_zero,2.8009260330548362,18.991999997524545,224.47660000034375,246.26952603092315,one shared preloaded model
conv-43-qa-131,centered_zero,2.8009260330548362,21.35640000051353,342.9307999977027,367.0881260312711,one shared preloaded model
conv-43-qa-132,centered_zero,2.8009260330548362,20.344399999885354,463.70549999846844,486.85082603140864,one shared preloaded model
conv-43-qa-133,centered_zero,2.8009260330548362,20.12329999706708,1374.9998999992386,1397.9241260293604,one shared preloaded model
conv-43-qa-134,centered_zero,2.8009260330548362,17.835899998317473,276.494099998672,297.13092603004435,one shared preloaded model
conv-43-qa-135,centered_zero,2.8009260330548362,15.427999998792075,581.6752000027918,599.9041260346387,one shared preloaded model
conv-43-qa-136,centered_zero,2.8009260330548362,15.152299994952045,587.7162999968277,605.6695260248346,one shared preloaded model
conv-43-qa-137,centered_zero,2.8009260330548362,17.341599996143486,699.9541000041063,720.0966260333046,one shared preloaded model
conv-43-qa-138,centered_zero,2.8009260330548362,16.21549999981653,478.8953999959631,497.91182602883447,one shared preloaded model
conv-43-qa-139,centered_zero,2.8009260330548362,20.767299996805377,173.17719999846304,196.74542602832327,one shared preloaded model
conv-43-qa-140,centered_zero,2.8009260330548362,13.620999998238403,360.7080000001588,377.12992603145204,one shared preloaded model
conv-43-qa-141,centered_zero,2.8009260330548362,18.03910000307951,252.4721000008867,273.3121260370211,one shared preloaded model
conv-43-qa-142,centered_zero,2.8009260330548362,18.810499997925945,663.1201999989571,684.7316260299378,one shared preloaded model
conv-43-qa-143,centered_zero,2.8009260330548362,20.90899999893736,182.39059999905294,206.10052603104515,one shared preloaded model
conv-43-qa-144,centered_zero,2.8009260330548362,18.54099999764003,366.1705999984406,387.5125260291355,one shared preloaded model
conv-43-qa-145,centered_zero,2.8009260330548362,15.41449999785982,433.2044999973732,451.4199260282879,one shared preloaded model
conv-43-qa-146,centered_zero,2.8009260330548362,21.578099993348587,179.4713000053889,203.85032603179235,one shared preloaded model
conv-43-qa-147,centered_zero,2.8009260330548362,19.777599998633377,172.68209999747341,195.26062602916164,one shared preloaded model
conv-43-qa-148,centered_zero,2.8009260330548362,20.964199997251853,223.34409999893978,247.10922602924649,one shared preloaded model
conv-43-qa-149,centered_zero,2.8009260330548362,21.009099997172598,283.4274999986519,307.23752602887936,one shared preloaded model
conv-43-qa-150,centered_zero,2.8009260330548362,21.1671000070055,294.58359999989625,318.5516260399566,one shared preloaded model
conv-43-qa-151,centered_zero,2.8009260330548362,18.857800001569558,982.3813000039081,1004.0400260385325,one shared preloaded model
conv-43-qa-152,centered_zero,2.8009260330548362,18.700400003581308,2135.7866000034846,2157.287926040121,one shared preloaded model
conv-43-qa-153,centered_zero,2.8009260330548362,18.865000005462207,2158.1931999971857,2179.859126035703,one shared preloaded model
conv-43-qa-154,centered_zero,2.8009260330548362,24.231600000348408,452.34370000252966,479.3762260359329,one shared preloaded model
conv-43-qa-155,centered_zero,2.8009260330548362,15.417599999636877,127.62959999963641,145.84812603232814,one shared preloaded model
conv-43-qa-156,centered_zero,2.8009260330548362,14.799000004131813,275.5276000025333,293.12752603971995,one shared preloaded model
conv-43-qa-157,centered_zero,2.8009260330548362,19.99670000077458,230.7552999991458,253.55292603297522,one shared preloaded model
conv-43-qa-158,centered_zero,2.8009260330548362,23.672600000281818,130.12190000154078,156.59542603487745,one shared preloaded model
conv-43-qa-159,centered_zero,2.8009260330548362,19.775699998717755,225.63290000107372,248.20952603284633,one shared preloaded model
conv-43-qa-160,centered_zero,2.8009260330548362,20.53149999846937,214.79839999665273,238.13082602817695,one shared preloaded model
conv-43-qa-161,centered_zero,2.8009260330548362,22.19580000382848,284.3436999974074,309.3404260342907,one shared preloaded model
conv-43-qa-162,centered_zero,2.8009260330548362,21.929199996520765,260.4081999961636,285.1383260257392,one shared preloaded model
conv-43-qa-163,centered_zero,2.8009260330548362,17.13690000178758,124.02619999920717,143.9640260340496,one shared preloaded model
conv-43-qa-164,centered_zero,2.8009260330548362,19.608599999628495,121.97790000209352,144.38742603477687,one shared preloaded model
conv-43-qa-165,centered_zero,2.8009260330548362,15.59360000101151,1296.1986000009347,1314.593126035001,one shared preloaded model
conv-43-qa-166,centered_zero,2.8009260330548362,20.55790000304114,223.3434000008856,246.70222603698159,one shared preloaded model
conv-43-qa-167,centered_zero,2.8009260330548362,23.052099997585174,224.9651999954949,250.81822602613494,one shared preloaded model
conv-43-qa-168,centered_zero,2.8009260330548362,19.96069999586325,674.0913999965414,696.8530260254595,one shared preloaded model
conv-43-qa-169,centered_zero,2.8009260330548362,15.82599999528611,390.50249999854714,409.1294260268881,one shared preloaded model
conv-43-qa-170,centered_zero,2.8009260330548362,17.52200000191806,317.0670999970753,337.3900260320482,one shared preloaded model
conv-43-qa-171,centered_zero,2.8009260330548362,22.36770000308752,397.8568999955314,423.0255260316738,one shared preloaded model
conv-43-qa-172,centered_zero,2.8009260330548362,20.85409999563126,604.1039000047022,627.7589260333882,one shared preloaded model
conv-43-qa-173,centered_zero,2.8009260330548362,16.85600000200793,172.12129999825265,191.77822603331543,one shared preloaded model
conv-43-qa-174,centered_zero,2.8009260330548362,20.405399998708162,273.94230000209063,297.14862603385365,one shared preloaded model
conv-43-qa-175,centered_zero,2.8009260330548362,19.357299999683164,266.6289999979199,288.7872260306579,one shared preloaded model
conv-43-qa-176,centered_zero,2.8009260330548362,22.449200005212333,1065.8273000008194,1091.0774260390865,one shared preloaded model
conv-43-qa-177,centered_zero,2.8009260330548362,22.047400001611095,223.78050000406802,248.62882603873396,one shared preloaded model
conv-43-qa-178,centered_zero,2.8009260330548362,21.530400001211092,212.46229999815114,236.79362603241708,one shared preloaded model
conv-43-qa-179,centered_zero,2.8009260330548362,19.94820000254549,263.2452999969246,285.9944260325249,one shared preloaded model
conv-43-qa-180,centered_zero,2.8009260330548362,21.469299994350877,377.2525000022142,401.52272602961995,one shared preloaded model
conv-43-qa-181,centered_zero,2.8009260330548362,20.073200001206715,263.25130000623176,286.1254260404933,one shared preloaded model
conv-43-qa-182,centered_zero,2.8009260330548362,20.79760000196984,258.9852999954019,282.58382603042656,one shared preloaded model
conv-43-qa-183,centered_zero,2.8009260330548362,17.100299999583513,1092.8547000003164,1112.7559260329547,one shared preloaded model
conv-43-qa-184,centered_zero,2.8009260330548362,18.04709999851184,275.36820000386797,296.21622603543466,one shared preloaded model
conv-43-qa-185,centered_zero,2.8009260330548362,21.677099997759797,172.44199999549892,196.92002602631356,one shared preloaded model
conv-43-qa-186,centered_zero,2.8009260330548362,19.33920000010403,228.61810000176774,250.75822603492662,one shared preloaded model
conv-43-qa-187,centered_zero,2.8009260330548362,20.186599998851307,273.95110000361456,296.9386260355207,one shared preloaded model
conv-43-qa-188,centered_zero,2.8009260330548362,17.425900005036965,305.9687999993912,326.195626037483,one shared preloaded model
conv-43-qa-189,centered_zero,2.8009260330548362,18.787400003930088,273.35519999905955,294.9435260360445,one shared preloaded model
conv-43-qa-190,centered_zero,2.8009260330548362,19.55640000232961,277.1552999984124,299.51262603379683,one shared preloaded model
conv-43-qa-191,centered_zero,2.8009260330548362,19.69180000014603,790.4268999991473,812.9196260323481,one shared preloaded model
conv-43-qa-192,centered_zero,2.8009260330548362,17.924300002050586,509.5050000018091,530.2302260369145,one shared preloaded model
conv-43-qa-193,centered_zero,2.8009260330548362,16.632999999274034,308.492699994531,327.9266260268599,one shared preloaded model
conv-43-qa-194,centered_zero,2.8009260330548362,15.152500003750902,704.6059999993304,722.5594260361361,one shared preloaded model
conv-43-qa-195,centered_zero,2.8009260330548362,19.667399996251334,387.4379000044428,409.90622603374896,one shared preloaded model
conv-43-qa-196,centered_zero,2.8009260330548362,18.287200000486337,275.3060000031837,296.3941260367249,one shared preloaded model
conv-43-qa-197,centered_zero,2.8009260330548362,21.23050000227522,279.7437000044738,303.77512603980387,one shared preloaded model
conv-43-qa-198,centered_zero,2.8009260330548362,22.334099994623102,271.5098999979091,296.64492602558704,one shared preloaded model
conv-43-qa-199,centered_zero,2.8009260330548362,19.336700002895668,178.21399999957066,200.35162603552118,one shared preloaded model
conv-43-qa-200,centered_zero,2.8009260330548362,19.4989000010537,1617.194999998901,1639.4948260330095,one shared preloaded model
conv-43-qa-201,centered_zero,2.8009260330548362,21.019899999373592,174.63239999779034,198.4532260302188,one shared preloaded model
conv-43-qa-202,centered_zero,2.8009260330548362,20.005500002298504,255.31829999818,278.12472603353336,one shared preloaded model
conv-43-qa-203,centered_zero,2.8009260330548362,20.383000002766494,275.5872999987332,298.77122603455456,one shared preloaded model
conv-43-qa-204,centered_zero,2.8009260330548362,21.16799999930663,274.80560000549303,298.7745260378545,one shared preloaded model
conv-43-qa-205,centered_zero,2.8009260330548362,20.538299999316223,256.4178000029642,279.7570260353353,one shared preloaded model
conv-43-qa-206,centered_zero,2.8009260330548362,23.200900002848357,283.95589999854565,309.95772603444885,one shared preloaded model
conv-43-qa-207,centered_zero,2.8009260330548362,17.133999994257465,866.7395999946166,886.6745260219288,one shared preloaded model
conv-43-qa-208,centered_zero,2.8009260330548362,14.57970000046771,257.4920999977621,274.8727260312847,one shared preloaded model
conv-43-qa-209,centered_zero,2.8009260330548362,21.423400001367554,728.4165999953984,752.6409260298208,one shared preloaded model
conv-43-qa-210,centered_zero,2.8009260330548362,19.071199996687938,129.01419999980135,150.88632602954414,one shared preloaded model
conv-43-qa-211,centered_zero,2.8009260330548362,19.9441000004299,171.91170000296552,194.65672603645027,one shared preloaded model
conv-43-qa-212,centered_zero,2.8009260330548362,19.926299995859154,120.18050000187941,142.9077260307934,one shared preloaded model
conv-43-qa-213,centered_zero,2.8009260330548362,20.044999997480772,886.7175999985193,909.5635260290549,one shared preloaded model
conv-43-qa-214,centered_zero,2.8009260330548362,14.246400001866277,179.58050000015646,196.6278260350776,one shared preloaded model
conv-43-qa-215,centered_zero,2.8009260330548362,19.209700003557373,222.33850000338862,244.34912604000084,one shared preloaded model
conv-43-qa-216,centered_zero,2.8009260330548362,21.876599996176083,417.7507999993395,442.42832602857044,one shared preloaded model
conv-43-qa-217,centered_zero,2.8009260330548362,16.921399997954722,265.7242999994196,285.4466260304292,one shared preloaded model
conv-43-qa-218,centered_zero,2.8009260330548362,22.691599995596334,262.5306999980239,288.0232260266751,one shared preloaded model
conv-43-qa-219,centered_zero,2.8009260330548362,19.964400002209004,891.7971000046236,914.5624260398874,one shared preloaded model
conv-43-qa-220,centered_zero,2.8009260330548362,21.848900003533345,362.10620000201743,386.7560260386056,one shared preloaded model
conv-43-qa-221,centered_zero,2.8009260330548362,12.90799999696901,282.8403999956208,298.5493260256447,one shared preloaded model
conv-43-qa-222,centered_zero,2.8009260330548362,17.052199997124262,179.28269999538315,199.13582602556227,one shared preloaded model
conv-43-qa-223,centered_zero,2.8009260330548362,14.857000001939014,230.98449999815784,248.6424260331517,one shared preloaded model
conv-43-qa-224,centered_zero,2.8009260330548362,21.54770000197459,171.72929999651387,196.0779260315433,one shared preloaded model
conv-43-qa-225,centered_zero,2.8009260330548362,20.87749999918742,160.6930999987526,184.37152603099486,one shared preloaded model
conv-43-qa-226,centered_zero,2.8009260330548362,19.906399997125845,255.0097999992431,277.7171260294238,one shared preloaded model
conv-43-qa-227,centered_zero,2.8009260330548362,20.06439999968279,1081.2452000027406,1104.1105260354782,one shared preloaded model
conv-43-qa-228,centered_zero,2.8009260330548362,20.233399998687673,1472.4083999972208,1495.4427260289633,one shared preloaded model
conv-43-qa-229,centered_zero,2.8009260330548362,15.147000005526934,268.56999999290565,286.51792603148743,one shared preloaded model
conv-43-qa-230,centered_zero,2.8009260330548362,22.02899999974761,264.40529999672435,289.2352260295268,one shared preloaded model
conv-43-qa-231,centered_zero,2.8009260330548362,22.451099997851998,211.57020000100601,236.82222603191286,one shared preloaded model
conv-43-qa-232,centered_zero,2.8009260330548362,21.751799999037758,261.4616999999271,286.0144260320197,one shared preloaded model
conv-43-qa-233,centered_zero,2.8009260330548362,14.429000002564862,272.33649999834597,289.5664260339657,one shared preloaded model
conv-43-qa-234,centered_zero,2.8009260330548362,20.98620000469964,121.99349999718834,145.78062603494283,one shared preloaded model
conv-43-qa-235,centered_zero,2.8009260330548362,19.63679999607848,266.5569000018877,288.994626031021,one shared preloaded model
conv-43-qa-236,centered_zero,2.8009260330548362,21.645499997248407,1050.344999996014,1074.7914260263171,one shared preloaded model
conv-43-qa-237,centered_zero,2.8009260330548362,24.95199999975739,386.60320000053616,414.3561260333484,one shared preloaded model
conv-43-qa-238,centered_zero,2.8009260330548362,21.22560000134399,524.7108000039589,548.7373260383577,one shared preloaded model
conv-43-qa-239,centered_zero,2.8009260330548362,19.134900001517963,172.70790000475245,194.64372603932526,one shared preloaded model
conv-43-qa-240,centered_zero,2.8009260330548362,19.806599993899,264.15149999957066,286.7590260265245,one shared preloaded model
conv-43-qa-241,centered_zero,2.8009260330548362,21.07100000284845,269.24249999865424,293.11442603455754,one shared preloaded model
conv-44-qa-0,centered_zero,4.179228481030183,19.647699999040924,268.96799999667564,292.79492847674675,one shared preloaded model
conv-44-qa-1,centered_zero,4.179228481030183,19.683799997437745,710.1790000015171,734.0420284799851,one shared preloaded model
conv-44-qa-2,centered_zero,4.179228481030183,17.978699994273484,251.75450000097044,273.9124284762741,one shared preloaded model
conv-44-qa-3,centered_zero,4.179228481030183,15.933900001982693,178.83360000269022,198.9467284857031,one shared preloaded model
conv-44-qa-4,centered_zero,4.179228481030183,14.350600002217107,601.2809000021662,619.8107284854135,one shared preloaded model
conv-44-qa-5,centered_zero,4.179228481030183,18.128099996829405,610.3412000011303,632.64852847899,one shared preloaded model
conv-44-qa-6,centered_zero,4.179228481030183,16.613699997833464,364.5950999998604,385.38802847872404,one shared preloaded model
conv-44-qa-7,centered_zero,4.179228481030183,18.134500001906417,283.9657000004081,306.2794284833447,one shared preloaded model
conv-44-qa-8,centered_zero,4.179228481030183,19.720299998880364,226.53160000481876,250.4311284847293,one shared preloaded model
conv-44-qa-9,centered_zero,4.179228481030183,24.00580000539776,282.9538000005414,311.1388284869693,one shared preloaded model
conv-44-qa-10,centered_zero,4.179228481030183,19.857300001604017,651.5153000000282,675.5518284826625,one shared preloaded model
conv-44-qa-11,centered_zero,4.179228481030183,18.764100001135375,605.6186000059824,628.561928488148,one shared preloaded model
conv-44-qa-12,centered_zero,4.179228481030183,16.11620000039693,447.73219999478897,468.0276284762161,one shared preloaded model
conv-44-qa-13,centered_zero,4.179228481030183,20.419000000401866,689.1736999968998,713.7719284783319,one shared preloaded model
conv-44-qa-14,centered_zero,4.179228481030183,14.503300000797026,175.70530000375584,194.38782848558304,one shared preloaded model
conv-44-qa-15,centered_zero,4.179228481030183,15.972600005625281,291.3144000049215,311.46622849157694,one shared preloaded model
conv-44-qa-16,centered_zero,4.179228481030183,19.36589999968419,421.0391000015079,444.5842284822223,one shared preloaded model
conv-44-qa-17,centered_zero,4.179228481030183,14.038799999980256,123.87070000113454,142.08872848214497,one shared preloaded model
conv-44-qa-18,centered_zero,4.179228481030183,19.151300002704374,254.38320000102976,277.7137284847643,one shared preloaded model
conv-44-qa-19,centered_zero,4.179228481030183,18.556700000772253,332.40420000220183,355.14012848400426,one shared preloaded model
conv-44-qa-20,centered_zero,4.179228481030183,15.403199999127537,279.5204000067315,299.1028284868892,one shared preloaded model
conv-44-qa-21,centered_zero,4.179228481030183,13.361999997869134,180.23320000065723,197.77442847955655,one shared preloaded model
conv-44-qa-22,centered_zero,4.179228481030183,12.529500003438443,287.71779999806313,304.42652848253175,one shared preloaded model
conv-44-qa-23,centered_zero,4.179228481030183,20.75870000408031,272.4327000032645,297.37062848837496,one shared preloaded model
conv-44-qa-24,centered_zero,4.179228481030183,21.247399999992922,274.3823999990127,299.8090284800358,one shared preloaded model
conv-44-qa-25,centered_zero,4.179228481030183,17.685000006167684,645.5781999975443,667.4424284847422,one shared preloaded model
conv-44-qa-26,centered_zero,4.179228481030183,18.47989999805577,383.2373999975971,405.89652847668305,one shared preloaded model
conv-44-qa-27,centered_zero,4.179228481030183,20.443499997782055,274.4015999996918,299.02432847850406,one shared preloaded model
conv-44-qa-28,centered_zero,4.179228481030183,21.76760000293143,284.33489999588346,310.28172847984507,one shared preloaded model
conv-44-qa-29,centered_zero,4.179228481030183,21.831600002769846,471.7151000004378,497.72592848423784,one shared preloaded model
conv-44-qa-30,centered_zero,4.179228481030183,12.242000004334841,374.85609999566805,391.27732848103307,one shared preloaded model
conv-44-qa-31,centered_zero,4.179228481030183,18.13390000461368,1038.2700999980443,1060.5832284836881,one shared preloaded model
conv-44-qa-32,centered_zero,4.179228481030183,16.315499997290317,384.67230000242125,405.16702848074175,one shared preloaded model
conv-44-qa-33,centered_zero,4.179228481030183,16.557299997657537,538.8586999979452,559.595228476633,one shared preloaded model
conv-44-qa-34,centered_zero,4.179228481030183,21.097999997437,122.64300000242656,147.92022848089374,one shared preloaded model
conv-44-qa-35,centered_zero,4.179228481030183,18.964599999890197,263.8661000019056,287.00992848282596,one shared preloaded model
conv-44-qa-36,centered_zero,4.179228481030183,23.318499996094033,173.83529999642633,201.33302847355054,one shared preloaded model
conv-44-qa-37,centered_zero,4.179228481030183,19.444899997324683,671.7650999999023,695.3892284782572,one shared preloaded model
conv-44-qa-38,centered_zero,4.179228481030183,17.034000004059635,644.8822999955155,666.0955284806054,one shared preloaded model
conv-44-qa-39,centered_zero,4.179228481030183,16.43550000153482,339.0690000014729,359.6837284840379,one shared preloaded model
conv-44-qa-40,centered_zero,4.179228481030183,19.72889999888139,189.30429999454645,213.21242847445802,one shared preloaded model
conv-44-qa-41,centered_zero,4.179228481030183,19.201600000087637,434.8316000032355,458.2124284843533,one shared preloaded model
conv-44-qa-42,centered_zero,4.179228481030183,19.260499997471925,258.1830999988597,281.6228284773618,one shared preloaded model
conv-44-qa-43,centered_zero,4.179228481030183,18.839000003936235,275.46179999626474,298.48002848123116,one shared preloaded model
conv-44-qa-44,centered_zero,4.179228481030183,22.98770000197692,130.0243000005139,157.191228483521,one shared preloaded model
conv-44-qa-45,centered_zero,4.179228481030183,17.985300000873394,266.52009999816073,288.6846284800643,one shared preloaded model
conv-44-qa-46,centered_zero,4.179228481030183,19.80629999889061,121.63539999892237,145.62092847884315,one shared preloaded model
conv-44-qa-47,centered_zero,4.179228481030183,19.405300001380965,278.2417999987956,301.82632848120676,one shared preloaded model
conv-44-qa-48,centered_zero,4.179228481030183,23.65760000247974,315.95939999533584,343.79622847884576,one shared preloaded model
conv-44-qa-49,centered_zero,4.179228481030183,17.31850000214763,128.06049999926472,149.55822848244253,one shared preloaded model
conv-44-qa-50,centered_zero,4.179228481030183,19.608399998105597,180.1128000006429,203.90042847977867,one shared preloaded model
conv-44-qa-51,centered_zero,4.179228481030183,19.34159999655094,181.70009999448666,205.22092847206778,one shared preloaded model
conv-44-qa-52,centered_zero,4.179228481030183,17.171999999845866,222.43719999823952,243.78842847911557,one shared preloaded model
conv-44-qa-53,centered_zero,4.179228481030183,22.109700003056787,224.19059999810997,250.47952848219694,one shared preloaded model
conv-44-qa-54,centered_zero,4.179228481030183,22.15980000619311,482.8868999975384,509.2259284847617,one shared preloaded model
conv-44-qa-55,centered_zero,4.179228481030183,17.07439999881899,967.1831000014208,988.43672848127,one shared preloaded model
conv-44-qa-56,centered_zero,4.179228481030183,13.20740000664955,295.6955000045127,313.08212849219245,one shared preloaded model
conv-44-qa-57,centered_zero,4.179228481030183,15.64729999518022,637.7562999987276,657.5828284749381,one shared preloaded model
conv-44-qa-58,centered_zero,4.179228481030183,16.724799999792594,256.8371000015759,277.74112848239866,one shared preloaded model
conv-44-qa-59,centered_zero,4.179228481030183,21.255999999993946,232.14480000024196,257.5800284812661,one shared preloaded model
conv-44-qa-60,centered_zero,4.179228481030183,20.906900004774798,281.9909999961965,307.07712848200146,one shared preloaded model
conv-44-qa-61,centered_zero,4.179228481030183,20.003099998575635,274.8853999946732,299.067728474279,one shared preloaded model
conv-44-qa-62,centered_zero,4.179228481030183,21.67639999970561,233.57049999322044,259.4261284739562,one shared preloaded model
conv-44-qa-63,centered_zero,4.179228481030183,30.285699998785276,268.54440000170143,303.0093284815169,one shared preloaded model
conv-44-qa-64,centered_zero,4.179228481030183,17.939299999852665,173.37509999924805,195.4936284801309,one shared preloaded model
conv-44-qa-65,centered_zero,4.179228481030183,19.274400001449976,557.2826999996323,580.7363284821125,one shared preloaded model
conv-44-qa-66,centered_zero,4.179228481030183,16.91710000159219,128.52510000084294,149.6214284834653,one shared preloaded model
conv-44-qa-67,centered_zero,4.179228481030183,20.245200001227204,179.9791999947047,204.40362847696207,one shared preloaded model
conv-44-qa-68,centered_zero,4.179228481030183,19.548299998859875,390.8104000001913,414.53792848008135,one shared preloaded model
conv-44-qa-69,centered_zero,4.179228481030183,16.164800006663427,284.4757999991998,304.8198284868934,one shared preloaded model
conv-44-qa-70,centered_zero,4.179228481030183,28.54529999603983,161.94820000237087,194.67272847944088,one shared preloaded model
conv-44-qa-71,centered_zero,4.179228481030183,19.31489999697078,818.5011000023223,841.9952284803234,one shared preloaded model
conv-44-qa-72,centered_zero,4.179228481030183,15.601300001435447,814.8374000011245,834.6179284835902,one shared preloaded model
conv-44-qa-73,centered_zero,4.179228481030183,17.96910000120988,272.61830000497866,294.7666284872187,one shared preloaded model
conv-44-qa-74,centered_zero,4.179228481030183,13.502999994670972,315.1882000020123,332.87042847771346,one shared preloaded model
conv-44-qa-75,centered_zero,4.179228481030183,15.928900000290014,281.9159999999101,302.0241284812303,one shared preloaded model
conv-44-qa-76,centered_zero,4.179228481030183,19.645000000309665,232.59739999775775,256.4216284790976,one shared preloaded model
conv-44-qa-77,centered_zero,4.179228481030183,20.803699997486547,1781.9091999990633,1806.89212847758,one shared preloaded model
conv-44-qa-78,centered_zero,4.179228481030183,20.655899999837857,358.6168000038015,383.4519284846695,one shared preloaded model
conv-44-qa-79,centered_zero,4.179228481030183,17.146300000604242,233.55959999753395,254.88512847916837,one shared preloaded model
conv-44-qa-80,centered_zero,4.179228481030183,19.120099997962825,233.04620000271825,256.34552848171126,one shared preloaded model
conv-44-qa-81,centered_zero,4.179228481030183,22.52359999692999,258.88560000021243,285.5884284781726,one shared preloaded model
conv-44-qa-82,centered_zero,4.179228481030183,19.74070000142092,182.36369999794988,206.28362848040098,one shared preloaded model
conv-44-qa-83,centered_zero,4.179228481030183,20.158100000116974,2215.0918999977876,2239.429228478935,one shared preloaded model
conv-44-qa-84,centered_zero,4.179228481030183,16.337399996700697,1840.7525000002352,1861.269128477966,one shared preloaded model
conv-44-qa-85,centered_zero,4.179228481030183,14.596600005461369,182.95790000411216,201.7337284906037,one shared preloaded model
conv-44-qa-86,centered_zero,4.179228481030183,20.009500003652647,275.4018999985419,299.59062848322475,one shared preloaded model
conv-44-qa-87,centered_zero,4.179228481030183,20.31810000335099,273.93319999828236,298.43052848266353,one shared preloaded model
conv-44-qa-88,centered_zero,4.179228481030183,21.83340000192402,1091.9790000043577,1117.9916284873118,one shared preloaded model
conv-44-qa-89,centered_zero,4.179228481030183,15.90099999884842,438.27869999950053,458.35892847937913,one shared preloaded model
conv-44-qa-90,centered_zero,4.179228481030183,20.47869999660179,274.0518000064185,298.70972848405046,one shared preloaded model
conv-44-qa-91,centered_zero,4.179228481030183,20.891100000881124,285.1176999974996,310.1880284794109,one shared preloaded model
conv-44-qa-92,centered_zero,4.179228481030183,21.014099998865277,283.35730000253534,308.5506284824308,one shared preloaded model
conv-44-qa-93,centered_zero,4.179228481030183,14.611500002501998,666.8101000032038,685.6008284867361,one shared preloaded model
conv-44-qa-94,centered_zero,4.179228481030183,16.644200004520826,344.3464000010863,365.1698284866373,one shared preloaded model
conv-44-qa-95,centered_zero,4.179228481030183,16.38739999907557,269.5393999965745,290.10602847668025,one shared preloaded model
conv-44-qa-96,centered_zero,4.179228481030183,13.16489999589976,493.87019999994664,511.2143284768766,one shared preloaded model
conv-44-qa-97,centered_zero,4.179228481030183,15.785100003995467,522.1610999942641,542.1254284792898,one shared preloaded model
conv-44-qa-98,centered_zero,4.179228481030183,13.410599996859673,299.1760999939288,316.76592847181865,one shared preloaded model
conv-44-qa-99,centered_zero,4.179228481030183,18.83770000131335,679.0174999987357,702.0344284810793,one shared preloaded model
conv-44-qa-100,centered_zero,4.179228481030183,21.24539999931585,231.80760000104783,257.23222848139386,one shared preloaded model
conv-44-qa-101,centered_zero,4.179228481030183,19.185899996955413,231.07230000459822,254.4374284825838,one shared preloaded model
conv-44-qa-102,centered_zero,4.179228481030183,20.36279999447288,525.2443999997922,549.7864284752953,one shared preloaded model
conv-44-qa-103,centered_zero,4.179228481030183,18.284400000993628,171.88590000296244,194.34952848498625,one shared preloaded model
conv-44-qa-104,centered_zero,4.179228481030183,18.858399998862296,329.53160000033677,352.56922848022924,one shared preloaded model
conv-44-qa-105,centered_zero,4.179228481030183,20.147800001723226,420.995699998457,445.3227284812104,one shared preloaded model
conv-44-qa-106,centered_zero,4.179228481030183,18.538700001954567,1712.7716999966651,1735.4896284796498,one shared preloaded model
conv-44-qa-107,centered_zero,4.179228481030183,19.107200001599267,344.92219999810914,368.2086284807386,one shared preloaded model
conv-44-qa-108,centered_zero,4.179228481030183,19.860300002619624,262.4502000035136,286.4897284871634,one shared preloaded model
conv-44-qa-109,centered_zero,4.179228481030183,15.521699999226257,231.95809999742778,251.65902847768422,one shared preloaded model
conv-44-qa-110,centered_zero,4.179228481030183,18.64979999663774,428.7968999997247,451.6259284773926,one shared preloaded model
conv-44-qa-111,centered_zero,4.179228481030183,16.696899998351,256.09930000064196,276.97542848002314,one shared preloaded model
conv-44-qa-112,centered_zero,4.179228481030183,20.232200004102197,174.69019999407465,199.10162847920702,one shared preloaded model
conv-44-qa-113,centered_zero,4.179228481030183,20.51989999745274,274.7818999996525,299.48102847813544,one shared preloaded model
conv-44-qa-114,centered_zero,4.179228481030183,19.943200000852812,171.42949999833945,195.55192848022244,one shared preloaded model
conv-44-qa-115,centered_zero,4.179228481030183,14.442699997744057,122.54319999919971,141.16512847797395,one shared preloaded model
conv-44-qa-116,centered_zero,4.179228481030183,18.280000003869645,174.5943999994779,197.05362848437773,one shared preloaded model
conv-44-qa-117,centered_zero,4.179228481030183,18.78069999656873,262.24070000171196,285.20062847931086,one shared preloaded model
conv-44-qa-118,centered_zero,4.179228481030183,17.64520000142511,235.08949999813922,256.9139284805945,one shared preloaded model
conv-44-qa-119,centered_zero,4.179228481030183,23.792699998011813,1441.6809000031208,1469.6528284821627,one shared preloaded model
conv-44-qa-120,centered_zero,4.179228481030183,14.66410000284668,763.5646999988239,782.4080284827008,one shared preloaded model
conv-44-qa-121,centered_zero,4.179228481030183,24.09320000151638,656.813499997952,685.0859284804986,one shared preloaded model
conv-44-qa-122,centered_zero,4.179228481030183,24.217899997893255,474.75549999944633,503.15262847836976,one shared preloaded model
conv-44-qa-123,centered_zero,4.179228481030183,17.829899996286258,276.1121000003186,298.12122847763504,one shared preloaded model
conv-44-qa-124,centered_zero,4.179228481030183,21.207800004049204,128.93930000427645,154.32632848935583,one shared preloaded model
conv-44-qa-125,centered_zero,4.179228481030183,18.931099999463186,282.1318999995128,305.2422284800062,one shared preloaded model
conv-44-qa-126,centered_zero,4.179228481030183,20.172500000626314,273.3896999998251,297.7414284814816,one shared preloaded model
conv-44-qa-127,centered_zero,4.179228481030183,16.79560000047786,702.1940999984508,723.1689284799589,one shared preloaded model
conv-44-qa-128,centered_zero,4.179228481030183,13.724600001296494,223.103500000434,241.00732848276067,one shared preloaded model
conv-44-qa-129,centered_zero,4.179228481030183,22.091099999670405,275.9393000014825,302.20962848218306,one shared preloaded model
conv-44-qa-130,centered_zero,4.179228481030183,18.139800005883444,239.69900000520283,262.01802849211646,one shared preloaded model
conv-44-qa-131,centered_zero,4.179228481030183,24.228299997048452,497.1810999995796,525.5886284776583,one shared preloaded model
conv-44-qa-132,centered_zero,4.179228481030183,17.565199996170122,449.95570000173757,471.70012847893787,one shared preloaded model
conv-44-qa-133,centered_zero,4.179228481030183,16.030799997679424,275.8996999982628,296.1097284769724,one shared preloaded model
conv-44-qa-134,centered_zero,4.179228481030183,21.30409999517724,262.18489999882877,287.6682284750362,one shared preloaded model
conv-44-qa-135,centered_zero,4.179228481030183,20.240199999534525,1329.6387000009418,1354.0581284815064,one shared preloaded model
conv-44-qa-136,centered_zero,4.179228481030183,19.834600003378,269.1763999973773,293.1902284817855,one shared preloaded model
conv-44-qa-137,centered_zero,4.179228481030183,23.465199999918696,174.26690000138478,201.91132848233366,one shared preloaded model
conv-44-qa-138,centered_zero,4.179228481030183,19.54470000055153,611.5905999977258,635.3145284793076,one shared preloaded model
conv-44-qa-139,centered_zero,4.179228481030183,17.992699999012984,265.4404999993858,287.61242847942896,one shared preloaded model
conv-44-qa-140,centered_zero,4.179228481030183,17.878599996038247,274.79589999711607,296.8537284741845,one shared preloaded model
conv-44-qa-141,centered_zero,4.179228481030183,20.03810000314843,530.4971000005025,554.7144284846812,one shared preloaded model
conv-44-qa-142,centered_zero,4.179228481030183,17.58680000057211,265.4824999990524,287.24852848065467,one shared preloaded model
conv-44-qa-143,centered_zero,4.179228481030183,18.31089999905089,1758.368300004804,1780.858428484885,one shared preloaded model
conv-44-qa-144,centered_zero,4.179228481030183,19.623799998953473,160.85999999631895,184.6630284763026,one shared preloaded model
conv-44-qa-145,centered_zero,4.179228481030183,19.45809999597259,251.34779999643797,274.98512847344074,one shared preloaded model
conv-44-qa-146,centered_zero,4.179228481030183,19.244900002377108,663.5922999994364,687.0164284828437,one shared preloaded model
conv-44-qa-147,centered_zero,4.179228481030183,15.542299996013753,230.18840000440832,249.90992848145225,one shared preloaded model
conv-44-qa-148,centered_zero,4.179228481030183,19.315700003062375,568.3495999983279,591.8445284824205,one shared preloaded model
conv-44-qa-149,centered_zero,4.179228481030183,18.26699999946868,264.48350000282517,286.929728483324,one shared preloaded model
conv-44-qa-150,centered_zero,4.179228481030183,18.751899995550048,274.52099999936763,297.45212847594786,one shared preloaded model
conv-44-qa-151,centered_zero,4.179228481030183,19.308599999931175,258.07999999960884,281.5678284805702,one shared preloaded model
conv-44-qa-152,centered_zero,4.179228481030183,25.020599998242687,224.90990000369493,254.1097284829678,one shared preloaded model
conv-44-qa-153,centered_zero,4.179228481030183,19.584800000302494,327.46810000389814,351.2321284852308,one shared preloaded model
conv-44-qa-154,centered_zero,4.179228481030183,15.497400003368966,339.3512999973609,359.02792848176006,one shared preloaded model
conv-44-qa-155,centered_zero,4.179228481030183,14.49739999952726,261.64750000316417,280.3241284837216,one shared preloaded model
conv-44-qa-156,centered_zero,4.179228481030183,18.998200001078658,255.8747000002768,279.0521284823856,one shared preloaded model
conv-44-qa-157,centered_zero,4.179228481030183,20.678399996540975,234.52120000001742,259.37882847758857,one shared preloaded model
conv-47-qa-0,centered_zero,3.145599473684438,18.800300000293646,267.0358000032138,288.9816994771919,one shared preloaded model
conv-47-qa-1,centered_zero,3.145599473684438,21.26029999635648,274.42039999732515,298.8262994673661,one shared preloaded model
conv-47-qa-2,centered_zero,3.145599473684438,19.882500004314352,296.9574000017019,319.9854994797007,one shared preloaded model
conv-47-qa-3,centered_zero,3.145599473684438,15.455600005225278,123.5856999992393,142.186899478149,one shared preloaded model
conv-47-qa-4,centered_zero,3.145599473684438,13.9675000027637,629.750400003104,646.8634994795522,one shared preloaded model
conv-47-qa-5,centered_zero,3.145599473684438,15.839400002732873,253.58789999881992,272.57289947523725,one shared preloaded model
conv-47-qa-6,centered_zero,3.145599473684438,13.581999999587424,257.192799996119,273.9203994693909,one shared preloaded model
conv-47-qa-7,centered_zero,3.145599473684438,22.417599997424986,225.08139999990817,250.64459947101759,one shared preloaded model
conv-47-qa-8,centered_zero,3.145599473684438,19.55850000376813,123.22359999961918,145.92769947707174,one shared preloaded model
conv-47-qa-9,centered_zero,3.145599473684438,18.834899994544685,254.72240000090096,276.7028994691301,one shared preloaded model
conv-47-qa-10,centered_zero,3.145599473684438,15.731900006358046,413.8249000025098,432.7023994825523,one shared preloaded model
conv-47-qa-11,centered_zero,3.145599473684438,16.04149999911897,265.0652000011178,284.2522994739212,one shared preloaded model
conv-47-qa-12,centered_zero,3.145599473684438,17.68949999677716,268.8826000012341,289.7176994716957,one shared preloaded model
conv-47-qa-13,centered_zero,3.145599473684438,17.176800000015646,397.69890000025043,418.02129947395053,one shared preloaded model
conv-47-qa-14,centered_zero,3.145599473684438,14.905099997122306,223.98599999723956,242.0366994680463,one shared preloaded model
conv-47-qa-15,centered_zero,3.145599473684438,20.471800002269447,703.6989999978687,727.3163994738226,one shared preloaded model
conv-47-qa-16,centered_zero,3.145599473684438,16.629500001727138,2191.1607000001823,2210.9357994755937,one shared preloaded model
conv-47-qa-17,centered_zero,3.145599473684438,21.214400003373157,172.10949999571312,196.4694994727707,one shared preloaded model
conv-47-qa-18,centered_zero,3.145599473684438,19.70430000073975,567.8910999995423,590.7409994739666,one shared preloaded model
conv-47-qa-19,centered_zero,3.145599473684438,18.255700000736397,285.806899999443,307.20819947386383,one shared preloaded model
conv-47-qa-20,centered_zero,3.145599473684438,20.69630000187317,274.59909999743104,298.44099947298866,one shared preloaded model
conv-47-qa-21,centered_zero,3.145599473684438,19.987899999250658,665.8243000056245,688.9577994785597,one shared preloaded model
conv-47-qa-22,centered_zero,3.145599473684438,15.416700000059791,170.90129999996861,189.46359947371283,one shared preloaded model
conv-47-qa-23,centered_zero,3.145599473684438,19.05339999939315,634.9336999992374,657.132699472315,one shared preloaded model
conv-47-qa-24,centered_zero,3.145599473684438,18.30060000065714,267.4623999992036,288.9085994735452,one shared preloaded model
conv-47-qa-25,centered_zero,3.145599473684438,20.95230000122683,122.8289999999106,146.92689947482185,one shared preloaded model
conv-47-qa-26,centered_zero,3.145599473684438,18.851300003007054,310.55709999782266,332.55399947451417,one shared preloaded model
conv-47-qa-27,centered_zero,3.145599473684438,20.301699994888622,257.1562999946764,280.60359946324945,one shared preloaded model
conv-47-qa-28,centered_zero,3.145599473684438,16.688199997588526,636.9694999957574,656.8032994670303,one shared preloaded model
conv-47-qa-29,centered_zero,3.145599473684438,17.428500003006775,265.2492999986862,285.8233994753774,one shared preloaded model
conv-47-qa-30,centered_zero,3.145599473684438,14.529599997331388,121.78169999970123,139.45689947071705,one shared preloaded model
conv-47-qa-31,centered_zero,3.145599473684438,13.606900000013411,269.31429999967804,286.0667994733759,one shared preloaded model
conv-47-qa-32,centered_zero,3.145599473684438,16.22289999795612,263.61399999586865,282.98249946750923,one shared preloaded model
conv-47-qa-33,centered_zero,3.145599473684438,21.737000002758577,263.5580999995,288.440699475943,one shared preloaded model
conv-47-qa-34,centered_zero,3.145599473684438,18.234699993627146,173.4338000023854,194.81409946969697,one shared preloaded model
conv-47-qa-35,centered_zero,3.145599473684438,19.373100003576837,273.6930000028224,296.21169948008367,one shared preloaded model
conv-47-qa-36,centered_zero,3.145599473684438,17.11290000093868,250.4218999965815,270.6803994712046,one shared preloaded model
conv-47-qa-37,centered_zero,3.145599473684438,20.989500000723638,614.7626000019955,638.8976994764035,one shared preloaded model
conv-47-qa-38,centered_zero,3.145599473684438,16.001199997845106,713.1305000002612,732.2772994717908,one shared preloaded model
conv-47-qa-39,centered_zero,3.145599473684438,17.559200001414865,353.47360000014305,374.1783994752424,one shared preloaded model
conv-47-qa-40,centered_zero,3.145599473684438,12.0152000017697,410.30760000285227,425.4683994783064,one shared preloaded model
conv-47-qa-41,centered_zero,3.145599473684438,15.54030000261264,618.7243999956991,637.4102994719962,one shared preloaded model
conv-47-qa-42,centered_zero,3.145599473684438,13.996900001075119,617.9143999979715,635.0568994727311,one shared preloaded model
conv-47-qa-43,centered_zero,3.145599473684438,19.166199999745004,171.28790000424488,193.5996994776743,one shared preloaded model
conv-47-qa-44,centered_zero,3.145599473684438,13.624400002299808,392.3566000012215,409.1265994772058,one shared preloaded model
conv-47-qa-45,centered_zero,3.145599473684438,17.071099995519035,161.44749999511987,181.66419946432333,one shared preloaded model
conv-47-qa-46,centered_zero,3.145599473684438,19.180899995262735,633.0344000016339,655.3608994705811,one shared preloaded model
conv-47-qa-47,centered_zero,3.145599473684438,17.05260000017006,595.0751999989734,615.2733994728279,one shared preloaded model
conv-47-qa-48,centered_zero,3.145599473684438,18.89389999996638,605.9100999991642,627.9495994728151,one shared preloaded model
conv-47-qa-49,centered_zero,3.145599473684438,16.965199996775482,173.0329999991227,193.1437994695826,one shared preloaded model
conv-47-qa-50,centered_zero,3.145599473684438,19.263199996203184,501.37030000041705,523.7790994703047,one shared preloaded model
conv-47-qa-51,centered_zero,3.145599473684438,17.3547000013059,216.15530000417493,236.65559947916526,one shared preloaded model
conv-47-qa-52,centered_zero,3.145599473684438,20.879499999864493,604.3285000050673,628.3535994786163,one shared preloaded model
conv-47-qa-53,centered_zero,3.145599473684438,17.36220000020694,270.8813999997801,291.3891994736715,one shared preloaded model
conv-47-qa-54,centered_zero,3.145599473684438,19.82990000396967,236.85600000317208,259.8314994808262,one shared preloaded model
conv-47-qa-55,centered_zero,3.145599473684438,20.344399999885354,592.0766000053845,615.5665994789543,one shared preloaded model
conv-47-qa-56,centered_zero,3.145599473684438,12.594600004376844,222.05530000064755,237.79549947870882,one shared preloaded model
conv-47-qa-57,centered_zero,3.145599473684438,20.869200001470745,231.91919999953825,255.93399947469342,one shared preloaded model
conv-47-qa-58,centered_zero,3.145599473684438,20.677400003478397,621.1208000022452,644.9437994794081,one shared preloaded model
conv-47-qa-59,centered_zero,3.145599473684438,16.277300004730932,380.6209999966086,400.043899475024,one shared preloaded model
conv-47-qa-60,centered_zero,3.145599473684438,18.50890000059735,224.2264000014984,245.88089947578018,one shared preloaded model
conv-47-qa-61,centered_zero,3.145599473684438,20.83169999968959,1031.2134999985574,1055.1907994719313,one shared preloaded model
conv-47-qa-62,centered_zero,3.145599473684438,16.852599997946527,262.4749999959022,282.47319946753316,one shared preloaded model
conv-47-qa-63,centered_zero,3.145599473684438,20.600300005753525,650.4142999983742,674.1601994778122,one shared preloaded model
conv-47-qa-64,centered_zero,3.145599473684438,20.129500000621192,276.17239999381127,299.4474994681169,one shared preloaded model
conv-47-qa-65,centered_zero,3.145599473684438,20.366100005048793,645.0452999997651,668.5569994784984,one shared preloaded model
conv-47-qa-66,centered_zero,3.145599473684438,13.889399997424334,670.7797999988543,687.8147994699631,one shared preloaded model
conv-47-qa-67,centered_zero,3.145599473684438,15.973900000972208,279.2639999970561,298.38349947171275,one shared preloaded model
conv-47-qa-68,centered_zero,3.145599473684438,20.65710000169929,160.86319999885745,184.66589947424117,one shared preloaded model
conv-47-qa-69,centered_zero,3.145599473684438,14.420699997572228,1267.1956999984104,1284.761999469667,one shared preloaded model
conv-47-qa-70,centered_zero,3.145599473684438,17.38590000604745,211.608099998557,232.1395994782889,one shared preloaded model
conv-47-qa-71,centered_zero,3.145599473684438,21.71029999590246,272.4314000006416,297.2872994702285,one shared preloaded model
conv-47-qa-72,centered_zero,3.145599473684438,21.307800001522992,171.15510000439826,195.60849947960568,one shared preloaded model
conv-47-qa-73,centered_zero,3.145599473684438,19.812000005913433,225.1442000051611,248.10179948475897,one shared preloaded model
conv-47-qa-74,centered_zero,3.145599473684438,21.7006999955629,233.0798000039067,257.92609947315407,one shared preloaded model
conv-47-qa-75,centered_zero,3.145599473684438,20.25590000266675,277.1862000008696,300.5876994772208,one shared preloaded model
conv-47-qa-76,centered_zero,3.145599473684438,19.437199996900745,172.3178000029293,194.90059947351446,one shared preloaded model
conv-47-qa-77,centered_zero,3.145599473684438,14.232900000934023,259.41920000332175,276.7976994779402,one shared preloaded model
conv-47-qa-78,centered_zero,3.145599473684438,17.584000001079403,262.1376000024611,282.867199477225,one shared preloaded model
conv-47-qa-79,centered_zero,3.145599473684438,20.183900000120047,182.2708000036073,205.60029947741177,one shared preloaded model
conv-47-qa-80,centered_zero,3.145599473684438,20.552699999825563,313.13639999279985,336.83469946630987,one shared preloaded model
conv-47-qa-81,centered_zero,3.145599473684438,21.198199996433686,608.4283000018331,632.7720994719513,one shared preloaded model
conv-47-qa-82,centered_zero,3.145599473684438,12.274200002138969,269.89340000000084,285.31319947582426,one shared preloaded model
conv-47-qa-83,centered_zero,3.145599473684438,20.947199998772703,435.7994000019971,459.8921994744543,one shared preloaded model
conv-47-qa-84,centered_zero,3.145599473684438,19.766500001423992,222.36429999611573,245.27639947122415,one shared preloaded model
conv-47-qa-85,centered_zero,3.145599473684438,20.118799999181647,277.25590000045486,300.52029947332096,one shared preloaded model
conv-47-qa-86,centered_zero,3.145599473684438,17.62050000252202,210.40890000585932,231.17499948206577,one shared preloaded model
conv-47-qa-87,centered_zero,3.145599473684438,22.5879999998142,213.27830000518588,239.0118994786845,one shared preloaded model
conv-47-qa-88,centered_zero,3.145599473684438,20.850300003075972,374.3322999944212,398.3281994711816,one shared preloaded model
conv-47-qa-89,centered_zero,3.145599473684438,17.453699998441152,440.36619999678805,460.96549946891366,one shared preloaded model
conv-47-qa-90,centered_zero,3.145599473684438,13.037599994277116,356.74029999790946,372.92349946587103,one shared preloaded model
conv-47-qa-91,centered_zero,3.145599473684438,26.059699994220864,450.9641000040574,480.1693994719627,one shared preloaded model
conv-47-qa-92,centered_zero,3.145599473684438,19.178199996531475,172.30730000301264,194.63109947322855,one shared preloaded model
conv-47-qa-93,centered_zero,3.145599473684438,14.65690000622999,121.479300003557,139.28179948347142,one shared preloaded model
conv-47-qa-94,centered_zero,3.145599473684438,18.922899995232,940.9985999955097,963.0670994644262,one shared preloaded model
conv-47-qa-95,centered_zero,3.145599473684438,19.67980000335956,123.29440000030445,146.11979947734844,one shared preloaded model
conv-47-qa-96,centered_zero,3.145599473684438,11.310199995932635,100.43419999419712,114.88999946381419,one shared preloaded model
conv-47-qa-97,centered_zero,3.145599473684438,13.73289999901317,170.5826999968849,187.4611994695825,one shared preloaded model
conv-47-qa-98,centered_zero,3.145599473684438,18.04239999910351,519.3887999994331,540.5767994722211,one shared preloaded model
conv-47-qa-99,centered_zero,3.145599473684438,16.490699999849312,382.38170000113314,402.0179994746669,one shared preloaded model
conv-47-qa-100,centered_zero,3.145599473684438,20.559500000672415,275.00220000365516,298.70729947801203,one shared preloaded model
conv-47-qa-101,centered_zero,3.145599473684438,20.40090000082273,347.10179999819957,370.64829947270675,one shared preloaded model
conv-47-qa-102,centered_zero,3.145599473684438,18.10280000063358,122.29969999316381,143.54809946748182,one shared preloaded model
conv-47-qa-103,centered_zero,3.145599473684438,18.580000003566965,685.086899997259,706.8124994745104,one shared preloaded model
conv-47-qa-104,centered_zero,3.145599473684438,16.685100003087427,161.34250000322936,181.17319948000122,one shared preloaded model
conv-47-qa-105,centered_zero,3.145599473684438,13.895500000216998,268.070500002068,285.11159947596946,one shared preloaded model
conv-47-qa-106,centered_zero,3.145599473684438,40.71200000180397,302.38159999862546,346.2391994741139,one shared preloaded model
conv-47-qa-107,centered_zero,3.145599473684438,19.95290000195382,428.58699999487726,451.68549947051554,one shared preloaded model
conv-47-qa-108,centered_zero,3.145599473684438,16.235700000834186,276.5421000003698,295.92339947488847,one shared preloaded model
conv-47-qa-109,centered_zero,3.145599473684438,21.767299993371125,1036.44599999825,1061.3588994653055,one shared preloaded model
conv-47-qa-110,centered_zero,3.145599473684438,19.475999994028825,331.1883999995189,353.80999946723216,one shared preloaded model
conv-47-qa-111,centered_zero,3.145599473684438,20.87119999487186,818.8574000014341,842.8741994699905,one shared preloaded model
conv-47-qa-112,centered_zero,3.145599473684438,19.175500005076174,121.59289999544853,143.91399947420913,one shared preloaded model
conv-47-qa-113,centered_zero,3.145599473684438,19.25199999823235,211.5094999971916,233.90709946910837,one shared preloaded model
conv-47-qa-114,centered_zero,3.145599473684438,21.37860000220826,289.2437999980757,313.7679994739684,one shared preloaded model
conv-47-qa-115,centered_zero,3.145599473684438,18.61579999967944,371.50069999916013,393.262099472524,one shared preloaded model
conv-47-qa-116,centered_zero,3.145599473684438,18.686999996134546,123.8424999974086,145.67509946722757,one shared preloaded model
conv-47-qa-117,centered_zero,3.145599473684438,13.755399995716289,959.2994999984512,976.200499467852,one shared preloaded model
conv-47-qa-118,centered_zero,3.145599473684438,19.31239999976242,121.77950000477722,144.23749947822407,one shared preloaded model
conv-47-qa-119,centered_zero,3.145599473684438,19.06319999397965,251.1300000041956,273.3387994718597,one shared preloaded model
conv-47-qa-120,centered_zero,3.145599473684438,17.408800005796365,254.6107000016491,275.1650994811299,one shared preloaded model
conv-47-qa-121,centered_zero,3.145599473684438,16.18570000573527,309.26439999893773,328.59569947835746,one shared preloaded model
conv-47-qa-122,centered_zero,3.145599473684438,17.92099999875063,226.32750000047963,247.3940994729147,one shared preloaded model
conv-47-qa-123,centered_zero,3.145599473684438,23.12309999979334,172.4114999960875,198.68019946956528,one shared preloaded model
conv-47-qa-124,centered_zero,3.145599473684438,18.84250000148313,277.26269999402575,299.25079946919334,one shared preloaded model
conv-47-qa-125,centered_zero,3.145599473684438,19.51510000071721,174.33529999834718,196.99599947274882,one shared preloaded model
conv-47-qa-126,centered_zero,3.145599473684438,14.65940000343835,305.2442000043811,323.04919948150393,one shared preloaded model
conv-47-qa-127,centered_zero,3.145599473684438,14.981000000261702,259.6507000052952,277.7772994792414,one shared preloaded model
conv-47-qa-128,centered_zero,3.145599473684438,16.512399997736793,574.1264999960549,593.7844994674762,one shared preloaded model
conv-47-qa-129,centered_zero,3.145599473684438,15.205699994112365,261.23919999372447,279.5904994615213,one shared preloaded model
conv-47-qa-130,centered_zero,3.145599473684438,17.65529999829596,173.71380000258796,194.51469947456835,one shared preloaded model
conv-47-qa-131,centered_zero,3.145599473684438,17.145400001027156,303.4466000026441,323.73759947735573,one shared preloaded model
conv-47-qa-132,centered_zero,3.145599473684438,18.243300000904128,935.9696000028634,957.358499477452,one shared preloaded model
conv-47-qa-133,centered_zero,3.145599473684438,16.4814000017941,227.88220000074944,247.50919947622796,one shared preloaded model
conv-47-qa-134,centered_zero,3.145599473684438,20.602200005669147,266.3661000042339,290.1138994835875,one shared preloaded model
conv-47-qa-135,centered_zero,3.145599473684438,18.4028000003309,181.94380000204546,203.4921994760608,one shared preloaded model
conv-47-qa-136,centered_zero,3.145599473684438,21.09539999946719,714.4329000002472,738.6738994733988,one shared preloaded model
conv-47-qa-137,centered_zero,3.145599473684438,17.040600003383588,205.95610000600573,226.14229948307374,one shared preloaded model
conv-47-qa-138,centered_zero,3.145599473684438,19.234100000176113,858.0759999967995,880.4556994706601,one shared preloaded model
conv-47-qa-139,centered_zero,3.145599473684438,19.478299996990245,373.3109000022523,395.934799472927,one shared preloaded model
conv-47-qa-140,centered_zero,3.145599473684438,17.990599997574463,2373.866999994789,2395.0031994660476,one shared preloaded model
conv-47-qa-141,centered_zero,3.145599473684438,19.240100002207328,263.71389999985695,286.09959947574873,one shared preloaded model
conv-47-qa-142,centered_zero,3.145599473684438,20.89900000282796,278.4676000010222,302.51219947753464,one shared preloaded model
conv-47-qa-143,centered_zero,3.145599473684438,20.018000002892222,1670.6180999972275,1693.781699473804,one shared preloaded model
conv-47-qa-144,centered_zero,3.145599473684438,19.473100001050625,1081.6749000005075,1104.2935994752424,one shared preloaded model
conv-47-qa-145,centered_zero,3.145599473684438,27.23120000155177,287.3570000010659,317.7337994763021,one shared preloaded model
conv-47-qa-146,centered_zero,3.145599473684438,17.60229999490548,303.3595999950194,324.1074994636093,one shared preloaded model
conv-47-qa-147,centered_zero,3.145599473684438,19.50040000519948,277.48199999768985,300.1279994765738,one shared preloaded model
conv-47-qa-148,centered_zero,3.145599473684438,22.65889999398496,362.38179999782005,388.18629946548947,one shared preloaded model
conv-47-qa-149,centered_zero,3.145599473684438,17.00680000067223,174.86360000475543,195.01599947911208,one shared preloaded model
conv-47-qa-150,centered_zero,3.145599473684438,18.953300001157913,233.83060000196565,255.929499476808,one shared preloaded model
conv-47-qa-151,centered_zero,3.145599473684438,20.72519999637734,180.0017999994452,203.87259946950698,one shared preloaded model
conv-47-qa-152,centered_zero,3.145599473684438,19.56390000123065,276.5453999963938,299.25489947130893,one shared preloaded model
conv-47-qa-153,centered_zero,3.145599473684438,19.674499999382533,277.73319999687374,300.5532994699407,one shared preloaded model
conv-47-qa-154,centered_zero,3.145599473684438,16.748399997595698,276.82329999515787,296.717299466438,one shared preloaded model
conv-47-qa-155,centered_zero,3.145599473684438,21.19980000134092,409.13560000626603,433.4809994812914,one shared preloaded model
conv-47-qa-156,centered_zero,3.145599473684438,18.781600003421772,358.70620000059716,380.6333994777034,one shared preloaded model
conv-47-qa-157,centered_zero,3.145599473684438,20.327599995653145,264.2414000001736,287.7145994695112,one shared preloaded model
conv-47-qa-158,centered_zero,3.145599473684438,20.504200001596473,1021.8928000031156,1045.5425994783964,one shared preloaded model
conv-47-qa-159,centered_zero,3.145599473684438,19.374399998923764,255.75129999924684,278.27129947185506,one shared preloaded model
conv-47-qa-160,centered_zero,3.145599473684438,19.886800000676885,579.7822999957134,602.8146994700747,one shared preloaded model
conv-47-qa-161,centered_zero,3.145599473684438,18.39509999990696,279.71469999465626,301.2553994682477,one shared preloaded model
conv-47-qa-162,centered_zero,3.145599473684438,17.997400005697273,158.7511000034283,179.89409948281,one shared preloaded model
conv-47-qa-163,centered_zero,3.145599473684438,19.591600001149345,254.80270000116434,277.53989947599814,one shared preloaded model
conv-47-qa-164,centered_zero,3.145599473684438,19.620899998699315,251.21039999794448,273.97689947032825,one shared preloaded model
conv-47-qa-165,centered_zero,3.145599473684438,16.69170000241138,851.6705000001821,871.5077994762779,one shared preloaded model
conv-47-qa-166,centered_zero,3.145599473684438,14.229499996872619,276.1169000004884,293.49199947104546,one shared preloaded model
conv-47-qa-167,centered_zero,3.145599473684438,20.678100001532584,261.6603999995277,285.48409947474477,one shared preloaded model
conv-47-qa-168,centered_zero,3.145599473684438,15.521900000749156,275.19150000443915,293.85899947887276,one shared preloaded model
conv-47-qa-169,centered_zero,3.145599473684438,16.033200001402292,256.37330000608927,275.552099481176,one shared preloaded model
conv-47-qa-170,centered_zero,3.145599473684438,17.317800004093442,123.30329999531386,143.76669947309173,one shared preloaded model
conv-47-qa-171,centered_zero,3.145599473684438,18.94470000115689,277.9813000015565,300.07159947639786,one shared preloaded model
conv-47-qa-172,centered_zero,3.145599473684438,21.081999999296386,274.8007999980473,299.02839947102814,one shared preloaded model
conv-47-qa-173,centered_zero,3.145599473684438,18.169299997680355,257.3063999952865,278.6212994666513,one shared preloaded model
conv-47-qa-174,centered_zero,3.145599473684438,17.045400003553368,223.79309999814723,243.98409947538502,one shared preloaded model
conv-47-qa-175,centered_zero,3.145599473684438,19.840100001601968,397.67079999728594,420.65649947257236,one shared preloaded model
conv-47-qa-176,centered_zero,3.145599473684438,16.40890000271611,1787.2296999994433,1806.7841994758437,one shared preloaded model
conv-47-qa-177,centered_zero,3.145599473684438,16.553100002056453,377.83339999441523,397.53209947015614,one shared preloaded model
conv-47-qa-178,centered_zero,3.145599473684438,23.243099996761885,226.7887999987579,253.1774994692042,one shared preloaded model
conv-47-qa-179,centered_zero,3.145599473684438,22.374200001650024,223.82349999679718,249.34329947213163,one shared preloaded model
conv-47-qa-180,centered_zero,3.145599473684438,23.50029999797698,269.8575999966124,296.50349946827384,one shared preloaded model
conv-47-qa-181,centered_zero,3.145599473684438,20.535199997539166,249.24520000058692,272.92599947181054,one shared preloaded model
conv-47-qa-182,centered_zero,3.145599473684438,19.57840000250144,294.0459999954328,316.7699994716187,one shared preloaded model
conv-47-qa-183,centered_zero,3.145599473684438,19.00430000387132,393.2228999983636,415.37279947591935,one shared preloaded model
conv-47-qa-184,centered_zero,3.145599473684438,16.199500001675915,805.4598000016995,824.8048994770598,one shared preloaded model
conv-47-qa-185,centered_zero,3.145599473684438,18.147100003261585,263.8650000008056,285.15769947775163,one shared preloaded model
conv-47-qa-186,centered_zero,3.145599473684438,24.129499994160142,1162.45329999947,1189.7283994673144,one shared preloaded model
conv-47-qa-187,centered_zero,3.145599473684438,17.172300002130214,252.40650000341702,272.7243994792317,one shared preloaded model
conv-47-qa-188,centered_zero,3.145599473684438,16.42079999874113,298.6306999955559,318.1970994679815,one shared preloaded model
conv-47-qa-189,centered_zero,3.145599473684438,20.43769999727374,130.0940000000992,153.67729947105735,one shared preloaded model
conv-48-qa-0,centered_zero,2.2684953974744513,20.336900000984315,1873.966200000723,1896.5715953991817,one shared preloaded model
conv-48-qa-1,centered_zero,2.2684953974744513,18.72400000138441,470.18979999847943,491.1822953973383,one shared preloaded model
conv-48-qa-2,centered_zero,2.2684953974744513,14.281999996455852,412.14190000027884,428.69239539420914,one shared preloaded model
conv-48-qa-3,centered_zero,2.2684953974744513,14.305699995020404,652.5039999978617,669.0781953903565,one shared preloaded model
conv-48-qa-4,centered_zero,2.2684953974744513,16.959400003543124,282.2440000018105,301.47189540282807,one shared preloaded model
conv-48-qa-5,centered_zero,2.2684953974744513,19.715100002940744,124.29379999957746,146.27739539999266,one shared preloaded model
conv-48-qa-6,centered_zero,2.2684953974744513,19.18660000228556,582.8166999999667,604.2717953997267,one shared preloaded model
conv-48-qa-7,centered_zero,2.2684953974744513,14.49000000138767,282.622500002617,299.38099540147914,one shared preloaded model
conv-48-qa-8,centered_zero,2.2684953974744513,20.126200004597194,377.44759999623057,399.8422953983022,one shared preloaded model
conv-48-qa-9,centered_zero,2.2684953974744513,15.715199995611329,416.4604999969015,434.44419538998727,one shared preloaded model
conv-48-qa-10,centered_zero,2.2684953974744513,18.677599997317884,283.3835000055842,304.32959540037655,one shared preloaded model
conv-48-qa-11,centered_zero,2.2684953974744513,18.63930000399705,258.13580000249203,279.04359540396354,one shared preloaded model
conv-48-qa-12,centered_zero,2.2684953974744513,18.052200000965968,662.9632999975001,683.2839953959406,one shared preloaded model
conv-48-qa-13,centered_zero,2.2684953974744513,15.751099999761209,276.64440000080504,294.6639953980407,one shared preloaded model
conv-48-qa-14,centered_zero,2.2684953974744513,18.007000006036833,123.38559999625431,143.6610953997656,one shared preloaded model
conv-48-qa-15,centered_zero,2.2684953974744513,18.294600005901884,161.30830000474816,181.8713954081245,one shared preloaded model
conv-48-qa-16,centered_zero,2.2684953974744513,18.849400003091432,173.89109999930952,195.0089953998754,one shared preloaded model
conv-48-qa-17,centered_zero,2.2684953974744513,18.9029000030132,676.4219000033336,697.5932954038212,one shared preloaded model
conv-48-qa-18,centered_zero,2.2684953974744513,12.404200002492871,277.7478999996674,292.42059539963475,one shared preloaded model
conv-48-qa-19,centered_zero,2.2684953974744513,18.9712999999756,263.2699999958277,284.5097953932777,one shared preloaded model
conv-48-qa-20,centered_zero,2.2684953974744513,19.306800000777002,124.21959999483079,145.79489539308224,one shared preloaded model
conv-48-qa-21,centered_zero,2.2684953974744513,13.42329999897629,553.9831999994931,569.6749953959438,one shared preloaded model
conv-48-qa-22,centered_zero,2.2684953974744513,15.16309999715304,617.0994000058272,634.5309954004547,one shared preloaded model
conv-48-qa-23,centered_zero,2.2684953974744513,16.1526000010781,265.6859999988228,284.10709539737536,one shared preloaded model
conv-48-qa-24,centered_zero,2.2684953974744513,15.887999994447455,384.8176999963471,402.974195388269,one shared preloaded model
conv-48-qa-25,centered_zero,2.2684953974744513,15.202499998849817,266.60809999884805,284.0790953951723,one shared preloaded model
conv-48-qa-26,centered_zero,2.2684953974744513,16.49349999934202,318.652200003271,337.41419540008746,one shared preloaded model
conv-48-qa-27,centered_zero,2.2684953974744513,18.080100002407562,354.0712999965763,374.4198953964583,one shared preloaded model
conv-48-qa-28,centered_zero,2.2684953974744513,25.061899999855086,264.69209999777377,292.0224953951033,one shared preloaded model
conv-48-qa-29,centered_zero,2.2684953974744513,21.147400002519134,258.857300003001,282.2731954029946,one shared preloaded model
conv-48-qa-30,centered_zero,2.2684953974744513,17.89170000120066,612.5505000018165,632.7106954004917,one shared preloaded model
conv-48-qa-31,centered_zero,2.2684953974744513,18.1217999997898,424.11279999942053,444.5030953966848,one shared preloaded model
conv-48-qa-32,centered_zero,2.2684953974744513,17.2926999948686,163.70520000054967,183.26639539289272,one shared preloaded model
conv-48-qa-33,centered_zero,2.2684953974744513,18.727499998931307,275.8493000001181,296.84529539652385,one shared preloaded model
conv-48-qa-34,centered_zero,2.2684953974744513,19.601200001488905,268.624299998919,290.4939953978824,one shared preloaded model
conv-48-qa-35,centered_zero,2.2684953974744513,16.33449999644654,660.0538999991841,678.6568953931051,one shared preloaded model
conv-48-qa-36,centered_zero,2.2684953974744513,17.89650000137044,108.93129999749362,129.09629539633852,one shared preloaded model
conv-48-qa-37,centered_zero,2.2684953974744513,12.093800003640354,642.7537999988999,657.1160954000147,one shared preloaded model
conv-48-qa-38,centered_zero,2.2684953974744513,18.72719999664696,421.62529999768594,442.62099539180736,one shared preloaded model
conv-48-qa-39,centered_zero,2.2684953974744513,16.094999999040738,789.0781000023708,807.441595398886,one shared preloaded model
conv-48-qa-40,centered_zero,2.2684953974744513,18.172199997934513,159.92939999705413,180.3700953924631,one shared preloaded model
conv-48-qa-41,centered_zero,2.2684953974744513,19.204700001864694,1947.424999998475,1968.898195397814,one shared preloaded model
conv-48-qa-42,centered_zero,2.2684953974744513,17.65249999880325,180.27290000463836,200.19389540091606,one shared preloaded model
conv-48-qa-43,centered_zero,2.2684953974744513,13.370300002861768,269.7684000013396,285.40719540167584,one shared preloaded model
conv-48-qa-44,centered_zero,2.2684953974744513,29.54630000022007,264.62570000148844,296.44049539918296,one shared preloaded model
conv-48-qa-45,centered_zero,2.2684953974744513,18.451500000082888,278.41329999500886,299.1332953925662,one shared preloaded model
conv-48-qa-46,centered_zero,2.2684953974744513,23.102400002244394,173.31130000093253,198.68219540065138,one shared preloaded model
conv-48-qa-47,centered_zero,2.2684953974744513,13.893399998778477,672.6348000011058,688.7966953973587,one shared preloaded model
conv-48-qa-48,centered_zero,2.2684953974744513,19.428700004937127,276.73150000191526,298.42869540432685,one shared preloaded model
conv-48-qa-49,centered_zero,2.2684953974744513,20.359299996925984,233.46619999938412,256.09399539378455,one shared preloaded model
conv-48-qa-50,centered_zero,2.2684953974744513,19.50129999750061,256.7521000019042,278.52189539687924,one shared preloaded model
conv-48-qa-51,centered_zero,2.2684953974744513,20.853199996054173,681.69289999787,704.8145953913986,one shared preloaded model
conv-48-qa-52,centered_zero,2.2684953974744513,17.41050000418909,608.9015999968979,628.5805953985614,one shared preloaded model
conv-48-qa-53,centered_zero,2.2684953974744513,12.697900005150586,227.39310000179103,242.35949540441607,one shared preloaded model
conv-48-qa-54,centered_zero,2.2684953974744513,30.483900001854636,229.12799999903655,261.88039539836564,one shared preloaded model
conv-48-qa-55,centered_zero,2.2684953974744513,22.086199998739175,224.76689999894006,249.1215953951537,one shared preloaded model
conv-48-qa-56,centered_zero,2.2684953974744513,20.578399999067187,650.4157000017585,673.2625953983002,one shared preloaded model
conv-48-qa-57,centered_zero,2.2684953974744513,17.481399998359848,452.4055999936536,472.1554953894879,one shared preloaded model
conv-48-qa-58,centered_zero,2.2684953974744513,17.129599997133482,160.36650000023656,179.7645953948445,one shared preloaded model
conv-48-qa-59,centered_zero,2.2684953974744513,18.718000006629154,262.68709999567363,283.67359539977724,one shared preloaded model
conv-48-qa-60,centered_zero,2.2684953974744513,21.5022999982466,629.1822999992291,652.9530953949502,one shared preloaded model
conv-48-qa-61,centered_zero,2.2684953974744513,17.57979999820236,274.23999999882653,294.08829539450335,one shared preloaded model
conv-48-qa-62,centered_zero,2.2684953974744513,20.297600000048988,276.0047999981907,298.57089539571416,one shared preloaded model
conv-48-qa-63,centered_zero,2.2684953974744513,19.12830000219401,96.90409999893745,118.30089539860592,one shared preloaded model
conv-48-qa-64,centered_zero,2.2684953974744513,14.97150000068359,124.1470000022673,141.38699540042535,one shared preloaded model
conv-48-qa-65,centered_zero,2.2684953974744513,20.257999996829312,307.0520999972359,329.5785953915397,one shared preloaded model
conv-48-qa-66,centered_zero,2.2684953974744513,15.022499996121041,675.1470000017434,692.4379953953389,one shared preloaded model
conv-48-qa-67,centered_zero,2.2684953974744513,32.458100002259016,940.6750000052853,975.4015954050187,one shared preloaded model
conv-48-qa-68,centered_zero,2.2684953974744513,15.758200002892409,248.84719999681693,266.8738953971838,one shared preloaded model
conv-48-qa-69,centered_zero,2.2684953974744513,16.77709999785293,128.727200004505,147.77279539983238,one shared preloaded model
conv-48-qa-70,centered_zero,2.2684953974744513,16.770299997006077,254.31310000567464,273.3518954001552,one shared preloaded model
conv-48-qa-71,centered_zero,2.2684953974744513,17.8031999967061,620.1482999967993,640.2199953909799,one shared preloaded model
conv-48-qa-72,centered_zero,2.2684953974744513,15.843500004848465,579.2849999997998,597.3969954021227,one shared preloaded model
conv-48-qa-73,centered_zero,2.2684953974744513,16.095400002086535,1528.793700003007,1547.157595402568,one shared preloaded model
conv-48-qa-74,centered_zero,2.2684953974744513,19.916099998226855,681.9321000002674,704.1166953959687,one shared preloaded model
conv-48-qa-75,centered_zero,2.2684953974744513,17.06900000135647,296.9860999946832,316.3235953935141,one shared preloaded model
conv-48-qa-76,centered_zero,2.2684953974744513,18.593299995700363,430.66109999926994,451.52289539244475,one shared preloaded model
conv-48-qa-77,centered_zero,2.2684953974744513,15.810299999429844,231.9701000014902,250.0488953983945,one shared preloaded model
conv-48-qa-78,centered_zero,2.2684953974744513,18.97589999862248,260.8384000050137,282.0827954011106,one shared preloaded model
conv-48-qa-79,centered_zero,2.2684953974744513,19.82220000354573,902.1933000040008,924.283995405021,one shared preloaded model
conv-48-qa-80,centered_zero,2.2684953974744513,21.421199999167584,121.22350000572624,144.91319540236827,one shared preloaded model
conv-48-qa-81,centered_zero,2.2684953974744513,13.526599999750033,642.7876999950968,658.5827953923213,one shared preloaded model
conv-48-qa-82,centered_zero,2.2684953974744513,15.522200003033504,122.11709999974119,139.90779540024914,one shared preloaded model
conv-48-qa-83,centered_zero,2.2684953974744513,19.83559999644058,276.94870000414085,299.0527953980559,one shared preloaded model
conv-48-qa-84,centered_zero,2.2684953974744513,19.328499998664483,328.26159999967786,349.8585953958168,one shared preloaded model
conv-48-qa-85,centered_zero,2.2684953974744513,16.779600002337247,326.48689999768976,345.53499539750146,one shared preloaded model
conv-48-qa-86,centered_zero,2.2684953974744513,19.68180000403663,144.39089999359567,166.34119539510675,one shared preloaded model
conv-48-qa-87,centered_zero,2.2684953974744513,17.50539999920875,261.68329999927664,281.45719539595984,one shared preloaded model
conv-48-qa-88,centered_zero,2.2684953974744513,20.15229999960866,649.1969000053359,671.617695402419,one shared preloaded model
conv-48-qa-89,centered_zero,2.2684953974744513,16.937299995333888,172.65000000043074,191.85579539323908,one shared preloaded model
conv-48-qa-90,centered_zero,2.2684953974744513,18.042800002149306,266.98169999872334,287.2929953983471,one shared preloaded model
conv-48-qa-91,centered_zero,2.2684953974744513,17.98899999994319,239.2044000007445,259.46189539816214,one shared preloaded model
conv-48-qa-92,centered_zero,2.2684953974744513,18.715799997153226,164.2851999931736,185.26949538780127,one shared preloaded model
conv-48-qa-93,centered_zero,2.2684953974744513,15.032900002552196,272.66019999660784,289.9615953966345,one shared preloaded model
conv-48-qa-94,centered_zero,2.2684953974744513,17.583900000317954,275.0114000009489,294.86379539874133,one shared preloaded model
conv-48-qa-95,centered_zero,2.2684953974744513,20.857600000454113,122.1261999962735,145.25229539420206,one shared preloaded model
conv-48-qa-96,centered_zero,2.2684953974744513,14.229300002625678,952.0981000023312,968.5958954024313,one shared preloaded model
conv-48-qa-97,centered_zero,2.2684953974744513,19.47900000232039,129.58449999860022,151.33199539839507,one shared preloaded model
conv-48-qa-98,centered_zero,2.2684953974744513,17.291299998760223,702.375500004564,721.9352954007986,one shared preloaded model
conv-48-qa-99,centered_zero,2.2684953974744513,22.789300004660618,632.5630999999703,657.6208954021054,one shared preloaded model
conv-48-qa-100,centered_zero,2.2684953974744513,17.055399999662768,269.741600000998,289.0654953981352,one shared preloaded model
conv-48-qa-101,centered_zero,2.2684953974744513,20.31909999641357,232.2554999991553,254.8430953930433,one shared preloaded model
conv-48-qa-102,centered_zero,2.2684953974744513,22.851499998068903,277.1315999998478,302.2515953953912,one shared preloaded model
conv-48-qa-103,centered_zero,2.2684953974744513,16.233299997111317,537.6452999989851,556.1470953935709,one shared preloaded model
conv-48-qa-104,centered_zero,2.2684953974744513,17.729499995766673,2067.311899998458,2087.3098953916992,one shared preloaded model
conv-48-qa-105,centered_zero,2.2684953974744513,17.39619999716524,223.6367000004975,243.3013953951372,one shared preloaded model
conv-48-qa-106,centered_zero,2.2684953974744513,21.07339999929536,173.70559999835677,197.0474953951266,one shared preloaded model
conv-48-qa-107,centered_zero,2.2684953974744513,19.765700002608355,223.62579999753507,245.65999539761788,one shared preloaded model
conv-48-qa-108,centered_zero,2.2684953974744513,19.66520000132732,2017.4404999997932,2039.374195398595,one shared preloaded model
conv-48-qa-109,centered_zero,2.2684953974744513,14.160400001856033,273.4259999997448,289.8548953990753,one shared preloaded model
conv-48-qa-110,centered_zero,2.2684953974744513,14.12970000092173,689.9268999986816,706.3250953970778,one shared preloaded model
conv-48-qa-111,centered_zero,2.2684953974744513,19.46519999910379,2205.5835999999545,2227.3172953965327,one shared preloaded model
conv-48-qa-112,centered_zero,2.2684953974744513,16.729499999200925,450.7910999964224,469.7890953930978,one shared preloaded model
conv-48-qa-113,centered_zero,2.2684953974744513,12.369999996735714,319.6334000022034,334.2718953964136,one shared preloaded model
conv-48-qa-114,centered_zero,2.2684953974744513,16.944499999226537,193.50609999673907,212.71909539344006,one shared preloaded model
conv-48-qa-115,centered_zero,2.2684953974744513,20.55139999720268,347.4064000038197,370.22629539849686,one shared preloaded model
conv-48-qa-116,centered_zero,2.2684953974744513,19.25620000110939,274.6456999957445,296.17039539432835,one shared preloaded model
conv-48-qa-117,centered_zero,2.2684953974744513,22.430599994549993,594.5653000017046,619.264395393729,one shared preloaded model
conv-48-qa-118,centered_zero,2.2684953974744513,19.473499996820465,174.73990000144113,196.48189539573605,one shared preloaded model
conv-48-qa-119,centered_zero,2.2684953974744513,13.993900000059512,263.6054000031436,279.86779540067755,one shared preloaded model
conv-48-qa-120,centered_zero,2.2684953974744513,21.63239999936195,729.1819000020041,753.0827953988405,one shared preloaded model
conv-48-qa-121,centered_zero,2.2684953974744513,16.97779999813065,260.8729999992647,280.1192953948698,one shared preloaded model
conv-48-qa-122,centered_zero,2.2684953974744513,21.471699998073746,278.10289999615634,301.84309539170454,one shared preloaded model
conv-48-qa-123,centered_zero,2.2684953974744513,20.05490000010468,395.88479999656556,418.2081953941447,one shared preloaded model
conv-48-qa-124,centered_zero,2.2684953974744513,17.794899998989422,257.9817000005278,278.04509539699166,one shared preloaded model
conv-48-qa-125,centered_zero,2.2684953974744513,17.628900001000147,181.34920000011334,201.24659539858794,one shared preloaded model
conv-48-qa-126,centered_zero,2.2684953974744513,14.593300002161413,327.1632999967551,344.02509539639095,one shared preloaded model
conv-48-qa-127,centered_zero,2.2684953974744513,20.60469999560155,501.1796000035247,524.0527953966007,one shared preloaded model
conv-48-qa-128,centered_zero,2.2684953974744513,20.735799997055437,121.21150000166381,144.2157953961937,one shared preloaded model
conv-48-qa-129,centered_zero,2.2684953974744513,19.647099994472228,181.1798999988241,203.0954953907708,one shared preloaded model
conv-48-qa-130,centered_zero,2.2684953974744513,14.85540000430774,782.1919999987585,799.3158954005407,one shared preloaded model
conv-48-qa-131,centered_zero,2.2684953974744513,17.66019999922719,1842.04630000022,1861.9749953969217,one shared preloaded model
conv-48-qa-132,centered_zero,2.2684953974744513,15.569400005915668,225.0659999990603,242.90389540245042,one shared preloaded model
conv-48-qa-133,centered_zero,2.2684953974744513,19.79810000193538,1415.827500000887,1437.894095400297,one shared preloaded model
conv-48-qa-134,centered_zero,2.2684953974744513,17.764600001100916,174.47469999751775,194.50779539609312,one shared preloaded model
conv-48-qa-135,centered_zero,2.2684953974744513,18.72390000062296,370.5508999992162,391.5432953973136,one shared preloaded model
conv-48-qa-136,centered_zero,2.2684953974744513,17.51479999802541,425.7713999977568,445.5546953932567,one shared preloaded model
conv-48-qa-137,centered_zero,2.2684953974744513,17.184600001201034,160.0685000012163,179.5215953998918,one shared preloaded model
conv-48-qa-138,centered_zero,2.2684953974744513,14.902900002198294,539.6516999971936,556.8230953968664,one shared preloaded model
conv-48-qa-139,centered_zero,2.2684953974744513,15.776200001710095,766.5473000015481,784.5919954007327,one shared preloaded model
conv-48-qa-140,centered_zero,2.2684953974744513,23.57290000509238,121.55160000111209,147.39299540367892,one shared preloaded model
conv-48-qa-141,centered_zero,2.2684953974744513,13.073699999949895,271.26789999601897,286.6100953934433,one shared preloaded model
conv-48-qa-142,centered_zero,2.2684953974744513,18.451899995852727,829.6257000038167,850.3460953971439,one shared preloaded model
conv-48-qa-143,centered_zero,2.2684953974744513,12.897699998575263,992.1577999994042,1007.323995395454,one shared preloaded model
conv-48-qa-144,centered_zero,2.2684953974744513,18.34410000446951,273.753300003591,294.36589540553496,one shared preloaded model
conv-48-qa-145,centered_zero,2.2684953974744513,20.665399999415968,161.34239999519195,184.27629539208237,one shared preloaded model
conv-48-qa-146,centered_zero,2.2684953974744513,19.105699997453485,225.23500000534113,246.60919540026907,one shared preloaded model
conv-48-qa-147,centered_zero,2.2684953974744513,30.302099999971688,1569.5564999987255,1602.1270953961716,one shared preloaded model
conv-48-qa-148,centered_zero,2.2684953974744513,18.210700000054203,171.4990000036778,191.97819540120645,one shared preloaded model
conv-48-qa-149,centered_zero,2.2684953974744513,18.44659999915166,341.9166000021505,362.6316953987766,one shared preloaded model
conv-48-qa-150,centered_zero,2.2684953974744513,22.968500001297798,275.37880000454606,300.6157954033183,one shared preloaded model
conv-48-qa-151,centered_zero,2.2684953974744513,21.070100003271364,179.3753999954788,202.71399539622462,one shared preloaded model
conv-48-qa-152,centered_zero,2.2684953974744513,19.59099999658065,848.168500000611,870.027995394666,one shared preloaded model
conv-48-qa-153,centered_zero,2.2684953974744513,18.087399999785703,930.2517000032822,950.6075954005423,one shared preloaded model
conv-48-qa-154,centered_zero,2.2684953974744513,19.772999999986496,223.0342000038945,245.07569540135546,one shared preloaded model
conv-48-qa-155,centered_zero,2.2684953974744513,18.72929999808548,263.02189999842085,284.0196953939808,one shared preloaded model
conv-48-qa-156,centered_zero,2.2684953974744513,21.662099999957718,284.6477999992203,308.57839539665247,one shared preloaded model
conv-48-qa-157,centered_zero,2.2684953974744513,16.954499995335937,180.47829999704845,199.70129538985884,one shared preloaded model
conv-48-qa-158,centered_zero,2.2684953974744513,19.860000000335276,222.78920000098879,244.91769539879851,one shared preloaded model
conv-48-qa-159,centered_zero,2.2684953974744513,21.077500001410954,1600.4810000013094,1623.8269954001948,one shared preloaded model
conv-48-qa-160,centered_zero,2.2684953974744513,15.51599999947939,214.98270000302,232.76719539997384,one shared preloaded model
conv-48-qa-161,centered_zero,2.2684953974744513,24.075799999991432,228.66590000194265,255.01019539940853,one shared preloaded model
conv-48-qa-162,centered_zero,2.2684953974744513,22.45200000470504,277.5012999991304,302.2217954013099,one shared preloaded model
conv-48-qa-163,centered_zero,2.2684953974744513,23.304400005145,449.35589999658987,474.9287953992093,one shared preloaded model
conv-48-qa-164,centered_zero,2.2684953974744513,16.749499998695683,122.41880000510719,141.43679540127732,one shared preloaded model
conv-48-qa-165,centered_zero,2.2684953974744513,14.64720000512898,171.3545000020531,188.27019540465653,one shared preloaded model
conv-48-qa-166,centered_zero,2.2684953974744513,18.85760000004666,222.4108999944292,243.5369953919503,one shared preloaded model
conv-48-qa-167,centered_zero,2.2684953974744513,21.667399996658787,387.0609999939916,410.9968953881248,one shared preloaded model
conv-48-qa-168,centered_zero,2.2684953974744513,17.448200000217184,224.86109999590553,244.57779539359717,one shared preloaded model
conv-48-qa-169,centered_zero,2.2684953974744513,19.50399999623187,313.15059999906225,334.9230953927686,one shared preloaded model
conv-48-qa-170,centered_zero,2.2684953974744513,17.386800005624536,502.5727999964147,522.2280953995137,one shared preloaded model
conv-48-qa-171,centered_zero,2.2684953974744513,16.77870000276016,121.61170000035781,140.65889540059243,one shared preloaded model
conv-48-qa-172,centered_zero,2.2684953974744513,13.831000003847294,2205.3111999994144,2221.410695400736,one shared preloaded model
conv-48-qa-173,centered_zero,2.2684953974744513,15.522200003033504,253.54430000152206,271.33499540203,one shared preloaded model
conv-48-qa-174,centered_zero,2.2684953974744513,19.84200000151759,261.24200000049314,283.3524953994852,one shared preloaded model
conv-48-qa-175,centered_zero,2.2684953974744513,22.042900003725663,275.98439999565016,300.2957953968503,one shared preloaded model
conv-48-qa-176,centered_zero,2.2684953974744513,21.479899995028973,442.4885999978869,466.23699539039035,one shared preloaded model
conv-48-qa-177,centered_zero,2.2684953974744513,16.708399998606183,274.3878999972367,293.3647953933173,one shared preloaded model
conv-48-qa-178,centered_zero,2.2684953974744513,14.948600000934675,1379.6279000016511,1396.8449954000603,one shared preloaded model
conv-48-qa-179,centered_zero,2.2684953974744513,16.557399998418987,262.5605000066571,281.38639540255053,one shared preloaded model
conv-48-qa-180,centered_zero,2.2684953974744513,21.441099997900892,1159.262100001797,1182.9716953971724,one shared preloaded model
conv-48-qa-181,centered_zero,2.2684953974744513,19.707499996002298,261.0809000034351,283.05689539691184,one shared preloaded model
conv-48-qa-182,centered_zero,2.2684953974744513,22.7835000041523,442.5606000004336,467.6125954020604,one shared preloaded model
conv-48-qa-183,centered_zero,2.2684953974744513,16.835000002174638,638.8177999979234,657.9212953975725,one shared preloaded model
conv-48-qa-184,centered_zero,2.2684953974744513,18.07849999750033,261.5650999941863,281.9120953891611,one shared preloaded model
conv-48-qa-185,centered_zero,2.2684953974744513,19.88329999585403,121.11949999962235,143.27129539295083,one shared preloaded model
conv-48-qa-186,centered_zero,2.2684953974744513,18.978600004629698,274.62630000081845,295.8733954029226,one shared preloaded model
conv-48-qa-187,centered_zero,2.2684953974744513,21.887700000661425,261.0294000041904,285.18559540232627,one shared preloaded model
conv-48-qa-188,centered_zero,2.2684953974744513,18.976799998199567,263.971299995319,285.216595390993,one shared preloaded model
conv-48-qa-189,centered_zero,2.2684953974744513,24.19930000178283,173.2001999989734,199.6679953982307,one shared preloaded model
conv-48-qa-190,centered_zero,2.2684953974744513,19.08680000633467,1055.2993000019342,1076.6545954057433,one shared preloaded model
conv-48-qa-191,centered_zero,2.2684953974744513,21.495300003152806,256.5432999981567,280.307095398784,one shared preloaded model
conv-48-qa-192,centered_zero,2.2684953974744513,17.151700005342718,257.4788999991142,276.8990954019314,one shared preloaded model
conv-48-qa-193,centered_zero,2.2684953974744513,16.47370000137016,266.5340000021388,285.2761954009834,one shared preloaded model
conv-48-qa-194,centered_zero,2.2684953974744513,18.388900003628805,260.4407999970135,281.0981953981168,one shared preloaded model
conv-48-qa-195,centered_zero,2.2684953974744513,18.430500000249594,256.17619999684393,276.875195394568,one shared preloaded model
conv-48-qa-196,centered_zero,2.2684953974744513,15.379399999801535,661.0234999970999,678.6713953943758,one shared preloaded model
conv-48-qa-197,centered_zero,2.2684953974744513,18.152100004954264,253.7425999980769,274.16319540050563,one shared preloaded model
conv-48-qa-198,centered_zero,2.2684953974744513,20.295499998610467,172.27329999877838,194.8372953948633,one shared preloaded model
conv-48-qa-199,centered_zero,2.2684953974744513,19.90010000008624,225.72719999880064,247.89579539636134,one shared preloaded model
conv-48-qa-200,centered_zero,2.2684953974744513,22.24170000408776,494.76440000580624,519.2745954073685,one shared preloaded model
conv-48-qa-201,centered_zero,2.2684953974744513,19.390599998587277,273.4719000000041,295.1309953960658,one shared preloaded model
conv-48-qa-202,centered_zero,2.2684953974744513,21.346899993659463,431.354200001806,454.96959539293994,one shared preloaded model
conv-48-qa-203,centered_zero,2.2684953974744513,13.959500000055414,279.6054999998887,295.8334953974186,one shared preloaded model
conv-48-qa-204,centered_zero,2.2684953974744513,20.741799999086652,268.2161000047927,291.2263954013538,one shared preloaded model
conv-48-qa-205,centered_zero,2.2684953974744513,19.339699996635318,230.18690000026254,251.7950953943723,one shared preloaded model
conv-48-qa-206,centered_zero,2.2684953974744513,17.888000002130866,263.7828000006266,283.9392954002319,one shared preloaded model
conv-48-qa-207,centered_zero,2.2684953974744513,17.845099995611235,277.16289999807486,297.27649539116055,one shared preloaded model
conv-48-qa-208,centered_zero,2.2684953974744513,16.695800004526973,163.20369999448303,182.16799539648446,one shared preloaded model
conv-48-qa-209,centered_zero,2.2684953974744513,16.932500002440065,253.01949999993667,272.2204953998512,one shared preloaded model
conv-48-qa-210,centered_zero,2.2684953974744513,18.918599998869468,2071.8132000038167,2093.0002954001607,one shared preloaded model
conv-48-qa-211,centered_zero,2.2684953974744513,17.880300001706928,275.28719999827445,295.4359953974558,one shared preloaded model
conv-48-qa-212,centered_zero,2.2684953974744513,20.769700000528246,275.7372000050964,298.7753954030991,one shared preloaded model
conv-48-qa-213,centered_zero,2.2684953974744513,34.42969999741763,459.25319999514613,495.9513953900382,one shared preloaded model
conv-48-qa-214,centered_zero,2.2684953974744513,21.515299995371606,276.0820999974385,299.86589539028455,one shared preloaded model
conv-48-qa-215,centered_zero,2.2684953974744513,13.74249999935273,613.4713999999803,629.4823953968075,one shared preloaded model
conv-48-qa-216,centered_zero,2.2684953974744513,16.502099999343045,1127.9590999984066,1146.729695395224,one shared preloaded model
conv-48-qa-217,centered_zero,2.2684953974744513,21.244099996692967,172.2589999990305,195.7715953931979,one shared preloaded model
conv-48-qa-218,centered_zero,2.2684953974744513,19.245299998146947,968.3208999995259,989.8346953951473,one shared preloaded model
conv-48-qa-219,centered_zero,2.2684953974744513,20.17150000028778,350.27859999536304,372.71859539312527,one shared preloaded model
conv-48-qa-220,centered_zero,2.2684953974744513,16.023199998016935,439.15730000298936,457.44899539848075,one shared preloaded model
conv-48-qa-221,centered_zero,2.2684953974744513,17.639300000155345,546.8034000004991,566.7111953981289,one shared preloaded model
conv-48-qa-222,centered_zero,2.2684953974744513,13.71820000349544,675.0052999996115,690.9919954005813,one shared preloaded model
conv-48-qa-223,centered_zero,2.2684953974744513,17.282900000282098,276.9632999988971,296.5146953966537,one shared preloaded model
conv-48-qa-224,centered_zero,2.2684953974744513,22.190300005604513,232.97910000110278,257.43789540418175,one shared preloaded model
conv-48-qa-225,centered_zero,2.2684953974744513,20.965300005627796,456.7626999996719,479.99649540277414,one shared preloaded model
conv-48-qa-226,centered_zero,2.2684953974744513,17.419199997675605,273.4000999989803,293.08779539413035,one shared preloaded model
conv-48-qa-227,centered_zero,2.2684953974744513,17.542499997944105,174.19179999706103,194.00279539247958,one shared preloaded model
conv-48-qa-228,centered_zero,2.2684953974744513,13.738499997998588,260.6651999958558,276.67219539132884,one shared preloaded model
conv-48-qa-229,centered_zero,2.2684953974744513,18.396500003291294,571.5137000006507,592.1786954014165,one shared preloaded model
conv-48-qa-230,centered_zero,2.2684953974744513,18.844500002160203,122.05649999668822,143.16949539632287,one shared preloaded model
conv-48-qa-231,centered_zero,2.2684953974744513,20.15469999605557,200.22939999762457,222.6525953911546,one shared preloaded model
conv-48-qa-232,centered_zero,2.2684953974744513,19.70880000590114,230.49380000156816,252.47109540494375,one shared preloaded model
conv-48-qa-233,centered_zero,2.2684953974744513,21.297000006597955,1362.2959000058472,1385.8613954099196,one shared preloaded model
conv-48-qa-234,centered_zero,2.2684953974744513,11.549499999091495,260.22110000485554,274.0390954014215,one shared preloaded model
conv-48-qa-235,centered_zero,2.2684953974744513,19.577999999455642,276.14149999863,297.9879953955601,one shared preloaded model
conv-48-qa-236,centered_zero,2.2684953974744513,19.349299996974878,275.6964000000153,297.3141953944646,one shared preloaded model
conv-48-qa-237,centered_zero,2.2684953974744513,22.016000002622604,224.1760000033537,248.46049540345075,one shared preloaded model
conv-48-qa-238,centered_zero,2.2684953974744513,22.656699999060947,276.13730000302894,301.06249539956434,one shared preloaded model
conv-49-qa-0,centered_zero,2.419078061189348,18.675100000109524,131.91619999997783,153.0103780612767,one shared preloaded model
conv-49-qa-1,centered_zero,2.419078061189348,11.068500003602821,569.0488999971421,582.5364780619343,one shared preloaded model
conv-49-qa-2,centered_zero,2.419078061189348,15.783399998326786,180.9657000048901,199.16817806440622,one shared preloaded model
conv-49-qa-3,centered_zero,2.419078061189348,18.258399999467656,122.52209999860497,143.19957805926197,one shared preloaded model
conv-49-qa-4,centered_zero,2.419078061189348,13.79770000494318,261.3111000027857,277.5278780689182,one shared preloaded model
conv-49-qa-5,centered_zero,2.419078061189348,19.7041999999783,123.26790000224719,145.39117806341483,one shared preloaded model
conv-49-qa-6,centered_zero,2.419078061189348,18.764099993859418,120.99679999664659,142.17997805169534,one shared preloaded model
conv-49-qa-7,centered_zero,2.419078061189348,18.868499995733146,160.33030000107829,181.61787805800077,one shared preloaded model
conv-49-qa-8,centered_zero,2.419078061189348,18.739500002993736,279.49720000469824,300.6557780688813,one shared preloaded model
conv-49-qa-9,centered_zero,2.419078061189348,16.575499997998122,664.3595999994432,683.3541780586306,one shared preloaded model
conv-49-qa-10,centered_zero,2.419078061189348,16.753899995819665,350.2085000000079,369.3814780570169,one shared preloaded model
conv-49-qa-11,centered_zero,2.419078061189348,16.255800001090392,226.26539999328088,244.9402780555606,one shared preloaded model
conv-49-qa-12,centered_zero,2.419078061189348,19.77719999558758,1028.9463000008254,1051.1425780576023,one shared preloaded model
conv-49-qa-13,centered_zero,2.419078061189348,18.933300001663156,594.5089000015287,615.8612780643812,one shared preloaded model
conv-49-qa-14,centered_zero,2.419078061189348,16.321099996275734,253.19540000054985,271.9355780580149,one shared preloaded model
conv-49-qa-15,centered_zero,2.419078061189348,17.659199998888653,275.5168000003323,295.5950780604103,one shared preloaded model
conv-49-qa-16,centered_zero,2.419078061189348,20.3959999998915,211.44490000006044,234.25997806114128,one shared preloaded model
conv-49-qa-17,centered_zero,2.419078061189348,20.939500005624723,709.2497000048752,732.6082780716893,one shared preloaded model
conv-49-qa-18,centered_zero,2.419078061189348,18.85450000554556,180.44989999907557,201.72347806581047,one shared preloaded model
conv-49-qa-19,centered_zero,2.419078061189348,20.157400002062786,689.7695000006934,712.3459780639455,one shared preloaded model
conv-49-qa-20,centered_zero,2.419078061189348,15.576800004055258,173.09369999566115,191.08957806090575,one shared preloaded model
conv-49-qa-21,centered_zero,2.419078061189348,13.950599997770041,528.2212000020081,544.5908780609675,one shared preloaded model
conv-49-qa-22,centered_zero,2.419078061189348,17.380400000547525,1633.5919999983162,1653.391478060053,one shared preloaded model
conv-49-qa-23,centered_zero,2.419078061189348,31.887199998891447,566.9087999995099,601.2150780595907,one shared preloaded model
conv-49-qa-24,centered_zero,2.419078061189348,18.686800001887605,253.27879999531433,274.3846780583913,one shared preloaded model
conv-49-qa-25,centered_zero,2.419078061189348,15.654499999072868,268.26789999904577,286.341478059308,one shared preloaded model
conv-49-qa-26,centered_zero,2.419078061189348,17.08380000491161,174.36930000258144,193.8721780686824,one shared preloaded model
conv-49-qa-27,centered_zero,2.419078061189348,19.475100001727697,183.70550000690855,205.5996780698256,one shared preloaded model
conv-49-qa-28,centered_zero,2.419078061189348,19.797599998128135,413.3895999984816,435.60627805779905,one shared preloaded model
conv-49-qa-29,centered_zero,2.419078061189348,14.842099997622427,781.3920000044163,798.6531780632281,one shared preloaded model
conv-49-qa-30,centered_zero,2.419078061189348,18.46540000406094,671.2281000000075,692.1125780652578,one shared preloaded model
conv-49-qa-31,centered_zero,2.419078061189348,17.490999998699408,288.1296999985352,308.03977805842396,one shared preloaded model
conv-49-qa-32,centered_zero,2.419078061189348,16.76719999522902,276.29259999957867,295.47887805599703,one shared preloaded model
conv-49-qa-33,centered_zero,2.419078061189348,22.038099996279925,258.4026000040467,282.85977806151595,one shared preloaded model
conv-49-qa-34,centered_zero,2.419078061189348,19.673300004797056,308.5871999937808,330.6795780597672,one shared preloaded model
conv-49-qa-35,centered_zero,2.419078061189348,20.613200002117082,419.8871999979019,442.91947806120834,one shared preloaded model
conv-49-qa-36,centered_zero,2.419078061189348,15.291799994884059,226.0993000018061,243.8101780578795,one shared preloaded model
conv-49-qa-37,centered_zero,2.419078061189348,20.40370000031544,417.1633999940241,439.98617805552885,one shared preloaded model
conv-49-qa-38,centered_zero,2.419078061189348,14.401500004169066,803.25879999873,820.0793780640884,one shared preloaded model
conv-49-qa-39,centered_zero,2.419078061189348,20.57040000363486,120.0299999982235,143.0194780630477,one shared preloaded model
conv-49-qa-40,centered_zero,2.419078061189348,18.254499998874962,644.7671999994782,665.4407780595425,one shared preloaded model
conv-49-qa-41,centered_zero,2.419078061189348,15.348300003097393,268.03430000290973,285.80167806719646,one shared preloaded model
conv-49-qa-42,centered_zero,2.419078061189348,18.79989999724785,952.3858999964432,973.6048780548804,one shared preloaded model
conv-49-qa-43,centered_zero,2.419078061189348,18.4679000012693,642.5982000000658,663.4851780625245,one shared preloaded model
conv-49-qa-44,centered_zero,2.419078061189348,12.777700001606718,222.21059999719728,237.40737805999333,one shared preloaded model
conv-49-qa-45,centered_zero,2.419078061189348,21.650100003171246,274.3951000011293,298.4642780654899,one shared preloaded model
conv-49-qa-46,centered_zero,2.419078061189348,21.97370000067167,628.1137000041781,652.5064780660391,one shared preloaded model
conv-49-qa-47,centered_zero,2.419078061189348,18.665000003238674,388.376299997617,409.46037806204504,one shared preloaded model
conv-49-qa-48,centered_zero,2.419078061189348,17.414299996744376,1219.3809000018518,1239.2142780597856,one shared preloaded model
conv-49-qa-49,centered_zero,2.419078061189348,13.033099996391684,113.46929999854183,128.92147805612285,one shared preloaded model
conv-49-qa-50,centered_zero,2.419078061189348,18.488200003048405,289.5496999990428,310.45697806328053,one shared preloaded model
conv-49-qa-51,centered_zero,2.419078061189348,16.949400000157766,859.8124000054668,879.1808780668139,one shared preloaded model
conv-49-qa-52,centered_zero,2.419078061189348,14.179899997543544,563.4333999987575,580.0323780574904,one shared preloaded model
conv-49-qa-53,centered_zero,2.419078061189348,17.271999997319654,630.4042999981903,650.0953780566992,one shared preloaded model
conv-49-qa-54,centered_zero,2.419078061189348,25.037400002474897,556.0346999991452,583.4911780628095,one shared preloaded model
conv-49-qa-55,centered_zero,2.419078061189348,19.187000005331356,287.1727000019746,308.7787780684953,one shared preloaded model
conv-49-qa-56,centered_zero,2.419078061189348,20.924500000546686,1699.6471000020392,1722.9906780637752,one shared preloaded model
conv-49-qa-57,centered_zero,2.419078061189348,22.472800003015436,260.8738999988418,285.7657780630466,one shared preloaded model
conv-49-qa-58,centered_zero,2.419078061189348,20.493100004387088,627.3399999990943,650.2521780646707,one shared preloaded model
conv-49-qa-59,centered_zero,2.419078061189348,18.116599996574223,638.1198999952176,658.6555780529811,one shared preloaded model
conv-49-qa-60,centered_zero,2.419078061189348,17.169200000353158,266.15299999684794,285.74127805839044,one shared preloaded model
conv-49-qa-61,centered_zero,2.419078061189348,20.353200001409277,171.2933000017074,194.065578064306,one shared preloaded model
conv-49-qa-62,centered_zero,2.419078061189348,18.890899998950772,619.7323999949731,641.0423780551132,one shared preloaded model
conv-49-qa-63,centered_zero,2.419078061189348,15.331200003856793,263.6170999976457,281.36737806269184,one shared preloaded model
conv-49-qa-64,centered_zero,2.419078061189348,20.160600004601292,122.75759999465663,145.33727806044726,one shared preloaded model
conv-49-qa-65,centered_zero,2.419078061189348,18.717900005867705,183.01800000335788,204.15497807041493,one shared preloaded model
conv-49-qa-66,centered_zero,2.419078061189348,18.253599999297876,408.73889999784296,429.4115780583302,one shared preloaded model
conv-49-qa-67,centered_zero,2.419078061189348,16.747299996495713,587.6331999970716,606.7995780547567,one shared preloaded model
conv-49-qa-68,centered_zero,2.419078061189348,17.91050000610994,266.96150000498164,287.2910780722809,one shared preloaded model
conv-49-qa-69,centered_zero,2.419078061189348,17.339700003503822,777.2518999991007,797.0106780637939,one shared preloaded model
conv-49-qa-70,centered_zero,2.419078061189348,18.897100002504885,224.57269999722484,245.88887806091907,one shared preloaded model
conv-49-qa-71,centered_zero,2.419078061189348,21.815299995068926,227.53409999859286,251.76847805485113,one shared preloaded model
conv-49-qa-72,centered_zero,2.419078061189348,19.577399994886946,521.0236999992048,543.0201780552811,one shared preloaded model
conv-49-qa-73,centered_zero,2.419078061189348,15.33190000191098,135.7819000040763,153.53287806717663,one shared preloaded model
conv-49-qa-74,centered_zero,2.419078061189348,18.547399995441083,355.229100001452,376.19557805808245,one shared preloaded model
conv-49-qa-75,centered_zero,2.419078061189348,16.828700005135033,478.5249999986263,497.77277806495067,one shared preloaded model
conv-49-qa-76,centered_zero,2.419078061189348,12.21580000128597,297.36419999971986,311.99907806219517,one shared preloaded model
conv-49-qa-77,centered_zero,2.419078061189348,16.015799999877345,447.73560000612633,466.170478067193,one shared preloaded model
conv-49-qa-78,centered_zero,2.419078061189348,12.637899999390356,110.62459999811836,125.68157805869807,one shared preloaded model
conv-49-qa-79,centered_zero,2.419078061189348,18.750899995211512,158.7163000003784,179.88627805677925,one shared preloaded model
conv-49-qa-80,centered_zero,2.419078061189348,16.068999997514766,492.03980000311276,510.52787806181686,one shared preloaded model
conv-49-qa-81,centered_zero,2.419078061189348,11.836999998195097,151.43730000272626,165.6933780621107,one shared preloaded model
conv-49-qa-82,centered_zero,2.419078061189348,18.44590000109747,167.1853000007104,188.05027806299722,one shared preloaded model
conv-49-qa-83,centered_zero,2.419078061189348,20.2757999941241,144.28939999925205,166.9842780545655,one shared preloaded model
conv-49-qa-84,centered_zero,2.419078061189348,18.40269999956945,227.27319999830797,248.09497805906676,one shared preloaded model
conv-49-qa-85,centered_zero,2.419078061189348,13.0700000008801,156.0652999978629,171.55437805993233,one shared preloaded model
conv-49-qa-86,centered_zero,2.419078061189348,18.402599998808,435.14970000251196,455.9713780625093,one shared preloaded model
conv-49-qa-87,centered_zero,2.419078061189348,18.49959999526618,140.18919999944046,161.10787805589598,one shared preloaded model
conv-49-qa-88,centered_zero,2.419078061189348,19.121600002108607,433.49980000493815,455.0404780682361,one shared preloaded model
conv-49-qa-89,centered_zero,2.419078061189348,12.112700002035126,262.11670000338927,276.64847806661373,one shared preloaded model
conv-49-qa-90,centered_zero,2.419078061189348,13.730899998336099,328.43470000079833,344.58467806032377,one shared preloaded model
conv-49-qa-91,centered_zero,2.419078061189348,15.818100000615232,356.6332999980659,374.8704780598705,one shared preloaded model
conv-49-qa-92,centered_zero,2.419078061189348,18.309500002942514,447.6524999990943,468.38107806322614,one shared preloaded model
conv-49-qa-93,centered_zero,2.419078061189348,18.44400000118185,210.12019999761833,230.98327805998952,one shared preloaded model
conv-49-qa-94,centered_zero,2.419078061189348,19.81260000320617,303.0801999993855,325.311878063781,one shared preloaded model
conv-49-qa-95,centered_zero,2.419078061189348,14.803300000494346,276.7837999999756,294.0061780616593,one shared preloaded model
conv-49-qa-96,centered_zero,2.419078061189348,15.714299996034242,388.37970000167843,406.513078058902,one shared preloaded model
conv-49-qa-97,centered_zero,2.419078061189348,11.67870000062976,484.5550000027288,498.6527780645479,one shared preloaded model
conv-49-qa-98,centered_zero,2.419078061189348,20.204200001899153,111.97340000217082,134.5966780652593,one shared preloaded model
conv-49-qa-99,centered_zero,2.419078061189348,19.738900002266746,228.8094999967143,250.96747806017038,one shared preloaded model
conv-49-qa-100,centered_zero,2.419078061189348,20.544899998640176,268.91690000047674,291.88087806030626,one shared preloaded model
conv-49-qa-101,centered_zero,2.419078061189348,15.672900000936352,278.3992999975453,296.491278059671,one shared preloaded model
conv-49-qa-102,centered_zero,2.419078061189348,15.885799999523442,279.2719000062789,297.57677806699166,one shared preloaded model
conv-49-qa-103,centered_zero,2.419078061189348,19.870199997967575,224.2499999993015,246.53927805845842,one shared preloaded model
conv-49-qa-104,centered_zero,2.419078061189348,20.02619999984745,470.624499997939,493.06977805897577,one shared preloaded model
conv-49-qa-105,centered_zero,2.419078061189348,25.997700002335478,270.636100001866,299.0528780653908,one shared preloaded model
conv-49-qa-106,centered_zero,2.419078061189348,19.613500000559725,2164.6248000033665,2186.6573780651156,one shared preloaded model
conv-49-qa-107,centered_zero,2.419078061189348,15.55950000329176,219.1891000038595,237.1676780683406,one shared preloaded model
conv-49-qa-108,centered_zero,2.419078061189348,21.568899996054824,173.12240000319434,197.1103780604385,one shared preloaded model
conv-49-qa-109,centered_zero,2.419078061189348,12.90059999882942,250.25019999884535,265.5698780588641,one shared preloaded model
conv-49-qa-110,centered_zero,2.419078061189348,17.590700001164805,192.38970000151312,212.39947806386726,one shared preloaded model
conv-49-qa-111,centered_zero,2.419078061189348,14.168199995765463,177.65260000305716,194.23987806001196,one shared preloaded model
conv-49-qa-112,centered_zero,2.419078061189348,18.99299999786308,2064.858899997489,2086.2709780565415,one shared preloaded model
conv-49-qa-113,centered_zero,2.419078061189348,16.735099998186342,298.21820000506705,317.3723780644427,one shared preloaded model
conv-49-qa-114,centered_zero,2.419078061189348,13.360199998714961,172.2248000005493,188.0040780604536,one shared preloaded model
conv-49-qa-115,centered_zero,2.419078061189348,18.793699993693735,178.4992000029888,199.71197805787187,one shared preloaded model
conv-49-qa-116,centered_zero,2.419078061189348,19.445299993094523,491.82830000063404,513.6926780549179,one shared preloaded model
conv-49-qa-117,centered_zero,2.419078061189348,16.269799998553935,172.09569999977248,190.78457805951575,one shared preloaded model
conv-49-qa-118,centered_zero,2.419078061189348,13.192400001571514,257.658900001843,273.27037806460385,one shared preloaded model
conv-49-qa-119,centered_zero,2.419078061189348,16.240299999481067,273.65970000391826,292.31907806458867,one shared preloaded model
conv-49-qa-120,centered_zero,2.419078061189348,16.25449999846751,643.005699996138,661.6792780557948,one shared preloaded model
conv-49-qa-121,centered_zero,2.419078061189348,15.301999999792315,173.44890000094892,191.16997806193058,one shared preloaded model
conv-49-qa-122,centered_zero,2.419078061189348,18.268400002853014,254.1791999974521,274.86667806149444,one shared preloaded model
conv-49-qa-123,centered_zero,2.419078061189348,18.853399997169618,428.9874000023701,450.2598780607291,one shared preloaded model
conv-49-qa-124,centered_zero,2.419078061189348,20.090099998924416,292.4985999998171,315.00777805993084,one shared preloaded model
conv-49-qa-125,centered_zero,2.419078061189348,19.099800003459677,275.72630000213394,297.24517806678296,one shared preloaded model
conv-49-qa-126,centered_zero,2.419078061189348,19.08519999415148,316.56310000107624,338.06737805641706,one shared preloaded model
conv-49-qa-127,centered_zero,2.419078061189348,18.688800002564676,498.2787999979337,519.3866780616877,one shared preloaded model
conv-49-qa-128,centered_zero,2.419078061189348,18.283099998370744,608.6664000031305,629.3685780626906,one shared preloaded model
conv-49-qa-129,centered_zero,2.419078061189348,18.814700000802986,294.2869999969844,315.5207780589767,one shared preloaded model
conv-49-qa-130,centered_zero,2.419078061189348,28.57360000052722,303.04009999963455,334.0327780613511,one shared preloaded model
conv-49-qa-131,centered_zero,2.419078061189348,16.640699999697972,176.88040000211913,195.94017806300644,one shared preloaded model
conv-49-qa-132,centered_zero,2.419078061189348,18.542000005254522,861.2336999940453,882.1947780604892,one shared preloaded model
conv-49-qa-133,centered_zero,2.419078061189348,18.26479999726871,366.5108000059263,387.19467806438433,one shared preloaded model
conv-49-qa-134,centered_zero,2.419078061189348,16.087200005131308,179.35099999886006,197.8572780651807,one shared preloaded model
conv-49-qa-135,centered_zero,2.419078061189348,20.35959999921033,278.23970000463305,301.0183780650327,one shared preloaded model
conv-49-qa-136,centered_zero,2.419078061189348,22.780500003136694,268.6136999982409,293.81327806256695,one shared preloaded model
conv-49-qa-137,centered_zero,2.419078061189348,23.252500002854504,179.67749999661464,205.34907806065848,one shared preloaded model
conv-49-qa-138,centered_zero,2.419078061189348,14.507800005958416,267.40089999657357,284.3277780637213,one shared preloaded model
conv-49-qa-139,centered_zero,2.419078061189348,15.735500004666392,299.03790000389563,317.19247806975136,one shared preloaded model
conv-49-qa-140,centered_zero,2.419078061189348,19.032699994568247,229.64390000561252,251.0956780613701,one shared preloaded model
conv-49-qa-141,centered_zero,2.419078061189348,21.135000002686866,266.22170000337064,289.77577806724685,one shared preloaded model
conv-49-qa-142,centered_zero,2.419078061189348,18.698799998674076,1250.2046000008704,1271.3224780607338,one shared preloaded model
conv-49-qa-143,centered_zero,2.419078061189348,12.171800000942312,256.95870000345167,271.5495780655833,one shared preloaded model
conv-49-qa-144,centered_zero,2.419078061189348,18.248899999889545,291.1085000014282,311.77647806250707,one shared preloaded model
conv-49-qa-145,centered_zero,2.419078061189348,13.151000006473623,177.131600001303,192.70167806896598,one shared preloaded model
conv-49-qa-146,centered_zero,2.419078061189348,20.010000000183936,258.4887000048184,280.91777806619166,one shared preloaded model
conv-49-qa-147,centered_zero,2.419078061189348,18.500999998650514,279.59919999557314,300.519278055413,one shared preloaded model
conv-49-qa-148,centered_zero,2.419078061189348,21.246500000415836,290.1567000008072,313.82227806241235,one shared preloaded model
conv-49-qa-149,centered_zero,2.419078061189348,19.26689999527298,273.6824000021443,295.3683780586066,one shared preloaded model
conv-49-qa-150,centered_zero,2.419078061189348,18.642700000782497,371.14629999996396,392.2080780619358,one shared preloaded model
conv-49-qa-151,centered_zero,2.419078061189348,16.80080000369344,232.45200000383193,251.6718780687147,one shared preloaded model
conv-49-qa-152,centered_zero,2.419078061189348,20.592400003806688,143.03929999732645,166.05077806232248,one shared preloaded model
conv-49-qa-153,centered_zero,2.419078061189348,19.548600001144223,2118.9354000016465,2140.90307806398,one shared preloaded model
conv-49-qa-154,centered_zero,2.419078061189348,17.315199998847675,543.6613999991096,563.3956780591466,one shared preloaded model
conv-49-qa-155,centered_zero,2.419078061189348,17.88719999603927,489.3426999988151,509.6489780560437,one shared preloaded model
conv-49-qa-156,centered_zero,2.419078061189348,19.98029999958817,173.44999999477295,195.84937805555046,one shared preloaded model
conv-49-qa-157,centered_zero,2.419078061189348,18.362399998295587,275.27370000461815,296.0551780641031,one shared preloaded model
conv-49-qa-158,centered_zero,2.419078061189348,20.75650000188034,287.8207999965525,310.9963780596222,one shared preloaded model
conv-49-qa-159,centered_zero,2.419078061189348,20.671199999924283,175.0562000015634,198.14647806267703,one shared preloaded model
conv-49-qa-160,centered_zero,2.419078061189348,19.61779999692226,578.9143000001786,600.9511780582902,one shared preloaded model
conv-49-qa-161,centered_zero,2.419078061189348,17.24340000509983,269.783899995673,289.44637806196215,one shared preloaded model
conv-49-qa-162,centered_zero,2.419078061189348,14.461399994615931,167.43419999693288,184.31467805273815,one shared preloaded model
conv-49-qa-163,centered_zero,2.419078061189348,18.836299997929018,332.6253999985056,353.88077805762396,one shared preloaded model
conv-49-qa-164,centered_zero,2.419078061189348,20.360900001833215,257.51129999844125,280.2912780614638,one shared preloaded model
conv-49-qa-165,centered_zero,2.419078061189348,18.498299999919254,250.95009999495232,271.8674780560609,one shared preloaded model
conv-49-qa-166,centered_zero,2.419078061189348,18.5328000006848,248.77379999816185,269.725678060036,one shared preloaded model
conv-49-qa-167,centered_zero,2.419078061189348,19.120100005238783,234.61560000578174,256.15477807220987,one shared preloaded model
conv-49-qa-168,centered_zero,2.419078061189348,21.415700000943616,260.22029999876395,284.0550780608969,one shared preloaded model
conv-49-qa-169,centered_zero,2.419078061189348,17.672699999820907,522.8849000050104,542.9766780660207,one shared preloaded model
conv-49-qa-170,centered_zero,2.419078061189348,14.827300001343247,233.9633000010508,251.2096780635834,one shared preloaded model
conv-49-qa-171,centered_zero,2.419078061189348,19.976300005509984,226.2568000005558,248.65217806725514,one shared preloaded model
conv-49-qa-172,centered_zero,2.419078061189348,24.842699996952433,225.25170000153594,252.5134780596777,one shared preloaded model
conv-49-qa-173,centered_zero,2.419078061189348,21.994499998982064,180.54500000289408,204.9585780630655,one shared preloaded model
conv-49-qa-174,centered_zero,2.419078061189348,17.35710000502877,171.9401000009384,191.7162780671565,one shared preloaded model
conv-49-qa-175,centered_zero,2.419078061189348,19.11830000608461,461.57749999838416,483.1148780656581,one shared preloaded model
conv-49-qa-176,centered_zero,2.419078061189348,12.822400000004563,275.49849999923026,290.73997806042416,one shared preloaded model
conv-49-qa-177,centered_zero,2.419078061189348,20.667899996624328,261.1948999983724,284.2818780561861,one shared preloaded model
conv-49-qa-178,centered_zero,2.419078061189348,13.195100000302773,278.11430000292603,293.72847806441814,one shared preloaded model
conv-49-qa-179,centered_zero,2.419078061189348,19.425699996645562,273.2063000003109,295.0510780581458,one shared preloaded model
conv-49-qa-180,centered_zero,2.419078061189348,18.797900003846735,264.738000005309,285.9549780703451,one shared preloaded model
conv-49-qa-181,centered_zero,2.419078061189348,21.67610000469722,267.49410000047646,291.589278066363,one shared preloaded model
conv-49-qa-182,centered_zero,2.419078061189348,19.580599997425452,525.8059000043431,547.8055780629579,one shared preloaded model
conv-49-qa-183,centered_zero,2.419078061189348,15.815399994608015,274.4777999978396,292.71227805363696,one shared preloaded model
conv-49-qa-184,centered_zero,2.419078061189348,20.56619999348186,585.101399999985,608.0866780546562,one shared preloaded model
conv-49-qa-185,centered_zero,2.419078061189348,16.315499997290317,274.8088999942411,293.54347805272073,one shared preloaded model
conv-49-qa-186,centered_zero,2.419078061189348,19.10219999990659,160.53459999966435,182.05587806076028,one shared preloaded model
conv-49-qa-187,centered_zero,2.419078061189348,19.744199998967815,221.8302000037511,243.99347806390824,one shared preloaded model
conv-49-qa-188,centered_zero,2.419078061189348,22.44980000250507,388.3353999990504,413.20427806274483,one shared preloaded model
conv-49-qa-189,centered_zero,2.419078061189348,14.49010000214912,897.0514999964507,913.9606780597892,one shared preloaded model
conv-49-qa-190,centered_zero,2.419078061189348,17.8167999983998,277.79780000128085,298.03367806087,one shared preloaded model
conv-49-qa-191,centered_zero,2.419078061189348,20.775400000275113,279.9968000035733,303.19127806503775,one shared preloaded model
conv-49-qa-192,centered_zero,2.419078061189348,18.737300000793766,272.8147000016179,293.971078063601,one shared preloaded model
conv-49-qa-193,centered_zero,2.419078061189348,21.183000004384667,231.90350000368198,255.505578069256,one shared preloaded model
conv-49-qa-194,centered_zero,2.419078061189348,21.590199998172466,281.0603000034462,305.069578062808,one shared preloaded model
conv-49-qa-195,centered_zero,2.419078061189348,19.04590000049211,252.072399998724,273.53737806040544,one shared preloaded model
conv-50-qa-0,centered_zero,2.6375745098145367,20.307400001911446,669.3133000007947,692.2582745125206,one shared preloaded model
conv-50-qa-1,centered_zero,2.6375745098145367,16.68029999564169,204.42910000565462,223.74697451111084,one shared preloaded model
conv-50-qa-2,centered_zero,2.6375745098145367,20.028900005854666,580.0842000026023,602.7506745182715,one shared preloaded model
conv-50-qa-3,centered_zero,2.6375745098145367,20.126299998082686,224.74760000477545,247.51147451267266,one shared preloaded model
conv-50-qa-4,centered_zero,2.6375745098145367,23.053799995977897,125.2978999982588,150.98927450405122,one shared preloaded model
conv-50-qa-5,centered_zero,2.6375745098145367,19.559400003345218,377.89429999975255,400.0912745129123,one shared preloaded model
conv-50-qa-6,centered_zero,2.6375745098145367,14.811100001679733,184.28159999893978,201.73027451043404,one shared preloaded model
conv-50-qa-7,centered_zero,2.6375745098145367,20.382700000482146,287.967899996147,310.9881745064437,one shared preloaded model
conv-50-qa-8,centered_zero,2.6375745098145367,20.64579999569105,403.1523000012385,426.4356745067441,one shared preloaded model
conv-50-qa-9,centered_zero,2.6375745098145367,17.334199998003896,688.2168000011006,708.188574508919,one shared preloaded model
conv-50-qa-10,centered_zero,2.6375745098145367,21.19939999829512,282.11559999908786,305.95257450719754,one shared preloaded model
conv-50-qa-11,centered_zero,2.6375745098145367,181.3280999995186,271.0321000049589,454.997774514292,one shared preloaded model
conv-50-qa-12,centered_zero,2.6375745098145367,18.81419999699574,718.8450000030571,740.2967745098673,one shared preloaded model
conv-50-qa-13,centered_zero,2.6375745098145367,20.620199997210875,283.0697000026703,306.3274745096957,one shared preloaded model
conv-50-qa-14,centered_zero,2.6375745098145367,17.293500000960194,649.0387000012561,668.9697745120308,one shared preloaded model
conv-50-qa-15,centered_zero,2.6375745098145367,16.91500000015367,185.4163999960292,204.9689745059974,one shared preloaded model
conv-50-qa-16,centered_zero,2.6375745098145367,15.69500000186963,391.3761000003433,409.70867451202747,one shared preloaded model
conv-50-qa-17,centered_zero,2.6375745098145367,17.728499995428137,804.2726000057883,824.6386745110309,one shared preloaded model
conv-50-qa-18,centered_zero,2.6375745098145367,14.779500001168344,128.86989999969956,146.28697451068243,one shared preloaded model
conv-50-qa-19,centered_zero,2.6375745098145367,14.43019999715034,373.84990000282414,390.91767450978904,one shared preloaded model
conv-50-qa-20,centered_zero,2.6375745098145367,20.84350000222912,696.5704999965965,720.0515745086401,one shared preloaded model
conv-50-qa-21,centered_zero,2.6375745098145367,22.60280000336934,1807.6600999993389,1832.9004745125228,one shared preloaded model
conv-50-qa-22,centered_zero,2.6375745098145367,17.241800000192598,1697.8511000052094,1717.7304745152167,one shared preloaded model
conv-50-qa-23,centered_zero,2.6375745098145367,18.02690000477014,120.51090000022668,141.17537451481135,one shared preloaded model
conv-50-qa-24,centered_zero,2.6375745098145367,13.792999998258892,272.5810999982059,289.01167450627935,one shared preloaded model
conv-50-qa-25,centered_zero,2.6375745098145367,17.264000001887325,719.2293999978574,739.1309745095592,one shared preloaded model
conv-50-qa-26,centered_zero,2.6375745098145367,14.64490000216756,432.1888000049512,449.4712745169333,one shared preloaded model
conv-50-qa-27,centered_zero,2.6375745098145367,18.430100004479755,171.77860000083456,192.84627451512884,one shared preloaded model
conv-50-qa-28,centered_zero,2.6375745098145367,19.74789999803761,222.49490000103833,244.88037450889047,one shared preloaded model
conv-50-qa-29,centered_zero,2.6375745098145367,19.915600001695566,256.2231999982032,278.7763745097133,one shared preloaded model
conv-50-qa-30,centered_zero,2.6375745098145367,16.02479999564821,171.881400005077,190.54377451053975,one shared preloaded model
conv-50-qa-31,centered_zero,2.6375745098145367,20.663999996031635,122.69440000090981,145.99597450675597,one shared preloaded model
conv-50-qa-32,centered_zero,2.6375745098145367,21.16569999634521,179.40210000233492,203.20537450849466,one shared preloaded model
conv-50-qa-33,centered_zero,2.6375745098145367,20.217999997839797,621.5650000012829,644.4205745089372,one shared preloaded model
conv-50-qa-34,centered_zero,2.6375745098145367,17.946699997992255,746.4843999987352,767.0686745065419,one shared preloaded model
conv-50-qa-35,centered_zero,2.6375745098145367,17.778900000848807,398.3656000054907,418.78207451615407,one shared preloaded model
conv-50-qa-36,centered_zero,2.6375745098145367,20.457700004044455,409.5305999944685,432.6258745083275,one shared preloaded model
conv-50-qa-37,centered_zero,2.6375745098145367,16.422100001364015,127.96820000221487,147.0278745133934,one shared preloaded model
conv-50-qa-38,centered_zero,2.6375745098145367,20.520699996268377,745.8275000026333,768.9857745087162,one shared preloaded model
conv-50-qa-39,centered_zero,2.6375745098145367,19.33209999697283,291.20240000338526,313.17207451017265,one shared preloaded model
conv-50-qa-40,centered_zero,2.6375745098145367,23.320000000239816,283.39210000558523,309.3496745156396,one shared preloaded model
conv-50-qa-41,centered_zero,2.6375745098145367,21.462400000018533,122.51459999970393,146.614574509537,one shared preloaded model
conv-50-qa-42,centered_zero,2.6375745098145367,19.23220000026049,128.33559999853605,150.20537450861107,one shared preloaded model
conv-50-qa-43,centered_zero,2.6375745098145367,20.17859999614302,179.56340000091586,202.3795745068734,one shared preloaded model
conv-50-qa-44,centered_zero,2.6375745098145367,16.627299999527168,663.9758000019356,683.2406745112772,one shared preloaded model
conv-50-qa-45,centered_zero,2.6375745098145367,14.975400001276284,330.4292000029818,348.04217451407266,one shared preloaded model
conv-50-qa-46,centered_zero,2.6375745098145367,17.151000000012573,391.2953000035486,411.08387451337575,one shared preloaded model
conv-50-qa-47,centered_zero,2.6375745098145367,20.857700001215562,136.7610000015702,160.2562745126003,one shared preloaded model
conv-50-qa-48,centered_zero,2.6375745098145367,19.09249999880558,272.8874000022188,294.6174745108389,one shared preloaded model
conv-50-qa-49,centered_zero,2.6375745098145367,20.31080000597285,295.00890000053914,317.95727451632655,one shared preloaded model
conv-50-qa-50,centered_zero,2.6375745098145367,20.15120000578463,435.69009999919217,458.47887451479136,one shared preloaded model
conv-50-qa-51,centered_zero,2.6375745098145367,19.752700005483348,665.6910999954562,688.081374510754,one shared preloaded model
conv-50-qa-52,centered_zero,2.6375745098145367,15.234800004691351,663.1119999947259,680.9843745092318,one shared preloaded model
conv-50-qa-53,centered_zero,2.6375745098145367,23.73260000604205,687.5109000029624,713.881074518819,one shared preloaded model
conv-50-qa-54,centered_zero,2.6375745098145367,17.16199999646051,2155.5747000020347,2175.3742745083096,one shared preloaded model
conv-50-qa-55,centered_zero,2.6375745098145367,21.072700001241174,660.0614999988466,683.7717745099022,one shared preloaded model
conv-50-qa-56,centered_zero,2.6375745098145367,14.753300005395431,161.78729999955976,179.17817451476972,one shared preloaded model
conv-50-qa-57,centered_zero,2.6375745098145367,18.861299999116454,277.3201000018162,298.8189745107472,one shared preloaded model
conv-50-qa-58,centered_zero,2.6375745098145367,22.99219999986235,327.5315999999293,353.1613745096062,one shared preloaded model
conv-50-qa-59,centered_zero,2.6375745098145367,20.332200001575984,125.44929999421583,148.41907450560635,one shared preloaded model
conv-50-qa-60,centered_zero,2.6375745098145367,20.080700000107754,277.6245999993989,300.34287450932123,one shared preloaded model
conv-50-qa-61,centered_zero,2.6375745098145367,14.159800004563294,236.29250000522006,253.08987451959788,one shared preloaded model
conv-50-qa-62,centered_zero,2.6375745098145367,22.064099997805897,290.7405000005383,315.44217450815876,one shared preloaded model
conv-50-qa-63,centered_zero,2.6375745098145367,16.901700000744313,269.0522000048077,288.59147451536654,one shared preloaded model
conv-50-qa-64,centered_zero,2.6375745098145367,17.68199999787612,468.4473999950569,488.7669745027476,one shared preloaded model
conv-50-qa-65,centered_zero,2.6375745098145367,20.09669999824837,881.2488999974448,903.9831745055077,one shared preloaded model
conv-50-qa-66,centered_zero,2.6375745098145367,19.261299996287562,283.3565999972052,305.2554745033073,one shared preloaded model
conv-50-qa-67,centered_zero,2.6375745098145367,22.94609999808017,178.28450000524754,203.86817451314224,one shared preloaded model
conv-50-qa-68,centered_zero,2.6375745098145367,21.39529999840306,399.63369999895804,423.66657450717565,one shared preloaded model
conv-50-qa-69,centered_zero,2.6375745098145367,17.59140000649495,707.7808999965782,728.0098745128877,one shared preloaded model
conv-50-qa-70,centered_zero,2.6375745098145367,18.24520000081975,448.6899999974412,469.5727745080755,one shared preloaded model
conv-50-qa-71,centered_zero,2.6375745098145367,16.38690000254428,230.27420000289567,249.29867451525448,one shared preloaded model
conv-50-qa-72,centered_zero,2.6375745098145367,20.36480000242591,190.11560000217287,213.1179745144133,one shared preloaded model
conv-50-qa-73,centered_zero,2.6375745098145367,20.14000000053784,181.03439999686088,203.81197450721325,one shared preloaded model
conv-50-qa-74,centered_zero,2.6375745098145367,20.197300000290852,447.0209999999497,469.8558745100551,one shared preloaded model
conv-50-qa-75,centered_zero,2.6375745098145367,19.71380000031786,295.7592000020668,318.1105745121992,one shared preloaded model
conv-50-qa-76,centered_zero,2.6375745098145367,20.046099998580758,758.8890999977593,781.5727745061546,one shared preloaded model
conv-50-qa-77,centered_zero,2.6375745098145367,17.76689999678638,279.09139999974286,299.4958745063438,one shared preloaded model
conv-50-qa-78,centered_zero,2.6375745098145367,19.372000002476852,274.27259999967646,296.28217451196787,one shared preloaded model
conv-50-qa-79,centered_zero,2.6375745098145367,21.986599997035228,276.06059999379795,300.68477450064773,one shared preloaded model
conv-50-qa-80,centered_zero,2.6375745098145367,20.274299997254275,2064.8653999960516,2087.77727450312,one shared preloaded model
conv-50-qa-81,centered_zero,2.6375745098145367,19.50550000037765,322.19780000014,344.3408745103322,one shared preloaded model
conv-50-qa-82,centered_zero,2.6375745098145367,13.823400004184805,252.06020000041462,268.521174514414,one shared preloaded model
conv-50-qa-83,centered_zero,2.6375745098145367,14.17809999838937,278.1388000003062,294.95447450851015,one shared preloaded model
conv-50-qa-84,centered_zero,2.6375745098145367,20.368099998449907,223.00169999653008,246.0073745047945,one shared preloaded model
conv-50-qa-85,centered_zero,2.6375745098145367,20.40809999743942,282.44550000090385,305.4911745081578,one shared preloaded model
conv-50-qa-86,centered_zero,2.6375745098145367,22.347400001308415,181.03130000235979,206.01627451348273,one shared preloaded model
conv-50-qa-87,centered_zero,2.6375745098145367,20.854900001722854,622.3548999987543,645.8473745102916,one shared preloaded model
conv-50-qa-88,centered_zero,2.6375745098145367,18.85539999784669,275.899299995217,297.39227450287825,one shared preloaded model
conv-50-qa-89,centered_zero,2.6375745098145367,18.490599999495316,251.7898999940371,272.918074503347,one shared preloaded model
conv-50-qa-90,centered_zero,2.6375745098145367,13.951000000815839,606.1511000007158,622.7396745113462,one shared preloaded model
conv-50-qa-91,centered_zero,2.6375745098145367,13.855600001988932,121.54449999798089,138.03767450978435,one shared preloaded model
conv-50-qa-92,centered_zero,2.6375745098145367,20.053399995958898,222.69030000461498,245.3812745103884,one shared preloaded model
conv-50-qa-93,centered_zero,2.6375745098145367,21.9753000055789,444.6282999997493,469.24117451514275,one shared preloaded model
conv-50-qa-94,centered_zero,2.6375745098145367,12.786699997377582,265.39279999997234,280.8170745071645,one shared preloaded model
conv-50-qa-95,centered_zero,2.6375745098145367,20.031599997309968,309.97880000359146,332.647974510716,one shared preloaded model
conv-50-qa-96,centered_zero,2.6375745098145367,14.291499996033963,135.62069999898085,152.54977450482934,one shared preloaded model
conv-50-qa-97,centered_zero,2.6375745098145367,20.332899999630172,796.7145000002347,819.6849745096794,one shared preloaded model
conv-50-qa-98,centered_zero,2.6375745098145367,18.1386999975075,702.3556999993161,723.1319745066381,one shared preloaded model
conv-50-qa-99,centered_zero,2.6375745098145367,16.448499998659827,467.23909999855096,486.32517450702534,one shared preloaded model
conv-50-qa-100,centered_zero,2.6375745098145367,20.30660000309581,260.78909999341704,283.7332745063274,one shared preloaded model
conv-50-qa-101,centered_zero,2.6375745098145367,19.855599995935336,1181.2337999945157,1203.7269745002657,one shared preloaded model
conv-50-qa-102,centered_zero,2.6375745098145367,20.20520000223769,180.19939999794587,203.0421745099981,one shared preloaded model
conv-50-qa-103,centered_zero,2.6375745098145367,19.85419999982696,491.5582000030554,514.0499745126968,one shared preloaded model
conv-50-qa-104,centered_zero,2.6375745098145367,15.464800002519041,844.0486999970744,862.151074509408,one shared preloaded model
conv-50-qa-105,centered_zero,2.6375745098145367,12.413800002832431,120.06200000178069,135.11337451442765,one shared preloaded model
conv-50-qa-106,centered_zero,2.6375745098145367,20.317800001066644,261.22490000125254,284.18027451213374,one shared preloaded model
conv-50-qa-107,centered_zero,2.6375745098145367,22.933399995963555,178.29579999670386,203.86677450248195,one shared preloaded model
conv-50-qa-108,centered_zero,2.6375745098145367,12.607299999217503,275.32349999819417,290.5683745072262,one shared preloaded model
conv-50-qa-109,centered_zero,2.6375745098145367,20.837199997913558,319.6024999997462,343.0772745074743,one shared preloaded model
conv-50-qa-110,centered_zero,2.6375745098145367,21.622200001729652,845.8854000054998,870.145174517044,one shared preloaded model
conv-50-qa-111,centered_zero,2.6375745098145367,17.985200000111945,332.5955999971484,353.2183745070749,one shared preloaded model
conv-50-qa-112,centered_zero,2.6375745098145367,22.07030000136001,128.53970000287518,153.24757451404972,one shared preloaded model
conv-50-qa-113,centered_zero,2.6375745098145367,15.295900004275609,172.569399997883,190.50287451197315,one shared preloaded model
conv-50-qa-114,centered_zero,2.6375745098145367,20.87529999698745,1356.7478000040865,1380.2606745108885,one shared preloaded model
conv-50-qa-115,centered_zero,2.6375745098145367,16.4433999962057,1801.5100000047823,1820.5909745108027,one shared preloaded model
conv-50-qa-116,centered_zero,2.6375745098145367,15.784199997142423,230.4331999985152,248.85497450547214,one shared preloaded model
conv-50-qa-117,centered_zero,2.6375745098145367,22.616700000071432,850.225500005763,875.479774515649,one shared preloaded model
conv-50-qa-118,centered_zero,2.6375745098145367,24.77119999821298,263.7773000024026,291.18607451043016,one shared preloaded model
conv-50-qa-119,centered_zero,2.6375745098145367,17.034299999068025,280.48690000287024,300.1587745117528,one shared preloaded model
conv-50-qa-120,centered_zero,2.6375745098145367,20.30870000453433,466.87979999842355,489.82607451277244,one shared preloaded model
conv-50-qa-121,centered_zero,2.6375745098145367,19.24219999636989,1427.2550999958185,1449.134874502003,one shared preloaded model
conv-50-qa-122,centered_zero,2.6375745098145367,17.05309999670135,224.41410000465112,244.104774511167,one shared preloaded model
conv-50-qa-123,centered_zero,2.6375745098145367,20.087100005184766,1414.9556000047596,1437.680274519759,one shared preloaded model
conv-50-qa-124,centered_zero,2.6375745098145367,22.536299999046605,174.3997999947169,199.57367450357802,one shared preloaded model
conv-50-qa-125,centered_zero,2.6375745098145367,14.622700000472832,172.3848999972688,189.64517450755616,one shared preloaded model
conv-50-qa-126,centered_zero,2.6375745098145367,21.014999998442363,278.6954999974114,302.3480745056683,one shared preloaded model
conv-50-qa-127,centered_zero,2.6375745098145367,20.030599996971432,250.80639999941923,273.4745745062052,one shared preloaded model
conv-50-qa-128,centered_zero,2.6375745098145367,17.789300000004005,263.60140000178944,284.028274511608,one shared preloaded model
conv-50-qa-129,centered_zero,2.6375745098145367,20.29220000258647,411.05349999998,433.983274512381,one shared preloaded model
conv-50-qa-130,centered_zero,2.6375745098145367,20.73299999756273,280.1800000015646,303.5505745089419,one shared preloaded model
conv-50-qa-131,centered_zero,2.6375745098145367,19.857900006172713,351.30349999963073,373.798974515618,one shared preloaded model
conv-50-qa-132,centered_zero,2.6375745098145367,21.042500004114117,1272.9651999979978,1296.6452745119266,one shared preloaded model
conv-50-qa-133,centered_zero,2.6375745098145367,12.931999997817911,930.3059000012581,945.8754745088905,one shared preloaded model
conv-50-qa-134,centered_zero,2.6375745098145367,17.602200001419988,1383.9320999977645,1404.171874508999,one shared preloaded model
conv-50-qa-135,centered_zero,2.6375745098145367,17.032299998390954,250.06289999873843,269.73277450694394,one shared preloaded model
conv-50-qa-136,centered_zero,2.6375745098145367,13.35290000133682,425.686599999608,441.6770745107594,one shared preloaded model
conv-50-qa-137,centered_zero,2.6375745098145367,13.574099997640587,471.8496000059531,488.06127451340825,one shared preloaded model
conv-50-qa-138,centered_zero,2.6375745098145367,12.623100003111176,142.2000000020489,157.4606745149746,one shared preloaded model
conv-50-qa-139,centered_zero,2.6375745098145367,14.673799996671733,201.05060000059893,218.3619745070852,one shared preloaded model
conv-50-qa-140,centered_zero,2.6375745098145367,14.64519999717595,634.4171000018832,651.6998745088737,one shared preloaded model
conv-50-qa-141,centered_zero,2.6375745098145367,17.772399995010346,175.45390000304906,195.86387450787393,one shared preloaded model
conv-50-qa-142,centered_zero,2.6375745098145367,20.55560000007972,652.2563000035007,675.4494745133949,one shared preloaded model
conv-50-qa-143,centered_zero,2.6375745098145367,16.606400000455324,173.37469999620225,192.6186745064721,one shared preloaded model
conv-50-qa-144,centered_zero,2.6375745098145367,20.24589999928139,230.2934000035748,253.1768745126707,one shared preloaded model
conv-50-qa-145,centered_zero,2.6375745098145367,20.368799996504094,494.59290000231704,517.5992745086356,one shared preloaded model
conv-50-qa-146,centered_zero,2.6375745098145367,16.57590000104392,177.58030000550207,196.79377451636051,one shared preloaded model
conv-50-qa-147,centered_zero,2.6375745098145367,15.3781999979401,177.22800000046846,195.24377450822308,one shared preloaded model
conv-50-qa-148,centered_zero,2.6375745098145367,23.325200003455393,178.98829999467125,204.95107450794117,one shared preloaded model
conv-50-qa-149,centered_zero,2.6375745098145367,21.35650000127498,385.05799999984447,409.052074510934,one shared preloaded model
conv-50-qa-150,centered_zero,2.6375745098145367,17.641200000070967,737.1271999945748,757.4059745044602,one shared preloaded model
conv-50-qa-151,centered_zero,2.6375745098145367,15.35429999785265,120.86899999849265,138.86087450615983,one shared preloaded model
conv-50-qa-152,centered_zero,2.6375745098145367,19.66040000115754,1577.6346999991802,1599.9326745101523,one shared preloaded model
conv-50-qa-153,centered_zero,2.6375745098145367,17.72029999847291,261.82149999658577,282.17937450487324,one shared preloaded model
conv-50-qa-154,centered_zero,2.6375745098145367,16.739999999117572,2261.628499996732,2281.006074505664,one shared preloaded model
conv-50-qa-155,centered_zero,2.6375745098145367,19.158299997798167,289.76569999940693,311.56157450701966,one shared preloaded model
conv-50-qa-156,centered_zero,2.6375745098145367,19.279500003904104,1128.2047999993665,1150.1218745130852,one shared preloaded model
conv-50-qa-157,centered_zero,2.6375745098145367,21.142700003110804,304.73600000550505,328.5162745184304,one shared preloaded model
conv-50-qa-158,centered_zero,2.6375745098145367,17.47530000284314,284.22149999823887,304.33437451089657,one shared preloaded model
conv-50-qa-159,centered_zero,2.6375745098145367,21.61490000435151,296.3930999976583,320.64557451182435,one shared preloaded model
conv-50-qa-160,centered_zero,2.6375745098145367,20.135100006882567,179.63779999990948,202.41047451660657,one shared preloaded model
conv-50-qa-161,centered_zero,2.6375745098145367,20.475299999816343,276.2658999999985,299.3787745096294,one shared preloaded model
conv-50-qa-162,centered_zero,2.6375745098145367,20.761800005857367,280.74589999596355,304.1452745116355,one shared preloaded model
conv-50-qa-163,centered_zero,2.6375745098145367,15.208100005111191,221.3530000008177,239.19867451574342,one shared preloaded model
conv-50-qa-164,centered_zero,2.6375745098145367,21.275799997965805,272.22600000095554,296.1393745087359,one shared preloaded model
conv-50-qa-165,centered_zero,2.6375745098145367,20.41299999837065,428.7722000008216,451.8227745090068,one shared preloaded model
conv-50-qa-166,centered_zero,2.6375745098145367,16.976999999315012,286.9702000025427,306.58477451167226,one shared preloaded model
conv-50-qa-167,centered_zero,2.6375745098145367,22.16490000137128,283.5329000008642,308.33537451205,one shared preloaded model
conv-50-qa-168,centered_zero,2.6375745098145367,21.783500000310596,277.94449999782955,302.3655745079547,one shared preloaded model
conv-50-qa-169,centered_zero,2.6375745098145367,21.24770000227727,271.41869999468327,295.3039745067751,one shared preloaded model
conv-50-qa-170,centered_zero,2.6375745098145367,18.323399999644607,274.4081999990158,295.36917450847494,one shared preloaded model
conv-50-qa-171,centered_zero,2.6375745098145367,22.533799994562287,201.2345999974059,226.4059745017827,one shared preloaded model
conv-50-qa-172,centered_zero,2.6375745098145367,20.326800004113466,896.5462000051048,919.5105745190327,one shared preloaded model
conv-50-qa-173,centered_zero,2.6375745098145367,17.711200001940597,173.10420000285376,193.45297451460888,one shared preloaded model
conv-50-qa-174,centered_zero,2.6375745098145367,19.898400001693517,468.61299999727635,491.1489745087844,one shared preloaded model
conv-50-qa-175,centered_zero,2.6375745098145367,20.79490000323858,986.9160000016564,1010.3484745147094,one shared preloaded model
conv-50-qa-176,centered_zero,2.6375745098145367,19.32420000230195,120.20349999511382,142.1652745072303,one shared preloaded model
conv-50-qa-177,centered_zero,2.6375745098145367,20.948699995642528,260.2429000035045,283.82917450896156,one shared preloaded model
conv-50-qa-178,centered_zero,2.6375745098145367,15.076199997565709,339.1105999980937,356.82437450547394,one shared preloaded model
conv-50-qa-179,centered_zero,2.6375745098145367,18.835299997590482,252.30610000289744,273.7789745103025,one shared preloaded model
conv-50-qa-180,centered_zero,2.6375745098145367,15.180599999439437,273.5854999991716,291.4036745084256,one shared preloaded model
conv-50-qa-181,centered_zero,2.6375745098145367,15.319499994802754,407.98070000164444,425.93777450626175,one shared preloaded model
conv-50-qa-182,centered_zero,2.6375745098145367,19.344899999850895,188.2167000003392,210.1991745100046,one shared preloaded model
conv-50-qa-183,centered_zero,2.6375745098145367,20.571500004734844,267.2773000012967,290.4863745158461,one shared preloaded model
conv-50-qa-184,centered_zero,2.6375745098145367,15.339800003857818,275.49099999305326,293.46837450672564,one shared preloaded model
conv-50-qa-185,centered_zero,2.6375745098145367,21.19220000167843,273.61309999832883,297.4428745098218,one shared preloaded model
conv-50-qa-186,centered_zero,2.6375745098145367,22.538000004715286,272.7699999959441,297.94557451047393,one shared preloaded model
conv-50-qa-187,centered_zero,2.6375745098145367,19.397500000195578,2111.8134999996983,2133.848574509708,one shared preloaded model
conv-50-qa-188,centered_zero,2.6375745098145367,18.062700000882614,225.34489999816287,246.04517450886001,one shared preloaded model
conv-50-qa-189,centered_zero,2.6375745098145367,21.359999998821877,273.2700000051409,297.26757451377733,one shared preloaded model
conv-50-qa-190,centered_zero,2.6375745098145367,17.17600000120001,282.12799999892013,301.9415745099347,one shared preloaded model
conv-50-qa-191,centered_zero,2.6375745098145367,19.699800002854317,177.65459999645827,199.99197450912712,one shared preloaded model
conv-50-qa-192,centered_zero,2.6375745098145367,14.304899996204767,277.85299999959534,294.79547450561466,one shared preloaded model
conv-50-qa-193,centered_zero,2.6375745098145367,21.231700004136655,673.2420999978785,697.1113745118297,one shared preloaded model
conv-50-qa-194,centered_zero,2.6375745098145367,18.058099994959775,275.59610000025714,296.29177450503147,one shared preloaded model
conv-50-qa-195,centered_zero,2.6375745098145367,20.4303999998956,269.0243000033661,292.09227451307623,one shared preloaded model
conv-50-qa-196,centered_zero,2.6375745098145367,18.622299998241942,173.97409999830415,195.23397450636062,one shared preloaded model
conv-50-qa-197,centered_zero,2.6375745098145367,20.927199999277946,274.3241999996826,297.8889745087751,one shared preloaded model
conv-50-qa-198,centered_zero,2.6375745098145367,21.363200001360383,275.68739999696845,299.6881745081434,one shared preloaded model
conv-50-qa-199,centered_zero,2.6375745098145367,19.877200000337325,255.387500001234,277.9022745113859,one shared preloaded model
conv-50-qa-200,centered_zero,2.6375745098145367,17.598600003111642,161.14370000286726,181.37987451579343,one shared preloaded model
conv-50-qa-201,centered_zero,2.6375745098145367,14.259899995522574,533.2075999976951,550.1050745030321,one shared preloaded model
conv-50-qa-202,centered_zero,2.6375745098145367,20.646999997552484,387.4439999999595,410.7285745073265,one shared preloaded model
conv-50-qa-203,centered_zero,2.6375745098145367,17.427099999622442,564.4037000020035,584.4683745114404,one shared preloaded model
