example_id,agent,update_ms,read_ms,generation_ms,end_to_end_ms,model_loading_policy
conv-26-qa-0,difference_prefix,2.558879396979388,26.188199997704942,558.1641999960993,586.9112793907836,one shared preloaded model
conv-26-qa-1,difference_prefix,2.558879396979388,17.798500004573725,144.24500000313856,164.60237940469167,one shared preloaded model
conv-26-qa-2,difference_prefix,2.558879396979388,20.934499996656086,227.25640000135172,250.7497793949872,one shared preloaded model
conv-26-qa-3,difference_prefix,2.558879396979388,13.957600000139792,225.74819999863394,242.26467939575312,one shared preloaded model
conv-26-qa-4,difference_prefix,2.558879396979388,17.33819999935804,208.74150000599911,228.63857940233655,one shared preloaded model
conv-26-qa-5,difference_prefix,2.558879396979388,14.33829999587033,506.8512999932864,523.7484793861361,one shared preloaded model
conv-26-qa-6,difference_prefix,2.558879396979388,14.550100000633392,178.79510000057053,195.9040793981833,one shared preloaded model
conv-26-qa-7,difference_prefix,2.558879396979388,20.562099998642225,216.55079999618465,239.67177939180627,one shared preloaded model
conv-26-qa-8,difference_prefix,2.558879396979388,13.467199998558499,231.2129999991157,247.2390793946536,one shared preloaded model
conv-26-qa-9,difference_prefix,2.558879396979388,13.751899998169392,473.72770000220044,490.0384793973492,one shared preloaded model
conv-26-qa-10,difference_prefix,2.558879396979388,13.519399995857384,150.82750000146916,166.90577939430594,one shared preloaded model
conv-26-qa-11,difference_prefix,2.558879396979388,20.064000003912952,212.5159999995958,235.13887940048815,one shared preloaded model
conv-26-qa-12,difference_prefix,2.558879396979388,14.677400002256036,214.57979999831878,231.8160793975542,one shared preloaded model
conv-26-qa-13,difference_prefix,2.558879396979388,15.26239999657264,243.39060000056634,261.21187939411834,one shared preloaded model
conv-26-qa-14,difference_prefix,2.558879396979388,16.221700003370643,237.95909999898868,256.7396793993387,one shared preloaded model
conv-26-qa-15,difference_prefix,2.558879396979388,15.271599993866403,188.83500000083586,206.66547939168166,one shared preloaded model
conv-26-qa-16,difference_prefix,2.558879396979388,20.041399999172427,523.4869999985676,546.0872793947194,one shared preloaded model
conv-26-qa-17,difference_prefix,2.558879396979388,17.31619999918621,176.54290000064066,196.41797939680626,one shared preloaded model
conv-26-qa-18,difference_prefix,2.558879396979388,15.686400001868606,227.4394999985816,245.6847793974296,one shared preloaded model
conv-26-qa-19,difference_prefix,2.558879396979388,12.817100003303494,181.9298999980674,197.3058793983503,one shared preloaded model
conv-26-qa-20,difference_prefix,2.558879396979388,20.757199999934528,491.54060000000754,514.8566793969214,one shared preloaded model
conv-26-qa-21,difference_prefix,2.558879396979388,18.144400004530326,480.12069999822415,500.82397939973384,one shared preloaded model
conv-26-qa-22,difference_prefix,2.558879396979388,16.763399995397776,225.18829999899026,244.51057939136743,one shared preloaded model
conv-26-qa-23,difference_prefix,2.558879396979388,14.102099994488526,184.20699999842327,200.8679793898912,one shared preloaded model
conv-26-qa-24,difference_prefix,2.558879396979388,15.266299997165333,237.7868000039598,255.61197939810452,one shared preloaded model
conv-26-qa-25,difference_prefix,2.558879396979388,16.220899997279048,496.9329000014113,515.7126793956697,one shared preloaded model
conv-26-qa-26,difference_prefix,2.558879396979388,17.055700001947116,220.12119999999413,239.73577939892064,one shared preloaded model
conv-26-qa-27,difference_prefix,2.558879396979388,14.633899998443667,202.10539999970933,219.2981793951324,one shared preloaded model
conv-26-qa-28,difference_prefix,2.558879396979388,15.073700000357348,138.11010000063106,155.7426793979678,one shared preloaded model
conv-26-qa-29,difference_prefix,2.558879396979388,17.34549999673618,350.9928999992553,370.89727939297086,one shared preloaded model
conv-26-qa-30,difference_prefix,2.558879396979388,16.36230000440264,221.12689999630675,240.04807939768878,one shared preloaded model
conv-26-qa-31,difference_prefix,2.558879396979388,14.15629999974044,172.1631999971578,188.87837939387762,one shared preloaded model
conv-26-qa-32,difference_prefix,2.558879396979388,18.674600003578234,236.00380000425503,257.2372794048126,one shared preloaded model
conv-26-qa-33,difference_prefix,2.558879396979388,14.38380000035977,226.4982999986387,243.44097939597785,one shared preloaded model
conv-26-qa-34,difference_prefix,2.558879396979388,14.93309999932535,228.76350000296952,246.25547939927426,one shared preloaded model
conv-26-qa-35,difference_prefix,2.558879396979388,14.863500000501517,512.5869999974384,530.0093793949193,one shared preloaded model
conv-26-qa-36,difference_prefix,2.558879396979388,15.278400001989212,312.4210000023595,330.2582794013281,one shared preloaded model
conv-26-qa-37,difference_prefix,2.558879396979388,17.341599996143486,342.91169999778504,362.8121793909079,one shared preloaded model
conv-26-qa-38,difference_prefix,2.558879396979388,17.474599997512996,438.49580000096466,458.529279395457,one shared preloaded model
conv-26-qa-39,difference_prefix,2.558879396979388,17.977999996219296,297.4977999983821,318.03467939158077,one shared preloaded model
conv-26-qa-40,difference_prefix,2.558879396979388,14.82889999897452,260.02100000187056,277.40877939782445,one shared preloaded model
conv-26-qa-41,difference_prefix,2.558879396979388,14.421799998672213,517.8057000011904,534.786379396842,one shared preloaded model
conv-26-qa-42,difference_prefix,2.558879396979388,13.27300000411924,227.7503000004799,243.58217940157854,one shared preloaded model
conv-26-qa-43,difference_prefix,2.558879396979388,13.532500001019798,189.6926999979769,205.78407939597608,one shared preloaded model
conv-26-qa-44,difference_prefix,2.558879396979388,20.08370000112336,97.89459999592509,120.53717939402785,one shared preloaded model
conv-26-qa-45,difference_prefix,2.558879396979388,14.990499999839813,224.77660000004107,242.32597939686028,one shared preloaded model
conv-26-qa-46,difference_prefix,2.558879396979388,16.799899996840395,115.96009999630041,135.3188793901202,one shared preloaded model
conv-26-qa-47,difference_prefix,2.558879396979388,20.39590000640601,270.85340000485303,293.8081794082384,one shared preloaded model
conv-26-qa-48,difference_prefix,2.558879396979388,17.47530000284314,429.6662999986438,449.7004793984663,one shared preloaded model
conv-26-qa-49,difference_prefix,2.558879396979388,18.06590000342112,508.8418000013917,529.4665794017922,one shared preloaded model
conv-26-qa-50,difference_prefix,2.558879396979388,19.38720000180183,210.39659999951255,232.34267939829377,one shared preloaded model
conv-26-qa-51,difference_prefix,2.558879396979388,14.387200004421175,204.8720000020694,221.81807940346997,one shared preloaded model
conv-26-qa-52,difference_prefix,2.558879396979388,14.263999997638166,210.02399999997579,226.84687939459334,one shared preloaded model
conv-26-qa-53,difference_prefix,2.558879396979388,14.56039999902714,525.608399999328,542.7276793953345,one shared preloaded model
conv-26-qa-54,difference_prefix,2.558879396979388,14.904100004059728,520.2776000005542,537.7405794015933,one shared preloaded model
conv-26-qa-55,difference_prefix,2.558879396979388,16.88609999837354,139.3448000017088,158.78977939706172,one shared preloaded model
conv-26-qa-56,difference_prefix,2.558879396979388,19.778000001679175,156.53480000037234,178.8716793990309,one shared preloaded model
conv-26-qa-57,difference_prefix,2.558879396979388,20.738800005347002,505.6027000027825,528.9003794051089,one shared preloaded model
conv-26-qa-58,difference_prefix,2.558879396979388,14.95499999873573,127.55360000301152,145.06747939872665,one shared preloaded model
conv-26-qa-59,difference_prefix,2.558879396979388,15.021799998066854,236.68309999629855,254.2637793913448,one shared preloaded model
conv-26-qa-60,difference_prefix,2.558879396979388,14.036699998541735,125.27580000460148,141.8713794001226,one shared preloaded model
conv-26-qa-61,difference_prefix,2.558879396979388,19.632600000477396,198.70870000158902,220.9001793990458,one shared preloaded model
conv-26-qa-62,difference_prefix,2.558879396979388,13.666799997736234,489.3777000033879,505.60337939810347,one shared preloaded model
conv-26-qa-63,difference_prefix,2.558879396979388,17.968100000871345,157.02839999721618,177.55537939506692,one shared preloaded model
conv-26-qa-64,difference_prefix,2.558879396979388,19.01440000074217,222.75580000132322,244.3290793990448,one shared preloaded model
conv-26-qa-65,difference_prefix,2.558879396979388,15.996399997675326,307.1445000023232,325.6997793969779,one shared preloaded model
conv-26-qa-66,difference_prefix,2.558879396979388,15.879400001722388,220.08049999567447,238.51877939437625,one shared preloaded model
conv-26-qa-67,difference_prefix,2.558879396979388,14.227699997718446,151.83049999905052,168.61707939374836,one shared preloaded model
conv-26-qa-68,difference_prefix,2.558879396979388,19.968500004324596,238.22410000138916,260.7514794026931,one shared preloaded model
conv-26-qa-69,difference_prefix,2.558879396979388,15.447500001755543,95.33620000001974,113.34257939875468,one shared preloaded model
conv-26-qa-70,difference_prefix,2.558879396979388,14.547999999194872,215.2321999965352,232.33907939270946,one shared preloaded model
conv-26-qa-71,difference_prefix,2.558879396979388,13.650599998072721,174.652599998808,190.8620793938601,one shared preloaded model
conv-26-qa-72,difference_prefix,2.558879396979388,12.706400004390161,225.63340000488097,240.89867940625052,one shared preloaded model
conv-26-qa-73,difference_prefix,2.558879396979388,12.239399999089073,223.59519999736222,238.39347939343068,one shared preloaded model
conv-26-qa-74,difference_prefix,2.558879396979388,13.804300004267134,509.8516999933054,526.2148793945519,one shared preloaded model
conv-26-qa-75,difference_prefix,2.558879396979388,14.415700003155507,117.12800000532297,134.10257940545787,one shared preloaded model
conv-26-qa-76,difference_prefix,2.558879396979388,20.167800001217984,221.37300000031246,244.09967939850983,one shared preloaded model
conv-26-qa-77,difference_prefix,2.558879396979388,14.012400002684444,214.5788000052562,231.15007940492004,one shared preloaded model
conv-26-qa-78,difference_prefix,2.558879396979388,12.722999999823514,181.9898000030662,197.2716793998691,one shared preloaded model
conv-26-qa-79,difference_prefix,2.558879396979388,19.165199999406468,501.7258000007132,523.449879397099,one shared preloaded model
conv-26-qa-80,difference_prefix,2.558879396979388,15.942300000460818,500.7174999991548,519.218679396595,one shared preloaded model
conv-26-qa-81,difference_prefix,2.558879396979388,12.497700001404155,227.44429999875138,242.50087939713492,one shared preloaded model
conv-26-qa-82,difference_prefix,2.558879396979388,13.116800000716466,170.06560000299942,185.74127940069528,one shared preloaded model
conv-26-qa-83,difference_prefix,2.558879396979388,17.34559999749763,245.1744999998482,265.0789793943252,one shared preloaded model
conv-26-qa-84,difference_prefix,2.558879396979388,13.703399999940302,647.7681000033044,664.0303794002241,one shared preloaded model
conv-26-qa-85,difference_prefix,2.558879396979388,12.872899998910725,232.58090000308584,248.01267939897596,one shared preloaded model
conv-26-qa-86,difference_prefix,2.558879396979388,14.383000001544133,256.84000000183005,273.78187940035355,one shared preloaded model
conv-26-qa-87,difference_prefix,2.558879396979388,13.877999997930601,318.15069999720436,334.5875793921143,one shared preloaded model
conv-26-qa-88,difference_prefix,2.558879396979388,14.013200001500081,398.72449999529636,415.2965793937758,one shared preloaded model
conv-26-qa-89,difference_prefix,2.558879396979388,16.62689999648137,467.3158999939915,486.5016793874522,one shared preloaded model
conv-26-qa-90,difference_prefix,2.558879396979388,16.99419999931706,221.81580000324175,241.3688793995382,one shared preloaded model
conv-26-qa-91,difference_prefix,2.558879396979388,12.106099995435216,250.87869999697432,265.5436793893889,one shared preloaded model
conv-26-qa-92,difference_prefix,2.558879396979388,12.597999993886333,116.2624999997206,131.41937939058633,one shared preloaded model
conv-26-qa-93,difference_prefix,2.558879396979388,14.197700002114289,153.8691999958246,170.62577939491828,one shared preloaded model
conv-26-qa-94,difference_prefix,2.558879396979388,19.286499998997897,630.2798000033363,652.1251793993135,one shared preloaded model
conv-26-qa-95,difference_prefix,2.558879396979388,15.369399996416178,606.8519999971613,624.7802793905569,one shared preloaded model
conv-26-qa-96,difference_prefix,2.558879396979388,16.763200001150835,322.86329999624286,342.18537939437306,one shared preloaded model
conv-26-qa-97,difference_prefix,2.558879396979388,15.821499997400679,213.6398000002373,232.02017939461737,one shared preloaded model
conv-26-qa-98,difference_prefix,2.558879396979388,15.95130000350764,205.44910000171512,223.95927940220216,one shared preloaded model
conv-26-qa-99,difference_prefix,2.558879396979388,13.63399999536341,277.06779999425635,293.2606793865991,one shared preloaded model
conv-26-qa-100,difference_prefix,2.558879396979388,16.79370000056224,230.8155999999144,250.16817939745604,one shared preloaded model
conv-26-qa-101,difference_prefix,2.558879396979388,16.137699996761512,221.72190000128467,240.41847939502557,one shared preloaded model
conv-26-qa-102,difference_prefix,2.558879396979388,12.267400001292117,437.1677000017371,451.9939794000086,one shared preloaded model
conv-26-qa-103,difference_prefix,2.558879396979388,16.342099996109027,242.39159999706317,261.29257939015156,one shared preloaded model
conv-26-qa-104,difference_prefix,2.558879396979388,13.69200000044657,369.18729999888455,385.4381793963105,one shared preloaded model
conv-26-qa-105,difference_prefix,2.558879396979388,12.97540000086883,287.2836999958963,302.8179793937445,one shared preloaded model
conv-26-qa-106,difference_prefix,2.558879396979388,14.632400001573842,173.8005000006524,190.99177939920563,one shared preloaded model
conv-26-qa-107,difference_prefix,2.558879396979388,16.768000001320615,329.64459999493556,348.97147939323554,one shared preloaded model
conv-26-qa-108,difference_prefix,2.558879396979388,16.33880000008503,251.76520000240998,270.6628793994744,one shared preloaded model
conv-26-qa-109,difference_prefix,2.558879396979388,16.13779999752296,237.642500003858,256.33917939836033,one shared preloaded model
conv-26-qa-110,difference_prefix,2.558879396979388,13.710100000025705,137.92789999570232,154.19687939270742,one shared preloaded model
conv-26-qa-111,difference_prefix,2.558879396979388,19.28790000238223,312.25679999624845,334.10357939561004,one shared preloaded model
conv-26-qa-112,difference_prefix,2.558879396979388,16.71560000249883,340.4191000008723,359.6935794003505,one shared preloaded model
conv-26-qa-113,difference_prefix,2.558879396979388,16.56389999698149,392.8668000007747,411.98957939473553,one shared preloaded model
conv-26-qa-114,difference_prefix,2.558879396979388,12.51849999971455,223.9830999969854,239.06047939367934,one shared preloaded model
conv-26-qa-115,difference_prefix,2.558879396979388,14.117700004135258,366.81480000697775,383.49137940809237,one shared preloaded model
conv-26-qa-116,difference_prefix,2.558879396979388,12.990700000955258,224.26999999879627,239.81957939673092,one shared preloaded model
conv-26-qa-117,difference_prefix,2.558879396979388,14.28719999967143,240.64490000455407,257.49097940120487,one shared preloaded model
conv-26-qa-118,difference_prefix,2.558879396979388,16.259100004390348,446.1137999969651,464.9317793983348,one shared preloaded model
conv-26-qa-119,difference_prefix,2.558879396979388,15.888200003246311,826.5539999993052,845.0010793995309,one shared preloaded model
conv-26-qa-120,difference_prefix,2.558879396979388,16.39699999941513,146.10130000073696,165.05717939713148,one shared preloaded model
conv-26-qa-121,difference_prefix,2.558879396979388,13.976399997773115,239.9137000029441,256.4489793976966,one shared preloaded model
conv-26-qa-122,difference_prefix,2.558879396979388,12.354600003163796,221.3222999998834,236.2357794000266,one shared preloaded model
conv-26-qa-123,difference_prefix,2.558879396979388,13.380800002778415,233.4768000000622,249.41647939982002,one shared preloaded model
conv-26-qa-124,difference_prefix,2.558879396979388,14.371099998243153,208.2148000044981,225.14477939972065,one shared preloaded model
conv-26-qa-125,difference_prefix,2.558879396979388,13.67509999545291,553.0870000002324,569.3209793926646,one shared preloaded model
conv-26-qa-126,difference_prefix,2.558879396979388,16.642100003082305,185.25460000091698,204.45557940097868,one shared preloaded model
conv-26-qa-127,difference_prefix,2.558879396979388,18.81209999555722,577.4754000012763,598.8463793938129,one shared preloaded model
conv-26-qa-128,difference_prefix,2.558879396979388,16.50859999790555,385.4263000030187,404.4937793979036,one shared preloaded model
conv-26-qa-129,difference_prefix,2.558879396979388,16.064300005382393,312.83370000164723,331.456879404009,one shared preloaded model
conv-26-qa-130,difference_prefix,2.558879396979388,17.36430000164546,252.01820000074804,271.94137939937286,one shared preloaded model
conv-26-qa-131,difference_prefix,2.558879396979388,14.34700000390876,234.19640000065556,251.1022794015437,one shared preloaded model
conv-26-qa-132,difference_prefix,2.558879396979388,14.587800003937446,348.83620000618976,365.98287940710657,one shared preloaded model
conv-26-qa-133,difference_prefix,2.558879396979388,12.86709999840241,287.35320000123465,302.7791793966164,one shared preloaded model
conv-26-qa-134,difference_prefix,2.558879396979388,13.682799995876849,213.50680000614375,229.748479399,one shared preloaded model
conv-26-qa-135,difference_prefix,2.558879396979388,12.493199996242765,213.86749999510357,228.91957938832573,one shared preloaded model
conv-26-qa-136,difference_prefix,2.558879396979388,16.172399999049958,233.65439999906812,252.38567939509747,one shared preloaded model
conv-26-qa-137,difference_prefix,2.558879396979388,13.71369999833405,227.27260000101523,243.54517939632868,one shared preloaded model
conv-26-qa-138,difference_prefix,2.558879396979388,12.904700000945013,225.77649999584537,241.24007939376978,one shared preloaded model
conv-26-qa-139,difference_prefix,2.558879396979388,13.775400002487004,205.2105999973719,221.5448793968383,one shared preloaded model
conv-26-qa-140,difference_prefix,2.558879396979388,13.900999998440966,207.96310000150697,224.42297939692733,one shared preloaded model
conv-26-qa-141,difference_prefix,2.558879396979388,13.71639999706531,367.7633999977843,384.03867939182896,one shared preloaded model
conv-26-qa-142,difference_prefix,2.558879396979388,16.037299996241927,242.46710000443272,261.063279397654,one shared preloaded model
conv-26-qa-143,difference_prefix,2.558879396979388,14.287400001194328,175.33770000591176,192.18397940408548,one shared preloaded model
conv-26-qa-144,difference_prefix,2.558879396979388,19.291500000690576,294.50699999870267,316.3573793963726,one shared preloaded model
conv-26-qa-145,difference_prefix,2.558879396979388,14.272899999923538,278.2686999998987,295.1004793968016,one shared preloaded model
conv-26-qa-146,difference_prefix,2.558879396979388,14.93260000279406,214.6193999942625,232.11087939403595,one shared preloaded model
conv-26-qa-147,difference_prefix,2.558879396979388,13.53969999763649,151.917000002868,168.0155793974839,one shared preloaded model
conv-26-qa-148,difference_prefix,2.558879396979388,20.063199997821357,318.9228999981424,341.5449793929431,one shared preloaded model
conv-26-qa-149,difference_prefix,2.558879396979388,16.1184000025969,245.76839999645017,264.44567939602643,one shared preloaded model
conv-26-qa-150,difference_prefix,2.558879396979388,14.681600005133078,296.8428000021959,314.0832794043083,one shared preloaded model
conv-26-qa-151,difference_prefix,2.558879396979388,16.297099995426834,610.5585999976029,629.4145793900091,one shared preloaded model
conv-26-qa-152,difference_prefix,2.558879396979388,16.51930000662105,228.15939999418333,247.23757939778378,one shared preloaded model
conv-26-qa-153,difference_prefix,2.558879396979388,13.566099994932301,524.1094999946654,540.234479386577,one shared preloaded model
conv-26-qa-154,difference_prefix,2.558879396979388,16.60750000155531,259.9058999985573,279.07227939709196,one shared preloaded model
conv-26-qa-155,difference_prefix,2.558879396979388,15.723099997558165,218.1510000009439,236.43297939548145,one shared preloaded model
conv-26-qa-156,difference_prefix,2.558879396979388,12.544699995487463,259.19969999813475,274.3032793906016,one shared preloaded model
conv-26-qa-157,difference_prefix,2.558879396979388,12.49929999903543,249.21470000117552,264.2728793971903,one shared preloaded model
conv-26-qa-158,difference_prefix,2.558879396979388,14.521800003421959,92.92750000167871,110.00817940208006,one shared preloaded model
conv-26-qa-159,difference_prefix,2.558879396979388,19.06990000134101,160.22339999472024,181.85217939304064,one shared preloaded model
conv-26-qa-160,difference_prefix,2.558879396979388,19.509300000208896,210.32630000263453,232.3944793998228,one shared preloaded model
conv-26-qa-161,difference_prefix,2.558879396979388,15.261300002748612,130.9419999961392,148.7621793958672,one shared preloaded model
conv-26-qa-162,difference_prefix,2.558879396979388,19.46749999478925,230.3922999999486,252.41867939171723,one shared preloaded model
conv-26-qa-163,difference_prefix,2.558879396979388,16.50789999985136,205.38790000136942,224.45467939820017,one shared preloaded model
conv-26-qa-164,difference_prefix,2.558879396979388,13.891599999624304,572.2878000015044,588.738279398108,one shared preloaded model
conv-26-qa-165,difference_prefix,2.558879396979388,16.35589999932563,226.0872000042582,245.00197940056321,one shared preloaded model
conv-26-qa-166,difference_prefix,2.558879396979388,14.194600000337232,226.32870000234107,243.0821793996577,one shared preloaded model
conv-26-qa-167,difference_prefix,2.558879396979388,13.861400002497248,219.81189999496564,236.23217939444228,one shared preloaded model
conv-26-qa-168,difference_prefix,2.558879396979388,12.821199998143129,132.6333999968483,148.01347939197083,one shared preloaded model
conv-26-qa-169,difference_prefix,2.558879396979388,14.223799997125752,488.0029999985709,504.785679392676,one shared preloaded model
conv-26-qa-170,difference_prefix,2.558879396979388,16.995499994663987,369.2382000008365,388.79257939247987,one shared preloaded model
conv-26-qa-171,difference_prefix,2.558879396979388,16.171099996427074,219.44460000668187,238.17457940008833,one shared preloaded model
conv-26-qa-172,difference_prefix,2.558879396979388,13.827700000547338,171.5595999994548,187.94617939698153,one shared preloaded model
conv-26-qa-173,difference_prefix,2.558879396979388,19.80840000032913,236.939499998698,259.3067793960065,one shared preloaded model
conv-26-qa-174,difference_prefix,2.558879396979388,14.24869999755174,240.45399999886286,257.26157939339396,one shared preloaded model
conv-26-qa-175,difference_prefix,2.558879396979388,16.75729999988107,218.25520000129472,237.5713793981552,one shared preloaded model
conv-26-qa-176,difference_prefix,2.558879396979388,11.698400005116127,220.7062999950722,234.9635793971677,one shared preloaded model
conv-26-qa-177,difference_prefix,2.558879396979388,14.222400001017377,221.8055999983335,238.58687939633026,one shared preloaded model
conv-26-qa-178,difference_prefix,2.558879396979388,14.007199999468867,196.97520000045188,213.54127939690014,one shared preloaded model
conv-26-qa-179,difference_prefix,2.558879396979388,14.025599994056392,533.8506999978563,550.435179388892,one shared preloaded model
conv-26-qa-180,difference_prefix,2.558879396979388,13.477699998475146,200.30259999475675,216.33917939021129,one shared preloaded model
conv-26-qa-181,difference_prefix,2.558879396979388,13.711700004932936,227.87090000201715,244.14147940392948,one shared preloaded model
conv-26-qa-182,difference_prefix,2.558879396979388,15.367899999546353,640.0068000002648,657.9335793967905,one shared preloaded model
conv-26-qa-183,difference_prefix,2.558879396979388,16.652699996484444,524.9828000014531,544.194379394917,one shared preloaded model
conv-26-qa-184,difference_prefix,2.558879396979388,15.973099994880613,205.9127999964403,224.4447793883003,one shared preloaded model
conv-26-qa-185,difference_prefix,2.558879396979388,12.099699997634161,205.99829999991925,220.6568793945328,one shared preloaded model
conv-26-qa-186,difference_prefix,2.558879396979388,13.59750000119675,204.6799000017927,220.83627939996884,one shared preloaded model
conv-26-qa-187,difference_prefix,2.558879396979388,13.786700001219288,210.25319999898784,226.59877939718652,one shared preloaded model
conv-26-qa-188,difference_prefix,2.558879396979388,12.111600000935141,206.21070000197506,220.8811793998896,one shared preloaded model
conv-26-qa-189,difference_prefix,2.558879396979388,16.63229999394389,235.62010000023292,254.8112793911562,one shared preloaded model
conv-26-qa-190,difference_prefix,2.558879396979388,13.034900002821814,263.1672999996226,278.7610793994238,one shared preloaded model
conv-26-qa-191,difference_prefix,2.558879396979388,12.54989999870304,328.7263000020175,343.83507939769993,one shared preloaded model
conv-26-qa-192,difference_prefix,2.558879396979388,15.958500000124332,222.0134000017424,240.53077939884614,one shared preloaded model
conv-26-qa-193,difference_prefix,2.558879396979388,12.836199995945208,193.47859999834327,208.87367939126787,one shared preloaded model
conv-26-qa-194,difference_prefix,2.558879396979388,15.638299999409355,230.79499999585096,248.9921793922397,one shared preloaded model
conv-26-qa-195,difference_prefix,2.558879396979388,12.745300002279691,300.8946000045398,316.1987794037989,one shared preloaded model
conv-26-qa-196,difference_prefix,2.558879396979388,13.824599998770282,217.1232999971835,233.50677939293317,one shared preloaded model
conv-26-qa-197,difference_prefix,2.558879396979388,14.329699995869305,227.2171000004164,244.1056793932651,one shared preloaded model
conv-26-qa-198,difference_prefix,2.558879396979388,12.569699996674899,202.41879999957746,217.54737939323175,one shared preloaded model
conv-30-qa-0,difference_prefix,2.618646666676449,17.102300000260584,486.00160000205506,505.7225466689921,one shared preloaded model
conv-30-qa-1,difference_prefix,2.618646666676449,15.350900001067203,321.84810000035213,339.8176466680958,one shared preloaded model
conv-30-qa-2,difference_prefix,2.618646666676449,11.864000000059605,232.32699999789475,246.8096466646308,one shared preloaded model
conv-30-qa-3,difference_prefix,2.618646666676449,10.963399996398948,697.086499996658,710.6685466597334,one shared preloaded model
conv-30-qa-4,difference_prefix,2.618646666676449,14.433799995458685,326.2964000023203,343.34884666445544,one shared preloaded model
conv-30-qa-5,difference_prefix,2.618646666676449,11.751700003514998,180.7565999988583,195.12694666904974,one shared preloaded model
conv-30-qa-6,difference_prefix,2.618646666676449,13.642199999594595,140.2553999942029,156.51624666047394,one shared preloaded model
conv-30-qa-7,difference_prefix,2.618646666676449,16.733600001316518,504.6444999970845,523.9967466650775,one shared preloaded model
conv-30-qa-8,difference_prefix,2.618646666676449,14.570500003173947,119.67680000088876,136.86594667073916,one shared preloaded model
conv-30-qa-9,difference_prefix,2.618646666676449,13.901799997256603,118.28719999903115,134.8076466629642,one shared preloaded model
conv-30-qa-10,difference_prefix,2.618646666676449,12.953900004504248,479.50590000255033,495.07844667373104,one shared preloaded model
conv-30-qa-11,difference_prefix,2.618646666676449,14.614299994718749,205.67060000030324,222.90354666169844,one shared preloaded model
conv-30-qa-12,difference_prefix,2.618646666676449,13.003599997318815,505.29090000054566,520.9131466645409,one shared preloaded model
conv-30-qa-13,difference_prefix,2.618646666676449,13.51779999822611,334.4550999972853,350.59154666218785,one shared preloaded model
conv-30-qa-14,difference_prefix,2.618646666676449,11.447099997894838,507.8200999996625,521.8858466642338,one shared preloaded model
conv-30-qa-15,difference_prefix,2.618646666676449,10.919699998339638,130.4223999977694,143.96074666278548,one shared preloaded model
conv-30-qa-16,difference_prefix,2.618646666676449,18.473299998731818,219.57190000102855,240.66384666643683,one shared preloaded model
conv-30-qa-17,difference_prefix,2.618646666676449,15.040099999168888,419.89460000331746,437.5533466691628,one shared preloaded model
conv-30-qa-18,difference_prefix,2.618646666676449,16.731100004108157,227.77510000014445,247.12484667092906,one shared preloaded model
conv-30-qa-19,difference_prefix,2.618646666676449,12.077499995939434,489.75829999835696,504.45444666097285,one shared preloaded model
conv-30-qa-20,difference_prefix,2.618646666676449,16.908600002352614,514.8866999952588,534.4139466642879,one shared preloaded model
conv-30-qa-21,difference_prefix,2.618646666676449,14.488399996480439,476.84510000544833,493.9521466686052,one shared preloaded model
conv-30-qa-22,difference_prefix,2.618646666676449,15.604000000166707,497.5535000048694,515.7761466717126,one shared preloaded model
conv-30-qa-23,difference_prefix,2.618646666676449,14.145799999823794,112.40710000129184,129.1715466677921,one shared preloaded model
conv-30-qa-24,difference_prefix,2.618646666676449,16.238800002611242,192.41699999838602,211.27444666767371,one shared preloaded model
conv-30-qa-25,difference_prefix,2.618646666676449,14.658400003099814,214.32710000226507,231.60414667204134,one shared preloaded model
conv-30-qa-26,difference_prefix,2.618646666676449,11.433700004999992,475.44189999462105,489.4942466662975,one shared preloaded model
conv-30-qa-27,difference_prefix,2.618646666676449,11.56069999706233,222.4324999988312,236.61184666256997,one shared preloaded model
conv-30-qa-28,difference_prefix,2.618646666676449,12.641399996937253,518.9423999981955,534.2024466618092,one shared preloaded model
conv-30-qa-29,difference_prefix,2.618646666676449,14.246599996113218,207.2286999973585,224.09394666014816,one shared preloaded model
conv-30-qa-30,difference_prefix,2.618646666676449,14.169699999911245,137.92139999713982,154.70974666372751,one shared preloaded model
conv-30-qa-31,difference_prefix,2.618646666676449,17.897999998240266,206.59030000388157,227.1069466687983,one shared preloaded model
conv-30-qa-32,difference_prefix,2.618646666676449,12.076500002876855,489.6344999942812,504.3296466638345,one shared preloaded model
conv-30-qa-33,difference_prefix,2.618646666676449,12.54210000479361,493.82260000129463,508.9833466727647,one shared preloaded model
conv-30-qa-34,difference_prefix,2.618646666676449,11.785800001234747,149.8656999974628,164.270146665374,one shared preloaded model
conv-30-qa-35,difference_prefix,2.618646666676449,17.158399998152163,503.96099999488797,523.7380466597166,one shared preloaded model
conv-30-qa-36,difference_prefix,2.618646666676449,14.313599996967241,498.98709999979474,515.9193466634384,one shared preloaded model
conv-30-qa-37,difference_prefix,2.618646666676449,11.690599996654782,496.0286999994423,510.33794666277356,one shared preloaded model
conv-30-qa-38,difference_prefix,2.618646666676449,14.697500002512243,526.414100000693,543.7302466698817,one shared preloaded model
conv-30-qa-39,difference_prefix,2.618646666676449,14.256000002205838,159.7918999977992,176.66654666668148,one shared preloaded model
conv-30-qa-40,difference_prefix,2.618646666676449,17.569199997524265,135.64359999872977,155.8314466629305,one shared preloaded model
conv-30-qa-41,difference_prefix,2.618646666676449,13.350499997613952,552.921200003766,568.8903466680564,one shared preloaded model
conv-30-qa-42,difference_prefix,2.618646666676449,12.35889999952633,214.6705999984988,229.64814666470158,one shared preloaded model
conv-30-qa-43,difference_prefix,2.618646666676449,12.44080000469694,304.44330000318587,319.50274667455926,one shared preloaded model
conv-30-qa-44,difference_prefix,2.618646666676449,11.314999996102415,215.68159999878844,229.6152466615673,one shared preloaded model
conv-30-qa-45,difference_prefix,2.618646666676449,12.88840000052005,170.10570000275038,185.6127466699469,one shared preloaded model
conv-30-qa-46,difference_prefix,2.618646666676449,18.333399995754007,182.13530000502942,203.08734666745988,one shared preloaded model
conv-30-qa-47,difference_prefix,2.618646666676449,14.016500004800037,292.74550000263844,309.3806466741149,one shared preloaded model
conv-30-qa-48,difference_prefix,2.618646666676449,13.814899997669272,178.20300000312272,194.63654666746845,one shared preloaded model
conv-30-qa-49,difference_prefix,2.618646666676449,15.59139999881154,312.3574999990524,330.5675466645404,one shared preloaded model
conv-30-qa-50,difference_prefix,2.618646666676449,15.145299999858253,199.77310000103898,217.5370466675737,one shared preloaded model
conv-30-qa-51,difference_prefix,2.618646666676449,11.442499999247957,458.5713999986183,472.6325466645427,one shared preloaded model
conv-30-qa-52,difference_prefix,2.618646666676449,11.679000002914108,536.0990999979549,550.3967466675455,one shared preloaded model
conv-30-qa-53,difference_prefix,2.618646666676449,12.098199993488379,458.6557000002358,473.37254666040064,one shared preloaded model
conv-30-qa-54,difference_prefix,2.618646666676449,12.523899997177068,419.19790000247303,434.34044666632656,one shared preloaded model
conv-30-qa-55,difference_prefix,2.618646666676449,11.462200003734324,322.80360000004293,336.8844466704537,one shared preloaded model
conv-30-qa-56,difference_prefix,2.618646666676449,16.123900000820868,203.3335000014631,222.07604666896043,one shared preloaded model
conv-30-qa-57,difference_prefix,2.618646666676449,12.643200003367383,529.0313000004971,544.293146670541,one shared preloaded model
conv-30-qa-58,difference_prefix,2.618646666676449,14.129299997875933,218.35550000105286,235.10344666560525,one shared preloaded model
conv-30-qa-59,difference_prefix,2.618646666676449,12.012800005322788,213.55909999692813,228.19054666892737,one shared preloaded model
conv-30-qa-60,difference_prefix,2.618646666676449,10.975500001222827,250.46789999760222,264.0620466655015,one shared preloaded model
conv-30-qa-61,difference_prefix,2.618646666676449,12.132199997722637,162.6546999978018,177.4055466622009,one shared preloaded model
conv-30-qa-62,difference_prefix,2.618646666676449,17.697100003715605,238.02770000474993,258.343446675142,one shared preloaded model
conv-30-qa-63,difference_prefix,2.618646666676449,11.938599993300159,208.8785999949323,223.43584665490891,one shared preloaded model
conv-30-qa-64,difference_prefix,2.618646666676449,12.50179999624379,230.00979999778792,245.13024666070817,one shared preloaded model
conv-30-qa-65,difference_prefix,2.618646666676449,12.676099999225698,188.9582999938284,204.25304665973056,one shared preloaded model
conv-30-qa-66,difference_prefix,2.618646666676449,17.537200001243036,268.75809999910416,288.91394666702365,one shared preloaded model
conv-30-qa-67,difference_prefix,2.618646666676449,12.542399999802,276.88389999821084,292.0449466646893,one shared preloaded model
conv-30-qa-68,difference_prefix,2.618646666676449,11.517099999764469,200.69040000089444,214.82614666733537,one shared preloaded model
conv-30-qa-69,difference_prefix,2.618646666676449,11.207000003196299,143.43509999889648,157.26074666876923,one shared preloaded model
conv-30-qa-70,difference_prefix,2.618646666676449,17.560000000230502,151.7015999997966,171.88024666670356,one shared preloaded model
conv-30-qa-71,difference_prefix,2.618646666676449,17.970399996556807,840.2361999978893,860.8252466611226,one shared preloaded model
conv-30-qa-72,difference_prefix,2.618646666676449,12.236900001880713,163.3256000059191,178.18114667447628,one shared preloaded model
conv-30-qa-73,difference_prefix,2.618646666676449,15.083400001458358,209.01520000188611,226.71724667002093,one shared preloaded model
conv-30-qa-74,difference_prefix,2.618646666676449,12.746800006425474,1252.301600005012,1267.6670466781138,one shared preloaded model
conv-30-qa-75,difference_prefix,2.618646666676449,15.167399993515573,335.65359999920474,353.4396466593968,one shared preloaded model
conv-30-qa-76,difference_prefix,2.618646666676449,13.87329999852227,156.8517999985488,173.34374666374754,one shared preloaded model
conv-30-qa-77,difference_prefix,2.618646666676449,14.921100002538878,276.7669000022579,294.30664667147323,one shared preloaded model
conv-30-qa-78,difference_prefix,2.618646666676449,14.031699996849056,191.6161999979522,208.26654666147772,one shared preloaded model
conv-30-qa-79,difference_prefix,2.618646666676449,17.852099997980986,196.91739999689162,217.38814666154906,one shared preloaded model
conv-30-qa-80,difference_prefix,2.618646666676449,14.722899999469519,390.97070000570966,408.31224667185563,one shared preloaded model
conv-30-qa-81,difference_prefix,2.618646666676449,14.617399996495806,414.5715000049677,431.80754666813993,one shared preloaded model
conv-30-qa-82,difference_prefix,2.618646666676449,11.69790000130888,211.3210000024992,225.63754667048454,one shared preloaded model
conv-30-qa-83,difference_prefix,2.618646666676449,12.104000001272652,480.0309999991441,494.7536466670932,one shared preloaded model
conv-30-qa-84,difference_prefix,2.618646666676449,12.878199995611794,224.58829999959562,240.08514666188387,one shared preloaded model
conv-30-qa-85,difference_prefix,2.618646666676449,10.885300005611498,209.15660000173375,222.6605466740217,one shared preloaded model
conv-30-qa-86,difference_prefix,2.618646666676449,14.136200006760191,182.2353999959887,198.99024666942535,one shared preloaded model
conv-30-qa-87,difference_prefix,2.618646666676449,18.46569999906933,210.77520000108052,231.8595466668263,one shared preloaded model
conv-30-qa-88,difference_prefix,2.618646666676449,12.178100005257875,184.7985000058543,199.59524667778862,one shared preloaded model
conv-30-qa-89,difference_prefix,2.618646666676449,16.54969999799505,139.6909000031883,158.8592466678598,one shared preloaded model
conv-30-qa-90,difference_prefix,2.618646666676449,15.453899999556597,220.95070000068517,239.02324666691823,one shared preloaded model
conv-30-qa-91,difference_prefix,2.618646666676449,12.713100004475564,166.25349999958416,181.58524667073618,one shared preloaded model
conv-30-qa-92,difference_prefix,2.618646666676449,17.188799996802118,350.9390000035637,370.7464466670423,one shared preloaded model
conv-30-qa-93,difference_prefix,2.618646666676449,14.13239999965299,213.34100000240142,230.09204666873086,one shared preloaded model
conv-30-qa-94,difference_prefix,2.618646666676449,14.06190000125207,214.89699999801815,231.57754666594667,one shared preloaded model
conv-30-qa-95,difference_prefix,2.618646666676449,11.58469999791123,149.17949999653501,163.3828466611227,one shared preloaded model
conv-30-qa-96,difference_prefix,2.618646666676449,18.4439000004204,196.169100003317,217.23164667041385,one shared preloaded model
conv-30-qa-97,difference_prefix,2.618646666676449,15.096900002390612,209.6354999957839,227.35104666485097,one shared preloaded model
conv-30-qa-98,difference_prefix,2.618646666676449,12.68500000151107,225.56189999886556,240.86554666705308,one shared preloaded model
conv-30-qa-99,difference_prefix,2.618646666676449,11.448199998994824,220.9073000049102,234.9741466705815,one shared preloaded model
conv-30-qa-100,difference_prefix,2.618646666676449,14.204699997208081,408.00559999479447,424.828946658679,one shared preloaded model
conv-30-qa-101,difference_prefix,2.618646666676449,14.438999998674262,217.57119999529095,234.62884666064167,one shared preloaded model
conv-30-qa-102,difference_prefix,2.618646666676449,14.269400002376642,150.1949000012246,167.0829466702777,one shared preloaded model
conv-30-qa-103,difference_prefix,2.618646666676449,17.098499993153382,217.7464999986114,237.46364665844123,one shared preloaded model
conv-30-qa-104,difference_prefix,2.618646666676449,14.378699997905642,210.3415000019595,227.3388466665416,one shared preloaded model
conv-41-qa-0,difference_prefix,2.9436974093535735,16.88280000234954,98.08890000567771,117.91539741738083,one shared preloaded model
conv-41-qa-1,difference_prefix,2.9436974093535735,21.096900003612973,156.5958999999566,180.63649741292315,one shared preloaded model
conv-41-qa-2,difference_prefix,2.9436974093535735,21.21600000100443,143.1261000034283,167.2857974137863,one shared preloaded model
conv-41-qa-3,difference_prefix,2.9436974093535735,21.078700003272388,263.89589999598684,287.91829740861283,one shared preloaded model
conv-41-qa-4,difference_prefix,2.9436974093535735,17.49790000030771,506.08910000300966,526.530697412671,one shared preloaded model
conv-41-qa-5,difference_prefix,2.9436974093535735,18.298199996934272,146.84639999904903,168.08829740533687,one shared preloaded model
conv-41-qa-6,difference_prefix,2.9436974093535735,20.663300005253404,164.1936000014539,187.80059741606087,one shared preloaded model
conv-41-qa-7,difference_prefix,2.9436974093535735,21.16519999981392,188.4252000018023,212.5340974109698,one shared preloaded model
conv-41-qa-8,difference_prefix,2.9436974093535735,21.025099995313212,215.5302999963169,239.4990974009837,one shared preloaded model
conv-41-qa-9,difference_prefix,2.9436974093535735,16.901499999221414,176.23040000034962,196.0755974089246,one shared preloaded model
conv-41-qa-10,difference_prefix,2.9436974093535735,21.341500003472902,505.1296000019647,529.4147974147912,one shared preloaded model
conv-41-qa-11,difference_prefix,2.9436974093535735,13.346699997782707,95.16360000270652,111.4539974098428,one shared preloaded model
conv-41-qa-12,difference_prefix,2.9436974093535735,20.81449999968754,238.48359999828972,262.24179740733086,one shared preloaded model
conv-41-qa-13,difference_prefix,2.9436974093535735,17.438000002584886,478.56850000243867,498.95019741437716,one shared preloaded model
conv-41-qa-14,difference_prefix,2.9436974093535735,13.741299997491296,223.24870000011288,239.93369740695775,one shared preloaded model
conv-41-qa-15,difference_prefix,2.9436974093535735,18.0908999973326,185.08130000554956,206.11589741223574,one shared preloaded model
conv-41-qa-16,difference_prefix,2.9436974093535735,19.560100001399405,217.58639999461593,240.0901974053689,one shared preloaded model
conv-41-qa-17,difference_prefix,2.9436974093535735,14.87240000278689,214.0484000046854,231.86449741682586,one shared preloaded model
conv-41-qa-18,difference_prefix,2.9436974093535735,15.314099997340236,137.35599999927217,155.61379740596598,one shared preloaded model
conv-41-qa-19,difference_prefix,2.9436974093535735,20.591000000422355,287.75150000001304,311.286197409789,one shared preloaded model
conv-41-qa-20,difference_prefix,2.9436974093535735,19.047200003114995,480.8357000001706,502.8265974126392,one shared preloaded model
conv-41-qa-21,difference_prefix,2.9436974093535735,16.499400000611786,151.8796000018483,171.32269741181366,one shared preloaded model
conv-41-qa-22,difference_prefix,2.9436974093535735,17.87740000145277,497.02999999863096,517.8510974094373,one shared preloaded model
conv-41-qa-23,difference_prefix,2.9436974093535735,18.018900002061855,210.0267999994685,230.98939741088392,one shared preloaded model
conv-41-qa-24,difference_prefix,2.9436974093535735,18.214700001408346,485.78989999805344,506.9482974088154,one shared preloaded model
conv-41-qa-25,difference_prefix,2.9436974093535735,18.262900004629046,211.0032999989926,232.2098974129752,one shared preloaded model
conv-41-qa-26,difference_prefix,2.9436974093535735,15.25940000283299,223.6616000009235,241.86469741311006,one shared preloaded model
conv-41-qa-27,difference_prefix,2.9436974093535735,15.46539999981178,139.79480000125477,158.20389741042013,one shared preloaded model
conv-41-qa-28,difference_prefix,2.9436974093535735,21.29120000608964,300.8507999984431,325.08569741388635,one shared preloaded model
conv-41-qa-29,difference_prefix,2.9436974093535735,18.94940000056522,207.30860000185203,229.20169741177082,one shared preloaded model
conv-41-qa-30,difference_prefix,2.9436974093535735,14.04010000260314,183.48270000569755,200.46649741765427,one shared preloaded model
conv-41-qa-31,difference_prefix,2.9436974093535735,19.60990000225138,203.72620000125607,226.27979741286103,one shared preloaded model
conv-41-qa-32,difference_prefix,2.9436974093535735,14.628600001742598,225.88969999924302,243.4619974103392,one shared preloaded model
conv-41-qa-33,difference_prefix,2.9436974093535735,13.44480000261683,168.78559999895515,185.17409741092555,one shared preloaded model
conv-41-qa-34,difference_prefix,2.9436974093535735,15.22790000308305,501.15110000479035,519.322697417227,one shared preloaded model
conv-41-qa-35,difference_prefix,2.9436974093535735,17.49940000445349,199.63260000076843,220.0756974145755,one shared preloaded model
conv-41-qa-36,difference_prefix,2.9436974093535735,13.981700001750141,196.3852999979281,213.3106974090318,one shared preloaded model
conv-41-qa-37,difference_prefix,2.9436974093535735,15.725100005511194,302.57430000347085,321.24309741833565,one shared preloaded model
conv-41-qa-38,difference_prefix,2.9436974093535735,18.353400002524722,486.82340000232216,508.1204974142005,one shared preloaded model
conv-41-qa-39,difference_prefix,2.9436974093535735,18.296700000064448,211.37440000165952,232.61479741107755,one shared preloaded model
conv-41-qa-40,difference_prefix,2.9436974093535735,13.31489999574842,216.82299999520183,233.08159740030382,one shared preloaded model
conv-41-qa-41,difference_prefix,2.9436974093535735,17.08420000068145,212.88160000403877,232.9094974140738,one shared preloaded model
conv-41-qa-42,difference_prefix,2.9436974093535735,15.099299998837523,210.8488000012585,228.8917974094496,one shared preloaded model
conv-41-qa-43,difference_prefix,2.9436974093535735,14.56280000275001,490.77050000050804,508.27699741261165,one shared preloaded model
conv-41-qa-44,difference_prefix,2.9436974093535735,19.083999999566004,159.48510000453098,181.51279741345056,one shared preloaded model
conv-41-qa-45,difference_prefix,2.9436974093535735,16.301299998303875,207.38400000118418,226.62899740884163,one shared preloaded model
conv-41-qa-46,difference_prefix,2.9436974093535735,17.444900004193187,501.7130999985966,522.1016974121434,one shared preloaded model
conv-41-qa-47,difference_prefix,2.9436974093535735,17.679999997199047,251.14010000106646,271.7637974076191,one shared preloaded model
conv-41-qa-48,difference_prefix,2.9436974093535735,17.801300004066434,516.5285999974003,537.2735974108203,one shared preloaded model
conv-41-qa-49,difference_prefix,2.9436974093535735,18.020900002738927,234.48370000551222,255.44829741760472,one shared preloaded model
conv-41-qa-50,difference_prefix,2.9436974093535735,14.263400000345428,334.912099999201,352.11919740890005,one shared preloaded model
conv-41-qa-51,difference_prefix,2.9436974093535735,13.511500001186505,505.59689999499824,522.0520974055383,one shared preloaded model
conv-41-qa-52,difference_prefix,2.9436974093535735,18.876399997679982,118.97550000139745,140.795597408431,one shared preloaded model
conv-41-qa-53,difference_prefix,2.9436974093535735,20.745900001202244,487.3703999983263,511.05999740888217,one shared preloaded model
conv-41-qa-54,difference_prefix,2.9436974093535735,16.678100000717677,169.07740000169724,188.6991974117685,one shared preloaded model
conv-41-qa-55,difference_prefix,2.9436974093535735,21.348100002796855,471.23629999987315,495.5280974120236,one shared preloaded model
conv-41-qa-56,difference_prefix,2.9436974093535735,18.3443999994779,504.0097000019159,525.2977974107474,one shared preloaded model
conv-41-qa-57,difference_prefix,2.9436974093535735,18.311499996343628,679.4212999957381,700.6764974014353,one shared preloaded model
conv-41-qa-58,difference_prefix,2.9436974093535735,13.011399998504203,177.76800000137882,193.7230974092366,one shared preloaded model
conv-41-qa-59,difference_prefix,2.9436974093535735,15.890499998931773,153.5364999945159,172.37069740280126,one shared preloaded model
conv-41-qa-60,difference_prefix,2.9436974093535735,20.941299997502938,148.6293999987538,172.5143974056103,one shared preloaded model
conv-41-qa-61,difference_prefix,2.9436974093535735,15.807600000698585,206.98699999775272,225.73829740780488,one shared preloaded model
conv-41-qa-62,difference_prefix,2.9436974093535735,13.79859999724431,118.17389999487204,134.91619740146993,one shared preloaded model
conv-41-qa-63,difference_prefix,2.9436974093535735,21.374200005084276,119.28939999779686,143.60729741223471,one shared preloaded model
conv-41-qa-64,difference_prefix,2.9436974093535735,16.214499999477994,190.3870000023744,209.54519741120598,one shared preloaded model
conv-41-qa-65,difference_prefix,2.9436974093535735,17.734499997459352,363.94129999825964,384.6194974050726,one shared preloaded model
conv-41-qa-66,difference_prefix,2.9436974093535735,14.158400001178961,508.3433000036166,525.4453974141492,one shared preloaded model
conv-41-qa-67,difference_prefix,2.9436974093535735,14.267800004745368,336.4676999990479,353.6791974131469,one shared preloaded model
conv-41-qa-68,difference_prefix,2.9436974093535735,14.851699997961987,182.14440000156173,199.9397974088773,one shared preloaded model
conv-41-qa-69,difference_prefix,2.9436974093535735,21.190999999816995,171.8038000035449,195.93849741271546,one shared preloaded model
conv-41-qa-70,difference_prefix,2.9436974093535735,18.207000000984408,209.24430000013672,230.3949974104747,one shared preloaded model
conv-41-qa-71,difference_prefix,2.9436974093535735,13.953599998785648,157.90610000112792,174.80339740926715,one shared preloaded model
conv-41-qa-72,difference_prefix,2.9436974093535735,22.649500002444256,239.56510000425624,265.1582974160541,one shared preloaded model
conv-41-qa-73,difference_prefix,2.9436974093535735,18.01460000569932,138.08300000528106,159.04129742033396,one shared preloaded model
conv-41-qa-74,difference_prefix,2.9436974093535735,22.32160000130534,223.33090000029188,248.5961974109508,one shared preloaded model
conv-41-qa-75,difference_prefix,2.9436974093535735,15.075000002980232,216.13600000273436,234.15469741506817,one shared preloaded model
conv-41-qa-76,difference_prefix,2.9436974093535735,17.534899998281617,646.9386999960989,667.4172974037341,one shared preloaded model
conv-41-qa-77,difference_prefix,2.9436974093535735,13.76190000155475,225.58330000174465,242.28889741265297,one shared preloaded model
conv-41-qa-78,difference_prefix,2.9436974093535735,15.12669999647187,104.45700000127545,122.52739740710089,one shared preloaded model
conv-41-qa-79,difference_prefix,2.9436974093535735,20.878800001810305,222.4244999961229,246.24699740728678,one shared preloaded model
conv-41-qa-80,difference_prefix,2.9436974093535735,17.895499993755948,321.7869999934919,342.62619739660147,one shared preloaded model
conv-41-qa-81,difference_prefix,2.9436974093535735,18.727400005445816,326.1318000004394,347.8028974152388,one shared preloaded model
conv-41-qa-82,difference_prefix,2.9436974093535735,13.361700002860744,231.50560000067344,247.81099741288776,one shared preloaded model
conv-41-qa-83,difference_prefix,2.9436974093535735,14.358100001118146,255.61060000472935,272.9123974152011,one shared preloaded model
conv-41-qa-84,difference_prefix,2.9436974093535735,15.233400001307018,291.02079999574926,309.1978974064099,one shared preloaded model
conv-41-qa-85,difference_prefix,2.9436974093535735,14.076899999054149,321.1280000032275,338.14859741163525,one shared preloaded model
conv-41-qa-86,difference_prefix,2.9436974093535735,18.123200003174134,257.34770000417484,278.4145974167026,one shared preloaded model
conv-41-qa-87,difference_prefix,2.9436974093535735,17.849399999249727,150.21660000638803,171.00969741499134,one shared preloaded model
conv-41-qa-88,difference_prefix,2.9436974093535735,21.16789999854518,220.13539999898057,244.24699740687933,one shared preloaded model
conv-41-qa-89,difference_prefix,2.9436974093535735,15.648300002794713,867.6059000063105,886.1978974184589,one shared preloaded model
conv-41-qa-90,difference_prefix,2.9436974093535735,20.9815999987768,215.16329999576556,239.08859740389593,one shared preloaded model
conv-41-qa-91,difference_prefix,2.9436974093535735,14.576699999452103,177.99369999556802,195.5140974043737,one shared preloaded model
conv-41-qa-92,difference_prefix,2.9436974093535735,22.052100001019426,240.4716999953962,265.4674974057692,one shared preloaded model
conv-41-qa-93,difference_prefix,2.9436974093535735,14.055500003451016,220.48059999360703,237.47979740641162,one shared preloaded model
conv-41-qa-94,difference_prefix,2.9436974093535735,13.957999995909631,147.81889999721898,164.72059740248218,one shared preloaded model
conv-41-qa-95,difference_prefix,2.9436974093535735,21.42910000111442,217.87939999921946,242.25219740968745,one shared preloaded model
conv-41-qa-96,difference_prefix,2.9436974093535735,13.552899996284395,256.57829999545356,273.07489740109156,one shared preloaded model
conv-41-qa-97,difference_prefix,2.9436974093535735,17.789999998058192,348.2046999997692,368.938397407181,one shared preloaded model
conv-41-qa-98,difference_prefix,2.9436974093535735,14.791299996431917,260.64320000295993,278.37819740874545,one shared preloaded model
conv-41-qa-99,difference_prefix,2.9436974093535735,16.153999997186475,425.0711999993655,444.16889740590557,one shared preloaded model
conv-41-qa-100,difference_prefix,2.9436974093535735,18.399699998553842,195.44150000001537,216.78489740792278,one shared preloaded model
conv-41-qa-101,difference_prefix,2.9436974093535735,17.32330000231741,177.6326000035624,197.8995974152334,one shared preloaded model
conv-41-qa-102,difference_prefix,2.9436974093535735,22.563300000911113,234.8037999981898,260.3107974084545,one shared preloaded model
conv-41-qa-103,difference_prefix,2.9436974093535735,19.140800002787728,120.47309999616118,142.55759740830248,one shared preloaded model
conv-41-qa-104,difference_prefix,2.9436974093535735,13.684099998499732,175.9978999980376,192.62569740589092,one shared preloaded model
conv-41-qa-105,difference_prefix,2.9436974093535735,21.137100004125386,366.2477000034414,390.3284974169204,one shared preloaded model
conv-41-qa-106,difference_prefix,2.9436974093535735,18.04479999555042,203.8825999989058,224.87109740380978,one shared preloaded model
conv-41-qa-107,difference_prefix,2.9436974093535735,15.067099993757438,225.10020000481745,243.11099740792847,one shared preloaded model
conv-41-qa-108,difference_prefix,2.9436974093535735,15.165500000875909,580.0191999951494,598.1283974053789,one shared preloaded model
conv-41-qa-109,difference_prefix,2.9436974093535735,18.17239999945741,796.9585000028019,818.0745974116129,one shared preloaded model
conv-41-qa-110,difference_prefix,2.9436974093535735,18.92760000191629,190.7160999980988,212.58739740936866,one shared preloaded model
conv-41-qa-111,difference_prefix,2.9436974093535735,21.13639999879524,246.74070000037318,270.820797408522,one shared preloaded model
conv-41-qa-112,difference_prefix,2.9436974093535735,13.01699999748962,104.59519999858458,120.55589740542777,one shared preloaded model
conv-41-qa-113,difference_prefix,2.9436974093535735,22.139699998660944,227.81490000488702,252.89829741290154,one shared preloaded model
conv-41-qa-114,difference_prefix,2.9436974093535735,15.079899996635504,437.77029999910155,455.79389740509066,one shared preloaded model
conv-41-qa-115,difference_prefix,2.9436974093535735,15.355600000475533,228.7579999974696,247.0572974072987,one shared preloaded model
conv-41-qa-116,difference_prefix,2.9436974093535735,13.710999999602791,880.784399996628,897.4390974055844,one shared preloaded model
conv-41-qa-117,difference_prefix,2.9436974093535735,18.56650000263471,230.7098999954178,252.2200974074061,one shared preloaded model
conv-41-qa-118,difference_prefix,2.9436974093535735,13.487000003806315,759.0639000045485,775.4945974177084,one shared preloaded model
conv-41-qa-119,difference_prefix,2.9436974093535735,15.14599999791244,239.72690000664443,257.8165974139105,one shared preloaded model
conv-41-qa-120,difference_prefix,2.9436974093535735,15.780300003825687,203.99100000213366,222.71499741531292,one shared preloaded model
conv-41-qa-121,difference_prefix,2.9436974093535735,14.528300001984462,215.2637000035611,232.73569741489914,one shared preloaded model
conv-41-qa-122,difference_prefix,2.9436974093535735,15.90070000384003,379.67660000140313,398.52099741459676,one shared preloaded model
conv-41-qa-123,difference_prefix,2.9436974093535735,18.89859999937471,302.5987000000896,324.4409974088179,one shared preloaded model
conv-41-qa-124,difference_prefix,2.9436974093535735,14.546700003847945,734.9390000017593,752.4293974149608,one shared preloaded model
conv-41-qa-125,difference_prefix,2.9436974093535735,17.610799994145054,502.10620000143535,522.660697404934,one shared preloaded model
conv-41-qa-126,difference_prefix,2.9436974093535735,18.27169999887701,572.702899997239,593.9182974054696,one shared preloaded model
conv-41-qa-127,difference_prefix,2.9436974093535735,18.853900000976864,214.28360000572866,236.0811974160591,one shared preloaded model
conv-41-qa-128,difference_prefix,2.9436974093535735,15.277600003173575,167.64970000076573,185.87099741329288,one shared preloaded model
conv-41-qa-129,difference_prefix,2.9436974093535735,21.029099996667355,735.312899996643,759.2856974026639,one shared preloaded model
conv-41-qa-130,difference_prefix,2.9436974093535735,14.1661000016029,138.7168999935966,155.82669740455307,one shared preloaded model
conv-41-qa-131,difference_prefix,2.9436974093535735,21.837599997525103,209.39480000379262,234.1760974106713,one shared preloaded model
conv-41-qa-132,difference_prefix,2.9436974093535735,14.814800000749528,490.43520000122953,508.19369741133266,one shared preloaded model
conv-41-qa-133,difference_prefix,2.9436974093535735,18.66870000230847,212.52140000433428,234.13379741599633,one shared preloaded model
conv-41-qa-134,difference_prefix,2.9436974093535735,14.11779999762075,230.4943999988609,247.55589740583522,one shared preloaded model
conv-41-qa-135,difference_prefix,2.9436974093535735,14.53830000536982,408.5255999962101,426.0075974109335,one shared preloaded model
conv-41-qa-136,difference_prefix,2.9436974093535735,15.145199999096803,242.83399999694666,260.92289740539707,one shared preloaded model
conv-41-qa-137,difference_prefix,2.9436974093535735,15.605399996275082,218.24389999528648,236.79299740091514,one shared preloaded model
conv-41-qa-138,difference_prefix,2.9436974093535735,14.480300000286661,467.27020000253106,484.6941974121713,one shared preloaded model
conv-41-qa-139,difference_prefix,2.9436974093535735,14.512699999613687,300.133899996581,317.5902974055483,one shared preloaded model
conv-41-qa-140,difference_prefix,2.9436974093535735,13.340900004550349,227.45150000264402,243.73609741654795,one shared preloaded model
conv-41-qa-141,difference_prefix,2.9436974093535735,15.035999997053295,310.10840000089956,328.08809740730646,one shared preloaded model
conv-41-qa-142,difference_prefix,2.9436974093535735,17.242900001292583,152.72929999628104,172.9158974069272,one shared preloaded model
conv-41-qa-143,difference_prefix,2.9436974093535735,21.998100004566368,104.7063000005437,129.64809741446365,one shared preloaded model
conv-41-qa-144,difference_prefix,2.9436974093535735,14.621000002080109,247.48230000113836,265.04699741257207,one shared preloaded model
conv-41-qa-145,difference_prefix,2.9436974093535735,13.409200000751298,138.99790000141365,155.35079741151853,one shared preloaded model
conv-41-qa-146,difference_prefix,2.9436974093535735,21.150000000488944,227.7246000012383,251.8182974110808,one shared preloaded model
conv-41-qa-147,difference_prefix,2.9436974093535735,18.12929999869084,222.30680000211578,243.3797974101602,one shared preloaded model
conv-41-qa-148,difference_prefix,2.9436974093535735,13.610100002551917,213.57500000158325,230.12879741348874,one shared preloaded model
conv-41-qa-149,difference_prefix,2.9436974093535735,18.272600005730055,305.8697000014945,327.08599741657815,one shared preloaded model
conv-41-qa-150,difference_prefix,2.9436974093535735,18.453700002282858,348.05609999602893,369.4534974076654,one shared preloaded model
conv-41-qa-151,difference_prefix,2.9436974093535735,14.966899994760752,205.30920000601327,223.2197974101276,one shared preloaded model
conv-41-qa-152,difference_prefix,2.9436974093535735,15.389600004709791,235.18740000145044,253.5206974155138,one shared preloaded model
conv-41-qa-153,difference_prefix,2.9436974093535735,15.265400004864205,228.42880000098376,246.63789741520154,one shared preloaded model
conv-41-qa-154,difference_prefix,2.9436974093535735,17.37400000274647,120.99050000688294,141.30819741898299,one shared preloaded model
conv-41-qa-155,difference_prefix,2.9436974093535735,21.098000004712958,440.0915000005625,464.1331974146291,one shared preloaded model
conv-41-qa-156,difference_prefix,2.9436974093535735,12.948700001288671,194.97039999987464,210.8627974105169,one shared preloaded model
conv-41-qa-157,difference_prefix,2.9436974093535735,15.488800003367942,205.0662999972701,223.49879740999162,one shared preloaded model
conv-41-qa-158,difference_prefix,2.9436974093535735,13.493099999323022,227.89709999779006,244.33389740646666,one shared preloaded model
conv-41-qa-159,difference_prefix,2.9436974093535735,13.747199998761062,314.10000000323635,330.790897411351,one shared preloaded model
conv-41-qa-160,difference_prefix,2.9436974093535735,13.555800003814511,308.4946000017226,324.9940974148907,one shared preloaded model
conv-41-qa-161,difference_prefix,2.9436974093535735,13.122700001986232,162.66170000017155,178.72809741151136,one shared preloaded model
conv-41-qa-162,difference_prefix,2.9436974093535735,21.184299999731593,218.08759999839822,242.2155974074834,one shared preloaded model
conv-41-qa-163,difference_prefix,2.9436974093535735,15.149500002735294,1505.2532000045176,1523.3463974166064,one shared preloaded model
conv-41-qa-164,difference_prefix,2.9436974093535735,17.948400003660936,233.77800000162097,254.67009741463548,one shared preloaded model
conv-41-qa-165,difference_prefix,2.9436974093535735,13.122199998178985,230.75349999999162,246.81939740752418,one shared preloaded model
conv-41-qa-166,difference_prefix,2.9436974093535735,15.22359999944456,230.9629000010318,249.13019740982995,one shared preloaded model
conv-41-qa-167,difference_prefix,2.9436974093535735,13.492700003553182,215.34680000331718,231.78319741622394,one shared preloaded model
conv-41-qa-168,difference_prefix,2.9436974093535735,14.126000001851935,244.691400002921,261.76109741412654,one shared preloaded model
conv-41-qa-169,difference_prefix,2.9436974093535735,13.913999995565973,475.4825999989407,492.3402974038603,one shared preloaded model
conv-41-qa-170,difference_prefix,2.9436974093535735,19.182799995178357,183.38500000390923,205.51149740844116,one shared preloaded model
conv-41-qa-171,difference_prefix,2.9436974093535735,21.01589999801945,339.26100000098813,363.2205974083612,one shared preloaded model
conv-41-qa-172,difference_prefix,2.9436974093535735,18.526400002883747,205.53349999681814,227.00359740905546,one shared preloaded model
conv-41-qa-173,difference_prefix,2.9436974093535735,17.005699999572244,223.7373999960255,243.6867974049513,one shared preloaded model
conv-41-qa-174,difference_prefix,2.9436974093535735,14.233599998988211,359.53259999951115,376.70989740785296,one shared preloaded model
conv-41-qa-175,difference_prefix,2.9436974093535735,13.52739999856567,186.45290000131354,202.92399740923278,one shared preloaded model
conv-41-qa-176,difference_prefix,2.9436974093535735,21.987200001603924,205.82629999989877,230.75719741085626,one shared preloaded model
conv-41-qa-177,difference_prefix,2.9436974093535735,13.449199999740813,205.21259999804897,221.60549740714336,one shared preloaded model
conv-41-qa-178,difference_prefix,2.9436974093535735,13.34300000598887,593.3717000007164,609.6583974160588,one shared preloaded model
conv-41-qa-179,difference_prefix,2.9436974093535735,17.55799999955343,222.14320000057342,242.64489740948042,one shared preloaded model
conv-41-qa-180,difference_prefix,2.9436974093535735,14.992399999755435,204.36030000564642,222.29639741475543,one shared preloaded model
conv-41-qa-181,difference_prefix,2.9436974093535735,13.32399999955669,228.1721000035759,244.43979741248617,one shared preloaded model
conv-41-qa-182,difference_prefix,2.9436974093535735,15.313699994294439,231.8206999989343,250.0780974025823,one shared preloaded model
conv-41-qa-183,difference_prefix,2.9436974093535735,15.051299997139722,215.15480000380194,233.14979741029524,one shared preloaded model
conv-41-qa-184,difference_prefix,2.9436974093535735,13.939199998276308,217.24560000438942,234.1284974120193,one shared preloaded model
conv-41-qa-185,difference_prefix,2.9436974093535735,17.431699998269323,235.7544999977108,256.12989740533374,one shared preloaded model
conv-41-qa-186,difference_prefix,2.9436974093535735,13.72290000290377,258.8649000026635,275.53149741492086,one shared preloaded model
conv-41-qa-187,difference_prefix,2.9436974093535735,13.555600002291612,224.95989999879384,241.45919741043903,one shared preloaded model
conv-41-qa-188,difference_prefix,2.9436974093535735,13.237500003015157,359.9039999971865,376.08519740955524,one shared preloaded model
conv-41-qa-189,difference_prefix,2.9436974093535735,17.992900000535883,165.09409999707714,186.0306974069666,one shared preloaded model
conv-41-qa-190,difference_prefix,2.9436974093535735,17.109300002630334,216.07439999934286,236.12739741132677,one shared preloaded model
conv-41-qa-191,difference_prefix,2.9436974093535735,13.431600003968924,218.1376000007731,234.5128974140956,one shared preloaded model
conv-41-qa-192,difference_prefix,2.9436974093535735,13.494000006176066,211.54750000278,227.98519741830964,one shared preloaded model
conv-42-qa-0,difference_prefix,1.821280384599679,15.715800000180025,99.01710000121966,116.55418038599936,one shared preloaded model
conv-42-qa-1,difference_prefix,1.821280384599679,19.782600000326056,238.5439999998198,260.1478803847455,one shared preloaded model
conv-42-qa-2,difference_prefix,1.821280384599679,12.584299998707138,202.20270000572782,216.60828038903463,one shared preloaded model
conv-42-qa-3,difference_prefix,1.821280384599679,15.727899997727945,497.93839999620104,515.4875803785287,one shared preloaded model
conv-42-qa-4,difference_prefix,1.821280384599679,17.552100005559623,213.2878999982495,232.66128038840878,one shared preloaded model
conv-42-qa-5,difference_prefix,1.821280384599679,12.716800003545359,183.74649999896064,198.28458038710568,one shared preloaded model
conv-42-qa-6,difference_prefix,1.821280384599679,19.828700002108235,515.7297999976436,537.3797803843515,one shared preloaded model
conv-42-qa-7,difference_prefix,1.821280384599679,16.29479999974137,510.66419999551727,528.7802803798584,one shared preloaded model
conv-42-qa-8,difference_prefix,1.821280384599679,12.860900002124254,503.68810000509256,518.3702803918166,one shared preloaded model
conv-42-qa-9,difference_prefix,1.821280384599679,13.420799994491972,226.87199999927543,242.11408037836708,one shared preloaded model
conv-42-qa-10,difference_prefix,1.821280384599679,14.691999997012317,301.13169999822276,317.64498037983475,one shared preloaded model
conv-42-qa-11,difference_prefix,1.821280384599679,12.613200000487268,320.0467999995453,334.48128038463227,one shared preloaded model
conv-42-qa-12,difference_prefix,1.821280384599679,13.519499996618833,210.4274000012083,225.7681803824268,one shared preloaded model
conv-42-qa-13,difference_prefix,1.821280384599679,14.086700000916608,493.7828999973135,509.6908803828298,one shared preloaded model
conv-42-qa-14,difference_prefix,1.821280384599679,17.223499999090564,198.46120000147494,217.50598038516517,one shared preloaded model
conv-42-qa-15,difference_prefix,1.821280384599679,13.811199998599477,482.5708999997005,498.20338038289964,one shared preloaded model
conv-42-qa-16,difference_prefix,1.821280384599679,16.8753000034485,320.34830000338843,339.0448803914366,one shared preloaded model
conv-42-qa-17,difference_prefix,1.821280384599679,17.38879999902565,221.46349999820814,240.67358038183346,one shared preloaded model
conv-42-qa-18,difference_prefix,1.821280384599679,14.8339000006672,408.18290000606794,424.8380803913348,one shared preloaded model
conv-42-qa-19,difference_prefix,1.821280384599679,17.367300002661068,120.16009999933885,139.3486803865996,one shared preloaded model
conv-42-qa-20,difference_prefix,1.821280384599679,15.485600000829436,498.10689999867463,515.4137803841038,one shared preloaded model
conv-42-qa-21,difference_prefix,1.821280384599679,17.738999995344784,537.4819999997271,557.0422803796716,one shared preloaded model
conv-42-qa-22,difference_prefix,1.821280384599679,13.439899994409643,497.1416999978828,512.4028803768922,one shared preloaded model
conv-42-qa-23,difference_prefix,1.821280384599679,16.290899999148678,419.81930000474676,437.9314803884951,one shared preloaded model
conv-42-qa-24,difference_prefix,1.821280384599679,16.594499997154344,183.04490000446094,201.46068038621496,one shared preloaded model
conv-42-qa-25,difference_prefix,1.821280384599679,20.433599995158147,482.9100999995717,505.1649803793295,one shared preloaded model
conv-42-qa-26,difference_prefix,1.821280384599679,17.551500000990927,206.63710000371793,226.00988038930853,one shared preloaded model
conv-42-qa-27,difference_prefix,1.821280384599679,14.835900001344271,202.45019999856595,219.1073803845099,one shared preloaded model
conv-42-qa-28,difference_prefix,1.821280384599679,13.675400005013216,159.8662999967928,175.3629803864057,one shared preloaded model
conv-42-qa-29,difference_prefix,1.821280384599679,16.431500000180677,216.10230000078445,234.3550803855648,one shared preloaded model
conv-42-qa-30,difference_prefix,1.821280384599679,14.621200003603008,159.58120000141207,176.02368038961475,one shared preloaded model
conv-42-qa-31,difference_prefix,1.821280384599679,20.760799998242874,473.1984000027296,495.78048038557216,one shared preloaded model
conv-42-qa-32,difference_prefix,1.821280384599679,16.7892999961623,191.8500000028871,210.46058038364907,one shared preloaded model
conv-42-qa-33,difference_prefix,1.821280384599679,17.754799999238458,678.4522000016295,698.0282803854677,one shared preloaded model
conv-42-qa-34,difference_prefix,1.821280384599679,12.424500004271977,483.99150000477675,498.2372803936484,one shared preloaded model
conv-42-qa-35,difference_prefix,1.821280384599679,12.917100000777282,516.9515000015963,531.6898803869733,one shared preloaded model
conv-42-qa-36,difference_prefix,1.821280384599679,14.562399999704212,541.3989999942714,557.7826803785754,one shared preloaded model
conv-42-qa-37,difference_prefix,1.821280384599679,14.604400006646756,519.5275000005495,535.953180391796,one shared preloaded model
conv-42-qa-38,difference_prefix,1.821280384599679,16.627999997581355,505.4417999999714,523.8910803821525,one shared preloaded model
conv-42-qa-39,difference_prefix,1.821280384599679,17.509099998278543,514.1016999987187,533.432080381597,one shared preloaded model
conv-42-qa-40,difference_prefix,1.821280384599679,12.85180000559194,313.3287999953609,328.0018803855525,one shared preloaded model
conv-42-qa-41,difference_prefix,1.821280384599679,17.455300003348384,496.0482000024058,515.3247803903539,one shared preloaded model
conv-42-qa-42,difference_prefix,1.821280384599679,13.74049999867566,214.0572999996948,229.61908038297014,one shared preloaded model
conv-42-qa-43,difference_prefix,1.821280384599679,12.736700002278667,184.87570000434062,199.43368039121896,one shared preloaded model
conv-42-qa-44,difference_prefix,1.821280384599679,15.314799995394424,488.31000000063796,505.44608038063205,one shared preloaded model
conv-42-qa-45,difference_prefix,1.821280384599679,16.771100003097672,134.05909999710275,152.6514803848001,one shared preloaded model
conv-42-qa-46,difference_prefix,1.821280384599679,19.27869999781251,149.54430000216234,170.64428038457453,one shared preloaded model
conv-42-qa-47,difference_prefix,1.821280384599679,20.16849999927217,212.78430000529625,234.7740803891681,one shared preloaded model
conv-42-qa-48,difference_prefix,1.821280384599679,12.88629999908153,490.427799995814,505.1353803794952,one shared preloaded model
conv-42-qa-49,difference_prefix,1.821280384599679,16.562500000873115,220.79630000371253,239.18008038918532,one shared preloaded model
conv-42-qa-50,difference_prefix,1.821280384599679,13.042099999438506,671.288800003822,686.1521803878602,one shared preloaded model
conv-42-qa-51,difference_prefix,1.821280384599679,16.964200003712904,223.40750000148546,242.19298038979804,one shared preloaded model
conv-42-qa-52,difference_prefix,1.821280384599679,16.051599995989818,105.61430000234395,123.48718038293345,one shared preloaded model
conv-42-qa-53,difference_prefix,1.821280384599679,19.982099998742342,104.66269999596989,126.4660803793119,one shared preloaded model
conv-42-qa-54,difference_prefix,1.821280384599679,20.06219999748282,489.06419999548234,510.94768037756484,one shared preloaded model
conv-42-qa-55,difference_prefix,1.821280384599679,17.16339999984484,354.6968999944511,373.6815803788956,one shared preloaded model
conv-42-qa-56,difference_prefix,1.821280384599679,17.125700003816746,215.99520000017947,234.9421803885959,one shared preloaded model
conv-42-qa-57,difference_prefix,1.821280384599679,14.534699999785516,213.32089999486925,229.67688037925444,one shared preloaded model
conv-42-qa-58,difference_prefix,1.821280384599679,14.434299999265932,222.81110000039916,239.06668038426477,one shared preloaded model
conv-42-qa-59,difference_prefix,1.821280384599679,12.777500000083819,218.7848000030499,233.3835803877334,one shared preloaded model
conv-42-qa-60,difference_prefix,1.821280384599679,12.400100000377279,193.46239999867976,207.6837803836567,one shared preloaded model
conv-42-qa-61,difference_prefix,1.821280384599679,16.91900000150781,160.9902000054717,179.7304803915792,one shared preloaded model
conv-42-qa-62,difference_prefix,1.821280384599679,19.473500004096422,196.79069999983767,218.08548038853377,one shared preloaded model
conv-42-qa-63,difference_prefix,1.821280384599679,16.211999994993676,160.09780000604223,178.13108038563558,one shared preloaded model
conv-42-qa-64,difference_prefix,1.821280384599679,20.24820000224281,230.46210000029532,252.5315803871378,one shared preloaded model
conv-42-qa-65,difference_prefix,1.821280384599679,14.674899997771718,200.94769999559503,217.44388037796642,one shared preloaded model
conv-42-qa-66,difference_prefix,1.821280384599679,13.443199997709598,250.1327999998466,265.3972803821559,one shared preloaded model
conv-42-qa-67,difference_prefix,1.821280384599679,14.7346000012476,217.39610000076937,233.95198038661664,one shared preloaded model
conv-42-qa-68,difference_prefix,1.821280384599679,13.14750000165077,218.69999999762513,233.66878038387557,one shared preloaded model
conv-42-qa-69,difference_prefix,1.821280384599679,12.974499994015787,120.63420000049518,135.42998037911065,one shared preloaded model
conv-42-qa-70,difference_prefix,1.821280384599679,17.811099998652935,258.9917000004789,278.6240803837315,one shared preloaded model
conv-42-qa-71,difference_prefix,1.821280384599679,12.949000003573019,195.62759999826085,210.39788038643354,one shared preloaded model
conv-42-qa-72,difference_prefix,1.821280384599679,15.744999996968545,234.9971999938134,252.56348037538163,one shared preloaded model
conv-42-qa-73,difference_prefix,1.821280384599679,14.335899999423418,228.75829999975394,244.91548038377704,one shared preloaded model
conv-42-qa-74,difference_prefix,1.821280384599679,13.07220000308007,219.97879999980796,234.8722803874877,one shared preloaded model
conv-42-qa-75,difference_prefix,1.821280384599679,12.311500002397224,397.4318000036874,411.5645803906843,one shared preloaded model
conv-42-qa-76,difference_prefix,1.821280384599679,17.104600003222004,273.9995000010822,292.9253803889039,one shared preloaded model
conv-42-qa-77,difference_prefix,1.821280384599679,13.704600001801737,468.6251999955857,484.15108038198713,one shared preloaded model
conv-42-qa-78,difference_prefix,1.821280384599679,13.894299998355564,107.12469999998575,122.84028038294099,one shared preloaded model
conv-42-qa-79,difference_prefix,1.821280384599679,14.716099998622667,104.32960000616731,120.86698038938965,one shared preloaded model
conv-42-qa-80,difference_prefix,1.821280384599679,17.576400001416914,118.90040000434965,138.29808039036624,one shared preloaded model
conv-42-qa-81,difference_prefix,1.821280384599679,14.248999999836087,225.9392999985721,242.00958038300786,one shared preloaded model
conv-42-qa-82,difference_prefix,1.821280384599679,16.26659999601543,281.61700000055134,299.70488038116645,one shared preloaded model
conv-42-qa-83,difference_prefix,1.821280384599679,16.50340000196593,218.1614000000991,236.4860803866647,one shared preloaded model
conv-42-qa-84,difference_prefix,1.821280384599679,15.076800002134405,186.64159999752883,203.5396803842629,one shared preloaded model
conv-42-qa-85,difference_prefix,1.821280384599679,20.813900002394803,220.18089999619406,242.81608038318853,one shared preloaded model
conv-42-qa-86,difference_prefix,1.821280384599679,15.2038000014727,528.4347999986494,545.4598803847218,one shared preloaded model
conv-42-qa-87,difference_prefix,1.821280384599679,15.139899995119777,203.32670000061626,220.2878803803357,one shared preloaded model
conv-42-qa-88,difference_prefix,1.821280384599679,12.49649999954272,227.71369999827584,242.03148038241824,one shared preloaded model
conv-42-qa-89,difference_prefix,1.821280384599679,13.357499999983702,119.86090000573313,135.0396803903165,one shared preloaded model
conv-42-qa-90,difference_prefix,1.821280384599679,20.090999998501502,260.2528999996139,282.16518038271505,one shared preloaded model
conv-42-qa-91,difference_prefix,1.821280384599679,16.195199998037424,363.13330000120914,381.14978038384623,one shared preloaded model
conv-42-qa-92,difference_prefix,1.821280384599679,13.330999994650483,211.9542000000365,227.10648037928667,one shared preloaded model
conv-42-qa-93,difference_prefix,1.821280384599679,14.27710000280058,277.20579999731854,293.3041803847188,one shared preloaded model
conv-42-qa-94,difference_prefix,1.821280384599679,12.347200005024206,222.56049999850802,236.7289803881319,one shared preloaded model
conv-42-qa-95,difference_prefix,1.821280384599679,13.545000001613516,217.6201999973273,232.98648038354048,one shared preloaded model
conv-42-qa-96,difference_prefix,1.821280384599679,13.71149999613408,228.2619000034174,243.79468038415115,one shared preloaded model
conv-42-qa-97,difference_prefix,1.821280384599679,13.370900000154506,209.29959999921266,224.49178038396684,one shared preloaded model
conv-42-qa-98,difference_prefix,1.821280384599679,14.689999996335246,217.4241999964579,233.93548037739282,one shared preloaded model
conv-42-qa-99,difference_prefix,1.821280384599679,13.310800000908785,501.50339999527205,516.6354803807806,one shared preloaded model
conv-42-qa-100,difference_prefix,1.821280384599679,13.607699998829048,484.82350000267616,500.2524803861049,one shared preloaded model
conv-42-qa-101,difference_prefix,1.821280384599679,13.168899997253902,161.5862999969977,176.57648037885127,one shared preloaded model
conv-42-qa-102,difference_prefix,1.821280384599679,19.638199999462813,259.4849000015529,280.9443803856154,one shared preloaded model
conv-42-qa-103,difference_prefix,1.821280384599679,13.703299999178853,229.01680000359192,244.54138038737045,one shared preloaded model
conv-42-qa-104,difference_prefix,1.821280384599679,12.589800004207063,533.836099995824,548.2471803846308,one shared preloaded model
conv-42-qa-105,difference_prefix,1.821280384599679,17.474100000981707,180.643699997745,199.93908038332637,one shared preloaded model
conv-42-qa-106,difference_prefix,1.821280384599679,19.884199995431118,688.4111999970628,710.1166803770936,one shared preloaded model
conv-42-qa-107,difference_prefix,1.821280384599679,17.27760000358103,734.4943999996758,753.5932803878566,one shared preloaded model
conv-42-qa-108,difference_prefix,1.821280384599679,17.951599998923484,212.90589999989606,232.67878038341922,one shared preloaded model
conv-42-qa-109,difference_prefix,1.821280384599679,13.269499999296386,345.710900000995,360.8016803848911,one shared preloaded model
conv-42-qa-110,difference_prefix,1.821280384599679,16.32969999627676,335.83509999880334,353.9860803796798,one shared preloaded model
conv-42-qa-111,difference_prefix,1.821280384599679,17.548800002259668,481.9005000026664,501.2705803895257,one shared preloaded model
conv-42-qa-112,difference_prefix,1.821280384599679,16.81280000047991,200.78700000158278,219.42108038666237,one shared preloaded model
conv-42-qa-113,difference_prefix,1.821280384599679,15.807399999175686,172.52279999956954,190.1514803833449,one shared preloaded model
conv-42-qa-114,difference_prefix,1.821280384599679,19.61670000309823,350.51499999826774,371.95298038596565,one shared preloaded model
conv-42-qa-115,difference_prefix,1.821280384599679,16.310200000589248,250.28190000011818,268.4133803853071,one shared preloaded model
conv-42-qa-116,difference_prefix,1.821280384599679,16.521199999260716,124.23010000202339,142.57258038588378,one shared preloaded model
conv-42-qa-117,difference_prefix,1.821280384599679,16.9919000036316,189.86690000019735,208.68008038842862,one shared preloaded model
conv-42-qa-118,difference_prefix,1.821280384599679,21.456800001033116,230.135000005248,253.4130803908808,one shared preloaded model
conv-42-qa-119,difference_prefix,1.821280384599679,13.370599997870158,213.21009999519447,228.4019803776643,one shared preloaded model
conv-42-qa-120,difference_prefix,1.821280384599679,17.42049999302253,102.9844000004232,122.2261803780454,one shared preloaded model
conv-42-qa-121,difference_prefix,1.821280384599679,19.718299998203292,197.66749999689637,219.20708037969933,one shared preloaded model
conv-42-qa-122,difference_prefix,1.821280384599679,16.398100000515115,222.37809999933233,240.59748038444712,one shared preloaded model
conv-42-qa-123,difference_prefix,1.821280384599679,16.81049999751849,237.52130000502802,256.1530803871462,one shared preloaded model
conv-42-qa-124,difference_prefix,1.821280384599679,17.172299994854257,196.3365999981761,215.33018037763003,one shared preloaded model
conv-42-qa-125,difference_prefix,1.821280384599679,14.71270000183722,525.5907999962801,542.1247803827171,one shared preloaded model
conv-42-qa-126,difference_prefix,1.821280384599679,18.30580000387272,213.1712999980664,233.29838038653878,one shared preloaded model
conv-42-qa-127,difference_prefix,1.821280384599679,12.778599993907847,203.97539999976289,218.5752803782704,one shared preloaded model
conv-42-qa-128,difference_prefix,1.821280384599679,13.656700000865385,181.9716000027256,197.44958038819067,one shared preloaded model
conv-42-qa-129,difference_prefix,1.821280384599679,19.603900000220165,137.11469999543624,158.53988038025608,one shared preloaded model
conv-42-qa-130,difference_prefix,1.821280384599679,20.05040000221925,298.7706999992952,320.6423803861141,one shared preloaded model
conv-42-qa-131,difference_prefix,1.821280384599679,13.364699996600393,589.175900000555,604.3618803817551,one shared preloaded model
conv-42-qa-132,difference_prefix,1.821280384599679,17.264199996134266,198.727199996938,217.81268037767194,one shared preloaded model
conv-42-qa-133,difference_prefix,1.821280384599679,14.557199996488634,124.20790000032866,140.58638038141697,one shared preloaded model
conv-42-qa-134,difference_prefix,1.821280384599679,12.77509999636095,216.35770000284538,230.954080383806,one shared preloaded model
conv-42-qa-135,difference_prefix,1.821280384599679,16.553899993596133,248.3773999992991,266.7525803774949,one shared preloaded model
conv-42-qa-136,difference_prefix,1.821280384599679,17.531800003780518,94.09869999944931,113.4517803878295,one shared preloaded model
conv-42-qa-137,difference_prefix,1.821280384599679,19.993200003227685,200.5596000017249,222.37408038955226,one shared preloaded model
conv-42-qa-138,difference_prefix,1.821280384599679,14.076100000238512,323.04629999998724,338.9436803848254,one shared preloaded model
conv-42-qa-139,difference_prefix,1.821280384599679,17.26090000011027,208.49830000224756,227.5804803869575,one shared preloaded model
conv-42-qa-140,difference_prefix,1.821280384599679,13.457599998218939,240.52149999624817,255.80038037906678,one shared preloaded model
conv-42-qa-141,difference_prefix,1.821280384599679,16.56609999918146,436.5089999992051,454.89638038298625,one shared preloaded model
conv-42-qa-142,difference_prefix,1.821280384599679,17.482200004451443,222.3969999977271,241.70048038677822,one shared preloaded model
conv-42-qa-143,difference_prefix,1.821280384599679,13.583400002971757,374.29539999720873,389.70008038478016,one shared preloaded model
conv-42-qa-144,difference_prefix,1.821280384599679,13.156100001651794,246.81019999843556,261.78758038468703,one shared preloaded model
conv-42-qa-145,difference_prefix,1.821280384599679,12.826199999835808,308.91970000084257,323.56718038527805,one shared preloaded model
conv-42-qa-146,difference_prefix,1.821280384599679,12.693600001512095,408.6728999973275,423.18778038343925,one shared preloaded model
conv-42-qa-147,difference_prefix,1.821280384599679,17.791799997212365,251.40839999949094,271.021480381303,one shared preloaded model
conv-42-qa-148,difference_prefix,1.821280384599679,13.568400005169678,153.79009999742266,169.179780387192,one shared preloaded model
conv-42-qa-149,difference_prefix,1.821280384599679,19.923399995604996,199.04529999621445,220.78998037641912,one shared preloaded model
conv-42-qa-150,difference_prefix,1.821280384599679,13.336099997104611,208.30850000493228,223.46588038663657,one shared preloaded model
conv-42-qa-151,difference_prefix,1.821280384599679,13.131399995472748,223.48309999506455,238.43578037513697,one shared preloaded model
conv-42-qa-152,difference_prefix,1.821280384599679,15.013500000350177,235.65059999964433,252.48538038459418,one shared preloaded model
conv-42-qa-153,difference_prefix,1.821280384599679,13.696100002562162,310.2613000010024,325.7786803881642,one shared preloaded model
conv-42-qa-154,difference_prefix,1.821280384599679,18.033899999863934,199.2711999992025,219.12638038366612,one shared preloaded model
conv-42-qa-155,difference_prefix,1.821280384599679,13.71810000273399,223.49750000284985,239.0368803901835,one shared preloaded model
conv-42-qa-156,difference_prefix,1.821280384599679,13.003600004594773,191.00569999864092,205.83058038783537,one shared preloaded model
conv-42-qa-157,difference_prefix,1.821280384599679,17.789199999242555,186.00169999990612,205.61218038374835,one shared preloaded model
conv-42-qa-158,difference_prefix,1.821280384599679,21.19939999829512,306.33600000146544,329.35668038436023,one shared preloaded model
conv-42-qa-159,difference_prefix,1.821280384599679,18.31059999676654,219.06110000418266,239.19298038554888,one shared preloaded model
conv-42-qa-160,difference_prefix,1.821280384599679,14.636100000643637,162.07610000128625,178.53348038652956,one shared preloaded model
conv-42-qa-161,difference_prefix,1.821280384599679,20.280500000808388,214.73049999622162,236.8322803816297,one shared preloaded model
conv-42-qa-162,difference_prefix,1.821280384599679,15.668000000005122,211.2697999982629,228.7590803828677,one shared preloaded model
conv-42-qa-163,difference_prefix,1.821280384599679,14.297299996542279,146.95369999390095,163.0722803750429,one shared preloaded model
conv-42-qa-164,difference_prefix,1.821280384599679,21.70040000055451,312.677399997483,336.1990803826372,one shared preloaded model
conv-42-qa-165,difference_prefix,1.821280384599679,13.660200005688239,406.69809999963036,422.17958038991827,one shared preloaded model
conv-42-qa-166,difference_prefix,1.821280384599679,17.470000006142072,159.24770000128774,178.5389803920295,one shared preloaded model
conv-42-qa-167,difference_prefix,1.821280384599679,18.448900002113078,211.5808000016841,231.85098038839686,one shared preloaded model
conv-42-qa-168,difference_prefix,1.821280384599679,14.111700002104044,170.02640000282554,185.95938038952926,one shared preloaded model
conv-42-qa-169,difference_prefix,1.821280384599679,19.858200001181103,432.26639999920735,453.94588038498813,one shared preloaded model
conv-42-qa-170,difference_prefix,1.821280384599679,17.486600001575425,764.8942000014358,784.202080387611,one shared preloaded model
conv-42-qa-171,difference_prefix,1.821280384599679,12.483099999371916,394.73200000065845,409.03638038463004,one shared preloaded model
conv-42-qa-172,difference_prefix,1.821280384599679,17.291199997998774,202.0191999981762,221.13168038077464,one shared preloaded model
conv-42-qa-173,difference_prefix,1.821280384599679,12.216300005093217,643.1897000002209,657.2272803899139,one shared preloaded model
conv-42-qa-174,difference_prefix,1.821280384599679,17.23570000467589,112.15939999965485,131.21638038893042,one shared preloaded model
conv-42-qa-175,difference_prefix,1.821280384599679,20.471600000746548,98.6678999979631,120.96078038330933,one shared preloaded model
conv-42-qa-176,difference_prefix,1.821280384599679,21.17530000396073,210.49739999580197,233.49398038436237,one shared preloaded model
conv-42-qa-177,difference_prefix,1.821280384599679,12.706200002867263,357.35980000026757,371.8872803877345,one shared preloaded model
conv-42-qa-178,difference_prefix,1.821280384599679,12.90339999832213,496.7174999983399,511.4421803812617,one shared preloaded model
conv-42-qa-179,difference_prefix,1.821280384599679,15.95199999428587,280.02489999926183,297.7981803781474,one shared preloaded model
conv-42-qa-180,difference_prefix,1.821280384599679,13.480400004482362,307.1171999981743,322.41888038725637,one shared preloaded model
conv-42-qa-181,difference_prefix,1.821280384599679,17.072999995434657,191.18670000170823,210.08098038174256,one shared preloaded model
conv-42-qa-182,difference_prefix,1.821280384599679,17.64309999998659,230.17909999907715,249.64348038366342,one shared preloaded model
conv-42-qa-183,difference_prefix,1.821280384599679,13.935800001490861,233.0331999983173,248.79028038440782,one shared preloaded model
conv-42-qa-184,difference_prefix,1.821280384599679,12.544299999717623,415.51759999856586,429.88318038288315,one shared preloaded model
conv-42-qa-185,difference_prefix,1.821280384599679,17.24409999587806,207.43970000330592,226.50508038378365,one shared preloaded model
conv-42-qa-186,difference_prefix,1.821280384599679,13.811300006636884,225.61259999929462,241.24518039053117,one shared preloaded model
conv-42-qa-187,difference_prefix,1.821280384599679,16.068500000983477,228.63580000557704,246.5255803911602,one shared preloaded model
conv-42-qa-188,difference_prefix,1.821280384599679,16.35559999704128,197.79030000063358,215.96718038227453,one shared preloaded model
conv-42-qa-189,difference_prefix,1.821280384599679,12.666200003877748,361.7216999991797,376.2091803876571,one shared preloaded model
conv-42-qa-190,difference_prefix,1.821280384599679,17.17110000026878,142.47269999759737,161.46508038246583,one shared preloaded model
conv-42-qa-191,difference_prefix,1.821280384599679,12.183499995444436,560.5447999987518,574.549580378796,one shared preloaded model
conv-42-qa-192,difference_prefix,1.821280384599679,12.742999999318272,208.16530000593048,222.72958038984842,one shared preloaded model
conv-42-qa-193,difference_prefix,1.821280384599679,14.673300000140443,218.90569999959553,235.40028038433564,one shared preloaded model
conv-42-qa-194,difference_prefix,1.821280384599679,12.75069999974221,334.67700000619516,349.24898039053704,one shared preloaded model
conv-42-qa-195,difference_prefix,1.821280384599679,13.334999996004626,182.40050000167685,197.55678038228115,one shared preloaded model
conv-42-qa-196,difference_prefix,1.821280384599679,20.007799997983966,199.74410000577336,221.573180388357,one shared preloaded model
conv-42-qa-197,difference_prefix,1.821280384599679,12.442500003089663,421.2848999959533,435.54868038364265,one shared preloaded model
conv-42-qa-198,difference_prefix,1.821280384599679,14.143799999146722,226.23169999860693,242.19678038235332,one shared preloaded model
conv-42-qa-199,difference_prefix,1.821280384599679,12.549300001410302,215.98760000051698,230.35818038652695,one shared preloaded model
conv-42-qa-200,difference_prefix,1.821280384599679,14.34270000027027,197.00429999647895,213.1682803813489,one shared preloaded model
conv-42-qa-201,difference_prefix,1.821280384599679,13.905200001318008,120.38029999530409,136.10678038122177,one shared preloaded model
conv-42-qa-202,difference_prefix,1.821280384599679,19.958800003223587,220.21989999484504,241.9999803826683,one shared preloaded model
conv-42-qa-203,difference_prefix,1.821280384599679,12.898999993922189,170.60250000213273,185.3227803806546,one shared preloaded model
conv-42-qa-204,difference_prefix,1.821280384599679,20.375200001581106,207.03739999589743,229.2338803820782,one shared preloaded model
conv-42-qa-205,difference_prefix,1.821280384599679,12.192100002721418,224.69520000595367,238.70858039327476,one shared preloaded model
conv-42-qa-206,difference_prefix,1.821280384599679,12.960300002305303,220.37019999697804,235.15178038388302,one shared preloaded model
conv-42-qa-207,difference_prefix,1.821280384599679,14.108399998804089,330.49120000214316,346.4208803855469,one shared preloaded model
conv-42-qa-208,difference_prefix,1.821280384599679,16.66519999707816,124.45640000078129,142.94288038245912,one shared preloaded model
conv-42-qa-209,difference_prefix,1.821280384599679,19.976700001279823,217.31589999399148,239.11388037987098,one shared preloaded model
conv-42-qa-210,difference_prefix,1.821280384599679,15.08099999773549,222.11239999887766,239.01468038121283,one shared preloaded model
conv-42-qa-211,difference_prefix,1.821280384599679,12.68290000007255,228.31090000545373,242.81508039012596,one shared preloaded model
conv-42-qa-212,difference_prefix,1.821280384599679,13.353499998629559,217.17999999964377,232.354780382873,one shared preloaded model
conv-42-qa-213,difference_prefix,1.821280384599679,15.671300003305078,470.9517000010237,488.44428038892846,one shared preloaded model
conv-42-qa-214,difference_prefix,1.821280384599679,16.837900002428796,227.37190000043483,246.0310803874633,one shared preloaded model
conv-42-qa-215,difference_prefix,1.821280384599679,13.24190000013914,182.32330000319052,197.38648038792934,one shared preloaded model
conv-42-qa-216,difference_prefix,1.821280384599679,20.80710000154795,225.47550000308547,248.1038803892331,one shared preloaded model
conv-42-qa-217,difference_prefix,1.821280384599679,13.843399996403605,213.4476999999606,229.11238038096388,one shared preloaded model
conv-42-qa-218,difference_prefix,1.821280384599679,17.283299996051937,215.78589999990072,234.89048038055233,one shared preloaded model
conv-42-qa-219,difference_prefix,1.821280384599679,14.363700000103563,209.43980000447482,225.62478038917806,one shared preloaded model
conv-42-qa-220,difference_prefix,1.821280384599679,13.625700004922692,216.42480000446085,231.87178039398322,one shared preloaded model
conv-42-qa-221,difference_prefix,1.821280384599679,12.729599999147467,413.3743999991566,427.92528038290374,one shared preloaded model
conv-42-qa-222,difference_prefix,1.821280384599679,16.864700002770405,228.21920000569662,246.9051803930667,one shared preloaded model
conv-42-qa-223,difference_prefix,1.821280384599679,13.158400004613213,200.1086000018404,215.08828039105327,one shared preloaded model
conv-42-qa-224,difference_prefix,1.821280384599679,12.964699999429286,223.8214999961201,238.60748038014907,one shared preloaded model
conv-42-qa-225,difference_prefix,1.821280384599679,13.97230000293348,227.45660000509815,243.2501803926313,one shared preloaded model
conv-42-qa-226,difference_prefix,1.821280384599679,13.825499998347368,107.94909999822266,123.5958803811697,one shared preloaded model
conv-42-qa-227,difference_prefix,1.821280384599679,20.14970000163885,221.1470999973244,243.11808038356293,one shared preloaded model
conv-42-qa-228,difference_prefix,1.821280384599679,14.581199997337535,216.84470000036526,233.24718038230247,one shared preloaded model
conv-42-qa-229,difference_prefix,1.821280384599679,15.679099997214507,203.31370000349125,220.81408038530543,one shared preloaded model
conv-42-qa-230,difference_prefix,1.821280384599679,14.363100002810825,236.2344000066514,252.4187803940619,one shared preloaded model
conv-42-qa-231,difference_prefix,1.821280384599679,12.669199997617397,202.0018999974127,216.49238037962976,one shared preloaded model
conv-42-qa-232,difference_prefix,1.821280384599679,14.84320000599837,229.64159999537515,246.3060803859732,one shared preloaded model
conv-42-qa-233,difference_prefix,1.821280384599679,13.724500000535045,478.69389999686973,494.23968038200445,one shared preloaded model
conv-42-qa-234,difference_prefix,1.821280384599679,13.665700003912207,227.60910000215517,243.09608039066705,one shared preloaded model
conv-42-qa-235,difference_prefix,1.821280384599679,16.687700001057237,279.43759999470785,297.94658038036476,one shared preloaded model
conv-42-qa-236,difference_prefix,1.821280384599679,13.47620000160532,206.48400000209222,221.7814803882972,one shared preloaded model
conv-42-qa-237,difference_prefix,1.821280384599679,12.938200001372024,226.10220000206027,240.86168038803197,one shared preloaded model
conv-42-qa-238,difference_prefix,1.821280384599679,16.59240000299178,305.2864999990561,323.70018038664756,one shared preloaded model
conv-42-qa-239,difference_prefix,1.821280384599679,16.96020000235876,150.6881999957841,169.46968038274252,one shared preloaded model
conv-42-qa-240,difference_prefix,1.821280384599679,20.552900001348462,559.8825000051875,582.2566803911357,one shared preloaded model
conv-42-qa-241,difference_prefix,1.821280384599679,13.693200002308004,225.86389999923995,241.37838038614763,one shared preloaded model
conv-42-qa-242,difference_prefix,1.821280384599679,16.891599996597506,334.3754000015906,353.0882803827878,one shared preloaded model
conv-42-qa-243,difference_prefix,1.821280384599679,17.09639999899082,207.135600001493,226.0532803850835,one shared preloaded model
conv-42-qa-244,difference_prefix,1.821280384599679,12.734199997794349,189.47990000015125,204.03538038254527,one shared preloaded model
conv-42-qa-245,difference_prefix,1.821280384599679,19.738500006496906,121.6065000044182,143.16628039551478,one shared preloaded model
conv-42-qa-246,difference_prefix,1.821280384599679,16.78860000538407,171.39850000239676,190.0083803923805,one shared preloaded model
conv-42-qa-247,difference_prefix,1.821280384599679,20.073200001206715,444.9377000055392,466.8321803913456,one shared preloaded model
conv-42-qa-248,difference_prefix,1.821280384599679,17.52190000115661,209.9480000033509,229.29118038910718,one shared preloaded model
conv-42-qa-249,difference_prefix,1.821280384599679,13.032500006374903,199.35659999464406,214.21038038561863,one shared preloaded model
conv-42-qa-250,difference_prefix,1.821280384599679,14.549100000294857,217.32110000448301,233.69148038937755,one shared preloaded model
conv-42-qa-251,difference_prefix,1.821280384599679,15.082699996128213,210.42909999960102,227.3330803803289,one shared preloaded model
conv-42-qa-252,difference_prefix,1.821280384599679,17.400799995812122,223.46120000293013,242.68328038334192,one shared preloaded model
conv-42-qa-253,difference_prefix,1.821280384599679,12.672299999394454,217.51500000391388,232.008580387908,one shared preloaded model
conv-42-qa-254,difference_prefix,1.821280384599679,12.801099997886922,843.3279000018956,857.9502803843823,one shared preloaded model
conv-42-qa-255,difference_prefix,1.821280384599679,12.57630000327481,233.71530000440544,248.11288039227992,one shared preloaded model
conv-42-qa-256,difference_prefix,1.821280384599679,14.710999996168539,196.01089999923715,212.54318038000537,one shared preloaded model
conv-42-qa-257,difference_prefix,1.821280384599679,18.120799999451265,230.33900000154972,250.28108038560066,one shared preloaded model
conv-42-qa-258,difference_prefix,1.821280384599679,13.813799996569287,220.20830000110436,235.84338038227332,one shared preloaded model
conv-42-qa-259,difference_prefix,1.821280384599679,14.520800003083423,223.04370000347262,239.38578039115572,one shared preloaded model
conv-43-qa-0,difference_prefix,2.351866115705054,21.581499997409992,1074.3970999974408,1098.3304661105558,one shared preloaded model
conv-43-qa-1,difference_prefix,2.351866115705054,15.227399999275804,227.06319999997504,244.6424661149559,one shared preloaded model
conv-43-qa-2,difference_prefix,2.351866115705054,13.962500001071021,130.49129999853903,146.80566611531512,one shared preloaded model
conv-43-qa-3,difference_prefix,2.351866115705054,21.924799999396782,226.72700000111945,251.0036661162213,one shared preloaded model
conv-43-qa-4,difference_prefix,2.351866115705054,13.226700000814162,265.96600000630133,281.5445661228205,one shared preloaded model
conv-43-qa-5,difference_prefix,2.351866115705054,19.05780000379309,231.53150000143796,252.94116612093612,one shared preloaded model
conv-43-qa-6,difference_prefix,2.351866115705054,16.209599998546764,104.0391999995336,122.60066611378541,one shared preloaded model
conv-43-qa-7,difference_prefix,2.351866115705054,21.053200005553663,99.5455000011134,122.95056612237211,one shared preloaded model
conv-43-qa-8,difference_prefix,2.351866115705054,21.710900000471156,220.3808999984176,244.4436661145938,one shared preloaded model
conv-43-qa-9,difference_prefix,2.351866115705054,13.220200002251659,217.48639999714214,233.05846611509887,one shared preloaded model
conv-43-qa-10,difference_prefix,2.351866115705054,13.212199999543373,345.0654000043869,360.6294661196353,one shared preloaded model
conv-43-qa-11,difference_prefix,2.351866115705054,14.546600003086496,227.59640000003856,244.49486611883012,one shared preloaded model
conv-43-qa-12,difference_prefix,2.351866115705054,17.895400000270456,212.85989999887533,233.10716611485086,one shared preloaded model
conv-43-qa-13,difference_prefix,2.351866115705054,13.242799999716226,267.8018999940832,283.3965661095045,one shared preloaded model
conv-43-qa-14,difference_prefix,2.351866115705054,17.970699998841155,172.21589999826392,192.53846611281014,one shared preloaded model
conv-43-qa-15,difference_prefix,2.351866115705054,22.264600003836676,194.7310000032303,219.34746612277203,one shared preloaded model
conv-43-qa-16,difference_prefix,2.351866115705054,18.202500003098976,130.33390000055078,150.88826611935482,one shared preloaded model
conv-43-qa-17,difference_prefix,2.351866115705054,21.409200002381112,123.33500000386266,147.09606612194884,one shared preloaded model
conv-43-qa-18,difference_prefix,2.351866115705054,21.068099995318335,221.22939999826485,244.64936610928825,one shared preloaded model
conv-43-qa-19,difference_prefix,2.351866115705054,15.156400004343595,355.65219999989495,373.1604661199436,one shared preloaded model
conv-43-qa-20,difference_prefix,2.351866115705054,18.855200003599748,228.1345000010333,249.34156612033811,one shared preloaded model
conv-43-qa-21,difference_prefix,2.351866115705054,16.74829999683425,185.16990000352962,204.27006611606893,one shared preloaded model
conv-43-qa-22,difference_prefix,2.351866115705054,21.530099998926744,483.57779999787454,507.4597661125063,one shared preloaded model
conv-43-qa-23,difference_prefix,2.351866115705054,17.471999999543186,152.69370000169147,172.51756611693972,one shared preloaded model
conv-43-qa-24,difference_prefix,2.351866115705054,21.684499995899387,206.9229999979143,230.95936610951875,one shared preloaded model
conv-43-qa-25,difference_prefix,2.351866115705054,15.693499997723848,229.25900000700494,247.30436612043385,one shared preloaded model
conv-43-qa-26,difference_prefix,2.351866115705054,13.217200001236051,229.65649999969173,245.22556611663285,one shared preloaded model
conv-43-qa-27,difference_prefix,2.351866115705054,13.993200002005324,287.3799000008148,303.7249661185252,one shared preloaded model
conv-43-qa-28,difference_prefix,2.351866115705054,13.947400002507493,597.6898000008077,613.9890661190203,one shared preloaded model
conv-43-qa-29,difference_prefix,2.351866115705054,20.479400001931936,175.9098999973503,198.7411661149873,one shared preloaded model
conv-43-qa-30,difference_prefix,2.351866115705054,19.098599994322285,203.84390000253916,225.2943661125665,one shared preloaded model
conv-43-qa-31,difference_prefix,2.351866115705054,15.56189999973867,120.07610000000568,137.98986611544942,one shared preloaded model
conv-43-qa-32,difference_prefix,2.351866115705054,22.461599997768644,202.52020000043558,227.3336661139093,one shared preloaded model
conv-43-qa-33,difference_prefix,2.351866115705054,16.14490000065416,166.757899998629,185.25466611498823,one shared preloaded model
conv-43-qa-34,difference_prefix,2.351866115705054,13.489299999491777,191.4048000035109,207.24596611870774,one shared preloaded model
conv-43-qa-35,difference_prefix,2.351866115705054,18.62030000484083,227.4509000053513,248.42306612589718,one shared preloaded model
conv-43-qa-36,difference_prefix,2.351866115705054,15.13649999833433,218.9418999987538,236.4302661127932,one shared preloaded model
conv-43-qa-37,difference_prefix,2.351866115705054,13.860099999874365,153.9076000044588,170.11956612003823,one shared preloaded model
conv-43-qa-38,difference_prefix,2.351866115705054,21.316700003808364,172.39340000378434,196.06196612329776,one shared preloaded model
conv-43-qa-39,difference_prefix,2.351866115705054,21.05229999870062,219.58830000221496,242.99246611662065,one shared preloaded model
conv-43-qa-40,difference_prefix,2.351866115705054,15.691100001276936,222.36100000009174,240.40396611707374,one shared preloaded model
conv-43-qa-41,difference_prefix,2.351866115705054,14.14370000566123,193.25360000220826,209.74916612357455,one shared preloaded model
conv-43-qa-42,difference_prefix,2.351866115705054,16.649999997753184,203.1390000047395,222.14086611819775,one shared preloaded model
conv-43-qa-43,difference_prefix,2.351866115705054,13.086699997074902,584.8532999953022,600.2918661080822,one shared preloaded model
conv-43-qa-44,difference_prefix,2.351866115705054,14.194000003044493,495.81920000491664,512.3650661236662,one shared preloaded model
conv-43-qa-45,difference_prefix,2.351866115705054,13.525500005926006,218.90919999714242,234.7865661187735,one shared preloaded model
conv-43-qa-46,difference_prefix,2.351866115705054,14.829900006589014,230.04679999576183,247.2285661180559,one shared preloaded model
conv-43-qa-47,difference_prefix,2.351866115705054,18.870599997171666,161.70019999844953,182.92266611132627,one shared preloaded model
conv-43-qa-48,difference_prefix,2.351866115705054,21.44189999671653,200.93880000058562,224.7325661130072,one shared preloaded model
conv-43-qa-49,difference_prefix,2.351866115705054,14.029799996933434,126.98580000142101,143.3674661140595,one shared preloaded model
conv-43-qa-50,difference_prefix,2.351866115705054,13.928100001066923,193.89740000042366,210.17736611719565,one shared preloaded model
conv-43-qa-51,difference_prefix,2.351866115705054,16.96549999905983,426.71250000421423,446.0298661189791,one shared preloaded model
conv-43-qa-52,difference_prefix,2.351866115705054,18.048399993858766,166.56720000173664,186.96746611130047,one shared preloaded model
conv-43-qa-53,difference_prefix,2.351866115705054,21.348900001612492,226.3738999972702,250.07466611458776,one shared preloaded model
conv-43-qa-54,difference_prefix,2.351866115705054,13.344700004381593,157.32050000224262,173.01706612232928,one shared preloaded model
conv-43-qa-55,difference_prefix,2.351866115705054,21.09309999650577,282.1311000006972,305.576066112908,one shared preloaded model
conv-43-qa-56,difference_prefix,2.351866115705054,17.84369999950286,475.20860000076937,495.40416611597726,one shared preloaded model
conv-43-qa-57,difference_prefix,2.351866115705054,17.84320000297157,139.05260000319686,159.2476661218735,one shared preloaded model
conv-43-qa-58,difference_prefix,2.351866115705054,20.936300003086217,472.69179999420885,495.9799661130001,one shared preloaded model
conv-43-qa-59,difference_prefix,2.351866115705054,18.13649999530753,424.7006999939913,445.18906610500386,one shared preloaded model
conv-43-qa-60,difference_prefix,2.351866115705054,13.180599999031983,499.4998999973177,515.0323661120548,one shared preloaded model
conv-43-qa-61,difference_prefix,2.351866115705054,19.119200005661696,858.5343000013381,880.0053661227049,one shared preloaded model
conv-43-qa-62,difference_prefix,2.351866115705054,18.423299996356945,320.9988999951747,341.7740661072367,one shared preloaded model
conv-43-qa-63,difference_prefix,2.351866115705054,14.59459999750834,167.05750000255648,184.00396611576988,one shared preloaded model
conv-43-qa-64,difference_prefix,2.351866115705054,20.82969999901252,121.80549999902723,144.98706611374482,one shared preloaded model
conv-43-qa-65,difference_prefix,2.351866115705054,20.932500003254972,222.26509999745758,245.54946611641762,one shared preloaded model
conv-43-qa-66,difference_prefix,2.351866115705054,13.702500000363216,224.3607999989763,240.41516611504457,one shared preloaded model
conv-43-qa-67,difference_prefix,2.351866115705054,17.37190000130795,172.00629999570083,191.73006611271384,one shared preloaded model
conv-43-qa-68,difference_prefix,2.351866115705054,15.655800001695752,462.6342999981716,480.6419661155724,one shared preloaded model
conv-43-qa-69,difference_prefix,2.351866115705054,18.308500002603978,179.20410000078846,199.8644661190975,one shared preloaded model
conv-43-qa-70,difference_prefix,2.351866115705054,21.7486999972607,207.21619999676477,231.31676610973054,one shared preloaded model
conv-43-qa-71,difference_prefix,2.351866115705054,15.447699996002484,204.7219000014593,222.52146611316684,one shared preloaded model
conv-43-qa-72,difference_prefix,2.351866115705054,13.43520000227727,172.92079999606358,188.7078661140459,one shared preloaded model
conv-43-qa-73,difference_prefix,2.351866115705054,21.096399999805726,531.2932999950135,554.7415661105243,one shared preloaded model
conv-43-qa-74,difference_prefix,2.351866115705054,18.602600001031533,257.6007000025129,278.55516611924946,one shared preloaded model
conv-43-qa-75,difference_prefix,2.351866115705054,13.354000002436806,206.93130000290694,222.6371661210488,one shared preloaded model
conv-43-qa-76,difference_prefix,2.351866115705054,15.814200000022538,395.1480000032461,413.3140661189737,one shared preloaded model
conv-43-qa-77,difference_prefix,2.351866115705054,13.360900004045106,160.6642000042484,176.37696612399859,one shared preloaded model
conv-43-qa-78,difference_prefix,2.351866115705054,21.331199997803196,340.6773999959114,364.36046610941963,one shared preloaded model
conv-43-qa-79,difference_prefix,2.351866115705054,15.74360000086017,447.4112000025343,465.5066661190995,one shared preloaded model
conv-43-qa-80,difference_prefix,2.351866115705054,18.403599999146536,103.78370000398718,124.53916611883876,one shared preloaded model
conv-43-qa-81,difference_prefix,2.351866115705054,16.27839999855496,140.29819999996107,158.9284661142211,one shared preloaded model
conv-43-qa-82,difference_prefix,2.351866115705054,20.95539999572793,151.8625000026077,175.1697661140407,one shared preloaded model
conv-43-qa-83,difference_prefix,2.351866115705054,21.273099999234546,224.00520000519464,247.63016612013425,one shared preloaded model
conv-43-qa-84,difference_prefix,2.351866115705054,19.076799995673355,255.93819999630796,277.36686610768635,one shared preloaded model
conv-43-qa-85,difference_prefix,2.351866115705054,14.316300002974458,212.03070000046864,228.69886611914816,one shared preloaded model
conv-43-qa-86,difference_prefix,2.351866115705054,15.237200001138262,138.55299999704584,156.14206611388917,one shared preloaded model
conv-43-qa-87,difference_prefix,2.351866115705054,20.898000002489425,513.7302000002819,536.9800661184764,one shared preloaded model
conv-43-qa-88,difference_prefix,2.351866115705054,18.33970000006957,219.469299998309,240.16086611408363,one shared preloaded model
conv-43-qa-89,difference_prefix,2.351866115705054,14.613600003940519,362.4232000001939,379.38866611983946,one shared preloaded model
conv-43-qa-90,difference_prefix,2.351866115705054,18.819800003257114,358.4928999989643,379.6645661179264,one shared preloaded model
conv-43-qa-91,difference_prefix,2.351866115705054,19.289199997729156,520.7846999983303,542.4257661117646,one shared preloaded model
conv-43-qa-92,difference_prefix,2.351866115705054,19.175800000084564,375.27330000011716,396.80096611590676,one shared preloaded model
conv-43-qa-93,difference_prefix,2.351866115705054,15.517799998633564,385.97260000096867,403.84226611530727,one shared preloaded model
conv-43-qa-94,difference_prefix,2.351866115705054,15.695699999923818,259.5454999973299,277.59306611295875,one shared preloaded model
conv-43-qa-95,difference_prefix,2.351866115705054,14.04000000184169,188.73549999989336,205.12736611744012,one shared preloaded model
conv-43-qa-96,difference_prefix,2.351866115705054,21.850999997695908,320.3824000011082,344.5852661145091,one shared preloaded model
conv-43-qa-97,difference_prefix,2.351866115705054,19.06550000421703,294.7634999945876,316.1808661145097,one shared preloaded model
conv-43-qa-98,difference_prefix,2.351866115705054,18.316400004550815,213.8381999975536,234.50646611780948,one shared preloaded model
conv-43-qa-99,difference_prefix,2.351866115705054,13.34330000099726,472.0804999960819,487.7756661127842,one shared preloaded model
conv-43-qa-100,difference_prefix,2.351866115705054,18.4748000028776,166.94490000372753,187.7715661223102,one shared preloaded model
conv-43-qa-101,difference_prefix,2.351866115705054,22.310699998342898,160.17690000444418,184.83946611849214,one shared preloaded model
conv-43-qa-102,difference_prefix,2.351866115705054,21.483700002136175,688.5774999973364,712.4130661151777,one shared preloaded model
conv-43-qa-103,difference_prefix,2.351866115705054,18.15329999953974,190.79830000555376,211.30346612079856,one shared preloaded model
conv-43-qa-104,difference_prefix,2.351866115705054,21.309399999154266,112.73529999743914,136.39656611229847,one shared preloaded model
conv-43-qa-105,difference_prefix,2.351866115705054,21.345900000596885,270.51829999982147,294.2160661161234,one shared preloaded model
conv-43-qa-106,difference_prefix,2.351866115705054,14.768799999728799,182.63060000026599,199.75126611569985,one shared preloaded model
conv-43-qa-107,difference_prefix,2.351866115705054,16.325500000675675,212.1404999998049,230.81786611618563,one shared preloaded model
conv-43-qa-108,difference_prefix,2.351866115705054,13.29010000335984,176.08849999669474,191.73046611575964,one shared preloaded model
conv-43-qa-109,difference_prefix,2.351866115705054,21.137800002179574,496.1888999969233,519.678566114808,one shared preloaded model
conv-43-qa-110,difference_prefix,2.351866115705054,18.803200000547804,227.9008999976213,249.05596611387418,one shared preloaded model
conv-43-qa-111,difference_prefix,2.351866115705054,14.798700001847465,159.37919999851147,176.529766116064,one shared preloaded model
conv-43-qa-112,difference_prefix,2.351866115705054,14.799099997617304,185.09800000174437,202.24896611506674,one shared preloaded model
conv-43-qa-113,difference_prefix,2.351866115705054,20.77899999858346,217.3871000049985,240.51796611928702,one shared preloaded model
conv-43-qa-114,difference_prefix,2.351866115705054,14.15679999627173,177.7455000046757,194.2541661166525,one shared preloaded model
conv-43-qa-115,difference_prefix,2.351866115705054,21.56979999563191,355.5508999997983,379.4725661111352,one shared preloaded model
conv-43-qa-116,difference_prefix,2.351866115705054,17.950500005099457,488.1861000030767,508.4884661238812,one shared preloaded model
conv-43-qa-117,difference_prefix,2.351866115705054,18.82179999665823,221.28669999801787,242.46036611038116,one shared preloaded model
conv-43-qa-118,difference_prefix,2.351866115705054,13.72560000163503,230.19510000449372,246.27256612183382,one shared preloaded model
conv-43-qa-119,difference_prefix,2.351866115705054,14.193599999998696,409.73220000159927,426.277666117303,one shared preloaded model
conv-43-qa-120,difference_prefix,2.351866115705054,18.495100004656706,224.8567000060575,245.70366612641928,one shared preloaded model
conv-43-qa-121,difference_prefix,2.351866115705054,15.728599995782133,408.22830000252,426.30876611400714,one shared preloaded model
conv-43-qa-122,difference_prefix,2.351866115705054,18.15350000106264,313.58170000021346,334.08706611698113,one shared preloaded model
conv-43-qa-123,difference_prefix,2.351866115705054,18.09559999674093,153.61829999892507,174.06576611137106,one shared preloaded model
conv-43-qa-124,difference_prefix,2.351866115705054,19.705500002601184,176.44270000164397,198.50006611995022,one shared preloaded model
conv-43-qa-125,difference_prefix,2.351866115705054,13.168400000722613,434.45140000403626,449.9716661204639,one shared preloaded model
conv-43-qa-126,difference_prefix,2.351866115705054,14.35959999798797,687.0229999985895,703.7344661122826,one shared preloaded model
conv-43-qa-127,difference_prefix,2.351866115705054,18.703299996559508,135.28679999581072,156.3419661080753,one shared preloaded model
conv-43-qa-128,difference_prefix,2.351866115705054,21.135400005732663,185.93809999583755,209.42536611727527,one shared preloaded model
conv-43-qa-129,difference_prefix,2.351866115705054,17.222599999513477,279.3034999995143,298.8779661147328,one shared preloaded model
conv-43-qa-130,difference_prefix,2.351866115705054,15.417399998113979,356.9583999997121,374.72766611353114,one shared preloaded model
conv-43-qa-131,difference_prefix,2.351866115705054,19.228600001952145,284.1833000056795,305.76376612333667,one shared preloaded model
conv-43-qa-132,difference_prefix,2.351866115705054,17.79759999772068,396.0522000052151,416.20166611864084,one shared preloaded model
conv-43-qa-133,difference_prefix,2.351866115705054,19.2276999950991,615.9140999952797,637.4936661060839,one shared preloaded model
conv-43-qa-134,difference_prefix,2.351866115705054,18.629599995620083,222.88290000142297,243.86436611274812,one shared preloaded model
conv-43-qa-135,difference_prefix,2.351866115705054,14.343299997563008,282.7971000006073,299.49226611387536,one shared preloaded model
conv-43-qa-136,difference_prefix,2.351866115705054,14.743600004294422,437.34109999786597,454.4365661178654,one shared preloaded model
conv-43-qa-137,difference_prefix,2.351866115705054,18.836800001736265,219.4173999960185,240.60606611345983,one shared preloaded model
conv-43-qa-138,difference_prefix,2.351866115705054,15.057299999170937,650.7999000023119,668.209066117188,one shared preloaded model
conv-43-qa-139,difference_prefix,2.351866115705054,15.912999995634891,228.7780999977258,247.04296610906576,one shared preloaded model
conv-43-qa-140,difference_prefix,2.351866115705054,18.347700002777856,286.9643999947584,307.6639661132413,one shared preloaded model
conv-43-qa-141,difference_prefix,2.351866115705054,13.920400000642985,221.72119999595452,237.99346611230257,one shared preloaded model
conv-43-qa-142,difference_prefix,2.351866115705054,15.99279999936698,510.43480000225827,528.7794661173303,one shared preloaded model
conv-43-qa-143,difference_prefix,2.351866115705054,14.877199995680712,168.8607999967644,186.08986610815018,one shared preloaded model
conv-43-qa-144,difference_prefix,2.351866115705054,18.805500003509223,260.2857000019867,281.44306612120096,one shared preloaded model
conv-43-qa-145,difference_prefix,2.351866115705054,18.300199997611344,404.1349999970407,424.7870661103571,one shared preloaded model
conv-43-qa-146,difference_prefix,2.351866115705054,18.72189999994589,275.075099998503,296.1488661141539,one shared preloaded model
conv-43-qa-147,difference_prefix,2.351866115705054,15.974900001310743,140.1287999979104,158.4555661149262,one shared preloaded model
conv-43-qa-148,difference_prefix,2.351866115705054,22.063700002036057,178.03709999861894,202.45266611636006,one shared preloaded model
conv-43-qa-149,difference_prefix,2.351866115705054,14.135099998384248,213.2694000029005,229.75636611698982,one shared preloaded model
conv-43-qa-150,difference_prefix,2.351866115705054,16.060500005551148,248.0959999957122,266.5083661169684,one shared preloaded model
conv-43-qa-151,difference_prefix,2.351866115705054,18.813299997418653,216.1677000040072,237.33286611713092,one shared preloaded model
conv-43-qa-152,difference_prefix,2.351866115705054,18.237699994642753,234.99399999855086,255.58356610889868,one shared preloaded model
conv-43-qa-153,difference_prefix,2.351866115705054,18.708299998252187,768.8890999997966,789.9492661137539,one shared preloaded model
conv-43-qa-154,difference_prefix,2.351866115705054,18.44120000168914,159.67999999702442,180.47306611441863,one shared preloaded model
conv-43-qa-155,difference_prefix,2.351866115705054,21.348800000851043,101.48630000185221,125.18696611840831,one shared preloaded model
conv-43-qa-156,difference_prefix,2.351866115705054,21.055699995486066,195.86890000209678,219.2764661132879,one shared preloaded model
conv-43-qa-157,difference_prefix,2.351866115705054,19.265499999164604,221.77250000095228,243.38986611582195,one shared preloaded model
conv-43-qa-158,difference_prefix,2.351866115705054,13.356100003875326,157.5070000035339,173.2149661231143,one shared preloaded model
conv-43-qa-159,difference_prefix,2.351866115705054,19.58330000343267,153.63300000171876,175.5681661208565,one shared preloaded model
conv-43-qa-160,difference_prefix,2.351866115705054,16.235499999311287,178.01870000403142,196.60606611904777,one shared preloaded model
conv-43-qa-161,difference_prefix,2.351866115705054,21.489499995368533,615.9121000018786,639.7534661129522,one shared preloaded model
conv-43-qa-162,difference_prefix,2.351866115705054,13.55679999687709,217.7914999992936,233.70016611187575,one shared preloaded model
conv-43-qa-163,difference_prefix,2.351866115705054,16.390899996622466,114.61430000053952,133.35706611286705,one shared preloaded model
conv-43-qa-164,difference_prefix,2.351866115705054,21.046999994723592,93.90759999951115,117.30646610993979,one shared preloaded model
conv-43-qa-165,difference_prefix,2.351866115705054,21.697299998777453,1079.010899993591,1103.0600661080734,one shared preloaded model
conv-43-qa-166,difference_prefix,2.351866115705054,14.221699995687231,242.1569000071031,258.73046611849537,one shared preloaded model
conv-43-qa-167,difference_prefix,2.351866115705054,13.749000005191192,190.38600000203587,206.48686612293213,one shared preloaded model
conv-43-qa-168,difference_prefix,2.351866115705054,21.571399993263185,524.3216000017128,548.2448661106811,one shared preloaded model
conv-43-qa-169,difference_prefix,2.351866115705054,18.771700000797864,381.08959999954095,402.21316611604385,one shared preloaded model
conv-43-qa-170,difference_prefix,2.351866115705054,14.21160000609234,308.4478999953717,325.0113661171691,one shared preloaded model
conv-43-qa-171,difference_prefix,2.351866115705054,14.726300003530923,321.1260000025504,338.2041661217864,one shared preloaded model
conv-43-qa-172,difference_prefix,2.351866115705054,18.386800002190284,172.00140000204556,192.7400661199409,one shared preloaded model
conv-43-qa-173,difference_prefix,2.351866115705054,21.62289999978384,163.2303000005777,187.2050661160666,one shared preloaded model
conv-43-qa-174,difference_prefix,2.351866115705054,21.080599995912053,213.62900000531226,237.06146611692938,one shared preloaded model
conv-43-qa-175,difference_prefix,2.351866115705054,16.94100000167964,236.059099996055,255.35196611343972,one shared preloaded model
conv-43-qa-176,difference_prefix,2.351866115705054,18.131199998606462,143.9890000037849,164.47206611809642,one shared preloaded model
conv-43-qa-177,difference_prefix,2.351866115705054,21.665699998266064,208.45980000012787,232.477366114099,one shared preloaded model
conv-43-qa-178,difference_prefix,2.351866115705054,13.705400000617374,219.94790000462672,236.00516612094916,one shared preloaded model
conv-43-qa-179,difference_prefix,2.351866115705054,14.259499999752734,192.477600001439,209.08896611689678,one shared preloaded model
conv-43-qa-180,difference_prefix,2.351866115705054,18.730600000708364,204.80109999334672,225.88356610976015,one shared preloaded model
conv-43-qa-181,difference_prefix,2.351866115705054,13.134000000718515,222.23859999940032,237.7244661158239,one shared preloaded model
conv-43-qa-182,difference_prefix,2.351866115705054,14.480099998763762,235.05780000414234,251.88976611861116,one shared preloaded model
conv-43-qa-183,difference_prefix,2.351866115705054,18.283599994902033,144.3991999985883,165.0346661091954,one shared preloaded model
conv-43-qa-184,difference_prefix,2.351866115705054,21.435100003145635,218.17059999739286,241.95756611624356,one shared preloaded model
conv-43-qa-185,difference_prefix,2.351866115705054,13.199300003179815,197.04620000266004,212.59736612154492,one shared preloaded model
conv-43-qa-186,difference_prefix,2.351866115705054,14.60149999911664,200.75139999971725,217.70476611453896,one shared preloaded model
conv-43-qa-187,difference_prefix,2.351866115705054,13.533099998312537,233.50760000175796,249.39256611577557,one shared preloaded model
conv-43-qa-188,difference_prefix,2.351866115705054,18.703900001128204,227.98360000160756,249.03936611844082,one shared preloaded model
conv-43-qa-189,difference_prefix,2.351866115705054,13.780799999949522,223.88530000171158,240.01796611736617,one shared preloaded model
conv-43-qa-190,difference_prefix,2.351866115705054,13.46180000109598,222.42389999883017,238.2375661156312,one shared preloaded model
conv-43-qa-191,difference_prefix,2.351866115705054,13.852100004442036,222.10339999583084,238.30736611597794,one shared preloaded model
conv-43-qa-192,difference_prefix,2.351866115705054,15.638500000932254,467.7508999957354,485.74126611237267,one shared preloaded model
conv-43-qa-193,difference_prefix,2.351866115705054,18.55269999941811,294.258500005526,315.16306612064915,one shared preloaded model
conv-43-qa-194,difference_prefix,2.351866115705054,18.514799994591158,414.54459999658866,435.41126610688485,one shared preloaded model
conv-43-qa-195,difference_prefix,2.351866115705054,18.084099996485747,326.8004999990808,347.23646611127157,one shared preloaded model
conv-43-qa-196,difference_prefix,2.351866115705054,17.57740000175545,211.0649000023841,230.9941661198446,one shared preloaded model
conv-43-qa-197,difference_prefix,2.351866115705054,15.710599996964447,154.64139999676263,172.70386610943214,one shared preloaded model
conv-43-qa-198,difference_prefix,2.351866115705054,21.126200001162942,220.38310000061756,243.86116611748557,one shared preloaded model
conv-43-qa-199,difference_prefix,2.351866115705054,14.835100002528634,230.83090000000084,248.01786611823454,one shared preloaded model
conv-43-qa-200,difference_prefix,2.351866115705054,13.249499999801628,764.9654999986524,780.5668661141591,one shared preloaded model
conv-43-qa-201,difference_prefix,2.351866115705054,18.59849999891594,175.5868999971426,196.5372661117636,one shared preloaded model
conv-43-qa-202,difference_prefix,2.351866115705054,21.05969999684021,171.80099999677623,195.2125661093215,one shared preloaded model
conv-43-qa-203,difference_prefix,2.351866115705054,21.46560000255704,218.3690000019851,242.18646612024722,one shared preloaded model
conv-43-qa-204,difference_prefix,2.351866115705054,16.675500002747867,229.1560000012396,248.18336611969252,one shared preloaded model
conv-43-qa-205,difference_prefix,2.351866115705054,18.6323000016273,212.9131999972742,233.89736611460657,one shared preloaded model
conv-43-qa-206,difference_prefix,2.351866115705054,15.920899997581728,179.45009999675676,197.72286611004355,one shared preloaded model
conv-43-qa-207,difference_prefix,2.351866115705054,22.010699998645578,740.7569999995758,765.1195661139265,one shared preloaded model
conv-43-qa-208,difference_prefix,2.351866115705054,18.938699999125674,227.5835999971605,248.87416611199123,one shared preloaded model
conv-43-qa-209,difference_prefix,2.351866115705054,14.045399999304209,539.7496000005049,556.1468661155142,one shared preloaded model
conv-43-qa-210,difference_prefix,2.351866115705054,19.00690000184113,236.1419999942882,257.50076611183437,one shared preloaded model
conv-43-qa-211,difference_prefix,2.351866115705054,15.553099998214748,227.35899999679532,245.26396611071513,one shared preloaded model
conv-43-qa-212,difference_prefix,2.351866115705054,13.954100002592895,210.59690000402043,226.9028661223184,one shared preloaded model
conv-43-qa-213,difference_prefix,2.351866115705054,14.522900004521944,679.3513000011444,696.2260661213714,one shared preloaded model
conv-43-qa-214,difference_prefix,2.351866115705054,16.75960000284249,204.89430000452558,224.00576612307313,one shared preloaded model
conv-43-qa-215,difference_prefix,2.351866115705054,20.2385000011418,192.54029999865452,215.13066611550138,one shared preloaded model
conv-43-qa-216,difference_prefix,2.351866115705054,18.878099996072706,175.00979999749688,196.23976610927465,one shared preloaded model
conv-43-qa-217,difference_prefix,2.351866115705054,23.31180000328459,219.53729999950156,245.2009661184912,one shared preloaded model
conv-43-qa-218,difference_prefix,2.351866115705054,16.843099998368416,212.9586000010022,232.15356611507568,one shared preloaded model
conv-43-qa-219,difference_prefix,2.351866115705054,13.74029999715276,221.5005999969435,237.59276610980132,one shared preloaded model
conv-43-qa-220,difference_prefix,2.351866115705054,16.576899994106498,264.67959999718005,283.6083661069916,one shared preloaded model
conv-43-qa-221,difference_prefix,2.351866115705054,16.187299996090587,218.53379999811295,237.0729661099086,one shared preloaded model
conv-43-qa-222,difference_prefix,2.351866115705054,15.822000001207925,231.25940000318224,249.43326612009523,one shared preloaded model
conv-43-qa-223,difference_prefix,2.351866115705054,18.040299997664988,163.58449999825098,183.97666611162103,one shared preloaded model
conv-43-qa-224,difference_prefix,2.351866115705054,21.44129999942379,146.33510000567185,170.1282661208007,one shared preloaded model
conv-43-qa-225,difference_prefix,2.351866115705054,22.200299994437955,271.5002999975695,296.0524661077125,one shared preloaded model
conv-43-qa-226,difference_prefix,2.351866115705054,15.347699998528697,230.9010999961174,248.60066611035117,one shared preloaded model
conv-43-qa-227,difference_prefix,2.351866115705054,15.815400001883972,115.08979999780422,133.25706611539326,one shared preloaded model
conv-43-qa-228,difference_prefix,2.351866115705054,22.28820000163978,805.2575000037905,829.8975661211354,one shared preloaded model
conv-43-qa-229,difference_prefix,2.351866115705054,18.341100003453903,220.92659999907482,241.6195661182338,one shared preloaded model
conv-43-qa-230,difference_prefix,2.351866115705054,13.56090000626864,188.30380000144942,204.21656612342312,one shared preloaded model
conv-43-qa-231,difference_prefix,2.351866115705054,20.94010000291746,160.19880000385456,183.49076612247708,one shared preloaded model
conv-43-qa-232,difference_prefix,2.351866115705054,21.668000001227483,215.3660999974818,239.38596611441434,one shared preloaded model
conv-43-qa-233,difference_prefix,2.351866115705054,13.700200004677754,237.3994000008679,253.45146612125072,one shared preloaded model
conv-43-qa-234,difference_prefix,2.351866115705054,14.829699997790158,106.08909999427851,123.27066610777372,one shared preloaded model
conv-43-qa-235,difference_prefix,2.351866115705054,22.014299996953923,193.67020000208868,218.03636611474766,one shared preloaded model
conv-43-qa-236,difference_prefix,2.351866115705054,17.685799997707363,543.7184000038542,563.7560661172666,one shared preloaded model
conv-43-qa-237,difference_prefix,2.351866115705054,13.890199996239971,324.7639000037452,341.0059661156902,one shared preloaded model
conv-43-qa-238,difference_prefix,2.351866115705054,20.044600001710933,232.05240000243066,254.44886611984666,one shared preloaded model
conv-43-qa-239,difference_prefix,2.351866115705054,18.21129999734694,187.58040000102483,208.14356611407683,one shared preloaded model
conv-43-qa-240,difference_prefix,2.351866115705054,21.33700000558747,210.5974999940372,234.28636611532974,one shared preloaded model
conv-43-qa-241,difference_prefix,2.351866115705054,13.654200003657024,230.25050000433112,246.2565661236932,one shared preloaded model
conv-44-qa-0,difference_prefix,3.4947360759303328,15.66129999991972,213.45339999970747,232.60943607555754,one shared preloaded model
conv-44-qa-1,difference_prefix,3.4947360759303328,13.47879999957513,480.0401000029524,497.01363607845786,one shared preloaded model
conv-44-qa-2,difference_prefix,3.4947360759303328,16.720200001145713,235.96579999866663,256.1807360757427,one shared preloaded model
conv-44-qa-3,difference_prefix,3.4947360759303328,13.500499997462612,206.53670000319835,223.5319360765913,one shared preloaded model
conv-44-qa-4,difference_prefix,3.4947360759303328,13.776700005109888,215.11260000261245,232.3840360836527,one shared preloaded model
conv-44-qa-5,difference_prefix,3.4947360759303328,12.550499995995779,482.00399999768706,498.0492360696132,one shared preloaded model
conv-44-qa-6,difference_prefix,3.4947360759303328,17.759700000169687,216.74379999603843,237.99823607213847,one shared preloaded model
conv-44-qa-7,difference_prefix,3.4947360759303328,13.38229999964824,219.97839999676216,236.85543607234075,one shared preloaded model
conv-44-qa-8,difference_prefix,3.4947360759303328,13.579500002379064,212.23319999990053,229.30743607820995,one shared preloaded model
conv-44-qa-9,difference_prefix,3.4947360759303328,17.695199996524025,219.87150000495603,241.0614360774104,one shared preloaded model
conv-44-qa-10,difference_prefix,3.4947360759303328,17.4708999984432,479.8536999951466,500.81933606952015,one shared preloaded model
conv-44-qa-11,difference_prefix,3.4947360759303328,17.428600003768224,491.1606000023312,512.0839360820297,one shared preloaded model
conv-44-qa-12,difference_prefix,3.4947360759303328,15.521100001933519,214.2842000030214,233.30003608088526,one shared preloaded model
conv-44-qa-13,difference_prefix,3.4947360759303328,15.216299994790461,224.1996000011568,242.9106360718776,one shared preloaded model
conv-44-qa-14,difference_prefix,3.4947360759303328,16.514999995706603,346.86969999893336,366.8794360705703,one shared preloaded model
conv-44-qa-15,difference_prefix,3.4947360759303328,14.85060000413796,237.02469999989262,255.37003607996093,one shared preloaded model
conv-44-qa-16,difference_prefix,3.4947360759303328,15.134500004933216,204.74700000340817,223.37623608427174,one shared preloaded model
conv-44-qa-17,difference_prefix,3.4947360759303328,17.23419999325415,219.63959999993676,240.36853606912126,one shared preloaded model
conv-44-qa-18,difference_prefix,3.4947360759303328,13.625299994600937,225.64730000158306,242.76733607211435,one shared preloaded model
conv-44-qa-19,difference_prefix,3.4947360759303328,18.24990000022808,249.27089999982854,271.015536075987,one shared preloaded model
conv-44-qa-20,difference_prefix,3.4947360759303328,15.761799993924797,202.76700000249548,222.02353607235062,one shared preloaded model
conv-44-qa-21,difference_prefix,3.4947360759303328,12.863700001616962,161.1376000000746,177.4960360776219,one shared preloaded model
conv-44-qa-22,difference_prefix,3.4947360759303328,20.887600003334228,113.14480000146432,137.5271360807289,one shared preloaded model
conv-44-qa-23,difference_prefix,3.4947360759303328,20.87790000223322,218.07670000271173,242.4493360808753,one shared preloaded model
conv-44-qa-24,difference_prefix,3.4947360759303328,13.43960000667721,223.60450000269338,240.53883608530094,one shared preloaded model
conv-44-qa-25,difference_prefix,3.4947360759303328,18.09019999927841,226.69670000323094,248.2816360784397,one shared preloaded model
conv-44-qa-26,difference_prefix,3.4947360759303328,17.81230000051437,354.17600000073435,375.48303607717907,one shared preloaded model
conv-44-qa-27,difference_prefix,3.4947360759303328,17.2582999948645,226.90609999699518,247.65913606779003,one shared preloaded model
conv-44-qa-28,difference_prefix,3.4947360759303328,13.186899996071588,225.48969999479596,242.1713360667979,one shared preloaded model
conv-44-qa-29,difference_prefix,3.4947360759303328,16.160599996510427,306.75889999838546,326.41423607082623,one shared preloaded model
conv-44-qa-30,difference_prefix,3.4947360759303328,13.799899999867193,144.4601999974111,161.75483607320865,one shared preloaded model
conv-44-qa-31,difference_prefix,3.4947360759303328,20.69909999408992,162.90659999503987,187.10043606506014,one shared preloaded model
conv-44-qa-32,difference_prefix,3.4947360759303328,17.85360000212677,304.3182999972487,325.6666360753058,one shared preloaded model
conv-44-qa-33,difference_prefix,3.4947360759303328,19.354700001713354,211.6561000002548,234.5055360778985,one shared preloaded model
conv-44-qa-34,difference_prefix,3.4947360759303328,13.204499999119435,228.08210000221152,244.7813360772613,one shared preloaded model
conv-44-qa-35,difference_prefix,3.4947360759303328,15.292900003260002,224.00860000198008,242.79623608117043,one shared preloaded model
conv-44-qa-36,difference_prefix,3.4947360759303328,12.88600000407314,164.8088000001735,181.189536080177,one shared preloaded model
conv-44-qa-37,difference_prefix,3.4947360759303328,20.81249999901047,492.785599999479,517.0928360744198,one shared preloaded model
conv-44-qa-38,difference_prefix,3.4947360759303328,14.45409999723779,533.3421000032104,551.2909360763784,one shared preloaded model
conv-44-qa-39,difference_prefix,3.4947360759303328,13.526800001272932,210.61800000461517,227.63953608181845,one shared preloaded model
conv-44-qa-40,difference_prefix,3.4947360759303328,14.622199996665586,179.85780000162777,197.9747360742237,one shared preloaded model
conv-44-qa-41,difference_prefix,3.4947360759303328,20.939699999871664,338.99039999960223,363.42483607540424,one shared preloaded model
conv-44-qa-42,difference_prefix,3.4947360759303328,14.200100005837157,219.83129999716766,237.52613607893517,one shared preloaded model
conv-44-qa-43,difference_prefix,3.4947360759303328,13.039400000707246,232.72290000022622,249.2570360768638,one shared preloaded model
conv-44-qa-44,difference_prefix,3.4947360759303328,14.351199999509845,239.95819999981904,257.80413607525924,one shared preloaded model
conv-44-qa-45,difference_prefix,3.4947360759303328,17.709799998556264,218.54919999896083,239.75373607344744,one shared preloaded model
conv-44-qa-46,difference_prefix,3.4947360759303328,13.4570000009262,215.32960000331514,232.28133608017168,one shared preloaded model
conv-44-qa-47,difference_prefix,3.4947360759303328,16.28109999728622,230.436899997585,250.21273607080155,one shared preloaded model
conv-44-qa-48,difference_prefix,3.4947360759303328,17.955499999516178,244.43750000500586,265.8877360804524,one shared preloaded model
conv-44-qa-49,difference_prefix,3.4947360759303328,13.005300002987497,121.51779999840073,138.01783607731858,one shared preloaded model
conv-44-qa-50,difference_prefix,3.4947360759303328,21.052700001746416,531.4149000041652,555.962336081842,one shared preloaded model
conv-44-qa-51,difference_prefix,3.4947360759303328,17.706999999063555,306.059099995764,327.2608360707579,one shared preloaded model
conv-44-qa-52,difference_prefix,3.4947360759303328,18.73399999749381,194.02509999781614,216.2538360712403,one shared preloaded model
conv-44-qa-53,difference_prefix,3.4947360759303328,14.333500002976507,212.59080000163522,230.41903608054207,one shared preloaded model
conv-44-qa-54,difference_prefix,3.4947360759303328,13.223300004028715,119.33200000203215,136.0500360819912,one shared preloaded model
conv-44-qa-55,difference_prefix,3.4947360759303328,15.533699996012729,212.46989999781363,231.4983360697567,one shared preloaded model
conv-44-qa-56,difference_prefix,3.4947360759303328,13.178599998354912,232.18880000058562,248.86213607487088,one shared preloaded model
conv-44-qa-57,difference_prefix,3.4947360759303328,15.324299994972534,485.63840000133496,504.45743607223784,one shared preloaded model
conv-44-qa-58,difference_prefix,3.4947360759303328,17.624200001591817,219.13479999784613,240.2537360753683,one shared preloaded model
conv-44-qa-59,difference_prefix,3.4947360759303328,15.396000002510846,234.02450000139652,252.9152360798377,one shared preloaded model
conv-44-qa-60,difference_prefix,3.4947360759303328,17.683499994745944,231.82319999614265,253.00143606681894,one shared preloaded model
conv-44-qa-61,difference_prefix,3.4947360759303328,12.589899997692555,215.87800000270363,231.96263607632653,one shared preloaded model
conv-44-qa-62,difference_prefix,3.4947360759303328,14.579299997421913,271.9859999997425,290.06003607309475,one shared preloaded model
conv-44-qa-63,difference_prefix,3.4947360759303328,13.63590000255499,221.29299999505747,238.4236360735428,one shared preloaded model
conv-44-qa-64,difference_prefix,3.4947360759303328,13.261600004625507,236.54829999577487,253.30463607633072,one shared preloaded model
conv-44-qa-65,difference_prefix,3.4947360759303328,12.901100002636667,585.9912000014447,602.3870360800116,one shared preloaded model
conv-44-qa-66,difference_prefix,3.4947360759303328,15.369500004453585,151.85339999879943,170.71763607918336,one shared preloaded model
conv-44-qa-67,difference_prefix,3.4947360759303328,22.035800000594463,244.10879999777535,269.63933607430016,one shared preloaded model
conv-44-qa-68,difference_prefix,3.4947360759303328,12.873300001956522,395.762600004673,412.1306360825599,one shared preloaded model
conv-44-qa-69,difference_prefix,3.4947360759303328,18.146300004445948,209.6109999984037,231.25203607878,one shared preloaded model
conv-44-qa-70,difference_prefix,3.4947360759303328,13.610400004836265,192.34190000133822,209.44703608210483,one shared preloaded model
conv-44-qa-71,difference_prefix,3.4947360759303328,17.387899999448564,217.45630000077654,238.33893607615545,one shared preloaded model
conv-44-qa-72,difference_prefix,3.4947360759303328,13.080800003081094,618.5803999978816,635.155936076893,one shared preloaded model
conv-44-qa-73,difference_prefix,3.4947360759303328,17.811500001698732,221.85000000172295,243.15623607935203,one shared preloaded model
conv-44-qa-74,difference_prefix,3.4947360759303328,13.102299999445677,206.42419999785488,223.0212360732309,one shared preloaded model
conv-44-qa-75,difference_prefix,3.4947360759303328,13.388600003963802,326.79469999857247,343.6780360784666,one shared preloaded model
conv-44-qa-76,difference_prefix,3.4947360759303328,13.834199999109842,297.6949000003515,315.02383607539167,one shared preloaded model
conv-44-qa-77,difference_prefix,3.4947360759303328,18.633700005011633,669.4158999962383,691.5443360771802,one shared preloaded model
conv-44-qa-78,difference_prefix,3.4947360759303328,13.841599997249432,250.3324000063003,267.6687360794801,one shared preloaded model
conv-44-qa-79,difference_prefix,3.4947360759303328,13.566699999500997,202.71229999343632,219.77373606886766,one shared preloaded model
conv-44-qa-80,difference_prefix,3.4947360759303328,18.17519999895012,184.3910000025062,206.06093607738666,one shared preloaded model
conv-44-qa-81,difference_prefix,3.4947360759303328,22.14040000399109,235.62849999871105,261.2636360786325,one shared preloaded model
conv-44-qa-82,difference_prefix,3.4947360759303328,14.397300001292024,105.09939999610651,122.99143607332887,one shared preloaded model
conv-44-qa-83,difference_prefix,3.4947360759303328,21.363299994845875,1616.2541000012425,1641.1121360720188,one shared preloaded model
conv-44-qa-84,difference_prefix,3.4947360759303328,14.00640000065323,1380.610500003968,1398.1116360805515,one shared preloaded model
conv-44-qa-85,difference_prefix,3.4947360759303328,18.85539999784669,176.40570000367006,198.7558360774471,one shared preloaded model
conv-44-qa-86,difference_prefix,3.4947360759303328,12.926199997309595,218.65279999474296,235.0737360679829,one shared preloaded model
conv-44-qa-87,difference_prefix,3.4947360759303328,14.271599997300655,222.33129999949597,240.09763607272697,one shared preloaded model
conv-44-qa-88,difference_prefix,3.4947360759303328,14.606599994294811,835.0466999982018,853.1480360684269,one shared preloaded model
conv-44-qa-89,difference_prefix,3.4947360759303328,14.251799999328796,343.9016999982414,361.6482360735005,one shared preloaded model
conv-44-qa-90,difference_prefix,3.4947360759303328,17.05950000177836,214.77070000401,235.3249360817187,one shared preloaded model
conv-44-qa-91,difference_prefix,3.4947360759303328,13.961299999209587,322.5460999965435,340.0021360716834,one shared preloaded model
conv-44-qa-92,difference_prefix,3.4947360759303328,17.51650000369409,363.74660000001313,384.75783607963757,one shared preloaded model
conv-44-qa-93,difference_prefix,3.4947360759303328,17.62369999778457,499.7170999995433,520.8355360732581,one shared preloaded model
conv-44-qa-94,difference_prefix,3.4947360759303328,17.28999999613734,673.3634999982314,694.148236070299,one shared preloaded model
conv-44-qa-95,difference_prefix,3.4947360759303328,18.277000002854038,228.37909999361727,250.15083607240166,one shared preloaded model
conv-44-qa-96,difference_prefix,3.4947360759303328,14.997199999925215,442.6258000021335,461.11773607798904,one shared preloaded model
conv-44-qa-97,difference_prefix,3.4947360759303328,13.137000001734123,132.42280000122264,149.0545360788871,one shared preloaded model
conv-44-qa-98,difference_prefix,3.4947360759303328,20.7178999989992,255.6378000008408,279.85043607577035,one shared preloaded model
conv-44-qa-99,difference_prefix,3.4947360759303328,16.36339999822667,135.58929999999236,155.44743607414938,one shared preloaded model
conv-44-qa-100,difference_prefix,3.4947360759303328,21.58200000121724,205.12700000108453,230.2037360782321,one shared preloaded model
conv-44-qa-101,difference_prefix,3.4947360759303328,15.216400002827868,192.91399999929126,211.62513607804948,one shared preloaded model
conv-44-qa-102,difference_prefix,3.4947360759303328,16.071500001999084,324.9422000008053,344.50843607873475,one shared preloaded model
conv-44-qa-103,difference_prefix,3.4947360759303328,17.534799997520167,218.18329999950947,239.21283607296,one shared preloaded model
conv-44-qa-104,difference_prefix,3.4947360759303328,17.106200000853278,200.07609999447595,220.67703607125958,one shared preloaded model
conv-44-qa-105,difference_prefix,3.4947360759303328,18.24950000445824,348.73740000330145,370.48163608369003,one shared preloaded model
conv-44-qa-106,difference_prefix,3.4947360759303328,13.841200001479592,225.34170000290032,242.67763608031026,one shared preloaded model
conv-44-qa-107,difference_prefix,3.4947360759303328,13.04099999833852,254.88949999999022,271.4252360742591,one shared preloaded model
conv-44-qa-108,difference_prefix,3.4947360759303328,13.60009999916656,251.07289999868954,268.16773607378644,one shared preloaded model
conv-44-qa-109,difference_prefix,3.4947360759303328,14.842800002952572,234.2717999999877,252.60933607887063,one shared preloaded model
conv-44-qa-110,difference_prefix,3.4947360759303328,17.28999999613734,584.5276999971247,605.3124360691924,one shared preloaded model
conv-44-qa-111,difference_prefix,3.4947360759303328,14.707000002090354,261.7746000032639,279.9763360812846,one shared preloaded model
conv-44-qa-112,difference_prefix,3.4947360759303328,15.99549999809824,174.41970000072615,193.90993607475474,one shared preloaded model
conv-44-qa-113,difference_prefix,3.4947360759303328,15.00839999789605,215.13620000041556,233.63933607424195,one shared preloaded model
conv-44-qa-114,difference_prefix,3.4947360759303328,12.956400001712609,890.6636999963666,907.1148360740095,one shared preloaded model
conv-44-qa-115,difference_prefix,3.4947360759303328,14.447100002143998,292.44720000133384,310.3890360794082,one shared preloaded model
conv-44-qa-116,difference_prefix,3.4947360759303328,13.469899997289758,222.47069999866653,239.43533607188664,one shared preloaded model
conv-44-qa-117,difference_prefix,3.4947360759303328,13.432200001261663,215.11520000058226,232.04213607777427,one shared preloaded model
conv-44-qa-118,difference_prefix,3.4947360759303328,15.609999994921964,212.78880000318168,231.893536074034,one shared preloaded model
conv-44-qa-119,difference_prefix,3.4947360759303328,15.700800002377946,346.36999999929685,365.56553607760515,one shared preloaded model
conv-44-qa-120,difference_prefix,3.4947360759303328,17.542800000228453,240.45199999818578,261.4895360743446,one shared preloaded model
conv-44-qa-121,difference_prefix,3.4947360759303328,15.279600003850646,411.32310000102734,430.09743608080834,one shared preloaded model
conv-44-qa-122,difference_prefix,3.4947360759303328,15.618299999914598,546.6996999966796,565.8127360725244,one shared preloaded model
conv-44-qa-123,difference_prefix,3.4947360759303328,14.8918999984744,213.9831000022241,232.36973607662884,one shared preloaded model
conv-44-qa-124,difference_prefix,3.4947360759303328,15.943099999276455,234.6797000063816,254.1175360815884,one shared preloaded model
conv-44-qa-125,difference_prefix,3.4947360759303328,15.99020000139717,154.09679999720538,173.5817360745329,one shared preloaded model
conv-44-qa-126,difference_prefix,3.4947360759303328,17.401400000380818,221.75559999595862,242.65173607226978,one shared preloaded model
conv-44-qa-127,difference_prefix,3.4947360759303328,12.97510000586044,302.7613000012934,319.2311360830842,one shared preloaded model
conv-44-qa-128,difference_prefix,3.4947360759303328,18.338000001676846,194.52650000312133,216.35923608072852,one shared preloaded model
conv-44-qa-129,difference_prefix,3.4947360759303328,15.367499996500555,211.25789999496192,230.12013606739282,one shared preloaded model
conv-44-qa-130,difference_prefix,3.4947360759303328,13.731900005950592,227.34079999645473,244.56743607833567,one shared preloaded model
conv-44-qa-131,difference_prefix,3.4947360759303328,15.325899999879766,354.11279999971157,372.9334360755217,one shared preloaded model
conv-44-qa-132,difference_prefix,3.4947360759303328,17.889000002469402,230.24729999451665,251.6310360729164,one shared preloaded model
conv-44-qa-133,difference_prefix,3.4947360759303328,15.122500000870787,216.40940000361297,235.0266360804141,one shared preloaded model
conv-44-qa-134,difference_prefix,3.4947360759303328,14.726100002008025,220.65999999904307,238.88083607698144,one shared preloaded model
conv-44-qa-135,difference_prefix,3.4947360759303328,13.106500002322719,419.95830000087153,436.5595360791246,one shared preloaded model
conv-44-qa-136,difference_prefix,3.4947360759303328,17.62389999930747,213.7051000026986,234.82373607793642,one shared preloaded model
conv-44-qa-137,difference_prefix,3.4947360759303328,17.71980000194162,198.63970000005793,219.8542360779299,one shared preloaded model
conv-44-qa-138,difference_prefix,3.4947360759303328,16.183200001250952,336.641599998984,356.3195360761653,one shared preloaded model
conv-44-qa-139,difference_prefix,3.4947360759303328,13.770099998509977,220.04159999778494,237.30643607222527,one shared preloaded model
conv-44-qa-140,difference_prefix,3.4947360759303328,15.392100001918152,235.11989999678917,254.00673607463767,one shared preloaded model
conv-44-qa-141,difference_prefix,3.4947360759303328,18.016200003330596,551.1840999970445,572.6950360763054,one shared preloaded model
conv-44-qa-142,difference_prefix,3.4947360759303328,17.600699997274205,233.09310000331607,254.18853607652062,one shared preloaded model
conv-44-qa-143,difference_prefix,3.4947360759303328,13.310800000908785,255.48369999887655,272.2892360757157,one shared preloaded model
conv-44-qa-144,difference_prefix,3.4947360759303328,12.887200005934574,222.00240000529448,238.3843360871594,one shared preloaded model
conv-44-qa-145,difference_prefix,3.4947360759303328,14.78320000023814,214.88479999970878,233.16273607587726,one shared preloaded model
conv-44-qa-146,difference_prefix,3.4947360759303328,15.890999995463062,103.2268999988446,122.612636070238,one shared preloaded model
conv-44-qa-147,difference_prefix,3.4947360759303328,20.87300000130199,219.3808000010904,243.74853607832273,one shared preloaded model
conv-44-qa-148,difference_prefix,3.4947360759303328,14.022499999555293,245.22679999790853,262.74403607339417,one shared preloaded model
conv-44-qa-149,difference_prefix,3.4947360759303328,17.594700002518948,153.39189999940572,174.48133607785502,one shared preloaded model
conv-44-qa-150,difference_prefix,3.4947360759303328,13.731599996390287,394.4353999977466,411.6617360700672,one shared preloaded model
conv-44-qa-151,difference_prefix,3.4947360759303328,13.545299996621907,249.05320000107167,266.0932360736239,one shared preloaded model
conv-44-qa-152,difference_prefix,3.4947360759303328,14.265500001783948,246.24699999549193,264.00723607320623,one shared preloaded model
conv-44-qa-153,difference_prefix,3.4947360759303328,17.392500005371403,244.94720000075176,265.8344360820535,one shared preloaded model
conv-44-qa-154,difference_prefix,3.4947360759303328,17.71990000270307,406.4978999958839,427.71253607451735,one shared preloaded model
conv-44-qa-155,difference_prefix,3.4947360759303328,18.379300003289245,212.2499999968568,234.12403607607638,one shared preloaded model
conv-44-qa-156,difference_prefix,3.4947360759303328,13.387799997872207,226.1205000031623,243.00303607696486,one shared preloaded model
conv-44-qa-157,difference_prefix,3.4947360759303328,13.924299993959721,211.01780000026338,228.43683607015345,one shared preloaded model
conv-47-qa-0,difference_prefix,2.8842942105256952,20.754800003487617,220.04020000167657,243.67929421568988,one shared preloaded model
conv-47-qa-1,difference_prefix,2.8842942105256952,17.490999998699408,219.36839999398217,239.74369420320727,one shared preloaded model
conv-47-qa-2,difference_prefix,2.8842942105256952,13.132599997334182,229.15500000090105,245.17189420876093,one shared preloaded model
conv-47-qa-3,difference_prefix,2.8842942105256952,12.80129999940982,216.32059999683406,232.00619420676958,one shared preloaded model
conv-47-qa-4,difference_prefix,2.8842942105256952,13.112699998600874,176.00920000404585,192.00619421317242,one shared preloaded model
conv-47-qa-5,difference_prefix,2.8842942105256952,20.89729999715928,188.43579999520443,212.2173942028894,one shared preloaded model
conv-47-qa-6,difference_prefix,2.8842942105256952,20.49819999956526,197.1607999948901,220.54329420498107,one shared preloaded model
conv-47-qa-7,difference_prefix,2.8842942105256952,14.909999998053536,213.50810000149067,231.3023942100699,one shared preloaded model
conv-47-qa-8,difference_prefix,2.8842942105256952,16.407199997047428,127.96869999874616,147.26019420631928,one shared preloaded model
conv-47-qa-9,difference_prefix,2.8842942105256952,20.165599999018013,128.89300000097137,151.94289421051508,one shared preloaded model
conv-47-qa-10,difference_prefix,2.8842942105256952,12.728000001516193,520.4954000000726,536.1076942121144,one shared preloaded model
conv-47-qa-11,difference_prefix,2.8842942105256952,17.60140000260435,218.94020000036107,239.42589421349112,one shared preloaded model
conv-47-qa-12,difference_prefix,2.8842942105256952,14.919999994162936,227.53730000113137,245.34159420582,one shared preloaded model
conv-47-qa-13,difference_prefix,2.8842942105256952,14.629500001319684,144.50699999724748,162.02079420909286,one shared preloaded model
conv-47-qa-14,difference_prefix,2.8842942105256952,20.41810000082478,514.273000000685,537.5753942120355,one shared preloaded model
conv-47-qa-15,difference_prefix,2.8842942105256952,17.66710000083549,494.2125000015949,514.7638942129561,one shared preloaded model
conv-47-qa-16,difference_prefix,2.8842942105256952,14.732900002854876,173.89900000125635,191.51619421463693,one shared preloaded model
conv-47-qa-17,difference_prefix,2.8842942105256952,21.585499998764135,213.8018000041484,238.27159421343822,one shared preloaded model
conv-47-qa-18,difference_prefix,2.8842942105256952,13.059999997494742,214.25419999286532,230.19849420088576,one shared preloaded model
conv-47-qa-19,difference_prefix,2.8842942105256952,12.715899996692315,208.17559999704827,223.77579420426628,one shared preloaded model
conv-47-qa-20,difference_prefix,2.8842942105256952,14.823400000750553,220.1818000030471,237.88949421432335,one shared preloaded model
conv-47-qa-21,difference_prefix,2.8842942105256952,13.032899994868785,217.40220000356203,233.3193942089565,one shared preloaded model
conv-47-qa-22,difference_prefix,2.8842942105256952,13.82220000232337,200.76379999954952,217.47029421239858,one shared preloaded model
conv-47-qa-23,difference_prefix,2.8842942105256952,13.041800004430115,504.8107000038726,520.7367942188284,one shared preloaded model
conv-47-qa-24,difference_prefix,2.8842942105256952,13.708699996641371,234.8719000001438,251.46489420731086,one shared preloaded model
conv-47-qa-25,difference_prefix,2.8842942105256952,14.51449999876786,115.46929999894928,132.86809420824284,one shared preloaded model
conv-47-qa-26,difference_prefix,2.8842942105256952,19.964300001447555,277.48979999887524,300.3383942108485,one shared preloaded model
conv-47-qa-27,difference_prefix,2.8842942105256952,13.498799999069888,206.87049999833107,223.25359420792665,one shared preloaded model
conv-47-qa-28,difference_prefix,2.8842942105256952,14.914899998984765,505.84149999485817,523.6406942043686,one shared preloaded model
conv-47-qa-29,difference_prefix,2.8842942105256952,14.90949999424629,229.73459999775514,247.52839420252712,one shared preloaded model
conv-47-qa-30,difference_prefix,2.8842942105256952,13.095300004351884,126.74929999775486,142.72889421263244,one shared preloaded model
conv-47-qa-31,difference_prefix,2.8842942105256952,20.833100003073923,229.39009999390692,253.10749420750653,one shared preloaded model
conv-47-qa-32,difference_prefix,2.8842942105256952,13.180400004785042,212.88640000420855,228.9510942195193,one shared preloaded model
conv-47-qa-33,difference_prefix,2.8842942105256952,14.131600000837352,199.74419999925885,216.7600942106219,one shared preloaded model
conv-47-qa-34,difference_prefix,2.8842942105256952,15.915099997073412,292.1095999990939,310.908994206693,one shared preloaded model
conv-47-qa-35,difference_prefix,2.8842942105256952,14.375500002643093,129.67770000250312,146.9374942156719,one shared preloaded model
conv-47-qa-36,difference_prefix,2.8842942105256952,19.664300001750235,200.53610000468325,223.08469421695918,one shared preloaded model
conv-47-qa-37,difference_prefix,2.8842942105256952,14.16869999957271,480.0126000045566,497.065594214655,one shared preloaded model
conv-47-qa-38,difference_prefix,2.8842942105256952,17.30489999317797,495.1483999975608,515.3375942012644,one shared preloaded model
conv-47-qa-39,difference_prefix,2.8842942105256952,17.58759999938775,473.6017000032007,494.0735942131141,one shared preloaded model
conv-47-qa-40,difference_prefix,2.8842942105256952,12.879900001280475,359.75779999716906,375.52199420897523,one shared preloaded model
conv-47-qa-41,difference_prefix,2.8842942105256952,18.684800001210533,482.2189999977127,503.7880942094489,one shared preloaded model
conv-47-qa-42,difference_prefix,2.8842942105256952,17.320400002063252,510.3034999992815,530.5081942118704,one shared preloaded model
conv-47-qa-43,difference_prefix,2.8842942105256952,14.134099998045713,158.41090000321856,175.42929421178997,one shared preloaded model
conv-47-qa-44,difference_prefix,2.8842942105256952,20.356799999717623,273.9067000002251,297.1477942104684,one shared preloaded model
conv-47-qa-45,difference_prefix,2.8842942105256952,14.1079000022728,200.66380000207573,217.65599421487423,one shared preloaded model
conv-47-qa-46,difference_prefix,2.8842942105256952,13.214999999036081,488.7434000047506,504.84269421431236,one shared preloaded model
conv-47-qa-47,difference_prefix,2.8842942105256952,17.339199999696575,106.39609999634558,126.61959420656785,one shared preloaded model
conv-47-qa-48,difference_prefix,2.8842942105256952,20.455500001844484,218.105399995693,241.44519420806319,one shared preloaded model
conv-47-qa-49,difference_prefix,2.8842942105256952,14.124399996944703,126.53499999578344,143.54369420325384,one shared preloaded model
conv-47-qa-50,difference_prefix,2.8842942105256952,20.205900000291876,463.4105000004638,486.50069421128137,one shared preloaded model
conv-47-qa-51,difference_prefix,2.8842942105256952,16.38529999763705,230.90550000051735,250.1750942086801,one shared preloaded model
conv-47-qa-52,difference_prefix,2.8842942105256952,14.278200003900565,511.10550000157673,528.267994216003,one shared preloaded model
conv-47-qa-53,difference_prefix,2.8842942105256952,17.735100002028048,217.5716999990982,238.19109421165194,one shared preloaded model
conv-47-qa-54,difference_prefix,2.8842942105256952,12.986400004592724,230.0327000048128,245.90339421993122,one shared preloaded model
conv-47-qa-55,difference_prefix,2.8842942105256952,16.15680000395514,500.7346000056714,519.7756942201522,one shared preloaded model
conv-47-qa-56,difference_prefix,2.8842942105256952,17.955200004507788,108.00790000212146,128.84739421715494,one shared preloaded model
conv-47-qa-57,difference_prefix,2.8842942105256952,20.050999999511987,202.05859999987297,224.99389420991065,one shared preloaded model
conv-47-qa-58,difference_prefix,2.8842942105256952,14.582900003006216,496.7683000068064,514.2354942203383,one shared preloaded model
conv-47-qa-59,difference_prefix,2.8842942105256952,13.628399996377993,495.15750000136904,511.67019420827273,one shared preloaded model
conv-47-qa-60,difference_prefix,2.8842942105256952,14.726599998539314,202.92609999887645,220.53699420794146,one shared preloaded model
conv-47-qa-61,difference_prefix,2.8842942105256952,13.092100001813378,226.72240000247257,242.69879421481164,one shared preloaded model
conv-47-qa-62,difference_prefix,2.8842942105256952,13.390500003879424,225.02130000066245,241.29609421506757,one shared preloaded model
conv-47-qa-63,difference_prefix,2.8842942105256952,13.266899994050618,473.9017999963835,490.0529942009598,one shared preloaded model
conv-47-qa-64,difference_prefix,2.8842942105256952,18.0538000058732,223.91300000163028,244.85109421802917,one shared preloaded model
conv-47-qa-65,difference_prefix,2.8842942105256952,12.824400000681635,497.59269999776734,513.3013942089747,one shared preloaded model
conv-47-qa-66,difference_prefix,2.8842942105256952,17.513600003439933,469.24240000225836,489.640294216224,one shared preloaded model
conv-47-qa-67,difference_prefix,2.8842942105256952,15.622099999745842,220.4946000056225,239.00099421589402,one shared preloaded model
conv-47-qa-68,difference_prefix,2.8842942105256952,12.630899997020606,214.22310000343714,229.73829421098344,one shared preloaded model
conv-47-qa-69,difference_prefix,2.8842942105256952,13.413499997113831,345.290199998999,361.58799420663854,one shared preloaded model
conv-47-qa-70,difference_prefix,2.8842942105256952,13.980600000650156,228.15170000103535,245.0165942122112,one shared preloaded model
conv-47-qa-71,difference_prefix,2.8842942105256952,13.025500004005153,230.54100000445032,246.45079421898117,one shared preloaded model
conv-47-qa-72,difference_prefix,2.8842942105256952,13.853399999788962,161.8272000050638,178.56489421537844,one shared preloaded model
conv-47-qa-73,difference_prefix,2.8842942105256952,13.834699995641131,172.58189999847673,189.30089420464355,one shared preloaded model
conv-47-qa-74,difference_prefix,2.8842942105256952,21.35909999924479,203.09869999618968,227.34209420596017,one shared preloaded model
conv-47-qa-75,difference_prefix,2.8842942105256952,17.520100002002437,228.19069999968633,248.59509421221446,one shared preloaded model
conv-47-qa-76,difference_prefix,2.8842942105256952,17.155900000943802,148.36089999880642,168.40109421027591,one shared preloaded model
conv-47-qa-77,difference_prefix,2.8842942105256952,21.331100004317705,217.27710000413936,241.49249421898276,one shared preloaded model
conv-47-qa-78,difference_prefix,2.8842942105256952,12.667099996178877,181.21870000322815,196.77009420993272,one shared preloaded model
conv-47-qa-79,difference_prefix,2.8842942105256952,20.65779999975348,137.81819999712752,161.3602942074067,one shared preloaded model
conv-47-qa-80,difference_prefix,2.8842942105256952,21.411399997305125,633.1965999997919,657.4922942076228,one shared preloaded model
conv-47-qa-81,difference_prefix,2.8842942105256952,15.297500001906883,493.29690000013215,511.47869421256473,one shared preloaded model
conv-47-qa-82,difference_prefix,2.8842942105256952,17.542099994898308,206.08240000001388,226.50879420543788,one shared preloaded model
conv-47-qa-83,difference_prefix,2.8842942105256952,17.774899999494664,363.1606999988435,383.81989420886384,one shared preloaded model
conv-47-qa-84,difference_prefix,2.8842942105256952,17.71089999965625,212.9865000024438,233.58169421262573,one shared preloaded model
conv-47-qa-85,difference_prefix,2.8842942105256952,13.254999998025596,159.34109999943757,175.48039420798887,one shared preloaded model
conv-47-qa-86,difference_prefix,2.8842942105256952,19.391300003917422,208.02810000168392,230.30369421612704,one shared preloaded model
conv-47-qa-87,difference_prefix,2.8842942105256952,14.569899998605251,207.16600000014296,224.6201942092739,one shared preloaded model
conv-47-qa-88,difference_prefix,2.8842942105256952,13.245500005723443,416.9309999997495,433.0607942159986,one shared preloaded model
conv-47-qa-89,difference_prefix,2.8842942105256952,18.43889999872772,353.09260000212817,374.4157942113816,one shared preloaded model
conv-47-qa-90,difference_prefix,2.8842942105256952,18.280100004631095,277.4948000005679,298.6591942157247,one shared preloaded model
conv-47-qa-91,difference_prefix,2.8842942105256952,13.226799994299654,319.88649999402696,335.9975941988523,one shared preloaded model
conv-47-qa-92,difference_prefix,2.8842942105256952,18.541800003731623,201.25710000138497,222.6831942156423,one shared preloaded model
conv-47-qa-93,difference_prefix,2.8842942105256952,12.888499994005542,175.33770000591176,191.110494210443,one shared preloaded model
conv-47-qa-94,difference_prefix,2.8842942105256952,21.04249999683816,370.99189999571536,394.9186942030792,one shared preloaded model
conv-47-qa-95,difference_prefix,2.8842942105256952,17.66440000210423,119.82139999599895,140.37009420862887,one shared preloaded model
conv-47-qa-96,difference_prefix,2.8842942105256952,19.5188999932725,102.44059999968158,124.84379420347977,one shared preloaded model
conv-47-qa-97,difference_prefix,2.8842942105256952,21.14900000015041,411.4659999977448,435.4992942084209,one shared preloaded model
conv-47-qa-98,difference_prefix,2.8842942105256952,17.346900000120513,275.65619999950286,295.88739421014907,one shared preloaded model
conv-47-qa-99,difference_prefix,2.8842942105256952,13.613999995868653,206.97060000384226,223.4688942102366,one shared preloaded model
conv-47-qa-100,difference_prefix,2.8842942105256952,15.266299997165333,227.29360000084853,245.44419420853956,one shared preloaded model
conv-47-qa-101,difference_prefix,2.8842942105256952,13.848299997334834,676.9988000014564,693.7313942093169,one shared preloaded model
conv-47-qa-102,difference_prefix,2.8842942105256952,17.51209999929415,234.63300000003073,255.02939420985058,one shared preloaded model
conv-47-qa-103,difference_prefix,2.8842942105256952,13.1279999986873,576.613900004304,592.626194213517,one shared preloaded model
conv-47-qa-104,difference_prefix,2.8842942105256952,17.51459999650251,142.31629999994766,162.71519420697587,one shared preloaded model
conv-47-qa-105,difference_prefix,2.8842942105256952,20.917900001222733,200.990900004399,224.79309421614744,one shared preloaded model
conv-47-qa-106,difference_prefix,2.8842942105256952,14.312999999674503,121.53289999696426,138.73019420716446,one shared preloaded model
conv-47-qa-107,difference_prefix,2.8842942105256952,20.493900003202725,154.20770000491757,177.585894218646,one shared preloaded model
conv-47-qa-108,difference_prefix,2.8842942105256952,20.339299997431226,207.924100002856,231.14769421081292,one shared preloaded model
conv-47-qa-109,difference_prefix,2.8842942105256952,14.408600000024308,148.3351999995648,165.6280942101148,one shared preloaded model
conv-47-qa-110,difference_prefix,2.8842942105256952,21.066900000732858,206.57780000328785,230.5289942145464,one shared preloaded model
conv-47-qa-111,difference_prefix,2.8842942105256952,13.188199998694472,431.47559999488294,447.5480942041031,one shared preloaded model
conv-47-qa-112,difference_prefix,2.8842942105256952,15.582100000756327,107.51270000037039,125.97909421165241,one shared preloaded model
conv-47-qa-113,difference_prefix,2.8842942105256952,20.40040000429144,132.93420000263723,156.21889421745436,one shared preloaded model
conv-47-qa-114,difference_prefix,2.8842942105256952,20.671099999162834,199.21260000410257,222.7679942137911,one shared preloaded model
conv-47-qa-115,difference_prefix,2.8842942105256952,13.552800002798904,261.21190000412753,277.6489942174521,one shared preloaded model
conv-47-qa-116,difference_prefix,2.8842942105256952,16.214899995247833,143.5741000022972,162.67329420807073,one shared preloaded model
conv-47-qa-117,difference_prefix,2.8842942105256952,17.155099994852208,227.08390000479994,247.12329421017785,one shared preloaded model
conv-47-qa-118,difference_prefix,2.8842942105256952,14.085100003285334,110.85759999696165,127.82699421077268,one shared preloaded model
conv-47-qa-119,difference_prefix,2.8842942105256952,20.261999998183455,390.63180000084685,413.778094209556,one shared preloaded model
conv-47-qa-120,difference_prefix,2.8842942105256952,17.70290000422392,249.3871999977273,269.9743942124769,one shared preloaded model
conv-47-qa-121,difference_prefix,2.8842942105256952,14.131300005828962,254.86799999634968,271.88359421270434,one shared preloaded model
conv-47-qa-122,difference_prefix,2.8842942105256952,15.311200004362036,186.0266000003321,204.22209421521984,one shared preloaded model
conv-47-qa-123,difference_prefix,2.8842942105256952,21.440200005599763,125.54539999837289,149.86989421449834,one shared preloaded model
conv-47-qa-124,difference_prefix,2.8842942105256952,13.663799996720627,838.3298999979161,854.8779942051624,one shared preloaded model
conv-47-qa-125,difference_prefix,2.8842942105256952,14.148599999316502,228.60339999897406,245.63629420881625,one shared preloaded model
conv-47-qa-126,difference_prefix,2.8842942105256952,17.389300002832897,219.68300000298768,239.95659421634628,one shared preloaded model
conv-47-qa-127,difference_prefix,2.8842942105256952,13.447700002870988,192.27669999963837,208.60869421303505,one shared preloaded model
conv-47-qa-128,difference_prefix,2.8842942105256952,18.09299999877112,502.70260000252165,523.6798942118185,one shared preloaded model
conv-47-qa-129,difference_prefix,2.8842942105256952,16.759599995566532,225.86930000397842,245.51319421007065,one shared preloaded model
conv-47-qa-130,difference_prefix,2.8842942105256952,14.305099997727666,158.92219999659574,176.1115942048491,one shared preloaded model
conv-47-qa-131,difference_prefix,2.8842942105256952,21.169799998460803,231.15839999809396,255.21249420708045,one shared preloaded model
conv-47-qa-132,difference_prefix,2.8842942105256952,13.63399999536341,244.6267999985139,261.145094204403,one shared preloaded model
conv-47-qa-133,difference_prefix,2.8842942105256952,12.979799997992814,232.34420000517275,248.20829421369126,one shared preloaded model
conv-47-qa-134,difference_prefix,2.8842942105256952,14.47129999723984,204.63380000001052,221.98939420777606,one shared preloaded model
conv-47-qa-135,difference_prefix,2.8842942105256952,13.585600005171727,205.4208000045037,221.8906942202011,one shared preloaded model
conv-47-qa-136,difference_prefix,2.8842942105256952,14.97689999814611,472.8140000006533,490.6751942093251,one shared preloaded model
conv-47-qa-137,difference_prefix,2.8842942105256952,17.589900002349168,200.2143999998225,220.68859421269735,one shared preloaded model
conv-47-qa-138,difference_prefix,2.8842942105256952,14.281600000686012,326.56169999972917,343.7275942109409,one shared preloaded model
conv-47-qa-139,difference_prefix,2.8842942105256952,18.166200003179256,999.4972000058624,1020.5476942195673,one shared preloaded model
conv-47-qa-140,difference_prefix,2.8842942105256952,13.60529999510618,653.3792999980506,669.8688942036824,one shared preloaded model
conv-47-qa-141,difference_prefix,2.8842942105256952,17.89219999773195,217.60250000079395,238.3789942090516,one shared preloaded model
conv-47-qa-142,difference_prefix,2.8842942105256952,15.014600001450162,252.64600000082282,270.5448942127987,one shared preloaded model
conv-47-qa-143,difference_prefix,2.8842942105256952,16.690600001311395,357.4291999975685,377.0040942094056,one shared preloaded model
conv-47-qa-144,difference_prefix,2.8842942105256952,13.543900000513531,218.26900000451133,234.69719421555055,one shared preloaded model
conv-47-qa-145,difference_prefix,2.8842942105256952,14.144000000669621,701.809800004412,718.8380942156073,one shared preloaded model
conv-47-qa-146,difference_prefix,2.8842942105256952,13.697800000954885,238.64689999754773,255.22899420902831,one shared preloaded model
conv-47-qa-147,difference_prefix,2.8842942105256952,15.55489999736892,210.3731000024709,228.8122942103655,one shared preloaded model
conv-47-qa-148,difference_prefix,2.8842942105256952,13.615600000775885,297.0893999954569,313.5892942067585,one shared preloaded model
conv-47-qa-149,difference_prefix,2.8842942105256952,17.28010000078939,176.99130000255536,197.15569421387045,one shared preloaded model
conv-47-qa-150,difference_prefix,2.8842942105256952,20.711299999675248,209.20659999683267,232.8021942070336,one shared preloaded model
conv-47-qa-151,difference_prefix,2.8842942105256952,15.784499999426771,155.38240000023507,174.05119421018753,one shared preloaded model
conv-47-qa-152,difference_prefix,2.8842942105256952,20.476999998209067,222.44679999857908,245.80809420731384,one shared preloaded model
conv-47-qa-153,difference_prefix,2.8842942105256952,13.224399997852743,225.0207000033697,241.12939421174815,one shared preloaded model
conv-47-qa-154,difference_prefix,2.8842942105256952,17.12229999975534,190.70449999708217,210.7110942073632,one shared preloaded model
conv-47-qa-155,difference_prefix,2.8842942105256952,21.672499999112915,336.3011000037659,360.8578942134045,one shared preloaded model
conv-47-qa-156,difference_prefix,2.8842942105256952,18.533300004492048,652.9214000038337,674.3389942188514,one shared preloaded model
conv-47-qa-157,difference_prefix,2.8842942105256952,18.041799994534813,234.71199999767123,255.63809420273174,one shared preloaded model
conv-47-qa-158,difference_prefix,2.8842942105256952,13.407099999312777,247.19939999340568,263.49079420324415,one shared preloaded model
conv-47-qa-159,difference_prefix,2.8842942105256952,13.02189999842085,201.49880000099074,217.40499420993729,one shared preloaded model
conv-47-qa-160,difference_prefix,2.8842942105256952,13.100700001814403,497.33410000044387,513.319094212784,one shared preloaded model
conv-47-qa-161,difference_prefix,2.8842942105256952,18.280500000400934,203.76060000126017,224.9253942121868,one shared preloaded model
conv-47-qa-162,difference_prefix,2.8842942105256952,12.942400004249066,561.4404999942053,577.2671942089801,one shared preloaded model
conv-47-qa-163,difference_prefix,2.8842942105256952,17.48090000182856,181.102299997292,201.46749420964625,one shared preloaded model
conv-47-qa-164,difference_prefix,2.8842942105256952,20.97219999996014,203.6279999956605,227.48449420614634,one shared preloaded model
conv-47-qa-165,difference_prefix,2.8842942105256952,12.754200004565064,270.386200005305,286.02469422039576,one shared preloaded model
conv-47-qa-166,difference_prefix,2.8842942105256952,16.584799996053334,224.9800999998115,244.44919420639053,one shared preloaded model
conv-47-qa-167,difference_prefix,2.8842942105256952,16.223499995248858,157.06369999679737,176.17149420257192,one shared preloaded model
conv-47-qa-168,difference_prefix,2.8842942105256952,20.45899999939138,217.12459999980638,240.46789420972345,one shared preloaded model
conv-47-qa-169,difference_prefix,2.8842942105256952,12.809799998649396,162.37910000199918,178.07319421117427,one shared preloaded model
conv-47-qa-170,difference_prefix,2.8842942105256952,20.201999999699183,218.855999999505,241.94229420972988,one shared preloaded model
conv-47-qa-171,difference_prefix,2.8842942105256952,12.336100000538863,192.20820000191452,207.42859421297908,one shared preloaded model
conv-47-qa-172,difference_prefix,2.8842942105256952,18.495299998903647,215.1220999949146,236.50169420434395,one shared preloaded model
conv-47-qa-173,difference_prefix,2.8842942105256952,13.319799996679649,219.9001999979373,236.10429420514265,one shared preloaded model
conv-47-qa-174,difference_prefix,2.8842942105256952,13.940400000137743,246.9109000012395,263.73559421190294,one shared preloaded model
conv-47-qa-175,difference_prefix,2.8842942105256952,13.126399993780069,308.9400000026217,324.95069420692744,one shared preloaded model
conv-47-qa-176,difference_prefix,2.8842942105256952,16.46970000001602,281.22129999974277,300.5752942102845,one shared preloaded model
conv-47-qa-177,difference_prefix,2.8842942105256952,17.56520000344608,286.1276999974507,306.57719421142247,one shared preloaded model
conv-47-qa-178,difference_prefix,2.8842942105256952,15.246599999954924,184.90389999351464,203.03479420399526,one shared preloaded model
conv-47-qa-179,difference_prefix,2.8842942105256952,21.29129999957513,192.6960999990115,216.87169420911232,one shared preloaded model
conv-47-qa-180,difference_prefix,2.8842942105256952,19.894999997632112,144.1527000060887,166.93199421424652,one shared preloaded model
conv-47-qa-181,difference_prefix,2.8842942105256952,20.81420000467915,220.15490000194404,243.8533942171489,one shared preloaded model
conv-47-qa-182,difference_prefix,2.8842942105256952,15.458499998203479,237.88219999551075,256.2249942042399,one shared preloaded model
conv-47-qa-183,difference_prefix,2.8842942105256952,13.798399995721411,255.96180000138702,272.6444942076341,one shared preloaded model
conv-47-qa-184,difference_prefix,2.8842942105256952,16.24219999939669,228.1710999959614,247.2975942058838,one shared preloaded model
conv-47-qa-185,difference_prefix,2.8842942105256952,15.524999995250255,225.58500000013737,243.99429420591332,one shared preloaded model
conv-47-qa-186,difference_prefix,2.8842942105256952,16.102800000226125,692.5826000006055,711.5696942113573,one shared preloaded model
conv-47-qa-187,difference_prefix,2.8842942105256952,15.102099998330232,227.4948000049335,245.48119421378942,one shared preloaded model
conv-47-qa-188,difference_prefix,2.8842942105256952,13.480900001013651,611.4737999960198,627.8389942075592,one shared preloaded model
conv-47-qa-189,difference_prefix,2.8842942105256952,15.602100000251085,258.9213000028394,277.4076942136162,one shared preloaded model
conv-48-qa-0,difference_prefix,2.1650246862043474,15.63989999704063,216.70630000153324,234.5112246847782,one shared preloaded model
conv-48-qa-1,difference_prefix,2.1650246862043474,13.0018000054406,119.19440000201575,134.3612246936607,one shared preloaded model
conv-48-qa-2,difference_prefix,2.1650246862043474,20.260299999790732,499.09130000014557,521.5166246861406,one shared preloaded model
conv-48-qa-3,difference_prefix,2.1650246862043474,16.910799997276627,135.04449999891222,154.12032468239317,one shared preloaded model
conv-48-qa-4,difference_prefix,2.1650246862043474,14.326700002129655,220.37869999621762,236.8704246845516,one shared preloaded model
conv-48-qa-5,difference_prefix,2.1650246862043474,14.166799999657087,127.95410000398988,144.2859246898513,one shared preloaded model
conv-48-qa-6,difference_prefix,2.1650246862043474,20.36750000115717,231.50659999373602,254.03912468109752,one shared preloaded model
conv-48-qa-7,difference_prefix,2.1650246862043474,17.669800006842706,201.62360000540502,221.45842469845206,one shared preloaded model
conv-48-qa-8,difference_prefix,2.1650246862043474,14.647700001660269,299.46580000250833,316.27852469037293,one shared preloaded model
conv-48-qa-9,difference_prefix,2.1650246862043474,16.756200006057043,500.80029999662656,519.7215246888879,one shared preloaded model
conv-48-qa-10,difference_prefix,2.1650246862043474,17.126700004155282,219.95710000192048,239.2488246922801,one shared preloaded model
conv-48-qa-11,difference_prefix,2.1650246862043474,13.77439999487251,213.69400000548922,229.63342468656606,one shared preloaded model
conv-48-qa-12,difference_prefix,2.1650246862043474,14.10609999584267,217.2523999979603,233.5235246800073,one shared preloaded model
conv-48-qa-13,difference_prefix,2.1650246862043474,13.111699998262338,158.24250000150641,173.5192246859731,one shared preloaded model
conv-48-qa-14,difference_prefix,2.1650246862043474,19.954200004576705,94.97849999752361,117.09772468830467,one shared preloaded model
conv-48-qa-15,difference_prefix,2.1650246862043474,19.539000000804663,223.80909999628784,245.51312468329684,one shared preloaded model
conv-48-qa-16,difference_prefix,2.1650246862043474,16.867300000740215,151.55180000147084,170.5841246884154,one shared preloaded model
conv-48-qa-17,difference_prefix,2.1650246862043474,20.02600000560051,496.06369999673916,518.254724688544,one shared preloaded model
conv-48-qa-18,difference_prefix,2.1650246862043474,14.839199997368269,192.77599999622907,209.78022467980168,one shared preloaded model
conv-48-qa-19,difference_prefix,2.1650246862043474,17.458100002841093,205.77799999591662,225.40112468496204,one shared preloaded model
conv-48-qa-20,difference_prefix,2.1650246862043474,13.072699999611359,120.07640000229003,135.31412468810572,one shared preloaded model
conv-48-qa-21,difference_prefix,2.1650246862043474,20.451199998205993,231.16080000181682,253.77702468622715,one shared preloaded model
conv-48-qa-22,difference_prefix,2.1650246862043474,15.740599999844562,479.3045999977039,497.2102246837528,one shared preloaded model
conv-48-qa-23,difference_prefix,2.1650246862043474,17.15449999755947,198.57090000004973,217.89042468381354,one shared preloaded model
conv-48-qa-24,difference_prefix,2.1650246862043474,16.780199999629986,191.83699999848614,210.78222468432045,one shared preloaded model
conv-48-qa-25,difference_prefix,2.1650246862043474,16.163100000994746,224.24019999743905,242.56832468463813,one shared preloaded model
conv-48-qa-26,difference_prefix,2.1650246862043474,13.201899993873667,148.60090000001946,163.96782468009746,one shared preloaded model
conv-48-qa-27,difference_prefix,2.1650246862043474,20.04970000416506,473.8345000005211,496.04922469089047,one shared preloaded model
conv-48-qa-28,difference_prefix,2.1650246862043474,16.94599999609636,208.31109999562614,227.42212467792683,one shared preloaded model
conv-48-qa-29,difference_prefix,2.1650246862043474,13.468199998897035,218.81330000178423,234.4465246868856,one shared preloaded model
conv-48-qa-30,difference_prefix,2.1650246862043474,16.015100001823157,500.26319999597035,518.4433246839978,one shared preloaded model
conv-48-qa-31,difference_prefix,2.1650246862043474,13.812800003506709,277.35470000334317,293.3325246930542,one shared preloaded model
conv-48-qa-32,difference_prefix,2.1650246862043474,12.69960000354331,160.28569999616593,175.15032468591357,one shared preloaded model
conv-48-qa-33,difference_prefix,2.1650246862043474,20.576899994921405,221.16879999521188,243.91072467633762,one shared preloaded model
conv-48-qa-34,difference_prefix,2.1650246862043474,14.13440000033006,218.0681000027107,234.3675246892451,one shared preloaded model
conv-48-qa-35,difference_prefix,2.1650246862043474,13.3819000038784,170.13069999666186,185.6776246867446,one shared preloaded model
conv-48-qa-36,difference_prefix,2.1650246862043474,15.207500000542495,208.48359999945387,225.8561246862007,one shared preloaded model
conv-48-qa-37,difference_prefix,2.1650246862043474,13.571499999670777,165.55569999763975,181.29222468351486,one shared preloaded model
conv-48-qa-38,difference_prefix,2.1650246862043474,20.419200001924764,331.52939999854425,354.11362468667335,one shared preloaded model
conv-48-qa-39,difference_prefix,2.1650246862043474,16.439699997135904,312.0702000014717,330.6749246848119,one shared preloaded model
conv-48-qa-40,difference_prefix,2.1650246862043474,17.35680000274442,172.67680000077235,192.1986246897211,one shared preloaded model
conv-48-qa-41,difference_prefix,2.1650246862043474,15.577400001347996,218.66289999888977,236.4053246864421,one shared preloaded model
conv-48-qa-42,difference_prefix,2.1650246862043474,13.588200003141537,207.8871000048821,223.64032469422796,one shared preloaded model
conv-48-qa-43,difference_prefix,2.1650246862043474,16.589999999268912,207.84940000157803,226.60442468705128,one shared preloaded model
conv-48-qa-44,difference_prefix,2.1650246862043474,12.66619999660179,231.2069999970845,246.03822467989062,one shared preloaded model
conv-48-qa-45,difference_prefix,2.1650246862043474,12.564600001496729,229.81090000394033,244.5405246916414,one shared preloaded model
conv-48-qa-46,difference_prefix,2.1650246862043474,15.134599998418707,214.6733999979915,231.97302468261455,one shared preloaded model
conv-48-qa-47,difference_prefix,2.1650246862043474,13.371200002438854,211.77509999688482,227.311324685528,one shared preloaded model
conv-48-qa-48,difference_prefix,2.1650246862043474,16.69219999894267,219.22110000014072,238.07832468528773,one shared preloaded model
conv-48-qa-49,difference_prefix,2.1650246862043474,13.38739999482641,168.18249999778345,183.7349246788142,one shared preloaded model
conv-48-qa-50,difference_prefix,2.1650246862043474,15.513300000748131,212.40150000085123,230.0798246878037,one shared preloaded model
conv-48-qa-51,difference_prefix,2.1650246862043474,17.225999996298924,498.90700000105426,518.2980246835575,one shared preloaded model
conv-48-qa-52,difference_prefix,2.1650246862043474,13.90959999844199,205.22680000431137,221.3014246889577,one shared preloaded model
conv-48-qa-53,difference_prefix,2.1650246862043474,13.112699998600874,202.07490000029793,217.35262468510314,one shared preloaded model
conv-48-qa-54,difference_prefix,2.1650246862043474,13.219000000390224,223.59590000269236,238.97992468928692,one shared preloaded model
conv-48-qa-55,difference_prefix,2.1650246862043474,14.268600003561005,207.0051999980933,223.43882468785864,one shared preloaded model
conv-48-qa-56,difference_prefix,2.1650246862043474,12.776399998983834,511.8838999987929,526.8253246839811,one shared preloaded model
conv-48-qa-57,difference_prefix,2.1650246862043474,17.073600000003353,524.226000001363,543.4646246875707,one shared preloaded model
conv-48-qa-58,difference_prefix,2.1650246862043474,12.751599999319296,216.7559000008623,231.67252468638594,one shared preloaded model
conv-48-qa-59,difference_prefix,2.1650246862043474,12.694499993813224,225.58450000360608,240.44402468362364,one shared preloaded model
conv-48-qa-60,difference_prefix,2.1650246862043474,15.442399999301415,494.03739999979734,511.6448246853031,one shared preloaded model
conv-48-qa-61,difference_prefix,2.1650246862043474,16.692400000465568,212.55560000281548,231.41302468948538,one shared preloaded model
conv-48-qa-62,difference_prefix,2.1650246862043474,17.038799996953458,217.96319999702973,237.16702468018752,one shared preloaded model
conv-48-qa-63,difference_prefix,2.1650246862043474,12.383900000713766,203.66749999811873,218.21642468503683,one shared preloaded model
conv-48-qa-64,difference_prefix,2.1650246862043474,14.426500005356502,121.50079999992158,138.09232469148242,one shared preloaded model
conv-48-qa-65,difference_prefix,2.1650246862043474,17.032299998390954,209.2052000007243,228.40252468531958,one shared preloaded model
conv-48-qa-66,difference_prefix,2.1650246862043474,16.672499994456302,97.24249999999302,116.08002468065366,one shared preloaded model
conv-48-qa-67,difference_prefix,2.1650246862043474,19.877400001860224,298.8381999966805,320.88062468474504,one shared preloaded model
conv-48-qa-68,difference_prefix,2.1650246862043474,16.35579999856418,220.71439999854192,239.23522468331043,one shared preloaded model
conv-48-qa-69,difference_prefix,2.1650246862043474,15.557299993815832,105.49449999962235,123.21682467964253,one shared preloaded model
conv-48-qa-70,difference_prefix,2.1650246862043474,20.520300000498537,222.8084999951534,245.49382468185627,one shared preloaded model
conv-48-qa-71,difference_prefix,2.1650246862043474,13.189099998271558,485.95940000086557,501.31352468534146,one shared preloaded model
conv-48-qa-72,difference_prefix,2.1650246862043474,17.546900002344046,204.1460999971605,223.85802468570887,one shared preloaded model
conv-48-qa-73,difference_prefix,2.1650246862043474,14.903100003721192,189.7462999986601,206.81442468858563,one shared preloaded model
conv-48-qa-74,difference_prefix,2.1650246862043474,20.997499996155966,511.34409999940544,534.5066246817657,one shared preloaded model
conv-48-qa-75,difference_prefix,2.1650246862043474,17.14880000508856,226.67360000195913,245.98742469325202,one shared preloaded model
conv-48-qa-76,difference_prefix,2.1650246862043474,13.425099998130463,489.43479999434203,505.0249246786768,one shared preloaded model
conv-48-qa-77,difference_prefix,2.1650246862043474,20.594399997207802,136.1174999983632,158.87692468177534,one shared preloaded model
conv-48-qa-78,difference_prefix,2.1650246862043474,20.74670000001788,207.6595999969868,230.571324683209,one shared preloaded model
conv-48-qa-79,difference_prefix,2.1650246862043474,12.449800000467803,121.87149999954272,136.48632468621486,one shared preloaded model
conv-48-qa-80,difference_prefix,2.1650246862043474,19.847300005494617,112.69449999963399,134.70682469133294,one shared preloaded model
conv-48-qa-81,difference_prefix,2.1650246862043474,20.344300006399862,209.25459999853047,231.76392469113466,one shared preloaded model
conv-48-qa-82,difference_prefix,2.1650246862043474,14.691500000481028,363.31280000013066,380.169324686816,one shared preloaded model
conv-48-qa-83,difference_prefix,2.1650246862043474,18.135400001483504,203.20590000483207,223.5063246925199,one shared preloaded model
conv-48-qa-84,difference_prefix,2.1650246862043474,12.973799995961599,238.86839999613585,254.00722467830178,one shared preloaded model
conv-48-qa-85,difference_prefix,2.1650246862043474,16.857100003107917,246.8836999978521,265.90582468716434,one shared preloaded model
conv-48-qa-86,difference_prefix,2.1650246862043474,14.351400001032744,209.7157000025618,226.23212468979887,one shared preloaded model
conv-48-qa-87,difference_prefix,2.1650246862043474,12.787499996193219,220.08549999736715,235.0380246797647,one shared preloaded model
conv-48-qa-88,difference_prefix,2.1650246862043474,17.044199994415976,483.8441999963834,503.0534246770037,one shared preloaded model
conv-48-qa-89,difference_prefix,2.1650246862043474,17.295000005105976,156.76270000403747,176.22272469534778,one shared preloaded model
conv-48-qa-90,difference_prefix,2.1650246862043474,19.856099999742582,202.9582000031951,224.979324689142,one shared preloaded model
conv-48-qa-91,difference_prefix,2.1650246862043474,13.443199997709598,180.83930000284454,196.44752468675847,one shared preloaded model
conv-48-qa-92,difference_prefix,2.1650246862043474,20.058800000697374,225.94739999476587,248.17122468166758,one shared preloaded model
conv-48-qa-93,difference_prefix,2.1650246862043474,13.162700000975747,218.5613999972702,233.88912468445028,one shared preloaded model
conv-48-qa-94,difference_prefix,2.1650246862043474,14.34980000340147,222.37290000339272,238.88772469299852,one shared preloaded model
conv-48-qa-95,difference_prefix,2.1650246862043474,12.524600002507214,200.30850000330247,214.99812469201402,one shared preloaded model
conv-48-qa-96,difference_prefix,2.1650246862043474,14.415600002394058,269.7593999982928,286.3400246868912,one shared preloaded model
conv-48-qa-97,difference_prefix,2.1650246862043474,13.515400001779199,109.91220000141766,125.5926246894012,one shared preloaded model
conv-48-qa-98,difference_prefix,2.1650246862043474,20.307499995396938,225.7536999968579,248.22622467845918,one shared preloaded model
conv-48-qa-99,difference_prefix,2.1650246862043474,13.939700002083555,517.9930000012973,534.0977246895852,one shared preloaded model
conv-48-qa-100,difference_prefix,2.1650246862043474,17.43729999725474,199.204100004863,218.80642468832207,one shared preloaded model
conv-48-qa-101,difference_prefix,2.1650246862043474,12.786400002369191,195.92630000261124,210.87772469118477,one shared preloaded model
conv-48-qa-102,difference_prefix,2.1650246862043474,17.547099996590987,113.79119999764953,133.50332468044485,one shared preloaded model
conv-48-qa-103,difference_prefix,2.1650246862043474,20.315800000389572,244.71379999886267,267.1946246854566,one shared preloaded model
conv-48-qa-104,difference_prefix,2.1650246862043474,14.97899999958463,220.2099000060116,237.35392469180056,one shared preloaded model
conv-48-qa-105,difference_prefix,2.1650246862043474,12.547199999971781,175.24799999955576,189.96022468573187,one shared preloaded model
conv-48-qa-106,difference_prefix,2.1650246862043474,21.294400001352187,226.2341999958153,249.6936246833718,one shared preloaded model
conv-48-qa-107,difference_prefix,2.1650246862043474,13.1693000002997,165.6580000053509,180.99232469185495,one shared preloaded model
conv-48-qa-108,difference_prefix,2.1650246862043474,20.061699993675575,210.41479999985313,232.64152467973304,one shared preloaded model
conv-48-qa-109,difference_prefix,2.1650246862043474,16.76980000047479,235.21749999781605,254.15232468449517,one shared preloaded model
conv-48-qa-110,difference_prefix,2.1650246862043474,15.712199994595721,387.4173999938648,405.2946246746649,one shared preloaded model
conv-48-qa-111,difference_prefix,2.1650246862043474,16.90269999380689,422.64009999780683,441.70782467781805,one shared preloaded model
conv-48-qa-112,difference_prefix,2.1650246862043474,15.33190000191098,318.3273999966332,335.8243246847485,one shared preloaded model
conv-48-qa-113,difference_prefix,2.1650246862043474,16.601299998001195,250.19590000010794,268.96222468431347,one shared preloaded model
conv-48-qa-114,difference_prefix,2.1650246862043474,17.032399999152403,578.7982000038028,597.9956246891595,one shared preloaded model
conv-48-qa-115,difference_prefix,2.1650246862043474,18.222599996079225,101.59180000482593,121.9794246871095,one shared preloaded model
conv-48-qa-116,difference_prefix,2.1650246862043474,20.434199999726843,218.311900003755,240.91112468968618,one shared preloaded model
conv-48-qa-117,difference_prefix,2.1650246862043474,17.070199995941948,389.32260000001406,408.55782468216034,one shared preloaded model
conv-48-qa-118,difference_prefix,2.1650246862043474,16.771099995821714,157.6363999993191,176.57252468134516,one shared preloaded model
conv-48-qa-119,difference_prefix,2.1650246862043474,20.383600000059232,209.26790000521578,231.81652469147934,one shared preloaded model
conv-48-qa-120,difference_prefix,2.1650246862043474,17.820300003222656,384.30179999704706,404.28712468647404,one shared preloaded model
conv-48-qa-121,difference_prefix,2.1650246862043474,17.653299997618888,196.37959999818122,216.19792468200444,one shared preloaded model
conv-48-qa-122,difference_prefix,2.1650246862043474,17.974400005186908,189.36769999709213,209.50712468848337,one shared preloaded model
conv-48-qa-123,difference_prefix,2.1650246862043474,20.89230000274256,337.4871999985771,360.544524687524,one shared preloaded model
conv-48-qa-124,difference_prefix,2.1650246862043474,17.2826999987592,227.50950000045123,246.95722468541476,one shared preloaded model
conv-48-qa-125,difference_prefix,2.1650246862043474,15.175900000031106,152.52229999896372,169.86322468519916,one shared preloaded model
conv-48-qa-126,difference_prefix,2.1650246862043474,20.341399998869747,253.1546000027447,275.6610246878188,one shared preloaded model
conv-48-qa-127,difference_prefix,2.1650246862043474,13.49599999957718,389.66310000250814,405.32412468828966,one shared preloaded model
conv-48-qa-128,difference_prefix,2.1650246862043474,17.186800003401004,118.26489999657497,137.6167246861803,one shared preloaded model
conv-48-qa-129,difference_prefix,2.1650246862043474,21.076800003356766,150.2325000037672,173.4743246933283,one shared preloaded model
conv-48-qa-130,difference_prefix,2.1650246862043474,20.132700003159698,472.2959999999148,494.5937246892788,one shared preloaded model
conv-48-qa-131,difference_prefix,2.1650246862043474,14.281200004916172,149.08290000312263,165.52912469424314,one shared preloaded model
conv-48-qa-132,difference_prefix,2.1650246862043474,20.50009999948088,209.80609999969602,232.47122468538123,one shared preloaded model
conv-48-qa-133,difference_prefix,2.1650246862043474,13.81050000054529,320.5228000006173,336.4983246873669,one shared preloaded model
conv-48-qa-134,difference_prefix,2.1650246862043474,16.57859999977518,162.64699999737786,181.39062468335737,one shared preloaded model
conv-48-qa-135,difference_prefix,2.1650246862043474,14.794100003200583,258.81130000198027,275.7704246913852,one shared preloaded model
conv-48-qa-136,difference_prefix,2.1650246862043474,14.41039999917848,335.145700002613,351.7211246879958,one shared preloaded model
conv-48-qa-137,difference_prefix,2.1650246862043474,16.74279999861028,114.41689999628579,133.3247246811004,one shared preloaded model
conv-48-qa-138,difference_prefix,2.1650246862043474,15.411799999128561,599.6107000028132,617.1875246881461,one shared preloaded model
conv-48-qa-139,difference_prefix,2.1650246862043474,14.358899999933783,973.4879000025103,990.0118246886484,one shared preloaded model
conv-48-qa-140,difference_prefix,2.1650246862043474,17.312600000877865,99.15069999988191,118.62832468696412,one shared preloaded model
conv-48-qa-141,difference_prefix,2.1650246862043474,20.50479999888921,366.8561000013142,389.52592468640773,one shared preloaded model
conv-48-qa-142,difference_prefix,2.1650246862043474,17.913199997565243,441.292199997406,461.37042468117556,one shared preloaded model
conv-48-qa-143,difference_prefix,2.1650246862043474,19.519399997079745,477.72790000453824,499.4123246878223,one shared preloaded model
conv-48-qa-144,difference_prefix,2.1650246862043474,17.112599998654332,215.73009999701753,235.0077246818762,one shared preloaded model
conv-48-qa-145,difference_prefix,2.1650246862043474,13.414699998975266,275.4127999942284,290.992524679408,one shared preloaded model
conv-48-qa-146,difference_prefix,2.1650246862043474,13.320899997779634,165.63740000128746,181.12332468527143,one shared preloaded model
conv-48-qa-147,difference_prefix,2.1650246862043474,18.809400004101917,149.35359999799402,170.32802468830027,one shared preloaded model
conv-48-qa-148,difference_prefix,2.1650246862043474,21.16810000006808,137.78099999763072,161.11412468390313,one shared preloaded model
conv-48-qa-149,difference_prefix,2.1650246862043474,20.504300002357922,256.6288999951212,279.29822468368343,one shared preloaded model
conv-48-qa-150,difference_prefix,2.1650246862043474,15.84529999672668,227.99350000423146,246.00382468716248,one shared preloaded model
conv-48-qa-151,difference_prefix,2.1650246862043474,14.80470000387868,131.57849999697646,148.54822468705947,one shared preloaded model
conv-48-qa-152,difference_prefix,2.1650246862043474,21.11929999955464,708.0382999993162,731.3226246850752,one shared preloaded model
conv-48-qa-153,difference_prefix,2.1650246862043474,17.547099996590987,688.5753999958979,708.2875246786932,one shared preloaded model
conv-48-qa-154,difference_prefix,2.1650246862043474,14.701200001582038,203.45209999504732,220.3183246828337,one shared preloaded model
conv-48-qa-155,difference_prefix,2.1650246862043474,13.509700002032332,249.1675000055693,264.842224693806,one shared preloaded model
conv-48-qa-156,difference_prefix,2.1650246862043474,16.64850000088336,205.4673000020557,224.2808246891434,one shared preloaded model
conv-48-qa-157,difference_prefix,2.1650246862043474,13.809900003252551,151.52649999799905,167.50142468745594,one shared preloaded model
conv-48-qa-158,difference_prefix,2.1650246862043474,22.279400000115857,211.6625999988173,236.1070246851375,one shared preloaded model
conv-48-qa-159,difference_prefix,2.1650246862043474,12.805200000002515,474.2178999949829,489.1881246811897,one shared preloaded model
conv-48-qa-160,difference_prefix,2.1650246862043474,17.5706000009086,205.07600000564707,224.81162469276,one shared preloaded model
conv-48-qa-161,difference_prefix,2.1650246862043474,18.623300005856436,197.67980000324314,218.4681246953039,one shared preloaded model
conv-48-qa-162,difference_prefix,2.1650246862043474,13.721100003749598,221.20690000156173,237.09302469151567,one shared preloaded model
conv-48-qa-163,difference_prefix,2.1650246862043474,14.307999997981824,300.4383000006783,316.91132468486444,one shared preloaded model
conv-48-qa-164,difference_prefix,2.1650246862043474,13.223300004028715,121.44640000042273,136.83472469065578,one shared preloaded model
conv-48-qa-165,difference_prefix,2.1650246862043474,20.81449999968754,131.49080000584945,154.47032469174133,one shared preloaded model
conv-48-qa-166,difference_prefix,2.1650246862043474,19.972000001871493,358.2680000035907,380.40502469166654,one shared preloaded model
conv-48-qa-167,difference_prefix,2.1650246862043474,17.796400003135204,313.45539999892935,333.4168246882689,one shared preloaded model
conv-48-qa-168,difference_prefix,2.1650246862043474,13.103799996315502,214.25599999929545,229.5248246818153,one shared preloaded model
conv-48-qa-169,difference_prefix,2.1650246862043474,13.200299996242393,274.36350000061793,289.72882468306466,one shared preloaded model
conv-48-qa-170,difference_prefix,2.1650246862043474,13.627300002553966,421.03119999956107,436.82352468831937,one shared preloaded model
conv-48-qa-171,difference_prefix,2.1650246862043474,14.765100000659004,118.53460000565974,135.46472469252308,one shared preloaded model
conv-48-qa-172,difference_prefix,2.1650246862043474,20.74039999570232,216.47130000201287,239.37672468391952,one shared preloaded model
conv-48-qa-173,difference_prefix,2.1650246862043474,13.962000004539732,205.19490000151563,221.3219246922597,one shared preloaded model
conv-48-qa-174,difference_prefix,2.1650246862043474,16.625800002657343,168.98389999551,187.77472468437168,one shared preloaded model
conv-48-qa-175,difference_prefix,2.1650246862043474,20.15160000155447,239.23130000184756,261.54792468960636,one shared preloaded model
conv-48-qa-176,difference_prefix,2.1650246862043474,18.658200002391823,249.8775999993086,270.70082468790474,one shared preloaded model
conv-48-qa-177,difference_prefix,2.1650246862043474,17.43949999945471,206.43099999870174,226.03552468436078,one shared preloaded model
conv-48-qa-178,difference_prefix,2.1650246862043474,16.697699997166637,308.14079999981914,327.0035246831901,one shared preloaded model
conv-48-qa-179,difference_prefix,2.1650246862043474,12.683799999649636,211.94250000553438,226.79132469138835,one shared preloaded model
conv-48-qa-180,difference_prefix,2.1650246862043474,16.748499998357147,250.04269999772077,268.95622468228225,one shared preloaded model
conv-48-qa-181,difference_prefix,2.1650246862043474,14.219900003809016,228.682499997376,245.06742468738935,one shared preloaded model
conv-48-qa-182,difference_prefix,2.1650246862043474,13.476500003889669,156.23809999669902,171.87962468679302,one shared preloaded model
conv-48-qa-183,difference_prefix,2.1650246862043474,20.223500003339723,263.39439999719616,285.7829246867402,one shared preloaded model
conv-48-qa-184,difference_prefix,2.1650246862043474,13.298300000315066,215.8013000007486,231.264624687268,one shared preloaded model
conv-48-qa-185,difference_prefix,2.1650246862043474,13.188999997510109,146.6770000042743,162.03102468798875,one shared preloaded model
conv-48-qa-186,difference_prefix,2.1650246862043474,15.348699998867232,214.34600000065984,231.8597246857314,one shared preloaded model
conv-48-qa-187,difference_prefix,2.1650246862043474,15.373099995485973,232.2855999955209,249.8237246772112,one shared preloaded model
conv-48-qa-188,difference_prefix,2.1650246862043474,12.90280000102939,217.80410000064876,232.87192468788248,one shared preloaded model
conv-48-qa-189,difference_prefix,2.1650246862043474,17.81499999924563,206.53820000006817,226.51822468551813,one shared preloaded model
conv-48-qa-190,difference_prefix,2.1650246862043474,13.314299998455681,266.9253000058234,282.4046246904834,one shared preloaded model
conv-48-qa-191,difference_prefix,2.1650246862043474,17.175199995108414,203.0014999982086,222.34172467952135,one shared preloaded model
conv-48-qa-192,difference_prefix,2.1650246862043474,15.32230000157142,220.62719999667024,238.114524684446,one shared preloaded model
conv-48-qa-193,difference_prefix,2.1650246862043474,13.383600002271123,194.62899999780348,210.17762468627893,one shared preloaded model
conv-48-qa-194,difference_prefix,2.1650246862043474,14.83860000007553,215.99219999916386,232.99582468544372,one shared preloaded model
conv-48-qa-195,difference_prefix,2.1650246862043474,13.347300002351403,223.8902000026428,239.40252469119855,one shared preloaded model
conv-48-qa-196,difference_prefix,2.1650246862043474,14.896599997882731,513.2110000049579,530.272624689045,one shared preloaded model
conv-48-qa-197,difference_prefix,2.1650246862043474,17.5634999977774,207.5870999979088,227.31562468189054,one shared preloaded model
conv-48-qa-198,difference_prefix,2.1650246862043474,17.6664000027813,199.54789999610512,219.37932468509075,one shared preloaded model
conv-48-qa-199,difference_prefix,2.1650246862043474,13.852600000973325,217.044299999543,233.06192468672066,one shared preloaded model
conv-48-qa-200,difference_prefix,2.1650246862043474,16.475799995532725,407.2842000023229,425.92502468405996,one shared preloaded model
conv-48-qa-201,difference_prefix,2.1650246862043474,16.463600004499312,212.9659999991418,231.59462468984543,one shared preloaded model
conv-48-qa-202,difference_prefix,2.1650246862043474,13.417699999990873,195.5798999988474,211.1626246850426,one shared preloaded model
conv-48-qa-203,difference_prefix,2.1650246862043474,14.859200004138984,229.01960000308463,246.04382469342795,one shared preloaded model
conv-48-qa-204,difference_prefix,2.1650246862043474,13.372600005823188,221.31829999852926,236.85592469055678,one shared preloaded model
conv-48-qa-205,difference_prefix,2.1650246862043474,14.687299997603986,223.75240000110352,240.60472468491184,one shared preloaded model
conv-48-qa-206,difference_prefix,2.1650246862043474,13.032800001383293,220.50970000418602,235.70752469177364,one shared preloaded model
conv-48-qa-207,difference_prefix,2.1650246862043474,13.627299995278008,202.8000999998767,218.59242468135903,one shared preloaded model
conv-48-qa-208,difference_prefix,2.1650246862043474,13.477899999998044,209.0611000021454,224.70402468834777,one shared preloaded model
conv-48-qa-209,difference_prefix,2.1650246862043474,14.23369999974966,205.27579999907175,221.67452468502574,one shared preloaded model
conv-48-qa-210,difference_prefix,2.1650246862043474,13.831100004608743,968.6518000016804,984.6479246924935,one shared preloaded model
conv-48-qa-211,difference_prefix,2.1650246862043474,17.255200000363402,183.75380000361474,203.17402469018248,one shared preloaded model
conv-48-qa-212,difference_prefix,2.1650246862043474,20.04750000196509,172.7619000012055,194.97442468937493,one shared preloaded model
conv-48-qa-213,difference_prefix,2.1650246862043474,15.973199995642062,218.0166999969515,236.1549246787979,one shared preloaded model
conv-48-qa-214,difference_prefix,2.1650246862043474,14.749599999049678,217.37020000000484,234.28482468525885,one shared preloaded model
conv-48-qa-215,difference_prefix,2.1650246862043474,14.135700002952944,225.66399999777786,241.96472468693514,one shared preloaded model
conv-48-qa-216,difference_prefix,2.1650246862043474,14.101100001425948,503.5723999972106,519.8385246848409,one shared preloaded model
conv-48-qa-217,difference_prefix,2.1650246862043474,17.920599995704833,159.3319000021438,179.41752468405298,one shared preloaded model
conv-48-qa-218,difference_prefix,2.1650246862043474,17.804699993575923,209.90509999683127,229.87482467661152,one shared preloaded model
conv-48-qa-219,difference_prefix,2.1650246862043474,15.138399998249952,229.76300000300398,247.06642468745827,one shared preloaded model
conv-48-qa-220,difference_prefix,2.1650246862043474,15.144600001804065,466.87110000493703,484.18072469294543,one shared preloaded model
conv-48-qa-221,difference_prefix,2.1650246862043474,14.911799997207709,217.24920000269776,234.3260246861098,one shared preloaded model
conv-48-qa-222,difference_prefix,2.1650246862043474,14.319000001705717,478.00550000101794,494.489524688928,one shared preloaded model
conv-48-qa-223,difference_prefix,2.1650246862043474,14.044100003957283,194.60159999289317,210.8107246830548,one shared preloaded model
conv-48-qa-224,difference_prefix,2.1650246862043474,14.972600001783576,190.00080000114394,207.13842468913185,one shared preloaded model
conv-48-qa-225,difference_prefix,2.1650246862043474,20.453099998121615,228.7849000058486,251.40302469017456,one shared preloaded model
conv-48-qa-226,difference_prefix,2.1650246862043474,13.190000005124602,217.00359999522334,232.35862468655228,one shared preloaded model
conv-48-qa-227,difference_prefix,2.1650246862043474,14.706399997521657,169.77760000008857,186.64902468381456,one shared preloaded model
conv-48-qa-228,difference_prefix,2.1650246862043474,18.790000001899898,212.361999998393,233.31702468649723,one shared preloaded model
conv-48-qa-229,difference_prefix,2.1650246862043474,14.098899999225978,367.74500000319676,384.0089246886271,one shared preloaded model
conv-48-qa-230,difference_prefix,2.1650246862043474,13.99200000014389,231.81849999673432,247.97552468308254,one shared preloaded model
conv-48-qa-231,difference_prefix,2.1650246862043474,13.67440000467468,209.81819999724394,225.65762468812295,one shared preloaded model
conv-48-qa-232,difference_prefix,2.1650246862043474,14.871400002448354,173.47979999613017,190.51622468478286,one shared preloaded model
conv-48-qa-233,difference_prefix,2.1650246862043474,20.315699999628123,199.6521999972174,222.13292468304985,one shared preloaded model
conv-48-qa-234,difference_prefix,2.1650246862043474,13.655800001288299,203.06540000456152,218.88622469205416,one shared preloaded model
conv-48-qa-235,difference_prefix,2.1650246862043474,17.368200002238154,222.48169999511447,242.01492468355696,one shared preloaded model
conv-48-qa-236,difference_prefix,2.1650246862043474,14.678799998364411,217.53270000044722,234.37652468501597,one shared preloaded model
conv-48-qa-237,difference_prefix,2.1650246862043474,15.846199996303767,217.08790000411682,235.09912468662492,one shared preloaded model
conv-48-qa-238,difference_prefix,2.1650246862043474,13.454600004479289,195.33070000034058,210.9503246910242,one shared preloaded model
conv-49-qa-0,difference_prefix,2.105231632654346,19.64560000487836,151.4415999990888,173.1924316366215,one shared preloaded model
conv-49-qa-1,difference_prefix,2.105231632654346,20.259299999452196,226.48900000058347,248.85353163269002,one shared preloaded model
conv-49-qa-2,difference_prefix,2.105231632654346,13.159799993445631,161.35389999544714,176.61893162154712,one shared preloaded model
conv-49-qa-3,difference_prefix,2.105231632654346,19.927900000766385,122.37789999926463,144.41103163268536,one shared preloaded model
conv-49-qa-4,difference_prefix,2.105231632654346,20.257799995306414,219.6650999976555,242.02813162561625,one shared preloaded model
conv-49-qa-5,difference_prefix,2.105231632654346,14.830100000835955,117.66839999472722,134.60373162821753,one shared preloaded model
conv-49-qa-6,difference_prefix,2.105231632654346,19.877699996868614,109.40789999585832,131.39083162538128,one shared preloaded model
conv-49-qa-7,difference_prefix,2.105231632654346,20.20289999927627,143.49689999653492,165.80503162846554,one shared preloaded model
conv-49-qa-8,difference_prefix,2.105231632654346,22.40130000427598,222.58549999969546,247.0920316366258,one shared preloaded model
conv-49-qa-9,difference_prefix,2.105231632654346,12.4292999971658,497.9278999962844,512.4624316261045,one shared preloaded model
conv-49-qa-10,difference_prefix,2.105231632654346,13.269099996250588,275.02539999841247,290.3997316273174,one shared preloaded model
conv-49-qa-11,difference_prefix,2.105231632654346,16.1286000002292,219.72919999825535,237.9630316311389,one shared preloaded model
conv-49-qa-12,difference_prefix,2.105231632654346,15.418199996929616,515.5228000003262,533.0462316299102,one shared preloaded model
conv-49-qa-13,difference_prefix,2.105231632654346,17.685799997707363,478.09330000018235,497.88433163054407,one shared preloaded model
conv-49-qa-14,difference_prefix,2.105231632654346,16.598100002738647,223.21560000273166,241.91893163812466,one shared preloaded model
conv-49-qa-15,difference_prefix,2.105231632654346,12.843299999076407,210.30549999704817,225.25403162877893,one shared preloaded model
conv-49-qa-16,difference_prefix,2.105231632654346,14.344799994432833,184.34569999953965,200.79573162662683,one shared preloaded model
conv-49-qa-17,difference_prefix,2.105231632654346,20.31669999996666,213.7488000007579,236.17073163337892,one shared preloaded model
conv-49-qa-18,difference_prefix,2.105231632654346,14.584299999114592,223.5445999976946,240.23413162946355,one shared preloaded model
conv-49-qa-19,difference_prefix,2.105231632654346,17.69639999838546,611.026500002481,630.8281316335208,one shared preloaded model
conv-49-qa-20,difference_prefix,2.105231632654346,18.27890000276966,158.42710000288207,178.81123163830608,one shared preloaded model
conv-49-qa-21,difference_prefix,2.105231632654346,14.728499998454936,436.33889999910025,453.17263163020954,one shared preloaded model
conv-49-qa-22,difference_prefix,2.105231632654346,17.455499997595325,215.38219999638386,234.94293162663354,one shared preloaded model
conv-49-qa-23,difference_prefix,2.105231632654346,16.637199994875118,494.612499998766,513.3549316262954,one shared preloaded model
conv-49-qa-24,difference_prefix,2.105231632654346,17.078199998650234,233.11929999908898,252.30273163039357,one shared preloaded model
conv-49-qa-25,difference_prefix,2.105231632654346,14.308399993751664,224.87250000267522,241.28613162908124,one shared preloaded model
conv-49-qa-26,difference_prefix,2.105231632654346,14.143799999146722,326.33589999750257,342.58493162930364,one shared preloaded model
conv-49-qa-27,difference_prefix,2.105231632654346,14.462499995715916,233.717399998568,250.28513162693827,one shared preloaded model
conv-49-qa-28,difference_prefix,2.105231632654346,14.31379999849014,225.78249999787658,242.20153162902108,one shared preloaded model
conv-49-qa-29,difference_prefix,2.105231632654346,13.269800001580734,172.23659999581287,187.61163163004795,one shared preloaded model
conv-49-qa-30,difference_prefix,2.105231632654346,19.826499999908265,458.5413000022527,480.4730316348153,one shared preloaded model
conv-49-qa-31,difference_prefix,2.105231632654346,19.112399997538887,222.58789999614237,243.8055316263356,one shared preloaded model
conv-49-qa-32,difference_prefix,2.105231632654346,13.471300000674091,229.47549999662442,245.05203162995286,one shared preloaded model
conv-49-qa-33,difference_prefix,2.105231632654346,15.274799996404909,261.4912999997614,278.87133162882066,one shared preloaded model
conv-49-qa-34,difference_prefix,2.105231632654346,14.775199997529853,248.19120000029216,265.07163163047636,one shared preloaded model
conv-49-qa-35,difference_prefix,2.105231632654346,13.3096999998088,495.31240000214893,510.7273316346121,one shared preloaded model
conv-49-qa-36,difference_prefix,2.105231632654346,16.822199999296572,474.2471999998088,493.1746316317597,one shared preloaded model
conv-49-qa-37,difference_prefix,2.105231632654346,17.29130000603618,236.02490000484977,255.4214316435403,one shared preloaded model
conv-49-qa-38,difference_prefix,2.105231632654346,15.553199998976197,390.44009999634,408.09853162797054,one shared preloaded model
conv-49-qa-39,difference_prefix,2.105231632654346,16.990500000247266,114.22369999490911,133.31943162781073,one shared preloaded model
conv-49-qa-40,difference_prefix,2.105231632654346,19.853000005241483,207.129199996416,229.08743163431183,one shared preloaded model
conv-49-qa-41,difference_prefix,2.105231632654346,13.98410000547301,218.36769999936223,234.4570316374896,one shared preloaded model
conv-49-qa-42,difference_prefix,2.105231632654346,13.362900004722178,731.0653000022285,746.5334316396049,one shared preloaded model
conv-49-qa-43,difference_prefix,2.105231632654346,17.28279999952065,235.3612000006251,254.7492316328001,one shared preloaded model
conv-49-qa-44,difference_prefix,2.105231632654346,13.586100001703016,165.02639999816893,180.7177316325263,one shared preloaded model
conv-49-qa-45,difference_prefix,2.105231632654346,20.334000000730157,225.43880000011995,247.87803163350446,one shared preloaded model
conv-49-qa-46,difference_prefix,2.105231632654346,15.768400000524707,621.6721000018879,639.5457316350669,one shared preloaded model
conv-49-qa-47,difference_prefix,2.105231632654346,17.511099998955615,574.9233000024105,594.5396316340205,one shared preloaded model
conv-49-qa-48,difference_prefix,2.105231632654346,16.810000000987202,290.3169999990496,309.23223163269114,one shared preloaded model
conv-49-qa-49,difference_prefix,2.105231632654346,14.333200000692159,207.45009999518516,223.88853162853167,one shared preloaded model
conv-49-qa-50,difference_prefix,2.105231632654346,13.448300000163727,229.44090000237338,244.99443163519146,one shared preloaded model
conv-49-qa-51,difference_prefix,2.105231632654346,17.566899994562846,203.83140000194544,223.50353162916264,one shared preloaded model
conv-49-qa-52,difference_prefix,2.105231632654346,16.847900005814154,455.0350999998045,473.988231638273,one shared preloaded model
conv-49-qa-53,difference_prefix,2.105231632654346,17.044399995938875,153.85800000512972,173.00763163372295,one shared preloaded model
conv-49-qa-54,difference_prefix,2.105231632654346,19.366799999261275,374.46929999714484,395.94133162906047,one shared preloaded model
conv-49-qa-55,difference_prefix,2.105231632654346,16.969699994660914,228.33499999978812,247.4099316271034,one shared preloaded model
conv-49-qa-56,difference_prefix,2.105231632654346,13.964400000986643,244.48080000001937,260.55043163366037,one shared preloaded model
conv-49-qa-57,difference_prefix,2.105231632654346,14.696400001412258,229.5561000064481,246.35773164051471,one shared preloaded model
conv-49-qa-58,difference_prefix,2.105231632654346,16.53039999655448,188.35200000467012,206.98763163387895,one shared preloaded model
conv-49-qa-59,difference_prefix,2.105231632654346,19.961700003477745,491.4019999996526,513.4689316357847,one shared preloaded model
conv-49-qa-60,difference_prefix,2.105231632654346,16.7693000039435,179.42539999785367,198.29993163445153,one shared preloaded model
conv-49-qa-61,difference_prefix,2.105231632654346,19.765299999562558,216.29359999496955,238.16413162718646,one shared preloaded model
conv-49-qa-62,difference_prefix,2.105231632654346,15.100699994945899,210.42470000247704,227.6306316300773,one shared preloaded model
conv-49-qa-63,difference_prefix,2.105231632654346,14.382299996213987,210.24120000220137,226.7287316310697,one shared preloaded model
conv-49-qa-64,difference_prefix,2.105231632654346,13.73299999977462,204.35210000141524,220.1903316338442,one shared preloaded model
conv-49-qa-65,difference_prefix,2.105231632654346,15.011200004664715,207.35929999500513,224.4757316323242,one shared preloaded model
conv-49-qa-66,difference_prefix,2.105231632654346,12.898699998913798,477.7710999987903,492.77503163035846,one shared preloaded model
conv-49-qa-67,difference_prefix,2.105231632654346,13.25889999861829,199.51749999745516,214.8816316287278,one shared preloaded model
conv-49-qa-68,difference_prefix,2.105231632654346,16.26869999745395,222.16309999930672,240.53703162941503,one shared preloaded model
conv-49-qa-69,difference_prefix,2.105231632654346,13.921599995228462,206.5526000005775,222.57943162846033,one shared preloaded model
conv-49-qa-70,difference_prefix,2.105231632654346,13.12859999598004,226.692299998831,241.9261316274654,one shared preloaded model
conv-49-qa-71,difference_prefix,2.105231632654346,15.455000000656582,216.48930000083055,234.0495316341415,one shared preloaded model
conv-49-qa-72,difference_prefix,2.105231632654346,14.593100000638515,440.3502999994089,457.04863163270176,one shared preloaded model
conv-49-qa-73,difference_prefix,2.105231632654346,16.44069999747444,160.81020000274293,179.35613163287172,one shared preloaded model
conv-49-qa-74,difference_prefix,2.105231632654346,19.38959999824874,503.5228000051575,525.0176316360605,one shared preloaded model
conv-49-qa-75,difference_prefix,2.105231632654346,16.551099994103424,446.6084999949089,465.2648316216667,one shared preloaded model
conv-49-qa-76,difference_prefix,2.105231632654346,16.87080000556307,116.0710999974981,135.04713163571552,one shared preloaded model
conv-49-qa-77,difference_prefix,2.105231632654346,20.046300000103656,193.9215999955195,216.0731316282775,one shared preloaded model
conv-49-qa-78,difference_prefix,2.105231632654346,14.794100003200583,114.72679999860702,131.62613163446196,one shared preloaded model
conv-49-qa-79,difference_prefix,2.105231632654346,17.535899998620152,153.46109999518376,173.10223162645826,one shared preloaded model
conv-49-qa-80,difference_prefix,2.105231632654346,20.031300002301577,515.3117000008933,537.4482316358492,one shared preloaded model
conv-49-qa-81,difference_prefix,2.105231632654346,13.497300002200063,164.31490000104532,179.91743163589973,one shared preloaded model
conv-49-qa-82,difference_prefix,2.105231632654346,14.880800001265015,144.20000000245636,161.18603163637573,one shared preloaded model
conv-49-qa-83,difference_prefix,2.105231632654346,15.938899996399414,153.57049999875017,171.61463162780393,one shared preloaded model
conv-49-qa-84,difference_prefix,2.105231632654346,20.11330000095768,217.39859999797773,239.61713163158976,one shared preloaded model
conv-49-qa-85,difference_prefix,2.105231632654346,12.824100005673245,369.41619999561226,384.34553163393986,one shared preloaded model
conv-49-qa-86,difference_prefix,2.105231632654346,18.155099998693913,229.27319999871543,249.5335316300637,one shared preloaded model
conv-49-qa-87,difference_prefix,2.105231632654346,13.221900000644382,165.27670000505168,180.6038316383504,one shared preloaded model
conv-49-qa-88,difference_prefix,2.105231632654346,20.266200001060497,181.5169999972568,203.88843163097164,one shared preloaded model
conv-49-qa-89,difference_prefix,2.105231632654346,20.196999998006504,237.07719999947585,259.3794316301367,one shared preloaded model
conv-49-qa-90,difference_prefix,2.105231632654346,17.24679999460932,321.8443000005209,341.19633162778456,one shared preloaded model
conv-49-qa-91,difference_prefix,2.105231632654346,17.102500001783483,262.74199999897974,281.94973163341757,one shared preloaded model
conv-49-qa-92,difference_prefix,2.105231632654346,13.791999997920357,294.98559999774443,310.88283162831914,one shared preloaded model
conv-49-qa-93,difference_prefix,2.105231632654346,16.12310000200523,228.52850000344915,246.75683163810874,one shared preloaded model
conv-49-qa-94,difference_prefix,2.105231632654346,17.290499999944586,261.7640000025858,281.15973163518476,one shared preloaded model
conv-49-qa-95,difference_prefix,2.105231632654346,12.887600001704413,233.7455000015325,248.73833163589126,one shared preloaded model
conv-49-qa-96,difference_prefix,2.105231632654346,14.027600002009422,407.7474000005168,423.88023163518056,one shared preloaded model
conv-49-qa-97,difference_prefix,2.105231632654346,16.45670000289101,546.6680999961682,565.2300316317135,one shared preloaded model
conv-49-qa-98,difference_prefix,2.105231632654346,13.003399995795917,81.74940000026254,96.85803162871281,one shared preloaded model
conv-49-qa-99,difference_prefix,2.105231632654346,16.02439999987837,183.62049999996088,201.7501316324936,one shared preloaded model
conv-49-qa-100,difference_prefix,2.105231632654346,21.000000000640284,192.9699000029359,216.07513163623054,one shared preloaded model
conv-49-qa-101,difference_prefix,2.105231632654346,17.638900004385505,212.38930000254186,232.13343163958172,one shared preloaded model
conv-49-qa-102,difference_prefix,2.105231632654346,15.146500001719687,186.52579999616137,203.7775316305354,one shared preloaded model
conv-49-qa-103,difference_prefix,2.105231632654346,22.67289999872446,203.53639999666484,228.31453162804365,one shared preloaded model
conv-49-qa-104,difference_prefix,2.105231632654346,13.223099995229859,339.88980000140145,355.21813162928566,one shared preloaded model
conv-49-qa-105,difference_prefix,2.105231632654346,16.65569999750005,132.45369999640388,151.2146316265583,one shared preloaded model
conv-49-qa-106,difference_prefix,2.105231632654346,20.888599996396806,175.4298999949242,198.42373162397536,one shared preloaded model
conv-49-qa-107,difference_prefix,2.105231632654346,13.931000001321081,209.42230000218842,225.45853163616385,one shared preloaded model
conv-49-qa-108,difference_prefix,2.105231632654346,16.73319999827072,190.35730000177864,209.1957316327037,one shared preloaded model
conv-49-qa-109,difference_prefix,2.105231632654346,16.740700004447717,220.55390000605257,239.39983164315464,one shared preloaded model
conv-49-qa-110,difference_prefix,2.105231632654346,13.335600000573322,213.54129999963334,228.982131632861,one shared preloaded model
conv-49-qa-111,difference_prefix,2.105231632654346,13.250600000901613,170.36240000015823,185.7182316337142,one shared preloaded model
conv-49-qa-112,difference_prefix,2.105231632654346,20.141399996646214,446.60190000286093,468.8485316321615,one shared preloaded model
conv-49-qa-113,difference_prefix,2.105231632654346,13.119100003677886,187.6399999964633,202.86433163279554,one shared preloaded model
conv-49-qa-114,difference_prefix,2.105231632654346,20.12220000324305,140.9404000005452,163.1678316364426,one shared preloaded model
conv-49-qa-115,difference_prefix,2.105231632654346,20.257000003766734,129.38089999806834,151.74313163448943,one shared preloaded model
conv-49-qa-116,difference_prefix,2.105231632654346,19.87119999830611,385.54629999998724,407.5227316309477,one shared preloaded model
conv-49-qa-117,difference_prefix,2.105231632654346,14.137799997115508,168.22659999888856,184.46963162865842,one shared preloaded model
conv-49-qa-118,difference_prefix,2.105231632654346,19.86390000092797,233.96730000240495,255.93643163598728,one shared preloaded model
conv-49-qa-119,difference_prefix,2.105231632654346,12.809399995603599,217.87179999955697,232.78643162781492,one shared preloaded model
conv-49-qa-120,difference_prefix,2.105231632654346,13.850399998773355,396.4627000023029,412.4183316337306,one shared preloaded model
conv-49-qa-121,difference_prefix,2.105231632654346,14.116099999228027,141.16369999828748,157.38503163016986,one shared preloaded model
conv-49-qa-122,difference_prefix,2.105231632654346,20.02379999612458,220.04049999668496,242.1695316254639,one shared preloaded model
conv-49-qa-123,difference_prefix,2.105231632654346,13.233400000899564,234.35939999762923,249.69803163118314,one shared preloaded model
conv-49-qa-124,difference_prefix,2.105231632654346,14.898499997798353,105.56519999954617,122.56893162999887,one shared preloaded model
conv-49-qa-125,difference_prefix,2.105231632654346,19.74799999879906,215.65369999734685,237.50693162880026,one shared preloaded model
conv-49-qa-126,difference_prefix,2.105231632654346,16.162600004463457,152.68229999492178,170.9501316320396,one shared preloaded model
conv-49-qa-127,difference_prefix,2.105231632654346,20.651300001190975,542.3341999994591,565.0907316333044,one shared preloaded model
conv-49-qa-128,difference_prefix,2.105231632654346,16.688900002918672,372.6972000004025,391.49133163597554,one shared preloaded model
conv-49-qa-129,difference_prefix,2.105231632654346,17.95700000366196,257.31809999706456,277.3803316333809,one shared preloaded model
conv-49-qa-130,difference_prefix,2.105231632654346,13.534999998228159,210.22260000609094,225.86283163697345,one shared preloaded model
conv-49-qa-131,difference_prefix,2.105231632654346,13.693299995793495,142.63470000150846,158.4332316299563,one shared preloaded model
conv-49-qa-132,difference_prefix,2.105231632654346,16.521099998499267,462.49550000356976,481.1218316347234,one shared preloaded model
conv-49-qa-133,difference_prefix,2.105231632654346,17.93589999579126,652.5101000006543,672.5512316290999,one shared preloaded model
conv-49-qa-134,difference_prefix,2.105231632654346,16.766200002166443,158.75189999496797,177.62333162978877,one shared preloaded model
conv-49-qa-135,difference_prefix,2.105231632654346,19.649699999717996,206.3616000014008,228.11653163377315,one shared preloaded model
conv-49-qa-136,difference_prefix,2.105231632654346,13.337800002773292,334.9515999943833,350.39463162981093,one shared preloaded model
conv-49-qa-137,difference_prefix,2.105231632654346,13.289700000314042,147.8027999983169,163.1977316312853,one shared preloaded model
conv-49-qa-138,difference_prefix,2.105231632654346,18.774099997244775,203.79530000354862,224.67463163344775,one shared preloaded model
conv-49-qa-139,difference_prefix,2.105231632654346,12.848799997300375,302.8807999944547,317.83483162440945,one shared preloaded model
conv-49-qa-140,difference_prefix,2.105231632654346,14.760400001250673,357.08860000158893,373.95423163549395,one shared preloaded model
conv-49-qa-141,difference_prefix,2.105231632654346,13.73559999774443,225.17079999670386,241.01163162710264,one shared preloaded model
conv-49-qa-142,difference_prefix,2.105231632654346,12.659699998039287,844.5091999965371,859.2741316272306,one shared preloaded model
conv-49-qa-143,difference_prefix,2.105231632654346,17.3958000013954,217.73060000123223,237.23163163528199,one shared preloaded model
conv-49-qa-144,difference_prefix,2.105231632654346,13.22739999886835,224.31459999643266,239.64723162795536,one shared preloaded model
conv-49-qa-145,difference_prefix,2.105231632654346,14.380400003574323,336.8360999957076,353.3217316319363,one shared preloaded model
conv-49-qa-146,difference_prefix,2.105231632654346,18.370699996012263,428.0508000010741,448.5267316297407,one shared preloaded model
conv-49-qa-147,difference_prefix,2.105231632654346,13.629499997477978,219.86800000013318,235.6027316302655,one shared preloaded model
conv-49-qa-148,difference_prefix,2.105231632654346,16.980300002614968,239.05799999920418,258.1435316344735,one shared preloaded model
conv-49-qa-149,difference_prefix,2.105231632654346,14.361699999426492,212.30739999737125,228.7743316294521,one shared preloaded model
conv-49-qa-150,difference_prefix,2.105231632654346,13.479599998390768,284.4336000052863,300.0184316363314,one shared preloaded model
conv-49-qa-151,difference_prefix,2.105231632654346,13.321099999302533,213.42539999750443,228.8517316294613,one shared preloaded model
conv-49-qa-152,difference_prefix,2.105231632654346,16.56830000138143,150.50730000075419,169.18083163478997,one shared preloaded model
conv-49-qa-153,difference_prefix,2.105231632654346,20.981000001484063,400.6348000038997,423.72103163803814,one shared preloaded model
conv-49-qa-154,difference_prefix,2.105231632654346,12.609600002178922,253.45359999482753,268.1684316296608,one shared preloaded model
conv-49-qa-155,difference_prefix,2.105231632654346,14.67889999912586,335.0713000036194,351.8554316353996,one shared preloaded model
conv-49-qa-156,difference_prefix,2.105231632654346,13.923500002420042,152.78140000009444,168.81013163516883,one shared preloaded model
conv-49-qa-157,difference_prefix,2.105231632654346,19.025900000997353,219.57690000272123,240.70803163637294,one shared preloaded model
conv-49-qa-158,difference_prefix,2.105231632654346,17.551899996760767,159.13189999992028,178.7890316293354,one shared preloaded model
conv-49-qa-159,difference_prefix,2.105231632654346,20.995899998524692,154.92010000161827,178.0212316327973,one shared preloaded model
conv-49-qa-160,difference_prefix,2.105231632654346,19.929800000682008,217.2398000038811,239.27483163721746,one shared preloaded model
conv-49-qa-161,difference_prefix,2.105231632654346,13.658800002303906,230.12170000583865,245.8857316407969,one shared preloaded model
conv-49-qa-162,difference_prefix,2.105231632654346,13.216300001658965,223.43959999852814,238.76113163284145,one shared preloaded model
conv-49-qa-163,difference_prefix,2.105231632654346,13.388100000156555,228.75339999882272,244.24673163163362,one shared preloaded model
conv-49-qa-164,difference_prefix,2.105231632654346,12.900100002298132,203.02719999745023,218.0325316324027,one shared preloaded model
conv-49-qa-165,difference_prefix,2.105231632654346,17.638999997870997,216.27759999682894,236.0218316273543,one shared preloaded model
conv-49-qa-166,difference_prefix,2.105231632654346,14.422499996726401,203.39789999707136,219.92563162645212,one shared preloaded model
conv-49-qa-167,difference_prefix,2.105231632654346,12.625400006072596,206.0118000008515,220.74243163957846,one shared preloaded model
conv-49-qa-168,difference_prefix,2.105231632654346,13.600999998743646,231.7650000040885,247.4712316354865,one shared preloaded model
conv-49-qa-169,difference_prefix,2.105231632654346,14.038900000741705,337.23340000142343,353.3775316348195,one shared preloaded model
conv-49-qa-170,difference_prefix,2.105231632654346,18.071999998937827,224.7817000024952,244.95893163408738,one shared preloaded model
conv-49-qa-171,difference_prefix,2.105231632654346,14.344199997140095,204.81029999791645,221.2597316277109,one shared preloaded model
conv-49-qa-172,difference_prefix,2.105231632654346,14.234000002034009,162.13979999884032,178.47903163352868,one shared preloaded model
conv-49-qa-173,difference_prefix,2.105231632654346,19.370199996046722,207.80350000131875,229.27893163001983,one shared preloaded model
conv-49-qa-174,difference_prefix,2.105231632654346,13.863099993614014,217.09109999937937,233.05943162564773,one shared preloaded model
conv-49-qa-175,difference_prefix,2.105231632654346,13.034000003244728,212.8272999980254,227.9665316339245,one shared preloaded model
conv-49-qa-176,difference_prefix,2.105231632654346,13.611499998660292,234.74669999995967,250.46343163127432,one shared preloaded model
conv-49-qa-177,difference_prefix,2.105231632654346,14.132799995422829,171.00729999947362,187.2453316275508,one shared preloaded model
conv-49-qa-178,difference_prefix,2.105231632654346,17.752300002030097,214.72609999909764,234.5836316337821,one shared preloaded model
conv-49-qa-179,difference_prefix,2.105231632654346,11.91869999456685,229.02800000156276,243.05193162878396,one shared preloaded model
conv-49-qa-180,difference_prefix,2.105231632654346,12.935099999594968,210.42019999731565,225.46053162956497,one shared preloaded model
conv-49-qa-181,difference_prefix,2.105231632654346,12.78469999670051,222.96800000185613,237.857931631211,one shared preloaded model
conv-49-qa-182,difference_prefix,2.105231632654346,13.506399998732377,436.82219999755034,452.43383162893707,one shared preloaded model
conv-49-qa-183,difference_prefix,2.105231632654346,14.291200001025572,202.95479999913368,219.3512316328136,one shared preloaded model
conv-49-qa-184,difference_prefix,2.105231632654346,12.840600000345148,162.58250000100816,177.52833163400766,one shared preloaded model
conv-49-qa-185,difference_prefix,2.105231632654346,19.799800000328105,219.53129999747034,241.4363316304528,one shared preloaded model
conv-49-qa-186,difference_prefix,2.105231632654346,16.315699998813216,131.98479999846313,150.4057316299307,one shared preloaded model
conv-49-qa-187,difference_prefix,2.105231632654346,20.98919999843929,223.47760000411654,246.57203163521018,one shared preloaded model
conv-49-qa-188,difference_prefix,2.105231632654346,18.138100000214763,193.93680000212044,214.18013163498955,one shared preloaded model
conv-49-qa-189,difference_prefix,2.105231632654346,19.848099997034296,227.07129999616882,249.02463162585747,one shared preloaded model
conv-49-qa-190,difference_prefix,2.105231632654346,12.984699998924043,218.70490000583231,233.7948316374107,one shared preloaded model
conv-49-qa-191,difference_prefix,2.105231632654346,14.49270000011893,232.06629999913275,248.66423163190603,one shared preloaded model
conv-49-qa-192,difference_prefix,2.105231632654346,12.493100002757274,206.10660000238568,220.7049316377973,one shared preloaded model
conv-49-qa-193,difference_prefix,2.105231632654346,13.656700000865385,225.86410000076285,241.62603163428258,one shared preloaded model
conv-49-qa-194,difference_prefix,2.105231632654346,12.628900003619492,161.29009999713162,176.02423163340546,one shared preloaded model
conv-49-qa-195,difference_prefix,2.105231632654346,20.754600001964718,420.21850000310224,443.0783316377213,one shared preloaded model
conv-50-qa-0,difference_prefix,2.3379745097747002,21.57939999597147,491.75280000054045,515.6701745062866,one shared preloaded model
conv-50-qa-1,difference_prefix,2.3379745097747002,13.348899999982677,216.913399999612,232.6002745093694,one shared preloaded model
conv-50-qa-2,difference_prefix,2.3379745097747002,15.68530000076862,479.0885000038543,497.1117745143976,one shared preloaded model
conv-50-qa-3,difference_prefix,2.3379745097747002,15.000299994426314,192.68839999858756,210.02667450278858,one shared preloaded model
conv-50-qa-4,difference_prefix,2.3379745097747002,13.594899995950982,226.94749999936903,242.88037450509472,one shared preloaded model
conv-50-qa-5,difference_prefix,2.3379745097747002,138.84189999953378,299.28669999935664,440.46657450866513,one shared preloaded model
conv-50-qa-6,difference_prefix,2.3379745097747002,15.944800004945137,161.61829999327892,179.90107450799877,one shared preloaded model
conv-50-qa-7,difference_prefix,2.3379745097747002,21.554799997829832,228.69220000575297,252.5849745133575,one shared preloaded model
conv-50-qa-8,difference_prefix,2.3379745097747002,17.16199999646051,483.20289999537636,502.7028745016116,one shared preloaded model
conv-50-qa-9,difference_prefix,2.3379745097747002,18.70440000493545,238.27819999860367,259.32057451331383,one shared preloaded model
conv-50-qa-10,difference_prefix,2.3379745097747002,13.726600001973566,215.54969999851892,231.6142745102672,one shared preloaded model
conv-50-qa-11,difference_prefix,2.3379745097747002,15.303299995139241,230.00559999491088,247.64687449982483,one shared preloaded model
conv-50-qa-12,difference_prefix,2.3379745097747002,15.25759999640286,532.4888999966788,550.0844745028563,one shared preloaded model
conv-50-qa-13,difference_prefix,2.3379745097747002,14.229600004910026,221.85829999943962,238.42587451412436,one shared preloaded model
conv-50-qa-14,difference_prefix,2.3379745097747002,18.074399995384738,485.9160999985761,506.32847450373555,one shared preloaded model
conv-50-qa-15,difference_prefix,2.3379745097747002,13.915299998188857,311.96750000526663,328.2207745132302,one shared preloaded model
conv-50-qa-16,difference_prefix,2.3379745097747002,14.055600004212465,474.3293999999878,490.722974513975,one shared preloaded model
conv-50-qa-17,difference_prefix,2.3379745097747002,18.276399998285342,220.74169999541482,241.35607450347487,one shared preloaded model
conv-50-qa-18,difference_prefix,2.3379745097747002,13.322099999641068,128.458999999566,144.11907450898178,one shared preloaded model
conv-50-qa-19,difference_prefix,2.3379745097747002,14.433899996220134,297.60540000279434,314.3772745087892,one shared preloaded model
conv-50-qa-20,difference_prefix,2.3379745097747002,14.181400001689326,503.53460000042105,520.053974511885,one shared preloaded model
conv-50-qa-21,difference_prefix,2.3379745097747002,14.009200000145938,92.70430000469787,109.0514745146185,one shared preloaded model
conv-50-qa-22,difference_prefix,2.3379745097747002,21.08790000056615,136.49259999510832,159.91847450544918,one shared preloaded model
conv-50-qa-23,difference_prefix,2.3379745097747002,21.152799999981653,167.50799999863375,190.9987745083901,one shared preloaded model
conv-50-qa-24,difference_prefix,2.3379745097747002,13.881499995477498,128.73709999985294,144.95657450510515,one shared preloaded model
conv-50-qa-25,difference_prefix,2.3379745097747002,21.940400001767557,129.54569999419618,153.82407450573845,one shared preloaded model
conv-50-qa-26,difference_prefix,2.3379745097747002,21.462500000779983,192.72079999791458,216.52127450846928,one shared preloaded model
conv-50-qa-27,difference_prefix,2.3379745097747002,17.58519999566488,207.93910000065807,227.86227450609766,one shared preloaded model
conv-50-qa-28,difference_prefix,2.3379745097747002,13.705700002901722,252.97480000153882,269.01847451421526,one shared preloaded model
conv-50-qa-29,difference_prefix,2.3379745097747002,15.316999997594394,230.07170000346377,247.72667451083288,one shared preloaded model
conv-50-qa-30,difference_prefix,2.3379745097747002,16.048099998442922,769.3325000000186,787.7185745082362,one shared preloaded model
conv-50-qa-31,difference_prefix,2.3379745097747002,15.915900003165007,224.75909999775467,243.0129745106944,one shared preloaded model
conv-50-qa-32,difference_prefix,2.3379745097747002,19.185700002708472,134.73659999726806,156.26027450975124,one shared preloaded model
conv-50-qa-33,difference_prefix,2.3379745097747002,18.208499997854233,330.75770000141347,351.3041745090424,one shared preloaded model
conv-50-qa-34,difference_prefix,2.3379745097747002,14.811000000918284,500.92210000002524,518.0710745107182,one shared preloaded model
conv-50-qa-35,difference_prefix,2.3379745097747002,19.034899996768218,484.1599999999744,505.5328745065173,one shared preloaded model
conv-50-qa-36,difference_prefix,2.3379745097747002,15.381299999717157,512.9159999996773,530.6352745091691,one shared preloaded model
conv-50-qa-37,difference_prefix,2.3379745097747002,13.558299993746914,126.90920000022743,142.80547450374905,one shared preloaded model
conv-50-qa-38,difference_prefix,2.3379745097747002,13.952000001154374,538.5960999992676,554.8860745101966,one shared preloaded model
conv-50-qa-39,difference_prefix,2.3379745097747002,19.422499994107056,221.74510000331793,243.5055745071997,one shared preloaded model
conv-50-qa-40,difference_prefix,2.3379745097747002,16.225699997448828,221.2461000017356,239.80977450895915,one shared preloaded model
conv-50-qa-41,difference_prefix,2.3379745097747002,15.692000000854023,229.20820000581443,247.23817451644317,one shared preloaded model
conv-50-qa-42,difference_prefix,2.3379745097747002,19.76680000370834,223.28839999681804,245.3931745103011,one shared preloaded model
conv-50-qa-43,difference_prefix,2.3379745097747002,17.68689999880735,228.48099999828264,248.5058745068647,one shared preloaded model
conv-50-qa-44,difference_prefix,2.3379745097747002,16.448599999421276,479.45199999958277,498.23857450877875,one shared preloaded model
conv-50-qa-45,difference_prefix,2.3379745097747002,15.580499995849095,258.5218000021996,276.4402745078234,one shared preloaded model
conv-50-qa-46,difference_prefix,2.3379745097747002,18.138499995984603,320.98799999948824,341.46447450524755,one shared preloaded model
conv-50-qa-47,difference_prefix,2.3379745097747002,16.400599997723475,112.57099999784259,131.30957450534078,one shared preloaded model
conv-50-qa-48,difference_prefix,2.3379745097747002,19.480900002236012,226.48689999914495,248.30577451115568,one shared preloaded model
conv-50-qa-49,difference_prefix,2.3379745097747002,13.729699996474665,474.18499999912456,490.25267450537393,one shared preloaded model
conv-50-qa-50,difference_prefix,2.3379745097747002,13.462800001434516,208.5542999993777,224.35507451058692,one shared preloaded model
conv-50-qa-51,difference_prefix,2.3379745097747002,13.861400002497248,173.63209999894025,189.8314745112122,one shared preloaded model
conv-50-qa-52,difference_prefix,2.3379745097747002,21.761399999377318,211.00090000254568,235.1002745116977,one shared preloaded model
conv-50-qa-53,difference_prefix,2.3379745097747002,15.342599996074568,791.3292999946862,809.0098745005354,one shared preloaded model
conv-50-qa-54,difference_prefix,2.3379745097747002,19.110699999146163,186.36899999546586,207.81767450438673,one shared preloaded model
conv-50-qa-55,difference_prefix,2.3379745097747002,22.46010000089882,497.624800002086,522.4228745127594,one shared preloaded model
conv-50-qa-56,difference_prefix,2.3379745097747002,13.559899998654146,202.60359999520006,218.5014745036289,one shared preloaded model
conv-50-qa-57,difference_prefix,2.3379745097747002,14.916899999661837,216.44609999930253,233.70097450873908,one shared preloaded model
conv-50-qa-58,difference_prefix,2.3379745097747002,14.42460000544088,396.9078999944031,413.6704745096187,one shared preloaded model
conv-50-qa-59,difference_prefix,2.3379745097747002,13.25360000191722,211.93199999834178,227.5235745100337,one shared preloaded model
conv-50-qa-60,difference_prefix,2.3379745097747002,17.21460000408115,173.88039999786997,193.43297451172583,one shared preloaded model
conv-50-qa-61,difference_prefix,2.3379745097747002,21.38359999662498,222.42470000492176,246.14627451132145,one shared preloaded model
conv-50-qa-62,difference_prefix,2.3379745097747002,14.111699994828086,227.999999995518,244.4496745001208,one shared preloaded model
conv-50-qa-63,difference_prefix,2.3379745097747002,15.343200000643265,206.54540000396082,224.2265745143788,one shared preloaded model
conv-50-qa-64,difference_prefix,2.3379745097747002,13.173599996662233,276.96100000321167,292.4725745096486,one shared preloaded model
conv-50-qa-65,difference_prefix,2.3379745097747002,14.627399999881163,516.3776999979746,533.3430745076304,one shared preloaded model
conv-50-qa-66,difference_prefix,2.3379745097747002,19.15290000033565,227.64989999996033,249.14077451007068,one shared preloaded model
conv-50-qa-67,difference_prefix,2.3379745097747002,15.309200003684964,160.78420000121696,178.43137451467663,one shared preloaded model
conv-50-qa-68,difference_prefix,2.3379745097747002,22.587399995245505,473.47460000310093,498.39997450812115,one shared preloaded model
conv-50-qa-69,difference_prefix,2.3379745097747002,16.12100000056671,197.08759999775793,215.54657450809935,one shared preloaded model
conv-50-qa-70,difference_prefix,2.3379745097747002,15.408600003866013,523.2723000008264,541.018874514467,one shared preloaded model
conv-50-qa-71,difference_prefix,2.3379745097747002,15.560899999400135,201.7545999988215,219.65347450799635,one shared preloaded model
conv-50-qa-72,difference_prefix,2.3379745097747002,13.894099996832665,226.74129999359138,242.97337450019876,one shared preloaded model
conv-50-qa-73,difference_prefix,2.3379745097747002,16.649500001221895,164.4640000013169,183.4514745123135,one shared preloaded model
conv-50-qa-74,difference_prefix,2.3379745097747002,21.79420000175014,484.08500000368804,508.2171745152129,one shared preloaded model
conv-50-qa-75,difference_prefix,2.3379745097747002,14.564099998096935,201.62659999914467,218.52867450701632,one shared preloaded model
conv-50-qa-76,difference_prefix,2.3379745097747002,15.093499998329207,231.17469999851892,248.60617450662284,one shared preloaded model
conv-50-qa-77,difference_prefix,2.3379745097747002,15.068000000610482,225.17660000448814,242.58257451487333,one shared preloaded model
conv-50-qa-78,difference_prefix,2.3379745097747002,13.606000000436325,273.1534000049578,289.09737451516884,one shared preloaded model
conv-50-qa-79,difference_prefix,2.3379745097747002,14.810900000156835,225.45479999826057,242.6036745081921,one shared preloaded model
conv-50-qa-80,difference_prefix,2.3379745097747002,13.637199997901917,217.32650000194553,233.30167450962216,one shared preloaded model
conv-50-qa-81,difference_prefix,2.3379745097747002,13.679800002137199,266.3196999928914,282.3374745048033,one shared preloaded model
conv-50-qa-82,difference_prefix,2.3379745097747002,14.432800002396107,209.4827000037185,226.2534745158893,one shared preloaded model
conv-50-qa-83,difference_prefix,2.3379745097747002,17.155399997136556,223.34720000071684,242.8405745076281,one shared preloaded model
conv-50-qa-84,difference_prefix,2.3379745097747002,15.214599996397737,321.2132000044221,338.76577451059455,one shared preloaded model
conv-50-qa-85,difference_prefix,2.3379745097747002,19.168899998476263,228.35169999598293,249.8585745042339,one shared preloaded model
conv-50-qa-86,difference_prefix,2.3379745097747002,18.06909999868367,228.08069999882719,248.48777450728556,one shared preloaded model
conv-50-qa-87,difference_prefix,2.3379745097747002,19.125200000416953,422.1705000018119,443.63367451200355,one shared preloaded model
conv-50-qa-88,difference_prefix,2.3379745097747002,15.259100000548642,192.97739999456098,210.57447450488434,one shared preloaded model
conv-50-qa-89,difference_prefix,2.3379745097747002,17.145300000265706,233.4444000007352,252.9276745107756,one shared preloaded model
conv-50-qa-90,difference_prefix,2.3379745097747002,13.589100002718624,432.8414000046905,448.76847451718385,one shared preloaded model
conv-50-qa-91,difference_prefix,2.3379745097747002,14.235200003895443,210.69120000174735,227.2643745154175,one shared preloaded model
conv-50-qa-92,difference_prefix,2.3379745097747002,13.825800000631716,287.4267000006512,303.5904745110576,one shared preloaded model
conv-50-qa-93,difference_prefix,2.3379745097747002,19.417299998167437,235.10779999924125,256.8630745071834,one shared preloaded model
conv-50-qa-94,difference_prefix,2.3379745097747002,16.47660000162432,201.74679999763612,220.56137450903515,one shared preloaded model
conv-50-qa-95,difference_prefix,2.3379745097747002,14.47349999943981,432.3934999993071,449.2049745085216,one shared preloaded model
conv-50-qa-96,difference_prefix,2.3379745097747002,16.096499995910563,131.96840000455268,150.40287451023795,one shared preloaded model
conv-50-qa-97,difference_prefix,2.3379745097747002,21.30079999915324,215.5505000046105,239.18927451353846,one shared preloaded model
conv-50-qa-98,difference_prefix,2.3379745097747002,15.960800003085751,151.19969999796012,169.49847451082059,one shared preloaded model
conv-50-qa-99,difference_prefix,2.3379745097747002,21.792999999888707,536.9428999983938,561.0738745080572,one shared preloaded model
conv-50-qa-100,difference_prefix,2.3379745097747002,18.879800001741387,206.45669999794336,227.67447450945946,one shared preloaded model
conv-50-qa-101,difference_prefix,2.3379745097747002,15.035200005513616,143.80439999513328,161.1775745104216,one shared preloaded model
conv-50-qa-102,difference_prefix,2.3379745097747002,21.309099996869918,396.3002000018605,419.94727450850513,one shared preloaded model
conv-50-qa-103,difference_prefix,2.3379745097747002,13.96530000056373,387.4059000008856,403.70917451122403,one shared preloaded model
conv-50-qa-104,difference_prefix,2.3379745097747002,19.054900003538933,475.45569999783766,496.8485745111513,one shared preloaded model
conv-50-qa-105,difference_prefix,2.3379745097747002,17.420800002582837,178.40749999595573,198.16627450831328,one shared preloaded model
conv-50-qa-106,difference_prefix,2.3379745097747002,22.475799996755086,235.89689999789698,260.7106745044268,one shared preloaded model
conv-50-qa-107,difference_prefix,2.3379745097747002,18.592000000353437,167.25189999851864,188.18187450864679,one shared preloaded model
conv-50-qa-108,difference_prefix,2.3379745097747002,19.49149999563815,430.4400999972131,452.26957450262597,one shared preloaded model
conv-50-qa-109,difference_prefix,2.3379745097747002,14.918000000761822,243.88980000367155,261.1457745142081,one shared preloaded model
conv-50-qa-110,difference_prefix,2.3379745097747002,15.610700000252109,210.1524999961839,228.10117450621073,one shared preloaded model
conv-50-qa-111,difference_prefix,2.3379745097747002,15.172499995969702,219.55520000483375,237.06567451057816,one shared preloaded model
conv-50-qa-112,difference_prefix,2.3379745097747002,17.93320000433596,169.37809999944875,189.64927451355942,one shared preloaded model
conv-50-qa-113,difference_prefix,2.3379745097747002,21.309499999915715,166.77619999973103,190.42367450942146,one shared preloaded model
conv-50-qa-114,difference_prefix,2.3379745097747002,22.734400001354516,416.76770000049146,441.8400745116207,one shared preloaded model
conv-50-qa-115,difference_prefix,2.3379745097747002,14.898399997036904,143.24820000183536,160.48457450864697,one shared preloaded model
conv-50-qa-116,difference_prefix,2.3379745097747002,19.26600000297185,151.25119999720482,172.85517450995138,one shared preloaded model
conv-50-qa-117,difference_prefix,2.3379745097747002,21.599300001980737,222.39170000102604,246.32897451278149,one shared preloaded model
conv-50-qa-118,difference_prefix,2.3379745097747002,15.10259999486152,227.12660000252072,244.56717450715695,one shared preloaded model
conv-50-qa-119,difference_prefix,2.3379745097747002,13.981199997942895,350.6723000027705,366.9914745104881,one shared preloaded model
conv-50-qa-120,difference_prefix,2.3379745097747002,14.412900003662799,245.25829999765847,262.009174511096,one shared preloaded model
conv-50-qa-121,difference_prefix,2.3379745097747002,14.082100002269726,162.4009000006481,178.82097451269254,one shared preloaded model
conv-50-qa-122,difference_prefix,2.3379745097747002,21.417700001620688,166.87020000244956,190.62587451384496,one shared preloaded model
conv-50-qa-123,difference_prefix,2.3379745097747002,21.16039999964414,382.2405000028084,405.73887451222726,one shared preloaded model
conv-50-qa-124,difference_prefix,2.3379745097747002,18.340399998123758,159.75540000363253,180.433774511531,one shared preloaded model
conv-50-qa-125,difference_prefix,2.3379745097747002,21.779099995910656,172.10169999452773,196.2187745002131,one shared preloaded model
conv-50-qa-126,difference_prefix,2.3379745097747002,13.958600000478327,209.04220000375062,225.33877451400366,one shared preloaded model
conv-50-qa-127,difference_prefix,2.3379745097747002,13.738800000282936,217.98560000024736,234.062374510305,one shared preloaded model
conv-50-qa-128,difference_prefix,2.3379745097747002,17.648799999733455,232.03219999413704,252.0189745036452,one shared preloaded model
conv-50-qa-129,difference_prefix,2.3379745097747002,13.193900005717296,296.84999999881256,312.38187451430457,one shared preloaded model
conv-50-qa-130,difference_prefix,2.3379745097747002,18.45090000279015,223.33739999885438,244.12627451141924,one shared preloaded model
conv-50-qa-131,difference_prefix,2.3379745097747002,13.343500002520159,249.30809999932535,264.9895745116202,one shared preloaded model
conv-50-qa-132,difference_prefix,2.3379745097747002,15.27949999581324,514.7486999994726,532.3661745050605,one shared preloaded model
conv-50-qa-133,difference_prefix,2.3379745097747002,13.806999995722435,494.96479999652365,511.1097745020208,one shared preloaded model
conv-50-qa-134,difference_prefix,2.3379745097747002,14.065300005313475,255.17340000078548,271.57667451587366,one shared preloaded model
conv-50-qa-135,difference_prefix,2.3379745097747002,18.50840000406606,257.04140000016196,277.88777451400273,one shared preloaded model
conv-50-qa-136,difference_prefix,2.3379745097747002,13.43040000210749,150.63479999662377,166.40317450850597,one shared preloaded model
conv-50-qa-137,difference_prefix,2.3379745097747002,21.240000001853332,217.69140000105835,241.2693745126864,one shared preloaded model
conv-50-qa-138,difference_prefix,2.3379745097747002,15.829900003154762,635.4317000004812,653.5995745134106,one shared preloaded model
conv-50-qa-139,difference_prefix,2.3379745097747002,19.112900001346134,214.13879999454366,235.5896745056645,one shared preloaded model
conv-50-qa-140,difference_prefix,2.3379745097747002,14.102499997534323,470.8002000043052,487.24067451161426,one shared preloaded model
conv-50-qa-141,difference_prefix,2.3379745097747002,15.076799994858447,139.2645000014454,156.67927450607857,one shared preloaded model
conv-50-qa-142,difference_prefix,2.3379745097747002,21.110999994562007,249.6363999962341,273.0853745005708,one shared preloaded model
conv-50-qa-143,difference_prefix,2.3379745097747002,14.884399999573361,137.9400000005262,155.16237450987427,one shared preloaded model
conv-50-qa-144,difference_prefix,2.3379745097747002,18.069799996737856,364.8615999991307,385.26937450564327,one shared preloaded model
conv-50-qa-145,difference_prefix,2.3379745097747002,17.805899995437358,748.6535999996704,768.7974745048824,one shared preloaded model
conv-50-qa-146,difference_prefix,2.3379745097747002,18.468900001607835,140.01650000136578,160.82337451274833,one shared preloaded model
conv-50-qa-147,difference_prefix,2.3379745097747002,18.23829999921145,225.72429999854648,246.30057450753264,one shared preloaded model
conv-50-qa-148,difference_prefix,2.3379745097747002,15.268600000126753,180.2456000004895,197.85217451039097,one shared preloaded model
conv-50-qa-149,difference_prefix,2.3379745097747002,16.477299999678507,203.2240000044112,222.03927451386443,one shared preloaded model
conv-50-qa-150,difference_prefix,2.3379745097747002,14.565800003765617,232.75420000572922,249.65797451926954,one shared preloaded model
conv-50-qa-151,difference_prefix,2.3379745097747002,13.949200001661666,126.21719999879133,142.5043745102277,one shared preloaded model
conv-50-qa-152,difference_prefix,2.3379745097747002,18.70500000222819,215.6464999934542,236.6894745054571,one shared preloaded model
conv-50-qa-153,difference_prefix,2.3379745097747002,14.789100001507904,393.76939999783644,410.89647450911906,one shared preloaded model
conv-50-qa-154,difference_prefix,2.3379745097747002,13.601399994513486,147.53190000192262,163.47127450621082,one shared preloaded model
conv-50-qa-155,difference_prefix,2.3379745097747002,21.51659999799449,232.87180000625085,256.72637451402005,one shared preloaded model
conv-50-qa-156,difference_prefix,2.3379745097747002,13.571700001193676,404.04680000210647,419.95647451307485,one shared preloaded model
conv-50-qa-157,difference_prefix,2.3379745097747002,14.027400000486523,273.0444000044372,289.4097745146984,one shared preloaded model
conv-50-qa-158,difference_prefix,2.3379745097747002,14.366399998834822,230.53390000131913,247.23827450992866,one shared preloaded model
conv-50-qa-159,difference_prefix,2.3379745097747002,13.242200002423488,231.7957999985083,247.3759745107065,one shared preloaded model
conv-50-qa-160,difference_prefix,2.3379745097747002,14.55050000367919,232.55009999411413,249.43857450756803,one shared preloaded model
conv-50-qa-161,difference_prefix,2.3379745097747002,13.464700001350138,217.21579999575624,233.0184745068811,one shared preloaded model
conv-50-qa-162,difference_prefix,2.3379745097747002,13.730999999097548,228.71329999907175,244.782274507944,one shared preloaded model
conv-50-qa-163,difference_prefix,2.3379745097747002,18.161300002248026,483.67180000059307,504.1710745126158,one shared preloaded model
conv-50-qa-164,difference_prefix,2.3379745097747002,17.902600004163105,226.43719999905443,246.67777451299224,one shared preloaded model
conv-50-qa-165,difference_prefix,2.3379745097747002,13.86610000190558,193.92279999738093,210.12687450906122,one shared preloaded model
conv-50-qa-166,difference_prefix,2.3379745097747002,18.03990000189515,224.84049999911804,245.2183745107879,one shared preloaded model
conv-50-qa-167,difference_prefix,2.3379745097747002,14.450900001975242,232.21139999805018,249.00027450980014,one shared preloaded model
conv-50-qa-168,difference_prefix,2.3379745097747002,18.059800000628456,218.81060000305297,239.20837451345614,one shared preloaded model
conv-50-qa-169,difference_prefix,2.3379745097747002,15.028099995106459,229.43669999949634,246.8027745043775,one shared preloaded model
conv-50-qa-170,difference_prefix,2.3379745097747002,14.960400003474206,219.39589999965392,236.69427451290284,one shared preloaded model
conv-50-qa-171,difference_prefix,2.3379745097747002,17.107199993915856,227.99200000008568,247.43717450377625,one shared preloaded model
conv-50-qa-172,difference_prefix,2.3379745097747002,13.993900000059512,159.79620000143768,176.1280745112719,one shared preloaded model
conv-50-qa-173,difference_prefix,2.3379745097747002,20.16159999766387,145.6707999968785,168.17037450431707,one shared preloaded model
conv-50-qa-174,difference_prefix,2.3379745097747002,19.91489999636542,153.63419999630423,175.88707450244436,one shared preloaded model
conv-50-qa-175,difference_prefix,2.3379745097747002,21.631399999023415,756.5640999964671,780.5334745052652,one shared preloaded model
conv-50-qa-176,difference_prefix,2.3379745097747002,19.090699999651406,120.66020000202116,142.08887451144727,one shared preloaded model
conv-50-qa-177,difference_prefix,2.3379745097747002,22.23719999892637,219.4037000008393,243.9788745095404,one shared preloaded model
conv-50-qa-178,difference_prefix,2.3379745097747002,15.497399996093009,194.3191000027582,212.15447450862592,one shared preloaded model
conv-50-qa-179,difference_prefix,2.3379745097747002,16.894300002604723,109.20170000463258,128.43397451701202,one shared preloaded model
conv-50-qa-180,difference_prefix,2.3379745097747002,17.55369999591494,219.13559999666177,239.02727450235142,one shared preloaded model
conv-50-qa-181,difference_prefix,2.3379745097747002,14.317500004835892,642.0423999952618,658.6978745098723,one shared preloaded model
conv-50-qa-182,difference_prefix,2.3379745097747002,18.546600003901403,228.13290000340203,249.01747451707814,one shared preloaded model
conv-50-qa-183,difference_prefix,2.3379745097747002,17.13949999975739,224.22530000039842,243.70277450993052,one shared preloaded model
conv-50-qa-184,difference_prefix,2.3379745097747002,13.24929999827873,212.93609999702312,228.52337450507656,one shared preloaded model
conv-50-qa-185,difference_prefix,2.3379745097747002,16.886799996427726,213.7908000004245,233.01557450662693,one shared preloaded model
conv-50-qa-186,difference_prefix,2.3379745097747002,17.909300004248507,173.816499998793,194.06377451281622,one shared preloaded model
conv-50-qa-187,difference_prefix,2.3379745097747002,21.396700001787394,230.75000000244472,254.48467451400683,one shared preloaded model
conv-50-qa-188,difference_prefix,2.3379745097747002,14.666100003523752,213.09400000609457,230.09807451939304,one shared preloaded model
conv-50-qa-189,difference_prefix,2.3379745097747002,15.918100005364977,225.751300000411,244.00737451555068,one shared preloaded model
conv-50-qa-190,difference_prefix,2.3379745097747002,12.883499999588821,240.57629999879282,255.79777450815635,one shared preloaded model
conv-50-qa-191,difference_prefix,2.3379745097747002,14.865700002701487,219.5032999952673,236.7069745077435,one shared preloaded model
conv-50-qa-192,difference_prefix,2.3379745097747002,15.532199999142904,219.71130000019912,237.58147450911673,one shared preloaded model
conv-50-qa-193,difference_prefix,2.3379745097747002,13.630000001285225,253.28309999895282,269.25107451001276,one shared preloaded model
conv-50-qa-194,difference_prefix,2.3379745097747002,14.641399997344706,230.89289999916218,247.8722745062816,one shared preloaded model
conv-50-qa-195,difference_prefix,2.3379745097747002,17.943599996215198,222.3452999969595,242.62687450294942,one shared preloaded model
conv-50-qa-196,difference_prefix,2.3379745097747002,13.569900002039503,159.94660000433214,175.85447451614635,one shared preloaded model
conv-50-qa-197,difference_prefix,2.3379745097747002,22.623199998633936,232.43859999638516,257.3997745047938,one shared preloaded model
conv-50-qa-198,difference_prefix,2.3379745097747002,15.716200003225822,218.81229999416973,236.86647450717027,one shared preloaded model
conv-50-qa-199,difference_prefix,2.3379745097747002,16.460200000437908,230.8852000060142,249.68337451622682,one shared preloaded model
conv-50-qa-200,difference_prefix,2.3379745097747002,15.039899997645989,222.7125999997952,240.0904745072159,one shared preloaded model
conv-50-qa-201,difference_prefix,2.3379745097747002,13.940999997430481,386.3658999980544,402.64487450525957,one shared preloaded model
conv-50-qa-202,difference_prefix,2.3379745097747002,13.705899997148663,229.9745999989682,246.01847450589156,one shared preloaded model
conv-50-qa-203,difference_prefix,2.3379745097747002,13.366099999984726,395.2927999998792,410.99687450963864,one shared preloaded model
