example_id,agent,update_ms,read_ms,generation_ms,end_to_end_ms,model_loading_policy
conv-26-qa-0,difference_prefix,2.4415633165723314,26.654699999198783,468.4294999970007,497.5257633127718,one shared preloaded model
conv-26-qa-1,difference_prefix,2.4415633165723314,16.809699998702854,142.39939999970375,161.65066331497894,one shared preloaded model
conv-26-qa-2,difference_prefix,2.4415633165723314,19.305300003907178,137.83040000271285,159.57726332319237,one shared preloaded model
conv-26-qa-3,difference_prefix,2.4415633165723314,19.085800005996134,140.66969999839785,162.19706332096632,one shared preloaded model
conv-26-qa-4,difference_prefix,2.4415633165723314,16.899599999305792,222.4430000060238,241.78416332190193,one shared preloaded model
conv-26-qa-5,difference_prefix,2.4415633165723314,15.852199998334982,511.35720000456786,529.6509633194752,one shared preloaded model
conv-26-qa-6,difference_prefix,2.4415633165723314,16.759099999035243,136.83809999929508,156.03876331490267,one shared preloaded model
conv-26-qa-7,difference_prefix,2.4415633165723314,19.1525999980513,114.75069999869447,136.34486331331811,one shared preloaded model
conv-26-qa-8,difference_prefix,2.4415633165723314,21.47530000365805,219.03650000604102,242.95336332627141,one shared preloaded model
conv-26-qa-9,difference_prefix,2.4415633165723314,16.76969999971334,507.93630000407575,527.1475633203614,one shared preloaded model
conv-26-qa-10,difference_prefix,2.4415633165723314,16.825500002596527,151.60340000147698,170.87046332064585,one shared preloaded model
conv-26-qa-11,difference_prefix,2.4415633165723314,19.426600003498606,231.85710000689141,253.72526332696236,one shared preloaded model
conv-26-qa-12,difference_prefix,2.4415633165723314,12.42610000190325,214.38689999922644,229.25456331770204,one shared preloaded model
conv-26-qa-13,difference_prefix,2.4415633165723314,12.380299995129462,182.17680000088876,196.99866331259057,one shared preloaded model
conv-26-qa-14,difference_prefix,2.4415633165723314,17.179199996462557,237.49719999614172,257.1179633091766,one shared preloaded model
conv-26-qa-15,difference_prefix,2.4415633165723314,13.93149999785237,155.50960000109626,171.88266331552097,one shared preloaded model
conv-26-qa-16,difference_prefix,2.4415633165723314,18.335600005229935,343.86970000196015,364.64686332376243,one shared preloaded model
conv-26-qa-17,difference_prefix,2.4415633165723314,12.39740000164602,160.62869999586837,175.46766331408674,one shared preloaded model
conv-26-qa-18,difference_prefix,2.4415633165723314,18.949700002849568,216.36160000343807,237.75286332285998,one shared preloaded model
conv-26-qa-19,difference_prefix,2.4415633165723314,12.285799995879643,229.6762999976636,244.40366331011558,one shared preloaded model
conv-26-qa-20,difference_prefix,2.4415633165723314,13.424900003883522,324.7854000001098,340.65186332056567,one shared preloaded model
conv-26-qa-21,difference_prefix,2.4415633165723314,16.245099999650847,175.16160000377567,193.84826331999886,one shared preloaded model
conv-26-qa-22,difference_prefix,2.4415633165723314,20.025799996801652,208.57550000073388,231.04286331410788,one shared preloaded model
conv-26-qa-23,difference_prefix,2.4415633165723314,13.91940000030445,220.64959999988787,237.01056331676466,one shared preloaded model
conv-26-qa-24,difference_prefix,2.4415633165723314,11.989300001005176,229.99110000091605,244.42196331849357,one shared preloaded model
conv-26-qa-25,difference_prefix,2.4415633165723314,12.095999998564366,506.0001000019838,520.5376633171205,one shared preloaded model
conv-26-qa-26,difference_prefix,2.4415633165723314,17.104499995184597,232.55799999606097,252.1040633078179,one shared preloaded model
conv-26-qa-27,difference_prefix,2.4415633165723314,13.311199996678624,220.7295000043814,236.48226331763237,one shared preloaded model
conv-26-qa-28,difference_prefix,2.4415633165723314,12.212600006023422,513.336399999389,527.9905633219847,one shared preloaded model
conv-26-qa-29,difference_prefix,2.4415633165723314,16.51990000391379,343.42179999657674,362.38326331706287,one shared preloaded model
conv-26-qa-30,difference_prefix,2.4415633165723314,12.578399997437373,213.38749999995343,228.40746331396315,one shared preloaded model
conv-26-qa-31,difference_prefix,2.4415633165723314,12.693399999989197,529.755199997453,544.8901633140146,one shared preloaded model
conv-26-qa-32,difference_prefix,2.4415633165723314,12.79219999560155,388.95359999878565,404.18736331095954,one shared preloaded model
conv-26-qa-33,difference_prefix,2.4415633165723314,17.66670000506565,351.47820000565844,371.5864633272964,one shared preloaded model
conv-26-qa-34,difference_prefix,2.4415633165723314,17.845499998657033,202.88279999658698,223.16986331181636,one shared preloaded model
conv-26-qa-35,difference_prefix,2.4415633165723314,16.352500002540182,337.28729999711504,356.08136331622757,one shared preloaded model
conv-26-qa-36,difference_prefix,2.4415633165723314,14.265899997553788,328.81230000202777,345.5197633161539,one shared preloaded model
conv-26-qa-37,difference_prefix,2.4415633165723314,13.514300000679214,270.50969999982044,286.465563317072,one shared preloaded model
conv-26-qa-38,difference_prefix,2.4415633165723314,12.358200001472142,445.2330000058282,460.0327633238727,one shared preloaded model
conv-26-qa-39,difference_prefix,2.4415633165723314,17.33290000265697,634.8142999995616,654.5887633187909,one shared preloaded model
conv-26-qa-40,difference_prefix,2.4415633165723314,17.90869999967981,124.04029999743216,144.3905633136843,one shared preloaded model
conv-26-qa-41,difference_prefix,2.4415633165723314,13.817200000630692,326.6434000033769,342.9021633205799,one shared preloaded model
conv-26-qa-42,difference_prefix,2.4415633165723314,17.949200002476573,223.2224000035785,243.61316332262743,one shared preloaded model
conv-26-qa-43,difference_prefix,2.4415633165723314,12.090999996871687,210.33239999815123,224.86496331159526,one shared preloaded model
conv-26-qa-44,difference_prefix,2.4415633165723314,12.769699998898432,221.54340000270167,236.75466331817245,one shared preloaded model
conv-26-qa-45,difference_prefix,2.4415633165723314,12.971800002560485,328.77589999407064,344.18926331320347,one shared preloaded model
conv-26-qa-46,difference_prefix,2.4415633165723314,17.708700004732236,121.49219999992056,141.64246332122514,one shared preloaded model
conv-26-qa-47,difference_prefix,2.4415633165723314,19.542699999874458,118.97599999792874,140.96026331437554,one shared preloaded model
conv-26-qa-48,difference_prefix,2.4415633165723314,15.618799996445887,298.11610000615474,316.17646331917297,one shared preloaded model
conv-26-qa-49,difference_prefix,2.4415633165723314,17.022500003804453,348.49190000386443,367.9559633242412,one shared preloaded model
conv-26-qa-50,difference_prefix,2.4415633165723314,16.318999994837213,232.950500001607,251.71106331301655,one shared preloaded model
conv-26-qa-51,difference_prefix,2.4415633165723314,12.164200001279823,149.74830000574002,164.3540633235922,one shared preloaded model
conv-26-qa-52,difference_prefix,2.4415633165723314,11.850800001411699,231.71840000577504,246.01076332375908,one shared preloaded model
conv-26-qa-53,difference_prefix,2.4415633165723314,13.046100000792649,340.53689999564085,356.02456331300584,one shared preloaded model
conv-26-qa-54,difference_prefix,2.4415633165723314,16.536100003577303,480.44920000393176,499.4268633240814,one shared preloaded model
conv-26-qa-55,difference_prefix,2.4415633165723314,16.591100000368897,164.50110000005225,183.5337633169935,one shared preloaded model
conv-26-qa-56,difference_prefix,2.4415633165723314,14.657500003522728,247.34339999849908,264.44246331859415,one shared preloaded model
conv-26-qa-57,difference_prefix,2.4415633165723314,16.48900000145659,531.9365000032121,550.8670633212411,one shared preloaded model
conv-26-qa-58,difference_prefix,2.4415633165723314,13.979199997265823,344.2222000012407,360.6429633150789,one shared preloaded model
conv-26-qa-59,difference_prefix,2.4415633165723314,12.059399996360298,199.58110000152374,214.08206331445638,one shared preloaded model
conv-26-qa-60,difference_prefix,2.4415633165723314,15.309000002162065,130.50120000116294,148.25176331989735,one shared preloaded model
conv-26-qa-61,difference_prefix,2.4415633165723314,19.315199999255128,211.8149000016274,233.57166331745486,one shared preloaded model
conv-26-qa-62,difference_prefix,2.4415633165723314,15.933900001982693,151.71669999836013,170.09216331691516,one shared preloaded model
conv-26-qa-63,difference_prefix,2.4415633165723314,19.99200000136625,169.31459999614162,191.74816331408022,one shared preloaded model
conv-26-qa-64,difference_prefix,2.4415633165723314,20.52739999635378,225.1516000033007,248.12056331622682,one shared preloaded model
conv-26-qa-65,difference_prefix,2.4415633165723314,12.865900003816932,193.3945999990101,208.70206331939937,one shared preloaded model
conv-26-qa-66,difference_prefix,2.4415633165723314,15.336700002080761,219.19859999616165,236.97686331481475,one shared preloaded model
conv-26-qa-67,difference_prefix,2.4415633165723314,13.24620000377763,529.2241999995895,544.9119633199394,one shared preloaded model
conv-26-qa-68,difference_prefix,2.4415633165723314,15.473700004804414,343.1105999989086,361.02586332028534,one shared preloaded model
conv-26-qa-69,difference_prefix,2.4415633165723314,17.020200000843033,190.81780000124127,210.27956331865664,one shared preloaded model
conv-26-qa-70,difference_prefix,2.4415633165723314,18.92099999531638,224.96450000471668,246.3270633166054,one shared preloaded model
conv-26-qa-71,difference_prefix,2.4415633165723314,12.09950000338722,200.69060000241734,215.2316633223769,one shared preloaded model
conv-26-qa-72,difference_prefix,2.4415633165723314,12.662599998293445,225.76870000193594,240.87286331680173,one shared preloaded model
conv-26-qa-73,difference_prefix,2.4415633165723314,13.164999996661209,186.88220000331057,202.48876331654412,one shared preloaded model
conv-26-qa-74,difference_prefix,2.4415633165723314,19.100900004559662,342.47559999494115,364.01806331607315,one shared preloaded model
conv-26-qa-75,difference_prefix,2.4415633165723314,13.79090000409633,128.55869999475544,144.79116331542411,one shared preloaded model
conv-26-qa-76,difference_prefix,2.4415633165723314,19.110699999146163,239.99190000176895,261.54416331748746,one shared preloaded model
conv-26-qa-77,difference_prefix,2.4415633165723314,14.369899996381719,233.85399999824585,250.66546331119991,one shared preloaded model
conv-26-qa-78,difference_prefix,2.4415633165723314,11.921700002858415,204.92599999852246,219.2892633179532,one shared preloaded model
conv-26-qa-79,difference_prefix,2.4415633165723314,11.713500003679655,493.82950000290293,507.98456332315493,one shared preloaded model
conv-26-qa-80,difference_prefix,2.4415633165723314,12.459099998523016,311.41460000071675,326.3152633158121,one shared preloaded model
conv-26-qa-81,difference_prefix,2.4415633165723314,12.583299998368602,214.51150000211783,229.53636331705877,one shared preloaded model
conv-26-qa-82,difference_prefix,2.4415633165723314,12.285099997825455,164.50340000301367,179.23006331741146,one shared preloaded model
conv-26-qa-83,difference_prefix,2.4415633165723314,19.04099999956088,241.15799999708543,262.64056331321865,one shared preloaded model
conv-26-qa-84,difference_prefix,2.4415633165723314,11.631900000793394,203.27830000314862,217.35176332051435,one shared preloaded model
conv-26-qa-85,difference_prefix,2.4415633165723314,12.357300001895055,197.87799999903655,212.67686331750394,one shared preloaded model
conv-26-qa-86,difference_prefix,2.4415633165723314,13.118700000632089,250.25680000544526,265.8170633226497,one shared preloaded model
conv-26-qa-87,difference_prefix,2.4415633165723314,12.175100004242267,380.35130000207573,394.96796332289034,one shared preloaded model
conv-26-qa-88,difference_prefix,2.4415633165723314,15.867699999944307,210.3281999952742,228.63746331179084,one shared preloaded model
conv-26-qa-89,difference_prefix,2.4415633165723314,11.987199999566656,226.07499999867287,240.50376331481186,one shared preloaded model
conv-26-qa-90,difference_prefix,2.4415633165723314,14.45909999893047,170.06340000079945,186.96406331630226,one shared preloaded model
conv-26-qa-91,difference_prefix,2.4415633165723314,17.22229999722913,242.73009999888018,262.39396331268165,one shared preloaded model
conv-26-qa-92,difference_prefix,2.4415633165723314,13.26600000174949,124.61599999369355,140.32356331201538,one shared preloaded model
conv-26-qa-93,difference_prefix,2.4415633165723314,18.830499997420702,147.10969999578083,168.38176330977387,one shared preloaded model
conv-26-qa-94,difference_prefix,2.4415633165723314,19.310399999085348,237.68170000403188,259.4336633196896,one shared preloaded model
conv-26-qa-95,difference_prefix,2.4415633165723314,13.422799995169044,591.7104999971343,607.5748633088757,one shared preloaded model
conv-26-qa-96,difference_prefix,2.4415633165723314,12.180400000943337,168.12019999633776,182.74216331385344,one shared preloaded model
conv-26-qa-97,difference_prefix,2.4415633165723314,19.05799999804003,219.29950000048848,240.79906331510085,one shared preloaded model
conv-26-qa-98,difference_prefix,2.4415633165723314,13.518200001271907,406.5331000019796,422.49286331982387,one shared preloaded model
conv-26-qa-99,difference_prefix,2.4415633165723314,15.235299993946683,384.2804000014439,401.95726331196295,one shared preloaded model
conv-26-qa-100,difference_prefix,2.4415633165723314,12.36369999969611,220.67010000318987,235.47536331945832,one shared preloaded model
conv-26-qa-101,difference_prefix,2.4415633165723314,12.522999997599982,120.02560000109952,134.99016331527184,one shared preloaded model
conv-26-qa-102,difference_prefix,2.4415633165723314,16.306400000758003,440.8261999997194,459.57416331704974,one shared preloaded model
conv-26-qa-103,difference_prefix,2.4415633165723314,12.744300001941156,207.10269999835873,222.28856331687223,one shared preloaded model
conv-26-qa-104,difference_prefix,2.4415633165723314,14.015499997185543,248.40279999625636,264.85986331001425,one shared preloaded model
conv-26-qa-105,difference_prefix,2.4415633165723314,11.97880000108853,309.0567000035662,323.4770633212271,one shared preloaded model
conv-26-qa-106,difference_prefix,2.4415633165723314,12.613899998541456,153.6536000057822,168.709063320896,one shared preloaded model
conv-26-qa-107,difference_prefix,2.4415633165723314,18.86250000097789,214.3491000024369,235.65316331998713,one shared preloaded model
conv-26-qa-108,difference_prefix,2.4415633165723314,12.305999996897299,158.56840000196826,173.3159633154379,one shared preloaded model
conv-26-qa-109,difference_prefix,2.4415633165723314,19.439099996816367,149.4202000030782,171.30086331646692,one shared preloaded model
conv-26-qa-110,difference_prefix,2.4415633165723314,19.61289999599103,136.51240000035614,158.5668633129195,one shared preloaded model
conv-26-qa-111,difference_prefix,2.4415633165723314,19.50550000037765,168.7168999997084,190.6639633166584,one shared preloaded model
conv-26-qa-112,difference_prefix,2.4415633165723314,19.875199999660254,263.7006000004476,286.0173633166802,one shared preloaded model
conv-26-qa-113,difference_prefix,2.4415633165723314,16.739799997594673,215.15150000050198,234.332863314669,one shared preloaded model
conv-26-qa-114,difference_prefix,2.4415633165723314,13.917999996920116,194.72089999908349,211.08046331257594,one shared preloaded model
conv-26-qa-115,difference_prefix,2.4415633165723314,14.198299999407027,572.4189000029583,589.0587633189376,one shared preloaded model
conv-26-qa-116,difference_prefix,2.4415633165723314,12.60510000429349,401.72619999793824,416.77286331880407,one shared preloaded model
conv-26-qa-117,difference_prefix,2.4415633165723314,12.697199999820441,245.60809999820776,260.74686331460055,one shared preloaded model
conv-26-qa-118,difference_prefix,2.4415633165723314,13.841299994965084,401.9685999955982,418.2514633071356,one shared preloaded model
conv-26-qa-119,difference_prefix,2.4415633165723314,12.986499998078216,318.68300000496674,334.1110633196173,one shared preloaded model
conv-26-qa-120,difference_prefix,2.4415633165723314,16.36080000025686,242.95970000093803,261.76206331776723,one shared preloaded model
conv-26-qa-121,difference_prefix,2.4415633165723314,11.984599994320888,216.595400001097,231.02156331199023,one shared preloaded model
conv-26-qa-122,difference_prefix,2.4415633165723314,12.614600003871601,313.6730999976862,328.72926331813017,one shared preloaded model
conv-26-qa-123,difference_prefix,2.4415633165723314,14.787200001592282,125.4902000000584,142.71896331822302,one shared preloaded model
conv-26-qa-124,difference_prefix,2.4415633165723314,18.883000004279893,115.84189999848604,137.16646331933828,one shared preloaded model
conv-26-qa-125,difference_prefix,2.4415633165723314,15.095599999767728,249.996700003976,267.5338633203161,one shared preloaded model
conv-26-qa-126,difference_prefix,2.4415633165723314,15.77489999908721,195.25330000033136,213.46976331599092,one shared preloaded model
conv-26-qa-127,difference_prefix,2.4415633165723314,14.5771000024979,146.70230000047013,163.72096331954037,one shared preloaded model
conv-26-qa-128,difference_prefix,2.4415633165723314,18.30599999811966,269.38639999571024,290.13396331040224,one shared preloaded model
conv-26-qa-129,difference_prefix,2.4415633165723314,14.613999999710359,332.13830000022426,349.19386331650696,one shared preloaded model
conv-26-qa-130,difference_prefix,2.4415633165723314,15.595900003972929,220.68040000158362,238.7178633221289,one shared preloaded model
conv-26-qa-131,difference_prefix,2.4415633165723314,12.430700000550132,221.39910000259988,236.27136331972235,one shared preloaded model
conv-26-qa-132,difference_prefix,2.4415633165723314,13.78159999876516,342.0826999936253,358.3058633089628,one shared preloaded model
conv-26-qa-133,difference_prefix,2.4415633165723314,15.58400000067195,372.95040000026347,390.97596331750776,one shared preloaded model
conv-26-qa-134,difference_prefix,2.4415633165723314,12.718199999653734,217.63060000375845,232.79036331998452,one shared preloaded model
conv-26-qa-135,difference_prefix,2.4415633165723314,12.04909999796655,206.7583000025479,221.2489633170868,one shared preloaded model
conv-26-qa-136,difference_prefix,2.4415633165723314,12.584700001752935,205.40570000594016,220.43196332426544,one shared preloaded model
conv-26-qa-137,difference_prefix,2.4415633165723314,13.051599999016616,410.23580000182847,425.7289633174174,one shared preloaded model
conv-26-qa-138,difference_prefix,2.4415633165723314,13.456799999403302,216.33399999700487,232.2323633129805,one shared preloaded model
conv-26-qa-139,difference_prefix,2.4415633165723314,12.010500002361368,236.99889999988955,251.45096331882326,one shared preloaded model
conv-26-qa-140,difference_prefix,2.4415633165723314,12.469200002669822,183.66239999886602,198.5731633181082,one shared preloaded model
conv-26-qa-141,difference_prefix,2.4415633165723314,19.127699997625314,184.37249999988126,205.9417633140789,one shared preloaded model
conv-26-qa-142,difference_prefix,2.4415633165723314,19.031900003028568,430.4173999989871,451.890863318588,one shared preloaded model
conv-26-qa-143,difference_prefix,2.4415633165723314,16.200099998968653,192.07119999919087,210.71286331473186,one shared preloaded model
conv-26-qa-144,difference_prefix,2.4415633165723314,15.205699994112365,299.2253999982495,316.8726633089342,one shared preloaded model
conv-26-qa-145,difference_prefix,2.4415633165723314,13.630200002808124,151.52479999960633,167.5965633189868,one shared preloaded model
conv-26-qa-146,difference_prefix,2.4415633165723314,19.55880000605248,260.86420000501676,282.8645633276416,one shared preloaded model
conv-26-qa-147,difference_prefix,2.4415633165723314,15.608400004566647,158.74500000063563,176.79496332177462,one shared preloaded model
conv-26-qa-148,difference_prefix,2.4415633165723314,19.146400001773145,288.09929999988526,309.68726331823075,one shared preloaded model
conv-26-qa-149,difference_prefix,2.4415633165723314,12.816999995266087,205.5534000028274,220.81196331466583,one shared preloaded model
conv-26-qa-150,difference_prefix,2.4415633165723314,13.19839999632677,115.6940000000759,131.33396331297502,one shared preloaded model
conv-26-qa-151,difference_prefix,2.4415633165723314,19.552300000214018,512.4990999975125,534.4929633142989,one shared preloaded model
conv-26-qa-152,difference_prefix,2.4415633165723314,13.45489999948768,160.41989999939688,176.3163633154569,one shared preloaded model
conv-26-qa-153,difference_prefix,2.4415633165723314,14.000600000144914,165.53040000144392,181.97256331816118,one shared preloaded model
conv-26-qa-154,difference_prefix,2.4415633165723314,18.892300002335105,221.04839999519754,242.382263314105,one shared preloaded model
conv-26-qa-155,difference_prefix,2.4415633165723314,15.583100001094863,226.5287000045646,244.5533633222318,one shared preloaded model
conv-26-qa-156,difference_prefix,2.4415633165723314,12.284100004762877,437.2925999996369,452.0182633209721,one shared preloaded model
conv-26-qa-157,difference_prefix,2.4415633165723314,16.202799997699913,233.3199999993667,251.96436331363896,one shared preloaded model
conv-26-qa-158,difference_prefix,2.4415633165723314,13.363800004299264,109.65820000274107,125.46356332361266,one shared preloaded model
conv-26-qa-159,difference_prefix,2.4415633165723314,14.79999999719439,146.04880000115372,163.29036331492046,one shared preloaded model
conv-26-qa-160,difference_prefix,2.4415633165723314,17.920099999173544,233.75320000195643,254.11486331770232,one shared preloaded model
conv-26-qa-161,difference_prefix,2.4415633165723314,12.618000000657048,233.65460000059102,248.7141633178204,one shared preloaded model
conv-26-qa-162,difference_prefix,2.4415633165723314,12.891999998828396,241.7998000018997,257.13336331730045,one shared preloaded model
conv-26-qa-163,difference_prefix,2.4415633165723314,12.073100006091408,212.21330000116723,226.72796332383098,one shared preloaded model
conv-26-qa-164,difference_prefix,2.4415633165723314,11.97870000032708,226.02219999680528,240.4424633137047,one shared preloaded model
conv-26-qa-165,difference_prefix,2.4415633165723314,14.920399997208733,221.61010000127135,238.97206331505242,one shared preloaded model
conv-26-qa-166,difference_prefix,2.4415633165723314,13.526900002034381,202.91379999980563,218.88226331841236,one shared preloaded model
conv-26-qa-167,difference_prefix,2.4415633165723314,12.621099995158147,229.10849999607308,244.17116330780357,one shared preloaded model
conv-26-qa-168,difference_prefix,2.4415633165723314,13.793899997835979,105.06350000650855,121.29896332091685,one shared preloaded model
conv-26-qa-169,difference_prefix,2.4415633165723314,19.07760000176495,372.8971999953501,394.4163633136874,one shared preloaded model
conv-26-qa-170,difference_prefix,2.4415633165723314,15.448800004378427,173.45890000433428,191.34926332528505,one shared preloaded model
conv-26-qa-171,difference_prefix,2.4415633165723314,19.252899997809436,189.50110000150744,211.19556331588922,one shared preloaded model
conv-26-qa-172,difference_prefix,2.4415633165723314,18.837399999029003,131.941799998458,153.22076331405935,one shared preloaded model
conv-26-qa-173,difference_prefix,2.4415633165723314,18.894100001489278,223.48449999844888,244.8201633165105,one shared preloaded model
conv-26-qa-174,difference_prefix,2.4415633165723314,11.997200002952013,238.0533000032301,252.49206332275446,one shared preloaded model
conv-26-qa-175,difference_prefix,2.4415633165723314,16.531699999177363,221.8674999967334,240.8407633124831,one shared preloaded model
conv-26-qa-176,difference_prefix,2.4415633165723314,12.87400000001071,228.7780999977258,244.09366331430886,one shared preloaded model
conv-26-qa-177,difference_prefix,2.4415633165723314,14.39379999646917,222.10089999862248,238.936263311664,one shared preloaded model
conv-26-qa-178,difference_prefix,2.4415633165723314,11.907300002349075,110.92680000001565,125.27566331893705,one shared preloaded model
conv-26-qa-179,difference_prefix,2.4415633165723314,20.19309999741381,214.06769999885,236.70236331283616,one shared preloaded model
conv-26-qa-180,difference_prefix,2.4415633165723314,14.10379999288125,216.9315999999526,233.4769633094062,one shared preloaded model
conv-26-qa-181,difference_prefix,2.4415633165723314,14.336399995954707,224.01600000011967,240.79396331264672,one shared preloaded model
conv-26-qa-182,difference_prefix,2.4415633165723314,13.618999997561332,226.5255000020261,242.58606331615977,one shared preloaded model
conv-26-qa-183,difference_prefix,2.4415633165723314,12.038100001518615,308.4171000009519,322.89676331904286,one shared preloaded model
conv-26-qa-184,difference_prefix,2.4415633165723314,15.863900000113063,215.90250000008382,234.20796331676922,one shared preloaded model
conv-26-qa-185,difference_prefix,2.4415633165723314,12.609500001417473,144.33610000560293,159.38716332359274,one shared preloaded model
conv-26-qa-186,difference_prefix,2.4415633165723314,19.294500001706183,217.91539999685483,239.65146331513336,one shared preloaded model
conv-26-qa-187,difference_prefix,2.4415633165723314,13.754100000369363,219.078800000716,235.2744633176577,one shared preloaded model
conv-26-qa-188,difference_prefix,2.4415633165723314,13.45729999593459,177.8150000027381,193.71386331524502,one shared preloaded model
conv-26-qa-189,difference_prefix,2.4415633165723314,19.699700002092868,216.9796999951359,239.1209633138011,one shared preloaded model
conv-26-qa-190,difference_prefix,2.4415633165723314,16.01459999801591,378.8420999990194,397.29826331360766,one shared preloaded model
conv-26-qa-191,difference_prefix,2.4415633165723314,16.419399995356798,145.78420000179904,164.64516331372818,one shared preloaded model
conv-26-qa-192,difference_prefix,2.4415633165723314,19.159199997375254,286.7550000009942,308.3557633149418,one shared preloaded model
conv-26-qa-193,difference_prefix,2.4415633165723314,13.025399995967746,587.3444999961066,602.8114633086467,one shared preloaded model
conv-26-qa-194,difference_prefix,2.4415633165723314,16.308199999912176,310.6757000059588,329.4254633224433,one shared preloaded model
conv-26-qa-195,difference_prefix,2.4415633165723314,13.389800005825236,266.3736999966204,282.205063319018,one shared preloaded model
conv-26-qa-196,difference_prefix,2.4415633165723314,12.34660000045551,375.2624000044307,390.0505633214585,one shared preloaded model
conv-26-qa-197,difference_prefix,2.4415633165723314,17.557200000737794,228.3700999978464,248.36886331515655,one shared preloaded model
conv-26-qa-198,difference_prefix,2.4415633165723314,12.908600001537707,297.12849999486934,312.4786633129794,one shared preloaded model
conv-30-qa-0,difference_prefix,2.891854285692153,17.614100004720967,487.6981999987038,508.2041542891169,one shared preloaded model
conv-30-qa-1,difference_prefix,2.891854285692153,14.514299997244962,298.8453999932972,316.2515542762343,one shared preloaded model
conv-30-qa-2,difference_prefix,2.891854285692153,14.32129999739118,110.84509999636794,128.05825427945126,one shared preloaded model
conv-30-qa-3,difference_prefix,2.891854285692153,15.159900001890492,235.44869999750517,253.5004542850878,one shared preloaded model
conv-30-qa-4,difference_prefix,2.891854285692153,11.411999999836553,401.5891000017291,415.8929542872578,one shared preloaded model
conv-30-qa-5,difference_prefix,2.891854285692153,12.130000002798624,209.1671000016504,224.18895429014117,one shared preloaded model
conv-30-qa-6,difference_prefix,2.891854285692153,11.687599995639175,165.7379000025685,180.31735428389982,one shared preloaded model
conv-30-qa-7,difference_prefix,2.891854285692153,16.07510000030743,330.5712000001222,349.53815428612177,one shared preloaded model
conv-30-qa-8,difference_prefix,2.891854285692153,12.181899997813161,318.3391000056872,333.4128542891925,one shared preloaded model
conv-30-qa-9,difference_prefix,2.891854285692153,11.529600000358187,212.62359999673208,227.04505428278242,one shared preloaded model
conv-30-qa-10,difference_prefix,2.891854285692153,12.223799996718299,488.7023999981466,503.818054280557,one shared preloaded model
conv-30-qa-11,difference_prefix,2.891854285692153,13.58510000136448,180.9575000006589,197.43445428771554,one shared preloaded model
conv-30-qa-12,difference_prefix,2.891854285692153,17.002200002025347,346.4639999947394,366.3580542824569,one shared preloaded model
conv-30-qa-13,difference_prefix,2.891854285692153,14.872399995510932,351.0924999936833,368.8567542748864,one shared preloaded model
conv-30-qa-14,difference_prefix,2.891854285692153,15.053399998578243,348.7024999994901,366.6477542837605,one shared preloaded model
conv-30-qa-15,difference_prefix,2.891854285692153,14.126699999906123,313.8803000038024,330.8988542894007,one shared preloaded model
conv-30-qa-16,difference_prefix,2.891854285692153,14.600599999539554,228.72669999924256,246.21915428447426,one shared preloaded model
conv-30-qa-17,difference_prefix,2.891854285692153,14.217500000086147,487.9893000033917,505.09865428917,one shared preloaded model
conv-30-qa-18,difference_prefix,2.891854285692153,11.190600002009887,213.9610000012908,228.04345428899285,one shared preloaded model
conv-30-qa-19,difference_prefix,2.891854285692153,13.63860000128625,328.391000002739,344.9214542897174,one shared preloaded model
conv-30-qa-20,difference_prefix,2.891854285692153,14.234000002034009,334.9281000046176,352.05395429234375,one shared preloaded model
conv-30-qa-21,difference_prefix,2.891854285692153,14.255000001867302,329.684799995448,346.8316542830074,one shared preloaded model
conv-30-qa-22,difference_prefix,2.891854285692153,15.25470000342466,349.6744000003673,367.8209542894841,one shared preloaded model
conv-30-qa-23,difference_prefix,2.891854285692153,11.02559999708319,159.12720000051195,173.0446542832873,one shared preloaded model
conv-30-qa-24,difference_prefix,2.891854285692153,17.433699998946395,158.95379999710713,179.27935428174567,one shared preloaded model
conv-30-qa-25,difference_prefix,2.891854285692153,17.315199998847675,213.31289999943692,233.51995428397674,one shared preloaded model
conv-30-qa-26,difference_prefix,2.891854285692153,11.930500004382338,318.84010000067065,333.66245429074513,one shared preloaded model
conv-30-qa-27,difference_prefix,2.891854285692153,12.206400002469309,187.63149999722373,202.72975428538518,one shared preloaded model
conv-30-qa-28,difference_prefix,2.891854285692153,17.298200000368524,328.6952999987989,348.88535428485955,one shared preloaded model
conv-30-qa-29,difference_prefix,2.891854285692153,14.364800001203548,203.12009999906877,220.37675428596447,one shared preloaded model
conv-30-qa-30,difference_prefix,2.891854285692153,10.872499995457474,151.68899999844143,165.45335427959105,one shared preloaded model
conv-30-qa-31,difference_prefix,2.891854285692153,17.51700000022538,183.20319999475032,203.61205428066785,one shared preloaded model
conv-30-qa-32,difference_prefix,2.891854285692153,17.42029999877559,349.4076999995741,369.71985428404184,one shared preloaded model
conv-30-qa-33,difference_prefix,2.891854285692153,10.89190000493545,326.77089999924647,340.55465428987407,one shared preloaded model
conv-30-qa-34,difference_prefix,2.891854285692153,11.175600004207809,327.2776000012527,341.3450542911527,one shared preloaded model
conv-30-qa-35,difference_prefix,2.891854285692153,14.660100001492538,341.4398000022629,358.9917542894476,one shared preloaded model
conv-30-qa-36,difference_prefix,2.891854285692153,14.003899996168911,495.5085000037798,512.4042542856408,one shared preloaded model
conv-30-qa-37,difference_prefix,2.891854285692153,14.443100000789855,504.6151999995345,521.9501542860165,one shared preloaded model
conv-30-qa-38,difference_prefix,2.891854285692153,11.433699997724034,496.7488999973284,511.0744542807446,one shared preloaded model
conv-30-qa-39,difference_prefix,2.891854285692153,11.087800005043391,149.69899999414338,163.67865428487892,one shared preloaded model
conv-30-qa-40,difference_prefix,2.891854285692153,17.373999995470513,170.01370000070892,190.27955428187158,one shared preloaded model
conv-30-qa-41,difference_prefix,2.891854285692153,17.361300000629853,833.4758999990299,853.7290542853519,one shared preloaded model
conv-30-qa-42,difference_prefix,2.891854285692153,11.575500000617467,229.95979999541305,244.42715428172266,one shared preloaded model
conv-30-qa-43,difference_prefix,2.891854285692153,10.976500001561362,154.0208000005805,167.889154287834,one shared preloaded model
conv-30-qa-44,difference_prefix,2.891854285692153,11.65650000621099,227.23479999694973,241.78315428885287,one shared preloaded model
conv-30-qa-45,difference_prefix,2.891854285692153,11.687899997923523,148.77839999826392,163.3581542818796,one shared preloaded model
conv-30-qa-46,difference_prefix,2.891854285692153,17.489700003352482,197.5120000060997,217.89355429514433,one shared preloaded model
conv-30-qa-47,difference_prefix,2.891854285692153,11.98320000548847,231.0265000051004,245.901554296281,one shared preloaded model
conv-30-qa-48,difference_prefix,2.891854285692153,14.258000002882909,145.73209999798564,162.8819542865607,one shared preloaded model
conv-30-qa-49,difference_prefix,2.891854285692153,17.34760000545066,315.1064000048791,335.3458542960219,one shared preloaded model
conv-30-qa-50,difference_prefix,2.891854285692153,14.161799997964408,411.4266999968095,428.48035428046603,one shared preloaded model
conv-30-qa-51,difference_prefix,2.891854285692153,14.021999995748047,333.1430999969598,350.0569542784,one shared preloaded model
conv-30-qa-52,difference_prefix,2.891854285692153,15.477900000405498,554.6155999982147,572.9853542843124,one shared preloaded model
conv-30-qa-53,difference_prefix,2.891854285692153,11.862700004712678,401.57129999715835,416.3258542875632,one shared preloaded model
conv-30-qa-54,difference_prefix,2.891854285692153,11.748900004022289,315.427900000941,330.06865429065545,one shared preloaded model
conv-30-qa-55,difference_prefix,2.891854285692153,11.161599999468308,566.5641000014148,580.6175542865752,one shared preloaded model
conv-30-qa-56,difference_prefix,2.891854285692153,12.23740000568796,222.80999999929918,237.9392542906793,one shared preloaded model
conv-30-qa-57,difference_prefix,2.891854285692153,13.52729999780422,534.937100004754,551.3562542882504,one shared preloaded model
conv-30-qa-58,difference_prefix,2.891854285692153,14.130800002021715,350.16129999712575,367.1839542848396,one shared preloaded model
conv-30-qa-59,difference_prefix,2.891854285692153,14.663400004792493,408.8391000041156,426.39435429460025,one shared preloaded model
conv-30-qa-60,difference_prefix,2.891854285692153,14.23419999628095,107.38639999908628,124.51245428105938,one shared preloaded model
conv-30-qa-61,difference_prefix,2.891854285692153,17.298699996899813,161.16650000185473,181.3570542844467,one shared preloaded model
conv-30-qa-62,difference_prefix,2.891854285692153,12.615999999979977,649.3860999980825,664.8939542837546,one shared preloaded model
conv-30-qa-63,difference_prefix,2.891854285692153,14.760600002773572,211.96100000088336,229.61345428934908,one shared preloaded model
conv-30-qa-64,difference_prefix,2.891854285692153,11.477300002297852,222.87890000006882,237.24805428805882,one shared preloaded model
conv-30-qa-65,difference_prefix,2.891854285692153,10.846099998161662,204.46290000109002,218.20085428494383,one shared preloaded model
conv-30-qa-66,difference_prefix,2.891854285692153,14.387199997145217,263.29010000335984,280.5691542861972,one shared preloaded model
conv-30-qa-67,difference_prefix,2.891854285692153,14.276399997470435,337.5828999996884,354.75115428285096,one shared preloaded model
conv-30-qa-68,difference_prefix,2.891854285692153,13.7689000039245,217.17260000150418,233.83335429112083,one shared preloaded model
conv-30-qa-69,difference_prefix,2.891854285692153,12.253600005351473,293.10009999608155,308.2455542871252,one shared preloaded model
conv-30-qa-70,difference_prefix,2.891854285692153,12.19350000610575,189.53460000193445,204.61995429373235,one shared preloaded model
conv-30-qa-71,difference_prefix,2.891854285692153,17.398900003172457,114.56199999520322,134.85275428406783,one shared preloaded model
conv-30-qa-72,difference_prefix,2.891854285692153,17.793700004403945,154.73190000193426,175.41745429203036,one shared preloaded model
conv-30-qa-73,difference_prefix,2.891854285692153,15.732300002127886,173.33489999873564,191.95905428655567,one shared preloaded model
conv-30-qa-74,difference_prefix,2.891854285692153,18.631499995535705,202.38599999720464,223.9093542784325,one shared preloaded model
conv-30-qa-75,difference_prefix,2.891854285692153,11.500699998578057,317.9085000010673,332.3010542853375,one shared preloaded model
conv-30-qa-76,difference_prefix,2.891854285692153,12.306900003750343,161.95719999814173,177.15595428758422,one shared preloaded model
conv-30-qa-77,difference_prefix,2.891854285692153,17.295500001637265,149.60040000005392,169.78775428738334,one shared preloaded model
conv-30-qa-78,difference_prefix,2.891854285692153,17.55089999642223,225.49219999928027,245.93495428139465,one shared preloaded model
conv-30-qa-79,difference_prefix,2.891854285692153,11.368900006345939,142.97929999884218,157.24005429088027,one shared preloaded model
conv-30-qa-80,difference_prefix,2.891854285692153,17.700000003969762,377.94440000288887,398.5362542925508,one shared preloaded model
conv-30-qa-81,difference_prefix,2.891854285692153,11.070000000472646,434.69419999746606,448.65605428363085,one shared preloaded model
conv-30-qa-82,difference_prefix,2.891854285692153,13.836500002071261,218.887300005008,235.6156542927714,one shared preloaded model
conv-30-qa-83,difference_prefix,2.891854285692153,11.142800001834985,218.31050000037067,232.3451542878978,one shared preloaded model
conv-30-qa-84,difference_prefix,2.891854285692153,12.579900001583155,142.97500000247965,158.44675428975495,one shared preloaded model
conv-30-qa-85,difference_prefix,2.891854285692153,17.595999997865874,104.31389999575913,124.80175427931715,one shared preloaded model
conv-30-qa-86,difference_prefix,2.891854285692153,17.4948999992921,183.8461000006646,204.23285428564884,one shared preloaded model
conv-30-qa-87,difference_prefix,2.891854285692153,13.367599996854551,230.13170000194805,246.39115428449475,one shared preloaded model
conv-30-qa-88,difference_prefix,2.891854285692153,11.854199998197146,203.5660999972606,218.3121542811499,one shared preloaded model
conv-30-qa-89,difference_prefix,2.891854285692153,14.285999997809995,125.86190000001807,143.0397542835202,one shared preloaded model
conv-30-qa-90,difference_prefix,2.891854285692153,18.899000002420507,525.610400000005,547.4012542881177,one shared preloaded model
conv-30-qa-91,difference_prefix,2.891854285692153,13.620199999422766,148.1532999969204,164.6653542820353,one shared preloaded model
conv-30-qa-92,difference_prefix,2.891854285692153,17.0598999975482,327.05859999987297,347.0103542831133,one shared preloaded model
conv-30-qa-93,difference_prefix,2.891854285692153,11.22380000015255,227.50989999622107,241.62555428206576,one shared preloaded model
conv-30-qa-94,difference_prefix,2.891854285692153,12.489400003687479,220.09199999592965,235.47325428530928,one shared preloaded model
conv-30-qa-95,difference_prefix,2.891854285692153,10.92419999622507,116.37460000201827,130.1906542839355,one shared preloaded model
conv-30-qa-96,difference_prefix,2.891854285692153,18.153999997593928,210.60700000089128,231.65285428417735,one shared preloaded model
conv-30-qa-97,difference_prefix,2.891854285692153,12.145000000600703,219.3801999965217,234.41705428281455,one shared preloaded model
conv-30-qa-98,difference_prefix,2.891854285692153,11.732500002835877,207.7082999967388,222.3326542852668,one shared preloaded model
conv-30-qa-99,difference_prefix,2.891854285692153,12.084500005585141,211.6734000010183,226.6497542922956,one shared preloaded model
conv-30-qa-100,difference_prefix,2.891854285692153,12.841400006436743,396.68999999412335,412.42325428625225,one shared preloaded model
conv-30-qa-101,difference_prefix,2.891854285692153,14.364700000442099,210.5336000022362,227.79015428837045,one shared preloaded model
conv-30-qa-102,difference_prefix,2.891854285692153,12.081699998816475,141.73160000063945,156.70515428514807,one shared preloaded model
conv-30-qa-103,difference_prefix,2.891854285692153,16.051999999035615,160.86510000604903,179.8089542907768,one shared preloaded model
conv-30-qa-104,difference_prefix,2.891854285692153,18.03230000223266,748.4378000008292,769.361954288754,one shared preloaded model
conv-41-qa-0,difference_prefix,2.9018937823919995,21.517699999094475,124.37299999874085,148.79259378022732,one shared preloaded model
conv-41-qa-1,difference_prefix,2.9018937823919995,20.60370000253897,309.509300001082,333.014893786013,one shared preloaded model
conv-41-qa-2,difference_prefix,2.9018937823919995,17.927400003827643,248.6069000005955,269.4361937868151,one shared preloaded model
conv-41-qa-3,difference_prefix,2.9018937823919995,13.838200000463985,290.25199999887263,306.9920937817286,one shared preloaded model
conv-41-qa-4,difference_prefix,2.9018937823919995,17.827600000600796,500.10159999510506,520.8310937780979,one shared preloaded model
conv-41-qa-5,difference_prefix,2.9018937823919995,18.093899998348206,145.835100003751,166.8308937844912,one shared preloaded model
conv-41-qa-6,difference_prefix,2.9018937823919995,20.542300000670366,100.89049999805866,124.33469378112102,one shared preloaded model
conv-41-qa-7,difference_prefix,2.9018937823919995,22.131999998237006,183.21650000143563,208.25039378206463,one shared preloaded model
conv-41-qa-8,difference_prefix,2.9018937823919995,16.504100000020117,202.3814999993192,221.7874937817313,one shared preloaded model
conv-41-qa-9,difference_prefix,2.9018937823919995,13.920599994889926,235.43439999775728,252.2568937750392,one shared preloaded model
conv-41-qa-10,difference_prefix,2.9018937823919995,13.502300003892742,511.3081000017701,527.7122937880548,one shared preloaded model
conv-41-qa-11,difference_prefix,2.9018937823919995,13.524000001780223,119.65500000223983,136.08089378641205,one shared preloaded model
conv-41-qa-12,difference_prefix,2.9018937823919995,19.35100000264356,243.83279999892693,266.0856937839625,one shared preloaded model
conv-41-qa-13,difference_prefix,2.9018937823919995,13.28809999540681,310.7003999975859,326.8903937753847,one shared preloaded model
conv-41-qa-14,difference_prefix,2.9018937823919995,18.234699993627146,218.64069999719504,239.77729377321418,one shared preloaded model
conv-41-qa-15,difference_prefix,2.9018937823919995,16.436600002634805,218.4075000041048,237.7459937891316,one shared preloaded model
conv-41-qa-16,difference_prefix,2.9018937823919995,13.652000001457054,487.84770000202116,504.4015937858702,one shared preloaded model
conv-41-qa-17,difference_prefix,2.9018937823919995,16.006799996830523,216.63730000000214,235.54599377922466,one shared preloaded model
conv-41-qa-18,difference_prefix,2.9018937823919995,13.472699996782467,164.37149999546818,180.74609377464265,one shared preloaded model
conv-41-qa-19,difference_prefix,2.9018937823919995,20.757200007210486,153.355599999486,177.01469378908848,one shared preloaded model
conv-41-qa-20,difference_prefix,2.9018937823919995,21.343600004911423,310.07300000055693,334.31849378786035,one shared preloaded model
conv-41-qa-21,difference_prefix,2.9018937823919995,13.87830000021495,213.82979999907548,230.60999378168242,one shared preloaded model
conv-41-qa-22,difference_prefix,2.9018937823919995,14.149300004646648,178.60750000545522,195.65869379249386,one shared preloaded model
conv-41-qa-23,difference_prefix,2.9018937823919995,15.50949999364093,216.28250000503613,234.69389378106905,one shared preloaded model
conv-41-qa-24,difference_prefix,2.9018937823919995,13.05730000603944,487.7877999970224,503.7469937854538,one shared preloaded model
conv-41-qa-25,difference_prefix,2.9018937823919995,17.547200004628394,224.72830000333488,245.17739379035527,one shared preloaded model
conv-41-qa-26,difference_prefix,2.9018937823919995,12.96860000002198,247.1311000044807,263.00159378689466,one shared preloaded model
conv-41-qa-27,difference_prefix,2.9018937823919995,13.743600000452716,171.59520000132034,188.24069378416505,one shared preloaded model
conv-41-qa-28,difference_prefix,2.9018937823919995,21.09560000099009,206.44270000047982,230.4401937838619,one shared preloaded model
conv-41-qa-29,difference_prefix,2.9018937823919995,13.140800001565367,228.28239999944344,244.3250937834008,one shared preloaded model
conv-41-qa-30,difference_prefix,2.9018937823919995,12.834799999836832,180.48080000153277,196.2174937837616,one shared preloaded model
conv-41-qa-31,difference_prefix,2.9018937823919995,21.12420000048587,239.33299999771407,263.35909378059193,one shared preloaded model
conv-41-qa-32,difference_prefix,2.9018937823919995,18.462100000760984,205.82180000201333,227.1857937851663,one shared preloaded model
conv-41-qa-33,difference_prefix,2.9018937823919995,14.551899999787565,342.0068999985233,359.46069378070285,one shared preloaded model
conv-41-qa-34,difference_prefix,2.9018937823919995,17.430899999453686,504.06430000293767,524.3970937847834,one shared preloaded model
conv-41-qa-35,difference_prefix,2.9018937823919995,17.73200000025099,222.96069999720203,243.594593779845,one shared preloaded model
conv-41-qa-36,difference_prefix,2.9018937823919995,13.139400005456991,206.59840000007534,222.63969378792433,one shared preloaded model
conv-41-qa-37,difference_prefix,2.9018937823919995,15.331499998865183,233.2784000027459,251.5117937840031,one shared preloaded model
conv-41-qa-38,difference_prefix,2.9018937823919995,13.908000000810716,474.7900000002119,491.5998937834146,one shared preloaded model
conv-41-qa-39,difference_prefix,2.9018937823919995,18.217400000139605,233.98489999817684,255.10419378070844,one shared preloaded model
conv-41-qa-40,difference_prefix,2.9018937823919995,15.324100000725593,227.58060000342084,245.80659378653843,one shared preloaded model
conv-41-qa-41,difference_prefix,2.9018937823919995,16.766000000643544,218.59709999989718,238.26499378293272,one shared preloaded model
conv-41-qa-42,difference_prefix,2.9018937823919995,14.621400005125906,158.57390000019222,176.09719378771013,one shared preloaded model
conv-41-qa-43,difference_prefix,2.9018937823919995,18.880600000557024,314.5016999988002,336.2841937817492,one shared preloaded model
conv-41-qa-44,difference_prefix,2.9018937823919995,14.169300004141405,164.14110000187065,181.21229378840405,one shared preloaded model
conv-41-qa-45,difference_prefix,2.9018937823919995,21.45320000272477,214.10029999969993,238.4553937848167,one shared preloaded model
conv-41-qa-46,difference_prefix,2.9018937823919995,15.235900005791336,516.5364999993471,534.6742937875305,one shared preloaded model
conv-41-qa-47,difference_prefix,2.9018937823919995,17.313099997409154,239.47939999925438,259.69439377905553,one shared preloaded model
conv-41-qa-48,difference_prefix,2.9018937823919995,17.60939999803668,159.01790000498295,179.52919378541162,one shared preloaded model
conv-41-qa-49,difference_prefix,2.9018937823919995,21.060300001408905,227.856099998462,251.8182937822629,one shared preloaded model
conv-41-qa-50,difference_prefix,2.9018937823919995,13.187000004108995,172.54790000151843,188.63679378801942,one shared preloaded model
conv-41-qa-51,difference_prefix,2.9018937823919995,14.492900001641829,354.7268000038457,372.12159378787953,one shared preloaded model
conv-41-qa-52,difference_prefix,2.9018937823919995,18.410399999993388,110.54769999464042,131.8599937770258,one shared preloaded model
conv-41-qa-53,difference_prefix,2.9018937823919995,20.903999997244682,316.93690000247443,340.7427937821111,one shared preloaded model
conv-41-qa-54,difference_prefix,2.9018937823919995,17.515600004117005,451.21480000671,471.632293793219,one shared preloaded model
conv-41-qa-55,difference_prefix,2.9018937823919995,18.74400000087917,481.48719999880996,503.1330937820811,one shared preloaded model
conv-41-qa-56,difference_prefix,2.9018937823919995,17.88259999739239,317.8055000025779,338.5899937823623,one shared preloaded model
conv-41-qa-57,difference_prefix,2.9018937823919995,13.148600002750754,469.38419999787584,485.4346937830186,one shared preloaded model
conv-41-qa-58,difference_prefix,2.9018937823919995,17.656399999395944,160.06880000350066,180.6270937852886,one shared preloaded model
conv-41-qa-59,difference_prefix,2.9018937823919995,21.092299997690134,166.26719999476336,190.2613937748455,one shared preloaded model
conv-41-qa-60,difference_prefix,2.9018937823919995,21.20200000354089,153.58199999900535,177.68589378493823,one shared preloaded model
conv-41-qa-61,difference_prefix,2.9018937823919995,21.304599998984486,234.82110000622924,259.0275937876057,one shared preloaded model
conv-41-qa-62,difference_prefix,2.9018937823919995,15.040699996461626,119.89029999676859,137.8328937756222,one shared preloaded model
conv-41-qa-63,difference_prefix,2.9018937823919995,13.7137999990955,122.36380000103964,138.97949378252713,one shared preloaded model
conv-41-qa-64,difference_prefix,2.9018937823919995,20.97929999581538,132.20410000212723,156.0852937803346,one shared preloaded model
conv-41-qa-65,difference_prefix,2.9018937823919995,20.994999998947605,323.0907999968622,346.9876937782018,one shared preloaded model
conv-41-qa-66,difference_prefix,2.9018937823919995,18.654999999853317,487.35380000289297,508.9106937851383,one shared preloaded model
conv-41-qa-67,difference_prefix,2.9018937823919995,19.113100002869032,203.93379999586614,225.94879378112716,one shared preloaded model
conv-41-qa-68,difference_prefix,2.9018937823919995,13.825100002577528,177.96099999395665,194.68799377892617,one shared preloaded model
conv-41-qa-69,difference_prefix,2.9018937823919995,20.901599993521813,144.76799999829382,168.57149377420762,one shared preloaded model
conv-41-qa-70,difference_prefix,2.9018937823919995,22.248299996135756,101.29259999666829,126.44279377519604,one shared preloaded model
conv-41-qa-71,difference_prefix,2.9018937823919995,20.487099995079916,175.85319999489002,199.24219377236193,one shared preloaded model
conv-41-qa-72,difference_prefix,2.9018937823919995,22.276900002907496,232.53780000231927,257.71659378761876,one shared preloaded model
conv-41-qa-73,difference_prefix,2.9018937823919995,14.409700001124293,143.8343999980134,161.14599378152968,one shared preloaded model
conv-41-qa-74,difference_prefix,2.9018937823919995,21.924500004388392,331.8985000005341,356.7248937873145,one shared preloaded model
conv-41-qa-75,difference_prefix,2.9018937823919995,17.132199995103292,399.12509999703616,419.15919377453145,one shared preloaded model
conv-41-qa-76,difference_prefix,2.9018937823919995,18.671600002562627,298.5396000003675,320.1130937853221,one shared preloaded model
conv-41-qa-77,difference_prefix,2.9018937823919995,17.965500002901535,195.00739999784855,215.87479378314208,one shared preloaded model
conv-41-qa-78,difference_prefix,2.9018937823919995,20.65530000254512,100.4190000021481,123.97619378708521,one shared preloaded model
conv-41-qa-79,difference_prefix,2.9018937823919995,17.304300003161188,165.49510000186274,185.70129378741592,one shared preloaded model
conv-41-qa-80,difference_prefix,2.9018937823919995,19.739899995329324,317.8090000001248,340.4507937778461,one shared preloaded model
conv-41-qa-81,difference_prefix,2.9018937823919995,14.56540000071982,233.58259999804432,251.04989378115613,one shared preloaded model
conv-41-qa-82,difference_prefix,2.9018937823919995,13.07220000308007,203.5556999981054,219.52979378357747,one shared preloaded model
conv-41-qa-83,difference_prefix,2.9018937823919995,13.300899998284876,255.51310000446392,271.7158937851408,one shared preloaded model
conv-41-qa-84,difference_prefix,2.9018937823919995,13.417699999990873,283.2723999963491,299.591993778732,one shared preloaded model
conv-41-qa-85,difference_prefix,2.9018937823919995,13.755499996477738,135.25959999969928,151.916993778569,one shared preloaded model
conv-41-qa-86,difference_prefix,2.9018937823919995,21.193699998548254,207.83929999743123,231.93489377837147,one shared preloaded model
conv-41-qa-87,difference_prefix,2.9018937823919995,15.767800003231969,110.42409999936353,129.0937937849875,one shared preloaded model
conv-41-qa-88,difference_prefix,2.9018937823919995,20.984300004784018,254.02170000597835,277.90789379315436,one shared preloaded model
conv-41-qa-89,difference_prefix,2.9018937823919995,15.764999996463303,393.292200002179,411.9590937810343,one shared preloaded model
conv-41-qa-90,difference_prefix,2.9018937823919995,18.91079999768408,226.0182000027271,247.83089378280317,one shared preloaded model
conv-41-qa-91,difference_prefix,2.9018937823919995,13.382700002694037,207.63409999926807,223.9186937843541,one shared preloaded model
conv-41-qa-92,difference_prefix,2.9018937823919995,15.39010000124108,105.03369999787537,123.32569378150845,one shared preloaded model
conv-41-qa-93,difference_prefix,2.9018937823919995,21.519900001294445,218.67870000278344,243.10049378646988,one shared preloaded model
conv-41-qa-94,difference_prefix,2.9018937823919995,18.45540000067558,153.5954999999376,174.95279378300518,one shared preloaded model
conv-41-qa-95,difference_prefix,2.9018937823919995,19.509300000208896,145.39390000572894,167.80509378832983,one shared preloaded model
conv-41-qa-96,difference_prefix,2.9018937823919995,21.950599999399856,241.99719999887748,266.8496937806693,one shared preloaded model
conv-41-qa-97,difference_prefix,2.9018937823919995,15.074499999172986,378.6977000054321,396.6740937869971,one shared preloaded model
conv-41-qa-98,difference_prefix,2.9018937823919995,18.20669999870006,206.84649999748217,227.95509377857422,one shared preloaded model
conv-41-qa-99,difference_prefix,2.9018937823919995,16.49360000010347,301.0248999999021,320.4203937823976,one shared preloaded model
conv-41-qa-100,difference_prefix,2.9018937823919995,15.684700003475882,189.75530000170693,208.3418937875748,one shared preloaded model
conv-41-qa-101,difference_prefix,2.9018937823919995,19.796800006588455,200.79599999735365,223.4946937863341,one shared preloaded model
conv-41-qa-102,difference_prefix,2.9018937823919995,13.991400002851151,185.9967000054894,202.88999379073255,one shared preloaded model
conv-41-qa-103,difference_prefix,2.9018937823919995,17.583499997272156,113.71620000136318,134.20159378102733,one shared preloaded model
conv-41-qa-104,difference_prefix,2.9018937823919995,20.92830000037793,193.90249999560183,217.73269377837175,one shared preloaded model
conv-41-qa-105,difference_prefix,2.9018937823919995,18.183299995143898,206.77480000449577,227.85999378203167,one shared preloaded model
conv-41-qa-106,difference_prefix,2.9018937823919995,14.570600003935397,220.503299999109,237.9757937854364,one shared preloaded model
conv-41-qa-107,difference_prefix,2.9018937823919995,15.428500002599321,192.39449999440694,210.72489377939826,one shared preloaded model
conv-41-qa-108,difference_prefix,2.9018937823919995,17.37639999919338,242.10090000269702,262.3791937842824,one shared preloaded model
conv-41-qa-109,difference_prefix,2.9018937823919995,13.867399997252505,319.20720000198344,335.97649378162794,one shared preloaded model
conv-41-qa-110,difference_prefix,2.9018937823919995,18.109099997673184,176.80729999847244,197.81829377853762,one shared preloaded model
conv-41-qa-111,difference_prefix,2.9018937823919995,21.208499994827434,229.9247999981162,254.03519377533564,one shared preloaded model
conv-41-qa-112,difference_prefix,2.9018937823919995,16.748399997595698,121.79319999995641,141.4434937799441,one shared preloaded model
conv-41-qa-113,difference_prefix,2.9018937823919995,22.04090000304859,208.94270000280812,233.8854937882487,one shared preloaded model
conv-41-qa-114,difference_prefix,2.9018937823919995,16.760699996666517,341.7522000017925,361.414793780851,one shared preloaded model
conv-41-qa-115,difference_prefix,2.9018937823919995,14.312600003904663,193.65749999997206,210.87199378626872,one shared preloaded model
conv-41-qa-116,difference_prefix,2.9018937823919995,16.393000005336944,748.6343999989913,767.9292937867202,one shared preloaded model
conv-41-qa-117,difference_prefix,2.9018937823919995,14.314400003058836,168.735100000049,185.95139378549982,one shared preloaded model
conv-41-qa-118,difference_prefix,2.9018937823919995,21.023799999966286,347.3948999962886,371.32059377864687,one shared preloaded model
conv-41-qa-119,difference_prefix,2.9018937823919995,18.72659999935422,241.34629999753088,262.9747937792771,one shared preloaded model
conv-41-qa-120,difference_prefix,2.9018937823919995,14.63309999962803,167.2009000030812,184.7358937851012,one shared preloaded model
conv-41-qa-121,difference_prefix,2.9018937823919995,21.207500001764856,270.8684000026551,294.97779378681196,one shared preloaded model
conv-41-qa-122,difference_prefix,2.9018937823919995,15.827499999431893,357.36550000001444,376.0948937818383,one shared preloaded model
conv-41-qa-123,difference_prefix,2.9018937823919995,19.161599993822165,342.2859000056633,364.34939378187744,one shared preloaded model
conv-41-qa-124,difference_prefix,2.9018937823919995,18.829699998605065,455.7314999983646,477.46309377936166,one shared preloaded model
conv-41-qa-125,difference_prefix,2.9018937823919995,15.502599999308586,382.31220000307076,400.71669378477134,one shared preloaded model
conv-41-qa-126,difference_prefix,2.9018937823919995,18.182299994805362,213.94770000188146,235.0318937790788,one shared preloaded model
conv-41-qa-127,difference_prefix,2.9018937823919995,13.645399994857144,496.87030000495724,513.4175937822064,one shared preloaded model
conv-41-qa-128,difference_prefix,2.9018937823919995,14.949099997465964,157.3964999988675,175.24749377872547,one shared preloaded model
conv-41-qa-129,difference_prefix,2.9018937823919995,20.98420000402257,736.8991999974241,760.7852937838387,one shared preloaded model
conv-41-qa-130,difference_prefix,2.9018937823919995,18.077900000207592,127.0652999955928,148.04509377819238,one shared preloaded model
conv-41-qa-131,difference_prefix,2.9018937823919995,22.07780000026105,233.04820000339532,258.02789378604837,one shared preloaded model
conv-41-qa-132,difference_prefix,2.9018937823919995,14.23639999848092,642.9695999977412,660.1078937786141,one shared preloaded model
conv-41-qa-133,difference_prefix,2.9018937823919995,15.042899998661596,863.9712000003783,881.9159937814319,one shared preloaded model
conv-41-qa-134,difference_prefix,2.9018937823919995,18.071999998937827,206.26999999512918,227.243893776459,one shared preloaded model
conv-41-qa-135,difference_prefix,2.9018937823919995,13.50549999915529,757.7644999983022,774.1718937798495,one shared preloaded model
conv-41-qa-136,difference_prefix,2.9018937823919995,13.958700001239777,104.72489999665413,121.5854937802859,one shared preloaded model
conv-41-qa-137,difference_prefix,2.9018937823919995,20.457400001760107,234.482100000605,257.8413937847571,one shared preloaded model
conv-41-qa-138,difference_prefix,2.9018937823919995,14.286600002378691,168.4393999967142,185.6278937814849,one shared preloaded model
conv-41-qa-139,difference_prefix,2.9018937823919995,21.463899996888358,328.2191999969655,352.5849937762458,one shared preloaded model
conv-41-qa-140,difference_prefix,2.9018937823919995,15.67090000025928,269.7859999971115,288.3587937797628,one shared preloaded model
conv-41-qa-141,difference_prefix,2.9018937823919995,14.07399999879999,318.3439999993425,335.31989378053447,one shared preloaded model
conv-41-qa-142,difference_prefix,2.9018937823919995,13.471999998728279,146.36089999839896,162.73479377951924,one shared preloaded model
conv-41-qa-143,difference_prefix,2.9018937823919995,21.846299998287577,178.57929999445332,203.3274937751329,one shared preloaded model
conv-41-qa-144,difference_prefix,2.9018937823919995,16.55400000163354,172.42659999465104,191.88249377867658,one shared preloaded model
conv-41-qa-145,difference_prefix,2.9018937823919995,21.21179999812739,485.38250000274274,509.49619378326213,one shared preloaded model
conv-41-qa-146,difference_prefix,2.9018937823919995,13.166199998522643,234.24030000023777,250.3083937811524,one shared preloaded model
conv-41-qa-147,difference_prefix,2.9018937823919995,13.487000003806315,235.09959999501007,251.48849378120838,one shared preloaded model
conv-41-qa-148,difference_prefix,2.9018937823919995,14.678099993034266,142.5046000003931,160.08459377581937,one shared preloaded model
conv-41-qa-149,difference_prefix,2.9018937823919995,21.16070000192849,307.7705999967293,331.8331937810498,one shared preloaded model
conv-41-qa-150,difference_prefix,2.9018937823919995,16.582500000367872,349.9128999974346,369.39729378019445,one shared preloaded model
conv-41-qa-151,difference_prefix,2.9018937823919995,16.683500005456153,226.81069999816827,246.39609378601642,one shared preloaded model
conv-41-qa-152,difference_prefix,2.9018937823919995,15.038099998491816,216.64530000271043,234.58529378359424,one shared preloaded model
conv-41-qa-153,difference_prefix,2.9018937823919995,13.19369999691844,226.6710999974748,242.76669377678525,one shared preloaded model
conv-41-qa-154,difference_prefix,2.9018937823919995,12.786100000084843,119.96170000202255,135.6496937844994,one shared preloaded model
conv-41-qa-155,difference_prefix,2.9018937823919995,20.726800001284573,404.25629999663215,427.8849937803087,one shared preloaded model
conv-41-qa-156,difference_prefix,2.9018937823919995,17.557399994984735,214.2810000004829,234.74029377785962,one shared preloaded model
conv-41-qa-157,difference_prefix,2.9018937823919995,13.04810000146972,201.30819999758387,217.25819378144558,one shared preloaded model
conv-41-qa-158,difference_prefix,2.9018937823919995,13.7959999992745,211.61870000651106,228.31659378817756,one shared preloaded model
conv-41-qa-159,difference_prefix,2.9018937823919995,13.859900005627424,251.7788000041037,268.5405937921231,one shared preloaded model
conv-41-qa-160,difference_prefix,2.9018937823919995,15.846900001633912,120.99870000383817,139.74749378786407,one shared preloaded model
conv-41-qa-161,difference_prefix,2.9018937823919995,20.904700002574828,187.442700000247,211.2492937852138,one shared preloaded model
conv-41-qa-162,difference_prefix,2.9018937823919995,21.031999996921513,217.04529999988154,240.97919377919504,one shared preloaded model
conv-41-qa-163,difference_prefix,2.9018937823919995,15.604000000166707,401.4289999977336,419.9348937802923,one shared preloaded model
conv-41-qa-164,difference_prefix,2.9018937823919995,17.677399999229237,229.22529999777908,249.8045937794003,one shared preloaded model
conv-41-qa-165,difference_prefix,2.9018937823919995,13.979499999550171,117.89670000143815,134.7780937833803,one shared preloaded model
conv-41-qa-166,difference_prefix,2.9018937823919995,14.18740000372054,238.81180000171298,255.90109378782552,one shared preloaded model
conv-41-qa-167,difference_prefix,2.9018937823919995,14.674600002763327,136.81829999404727,154.3947937792026,one shared preloaded model
conv-41-qa-168,difference_prefix,2.9018937823919995,15.543599998636637,748.3933000039542,766.8387937849828,one shared preloaded model
conv-41-qa-169,difference_prefix,2.9018937823919995,18.08300000266172,350.0613000069279,371.04619379198164,one shared preloaded model
conv-41-qa-170,difference_prefix,2.9018937823919995,16.437499994935934,198.7784000011743,218.11779377850223,one shared preloaded model
conv-41-qa-171,difference_prefix,2.9018937823919995,13.470300000335556,234.85899999650428,251.23119377923183,one shared preloaded model
conv-41-qa-172,difference_prefix,2.9018937823919995,16.127899994899053,234.6112999948673,253.64109377215834,one shared preloaded model
conv-41-qa-173,difference_prefix,2.9018937823919995,15.193700004601851,228.2989000013913,246.39449378838515,one shared preloaded model
conv-41-qa-174,difference_prefix,2.9018937823919995,14.907899996615015,253.17639999411767,270.9861937731247,one shared preloaded model
conv-41-qa-175,difference_prefix,2.9018937823919995,14.500799996312708,190.77780000225175,208.18049378095645,one shared preloaded model
conv-41-qa-176,difference_prefix,2.9018937823919995,22.103099996456876,221.44619999744464,246.4511937762935,one shared preloaded model
conv-41-qa-177,difference_prefix,2.9018937823919995,13.558800004830118,213.79259999957867,230.25329378680078,one shared preloaded model
conv-41-qa-178,difference_prefix,2.9018937823919995,14.56569999572821,203.8708999971277,221.3384937752479,one shared preloaded model
conv-41-qa-179,difference_prefix,2.9018937823919995,18.54509999975562,214.65149999858113,236.09849378072875,one shared preloaded model
conv-41-qa-180,difference_prefix,2.9018937823919995,13.6002999934135,219.6987999996054,236.2009937754109,one shared preloaded model
conv-41-qa-181,difference_prefix,2.9018937823919995,17.794400002458133,193.07600000320235,213.77229378805248,one shared preloaded model
conv-41-qa-182,difference_prefix,2.9018937823919995,13.337100004719105,234.34999999881256,250.58899378592366,one shared preloaded model
conv-41-qa-183,difference_prefix,2.9018937823919995,15.463400006410666,442.585799995868,460.95109378467066,one shared preloaded model
conv-41-qa-184,difference_prefix,2.9018937823919995,18.634200001542922,215.43060000112746,236.96669378506238,one shared preloaded model
conv-41-qa-185,difference_prefix,2.9018937823919995,13.347600004635751,206.1288999975659,222.37839378459364,one shared preloaded model
conv-41-qa-186,difference_prefix,2.9018937823919995,15.429600003699306,288.3912999968743,306.7227937829656,one shared preloaded model
conv-41-qa-187,difference_prefix,2.9018937823919995,15.152300002228003,191.56610000209184,209.62029378671184,one shared preloaded model
conv-41-qa-188,difference_prefix,2.9018937823919995,21.399400000518654,175.31460000463994,199.6158937875506,one shared preloaded model
conv-41-qa-189,difference_prefix,2.9018937823919995,21.913600001425948,164.08210000372492,188.89759378754286,one shared preloaded model
conv-41-qa-190,difference_prefix,2.9018937823919995,16.748399997595698,446.79829999950016,466.44859377948785,one shared preloaded model
conv-41-qa-191,difference_prefix,2.9018937823919995,14.297900001110975,221.01560000010068,238.21539378360364,one shared preloaded model
conv-41-qa-192,difference_prefix,2.9018937823919995,14.86760000261711,208.85550000093644,226.62499378594555,one shared preloaded model
conv-42-qa-0,difference_prefix,1.7237219230782312,19.94589999958407,112.28989999654004,133.95952191920236,one shared preloaded model
conv-42-qa-1,difference_prefix,1.7237219230782312,19.969699998910073,136.71510000131093,158.40852192329925,one shared preloaded model
conv-42-qa-2,difference_prefix,1.7237219230782312,20.250499997928273,208.76760000101058,230.7418219220171,one shared preloaded model
conv-42-qa-3,difference_prefix,1.7237219230782312,13.18409999657888,479.8316000014893,494.7394219211464,one shared preloaded model
conv-42-qa-4,difference_prefix,1.7237219230782312,12.70670000667451,233.02709999552462,247.45752192527738,one shared preloaded model
conv-42-qa-5,difference_prefix,1.7237219230782312,12.062100002367515,180.03229999885662,193.81812192430237,one shared preloaded model
conv-42-qa-6,difference_prefix,1.7237219230782312,20.33809999556979,141.57909999630647,163.6409219149545,one shared preloaded model
conv-42-qa-7,difference_prefix,1.7237219230782312,14.21919999847887,332.9161000001477,348.8590219217048,one shared preloaded model
conv-42-qa-8,difference_prefix,1.7237219230782312,13.115099995047785,314.709700003732,329.548521921858,one shared preloaded model
conv-42-qa-9,difference_prefix,1.7237219230782312,17.252300000109244,211.06190000136849,230.03792192455597,one shared preloaded model
conv-42-qa-10,difference_prefix,1.7237219230782312,13.313499999640044,267.39570000063395,282.43292192335224,one shared preloaded model
conv-42-qa-11,difference_prefix,1.7237219230782312,15.641300000424962,300.77349999919534,318.13852192269854,one shared preloaded model
conv-42-qa-12,difference_prefix,1.7237219230782312,12.402899999869987,170.15719999471912,184.28382191766735,one shared preloaded model
conv-42-qa-13,difference_prefix,1.7237219230782312,20.20720000291476,323.0041999995592,344.9351219255522,one shared preloaded model
conv-42-qa-14,difference_prefix,1.7237219230782312,17.15639999747509,207.0848000003025,225.96492192085583,one shared preloaded model
conv-42-qa-15,difference_prefix,1.7237219230782312,13.380500000494067,319.95029999961844,335.05452192319075,one shared preloaded model
conv-42-qa-16,difference_prefix,1.7237219230782312,12.80620000034105,229.7963000019081,244.3262219253274,one shared preloaded model
conv-42-qa-17,difference_prefix,1.7237219230782312,14.595799999369774,221.3049999991199,237.62452192156792,one shared preloaded model
conv-42-qa-18,difference_prefix,1.7237219230782312,12.502400000812486,259.42220000433736,273.6483219282281,one shared preloaded model
conv-42-qa-19,difference_prefix,1.7237219230782312,12.5525999974343,122.6064000002225,136.88272192073504,one shared preloaded model
conv-42-qa-20,difference_prefix,1.7237219230782312,19.52039999741828,488.0105000047479,509.2546219252444,one shared preloaded model
conv-42-qa-21,difference_prefix,1.7237219230782312,13.095900001644623,104.31420000531944,119.13382193004229,one shared preloaded model
conv-42-qa-22,difference_prefix,1.7237219230782312,19.783299998380244,465.5186000018148,487.02562192327326,one shared preloaded model
conv-42-qa-23,difference_prefix,1.7237219230782312,12.473800001316704,535.3833000044688,549.5808219288637,one shared preloaded model
conv-42-qa-24,difference_prefix,1.7237219230782312,16.455400000268128,177.52810000092722,195.7072219242736,one shared preloaded model
conv-42-qa-25,difference_prefix,1.7237219230782312,19.553099999029655,295.8317000011448,317.1085219232527,one shared preloaded model
conv-42-qa-26,difference_prefix,1.7237219230782312,15.37619999726303,186.77250000473578,203.87242192507705,one shared preloaded model
conv-42-qa-27,difference_prefix,1.7237219230782312,19.96569999755593,218.45829999801936,240.14772191865353,one shared preloaded model
conv-42-qa-28,difference_prefix,1.7237219230782312,17.495800006145146,538.4061000004294,557.6256219296528,one shared preloaded model
conv-42-qa-29,difference_prefix,1.7237219230782312,17.07669999450445,283.847999999125,302.6484219167077,one shared preloaded model
conv-42-qa-30,difference_prefix,1.7237219230782312,13.035999996645842,191.24429999646964,206.00402191619372,one shared preloaded model
conv-42-qa-31,difference_prefix,1.7237219230782312,19.203800002287608,332.0308999973349,352.9584219227008,one shared preloaded model
conv-42-qa-32,difference_prefix,1.7237219230782312,16.862399999808986,222.59309999935795,241.17922192224518,one shared preloaded model
conv-42-qa-33,difference_prefix,1.7237219230782312,12.621300003957003,504.8204999984591,519.1655219254943,one shared preloaded model
conv-42-qa-34,difference_prefix,1.7237219230782312,12.676000005740207,451.7638999968767,466.16362192569517,one shared preloaded model
conv-42-qa-35,difference_prefix,1.7237219230782312,14.018800000485498,506.3520000039716,522.0945219275353,one shared preloaded model
conv-42-qa-36,difference_prefix,1.7237219230782312,14.600399998016655,525.1103000045987,541.4344219256935,one shared preloaded model
conv-42-qa-37,difference_prefix,1.7237219230782312,16.71459999488434,531.7407999973511,550.1791219153137,one shared preloaded model
conv-42-qa-38,difference_prefix,1.7237219230782312,12.933999998494983,336.46500000031665,351.1227219218899,one shared preloaded model
conv-42-qa-39,difference_prefix,1.7237219230782312,17.382500001986045,341.269899996405,360.3761219214693,one shared preloaded model
conv-42-qa-40,difference_prefix,1.7237219230782312,13.291399998706765,338.55659999971977,353.5717219215048,one shared preloaded model
conv-42-qa-41,difference_prefix,1.7237219230782312,17.07140000507934,345.30049999739276,364.09562192555035,one shared preloaded model
conv-42-qa-42,difference_prefix,1.7237219230782312,12.403799999447074,210.92900000076042,225.05652192328574,one shared preloaded model
conv-42-qa-43,difference_prefix,1.7237219230782312,16.894699998374563,140.11340000433847,158.73182192579128,one shared preloaded model
conv-42-qa-44,difference_prefix,1.7237219230782312,20.241999998688698,351.996200006397,373.9619219281639,one shared preloaded model
conv-42-qa-45,difference_prefix,1.7237219230782312,17.147799997474067,121.94279999675928,140.8143219173116,one shared preloaded model
conv-42-qa-46,difference_prefix,1.7237219230782312,19.659800003864802,156.9454000054975,178.32892193244055,one shared preloaded model
conv-42-qa-47,difference_prefix,1.7237219230782312,19.874999998137355,219.2847999976948,240.8835219189104,one shared preloaded model
conv-42-qa-48,difference_prefix,1.7237219230782312,16.60529999935534,501.8209000045317,520.1499219269652,one shared preloaded model
conv-42-qa-49,difference_prefix,1.7237219230782312,17.334299998765346,213.66329999727895,232.72132191912254,one shared preloaded model
conv-42-qa-50,difference_prefix,1.7237219230782312,13.434799999231473,251.13150000106543,266.29002192337515,one shared preloaded model
conv-42-qa-51,difference_prefix,1.7237219230782312,16.02190000267001,219.6576999995159,237.40332192526415,one shared preloaded model
conv-42-qa-52,difference_prefix,1.7237219230782312,14.301800001703668,126.77009999606526,142.79562192084717,one shared preloaded model
conv-42-qa-53,difference_prefix,1.7237219230782312,20.685899995442014,123.70560000272235,146.1152219212426,one shared preloaded model
conv-42-qa-54,difference_prefix,1.7237219230782312,21.702099998947233,345.1234000021941,368.5492219242196,one shared preloaded model
conv-42-qa-55,difference_prefix,1.7237219230782312,14.82669999677455,388.8769000041066,405.42732192395937,one shared preloaded model
conv-42-qa-56,difference_prefix,1.7237219230782312,16.95490000565769,174.05539999890607,192.734021927642,one shared preloaded model
conv-42-qa-57,difference_prefix,1.7237219230782312,20.635100001527462,224.17180000047665,246.53062192508236,one shared preloaded model
conv-42-qa-58,difference_prefix,1.7237219230782312,14.429500006372109,288.4780999957002,304.63132192515053,one shared preloaded model
conv-42-qa-59,difference_prefix,1.7237219230782312,13.250199997855816,444.4078000014997,459.38172192243377,one shared preloaded model
conv-42-qa-60,difference_prefix,1.7237219230782312,17.213700004504062,211.97509999910835,230.91252192669066,one shared preloaded model
conv-42-qa-61,difference_prefix,1.7237219230782312,14.702699998451862,170.18439999810653,186.61082191963663,one shared preloaded model
conv-42-qa-62,difference_prefix,1.7237219230782312,12.744599996949546,213.2142999980715,227.6826219180993,one shared preloaded model
conv-42-qa-63,difference_prefix,1.7237219230782312,15.275199999450706,227.747900004033,244.74682192656195,one shared preloaded model
conv-42-qa-64,difference_prefix,1.7237219230782312,16.682800000126008,225.27599999739323,243.68252192059748,one shared preloaded model
conv-42-qa-65,difference_prefix,1.7237219230782312,12.814599998819176,220.33449999435106,234.87282191624848,one shared preloaded model
conv-42-qa-66,difference_prefix,1.7237219230782312,13.165500000468455,257.9334999973071,272.8227219208538,one shared preloaded model
conv-42-qa-67,difference_prefix,1.7237219230782312,13.688699997146614,148.6016999988351,164.01412191905996,one shared preloaded model
conv-42-qa-68,difference_prefix,1.7237219230782312,14.910899997630622,195.89289999566972,212.5275219163786,one shared preloaded model
conv-42-qa-69,difference_prefix,1.7237219230782312,14.94539999839617,117.39240000315476,134.06152192462918,one shared preloaded model
conv-42-qa-70,difference_prefix,1.7237219230782312,19.855799997458234,270.6761000008555,292.255621921392,one shared preloaded model
conv-42-qa-71,difference_prefix,1.7237219230782312,14.305599994258955,113.8241000007838,129.853421918121,one shared preloaded model
conv-42-qa-72,difference_prefix,1.7237219230782312,17.581000000063796,213.91579999908572,233.22052192222776,one shared preloaded model
conv-42-qa-73,difference_prefix,1.7237219230782312,13.947300001746044,217.68560000055004,233.35662192537433,one shared preloaded model
conv-42-qa-74,difference_prefix,1.7237219230782312,12.77950000076089,282.4834999992163,296.9867219230554,one shared preloaded model
conv-42-qa-75,difference_prefix,1.7237219230782312,16.333300001861062,367.56050000258256,385.61752192752186,one shared preloaded model
conv-42-qa-76,difference_prefix,1.7237219230782312,15.10489999782294,237.92920000414597,254.75782192504715,one shared preloaded model
conv-42-qa-77,difference_prefix,1.7237219230782312,12.525599995569792,301.9077999997535,316.1571219184015,one shared preloaded model
conv-42-qa-78,difference_prefix,1.7237219230782312,17.377399999531917,107.07520000141812,126.17632192402827,one shared preloaded model
conv-42-qa-79,difference_prefix,1.7237219230782312,19.86419999593636,109.59100000036415,131.17892191937875,one shared preloaded model
conv-42-qa-80,difference_prefix,1.7237219230782312,20.1974000010523,114.41329999797745,136.334421922108,one shared preloaded model
conv-42-qa-81,difference_prefix,1.7237219230782312,20.27529999759281,259.06640000175685,281.0654219224279,one shared preloaded model
conv-42-qa-82,difference_prefix,1.7237219230782312,14.423499997064937,278.39509999466827,294.54232191481145,one shared preloaded model
conv-42-qa-83,difference_prefix,1.7237219230782312,13.740400005190168,219.64009999646805,235.10422192473646,one shared preloaded model
conv-42-qa-84,difference_prefix,1.7237219230782312,15.189499994448852,112.19770000025164,129.11092191777874,one shared preloaded model
conv-42-qa-85,difference_prefix,1.7237219230782312,21.298100000421982,213.00129999872297,236.0231219222232,one shared preloaded model
conv-42-qa-86,difference_prefix,1.7237219230782312,14.95710000017425,348.4921999988728,365.1730219221253,one shared preloaded model
conv-42-qa-87,difference_prefix,1.7237219230782312,12.299099995288998,208.11959999991814,222.14242191828538,one shared preloaded model
conv-42-qa-88,difference_prefix,1.7237219230782312,13.302899998961948,348.2529999964754,363.2796219185156,one shared preloaded model
conv-42-qa-89,difference_prefix,1.7237219230782312,12.847500001953449,96.04440000111936,110.61562192615104,one shared preloaded model
conv-42-qa-90,difference_prefix,1.7237219230782312,19.56159999826923,240.29919999884441,261.5845219201919,one shared preloaded model
conv-42-qa-91,difference_prefix,1.7237219230782312,13.879900005122181,341.4913999949931,357.09502192319354,one shared preloaded model
conv-42-qa-92,difference_prefix,1.7237219230782312,15.543100002105348,213.57960000023013,230.84642192541372,one shared preloaded model
conv-42-qa-93,difference_prefix,1.7237219230782312,12.745199994242284,250.25499999901513,264.72392191633566,one shared preloaded model
conv-42-qa-94,difference_prefix,1.7237219230782312,16.59569999901578,216.73049999662908,235.0499219187231,one shared preloaded model
conv-42-qa-95,difference_prefix,1.7237219230782312,13.253799996164162,219.96360000048298,234.9411219197254,one shared preloaded model
conv-42-qa-96,difference_prefix,1.7237219230782312,12.540499999886379,226.54719999991357,240.8114219228782,one shared preloaded model
conv-42-qa-97,difference_prefix,1.7237219230782312,12.724200001684949,310.45470000390196,324.90262192866516,one shared preloaded model
conv-42-qa-98,difference_prefix,1.7237219230782312,16.808899999887217,229.3802999993204,247.91292192228588,one shared preloaded model
conv-42-qa-99,difference_prefix,1.7237219230782312,13.563199994678143,440.5925999963074,455.8795219140638,one shared preloaded model
conv-42-qa-100,difference_prefix,1.7237219230782312,17.1801000033156,173.2419999971171,192.14582192351094,one shared preloaded model
conv-42-qa-101,difference_prefix,1.7237219230782312,20.29929999844171,429.88099999638507,451.904021917905,one shared preloaded model
conv-42-qa-102,difference_prefix,1.7237219230782312,16.57330000307411,279.47169999970356,297.7687219258559,one shared preloaded model
conv-42-qa-103,difference_prefix,1.7237219230782312,14.548999999533407,199.63100000313716,215.9037219257488,one shared preloaded model
conv-42-qa-104,difference_prefix,1.7237219230782312,15.67050000448944,444.08069999917643,461.4749219267441,one shared preloaded model
conv-42-qa-105,difference_prefix,1.7237219230782312,17.292899996391498,218.57059999456396,237.5872219140337,one shared preloaded model
conv-42-qa-106,difference_prefix,1.7237219230782312,12.603399998624809,677.6017000011052,691.9288219228082,one shared preloaded model
conv-42-qa-107,difference_prefix,1.7237219230782312,12.77960000152234,493.7467999989167,508.25012192351727,one shared preloaded model
conv-42-qa-108,difference_prefix,1.7237219230782312,17.29949999571545,277.8902000063681,296.9134219251618,one shared preloaded model
conv-42-qa-109,difference_prefix,1.7237219230782312,13.514000005670823,165.76010000426322,180.9978219330123,one shared preloaded model
conv-42-qa-110,difference_prefix,1.7237219230782312,19.905999994080048,354.17640000378015,375.80612192093844,one shared preloaded model
conv-42-qa-111,difference_prefix,1.7237219230782312,14.381699998921249,466.53130000049714,482.63672192249663,one shared preloaded model
conv-42-qa-112,difference_prefix,1.7237219230782312,16.70120000198949,131.76999999996042,150.19492192502815,one shared preloaded model
conv-42-qa-113,difference_prefix,1.7237219230782312,19.809600002190564,155.98150000005262,177.51482192532143,one shared preloaded model
conv-42-qa-114,difference_prefix,1.7237219230782312,19.749799997953232,347.6636999985203,369.1372219195518,one shared preloaded model
conv-42-qa-115,difference_prefix,1.7237219230782312,13.958499999716878,237.27140000119107,252.9536219239862,one shared preloaded model
conv-42-qa-116,difference_prefix,1.7237219230782312,16.975600003206637,191.832999997132,210.53232192341687,one shared preloaded model
conv-42-qa-117,difference_prefix,1.7237219230782312,17.919600002642255,188.43829999968875,208.08162192540925,one shared preloaded model
conv-42-qa-118,difference_prefix,1.7237219230782312,21.039200000814162,214.52880000288133,237.29172192677373,one shared preloaded model
conv-42-qa-119,difference_prefix,1.7237219230782312,13.134099994204007,189.35820000478998,204.21602192207223,one shared preloaded model
conv-42-qa-120,difference_prefix,1.7237219230782312,15.800799999851733,110.24060000636382,127.76512192929378,one shared preloaded model
conv-42-qa-121,difference_prefix,1.7237219230782312,13.653500005602837,222.49619999638526,237.87342192506634,one shared preloaded model
conv-42-qa-122,difference_prefix,1.7237219230782312,12.171599999419414,231.54049999720883,245.43582191970648,one shared preloaded model
conv-42-qa-123,difference_prefix,1.7237219230782312,13.7789000000339,202.34789999813074,217.8505219212429,one shared preloaded model
conv-42-qa-124,difference_prefix,1.7237219230782312,12.330300000030547,164.8529000012786,178.9069219243874,one shared preloaded model
conv-42-qa-125,difference_prefix,1.7237219230782312,19.061899998632725,167.84999999799766,188.63562191970863,one shared preloaded model
conv-42-qa-126,difference_prefix,1.7237219230782312,13.83269999496406,223.63159999804338,239.1880219160857,one shared preloaded model
conv-42-qa-127,difference_prefix,1.7237219230782312,12.722400002530776,167.7308000071207,182.17692193272973,one shared preloaded model
conv-42-qa-128,difference_prefix,1.7237219230782312,15.043899999000132,138.48049999796785,155.24812192004623,one shared preloaded model
conv-42-qa-129,difference_prefix,1.7237219230782312,19.444599995040335,134.10039999871515,155.26872191683373,one shared preloaded model
conv-42-qa-130,difference_prefix,1.7237219230782312,20.184300003165845,332.15990000462625,354.06792193087034,one shared preloaded model
conv-42-qa-131,difference_prefix,1.7237219230782312,17.655999996350147,248.736600005941,268.1163219253694,one shared preloaded model
conv-42-qa-132,difference_prefix,1.7237219230782312,16.398699997807853,205.92079999914858,224.04322192003468,one shared preloaded model
conv-42-qa-133,difference_prefix,1.7237219230782312,14.548099999956321,115.52020000090124,131.7920219239358,one shared preloaded model
conv-42-qa-134,difference_prefix,1.7237219230782312,19.49330000206828,377.29679999756627,398.5138219227128,one shared preloaded model
conv-42-qa-135,difference_prefix,1.7237219230782312,13.67729999765288,321.6192000036244,337.02022192435555,one shared preloaded model
conv-42-qa-136,difference_prefix,1.7237219230782312,17.27299999765819,119.90610000066226,138.9028219213987,one shared preloaded model
conv-42-qa-137,difference_prefix,1.7237219230782312,20.090400001208764,229.8771999994642,251.69132192375122,one shared preloaded model
conv-42-qa-138,difference_prefix,1.7237219230782312,12.921100002131425,221.31390000140527,235.95872192661494,one shared preloaded model
conv-42-qa-139,difference_prefix,1.7237219230782312,14.072999998461455,346.536199998809,362.3329219203487,one shared preloaded model
conv-42-qa-140,difference_prefix,1.7237219230782312,17.290900002990384,332.8122999955667,351.82692192163535,one shared preloaded model
conv-42-qa-141,difference_prefix,1.7237219230782312,16.847599996253848,424.94479999731993,443.516121916652,one shared preloaded model
conv-42-qa-142,difference_prefix,1.7237219230782312,16.95869999821298,201.61950000328943,220.30192192458065,one shared preloaded model
conv-42-qa-143,difference_prefix,1.7237219230782312,14.721899999130983,121.23769999743672,137.68332191964595,one shared preloaded model
conv-42-qa-144,difference_prefix,1.7237219230782312,15.979399999196175,234.20959999930346,251.91272192157788,one shared preloaded model
conv-42-qa-145,difference_prefix,1.7237219230782312,17.22019999579061,259.3068999995012,278.25082191837004,one shared preloaded model
conv-42-qa-146,difference_prefix,1.7237219230782312,14.300599999842234,218.12820000195643,234.1525219248769,one shared preloaded model
conv-42-qa-147,difference_prefix,1.7237219230782312,14.44170000468148,241.6769999981625,257.8424219259222,one shared preloaded model
conv-42-qa-148,difference_prefix,1.7237219230782312,12.793100002454594,201.5391000022646,216.05592192779744,one shared preloaded model
conv-42-qa-149,difference_prefix,1.7237219230782312,15.498900000238791,118.47059999854537,135.6932219218624,one shared preloaded model
conv-42-qa-150,difference_prefix,1.7237219230782312,20.00419999967562,216.97210000274936,238.70002192550322,one shared preloaded model
conv-42-qa-151,difference_prefix,1.7237219230782312,14.379500003997236,219.38510000472888,235.48832193180436,one shared preloaded model
conv-42-qa-152,difference_prefix,1.7237219230782312,16.797499993117526,523.181199998362,541.7024219145577,one shared preloaded model
conv-42-qa-153,difference_prefix,1.7237219230782312,15.233500002068467,176.03479999525007,192.99202192039678,one shared preloaded model
conv-42-qa-154,difference_prefix,1.7237219230782312,21.072499999718275,158.98820000438718,181.7844219271837,one shared preloaded model
conv-42-qa-155,difference_prefix,1.7237219230782312,12.752499998896383,258.2369000010658,272.71312192304043,one shared preloaded model
conv-42-qa-156,difference_prefix,1.7237219230782312,14.325299998745322,258.920100000978,274.96912192280155,one shared preloaded model
conv-42-qa-157,difference_prefix,1.7237219230782312,18.10010000190232,235.18959999637445,255.01342192135502,one shared preloaded model
conv-42-qa-158,difference_prefix,1.7237219230782312,13.734699998167343,259.1279999978724,274.586421919118,one shared preloaded model
conv-42-qa-159,difference_prefix,1.7237219230782312,15.487700002267957,281.6428000005544,298.8542219259006,one shared preloaded model
conv-42-qa-160,difference_prefix,1.7237219230782312,15.218299995467532,133.66819999646395,150.61022191500973,one shared preloaded model
conv-42-qa-161,difference_prefix,1.7237219230782312,20.167199996649288,260.44260000344366,282.3335219231712,one shared preloaded model
conv-42-qa-162,difference_prefix,1.7237219230782312,13.512799996533431,140.55609999923036,155.79262191884203,one shared preloaded model
conv-42-qa-163,difference_prefix,1.7237219230782312,20.032299995364156,171.1827000035555,192.9387219219979,one shared preloaded model
conv-42-qa-164,difference_prefix,1.7237219230782312,16.02409999759402,324.9800999983563,342.7279219190286,one shared preloaded model
conv-42-qa-165,difference_prefix,1.7237219230782312,17.86069999798201,400.53529999568127,420.1197219167415,one shared preloaded model
conv-42-qa-166,difference_prefix,1.7237219230782312,16.380200002458878,443.65190000098664,461.75582192652377,one shared preloaded model
conv-42-qa-167,difference_prefix,1.7237219230782312,17.21489999908954,317.5541000018711,336.4927219240389,one shared preloaded model
conv-42-qa-168,difference_prefix,1.7237219230782312,17.527900003187824,155.61239999806276,174.86402192432882,one shared preloaded model
conv-42-qa-169,difference_prefix,1.7237219230782312,19.635500000731554,125.41760000021895,146.77682192402875,one shared preloaded model
conv-42-qa-170,difference_prefix,1.7237219230782312,19.857200000842568,751.398500004143,772.9794219280637,one shared preloaded model
conv-42-qa-171,difference_prefix,1.7237219230782312,15.236899998853914,194.69269999535754,211.6533219172897,one shared preloaded model
conv-42-qa-172,difference_prefix,1.7237219230782312,16.690399999788497,178.69559999962803,197.10972192249477,one shared preloaded model
conv-42-qa-173,difference_prefix,1.7237219230782312,20.027599995955825,808.5724999982631,830.3238219172971,one shared preloaded model
conv-42-qa-174,difference_prefix,1.7237219230782312,16.796899995824788,129.9908000000869,148.51142191898992,one shared preloaded model
conv-42-qa-175,difference_prefix,1.7237219230782312,20.082600000023376,163.18110000429442,184.98742192739604,one shared preloaded model
conv-42-qa-176,difference_prefix,1.7237219230782312,21.418700001959223,171.35959999723127,194.50202192226874,one shared preloaded model
conv-42-qa-177,difference_prefix,1.7237219230782312,20.042399999510963,346.6225000011036,368.3886219236928,one shared preloaded model
conv-42-qa-178,difference_prefix,1.7237219230782312,17.055399999662768,497.34100000205217,516.1201219247931,one shared preloaded model
conv-42-qa-179,difference_prefix,1.7237219230782312,18.82179999665823,170.6696000037482,191.21512192348467,one shared preloaded model
conv-42-qa-180,difference_prefix,1.7237219230782312,19.980500001111068,173.18689999956405,194.89112192375336,one shared preloaded model
conv-42-qa-181,difference_prefix,1.7237219230782312,20.43959999718936,171.77129999618046,193.93462191644807,one shared preloaded model
conv-42-qa-182,difference_prefix,1.7237219230782312,21.410900000773836,230.6484000000637,253.78302192391578,one shared preloaded model
conv-42-qa-183,difference_prefix,1.7237219230782312,14.041700000234414,262.2484000021359,278.01382192544855,one shared preloaded model
conv-42-qa-184,difference_prefix,1.7237219230782312,16.680799999448936,192.8704999954789,211.27502191800608,one shared preloaded model
conv-42-qa-185,difference_prefix,1.7237219230782312,14.312500003143214,294.71750000084285,310.7537219270643,one shared preloaded model
conv-42-qa-186,difference_prefix,1.7237219230782312,12.991199997486547,217.40529999806313,232.12022191862792,one shared preloaded model
conv-42-qa-187,difference_prefix,1.7237219230782312,15.7314000025508,234.9130000002333,252.36812192586234,one shared preloaded model
conv-42-qa-188,difference_prefix,1.7237219230782312,12.954999998328276,162.32400000444613,177.00272192585265,one shared preloaded model
conv-42-qa-189,difference_prefix,1.7237219230782312,16.76980000047479,391.20289999846136,409.6964219220144,one shared preloaded model
conv-42-qa-190,difference_prefix,1.7237219230782312,17.160499999590684,181.84459999611136,200.72882191878028,one shared preloaded model
conv-42-qa-191,difference_prefix,1.7237219230782312,20.49039999837987,841.4476000034483,863.6617219249064,one shared preloaded model
conv-42-qa-192,difference_prefix,1.7237219230782312,14.320100002805702,229.43430000304943,245.47812192893338,one shared preloaded model
conv-42-qa-193,difference_prefix,1.7237219230782312,14.836300004390068,228.3577000052901,244.9177219327584,one shared preloaded model
conv-42-qa-194,difference_prefix,1.7237219230782312,13.37000000057742,334.0110999997705,349.1048219234262,one shared preloaded model
conv-42-qa-195,difference_prefix,1.7237219230782312,17.653599999903236,191.46419999742648,210.84152192040796,one shared preloaded model
conv-42-qa-196,difference_prefix,1.7237219230782312,19.777400004386436,160.95029999996768,182.45142192743236,one shared preloaded model
conv-42-qa-197,difference_prefix,1.7237219230782312,16.913799998292234,192.4499000015203,211.08742192289077,one shared preloaded model
conv-42-qa-198,difference_prefix,1.7237219230782312,18.320900002436247,427.66670000128215,447.71132192679664,one shared preloaded model
conv-42-qa-199,difference_prefix,1.7237219230782312,17.35729999927571,218.80079999391455,237.8818219162685,one shared preloaded model
conv-42-qa-200,difference_prefix,1.7237219230782312,13.971199994557537,215.47540000028675,231.17032191792254,one shared preloaded model
conv-42-qa-201,difference_prefix,1.7237219230782312,12.437899997166824,133.04020000214223,147.2018219223873,one shared preloaded model
conv-42-qa-202,difference_prefix,1.7237219230782312,19.746799996937625,204.41560000472236,225.88612192473823,one shared preloaded model
conv-42-qa-203,difference_prefix,1.7237219230782312,12.41920000029495,211.28899999894202,225.4319219223152,one shared preloaded model
conv-42-qa-204,difference_prefix,1.7237219230782312,13.729699996474665,233.85460000281455,249.30802192236746,one shared preloaded model
conv-42-qa-205,difference_prefix,1.7237219230782312,13.21470000402769,208.33589999529067,223.2743219223966,one shared preloaded model
conv-42-qa-206,difference_prefix,1.7237219230782312,14.04739999998128,223.43790000013541,239.20902192319494,one shared preloaded model
conv-42-qa-207,difference_prefix,1.7237219230782312,13.28510000166716,226.2057999978424,241.2146219225878,one shared preloaded model
conv-42-qa-208,difference_prefix,1.7237219230782312,14.947700001357589,125.19640000391519,141.86782192835102,one shared preloaded model
conv-42-qa-209,difference_prefix,1.7237219230782312,19.589999996242113,230.90859999501845,252.2223219143388,one shared preloaded model
conv-42-qa-210,difference_prefix,1.7237219230782312,13.183100003516302,214.0947000007145,229.00152192730906,one shared preloaded model
conv-42-qa-211,difference_prefix,1.7237219230782312,14.196299998729955,636.8284999989555,652.7485219207637,one shared preloaded model
conv-42-qa-212,difference_prefix,1.7237219230782312,16.889200000150595,196.33519999479176,214.9481219180206,one shared preloaded model
conv-42-qa-213,difference_prefix,1.7237219230782312,15.756699998746626,478.7817000033101,496.262121925135,one shared preloaded model
conv-42-qa-214,difference_prefix,1.7237219230782312,12.851200001023244,215.15729999373434,229.73222191783583,one shared preloaded model
conv-42-qa-215,difference_prefix,1.7237219230782312,12.652899997192435,206.7112000004272,221.08782192069788,one shared preloaded model
conv-42-qa-216,difference_prefix,1.7237219230782312,13.166699995053932,214.73909999622265,229.62952191435483,one shared preloaded model
conv-42-qa-217,difference_prefix,1.7237219230782312,13.000300001294818,385.7328000012785,400.4568219256516,one shared preloaded model
conv-42-qa-218,difference_prefix,1.7237219230782312,16.336900000169408,211.83169999858364,229.8923219218313,one shared preloaded model
conv-42-qa-219,difference_prefix,1.7237219230782312,12.462699996831361,218.50840000115568,232.69482192106528,one shared preloaded model
conv-42-qa-220,difference_prefix,1.7237219230782312,13.053799993940629,143.86390000436222,158.6414219213811,one shared preloaded model
conv-42-qa-221,difference_prefix,1.7237219230782312,14.598899993870873,227.60520000156248,243.9278219185116,one shared preloaded model
conv-42-qa-222,difference_prefix,1.7237219230782312,13.415599998552352,228.45719999895664,243.59652192058724,one shared preloaded model
conv-42-qa-223,difference_prefix,1.7237219230782312,12.439199999789707,221.2264999980107,235.38942192087865,one shared preloaded model
conv-42-qa-224,difference_prefix,1.7237219230782312,12.740099999064114,218.85100000508828,233.31482192723064,one shared preloaded model
conv-42-qa-225,difference_prefix,1.7237219230782312,16.565199999604374,365.23969999689143,383.52862191957405,one shared preloaded model
conv-42-qa-226,difference_prefix,1.7237219230782312,14.426999994611833,494.3405000012717,510.4912219189618,one shared preloaded model
conv-42-qa-227,difference_prefix,1.7237219230782312,17.029700000421144,213.0646000005072,231.8180219240066,one shared preloaded model
conv-42-qa-228,difference_prefix,1.7237219230782312,13.869900001736823,198.61210000090068,214.20572192571575,one shared preloaded model
conv-42-qa-229,difference_prefix,1.7237219230782312,13.594600000942592,222.85449999617413,238.17282192019496,one shared preloaded model
conv-42-qa-230,difference_prefix,1.7237219230782312,12.164699997811113,219.153499994718,233.04192191560736,one shared preloaded model
conv-42-qa-231,difference_prefix,1.7237219230782312,12.771300003805663,182.2963999948115,196.79142192169542,one shared preloaded model
conv-42-qa-232,difference_prefix,1.7237219230782312,20.786900000530295,231.99269999895478,254.50332192256332,one shared preloaded model
conv-42-qa-233,difference_prefix,1.7237219230782312,13.776899999356829,358.0539999966277,373.55462191906275,one shared preloaded model
conv-42-qa-234,difference_prefix,1.7237219230782312,17.895400000270456,222.34490000118967,241.96402192453837,one shared preloaded model
conv-42-qa-235,difference_prefix,1.7237219230782312,16.12569999997504,278.5216999982367,296.37112192129,one shared preloaded model
conv-42-qa-236,difference_prefix,1.7237219230782312,14.154399999824818,229.22579999431036,245.10392191721343,one shared preloaded model
conv-42-qa-237,difference_prefix,1.7237219230782312,13.120100004016422,213.78980000008596,228.63362192718063,one shared preloaded model
conv-42-qa-238,difference_prefix,1.7237219230782312,14.60159999987809,282.99719999631634,299.3225219192727,one shared preloaded model
conv-42-qa-239,difference_prefix,1.7237219230782312,16.627900004095864,431.4509999967413,449.8026219239154,one shared preloaded model
conv-42-qa-240,difference_prefix,1.7237219230782312,17.105099999753293,214.56990000297083,233.39872192580236,one shared preloaded model
conv-42-qa-241,difference_prefix,1.7237219230782312,12.636799998290371,226.2618000022485,240.6223219236171,one shared preloaded model
conv-42-qa-242,difference_prefix,1.7237219230782312,12.921199995616917,276.77140000014333,291.4163219188385,one shared preloaded model
conv-42-qa-243,difference_prefix,1.7237219230782312,16.586799996730406,570.3114999996615,588.6220219194701,one shared preloaded model
conv-42-qa-244,difference_prefix,1.7237219230782312,13.01219999731984,207.4449000065215,222.18082192691958,one shared preloaded model
conv-42-qa-245,difference_prefix,1.7237219230782312,17.699899995932356,138.48879999568453,157.91242191469513,one shared preloaded model
conv-42-qa-246,difference_prefix,1.7237219230782312,20.00170000246726,220.03469999617664,241.76012192172215,one shared preloaded model
conv-42-qa-247,difference_prefix,1.7237219230782312,14.572100000805221,162.07199999917066,178.36782192305412,one shared preloaded model
conv-42-qa-248,difference_prefix,1.7237219230782312,21.34420000220416,219.4073999999091,242.4753219251915,one shared preloaded model
conv-42-qa-249,difference_prefix,1.7237219230782312,15.59580000321148,238.88140000053681,256.20092192682654,one shared preloaded model
conv-42-qa-250,difference_prefix,1.7237219230782312,14.704799999890383,224.06230000342475,240.49082192639338,one shared preloaded model
conv-42-qa-251,difference_prefix,1.7237219230782312,12.9053999989992,119.67860000004293,134.30772192212038,one shared preloaded model
conv-42-qa-252,difference_prefix,1.7237219230782312,16.34619999822462,218.8416999997571,236.91162192105998,one shared preloaded model
conv-42-qa-253,difference_prefix,1.7237219230782312,12.646000002860092,176.48860000190325,190.8583219278416,one shared preloaded model
conv-42-qa-254,difference_prefix,1.7237219230782312,20.33819999633124,835.1583999974537,857.2203219168631,one shared preloaded model
conv-42-qa-255,difference_prefix,1.7237219230782312,16.87579999997979,197.2749999986263,215.87452192168433,one shared preloaded model
conv-42-qa-256,difference_prefix,1.7237219230782312,13.584100001025945,196.94860000163317,212.25642192573736,one shared preloaded model
conv-42-qa-257,difference_prefix,1.7237219230782312,13.441499999316875,222.87559999676887,238.040821919164,one shared preloaded model
conv-42-qa-258,difference_prefix,1.7237219230782312,12.56689999718219,203.02780000201892,217.31842192227936,one shared preloaded model
conv-42-qa-259,difference_prefix,1.7237219230782312,12.68290000007255,223.0697999984841,237.47642192163488,one shared preloaded model
conv-43-qa-0,difference_prefix,2.200967355386916,21.52199999545701,621.7638999951305,645.4868673459744,one shared preloaded model
conv-43-qa-1,difference_prefix,2.200967355386916,14.230799999495503,210.3200999990804,226.75186735396284,one shared preloaded model
conv-43-qa-2,difference_prefix,2.200967355386916,17.498300003353506,202.43550000304822,222.13476736178865,one shared preloaded model
conv-43-qa-3,difference_prefix,2.200967355386916,13.840999999956694,212.01680000376655,228.05876735911016,one shared preloaded model
conv-43-qa-4,difference_prefix,2.200967355386916,13.555500001530163,372.7020000005723,388.4584673574894,one shared preloaded model
conv-43-qa-5,difference_prefix,2.200967355386916,18.979499996930826,221.95699999429053,243.13746734660828,one shared preloaded model
conv-43-qa-6,difference_prefix,2.200967355386916,14.479199999186676,130.40759999421425,147.08776734878785,one shared preloaded model
conv-43-qa-7,difference_prefix,2.200967355386916,21.561599998676684,103.60859999491367,127.37116734897728,one shared preloaded model
conv-43-qa-8,difference_prefix,2.200967355386916,19.548299998859875,224.9632000020938,246.7124673563406,one shared preloaded model
conv-43-qa-9,difference_prefix,2.200967355386916,13.124099998094607,864.7220999991987,880.0471673526802,one shared preloaded model
conv-43-qa-10,difference_prefix,2.200967355386916,13.829799994709902,335.79420000023674,351.82496735033357,one shared preloaded model
conv-43-qa-11,difference_prefix,2.200967355386916,18.422400004055817,234.86290000437293,255.48626736381567,one shared preloaded model
conv-43-qa-12,difference_prefix,2.200967355386916,17.20999999815831,211.84209999773884,231.25306735128407,one shared preloaded model
conv-43-qa-13,difference_prefix,2.200967355386916,13.4600999954273,164.94170000078157,180.6027673515958,one shared preloaded model
conv-43-qa-14,difference_prefix,2.200967355386916,16.098799998871982,368.45829999947455,386.75806735373345,one shared preloaded model
conv-43-qa-15,difference_prefix,2.200967355386916,17.741000003297813,221.82439999596681,241.76636735465155,one shared preloaded model
conv-43-qa-16,difference_prefix,2.200967355386916,13.893899995309766,114.64820000401232,130.743067354709,one shared preloaded model
conv-43-qa-17,difference_prefix,2.200967355386916,21.132100002432708,121.2188999998034,144.55196735762303,one shared preloaded model
conv-43-qa-18,difference_prefix,2.200967355386916,18.28469999600202,219.63200000027427,240.11766735166321,one shared preloaded model
conv-43-qa-19,difference_prefix,2.200967355386916,16.66819999809377,347.6909000019077,366.5600673553884,one shared preloaded model
conv-43-qa-20,difference_prefix,2.200967355386916,14.246999999159016,232.10569999355357,248.5536673480995,one shared preloaded model
conv-43-qa-21,difference_prefix,2.200967355386916,13.828499999362975,186.59499999921536,202.62446735396526,one shared preloaded model
conv-43-qa-22,difference_prefix,2.200967355386916,16.903399999137037,364.7061000010581,383.81046735558203,one shared preloaded model
conv-43-qa-23,difference_prefix,2.200967355386916,15.408599996590056,170.20599999523256,187.81556734720954,one shared preloaded model
conv-43-qa-24,difference_prefix,2.200967355386916,16.956400002527516,219.48010000051,238.63746735842443,one shared preloaded model
conv-43-qa-25,difference_prefix,2.200967355386916,13.201299996580929,211.07019999908516,226.472467351053,one shared preloaded model
conv-43-qa-26,difference_prefix,2.200967355386916,14.317499997559935,213.29330000298796,229.81176735593482,one shared preloaded model
conv-43-qa-27,difference_prefix,2.200967355386916,15.727499994682148,272.6808000006713,290.60926735074037,one shared preloaded model
conv-43-qa-28,difference_prefix,2.200967355386916,13.755200001469348,212.06399999937275,228.02016735622902,one shared preloaded model
conv-43-qa-29,difference_prefix,2.200967355386916,16.334300002199598,152.70789999340195,171.24316735098847,one shared preloaded model
conv-43-qa-30,difference_prefix,2.200967355386916,18.71660000324482,115.18079999950714,136.0983673581389,one shared preloaded model
conv-43-qa-31,difference_prefix,2.200967355386916,21.468400002049748,124.9798000062583,148.64916736369497,one shared preloaded model
conv-43-qa-32,difference_prefix,2.200967355386916,22.494200005894527,214.53889999975218,239.23406736103362,one shared preloaded model
conv-43-qa-33,difference_prefix,2.200967355386916,14.280900002631824,147.61799999541836,164.0998673534371,one shared preloaded model
conv-43-qa-34,difference_prefix,2.200967355386916,21.30800000304589,199.93199999589706,223.44096735432987,one shared preloaded model
conv-43-qa-35,difference_prefix,2.200967355386916,13.797599996905774,139.0017000012449,155.0002673535376,one shared preloaded model
conv-43-qa-36,difference_prefix,2.200967355386916,20.849100001214538,220.6635999973514,243.71366735395287,one shared preloaded model
conv-43-qa-37,difference_prefix,2.200967355386916,15.473999999812804,162.04909999942174,179.72406735462147,one shared preloaded model
conv-43-qa-38,difference_prefix,2.200967355386916,21.83070000319276,215.37420000095153,239.40586735953121,one shared preloaded model
conv-43-qa-39,difference_prefix,2.200967355386916,14.261800002714153,215.48030000121798,231.94306735931906,one shared preloaded model
conv-43-qa-40,difference_prefix,2.200967355386916,16.373300000850577,226.1655000038445,244.739767360082,one shared preloaded model
conv-43-qa-41,difference_prefix,2.200967355386916,16.38029999594437,145.64550000068266,164.22676735201395,one shared preloaded model
conv-43-qa-42,difference_prefix,2.200967355386916,17.90709999477258,228.57460000523133,248.68266735539083,one shared preloaded model
conv-43-qa-43,difference_prefix,2.200967355386916,15.411399996082764,270.82269999664277,288.43506734811245,one shared preloaded model
conv-43-qa-44,difference_prefix,2.200967355386916,14.813700006925501,324.7055999963777,341.72026735869014,one shared preloaded model
conv-43-qa-45,difference_prefix,2.200967355386916,19.542800000635907,225.82429999602027,247.5680673520431,one shared preloaded model
conv-43-qa-46,difference_prefix,2.200967355386916,17.044599997461773,219.2852000007406,238.53076735358928,one shared preloaded model
conv-43-qa-47,difference_prefix,2.200967355386916,13.41619999584509,306.5629999982775,322.18016734950953,one shared preloaded model
conv-43-qa-48,difference_prefix,2.200967355386916,18.432500000926666,518.3772000018507,539.0106673581643,one shared preloaded model
conv-43-qa-49,difference_prefix,2.200967355386916,18.35189999837894,126.27139999676729,146.82426735053315,one shared preloaded model
conv-43-qa-50,difference_prefix,2.200967355386916,21.197599999140948,220.6743999995524,244.07296735408028,one shared preloaded model
conv-43-qa-51,difference_prefix,2.200967355386916,15.371699999377597,188.3419000005233,205.91456735528783,one shared preloaded model
conv-43-qa-52,difference_prefix,2.200967355386916,21.483700002136175,147.80679999967106,171.49146735719415,one shared preloaded model
conv-43-qa-53,difference_prefix,2.200967355386916,21.537000000535045,181.05040000227746,204.78836735819942,one shared preloaded model
conv-43-qa-54,difference_prefix,2.200967355386916,21.43439999781549,136.00210000004154,159.63746735324395,one shared preloaded model
conv-43-qa-55,difference_prefix,2.200967355386916,20.738300001539756,246.00149999605492,268.9407673529816,one shared preloaded model
conv-43-qa-56,difference_prefix,2.200967355386916,17.472200001066085,483.20469999453053,502.87786735098354,one shared preloaded model
conv-43-qa-57,difference_prefix,2.200967355386916,13.3066000053077,140.1560000012978,155.66356736199242,one shared preloaded model
conv-43-qa-58,difference_prefix,2.200967355386916,21.465399993758183,312.62080000306014,336.28716735220524,one shared preloaded model
conv-43-qa-59,difference_prefix,2.200967355386916,14.05230000091251,228.53829999803565,244.7915673543351,one shared preloaded model
conv-43-qa-60,difference_prefix,2.200967355386916,13.22519999666838,508.2830999963335,523.7092673483887,one shared preloaded model
conv-43-qa-61,difference_prefix,2.200967355386916,18.73399999749381,144.32870000018738,165.26366735306812,one shared preloaded model
conv-43-qa-62,difference_prefix,2.200967355386916,20.8245000030729,341.7210000043269,364.74646736278675,one shared preloaded model
conv-43-qa-63,difference_prefix,2.200967355386916,17.70789999864064,173.48990000027698,193.39876735430454,one shared preloaded model
conv-43-qa-64,difference_prefix,2.200967355386916,12.760999998135958,120.53079999895999,135.49276735248287,one shared preloaded model
conv-43-qa-65,difference_prefix,2.200967355386916,15.240699998685159,152.05640000203857,169.49806735611065,one shared preloaded model
conv-43-qa-66,difference_prefix,2.200967355386916,21.48489999672165,203.3088999960455,226.99476734815408,one shared preloaded model
conv-43-qa-67,difference_prefix,2.200967355386916,14.155299999401905,223.25809999892954,239.61436735371836,one shared preloaded model
conv-43-qa-68,difference_prefix,2.200967355386916,14.009699996677227,268.066100004944,284.27676735700817,one shared preloaded model
conv-43-qa-69,difference_prefix,2.200967355386916,15.556399994238745,155.0107000002754,172.76806734990106,one shared preloaded model
conv-43-qa-70,difference_prefix,2.200967355386916,20.28029999928549,228.69809999974677,251.17936735441918,one shared preloaded model
conv-43-qa-71,difference_prefix,2.200967355386916,16.423500004748348,180.7046000030823,199.32906736321758,one shared preloaded model
conv-43-qa-72,difference_prefix,2.200967355386916,21.205800003372133,194.35990000056336,217.7666673593224,one shared preloaded model
conv-43-qa-73,difference_prefix,2.200967355386916,15.70489999721758,354.3786000009277,372.2844673535322,one shared preloaded model
conv-43-qa-74,difference_prefix,2.200967355386916,13.805299997329712,326.9559000036679,342.96216735638455,one shared preloaded model
conv-43-qa-75,difference_prefix,2.200967355386916,14.924000002793036,223.35480000037933,240.4797673585593,one shared preloaded model
conv-43-qa-76,difference_prefix,2.200967355386916,15.091200002643745,386.2012999961735,403.49346735420414,one shared preloaded model
conv-43-qa-77,difference_prefix,2.200967355386916,13.838400001986884,148.9815000022645,165.02086735963832,one shared preloaded model
conv-43-qa-78,difference_prefix,2.200967355386916,21.060999999463093,227.99510000186274,251.25706735671275,one shared preloaded model
conv-43-qa-79,difference_prefix,2.200967355386916,18.966800002090167,273.00390000164043,294.1716673591175,one shared preloaded model
conv-43-qa-80,difference_prefix,2.200967355386916,13.491699995938689,107.64679999556392,123.33946734688953,one shared preloaded model
conv-43-qa-81,difference_prefix,2.200967355386916,21.09300000302028,123.81960000493564,147.11356736334284,one shared preloaded model
conv-43-qa-82,difference_prefix,2.200967355386916,20.951600003172643,209.15840000088792,232.3109673594475,one shared preloaded model
conv-43-qa-83,difference_prefix,2.200967355386916,13.930400004028343,243.52619999990566,259.6575673593209,one shared preloaded model
conv-43-qa-84,difference_prefix,2.200967355386916,18.364900002779905,375.5767999973614,396.1426673555282,one shared preloaded model
conv-43-qa-85,difference_prefix,2.200967355386916,15.784100003656931,192.09889999910956,210.08396735815342,one shared preloaded model
conv-43-qa-86,difference_prefix,2.200967355386916,17.462999996496364,195.75210000039078,215.41606735227407,one shared preloaded model
conv-43-qa-87,difference_prefix,2.200967355386916,19.567400006053504,1073.7246999997296,1095.49306736117,one shared preloaded model
conv-43-qa-88,difference_prefix,2.200967355386916,13.56330000271555,399.533199997677,415.2974673557795,one shared preloaded model
conv-43-qa-89,difference_prefix,2.200967355386916,13.45959999889601,210.70699999836506,226.367567352648,one shared preloaded model
conv-43-qa-90,difference_prefix,2.200967355386916,13.966300000902265,351.48620000109076,367.65346735737995,one shared preloaded model
conv-43-qa-91,difference_prefix,2.200967355386916,16.968899995845277,180.60870000044815,199.77856735168035,one shared preloaded model
conv-43-qa-92,difference_prefix,2.200967355386916,22.13099999789847,273.2160999948974,297.54806734818277,one shared preloaded model
conv-43-qa-93,difference_prefix,2.200967355386916,18.28830000158632,414.4656999997096,434.95496735668286,one shared preloaded model
conv-43-qa-94,difference_prefix,2.200967355386916,15.266300004441291,452.3724999962724,469.8397673561006,one shared preloaded model
conv-43-qa-95,difference_prefix,2.200967355386916,18.072200000460725,178.1312999955844,198.40446735143206,one shared preloaded model
conv-43-qa-96,difference_prefix,2.200967355386916,22.09430000220891,316.2614999964717,340.5567673540675,one shared preloaded model
conv-43-qa-97,difference_prefix,2.200967355386916,18.810000001394656,309.39460000081453,330.4055673575961,one shared preloaded model
conv-43-qa-98,difference_prefix,2.200967355386916,13.385899997956585,149.19089999602875,164.77776734937225,one shared preloaded model
conv-43-qa-99,difference_prefix,2.200967355386916,21.47020000120392,412.0872999992571,435.7584673558479,one shared preloaded model
conv-43-qa-100,difference_prefix,2.200967355386916,14.321100003144238,176.7937999975402,193.31586735607135,one shared preloaded model
conv-43-qa-101,difference_prefix,2.200967355386916,21.467799997481052,748.1632000053651,771.831967358233,one shared preloaded model
conv-43-qa-102,difference_prefix,2.200967355386916,14.056100000743754,591.8661999967298,608.1232673528605,one shared preloaded model
conv-43-qa-103,difference_prefix,2.200967355386916,18.22369999717921,156.51149999757763,176.93616735014376,one shared preloaded model
conv-43-qa-104,difference_prefix,2.200967355386916,21.42380000441335,115.96990000543883,139.5946673652391,one shared preloaded model
conv-43-qa-105,difference_prefix,2.200967355386916,21.149300002434757,322.9691000015009,346.3193673593226,one shared preloaded model
conv-43-qa-106,difference_prefix,2.200967355386916,14.460599995800294,158.19769999507116,174.85926734625838,one shared preloaded model
conv-43-qa-107,difference_prefix,2.200967355386916,15.858799997658934,218.70019999914803,236.75996735219388,one shared preloaded model
conv-43-qa-108,difference_prefix,2.200967355386916,13.218799998867325,188.67799999861745,204.0977673528717,one shared preloaded model
conv-43-qa-109,difference_prefix,2.200967355386916,21.454800000356045,766.6089000049396,790.2646673606826,one shared preloaded model
conv-43-qa-110,difference_prefix,2.200967355386916,13.850099996489007,220.5245000004652,236.57556735234112,one shared preloaded model
conv-43-qa-111,difference_prefix,2.200967355386916,14.986900001531467,156.44340000289958,173.63126735981797,one shared preloaded model
conv-43-qa-112,difference_prefix,2.200967355386916,17.146300000604242,191.14730000001146,210.49456735600262,one shared preloaded model
conv-43-qa-113,difference_prefix,2.200967355386916,20.946399999957066,228.52060000150232,251.6679673568463,one shared preloaded model
conv-43-qa-114,difference_prefix,2.200967355386916,14.919799999915995,165.09579999546986,182.21656735077278,one shared preloaded model
conv-43-qa-115,difference_prefix,2.200967355386916,13.382200006162748,652.1049000002677,667.6880673618173,one shared preloaded model
conv-43-qa-116,difference_prefix,2.200967355386916,15.175699998508207,359.07700000097975,376.4536673548749,one shared preloaded model
conv-43-qa-117,difference_prefix,2.200967355386916,14.548400002240669,346.1109000054421,362.8602673630697,one shared preloaded model
conv-43-qa-118,difference_prefix,2.200967355386916,13.376499999139924,298.42729999654694,314.0047673510738,one shared preloaded model
conv-43-qa-119,difference_prefix,2.200967355386916,18.44320000236621,123.58859999949345,144.2327673572466,one shared preloaded model
conv-43-qa-120,difference_prefix,2.200967355386916,22.061100004066247,141.24830000218935,165.51036736164252,one shared preloaded model
conv-43-qa-121,difference_prefix,2.200967355386916,21.147700004803482,395.1787999976659,418.5274673578563,one shared preloaded model
conv-43-qa-122,difference_prefix,2.200967355386916,14.535499998601153,309.24019999656593,325.976667350554,one shared preloaded model
conv-43-qa-123,difference_prefix,2.200967355386916,14.988800001447089,147.9027000023052,165.09246735913922,one shared preloaded model
conv-43-qa-124,difference_prefix,2.200967355386916,21.14129999972647,212.41270000609802,235.7549673612114,one shared preloaded model
conv-43-qa-125,difference_prefix,2.200967355386916,17.753200001607183,421.77449999871897,441.72866735571307,one shared preloaded model
conv-43-qa-126,difference_prefix,2.200967355386916,15.137200003664475,228.34700000385055,245.68516736290195,one shared preloaded model
conv-43-qa-127,difference_prefix,2.200967355386916,14.507699997921009,132.23129999823868,148.9399673515466,one shared preloaded model
conv-43-qa-128,difference_prefix,2.200967355386916,15.96859999699518,213.3447000014712,231.5142673538533,one shared preloaded model
conv-43-qa-129,difference_prefix,2.200967355386916,15.40009999735048,678.8981000063359,696.4991673590732,one shared preloaded model
conv-43-qa-130,difference_prefix,2.200967355386916,14.9061000047368,284.7096000041347,301.8166673642584,one shared preloaded model
conv-43-qa-131,difference_prefix,2.200967355386916,17.883699998492375,281.51470000011614,301.59936735399543,one shared preloaded model
conv-43-qa-132,difference_prefix,2.200967355386916,17.2967000034987,312.72529999841936,332.222967357305,one shared preloaded model
conv-43-qa-133,difference_prefix,2.200967355386916,18.71930000197608,169.56429999845568,190.48456735581868,one shared preloaded model
conv-43-qa-134,difference_prefix,2.200967355386916,22.442300003604032,121.66299999807961,146.30626735707057,one shared preloaded model
conv-43-qa-135,difference_prefix,2.200967355386916,21.135999995749444,178.13459999888437,201.47156735002073,one shared preloaded model
conv-43-qa-136,difference_prefix,2.200967355386916,21.416099996713456,408.862100004626,432.47916735672635,one shared preloaded model
conv-43-qa-137,difference_prefix,2.200967355386916,15.395900001749396,642.1579000016209,659.7547673587571,one shared preloaded model
conv-43-qa-138,difference_prefix,2.200967355386916,14.156099998217542,525.6235999986529,541.9806673522573,one shared preloaded model
conv-43-qa-139,difference_prefix,2.200967355386916,19.215099993743934,199.22159999987343,220.6376673490043,one shared preloaded model
conv-43-qa-140,difference_prefix,2.200967355386916,13.765900002908893,274.55129999725614,290.51816735555195,one shared preloaded model
conv-43-qa-141,difference_prefix,2.200967355386916,14.405100002477411,203.35340000019642,219.95946735806075,one shared preloaded model
conv-43-qa-142,difference_prefix,2.200967355386916,14.946600000257604,420.78549999860115,437.9330673542457,one shared preloaded model
conv-43-qa-143,difference_prefix,2.200967355386916,15.605399996275082,283.0759999997099,300.8823673513719,one shared preloaded model
conv-43-qa-144,difference_prefix,2.200967355386916,19.10620000126073,261.9563999978709,283.26356735451856,one shared preloaded model
conv-43-qa-145,difference_prefix,2.200967355386916,16.5809000027366,409.60740000446094,428.38926736258446,one shared preloaded model
conv-43-qa-146,difference_prefix,2.200967355386916,15.353399998275563,170.55870000331197,188.11306735697445,one shared preloaded model
conv-43-qa-147,difference_prefix,2.200967355386916,21.392599999671802,122.45359999360517,146.0471673486639,one shared preloaded model
conv-43-qa-148,difference_prefix,2.200967355386916,22.377700006472878,206.0563999984879,230.6350673603477,one shared preloaded model
conv-43-qa-149,difference_prefix,2.200967355386916,14.720799998030998,211.9894000061322,228.91116735955012,one shared preloaded model
conv-43-qa-150,difference_prefix,2.200967355386916,16.18369999778224,246.35080000007292,264.7354673532421,one shared preloaded model
conv-43-qa-151,difference_prefix,2.200967355386916,15.045000000100117,203.4306999994442,220.67666735493123,one shared preloaded model
conv-43-qa-152,difference_prefix,2.200967355386916,14.873500003886875,259.45879999926547,276.53326735853926,one shared preloaded model
conv-43-qa-153,difference_prefix,2.200967355386916,14.348199998494238,239.95060000015656,256.4997673540377,one shared preloaded model
conv-43-qa-154,difference_prefix,2.200967355386916,18.968299998959992,127.84800000372343,149.01726735807034,one shared preloaded model
conv-43-qa-155,difference_prefix,2.200967355386916,13.586200002464466,151.90659999643685,167.69376735428824,one shared preloaded model
conv-43-qa-156,difference_prefix,2.200967355386916,15.798199994605966,226.7647000044235,244.7638673544164,one shared preloaded model
conv-43-qa-157,difference_prefix,2.200967355386916,13.619999997899868,125.99039999622619,141.81136734951298,one shared preloaded model
conv-43-qa-158,difference_prefix,2.200967355386916,22.511399998620618,124.49999999807915,149.2123673520867,one shared preloaded model
conv-43-qa-159,difference_prefix,2.200967355386916,20.983499998692423,184.26710000494495,207.4515673590243,one shared preloaded model
conv-43-qa-160,difference_prefix,2.200967355386916,14.412900003662799,201.9503000046825,218.56416736373222,one shared preloaded model
conv-43-qa-161,difference_prefix,2.200967355386916,17.932100003235973,611.5011000001687,631.6341673587915,one shared preloaded model
conv-43-qa-162,difference_prefix,2.200967355386916,17.939400000614114,211.60699999745702,231.74736735345806,one shared preloaded model
conv-43-qa-163,difference_prefix,2.200967355386916,17.48030000453582,120.00300000363495,139.6842673635577,one shared preloaded model
conv-43-qa-164,difference_prefix,2.200967355386916,20.665700001700316,109.63609999453183,132.50276735161907,one shared preloaded model
conv-43-qa-165,difference_prefix,2.200967355386916,21.743199999036733,964.8242999974173,988.7684673518409,one shared preloaded model
conv-43-qa-166,difference_prefix,2.200967355386916,17.00909999635769,203.98919999570353,223.19926734744814,one shared preloaded model
conv-43-qa-167,difference_prefix,2.200967355386916,14.83169999846723,180.67790000350215,197.7105673573563,one shared preloaded model
conv-43-qa-168,difference_prefix,2.200967355386916,21.362200001021847,796.037799998885,819.6009673552937,one shared preloaded model
conv-43-qa-169,difference_prefix,2.200967355386916,19.114900002023205,325.9256999954232,347.24156735283333,one shared preloaded model
conv-43-qa-170,difference_prefix,2.200967355386916,15.276199999789242,442.25860000005923,459.7357673552354,one shared preloaded model
conv-43-qa-171,difference_prefix,2.200967355386916,13.225599999714177,300.0478000030853,315.4743673581864,one shared preloaded model
conv-43-qa-172,difference_prefix,2.200967355386916,13.891999995394144,140.91210000333376,157.00506735411483,one shared preloaded model
conv-43-qa-173,difference_prefix,2.200967355386916,21.425899998575915,141.5391999980784,165.16606735204124,one shared preloaded model
conv-43-qa-174,difference_prefix,2.200967355386916,17.58279999921797,203.2108999992488,222.99466735385369,one shared preloaded model
conv-43-qa-175,difference_prefix,2.200967355386916,15.03910000610631,223.09259999747155,240.33266735896478,one shared preloaded model
conv-43-qa-176,difference_prefix,2.200967355386916,14.64010000199778,144.1320000012638,160.9730673586485,one shared preloaded model
conv-43-qa-177,difference_prefix,2.200967355386916,21.466600002895575,187.35629999719094,211.02386735547344,one shared preloaded model
conv-43-qa-178,difference_prefix,2.200967355386916,21.592600001895335,132.5924999982817,156.38606735556397,one shared preloaded model
conv-43-qa-179,difference_prefix,2.200967355386916,21.333400000003166,219.98180000082357,243.51616735621366,one shared preloaded model
conv-43-qa-180,difference_prefix,2.200967355386916,15.267999995558057,353.55979999440024,371.0287673453452,one shared preloaded model
conv-43-qa-181,difference_prefix,2.200967355386916,17.33010000316426,93.78640000068117,113.31746735923235,one shared preloaded model
conv-43-qa-182,difference_prefix,2.200967355386916,21.638599995640106,228.33209999953397,252.171667350561,one shared preloaded model
conv-43-qa-183,difference_prefix,2.200967355386916,14.987999995355494,271.2000999963493,288.3890673470917,one shared preloaded model
conv-43-qa-184,difference_prefix,2.200967355386916,15.36599999963073,206.08240000001388,223.64936735503153,one shared preloaded model
conv-43-qa-185,difference_prefix,2.200967355386916,15.212899998005014,139.50930000282824,156.92316735622018,one shared preloaded model
conv-43-qa-186,difference_prefix,2.200967355386916,21.116000003530644,209.94900000368943,233.265967362607,one shared preloaded model
conv-43-qa-187,difference_prefix,2.200967355386916,14.753799994650763,219.72119999554707,236.67596734558475,one shared preloaded model
conv-43-qa-188,difference_prefix,2.200967355386916,13.586100001703016,184.69469999399735,200.48176735108729,one shared preloaded model
conv-43-qa-189,difference_prefix,2.200967355386916,17.919599995366298,298.9242999974522,319.0448673482054,one shared preloaded model
conv-43-qa-190,difference_prefix,2.200967355386916,18.45869999669958,226.69740000128513,247.35706735337163,one shared preloaded model
conv-43-qa-191,difference_prefix,2.200967355386916,18.12939999945229,369.96219999855384,390.29256735339305,one shared preloaded model
conv-43-qa-192,difference_prefix,2.200967355386916,17.080700003134552,309.68799999391194,328.9696673524334,one shared preloaded model
conv-43-qa-193,difference_prefix,2.200967355386916,16.63939999707509,277.166899999429,296.007267351891,one shared preloaded model
conv-43-qa-194,difference_prefix,2.200967355386916,14.85780000075465,426.00690000108443,443.065667357226,one shared preloaded model
conv-43-qa-195,difference_prefix,2.200967355386916,18.491499999072403,314.1263999932562,334.8188673477155,one shared preloaded model
conv-43-qa-196,difference_prefix,2.200967355386916,17.860100000689272,229.00949999893783,249.07056735501402,one shared preloaded model
conv-43-qa-197,difference_prefix,2.200967355386916,13.709900005778763,161.697000003187,177.60786736435267,one shared preloaded model
conv-43-qa-198,difference_prefix,2.200967355386916,21.540300003835,220.5111000002944,244.2523673595163,one shared preloaded model
conv-43-qa-199,difference_prefix,2.200967355386916,15.683899997384287,215.10830000624992,232.99316735902113,one shared preloaded model
conv-43-qa-200,difference_prefix,2.200967355386916,13.820699998177588,832.6858999935212,848.7075673470856,one shared preloaded model
conv-43-qa-201,difference_prefix,2.200967355386916,14.781500001845416,158.38580000126967,175.368267358502,one shared preloaded model
conv-43-qa-202,difference_prefix,2.200967355386916,14.811200002441183,228.73779999645194,245.74996735428005,one shared preloaded model
conv-43-qa-203,difference_prefix,2.200967355386916,13.812299999699462,222.88400000252295,238.89726735760934,one shared preloaded model
conv-43-qa-204,difference_prefix,2.200967355386916,17.554099998960737,227.8911000030348,247.64616735738247,one shared preloaded model
conv-43-qa-205,difference_prefix,2.200967355386916,13.890099995478522,211.90099999512313,227.99206734598857,one shared preloaded model
conv-43-qa-206,difference_prefix,2.200967355386916,14.09810000041034,178.92359999677865,195.2226673525759,one shared preloaded model
conv-43-qa-207,difference_prefix,2.200967355386916,14.948900003219023,356.53759999695467,373.6874673555606,one shared preloaded model
conv-43-qa-208,difference_prefix,2.200967355386916,18.183599997428246,206.88730000256328,227.27186735537845,one shared preloaded model
conv-43-qa-209,difference_prefix,2.200967355386916,14.994000004662666,426.87630000000354,444.0712673600531,one shared preloaded model
conv-43-qa-210,difference_prefix,2.200967355386916,18.802699996740557,252.94299999950454,273.946667351632,one shared preloaded model
conv-43-qa-211,difference_prefix,2.200967355386916,17.014500001096167,151.577399999951,170.7928673564341,one shared preloaded model
conv-43-qa-212,difference_prefix,2.200967355386916,21.41289999417495,204.70229999773437,228.31616734729624,one shared preloaded model
conv-43-qa-213,difference_prefix,2.200967355386916,14.601799994125031,276.5767000018968,293.3794673514088,one shared preloaded model
conv-43-qa-214,difference_prefix,2.200967355386916,13.710499995795544,170.0185999943642,185.93006734554666,one shared preloaded model
conv-43-qa-215,difference_prefix,2.200967355386916,17.52190000115661,192.40229999559233,212.12516735213586,one shared preloaded model
conv-43-qa-216,difference_prefix,2.200967355386916,17.18609999807086,194.02969999646302,213.4167673499208,one shared preloaded model
conv-43-qa-217,difference_prefix,2.200967355386916,18.036000001302455,83.43990000139456,103.67686735808394,one shared preloaded model
conv-43-qa-218,difference_prefix,2.200967355386916,22.228599998925347,231.258899999375,255.68846735368726,one shared preloaded model
conv-43-qa-219,difference_prefix,2.200967355386916,14.522700002999045,475.39039999537636,492.1140673537623,one shared preloaded model
conv-43-qa-220,difference_prefix,2.200967355386916,14.732200004800688,256.00850000046194,272.94166736064955,one shared preloaded model
conv-43-qa-221,difference_prefix,2.200967355386916,14.716400000907015,217.2232000011718,234.14056735746573,one shared preloaded model
conv-43-qa-222,difference_prefix,2.200967355386916,17.455399996833876,225.2204999967944,244.87686734901519,one shared preloaded model
conv-43-qa-223,difference_prefix,2.200967355386916,16.264500001852866,148.32490000117105,166.79036735841083,one shared preloaded model
conv-43-qa-224,difference_prefix,2.200967355386916,21.23849999770755,128.2234000027529,151.66286735584737,one shared preloaded model
conv-43-qa-225,difference_prefix,2.200967355386916,22.797099998570047,154.55540000402834,179.5534673579853,one shared preloaded model
conv-43-qa-226,difference_prefix,2.200967355386916,21.14869999786606,203.69790000404464,227.04756735729762,one shared preloaded model
conv-43-qa-227,difference_prefix,2.200967355386916,13.637900003232062,260.47400000243215,276.31286736105113,one shared preloaded model
conv-43-qa-228,difference_prefix,2.200967355386916,13.905599997087847,234.85980000259588,250.96636735507064,one shared preloaded model
conv-43-qa-229,difference_prefix,2.200967355386916,17.457699999795295,202.88299999810988,222.5416673532921,one shared preloaded model
conv-43-qa-230,difference_prefix,2.200967355386916,13.846600006218068,151.57619999808958,167.62376735969457,one shared preloaded model
conv-43-qa-231,difference_prefix,2.200967355386916,21.213300002273172,179.4547000026796,202.8689673603397,one shared preloaded model
conv-43-qa-232,difference_prefix,2.200967355386916,21.489300001121592,218.24809999816353,241.93836735467204,one shared preloaded model
conv-43-qa-233,difference_prefix,2.200967355386916,14.833000001090113,226.08929999842076,243.1232673548978,one shared preloaded model
conv-43-qa-234,difference_prefix,2.200967355386916,14.246799997636117,107.83519999677083,124.28296734979386,one shared preloaded model
conv-43-qa-235,difference_prefix,2.200967355386916,16.563199998927303,219.10019999631913,237.86436735063336,one shared preloaded model
conv-43-qa-236,difference_prefix,2.200967355386916,15.108700004930142,359.0965999974287,376.4062673577458,one shared preloaded model
conv-43-qa-237,difference_prefix,2.200967355386916,14.529799998854287,177.10589999478543,193.83666734902664,one shared preloaded model
conv-43-qa-238,difference_prefix,2.200967355386916,22.294299997156486,217.52230000129202,242.01756735383543,one shared preloaded model
conv-43-qa-239,difference_prefix,2.200967355386916,13.329699999303557,148.5054999939166,164.03616734860708,one shared preloaded model
conv-43-qa-240,difference_prefix,2.200967355386916,21.012500001234002,207.5981000016327,230.81156735825363,one shared preloaded model
conv-43-qa-241,difference_prefix,2.200967355386916,16.842600001837127,215.0365999987116,234.08016735593566,one shared preloaded model
conv-44-qa-0,difference_prefix,3.0855683544359636,21.132300003955606,231.5080999978818,255.72596835627337,one shared preloaded model
conv-44-qa-1,difference_prefix,3.0855683544359636,14.658000000054017,507.9572999966331,525.7008683511231,one shared preloaded model
conv-44-qa-2,difference_prefix,3.0855683544359636,13.288300004205666,208.39259999775095,224.76646835639258,one shared preloaded model
conv-44-qa-3,difference_prefix,3.0855683544359636,15.289500006474555,215.18629999627592,233.56136835718644,one shared preloaded model
conv-44-qa-4,difference_prefix,3.0855683544359636,13.279999999213032,498.23319999995874,514.5987683536077,one shared preloaded model
conv-44-qa-5,difference_prefix,3.0855683544359636,13.046399995801039,324.41920000565005,340.55116835588706,one shared preloaded model
conv-44-qa-6,difference_prefix,3.0855683544359636,13.25179999548709,503.3391999968444,519.6765683467675,one shared preloaded model
conv-44-qa-7,difference_prefix,3.0855683544359636,18.596699999761768,102.26369999872986,123.9459683529276,one shared preloaded model
conv-44-qa-8,difference_prefix,3.0855683544359636,20.843199999944773,130.7710000037332,154.69976835811394,one shared preloaded model
conv-44-qa-9,difference_prefix,3.0855683544359636,22.20159999706084,230.54270000284305,255.82986835433985,one shared preloaded model
conv-44-qa-10,difference_prefix,3.0855683544359636,17.23620000120718,493.8666000016383,514.1883683572814,one shared preloaded model
conv-44-qa-11,difference_prefix,3.0855683544359636,17.58269999845652,328.05350000126055,348.721768354153,one shared preloaded model
conv-44-qa-12,difference_prefix,3.0855683544359636,17.619100006413646,243.07170000247424,263.77636836332385,one shared preloaded model
conv-44-qa-13,difference_prefix,3.0855683544359636,13.34839999617543,201.04369999899063,217.47766834960203,one shared preloaded model
conv-44-qa-14,difference_prefix,3.0855683544359636,13.063599995803088,239.26989999745274,255.4190683476918,one shared preloaded model
conv-44-qa-15,difference_prefix,3.0855683544359636,17.5602000017534,230.810000000929,251.45576835711836,one shared preloaded model
conv-44-qa-16,difference_prefix,3.0855683544359636,12.753700000757817,166.56050000165123,182.39976835684502,one shared preloaded model
conv-44-qa-17,difference_prefix,3.0855683544359636,15.23309999902267,115.59609999676468,133.9147683502233,one shared preloaded model
conv-44-qa-18,difference_prefix,3.0855683544359636,17.290700001467485,236.80440000316594,257.1806683590694,one shared preloaded model
conv-44-qa-19,difference_prefix,3.0855683544359636,14.8579000015161,187.51399999746354,205.4574683534156,one shared preloaded model
conv-44-qa-20,difference_prefix,3.0855683544359636,18.051200000627432,202.34049999999115,223.47726835505455,one shared preloaded model
conv-44-qa-21,difference_prefix,3.0855683544359636,14.659499996923842,165.31680000480264,183.06186835616245,one shared preloaded model
conv-44-qa-22,difference_prefix,3.0855683544359636,16.637400003673974,135.19349999842234,154.91646835653228,one shared preloaded model
conv-44-qa-23,difference_prefix,3.0855683544359636,21.40270000381861,217.38789999653818,241.87616835479275,one shared preloaded model
conv-44-qa-24,difference_prefix,3.0855683544359636,14.697400001750793,222.36639999755425,240.149368353741,one shared preloaded model
conv-44-qa-25,difference_prefix,3.0855683544359636,16.6218000013032,216.31340000021737,236.02076835595653,one shared preloaded model
conv-44-qa-26,difference_prefix,3.0855683544359636,17.87579999654554,389.60790000419365,410.56926835517515,one shared preloaded model
conv-44-qa-27,difference_prefix,3.0855683544359636,17.375000003085006,125.30810000316706,145.76866836068803,one shared preloaded model
conv-44-qa-28,difference_prefix,3.0855683544359636,19.760700000915676,228.41889999835985,251.2651683537115,one shared preloaded model
conv-44-qa-29,difference_prefix,3.0855683544359636,12.927700001455378,275.63399999780813,291.6472683536995,one shared preloaded model
conv-44-qa-30,difference_prefix,3.0855683544359636,13.865499997336883,148.75739999843063,165.70846835020347,one shared preloaded model
conv-44-qa-31,difference_prefix,3.0855683544359636,20.600399999239016,144.8956000022008,168.5815683558758,one shared preloaded model
conv-44-qa-32,difference_prefix,3.0855683544359636,21.05680000386201,224.82989999843994,248.9722683567379,one shared preloaded model
conv-44-qa-33,difference_prefix,3.0855683544359636,13.714400003664196,319.4953999991412,336.2953683572414,one shared preloaded model
conv-44-qa-34,difference_prefix,3.0855683544359636,18.09750000393251,221.9702000002144,243.15326835858286,one shared preloaded model
conv-44-qa-35,difference_prefix,3.0855683544359636,13.520699998480268,204.61929999873973,221.22556835165597,one shared preloaded model
conv-44-qa-36,difference_prefix,3.0855683544359636,13.008699999772944,139.08220000303118,155.17646835724008,one shared preloaded model
conv-44-qa-37,difference_prefix,3.0855683544359636,18.33240000269143,536.3534999996773,557.7714683568047,one shared preloaded model
conv-44-qa-38,difference_prefix,3.0855683544359636,17.107299994677305,526.7437000002246,546.9365683493379,one shared preloaded model
conv-44-qa-39,difference_prefix,3.0855683544359636,18.434999998135027,194.39240000065183,215.91296835322282,one shared preloaded model
conv-44-qa-40,difference_prefix,3.0855683544359636,13.409499995759688,175.10380000021541,191.59886835041107,one shared preloaded model
conv-44-qa-41,difference_prefix,3.0855683544359636,21.749499996076338,370.551300002262,395.3863683527743,one shared preloaded model
conv-44-qa-42,difference_prefix,3.0855683544359636,17.186299999593757,173.73410000436706,194.00596835839679,one shared preloaded model
conv-44-qa-43,difference_prefix,3.0855683544359636,18.48030000110157,199.82489999529207,221.3907683508296,one shared preloaded model
conv-44-qa-44,difference_prefix,3.0855683544359636,13.69189999968512,226.97489999700338,243.75236835112446,one shared preloaded model
conv-44-qa-45,difference_prefix,3.0855683544359636,13.298099998792168,225.96319999865955,242.34686835188768,one shared preloaded model
conv-44-qa-46,difference_prefix,3.0855683544359636,12.794900001608767,104.65980000299169,120.54026835903642,one shared preloaded model
conv-44-qa-47,difference_prefix,3.0855683544359636,20.859900003415532,218.39479999471223,242.34026835256373,one shared preloaded model
conv-44-qa-48,difference_prefix,3.0855683544359636,15.145500001381151,252.28110000171,270.5121683575271,one shared preloaded model
conv-44-qa-49,difference_prefix,3.0855683544359636,14.716300000145566,114.80869999650167,132.6105683510832,one shared preloaded model
conv-44-qa-50,difference_prefix,3.0855683544359636,21.938599995337427,160.81909999775235,185.84326834752574,one shared preloaded model
conv-44-qa-51,difference_prefix,3.0855683544359636,19.38489999884041,145.1184000034118,167.58886835668818,one shared preloaded model
conv-44-qa-52,difference_prefix,3.0855683544359636,21.3203999956022,193.9877999975579,218.39376834759605,one shared preloaded model
conv-44-qa-53,difference_prefix,3.0855683544359636,20.35720000276342,206.93220000248402,230.3749683596834,one shared preloaded model
conv-44-qa-54,difference_prefix,3.0855683544359636,13.460900001518894,207.39740000135498,223.94386835730984,one shared preloaded model
conv-44-qa-55,difference_prefix,3.0855683544359636,13.98979999794392,501.5590000039083,518.6343683562882,one shared preloaded model
conv-44-qa-56,difference_prefix,3.0855683544359636,13.801599998259917,218.19949999917299,235.08666835186887,one shared preloaded model
conv-44-qa-57,difference_prefix,3.0855683544359636,17.94019999942975,228.4118000025046,249.43756835637032,one shared preloaded model
conv-44-qa-58,difference_prefix,3.0855683544359636,14.17570000194246,186.53099999937695,203.79226835575537,one shared preloaded model
conv-44-qa-59,difference_prefix,3.0855683544359636,22.79810000618454,152.6889000015217,178.5725683621422,one shared preloaded model
conv-44-qa-60,difference_prefix,3.0855683544359636,20.37459999701241,122.32309999671998,145.78326834816835,one shared preloaded model
conv-44-qa-61,difference_prefix,3.0855683544359636,20.515500000328757,216.00539999781176,239.60646835257648,one shared preloaded model
conv-44-qa-62,difference_prefix,3.0855683544359636,13.454199994157534,269.37480000196956,285.91456835056306,one shared preloaded model
conv-44-qa-63,difference_prefix,3.0855683544359636,13.816400001815055,214.39639999880455,231.29836835505557,one shared preloaded model
conv-44-qa-64,difference_prefix,3.0855683544359636,14.186400003382005,216.95669999462552,234.2286683524435,one shared preloaded model
conv-44-qa-65,difference_prefix,3.0855683544359636,13.503600006515626,350.70389999600593,367.2930683569575,one shared preloaded model
conv-44-qa-66,difference_prefix,3.0855683544359636,13.54709999577608,127.2850000023027,143.91766835251474,one shared preloaded model
conv-44-qa-67,difference_prefix,3.0855683544359636,14.993099997809622,264.184399995429,282.26306834767456,one shared preloaded model
conv-44-qa-68,difference_prefix,3.0855683544359636,12.687099995673634,396.3149000046542,412.0875683547638,one shared preloaded model
conv-44-qa-69,difference_prefix,3.0855683544359636,17.321699997410178,224.21330000361195,244.6205683554581,one shared preloaded model
conv-44-qa-70,difference_prefix,3.0855683544359636,15.210700003081001,135.28650000080233,153.5827683583193,one shared preloaded model
conv-44-qa-71,difference_prefix,3.0855683544359636,20.858099996985402,212.48499999637716,236.42866834779852,one shared preloaded model
conv-44-qa-72,difference_prefix,3.0855683544359636,13.262600004964042,325.5700000008801,341.9181683602801,one shared preloaded model
conv-44-qa-73,difference_prefix,3.0855683544359636,18.15100000385428,216.8348999985028,238.07146835679305,one shared preloaded model
conv-44-qa-74,difference_prefix,3.0855683544359636,17.316900004516356,187.1571999945445,207.55966835349682,one shared preloaded model
conv-44-qa-75,difference_prefix,3.0855683544359636,21.21899999474408,298.592600003758,322.897168352938,one shared preloaded model
conv-44-qa-76,difference_prefix,3.0855683544359636,13.188000004447531,666.4776999969035,682.751268355787,one shared preloaded model
conv-44-qa-77,difference_prefix,3.0855683544359636,15.169899997999892,353.58999999880325,371.8454683512391,one shared preloaded model
conv-44-qa-78,difference_prefix,3.0855683544359636,19.430399996053893,271.52019999630284,294.0361683467927,one shared preloaded model
conv-44-qa-79,difference_prefix,3.0855683544359636,13.805800001136959,192.12749999860534,209.01886835417827,one shared preloaded model
conv-44-qa-80,difference_prefix,3.0855683544359636,17.17369999823859,182.60709999594837,202.86636834862293,one shared preloaded model
conv-44-qa-81,difference_prefix,3.0855683544359636,22.02200000465382,220.5277999964892,245.63536835557898,one shared preloaded model
conv-44-qa-82,difference_prefix,3.0855683544359636,16.671899997163564,121.96789999870816,141.7253683503077,one shared preloaded model
conv-44-qa-83,difference_prefix,3.0855683544359636,19.078000004810747,1615.7950000051642,1637.958568364411,one shared preloaded model
conv-44-qa-84,difference_prefix,3.0855683544359636,13.440199996693991,1409.4933000014862,1426.0190683526162,one shared preloaded model
conv-44-qa-85,difference_prefix,3.0855683544359636,18.408600000839215,129.70399999903748,151.19816835431266,one shared preloaded model
conv-44-qa-86,difference_prefix,3.0855683544359636,20.84189999732189,193.53660000342643,217.46406835518428,one shared preloaded model
conv-44-qa-87,difference_prefix,3.0855683544359636,16.28599999821745,219.07740000460763,238.44896835726104,one shared preloaded model
conv-44-qa-88,difference_prefix,3.0855683544359636,12.667200004216284,808.2059000007575,823.9586683594098,one shared preloaded model
conv-44-qa-89,difference_prefix,3.0855683544359636,17.871299998660106,146.26110000244807,167.21796835554414,one shared preloaded model
conv-44-qa-90,difference_prefix,3.0855683544359636,20.65059999586083,223.41489999962505,247.15106834992184,one shared preloaded model
conv-44-qa-91,difference_prefix,3.0855683544359636,15.014099997642916,228.99899999902118,247.09866835110006,one shared preloaded model
conv-44-qa-92,difference_prefix,3.0855683544359636,13.741100003244355,208.24809999612626,225.07476835380658,one shared preloaded model
conv-44-qa-93,difference_prefix,3.0855683544359636,13.728900004934985,502.0645999975386,518.8790683569096,one shared preloaded model
conv-44-qa-94,difference_prefix,3.0855683544359636,14.45640000019921,160.69169999536825,178.23366835000343,one shared preloaded model
conv-44-qa-95,difference_prefix,3.0855683544359636,20.767999994859565,96.86489999876358,120.7184683480591,one shared preloaded model
conv-44-qa-96,difference_prefix,3.0855683544359636,15.803999995114282,416.15299999830313,435.0425683478534,one shared preloaded model
conv-44-qa-97,difference_prefix,3.0855683544359636,17.32849999825703,133.91499999852385,154.32906835121685,one shared preloaded model
conv-44-qa-98,difference_prefix,3.0855683544359636,20.661499998823274,261.902000005648,285.64906835890724,one shared preloaded model
conv-44-qa-99,difference_prefix,3.0855683544359636,14.245200000004843,309.4472000011592,326.7779683556,one shared preloaded model
conv-44-qa-100,difference_prefix,3.0855683544359636,18.214600000646897,179.48690000048373,200.7870683555666,one shared preloaded model
conv-44-qa-101,difference_prefix,3.0855683544359636,20.46679999330081,202.7405999979237,226.29296834566048,one shared preloaded model
conv-44-qa-102,difference_prefix,3.0855683544359636,12.972000004083384,616.4405000017723,632.4980683602917,one shared preloaded model
conv-44-qa-103,difference_prefix,3.0855683544359636,18.22099999844795,163.89319999871077,185.19976835159468,one shared preloaded model
conv-44-qa-104,difference_prefix,3.0855683544359636,19.317999998747837,281.12079999846173,303.52436835164553,one shared preloaded model
conv-44-qa-105,difference_prefix,3.0855683544359636,18.34949999465607,330.0842999960878,351.5193683451798,one shared preloaded model
conv-44-qa-106,difference_prefix,3.0855683544359636,13.15690000046743,167.31090000394033,183.55336835884373,one shared preloaded model
conv-44-qa-107,difference_prefix,3.0855683544359636,20.989999997254927,227.00549999717623,251.08106834886712,one shared preloaded model
conv-44-qa-108,difference_prefix,3.0855683544359636,14.906999997037929,210.87759999500122,228.8701683464751,one shared preloaded model
conv-44-qa-109,difference_prefix,3.0855683544359636,17.116600000008475,253.7270000029821,273.92916835742653,one shared preloaded model
conv-44-qa-110,difference_prefix,3.0855683544359636,13.381299999309704,156.09689999837428,172.56376835211995,one shared preloaded model
conv-44-qa-111,difference_prefix,3.0855683544359636,13.253400000394322,276.0800000032759,292.4189683581062,one shared preloaded model
conv-44-qa-112,difference_prefix,3.0855683544359636,13.780499997665174,165.43069999897853,182.29676835107966,one shared preloaded model
conv-44-qa-113,difference_prefix,3.0855683544359636,21.490700004505925,222.75330000411486,247.32956836305675,one shared preloaded model
conv-44-qa-114,difference_prefix,3.0855683544359636,13.817300001392141,162.21139999834122,179.11426835416933,one shared preloaded model
conv-44-qa-115,difference_prefix,3.0855683544359636,22.081900002376642,313.86030000430765,339.02776836112025,one shared preloaded model
conv-44-qa-116,difference_prefix,3.0855683544359636,14.963399997213855,225.4082999934326,243.4572683450824,one shared preloaded model
conv-44-qa-117,difference_prefix,3.0855683544359636,13.415499997790903,220.87029999966035,237.3713683518872,one shared preloaded model
conv-44-qa-118,difference_prefix,3.0855683544359636,15.786100004334003,205.1147000020137,223.98636836078367,one shared preloaded model
conv-44-qa-119,difference_prefix,3.0855683544359636,13.676399998075794,878.0524000030709,894.8143683555827,one shared preloaded model
conv-44-qa-120,difference_prefix,3.0855683544359636,13.492899997800123,223.1162000025506,239.6946683547867,one shared preloaded model
conv-44-qa-121,difference_prefix,3.0855683544359636,12.606299998878967,388.98340000014286,404.6752683534578,one shared preloaded model
conv-44-qa-122,difference_prefix,3.0855683544359636,18.22099999844795,516.1241000023438,537.4306683552277,one shared preloaded model
conv-44-qa-123,difference_prefix,3.0855683544359636,14.21180000033928,192.54820000060135,209.8455683553766,one shared preloaded model
conv-44-qa-124,difference_prefix,3.0855683544359636,16.456400000606664,231.07859999436187,250.6205683494045,one shared preloaded model
conv-44-qa-125,difference_prefix,3.0855683544359636,15.926700005366001,232.66639999928884,251.6786683590908,one shared preloaded model
conv-44-qa-126,difference_prefix,3.0855683544359636,14.970500000345055,224.2781999957515,242.3342683505325,one shared preloaded model
conv-44-qa-127,difference_prefix,3.0855683544359636,14.599400004954077,304.1707000011229,321.85566836051294,one shared preloaded model
conv-44-qa-128,difference_prefix,3.0855683544359636,17.31169999402482,146.9920000017737,167.3892683502345,one shared preloaded model
conv-44-qa-129,difference_prefix,3.0855683544359636,20.85339999757707,214.5550999994157,238.49406835142872,one shared preloaded model
conv-44-qa-130,difference_prefix,3.0855683544359636,13.103099998261314,244.516200000362,260.7048683530593,one shared preloaded model
conv-44-qa-131,difference_prefix,3.0855683544359636,17.936700001882855,152.62349999829894,173.64576835461776,one shared preloaded model
conv-44-qa-132,difference_prefix,3.0855683544359636,21.653999996487983,340.970200006268,365.70976835719193,one shared preloaded model
conv-44-qa-133,difference_prefix,3.0855683544359636,18.125700000382494,212.54870000120718,233.75996835602564,one shared preloaded model
conv-44-qa-134,difference_prefix,3.0855683544359636,15.467800003534649,215.1222999964375,233.67566835440812,one shared preloaded model
conv-44-qa-135,difference_prefix,3.0855683544359636,15.32529999531107,607.759000005899,626.169868355646,one shared preloaded model
conv-44-qa-136,difference_prefix,3.0855683544359636,17.363400002068374,215.05640000395942,235.50536836046376,one shared preloaded model
conv-44-qa-137,difference_prefix,3.0855683544359636,14.678799998364411,140.41480000014417,158.17916835294454,one shared preloaded model
conv-44-qa-138,difference_prefix,3.0855683544359636,20.925199998600874,155.53340000042226,179.5441683534591,one shared preloaded model
conv-44-qa-139,difference_prefix,3.0855683544359636,17.13999999628868,208.5540999978548,228.77966834857943,one shared preloaded model
conv-44-qa-140,difference_prefix,3.0855683544359636,13.33619999786606,232.20089999813354,248.62266835043556,one shared preloaded model
conv-44-qa-141,difference_prefix,3.0855683544359636,13.492099998984486,553.4167000005255,569.9943683539459,one shared preloaded model
conv-44-qa-142,difference_prefix,3.0855683544359636,18.024400000285823,224.44019999966258,245.55016835438437,one shared preloaded model
conv-44-qa-143,difference_prefix,3.0855683544359636,13.955100002931431,94.59829999832436,111.63896835569176,one shared preloaded model
conv-44-qa-144,difference_prefix,3.0855683544359636,15.570299998216797,228.2299999933457,246.88586834599846,one shared preloaded model
conv-44-qa-145,difference_prefix,3.0855683544359636,13.309199996001553,550.3874999994878,566.7822683499253,one shared preloaded model
conv-44-qa-146,difference_prefix,3.0855683544359636,14.216000003216323,205.62729999801377,222.92886835566605,one shared preloaded model
conv-44-qa-147,difference_prefix,3.0855683544359636,12.897799999336712,185.79849999514408,201.78186834891676,one shared preloaded model
conv-44-qa-148,difference_prefix,3.0855683544359636,20.738399995025247,442.87769999937154,466.70166834883275,one shared preloaded model
conv-44-qa-149,difference_prefix,3.0855683544359636,14.119899999059271,109.57140000391519,126.77686835741042,one shared preloaded model
conv-44-qa-150,difference_prefix,3.0855683544359636,22.040799995011184,110.75710000295658,135.88346835240372,one shared preloaded model
conv-44-qa-151,difference_prefix,3.0855683544359636,20.521300000837073,241.93930000183173,265.54616835710476,one shared preloaded model
conv-44-qa-152,difference_prefix,3.0855683544359636,17.52690000284929,229.35280000092462,249.96526835820987,one shared preloaded model
conv-44-qa-153,difference_prefix,3.0855683544359636,13.153899999451824,256.13029999658465,272.36976835047244,one shared preloaded model
conv-44-qa-154,difference_prefix,3.0855683544359636,14.714600001752842,121.46280000160914,139.26296835779794,one shared preloaded model
conv-44-qa-155,difference_prefix,3.0855683544359636,19.725300000573043,231.99339999700896,254.80426835201797,one shared preloaded model
conv-44-qa-156,difference_prefix,3.0855683544359636,17.6763999988907,225.63410000293516,246.39606835626182,one shared preloaded model
conv-44-qa-157,difference_prefix,3.0855683544359636,13.150599996151868,173.17929999990156,189.4154683504894,one shared preloaded model
conv-47-qa-0,difference_prefix,2.6874347368184797,20.7860999944387,201.96189999842318,225.43543472968037,one shared preloaded model
conv-47-qa-1,difference_prefix,2.6874347368184797,13.2954999935464,224.66569999960484,240.64863472996973,one shared preloaded model
conv-47-qa-2,difference_prefix,2.6874347368184797,14.154700002109166,226.6128999981447,243.45503473707237,one shared preloaded model
conv-47-qa-3,difference_prefix,2.6874347368184797,13.903100007155444,113.77560000255471,130.36613474652864,one shared preloaded model
conv-47-qa-4,difference_prefix,2.6874347368184797,20.198900005198084,508.0013999977382,530.8877347397547,one shared preloaded model
conv-47-qa-5,difference_prefix,2.6874347368184797,13.713000000279862,200.9667000020272,217.36713473912556,one shared preloaded model
conv-47-qa-6,difference_prefix,2.6874347368184797,13.130100000125822,203.8006000002497,219.618134737194,one shared preloaded model
conv-47-qa-7,difference_prefix,2.6874347368184797,13.36730000184616,179.74040000262903,195.79513474129368,one shared preloaded model
conv-47-qa-8,difference_prefix,2.6874347368184797,17.93129999714438,101.93370000342838,122.55243473739125,one shared preloaded model
conv-47-qa-9,difference_prefix,2.6874347368184797,15.79469999705907,219.16639999835752,237.64853473223508,one shared preloaded model
conv-47-qa-10,difference_prefix,2.6874347368184797,14.115999998466577,343.25349999562604,360.0569347309111,one shared preloaded model
conv-47-qa-11,difference_prefix,2.6874347368184797,17.317500001809094,264.5392999984324,284.54423473706,one shared preloaded model
conv-47-qa-12,difference_prefix,2.6874347368184797,13.581300001533236,233.28339999716263,249.55213473551436,one shared preloaded model
conv-47-qa-13,difference_prefix,2.6874347368184797,14.171200004057027,466.6466999988188,483.5053347396943,one shared preloaded model
conv-47-qa-14,difference_prefix,2.6874347368184797,17.450100000132807,182.0542999994359,202.1918347363872,one shared preloaded model
conv-47-qa-15,difference_prefix,2.6874347368184797,19.986899998912122,218.60670000023674,241.28103473596735,one shared preloaded model
conv-47-qa-16,difference_prefix,2.6874347368184797,15.03200000297511,159.9941000022227,177.7135347420163,one shared preloaded model
conv-47-qa-17,difference_prefix,2.6874347368184797,14.002600000821985,214.4133999972837,231.10343473492418,one shared preloaded model
conv-47-qa-18,difference_prefix,2.6874347368184797,13.860500002920162,410.8481000002939,427.3960347400326,one shared preloaded model
conv-47-qa-19,difference_prefix,2.6874347368184797,13.566700006776955,208.39800000248943,224.65213474608487,one shared preloaded model
conv-47-qa-20,difference_prefix,2.6874347368184797,15.064599996549077,107.38449999917066,125.13653473253822,one shared preloaded model
conv-47-qa-21,difference_prefix,2.6874347368184797,20.443800000066403,305.5793999956222,328.7106347325071,one shared preloaded model
conv-47-qa-22,difference_prefix,2.6874347368184797,17.757900001015514,166.9834999993327,187.4288347371667,one shared preloaded model
conv-47-qa-23,difference_prefix,2.6874347368184797,20.046899997396395,487.7381000042078,510.4724347384227,one shared preloaded model
conv-47-qa-24,difference_prefix,2.6874347368184797,17.337299999780953,218.06680000008782,238.09153473668727,one shared preloaded model
conv-47-qa-25,difference_prefix,2.6874347368184797,15.906300002825446,109.6932000000379,128.28693473968184,one shared preloaded model
conv-47-qa-26,difference_prefix,2.6874347368184797,19.855299993650988,219.8902000018279,242.43293473229738,one shared preloaded model
conv-47-qa-27,difference_prefix,2.6874347368184797,13.230399999883957,216.50149999913992,232.41933473584237,one shared preloaded model
conv-47-qa-28,difference_prefix,2.6874347368184797,13.071499997749925,338.3176999996067,354.0766347341751,one shared preloaded model
conv-47-qa-29,difference_prefix,2.6874347368184797,13.22490000165999,220.22180000203662,236.1341347405151,one shared preloaded model
conv-47-qa-30,difference_prefix,2.6874347368184797,12.967299997399095,109.06160000013188,124.71633473434945,one shared preloaded model
conv-47-qa-31,difference_prefix,2.6874347368184797,16.72559999860823,133.35970000480302,152.77273474022974,one shared preloaded model
conv-47-qa-32,difference_prefix,2.6874347368184797,20.078199995623436,217.2774999999092,240.04313473235112,one shared preloaded model
conv-47-qa-33,difference_prefix,2.6874347368184797,13.44519999838667,231.27999999996973,247.4126347351749,one shared preloaded model
conv-47-qa-34,difference_prefix,2.6874347368184797,12.805600003048312,344.33159999753116,359.82463473739796,one shared preloaded model
conv-47-qa-35,difference_prefix,2.6874347368184797,17.3958000013954,167.73169999942183,187.81493473763572,one shared preloaded model
conv-47-qa-36,difference_prefix,2.6874347368184797,19.64130000123987,224.63170000264654,246.9604347407049,one shared preloaded model
conv-47-qa-37,difference_prefix,2.6874347368184797,14.25819999712985,345.5242999989423,362.46993473289064,one shared preloaded model
conv-47-qa-38,difference_prefix,2.6874347368184797,16.85620000353083,354.60520000196993,374.14883474231925,one shared preloaded model
conv-47-qa-39,difference_prefix,2.6874347368184797,12.642200003028847,465.8532999965246,481.1829347363719,one shared preloaded model
conv-47-qa-40,difference_prefix,2.6874347368184797,16.657699998177122,349.2400000031921,368.5851347381877,one shared preloaded model
conv-47-qa-41,difference_prefix,2.6874347368184797,12.447699999029282,223.36600000562612,238.5011347414739,one shared preloaded model
conv-47-qa-42,difference_prefix,2.6874347368184797,18.251500005135313,311.3381000002846,332.2770347422384,one shared preloaded model
conv-47-qa-43,difference_prefix,2.6874347368184797,12.877900000603404,121.41960000008112,136.984934737503,one shared preloaded model
conv-47-qa-44,difference_prefix,2.6874347368184797,20.088299999770243,451.2512000001152,474.02693473670394,one shared preloaded model
conv-47-qa-45,difference_prefix,2.6874347368184797,16.8446000025142,137.5871000054758,157.1191347448085,one shared preloaded model
conv-47-qa-46,difference_prefix,2.6874347368184797,17.79270000406541,489.64690000138944,510.12703474227334,one shared preloaded model
conv-47-qa-47,difference_prefix,2.6874347368184797,17.315500001132023,301.5553000004729,321.55823473842344,one shared preloaded model
conv-47-qa-48,difference_prefix,2.6874347368184797,14.173199997458141,478.4723000047961,495.33293473907275,one shared preloaded model
conv-47-qa-49,difference_prefix,2.6874347368184797,13.133899999957066,171.9498000020394,187.77113473881496,one shared preloaded model
conv-47-qa-50,difference_prefix,2.6874347368184797,17.578599996340927,312.4762999941595,332.7423347273189,one shared preloaded model
conv-47-qa-51,difference_prefix,2.6874347368184797,17.506099997262936,215.53600000333972,235.72953473742115,one shared preloaded model
conv-47-qa-52,difference_prefix,2.6874347368184797,12.856300003477372,237.27909999433905,252.8228347346349,one shared preloaded model
conv-47-qa-53,difference_prefix,2.6874347368184797,13.259100000141189,201.49230000242824,217.43883473938791,one shared preloaded model
conv-47-qa-54,difference_prefix,2.6874347368184797,13.36250000167638,235.0633000023663,251.11323474086117,one shared preloaded model
conv-47-qa-55,difference_prefix,2.6874347368184797,13.374100002693012,308.1696000008378,324.2311347403493,one shared preloaded model
conv-47-qa-56,difference_prefix,2.6874347368184797,13.983500000904314,158.49010000238195,175.16103474010475,one shared preloaded model
conv-47-qa-57,difference_prefix,2.6874347368184797,20.639700000174344,196.6108999986318,219.93803473562463,one shared preloaded model
conv-47-qa-58,difference_prefix,2.6874347368184797,15.995599998859689,514.3829999942682,533.0660347299463,one shared preloaded model
conv-47-qa-59,difference_prefix,2.6874347368184797,17.35709999775281,318.6615000013262,338.7060347358975,one shared preloaded model
conv-47-qa-60,difference_prefix,2.6874347368184797,13.371300003200304,207.51810000365367,223.57683474367246,one shared preloaded model
conv-47-qa-61,difference_prefix,2.6874347368184797,13.091200002236292,206.3211999993655,222.09983473842027,one shared preloaded model
conv-47-qa-62,difference_prefix,2.6874347368184797,17.33750000130385,211.45260000048438,231.47753473860672,one shared preloaded model
conv-47-qa-63,difference_prefix,2.6874347368184797,15.222400004859082,482.46260000451,500.3724347461876,one shared preloaded model
conv-47-qa-64,difference_prefix,2.6874347368184797,17.200900001625996,207.46900000085589,227.35733473930037,one shared preloaded model
conv-47-qa-65,difference_prefix,2.6874347368184797,14.874100001179613,494.2919000022812,511.8534347402793,one shared preloaded model
conv-47-qa-66,difference_prefix,2.6874347368184797,14.485899999272078,329.6635000006063,346.83683473669686,one shared preloaded model
conv-47-qa-67,difference_prefix,2.6874347368184797,16.958899999735877,216.26950000063516,235.91583473718953,one shared preloaded model
conv-47-qa-68,difference_prefix,2.6874347368184797,13.34560000395868,213.97770000476157,230.01073474553874,one shared preloaded model
conv-47-qa-69,difference_prefix,2.6874347368184797,13.295100005052518,432.62170000525657,448.6042347471276,one shared preloaded model
conv-47-qa-70,difference_prefix,2.6874347368184797,15.04949999798555,201.09779999620514,218.83473473100918,one shared preloaded model
conv-47-qa-71,difference_prefix,2.6874347368184797,13.007599998672958,218.59430000040447,234.28933473589592,one shared preloaded model
conv-47-qa-72,difference_prefix,2.6874347368184797,13.905799998610746,121.1163000043598,137.70953473978904,one shared preloaded model
conv-47-qa-73,difference_prefix,2.6874347368184797,18.321800002013333,194.95959999767365,215.96883473650547,one shared preloaded model
conv-47-qa-74,difference_prefix,2.6874347368184797,16.13480000378331,215.40280000044731,234.22503474104911,one shared preloaded model
conv-47-qa-75,difference_prefix,2.6874347368184797,13.411899999482557,193.50829999893904,209.60763473524008,one shared preloaded model
conv-47-qa-76,difference_prefix,2.6874347368184797,15.249799995217472,148.5504000011133,166.48763473314926,one shared preloaded model
conv-47-qa-77,difference_prefix,2.6874347368184797,20.112099999096245,222.50189999613212,245.30143473204686,one shared preloaded model
conv-47-qa-78,difference_prefix,2.6874347368184797,13.129600003594533,209.18450000317534,225.00153474358837,one shared preloaded model
conv-47-qa-79,difference_prefix,2.6874347368184797,13.536599995859433,153.21239999320824,169.43643472588616,one shared preloaded model
conv-47-qa-80,difference_prefix,2.6874347368184797,21.537099994020537,593.5883999991347,617.8129347299737,one shared preloaded model
conv-47-qa-81,difference_prefix,2.6874347368184797,17.74660000228323,242.06920000142418,262.5032347405259,one shared preloaded model
conv-47-qa-82,difference_prefix,2.6874347368184797,12.914300001284573,228.38659999979427,243.98833473789733,one shared preloaded model
conv-47-qa-83,difference_prefix,2.6874347368184797,12.63930000277469,587.7430999971693,603.0698347367625,one shared preloaded model
conv-47-qa-84,difference_prefix,2.6874347368184797,17.818799999076873,225.91749999992317,246.42373473581853,one shared preloaded model
conv-47-qa-85,difference_prefix,2.6874347368184797,13.121699994371738,155.71530000306666,171.5244347342569,one shared preloaded model
conv-47-qa-86,difference_prefix,2.6874347368184797,20.28520000021672,144.17780000076164,167.15043473779684,one shared preloaded model
conv-47-qa-87,difference_prefix,2.6874347368184797,20.191499999782536,182.65270000119926,205.5316347378003,one shared preloaded model
conv-47-qa-88,difference_prefix,2.6874347368184797,20.620099996449426,291.02119999879505,314.32873473206297,one shared preloaded model
conv-47-qa-89,difference_prefix,2.6874347368184797,18.08100000198465,451.90419999562437,472.6726347344275,one shared preloaded model
conv-47-qa-90,difference_prefix,2.6874347368184797,18.582899996545166,256.88419999642065,278.1545347297843,one shared preloaded model
conv-47-qa-91,difference_prefix,2.6874347368184797,13.01670000248123,386.6677999976673,402.37193473696703,one shared preloaded model
conv-47-qa-92,difference_prefix,2.6874347368184797,13.263000000733882,141.47309999680147,157.42353473435384,one shared preloaded model
conv-47-qa-93,difference_prefix,2.6874347368184797,20.67170000373153,153.23129999887897,176.59043473942899,one shared preloaded model
conv-47-qa-94,difference_prefix,2.6874347368184797,16.03169999725651,454.99179999751505,473.71093473159004,one shared preloaded model
conv-47-qa-95,difference_prefix,2.6874347368184797,14.199299999745563,107.01200000039535,123.8987347369594,one shared preloaded model
conv-47-qa-96,difference_prefix,2.6874347368184797,20.177200000034645,83.73769999889191,106.60233473574505,one shared preloaded model
conv-47-qa-97,difference_prefix,2.6874347368184797,18.555800001195166,209.71170000120765,230.9549347392213,one shared preloaded model
conv-47-qa-98,difference_prefix,2.6874347368184797,14.253099994675722,332.92290000099456,349.86343473248877,one shared preloaded model
conv-47-qa-99,difference_prefix,2.6874347368184797,17.878600003314205,406.75480000209063,427.3208347422233,one shared preloaded model
conv-47-qa-100,difference_prefix,2.6874347368184797,14.750700000149664,117.95759999949951,135.39573473646766,one shared preloaded model
conv-47-qa-101,difference_prefix,2.6874347368184797,19.252400001278147,96.8284999980824,118.76833473617904,one shared preloaded model
conv-47-qa-102,difference_prefix,2.6874347368184797,20.244200000888668,121.38110000523739,144.31273474294454,one shared preloaded model
conv-47-qa-103,difference_prefix,2.6874347368184797,21.07120000437135,207.52369999536313,231.28233473655297,one shared preloaded model
conv-47-qa-104,difference_prefix,2.6874347368184797,13.052499998593703,148.61720000044443,164.35713473585662,one shared preloaded model
conv-47-qa-105,difference_prefix,2.6874347368184797,17.491099999460857,194.46880000032252,214.64733473660186,one shared preloaded model
conv-47-qa-106,difference_prefix,2.6874347368184797,16.920299996854737,157.14860000298359,176.7563347366568,one shared preloaded model
conv-47-qa-107,difference_prefix,2.6874347368184797,20.216500000969972,243.83300000044983,266.7369347382383,one shared preloaded model
conv-47-qa-108,difference_prefix,2.6874347368184797,14.94539999839617,232.87020000134362,250.50303473655828,one shared preloaded model
conv-47-qa-109,difference_prefix,2.6874347368184797,12.923700000101235,239.28500000329223,254.89613474021195,one shared preloaded model
conv-47-qa-110,difference_prefix,2.6874347368184797,14.22189999721013,98.96730000036769,115.8766347343963,one shared preloaded model
conv-47-qa-111,difference_prefix,2.6874347368184797,16.63300000654999,397.46500000183005,416.78543474519853,one shared preloaded model
conv-47-qa-112,difference_prefix,2.6874347368184797,13.30440000310773,112.11259999981849,128.1044347397447,one shared preloaded model
conv-47-qa-113,difference_prefix,2.6874347368184797,14.217500000086147,178.18650000117486,195.0914347380795,one shared preloaded model
conv-47-qa-114,difference_prefix,2.6874347368184797,13.394699999480508,142.6902000021073,158.7723347384063,one shared preloaded model
conv-47-qa-115,difference_prefix,2.6874347368184797,20.35980000073323,322.9219999993802,345.9692347369319,one shared preloaded model
conv-47-qa-116,difference_prefix,2.6874347368184797,13.575099997979123,139.81280000007246,156.07533473487007,one shared preloaded model
conv-47-qa-117,difference_prefix,2.6874347368184797,20.509899994067382,220.33530000044266,243.53263473132853,one shared preloaded model
conv-47-qa-118,difference_prefix,2.6874347368184797,13.775899999018293,113.05420000280719,129.51753473864397,one shared preloaded model
conv-47-qa-119,difference_prefix,2.6874347368184797,20.5534999986412,217.18040000268957,240.42133473814926,one shared preloaded model
conv-47-qa-120,difference_prefix,2.6874347368184797,14.290500002971385,215.51809999800753,232.4960347377974,one shared preloaded model
conv-47-qa-121,difference_prefix,2.6874347368184797,14.784799997869413,253.6513999948511,271.123634729539,one shared preloaded model
conv-47-qa-122,difference_prefix,2.6874347368184797,17.115800001192838,189.77660000382457,209.5798347418359,one shared preloaded model
conv-47-qa-123,difference_prefix,2.6874347368184797,21.568700001807883,145.3694000010728,169.62553473969916,one shared preloaded model
conv-47-qa-124,difference_prefix,2.6874347368184797,19.19340000313241,231.98219999903813,253.86303473898903,one shared preloaded model
conv-47-qa-125,difference_prefix,2.6874347368184797,14.801899997110013,221.35749999870313,238.84683473263163,one shared preloaded model
conv-47-qa-126,difference_prefix,2.6874347368184797,13.229099997261073,212.47269999730634,228.3892347313859,one shared preloaded model
conv-47-qa-127,difference_prefix,2.6874347368184797,12.934600003063679,450.84569999744417,466.46773473732634,one shared preloaded model
conv-47-qa-128,difference_prefix,2.6874347368184797,16.69739999488229,182.43819999770494,201.82303472940572,one shared preloaded model
conv-47-qa-129,difference_prefix,2.6874347368184797,20.04540000052657,207.102100001066,229.83493473841105,one shared preloaded model
conv-47-qa-130,difference_prefix,2.6874347368184797,16.644299998006318,131.3510000036331,150.6827347384579,one shared preloaded model
conv-47-qa-131,difference_prefix,2.6874347368184797,21.234100000583567,241.01579999842215,264.9373347358242,one shared preloaded model
conv-47-qa-132,difference_prefix,2.6874347368184797,13.343900005565956,245.4864000028465,261.51773474523094,one shared preloaded model
conv-47-qa-133,difference_prefix,2.6874347368184797,16.693899997335393,201.4523999969242,220.8337347310781,one shared preloaded model
conv-47-qa-134,difference_prefix,2.6874347368184797,14.433800002734642,213.02109999669483,230.14233473624796,one shared preloaded model
conv-47-qa-135,difference_prefix,2.6874347368184797,17.895099997986108,201.37950000207638,221.96203473688098,one shared preloaded model
conv-47-qa-136,difference_prefix,2.6874347368184797,14.063499998883344,155.45929999643704,172.21023473213887,one shared preloaded model
conv-47-qa-137,difference_prefix,2.6874347368184797,21.15879999473691,183.67320000106702,207.51943473262241,one shared preloaded model
conv-47-qa-138,difference_prefix,2.6874347368184797,18.824300001142547,678.253300000506,699.765034738467,one shared preloaded model
conv-47-qa-139,difference_prefix,2.6874347368184797,14.643899994553067,283.5622999991756,300.89363473054715,one shared preloaded model
conv-47-qa-140,difference_prefix,2.6874347368184797,13.661999997566454,634.6057999980985,650.9552347324834,one shared preloaded model
conv-47-qa-141,difference_prefix,2.6874347368184797,15.181499999016523,222.7290000009816,240.59793473681663,one shared preloaded model
conv-47-qa-142,difference_prefix,2.6874347368184797,14.907299999322277,297.6338000007672,315.228534736908,one shared preloaded model
conv-47-qa-143,difference_prefix,2.6874347368184797,12.99970000400208,211.58780000405386,227.27493474487443,one shared preloaded model
conv-47-qa-144,difference_prefix,2.6874347368184797,15.172899999015499,209.4911999956821,227.3515347315161,one shared preloaded model
conv-47-qa-145,difference_prefix,2.6874347368184797,13.883199993870221,396.3701999964542,412.9408347271429,one shared preloaded model
conv-47-qa-146,difference_prefix,2.6874347368184797,14.109199997619726,252.69079999998212,269.48743473442033,one shared preloaded model
conv-47-qa-147,difference_prefix,2.6874347368184797,15.6591999984812,202.6073000015458,220.9539347368455,one shared preloaded model
conv-47-qa-148,difference_prefix,2.6874347368184797,13.188800003263168,285.4829999996582,301.35923473973986,one shared preloaded model
conv-47-qa-149,difference_prefix,2.6874347368184797,14.147999994747806,151.49319999909494,168.32863473066124,one shared preloaded model
conv-47-qa-150,difference_prefix,2.6874347368184797,19.874600002367515,216.3529000026756,238.9149347418616,one shared preloaded model
conv-47-qa-151,difference_prefix,2.6874347368184797,12.820199997804593,138.58630000322592,154.093934737849,one shared preloaded model
conv-47-qa-152,difference_prefix,2.6874347368184797,20.837900003243703,436.8555999972159,460.3809347372781,one shared preloaded model
conv-47-qa-153,difference_prefix,2.6874347368184797,15.107700004591607,180.28459999914048,198.07973474055058,one shared preloaded model
conv-47-qa-154,difference_prefix,2.6874347368184797,20.276800001738593,209.22989999962738,232.19413473818446,one shared preloaded model
conv-47-qa-155,difference_prefix,2.6874347368184797,14.785299994400702,467.0034000009764,484.4761347321956,one shared preloaded model
conv-47-qa-156,difference_prefix,2.6874347368184797,18.73580000392394,264.0962000004947,285.51943474123715,one shared preloaded model
conv-47-qa-157,difference_prefix,2.6874347368184797,13.100000003760215,222.8185999993002,238.6060347398789,one shared preloaded model
conv-47-qa-158,difference_prefix,2.6874347368184797,15.020400001958478,188.69830000039656,206.40613473917352,one shared preloaded model
conv-47-qa-159,difference_prefix,2.6874347368184797,20.078800000192132,201.9358000034117,224.70203474042233,one shared preloaded model
conv-47-qa-160,difference_prefix,2.6874347368184797,13.020200000028126,229.40389999712352,245.11153473397013,one shared preloaded model
conv-47-qa-161,difference_prefix,2.6874347368184797,13.256899997941218,223.00240000186022,238.94673473661993,one shared preloaded model
conv-47-qa-162,difference_prefix,2.6874347368184797,14.362200003233738,170.45580000558402,187.50543474563625,one shared preloaded model
conv-47-qa-163,difference_prefix,2.6874347368184797,21.725500002503395,206.69530000304803,231.10823474236992,one shared preloaded model
conv-47-qa-164,difference_prefix,2.6874347368184797,12.985900000785477,222.57060000265483,238.2439347402588,one shared preloaded model
conv-47-qa-165,difference_prefix,2.6874347368184797,12.545300000056159,219.67790000053355,234.9106347374082,one shared preloaded model
conv-47-qa-166,difference_prefix,2.6874347368184797,13.322799997695256,217.07460000470746,233.0848347392212,one shared preloaded model
conv-47-qa-167,difference_prefix,2.6874347368184797,13.01909999892814,213.49829999962822,229.20483473537485,one shared preloaded model
conv-47-qa-168,difference_prefix,2.6874347368184797,12.956600003235508,212.46640000026673,228.11043474032073,one shared preloaded model
conv-47-qa-169,difference_prefix,2.6874347368184797,12.859800001024269,155.11719999631168,170.66443473415444,one shared preloaded model
conv-47-qa-170,difference_prefix,2.6874347368184797,20.206300003337674,121.04340000223601,143.93713474239217,one shared preloaded model
conv-47-qa-171,difference_prefix,2.6874347368184797,20.535899995593354,224.43429999839282,247.65763473080466,one shared preloaded model
conv-47-qa-172,difference_prefix,2.6874347368184797,15.692199995100964,207.48699999967357,225.86663473159302,one shared preloaded model
conv-47-qa-173,difference_prefix,2.6874347368184797,13.148499994713347,202.1997000047122,218.03563473624405,one shared preloaded model
conv-47-qa-174,difference_prefix,2.6874347368184797,14.163100000587292,256.17570000031264,273.0262347377184,one shared preloaded model
conv-47-qa-175,difference_prefix,2.6874347368184797,13.710200000787154,323.8550999958534,340.252734733459,one shared preloaded model
conv-47-qa-176,difference_prefix,2.6874347368184797,17.000100000586826,159.10989999974845,178.79743473715376,one shared preloaded model
conv-47-qa-177,difference_prefix,2.6874347368184797,22.058900001866277,285.38269999990007,310.12903473858483,one shared preloaded model
conv-47-qa-178,difference_prefix,2.6874347368184797,13.677800001460128,187.07320000248728,203.4384347407659,one shared preloaded model
conv-47-qa-179,difference_prefix,2.6874347368184797,20.930099999532104,198.66780000302242,222.285334739373,one shared preloaded model
conv-47-qa-180,difference_prefix,2.6874347368184797,15.646499996364582,199.75020000129007,218.08413473447314,one shared preloaded model
conv-47-qa-181,difference_prefix,2.6874347368184797,13.50819999788655,218.98430000146618,235.17993473617122,one shared preloaded model
conv-47-qa-182,difference_prefix,2.6874347368184797,17.368799999530893,202.20400000107475,222.26023473742413,one shared preloaded model
conv-47-qa-183,difference_prefix,2.6874347368184797,15.227099996991456,285.6427000006079,303.5572347344178,one shared preloaded model
conv-47-qa-184,difference_prefix,2.6874347368184797,17.37719999800902,187.06749999546446,207.13213473029197,one shared preloaded model
conv-47-qa-185,difference_prefix,2.6874347368184797,21.469300001626834,194.29150000360096,218.44823474204628,one shared preloaded model
conv-47-qa-186,difference_prefix,2.6874347368184797,16.39419999992242,406.0444999995525,425.1261347362934,one shared preloaded model
conv-47-qa-187,difference_prefix,2.6874347368184797,13.525000002118759,248.06969999917783,264.2821347381151,one shared preloaded model
conv-47-qa-188,difference_prefix,2.6874347368184797,16.76679999945918,286.90249999635853,306.3567347326362,one shared preloaded model
conv-47-qa-189,difference_prefix,2.6874347368184797,16.98000000033062,158.6373999962234,178.3048347333725,one shared preloaded model
conv-48-qa-0,difference_prefix,2.2837736401948043,21.279099993989803,234.87999999633757,258.4428736305222,one shared preloaded model
conv-48-qa-1,difference_prefix,2.2837736401948043,14.909500001522247,192.04339999851072,209.23667364022776,one shared preloaded model
conv-48-qa-2,difference_prefix,2.2837736401948043,16.758899997512344,220.6378000046243,239.68047364233144,one shared preloaded model
conv-48-qa-3,difference_prefix,2.2837736401948043,12.123000000428874,326.5481000053114,340.9548736459351,one shared preloaded model
conv-48-qa-4,difference_prefix,2.2837736401948043,16.976700004306622,216.22690000367584,235.48737364817725,one shared preloaded model
conv-48-qa-5,difference_prefix,2.2837736401948043,13.59999999840511,219.5482999959495,235.4320736345494,one shared preloaded model
conv-48-qa-6,difference_prefix,2.2837736401948043,12.677399994572625,283.7076999931014,298.66887362786883,one shared preloaded model
conv-48-qa-7,difference_prefix,2.2837736401948043,16.66549999936251,231.8327999964822,250.7820736360395,one shared preloaded model
conv-48-qa-8,difference_prefix,2.2837736401948043,13.598500001535285,500.9533000047668,516.8355736464969,one shared preloaded model
conv-48-qa-9,difference_prefix,2.2837736401948043,12.98279999900842,220.65440000005765,235.92097363926086,one shared preloaded model
conv-48-qa-10,difference_prefix,2.2837736401948043,12.824500001443084,230.04819999914616,245.15647364078404,one shared preloaded model
conv-48-qa-11,difference_prefix,2.2837736401948043,12.120800005504861,234.9843999982113,249.38897364391096,one shared preloaded model
conv-48-qa-12,difference_prefix,2.2837736401948043,14.042499999050051,217.88090000336524,234.2071736426101,one shared preloaded model
conv-48-qa-13,difference_prefix,2.2837736401948043,14.076100000238512,430.03049999970244,446.39037364013575,one shared preloaded model
conv-48-qa-14,difference_prefix,2.2837736401948043,13.82259999809321,111.4954000004218,127.60177363870982,one shared preloaded model
conv-48-qa-15,difference_prefix,2.2837736401948043,18.462299995007925,185.4795000035665,206.22557363876922,one shared preloaded model
conv-48-qa-16,difference_prefix,2.2837736401948043,19.701099998201244,217.4684999990859,239.45337363748195,one shared preloaded model
conv-48-qa-17,difference_prefix,2.2837736401948043,15.916399999696296,325.1315999950748,343.3317736349659,one shared preloaded model
conv-48-qa-18,difference_prefix,2.2837736401948043,15.512099998886697,217.6275000019814,235.42337364106288,one shared preloaded model
conv-48-qa-19,difference_prefix,2.2837736401948043,12.669700001424644,229.62659999757307,244.5800736391925,one shared preloaded model
conv-48-qa-20,difference_prefix,2.2837736401948043,12.991700001293793,119.07579999387963,134.35127363536822,one shared preloaded model
conv-48-qa-21,difference_prefix,2.2837736401948043,14.311999999335967,138.16940000106115,154.7651736405919,one shared preloaded model
conv-48-qa-22,difference_prefix,2.2837736401948043,19.99249999789754,477.04309999971883,499.31937363781117,one shared preloaded model
conv-48-qa-23,difference_prefix,2.2837736401948043,18.200799997430295,209.72120000078576,230.20577363841085,one shared preloaded model
conv-48-qa-24,difference_prefix,2.2837736401948043,15.328300003602635,209.18019999953685,226.79227364333428,one shared preloaded model
conv-48-qa-25,difference_prefix,2.2837736401948043,12.43129999784287,216.84690000256523,231.5619736406029,one shared preloaded model
conv-48-qa-26,difference_prefix,2.2837736401948043,14.181700003973674,210.54179999919143,227.0072736433599,one shared preloaded model
conv-48-qa-27,difference_prefix,2.2837736401948043,14.307999997981824,310.50690000120085,327.09867363937747,one shared preloaded model
conv-48-qa-28,difference_prefix,2.2837736401948043,17.86079999874346,228.19470000104047,248.33927363997873,one shared preloaded model
conv-48-qa-29,difference_prefix,2.2837736401948043,13.845600005879533,216.08009999908973,232.20947364516405,one shared preloaded model
conv-48-qa-30,difference_prefix,2.2837736401948043,13.105499994708225,347.7167999953963,363.1060736302993,one shared preloaded model
conv-48-qa-31,difference_prefix,2.2837736401948043,16.596200002823025,161.49230000155512,180.37227364457294,one shared preloaded model
conv-48-qa-32,difference_prefix,2.2837736401948043,20.04290000331821,118.51710000337334,140.84377364688635,one shared preloaded model
conv-48-qa-33,difference_prefix,2.2837736401948043,20.015699999930803,208.53440000064438,230.83387364076998,one shared preloaded model
conv-48-qa-34,difference_prefix,2.2837736401948043,18.2961999962572,223.49589999794262,244.0758736343946,one shared preloaded model
conv-48-qa-35,difference_prefix,2.2837736401948043,13.760599998931866,340.8622999995714,356.90667363869807,one shared preloaded model
conv-48-qa-36,difference_prefix,2.2837736401948043,13.39929999812739,190.9139999988838,206.597073637206,one shared preloaded model
conv-48-qa-37,difference_prefix,2.2837736401948043,20.456199999898672,472.70990000106394,495.4498736411574,one shared preloaded model
conv-48-qa-38,difference_prefix,2.2837736401948043,14.449800000875257,316.77920000220183,333.5127736432719,one shared preloaded model
conv-48-qa-39,difference_prefix,2.2837736401948043,16.923000002861954,248.1541000015568,267.36087364461355,one shared preloaded model
conv-48-qa-40,difference_prefix,2.2837736401948043,18.2109000015771,229.71469999902183,250.20937364079373,one shared preloaded model
conv-48-qa-41,difference_prefix,2.2837736401948043,12.717300000076648,470.5958999984432,485.59697363871464,one shared preloaded model
conv-48-qa-42,difference_prefix,2.2837736401948043,16.906500000914093,175.90170000039507,195.09197364150396,one shared preloaded model
conv-48-qa-43,difference_prefix,2.2837736401948043,15.376999996078666,226.77139999723295,244.4321736335064,one shared preloaded model
conv-48-qa-44,difference_prefix,2.2837736401948043,13.618299999507144,210.1464000006672,226.04847364036914,one shared preloaded model
conv-48-qa-45,difference_prefix,2.2837736401948043,12.420899998687673,227.36340000119526,242.06807364007773,one shared preloaded model
conv-48-qa-46,difference_prefix,2.2837736401948043,13.121700001647696,180.19899999490008,195.60447363674257,one shared preloaded model
conv-48-qa-47,difference_prefix,2.2837736401948043,15.736699999251869,307.9364000004716,325.9568736399183,one shared preloaded model
conv-48-qa-48,difference_prefix,2.2837736401948043,17.858800005342346,198.252300004242,218.39487364977913,one shared preloaded model
conv-48-qa-49,difference_prefix,2.2837736401948043,13.171300000976771,160.63759999815375,176.0926736393253,one shared preloaded model
conv-48-qa-50,difference_prefix,2.2837736401948043,13.33380000141915,225.07869999390095,240.6962736355149,one shared preloaded model
conv-48-qa-51,difference_prefix,2.2837736401948043,15.400800002680626,500.6481000018539,518.3326736447293,one shared preloaded model
conv-48-qa-52,difference_prefix,2.2837736401948043,17.864100002043415,196.83509999595117,216.98297363818938,one shared preloaded model
conv-48-qa-53,difference_prefix,2.2837736401948043,15.899799996986985,154.69970000413014,172.88327364131192,one shared preloaded model
conv-48-qa-54,difference_prefix,2.2837736401948043,20.05769999959739,216.15569999994477,238.49717363973696,one shared preloaded model
conv-48-qa-55,difference_prefix,2.2837736401948043,14.51969999470748,197.23979999980656,214.04327363470884,one shared preloaded model
conv-48-qa-56,difference_prefix,2.2837736401948043,13.657299998158123,357.4005999980727,373.34167363642564,one shared preloaded model
conv-48-qa-57,difference_prefix,2.2837736401948043,18.05179999792017,199.65570000204025,219.9912736401552,one shared preloaded model
conv-48-qa-58,difference_prefix,2.2837736401948043,12.880100002803374,229.53460000280757,244.69847364580573,one shared preloaded model
conv-48-qa-59,difference_prefix,2.2837736401948043,12.227799998072442,216.7394999996759,231.25107363794314,one shared preloaded model
conv-48-qa-60,difference_prefix,2.2837736401948043,13.997900001413655,330.43769999494543,346.7193736365539,one shared preloaded model
conv-48-qa-61,difference_prefix,2.2837736401948043,13.652100002218504,216.44829999422655,232.38417363663984,one shared preloaded model
conv-48-qa-62,difference_prefix,2.2837736401948043,12.180199999420438,390.22449999902165,404.6884736386369,one shared preloaded model
conv-48-qa-63,difference_prefix,2.2837736401948043,16.240700002526864,120.48499999946216,139.00947364218382,one shared preloaded model
conv-48-qa-64,difference_prefix,2.2837736401948043,15.144500001042616,121.18439999903785,138.61267364027526,one shared preloaded model
conv-48-qa-65,difference_prefix,2.2837736401948043,17.211299993505236,213.35690000705654,232.85197364075657,one shared preloaded model
conv-48-qa-66,difference_prefix,2.2837736401948043,15.774599996802863,504.1565999999875,522.2149736369852,one shared preloaded model
conv-48-qa-67,difference_prefix,2.2837736401948043,13.35250000556698,246.73369999800343,262.3699736437652,one shared preloaded model
conv-48-qa-68,difference_prefix,2.2837736401948043,14.487000000372063,228.2545999987633,245.02537363933016,one shared preloaded model
conv-48-qa-69,difference_prefix,2.2837736401948043,12.91260000289185,103.21499999554362,118.41137363863028,one shared preloaded model
conv-48-qa-70,difference_prefix,2.2837736401948043,20.128399999521207,218.39819999877363,240.81037363848964,one shared preloaded model
conv-48-qa-71,difference_prefix,2.2837736401948043,12.465400002838578,477.7530999999726,492.502273643006,one shared preloaded model
conv-48-qa-72,difference_prefix,2.2837736401948043,17.549900003359653,355.1939999961178,375.02767363967223,one shared preloaded model
conv-48-qa-73,difference_prefix,2.2837736401948043,13.268199996673502,227.0589000036125,242.6108736404808,one shared preloaded model
conv-48-qa-74,difference_prefix,2.2837736401948043,14.891699996951502,511.749500001315,528.9249736384613,one shared preloaded model
conv-48-qa-75,difference_prefix,2.2837736401948043,12.971899996045977,349.2046000028495,364.46027363909025,one shared preloaded model
conv-48-qa-76,difference_prefix,2.2837736401948043,13.430800005153287,332.08539999759523,347.7999736429433,one shared preloaded model
conv-48-qa-77,difference_prefix,2.2837736401948043,14.172300005157012,100.88309999991907,117.33917364527089,one shared preloaded model
conv-48-qa-78,difference_prefix,2.2837736401948043,17.980600001465064,213.8152000043192,234.07957364597905,one shared preloaded model
conv-48-qa-79,difference_prefix,2.2837736401948043,12.745699998049531,104.17969999980414,119.20917363804848,one shared preloaded model
conv-48-qa-80,difference_prefix,2.2837736401948043,19.64130000123987,219.07220000139205,240.9972736428267,one shared preloaded model
conv-48-qa-81,difference_prefix,2.2837736401948043,16.55190000019502,208.87709999806248,227.7127736384523,one shared preloaded model
conv-48-qa-82,difference_prefix,2.2837736401948043,12.742700004309881,98.6648999969475,113.69137364145219,one shared preloaded model
conv-48-qa-83,difference_prefix,2.2837736401948043,20.936300003086217,215.72439999727067,238.94447364055168,one shared preloaded model
conv-48-qa-84,difference_prefix,2.2837736401948043,13.024899999436457,215.16569999948842,230.47437363911968,one shared preloaded model
conv-48-qa-85,difference_prefix,2.2837736401948043,13.297499994223472,142.99670000036713,158.5779736347854,one shared preloaded model
conv-48-qa-86,difference_prefix,2.2837736401948043,16.736500001570676,136.3439000051585,155.36417364692397,one shared preloaded model
conv-48-qa-87,difference_prefix,2.2837736401948043,19.785399999818765,227.4870000037481,249.55617364376167,one shared preloaded model
conv-48-qa-88,difference_prefix,2.2837736401948043,16.573299995798152,470.3374000018812,489.1944736378741,one shared preloaded model
conv-48-qa-89,difference_prefix,2.2837736401948043,18.099099994287826,214.30469999904744,234.68757363353006,one shared preloaded model
conv-48-qa-90,difference_prefix,2.2837736401948043,14.875900000333786,209.64770000136923,226.8073736418978,one shared preloaded model
conv-48-qa-91,difference_prefix,2.2837736401948043,13.824499998008832,194.8844999933499,210.99277363155352,one shared preloaded model
conv-48-qa-92,difference_prefix,2.2837736401948043,15.417200003867038,217.86969999811845,235.57067364218028,one shared preloaded model
conv-48-qa-93,difference_prefix,2.2837736401948043,14.351400001032744,228.3813000030932,245.01647364432074,one shared preloaded model
conv-48-qa-94,difference_prefix,2.2837736401948043,12.7169999977923,373.95919999835314,388.95997363634024,one shared preloaded model
conv-48-qa-95,difference_prefix,2.2837736401948043,16.959200002020225,125.06929999653948,144.3122736387545,one shared preloaded model
conv-48-qa-96,difference_prefix,2.2837736401948043,20.28259999497095,239.89330000040354,262.4596736355693,one shared preloaded model
conv-48-qa-97,difference_prefix,2.2837736401948043,14.482400001725182,110.30269999901066,127.06887364093065,one shared preloaded model
conv-48-qa-98,difference_prefix,2.2837736401948043,18.67090000450844,352.3343999986537,373.2890736433569,one shared preloaded model
conv-48-qa-99,difference_prefix,2.2837736401948043,15.086100000189617,511.8094999997993,529.1793736401837,one shared preloaded model
conv-48-qa-100,difference_prefix,2.2837736401948043,13.498000000254251,231.21379999793135,246.9955736383804,one shared preloaded model
conv-48-qa-101,difference_prefix,2.2837736401948043,15.336299999034964,220.99460000026738,238.61467363949714,one shared preloaded model
conv-48-qa-102,difference_prefix,2.2837736401948043,15.960199998517055,228.14590000052704,246.38987363923889,one shared preloaded model
conv-48-qa-103,difference_prefix,2.2837736401948043,14.050699996005278,476.7054999974789,493.039973633679,one shared preloaded model
conv-48-qa-104,difference_prefix,2.2837736401948043,19.134200003463775,176.43990000215126,197.85787364580983,one shared preloaded model
conv-48-qa-105,difference_prefix,2.2837736401948043,17.42569999623811,267.140300005849,286.8497736422819,one shared preloaded model
conv-48-qa-106,difference_prefix,2.2837736401948043,14.5702000008896,191.0409999982221,207.8949736393065,one shared preloaded model
conv-48-qa-107,difference_prefix,2.2837736401948043,20.9337999986019,132.94789999781642,156.16547363661311,one shared preloaded model
conv-48-qa-108,difference_prefix,2.2837736401948043,15.74790000449866,560.3417000020272,578.3733736467207,one shared preloaded model
conv-48-qa-109,difference_prefix,2.2837736401948043,17.646499996772036,214.30260000488488,234.2328736418517,one shared preloaded model
conv-48-qa-110,difference_prefix,2.2837736401948043,13.769700002740137,411.4065000030678,427.4599736460027,one shared preloaded model
conv-48-qa-111,difference_prefix,2.2837736401948043,18.33710000209976,572.5071000051685,593.127973647463,one shared preloaded model
conv-48-qa-112,difference_prefix,2.2837736401948043,17.95529999799328,282.7247000022908,302.96377364047885,one shared preloaded model
conv-48-qa-113,difference_prefix,2.2837736401948043,13.74000000214437,327.30520000040997,343.32897364274913,one shared preloaded model
conv-48-qa-114,difference_prefix,2.2837736401948043,17.579599996679462,220.79590000066673,240.659273637541,one shared preloaded model
conv-48-qa-115,difference_prefix,2.2837736401948043,14.53649999893969,192.51559999975143,209.33587363888591,one shared preloaded model
conv-48-qa-116,difference_prefix,2.2837736401948043,19.23949999763863,203.112000002875,224.63527364070842,one shared preloaded model
conv-48-qa-117,difference_prefix,2.2837736401948043,13.604100000520702,454.90939999581315,470.79727363652864,one shared preloaded model
conv-48-qa-118,difference_prefix,2.2837736401948043,13.568800000939518,148.19400000124006,164.04657364237437,one shared preloaded model
conv-48-qa-119,difference_prefix,2.2837736401948043,19.95549999992363,190.408499998739,212.64777363885742,one shared preloaded model
conv-48-qa-120,difference_prefix,2.2837736401948043,21.372200004407205,591.8361000003642,615.4920736449662,one shared preloaded model
conv-48-qa-121,difference_prefix,2.2837736401948043,14.020599999639671,285.5368999953498,301.8412736351843,one shared preloaded model
conv-48-qa-122,difference_prefix,2.2837736401948043,18.828899999789428,231.73120000137715,252.84387364136137,one shared preloaded model
conv-48-qa-123,difference_prefix,2.2837736401948043,13.770199999271426,251.74800000240793,267.80197364187416,one shared preloaded model
conv-48-qa-124,difference_prefix,2.2837736401948043,17.385099999955855,229.01699999783887,248.68587363798952,one shared preloaded model
conv-48-qa-125,difference_prefix,2.2837736401948043,13.04139999410836,170.8278000005521,186.15297363485524,one shared preloaded model
conv-48-qa-126,difference_prefix,2.2837736401948043,20.64329999848269,362.6273999980185,385.554473636696,one shared preloaded model
conv-48-qa-127,difference_prefix,2.2837736401948043,15.236800005368423,381.08590000047116,398.6064736460344,one shared preloaded model
conv-48-qa-128,difference_prefix,2.2837736401948043,17.189999998663552,119.31080000067595,138.7845736395343,one shared preloaded model
conv-48-qa-129,difference_prefix,2.2837736401948043,13.773200000287034,132.69470000523143,148.75167364571325,one shared preloaded model
conv-48-qa-130,difference_prefix,2.2837736401948043,20.533399998384994,333.1991000013659,356.01627363994567,one shared preloaded model
conv-48-qa-131,difference_prefix,2.2837736401948043,17.414199995982926,137.97180000256049,157.6697736387382,one shared preloaded model
conv-48-qa-132,difference_prefix,2.2837736401948043,19.521800000802614,187.6510000001872,209.4565736411846,one shared preloaded model
conv-48-qa-133,difference_prefix,2.2837736401948043,20.474899996770546,299.1134999974747,321.87217363444006,one shared preloaded model
conv-48-qa-134,difference_prefix,2.2837736401948043,13.94570000411477,173.9919999963604,190.22147364066996,one shared preloaded model
conv-48-qa-135,difference_prefix,2.2837736401948043,18.035600005532615,151.3115999987349,171.6309736444623,one shared preloaded model
conv-48-qa-136,difference_prefix,2.2837736401948043,19.83479999762494,206.58879999973578,228.70737363755552,one shared preloaded model
conv-48-qa-137,difference_prefix,2.2837736401948043,14.269500003138091,163.74419999920065,180.29747364253353,one shared preloaded model
conv-48-qa-138,difference_prefix,2.2837736401948043,13.820800006214995,306.45199999707984,322.5565736434896,one shared preloaded model
conv-48-qa-139,difference_prefix,2.2837736401948043,14.866299999994226,304.66940000042086,321.8194736406099,one shared preloaded model
conv-48-qa-140,difference_prefix,2.2837736401948043,15.02319999417523,107.6284000009764,124.93537363534644,one shared preloaded model
conv-48-qa-141,difference_prefix,2.2837736401948043,18.2792999985395,112.65799999819137,133.22107363692567,one shared preloaded model
conv-48-qa-142,difference_prefix,2.2837736401948043,21.529099998588208,147.77690000482835,171.58977364361135,one shared preloaded model
conv-48-qa-143,difference_prefix,2.2837736401948043,21.367400004237425,198.00329999998212,221.65447364441434,one shared preloaded model
conv-48-qa-144,difference_prefix,2.2837736401948043,13.707300000532996,1461.524600003031,1477.5156736437589,one shared preloaded model
conv-48-qa-145,difference_prefix,2.2837736401948043,13.977700000395998,149.75050000066403,166.01197364125483,one shared preloaded model
conv-48-qa-146,difference_prefix,2.2837736401948043,20.163199995295145,196.03320000169333,218.48017363718327,one shared preloaded model
conv-48-qa-147,difference_prefix,2.2837736401948043,14.257599999837112,130.7507999954396,147.2921736354715,one shared preloaded model
conv-48-qa-148,difference_prefix,2.2837736401948043,15.572200005408376,156.04769999481505,173.90367364041822,one shared preloaded model
conv-48-qa-149,difference_prefix,2.2837736401948043,20.195700002659578,275.178900003084,297.65837364593835,one shared preloaded model
conv-48-qa-150,difference_prefix,2.2837736401948043,18.27649999904679,218.38260000367882,238.9428736429204,one shared preloaded model
conv-48-qa-151,difference_prefix,2.2837736401948043,13.118800001393538,138.25359999464126,153.6561736362296,one shared preloaded model
conv-48-qa-152,difference_prefix,2.2837736401948043,21.22080000117421,381.8451000042842,405.3496736456532,one shared preloaded model
conv-48-qa-153,difference_prefix,2.2837736401948043,13.929699998698197,226.1350999979186,242.34857363681158,one shared preloaded model
conv-48-qa-154,difference_prefix,2.2837736401948043,16.95800000015879,170.50020000169752,189.7419736420511,one shared preloaded model
conv-48-qa-155,difference_prefix,2.2837736401948043,20.044600001710933,198.53739999962272,220.86577364152845,one shared preloaded model
conv-48-qa-156,difference_prefix,2.2837736401948043,12.844400000176392,224.2069999992964,239.33517363966757,one shared preloaded model
conv-48-qa-157,difference_prefix,2.2837736401948043,13.835500001732726,146.7181999978493,162.83747363977682,one shared preloaded model
conv-48-qa-158,difference_prefix,2.2837736401948043,20.789100002730265,231.0661000010441,254.13897364396917,one shared preloaded model
conv-48-qa-159,difference_prefix,2.2837736401948043,12.987499998416752,365.56410000048345,380.835373639095,one shared preloaded model
conv-48-qa-160,difference_prefix,2.2837736401948043,17.486999997345265,208.42280000215396,228.19357363969402,one shared preloaded model
conv-48-qa-161,difference_prefix,2.2837736401948043,15.44339999963995,167.51079999812646,185.2379736379612,one shared preloaded model
conv-48-qa-162,difference_prefix,2.2837736401948043,22.314299996651243,255.52349999634316,280.1215736331892,one shared preloaded model
conv-48-qa-163,difference_prefix,2.2837736401948043,16.66490000206977,362.05169999448117,381.00037363674573,one shared preloaded model
conv-48-qa-164,difference_prefix,2.2837736401948043,12.429200003680307,110.05829999339767,124.77127363727278,one shared preloaded model
conv-48-qa-165,difference_prefix,2.2837736401948043,20.82489999884274,133.498299997882,156.60697363691952,one shared preloaded model
conv-48-qa-166,difference_prefix,2.2837736401948043,20.01689999451628,201.03499999822816,223.33567363293923,one shared preloaded model
conv-48-qa-167,difference_prefix,2.2837736401948043,14.946099996450357,165.79900000215275,183.0288736387979,one shared preloaded model
conv-48-qa-168,difference_prefix,2.2837736401948043,21.093600000313018,218.1672000006074,241.54457364111522,one shared preloaded model
conv-48-qa-169,difference_prefix,2.2837736401948043,13.645099999848753,236.7314000002807,252.66027364032425,one shared preloaded model
conv-48-qa-170,difference_prefix,2.2837736401948043,14.504400001897011,383.67240000661695,400.46057364870876,one shared preloaded model
conv-48-qa-171,difference_prefix,2.2837736401948043,13.661600001796614,120.24739999469602,136.19277363668743,one shared preloaded model
conv-48-qa-172,difference_prefix,2.2837736401948043,17.999399999098387,840.2847999968799,860.5679736361731,one shared preloaded model
conv-48-qa-173,difference_prefix,2.2837736401948043,17.31199999630917,200.75370000267867,220.34947363918263,one shared preloaded model
conv-48-qa-174,difference_prefix,2.2837736401948043,13.339699995412957,223.17610000027344,238.7995736358812,one shared preloaded model
conv-48-qa-175,difference_prefix,2.2837736401948043,17.82459999958519,212.1848000024329,232.29317364221288,one shared preloaded model
conv-48-qa-176,difference_prefix,2.2837736401948043,15.401899996504653,385.45909999811556,403.144773634815,one shared preloaded model
conv-48-qa-177,difference_prefix,2.2837736401948043,12.921099994855467,211.25769999343902,226.46257362848928,one shared preloaded model
conv-48-qa-178,difference_prefix,2.2837736401948043,13.900500001909677,399.5165999949677,415.70087363707216,one shared preloaded model
conv-48-qa-179,difference_prefix,2.2837736401948043,14.974399993661791,222.64150000410154,239.89967363795813,one shared preloaded model
conv-48-qa-180,difference_prefix,2.2837736401948043,14.953899997635745,126.7463999975007,143.98407363533124,one shared preloaded model
conv-48-qa-181,difference_prefix,2.2837736401948043,19.831999998132233,212.73650000512134,234.85227364344837,one shared preloaded model
conv-48-qa-182,difference_prefix,2.2837736401948043,16.361400004825555,345.171200002369,363.81637364738936,one shared preloaded model
conv-48-qa-183,difference_prefix,2.2837736401948043,14.873000000079628,262.24830000137445,279.40507364164887,one shared preloaded model
conv-48-qa-184,difference_prefix,2.2837736401948043,17.24599999579368,213.34310000383994,232.8728736398284,one shared preloaded model
conv-48-qa-185,difference_prefix,2.2837736401948043,12.373799996566959,102.17380000540288,116.83137364216465,one shared preloaded model
conv-48-qa-186,difference_prefix,2.2837736401948043,18.537899995862972,218.44850000343286,239.27017363949062,one shared preloaded model
conv-48-qa-187,difference_prefix,2.2837736401948043,13.690699997823685,135.75029999628896,151.72477363430744,one shared preloaded model
conv-48-qa-188,difference_prefix,2.2837736401948043,20.18800000223564,210.36499999900116,232.8367736414316,one shared preloaded model
conv-48-qa-189,difference_prefix,2.2837736401948043,13.389600004302338,152.3516999950516,168.02507363954874,one shared preloaded model
conv-48-qa-190,difference_prefix,2.2837736401948043,17.269999996642582,320.0949000020046,339.64867363884196,one shared preloaded model
conv-48-qa-191,difference_prefix,2.2837736401948043,18.127800001821015,233.64170000422746,254.05327364624327,one shared preloaded model
conv-48-qa-192,difference_prefix,2.2837736401948043,17.075700001441874,194.25809999665944,213.6175736382961,one shared preloaded model
conv-48-qa-193,difference_prefix,2.2837736401948043,17.290999996475875,227.97880000143778,247.55357363810845,one shared preloaded model
conv-48-qa-194,difference_prefix,2.2837736401948043,17.04809999500867,202.07810000283644,221.4099736380399,one shared preloaded model
conv-48-qa-195,difference_prefix,2.2837736401948043,14.126499998383224,220.25749999738764,236.66777363596566,one shared preloaded model
conv-48-qa-196,difference_prefix,2.2837736401948043,12.598099994647782,493.40749999828404,508.2893736331266,one shared preloaded model
conv-48-qa-197,difference_prefix,2.2837736401948043,13.361999997869134,196.60580000345362,212.25157364151755,one shared preloaded model
conv-48-qa-198,difference_prefix,2.2837736401948043,14.27749999857042,460.78639999905135,477.34767363781657,one shared preloaded model
conv-48-qa-199,difference_prefix,2.2837736401948043,18.39339999423828,230.18769999907818,250.86487363351125,one shared preloaded model
conv-48-qa-200,difference_prefix,2.2837736401948043,14.077100000577047,276.5161999996053,292.87707364037715,one shared preloaded model
conv-48-qa-201,difference_prefix,2.2837736401948043,17.811300000175834,218.34400000079768,238.4390736411683,one shared preloaded model
conv-48-qa-202,difference_prefix,2.2837736401948043,12.540700001409277,298.0911999984528,312.91567364005687,one shared preloaded model
conv-48-qa-203,difference_prefix,2.2837736401948043,13.431400002446026,216.3929000016651,232.10807364430593,one shared preloaded model
conv-48-qa-204,difference_prefix,2.2837736401948043,14.817399998719338,274.1128999987268,291.2140736376409,one shared preloaded model
conv-48-qa-205,difference_prefix,2.2837736401948043,13.843199994880706,240.13710000144783,256.26407363652334,one shared preloaded model
conv-48-qa-206,difference_prefix,2.2837736401948043,13.504100003046915,212.65959999436745,228.44747363760916,one shared preloaded model
conv-48-qa-207,difference_prefix,2.2837736401948043,13.51779999822611,238.74699999578297,254.54857363420388,one shared preloaded model
conv-48-qa-208,difference_prefix,2.2837736401948043,14.319500005512964,151.27089999441523,167.874173640123,one shared preloaded model
conv-48-qa-209,difference_prefix,2.2837736401948043,20.25329999742098,213.86410000559408,236.40117364320986,one shared preloaded model
conv-48-qa-210,difference_prefix,2.2837736401948043,18.89590000064345,622.8494000024511,644.0290736432894,one shared preloaded model
conv-48-qa-211,difference_prefix,2.2837736401948043,17.377800002577715,229.5155000028899,249.1770736456624,one shared preloaded model
conv-48-qa-212,difference_prefix,2.2837736401948043,12.953299999935552,147.02029999898514,162.25737363911549,one shared preloaded model
conv-48-qa-213,difference_prefix,2.2837736401948043,21.526600001379848,235.094299998309,258.90467363988364,one shared preloaded model
conv-48-qa-214,difference_prefix,2.2837736401948043,17.652199996518902,237.6795000018319,257.6154736385456,one shared preloaded model
conv-48-qa-215,difference_prefix,2.2837736401948043,13.97999999608146,160.70540000509936,176.96917364137562,one shared preloaded model
conv-48-qa-216,difference_prefix,2.2837736401948043,12.70690000092145,346.5691000019433,361.55977364305954,one shared preloaded model
conv-48-qa-217,difference_prefix,2.2837736401948043,14.258700000937097,138.5625000038999,155.1049736450318,one shared preloaded model
conv-48-qa-218,difference_prefix,2.2837736401948043,14.810400003625546,99.60229999705916,116.69647364087952,one shared preloaded model
conv-48-qa-219,difference_prefix,2.2837736401948043,21.24319999711588,216.10230000078445,239.62927363809513,one shared preloaded model
conv-48-qa-220,difference_prefix,2.2837736401948043,13.564800006861333,194.66490000195336,210.51347364900948,one shared preloaded model
conv-48-qa-221,difference_prefix,2.2837736401948043,19.891199997800868,491.9949999966775,514.1699736346732,one shared preloaded model
conv-48-qa-222,difference_prefix,2.2837736401948043,17.494500003522262,190.33769999805372,210.11597364177078,one shared preloaded model
conv-48-qa-223,difference_prefix,2.2837736401948043,20.083600000361912,220.8180000016,243.18537364215672,one shared preloaded model
conv-48-qa-224,difference_prefix,2.2837736401948043,13.944500002253335,161.9799999971292,178.20827363957733,one shared preloaded model
conv-48-qa-225,difference_prefix,2.2837736401948043,20.34970000386238,336.42069999768864,359.0541736417458,one shared preloaded model
conv-48-qa-226,difference_prefix,2.2837736401948043,17.559499996423256,208.827200003725,228.67047364034306,one shared preloaded model
conv-48-qa-227,difference_prefix,2.2837736401948043,13.70619999943301,142.62939999753144,158.61937363715924,one shared preloaded model
conv-48-qa-228,difference_prefix,2.2837736401948043,20.08150000619935,220.89129999949364,243.25657364588778,one shared preloaded model
conv-48-qa-229,difference_prefix,2.2837736401948043,13.329400004295167,387.14539999637054,402.7585736408605,one shared preloaded model
conv-48-qa-230,difference_prefix,2.2837736401948043,18.013999993854668,121.85909999971045,142.15687363375991,one shared preloaded model
conv-48-qa-231,difference_prefix,2.2837736401948043,21.28880000236677,848.1130000000121,871.6855736425737,one shared preloaded model
conv-48-qa-232,difference_prefix,2.2837736401948043,17.065800006093923,203.6556000020937,223.00517364838242,one shared preloaded model
conv-48-qa-233,difference_prefix,2.2837736401948043,12.145599997893441,210.72950000234414,225.15887364043238,one shared preloaded model
conv-48-qa-234,difference_prefix,2.2837736401948043,14.144900000246707,223.91200000129174,240.34067364173325,one shared preloaded model
conv-48-qa-235,difference_prefix,2.2837736401948043,18.305099998542573,222.41609999764478,243.00497363638215,one shared preloaded model
conv-48-qa-236,difference_prefix,2.2837736401948043,14.761500002350658,134.61300000199117,151.65827364453662,one shared preloaded model
conv-48-qa-237,difference_prefix,2.2837736401948043,21.36140000220621,460.2468999946723,483.8920736370733,one shared preloaded model
conv-48-qa-238,difference_prefix,2.2837736401948043,17.49460000428371,211.74420000170358,231.52257364618208,one shared preloaded model
conv-49-qa-0,difference_prefix,1.5450744897917708,20.738600003824104,167.59750000346685,189.88117449708272,one shared preloaded model
conv-49-qa-1,difference_prefix,1.5450744897917708,17.113699999754317,220.73039999668254,239.38917448622863,one shared preloaded model
conv-49-qa-2,difference_prefix,1.5450744897917708,14.029199999640696,144.3744999996852,159.94877448911768,one shared preloaded model
conv-49-qa-3,difference_prefix,1.5450744897917708,19.65780000318773,118.42279999837046,139.62567449134997,one shared preloaded model
conv-49-qa-4,difference_prefix,1.5450744897917708,20.02179999544751,186.51179999869782,208.0786744839371,one shared preloaded model
conv-49-qa-5,difference_prefix,1.5450744897917708,20.083299998077564,121.60489999951096,143.2332744873803,one shared preloaded model
conv-49-qa-6,difference_prefix,1.5450744897917708,17.97899999655783,95.2982000017073,114.8222744880569,one shared preloaded model
conv-49-qa-7,difference_prefix,1.5450744897917708,20.021999996970408,121.24649999896064,142.81357448572282,one shared preloaded model
conv-49-qa-8,difference_prefix,1.5450744897917708,20.503499996266328,232.00899999937974,254.05757448543784,one shared preloaded model
conv-49-qa-9,difference_prefix,1.5450744897917708,13.274100005219225,479.0094999989378,493.8286744939488,one shared preloaded model
conv-49-qa-10,difference_prefix,1.5450744897917708,15.31099999556318,252.1266999974614,268.98277448281635,one shared preloaded model
conv-49-qa-11,difference_prefix,1.5450744897917708,14.69599999836646,218.16989999933867,234.4109744874969,one shared preloaded model
conv-49-qa-12,difference_prefix,1.5450744897917708,13.359800002945121,504.6710000024177,519.5758744951546,one shared preloaded model
conv-49-qa-13,difference_prefix,1.5450744897917708,18.154800003685523,332.65890000620857,352.35877449968586,one shared preloaded model
conv-49-qa-14,difference_prefix,1.5450744897917708,13.35819999803789,214.76909999910276,229.67237448693243,one shared preloaded model
conv-49-qa-15,difference_prefix,1.5450744897917708,13.97450000513345,209.26719999988563,224.78677449481086,one shared preloaded model
conv-49-qa-16,difference_prefix,1.5450744897917708,13.611599999421742,148.3220000009169,163.4786744901304,one shared preloaded model
conv-49-qa-17,difference_prefix,1.5450744897917708,19.90780000051018,524.6712000007392,546.1240744910411,one shared preloaded model
conv-49-qa-18,difference_prefix,1.5450744897917708,17.198900000948925,329.92680000461405,348.67077449535475,one shared preloaded model
conv-49-qa-19,difference_prefix,1.5450744897917708,18.025899997155648,565.5361999961315,585.1071744830789,one shared preloaded model
conv-49-qa-20,difference_prefix,1.5450744897917708,18.34450000023935,165.88649999903282,185.77607448906394,one shared preloaded model
conv-49-qa-21,difference_prefix,1.5450744897917708,20.796700002392754,121.0406000027433,143.38237449492783,one shared preloaded model
conv-49-qa-22,difference_prefix,1.5450744897917708,12.126800000260118,207.3815999974613,221.0534744875132,one shared preloaded model
conv-49-qa-23,difference_prefix,1.5450744897917708,12.923499998578336,537.564400001429,552.0329744897991,one shared preloaded model
conv-49-qa-24,difference_prefix,1.5450744897917708,13.317899996764027,140.96270000300137,155.82567448955717,one shared preloaded model
conv-49-qa-25,difference_prefix,1.5450744897917708,20.093599996471312,232.9886000006809,254.62727448694397,one shared preloaded model
conv-49-qa-26,difference_prefix,1.5450744897917708,12.920400004077237,170.72050000570016,185.18597449956917,one shared preloaded model
conv-49-qa-27,difference_prefix,1.5450744897917708,16.949800003203563,158.38249999796972,176.87737449096505,one shared preloaded model
conv-49-qa-28,difference_prefix,1.5450744897917708,20.79260000027716,469.8465999972541,492.184274487323,one shared preloaded model
conv-49-qa-29,difference_prefix,1.5450744897917708,18.39499999914551,202.7885999996215,222.7286744885588,one shared preloaded model
conv-49-qa-30,difference_prefix,1.5450744897917708,12.997199999517761,326.42829999531386,340.9705744846234,one shared preloaded model
conv-49-qa-31,difference_prefix,1.5450744897917708,16.84920000116108,213.93259999604197,232.32687448699483,one shared preloaded model
conv-49-qa-32,difference_prefix,1.5450744897917708,12.569700003950857,219.88899999996647,234.0037744937091,one shared preloaded model
conv-49-qa-33,difference_prefix,1.5450744897917708,16.94639999914216,282.08180000365246,300.5732744925864,one shared preloaded model
conv-49-qa-34,difference_prefix,1.5450744897917708,12.739699996018317,225.07839999889256,239.36317448470265,one shared preloaded model
conv-49-qa-35,difference_prefix,1.5450744897917708,14.244499994674698,337.9357000012533,353.72527448571975,one shared preloaded model
conv-49-qa-36,difference_prefix,1.5450744897917708,15.350699999544304,204.43649999651825,221.33227448585433,one shared preloaded model
conv-49-qa-37,difference_prefix,1.5450744897917708,13.49619999382412,221.64239999983693,236.68367448345282,one shared preloaded model
conv-49-qa-38,difference_prefix,1.5450744897917708,13.01900000544265,464.8403999963193,479.40447449155374,one shared preloaded model
conv-49-qa-39,difference_prefix,1.5450744897917708,14.123599998129066,118.24939999496564,133.91807448288648,one shared preloaded model
conv-49-qa-40,difference_prefix,1.5450744897917708,20.145000002230518,317.72049999563023,339.4105744876525,one shared preloaded model
conv-49-qa-41,difference_prefix,1.5450744897917708,16.00460000190651,227.2305000005872,244.78017449228548,one shared preloaded model
conv-49-qa-42,difference_prefix,1.5450744897917708,13.706600002478808,580.4567999948631,595.7084744871337,one shared preloaded model
conv-49-qa-43,difference_prefix,1.5450744897917708,14.324700001452584,226.6313000000082,242.50107449125255,one shared preloaded model
conv-49-qa-44,difference_prefix,1.5450744897917708,13.797999999951571,189.58150000253227,204.9245744922756,one shared preloaded model
conv-49-qa-45,difference_prefix,1.5450744897917708,20.029899998917244,214.89850000216393,236.47347449087295,one shared preloaded model
conv-49-qa-46,difference_prefix,1.5450744897917708,17.86980000179028,544.1445999967982,563.5594744883803,one shared preloaded model
conv-49-qa-47,difference_prefix,1.5450744897917708,17.220699999597855,330.8675000007497,349.63327449013934,one shared preloaded model
conv-49-qa-48,difference_prefix,1.5450744897917708,17.738499998813495,356.6921000019647,375.97567449057,one shared preloaded model
conv-49-qa-49,difference_prefix,1.5450744897917708,12.80360000237124,82.38999999593943,96.73867448810245,one shared preloaded model
conv-49-qa-50,difference_prefix,1.5450744897917708,14.311500002804678,214.90690000064205,230.7634744932385,one shared preloaded model
conv-49-qa-51,difference_prefix,1.5450744897917708,13.519000000087544,295.13800000131596,310.2020744911953,one shared preloaded model
conv-49-qa-52,difference_prefix,1.5450744897917708,13.072800000372808,146.53939999698196,161.15727448714654,one shared preloaded model
conv-49-qa-53,difference_prefix,1.5450744897917708,19.584900001063943,161.12520000024233,182.25517449109805,one shared preloaded model
conv-49-qa-54,difference_prefix,1.5450744897917708,14.5048999984283,340.9341999940807,356.9841744823008,one shared preloaded model
conv-49-qa-55,difference_prefix,1.5450744897917708,16.792499998700805,187.31580000167014,205.65337449016272,one shared preloaded model
conv-49-qa-56,difference_prefix,1.5450744897917708,19.944200001191348,210.6763999981922,232.16567448917533,one shared preloaded model
conv-49-qa-57,difference_prefix,1.5450744897917708,13.330400004633702,224.56220000458416,239.43767449900963,one shared preloaded model
conv-49-qa-58,difference_prefix,1.5450744897917708,12.712700001429766,210.84419999533566,225.1019744865572,one shared preloaded model
conv-49-qa-59,difference_prefix,1.5450744897917708,13.041299993346911,498.10340000112774,512.6897744842664,one shared preloaded model
conv-49-qa-60,difference_prefix,1.5450744897917708,18.05840000452008,212.35380000143778,231.95727449574963,one shared preloaded model
conv-49-qa-61,difference_prefix,1.5450744897917708,14.136300000245683,153.64649999537505,169.3278744854125,one shared preloaded model
conv-49-qa-62,difference_prefix,1.5450744897917708,13.027799999690615,120.40739999793004,134.98027448741243,one shared preloaded model
conv-49-qa-63,difference_prefix,1.5450744897917708,12.720400001853704,169.63019999820972,183.8956744898552,one shared preloaded model
conv-49-qa-64,difference_prefix,1.5450744897917708,20.12819999799831,95.32089999993332,116.9941744877234,one shared preloaded model
conv-49-qa-65,difference_prefix,1.5450744897917708,20.194199998513795,139.7064999982831,161.44577448658868,one shared preloaded model
conv-49-qa-66,difference_prefix,1.5450744897917708,20.30410000588745,298.89189999812515,320.7410744938044,one shared preloaded model
conv-49-qa-67,difference_prefix,1.5450744897917708,17.571199998201337,223.1958000047598,242.3120744927529,one shared preloaded model
conv-49-qa-68,difference_prefix,1.5450744897917708,14.151000003039371,211.5808000016841,227.27687449451525,one shared preloaded model
conv-49-qa-69,difference_prefix,1.5450744897917708,17.248800002562348,224.43599999678554,243.22987448913966,one shared preloaded model
conv-49-qa-70,difference_prefix,1.5450744897917708,12.506899998697918,212.75819999573287,226.81017448422256,one shared preloaded model
conv-49-qa-71,difference_prefix,1.5450744897917708,13.791299999866169,220.73480000108248,236.07117449074042,one shared preloaded model
conv-49-qa-72,difference_prefix,1.5450744897917708,12.919200002215803,173.89069999626372,188.3549744882713,one shared preloaded model
conv-49-qa-73,difference_prefix,1.5450744897917708,19.96369999687886,163.95180000108667,185.4605744877573,one shared preloaded model
conv-49-qa-74,difference_prefix,1.5450744897917708,17.047299996193033,339.8195999980089,358.41197448399373,one shared preloaded model
conv-49-qa-75,difference_prefix,1.5450744897917708,13.516300001356285,297.598699995433,312.66007448658104,one shared preloaded model
conv-49-qa-76,difference_prefix,1.5450744897917708,13.398700000834651,186.93029999849387,201.8740744891203,one shared preloaded model
conv-49-qa-77,difference_prefix,1.5450744897917708,20.182100000965875,227.02790000039386,248.7550744911515,one shared preloaded model
conv-49-qa-78,difference_prefix,1.5450744897917708,14.240399999835063,109.21470000175759,125.00017449138443,one shared preloaded model
conv-49-qa-79,difference_prefix,1.5450744897917708,20.76649999798974,126.42729999788571,148.73887448566722,one shared preloaded model
conv-49-qa-80,difference_prefix,1.5450744897917708,19.023399996513035,509.99289999890607,530.5613744852109,one shared preloaded model
conv-49-qa-81,difference_prefix,1.5450744897917708,13.288699999975506,149.4712999992771,164.3050744890444,one shared preloaded model
conv-49-qa-82,difference_prefix,1.5450744897917708,19.83040000050096,138.33209999575047,159.7075744860432,one shared preloaded model
conv-49-qa-83,difference_prefix,1.5450744897917708,19.794500003627036,158.04470000148285,179.38427449490166,one shared preloaded model
conv-49-qa-84,difference_prefix,1.5450744897917708,20.148899995547254,823.1830000004265,844.8769744857656,one shared preloaded model
conv-49-qa-85,difference_prefix,1.5450744897917708,17.6835000020219,174.67369999940274,193.90227449121642,one shared preloaded model
conv-49-qa-86,difference_prefix,1.5450744897917708,20.153000004938804,383.26179999421583,404.9598744889464,one shared preloaded model
conv-49-qa-87,difference_prefix,1.5450744897917708,18.533300004492048,164.65999999491032,184.73837448919414,one shared preloaded model
conv-49-qa-88,difference_prefix,1.5450744897917708,19.765899996855296,474.9717000013334,496.28267448798044,one shared preloaded model
conv-49-qa-89,difference_prefix,1.5450744897917708,17.271299999265466,225.7495999947423,244.56597448379955,one shared preloaded model
conv-49-qa-90,difference_prefix,1.5450744897917708,13.971499996841885,310.3540999945835,325.8706744812172,one shared preloaded model
conv-49-qa-91,difference_prefix,1.5450744897917708,14.991500000178348,339.02369999850634,355.56027448847647,one shared preloaded model
conv-49-qa-92,difference_prefix,1.5450744897917708,13.488099997630343,288.06929999700515,303.10247448442726,one shared preloaded model
conv-49-qa-93,difference_prefix,1.5450744897917708,14.133700002275873,222.25590000016382,237.93467449223147,one shared preloaded model
conv-49-qa-94,difference_prefix,1.5450744897917708,13.237999999546446,267.2032999980729,281.9863744874111,one shared preloaded model
conv-49-qa-95,difference_prefix,1.5450744897917708,15.632999995432328,228.33450000325684,245.51257448848094,one shared preloaded model
conv-49-qa-96,difference_prefix,1.5450744897917708,14.791100002184976,470.51700000156416,486.8531744935409,one shared preloaded model
conv-49-qa-97,difference_prefix,1.5450744897917708,17.764600001100916,545.5331999983173,564.84287448921,one shared preloaded model
conv-49-qa-98,difference_prefix,1.5450744897917708,14.90689999627648,110.5087000032654,126.96067448933366,one shared preloaded model
conv-49-qa-99,difference_prefix,1.5450744897917708,16.433600001619197,194.26060000114376,212.23927449255473,one shared preloaded model
conv-49-qa-100,difference_prefix,1.5450744897917708,16.235400005825795,212.13410000200383,229.9145744976214,one shared preloaded model
conv-49-qa-101,difference_prefix,1.5450744897917708,12.563800002681091,192.96440000471193,207.0732744971848,one shared preloaded model
conv-49-qa-102,difference_prefix,1.5450744897917708,19.420099997660145,221.78339999663876,242.74857448409068,one shared preloaded model
conv-49-qa-103,difference_prefix,1.5450744897917708,13.841399995726533,175.92989999684505,191.31637448236336,one shared preloaded model
conv-49-qa-104,difference_prefix,1.5450744897917708,20.58989999932237,305.4049999991548,327.53997448826897,one shared preloaded model
conv-49-qa-105,difference_prefix,1.5450744897917708,16.622100003587548,132.317100004002,150.4842744973813,one shared preloaded model
conv-49-qa-106,difference_prefix,1.5450744897917708,20.83419999689795,249.24949999694945,271.6287744836392,one shared preloaded model
conv-49-qa-107,difference_prefix,1.5450744897917708,16.96779999474529,170.8859999998822,189.39887448441925,one shared preloaded model
conv-49-qa-108,difference_prefix,1.5450744897917708,13.884500003769062,200.2479000002495,215.67747449381034,one shared preloaded model
conv-49-qa-109,difference_prefix,1.5450744897917708,16.367199998057913,345.2450000040699,363.15727449191957,one shared preloaded model
conv-49-qa-110,difference_prefix,1.5450744897917708,13.630100002046674,219.445499998983,234.62067449082144,one shared preloaded model
conv-49-qa-111,difference_prefix,1.5450744897917708,13.154399995983113,165.47459999856073,180.17407448433562,one shared preloaded model
conv-49-qa-112,difference_prefix,1.5450744897917708,20.085600001038983,242.75679999846034,264.3874744892911,one shared preloaded model
conv-49-qa-113,difference_prefix,1.5450744897917708,12.939399995957501,220.0989999982994,234.58347448404868,one shared preloaded model
conv-49-qa-114,difference_prefix,1.5450744897917708,12.708500005828682,163.9149999973597,178.16857449298016,one shared preloaded model
conv-49-qa-115,difference_prefix,1.5450744897917708,20.407600000908133,174.06559999653837,196.01827448723827,one shared preloaded model
conv-49-qa-116,difference_prefix,1.5450744897917708,15.326799999456853,332.26180000201566,349.1336744912643,one shared preloaded model
conv-49-qa-117,difference_prefix,1.5450744897917708,12.858100002631545,157.74940000119386,172.15257449361718,one shared preloaded model
conv-49-qa-118,difference_prefix,1.5450744897917708,19.655599993711803,235.08789999323199,256.28857447673556,one shared preloaded model
conv-49-qa-119,difference_prefix,1.5450744897917708,12.732000002870336,215.33070000441512,229.60777449707723,one shared preloaded model
conv-49-qa-120,difference_prefix,1.5450744897917708,13.17850000486942,473.26820000307634,487.99177449773754,one shared preloaded model
conv-49-qa-121,difference_prefix,1.5450744897917708,16.524200000276323,125.35639999987325,143.42567448994134,one shared preloaded model
conv-49-qa-122,difference_prefix,1.5450744897917708,20.44249999744352,203.28820000577252,225.27577449300782,one shared preloaded model
conv-49-qa-123,difference_prefix,1.5450744897917708,17.118600000685547,228.60149999905843,247.26517448953575,one shared preloaded model
conv-49-qa-124,difference_prefix,1.5450744897917708,14.376599996467121,194.47070000023814,210.39237448649703,one shared preloaded model
conv-49-qa-125,difference_prefix,1.5450744897917708,16.64349999919068,213.26089999638498,231.44947448536743,one shared preloaded model
conv-49-qa-126,difference_prefix,1.5450744897917708,12.681500003964175,544.3758000037633,558.6023744975192,one shared preloaded model
conv-49-qa-127,difference_prefix,1.5450744897917708,17.522199996165,240.31059999833815,259.3778744842949,one shared preloaded model
conv-49-qa-128,difference_prefix,1.5450744897917708,16.961299996182788,490.72769999474986,509.2340744807244,one shared preloaded model
conv-49-qa-129,difference_prefix,1.5450744897917708,17.177199995785486,149.4340999997803,168.15637448535756,one shared preloaded model
conv-49-qa-130,difference_prefix,1.5450744897917708,16.368999997212086,231.0868999993545,249.00097448635836,one shared preloaded model
conv-49-qa-131,difference_prefix,1.5450744897917708,13.108599996485282,154.28219999739667,168.93587448367373,one shared preloaded model
conv-49-qa-132,difference_prefix,1.5450744897917708,19.87389999703737,184.84739999985322,206.26637448668237,one shared preloaded model
conv-49-qa-133,difference_prefix,1.5450744897917708,16.901299997698516,174.85280000255443,193.29917449004472,one shared preloaded model
conv-49-qa-134,difference_prefix,1.5450744897917708,20.247999993443955,153.6405000006198,175.43357448385552,one shared preloaded model
conv-49-qa-135,difference_prefix,1.5450744897917708,20.024800003739074,219.4835000045714,241.05337449810224,one shared preloaded model
conv-49-qa-136,difference_prefix,1.5450744897917708,12.84779999696184,223.54210000048624,237.93497448723986,one shared preloaded model
conv-49-qa-137,difference_prefix,1.5450744897917708,14.360900000610854,119.47320000035688,135.3791744907595,one shared preloaded model
conv-49-qa-138,difference_prefix,1.5450744897917708,20.119799999520183,207.8858000022592,229.55067449157116,one shared preloaded model
conv-49-qa-139,difference_prefix,1.5450744897917708,14.314200001535937,291.58360000292305,307.44287449425076,one shared preloaded model
conv-49-qa-140,difference_prefix,1.5450744897917708,18.626000004587695,187.5161999996635,207.68727449404298,one shared preloaded model
conv-49-qa-141,difference_prefix,1.5450744897917708,21.07679999608081,367.2193999955198,389.84127448139236,one shared preloaded model
conv-49-qa-142,difference_prefix,1.5450744897917708,17.45370000571711,920.9082000015769,939.9069744970858,one shared preloaded model
conv-49-qa-143,difference_prefix,1.5450744897917708,15.943000005790964,202.795099998184,220.28317449376675,one shared preloaded model
conv-49-qa-144,difference_prefix,1.5450744897917708,12.630199998966418,216.5560000066762,230.73127449543438,one shared preloaded model
conv-49-qa-145,difference_prefix,1.5450744897917708,14.135199999145698,152.640699998301,168.32097448723846,one shared preloaded model
conv-49-qa-146,difference_prefix,1.5450744897917708,21.230399994237814,165.23679999954766,188.01227448357724,one shared preloaded model
conv-49-qa-147,difference_prefix,1.5450744897917708,19.847800002025906,226.02439999900525,247.41727449082293,one shared preloaded model
conv-49-qa-148,difference_prefix,1.5450744897917708,13.684199999261182,236.60980000568088,251.83907449473384,one shared preloaded model
conv-49-qa-149,difference_prefix,1.5450744897917708,12.601400005223695,588.187299996207,602.3337744912225,one shared preloaded model
conv-49-qa-150,difference_prefix,1.5450744897917708,14.157799996610265,277.9108000031556,293.61367448955764,one shared preloaded model
conv-49-qa-151,difference_prefix,1.5450744897917708,15.86640000459738,210.4710999992676,227.88257449365676,one shared preloaded model
conv-49-qa-152,difference_prefix,1.5450744897917708,13.006799999857321,138.60970000678208,153.16157449643117,one shared preloaded model
conv-49-qa-153,difference_prefix,1.5450744897917708,20.81970000290312,442.3592000021017,464.7239744947966,one shared preloaded model
conv-49-qa-154,difference_prefix,1.5450744897917708,16.848200000822544,369.71449999691686,388.1077744875312,one shared preloaded model
conv-49-qa-155,difference_prefix,1.5450744897917708,13.692500004253816,147.58200000505894,162.81957449910453,one shared preloaded model
conv-49-qa-156,difference_prefix,1.5450744897917708,20.8483000023989,151.58140000130516,173.97477449349583,one shared preloaded model
conv-49-qa-157,difference_prefix,1.5450744897917708,19.765400000324007,384.8967000012635,406.2071744913793,one shared preloaded model
conv-49-qa-158,difference_prefix,1.5450744897917708,18.54979999916395,188.43679999554297,208.5316744844987,one shared preloaded model
conv-49-qa-159,difference_prefix,1.5450744897917708,20.711600001959596,162.4759999976959,184.73267448944728,one shared preloaded model
conv-49-qa-160,difference_prefix,1.5450744897917708,20.281999997678213,237.75380000006407,259.58087448753406,one shared preloaded model
conv-49-qa-161,difference_prefix,1.5450744897917708,15.780100002302788,314.65299999399576,331.9781744860903,one shared preloaded model
conv-49-qa-162,difference_prefix,1.5450744897917708,12.24549999460578,209.16140000190353,222.95197448630108,one shared preloaded model
conv-49-qa-163,difference_prefix,1.5450744897917708,13.43559999804711,559.6881999954348,574.6688744832737,one shared preloaded model
conv-49-qa-164,difference_prefix,1.5450744897917708,17.23229999333853,205.4680000001099,224.2453744832402,one shared preloaded model
conv-49-qa-165,difference_prefix,1.5450744897917708,13.310499998624437,542.717199998151,557.5727744865673,one shared preloaded model
conv-49-qa-166,difference_prefix,1.5450744897917708,13.980999996419996,225.3463000015472,240.87237448775898,one shared preloaded model
conv-49-qa-167,difference_prefix,1.5450744897917708,12.87219999358058,214.61290000297595,229.0301744863483,one shared preloaded model
conv-49-qa-168,difference_prefix,1.5450744897917708,17.48059999954421,218.00190000067232,237.0275744900083,one shared preloaded model
conv-49-qa-169,difference_prefix,1.5450744897917708,13.392399996519089,399.88219999941066,414.8196744857215,one shared preloaded model
conv-49-qa-170,difference_prefix,1.5450744897917708,17.24590000230819,218.87550000246847,237.66647449456843,one shared preloaded model
conv-49-qa-171,difference_prefix,1.5450744897917708,13.04810000146972,193.65109999489505,208.24427448615654,one shared preloaded model
conv-49-qa-172,difference_prefix,1.5450744897917708,15.587499998218846,164.43599999911385,181.56857448712447,one shared preloaded model
conv-49-qa-173,difference_prefix,1.5450744897917708,21.019100000557955,169.48129999946104,192.04547448981077,one shared preloaded model
conv-49-qa-174,difference_prefix,1.5450744897917708,15.928499997244217,144.18930000101682,161.6628744880528,one shared preloaded model
conv-49-qa-175,difference_prefix,1.5450744897917708,20.141699998930562,424.4453999999678,446.1321744886901,one shared preloaded model
conv-49-qa-176,difference_prefix,1.5450744897917708,17.336899996735156,216.64280000550207,235.524774492029,one shared preloaded model
conv-49-qa-177,difference_prefix,1.5450744897917708,13.33399999566609,188.170599998557,203.04967448401487,one shared preloaded model
conv-49-qa-178,difference_prefix,1.5450744897917708,19.732000000658445,221.50410000176635,242.78117449221656,one shared preloaded model
conv-49-qa-179,difference_prefix,1.5450744897917708,13.114800000039395,208.68940000218572,223.3492744920169,one shared preloaded model
conv-49-qa-180,difference_prefix,1.5450744897917708,13.332900001842063,232.40939999959664,247.28737449123048,one shared preloaded model
conv-49-qa-181,difference_prefix,1.5450744897917708,17.406999999366235,213.7295000065933,232.6815744957513,one shared preloaded model
conv-49-qa-182,difference_prefix,1.5450744897917708,12.712900002952665,256.27569999778643,270.53367449053087,one shared preloaded model
conv-49-qa-183,difference_prefix,1.5450744897917708,13.458400004310533,212.1218999964185,227.1253744905208,one shared preloaded model
conv-49-qa-184,difference_prefix,1.5450744897917708,14.66900000377791,162.6371999955154,178.85127448908509,one shared preloaded model
conv-49-qa-185,difference_prefix,1.5450744897917708,19.792099999904167,223.8712000034866,245.20837449318253,one shared preloaded model
conv-49-qa-186,difference_prefix,1.5450744897917708,12.552000000141561,140.28110000072047,154.3781744906538,one shared preloaded model
conv-49-qa-187,difference_prefix,1.5450744897917708,20.997300001909025,182.49439999635797,205.03677448805877,one shared preloaded model
conv-49-qa-188,difference_prefix,1.5450744897917708,18.54979999916395,208.865100001276,228.95997449023173,one shared preloaded model
conv-49-qa-189,difference_prefix,1.5450744897917708,13.47439999517519,206.48380000056932,221.50327448553628,one shared preloaded model
conv-49-qa-190,difference_prefix,1.5450744897917708,13.975300003949087,205.00609999726294,220.5264744910038,one shared preloaded model
conv-49-qa-191,difference_prefix,1.5450744897917708,12.987599999178201,227.1240999980364,241.65677448700637,one shared preloaded model
conv-49-qa-192,difference_prefix,1.5450744897917708,12.93710000027204,220.3490999963833,234.83127448644711,one shared preloaded model
conv-49-qa-193,difference_prefix,1.5450744897917708,12.936400002217852,162.9460999974981,177.42757448950772,one shared preloaded model
conv-49-qa-194,difference_prefix,1.5450744897917708,20.20500000071479,145.0680000052671,166.81807449577366,one shared preloaded model
conv-49-qa-195,difference_prefix,1.5450744897917708,18.629099999088794,192.66300000163028,212.83717449051085,one shared preloaded model
conv-50-qa-0,difference_prefix,2.382204901960886,17.253900005016476,346.82099999918137,366.45710490615875,one shared preloaded model
conv-50-qa-1,difference_prefix,2.382204901960886,15.323100000387058,219.95820000302047,237.6635049053684,one shared preloaded model
conv-50-qa-2,difference_prefix,2.382204901960886,17.779599998902995,496.61940000078175,516.7812049016457,one shared preloaded model
conv-50-qa-3,difference_prefix,2.382204901960886,12.824199999158736,202.08189999539172,217.28830489651133,one shared preloaded model
conv-50-qa-4,difference_prefix,2.382204901960886,13.99420000234386,95.24840000085533,111.62480490516008,one shared preloaded model
conv-50-qa-5,difference_prefix,2.382204901960886,20.81729999918025,277.48249999422114,300.6820048953623,one shared preloaded model
conv-50-qa-6,difference_prefix,2.382204901960886,19.091999994998332,110.70459999609739,132.1788048930566,one shared preloaded model
conv-50-qa-7,difference_prefix,2.382204901960886,20.89459999842802,240.03020000236575,263.30700490275467,one shared preloaded model
conv-50-qa-8,difference_prefix,2.382204901960886,13.366699997277465,316.2691999968956,332.018104896134,one shared preloaded model
conv-50-qa-9,difference_prefix,2.382204901960886,13.741200004005805,214.41200000117533,230.535404907142,one shared preloaded model
conv-50-qa-10,difference_prefix,2.382204901960886,14.941599998564925,235.55510000005597,252.87890490058177,one shared preloaded model
conv-50-qa-11,difference_prefix,2.382204901960886,13.685600002645515,227.42389999621082,243.4917049008172,one shared preloaded model
conv-50-qa-12,difference_prefix,2.382204901960886,13.743000003159977,334.9480000033509,351.0732049084718,one shared preloaded model
conv-50-qa-13,difference_prefix,2.382204901960886,138.59640000009676,238.1842999966466,379.16290489870426,one shared preloaded model
conv-50-qa-14,difference_prefix,2.382204901960886,16.300700001011137,319.2360999964876,337.91900489945965,one shared preloaded model
conv-50-qa-15,difference_prefix,2.382204901960886,19.256800005678087,260.83000000653556,282.46900491417455,one shared preloaded model
conv-50-qa-16,difference_prefix,2.382204901960886,13.43050000286894,294.65519999939715,310.467904904227,one shared preloaded model
conv-50-qa-17,difference_prefix,2.382204901960886,15.096800001629163,201.26949999394128,218.74850489753132,one shared preloaded model
conv-50-qa-18,difference_prefix,2.382204901960886,13.269499999296386,123.94529999437509,139.59700489563235,one shared preloaded model
conv-50-qa-19,difference_prefix,2.382204901960886,23.012600002402905,275.13469999394147,300.5295048983053,one shared preloaded model
conv-50-qa-20,difference_prefix,2.382204901960886,17.7038999972865,491.1855000027572,511.2716049020046,one shared preloaded model
conv-50-qa-21,difference_prefix,2.382204901960886,18.08080000046175,96.35489999345737,116.81790489588,one shared preloaded model
conv-50-qa-22,difference_prefix,2.382204901960886,21.20489999651909,112.71490000217455,136.3020049006545,one shared preloaded model
conv-50-qa-23,difference_prefix,2.382204901960886,20.875500005786307,158.06320000410778,181.32090491185497,one shared preloaded model
conv-50-qa-24,difference_prefix,2.382204901960886,20.735500002047047,106.09139999723993,129.20910490124785,one shared preloaded model
conv-50-qa-25,difference_prefix,2.382204901960886,21.252200000162702,542.3184000028414,565.952804904965,one shared preloaded model
conv-50-qa-26,difference_prefix,2.382204901960886,19.182600000931416,335.50880000257166,357.073604905464,one shared preloaded model
conv-50-qa-27,difference_prefix,2.382204901960886,18.2280000008177,131.03629999386612,151.6465048966447,one shared preloaded model
conv-50-qa-28,difference_prefix,2.382204901960886,20.96789999632165,240.2157000033185,263.56580490160104,one shared preloaded model
conv-50-qa-29,difference_prefix,2.382204901960886,15.967599996656645,218.86049999739043,237.21030489600795,one shared preloaded model
conv-50-qa-30,difference_prefix,2.382204901960886,13.607900000351947,140.4430000038701,156.43310490618293,one shared preloaded model
conv-50-qa-31,difference_prefix,2.382204901960886,21.854599996004254,107.93289999855915,132.16970489652428,one shared preloaded model
conv-50-qa-32,difference_prefix,2.382204901960886,22.17499999824213,174.68499999813503,199.24220489833803,one shared preloaded model
conv-50-qa-33,difference_prefix,2.382204901960886,15.367100000730716,318.7432000049739,336.49250490766553,one shared preloaded model
conv-50-qa-34,difference_prefix,2.382204901960886,14.724499997100793,311.71529999846825,328.82200489752995,one shared preloaded model
conv-50-qa-35,difference_prefix,2.382204901960886,17.8682999976445,294.338699997752,314.5892048973574,one shared preloaded model
conv-50-qa-36,difference_prefix,2.382204901960886,17.746099998475984,367.8951000038069,388.02340490424376,one shared preloaded model
conv-50-qa-37,difference_prefix,2.382204901960886,13.552100004744716,110.92800000187708,126.86230490858269,one shared preloaded model
conv-50-qa-38,difference_prefix,2.382204901960886,21.8349000060698,353.5293000022648,377.7464049102955,one shared preloaded model
conv-50-qa-39,difference_prefix,2.382204901960886,19.491999999445397,229.48339999857126,251.35760489997753,one shared preloaded model
conv-50-qa-40,difference_prefix,2.382204901960886,15.486100004636683,226.96990000258666,244.8382049091842,one shared preloaded model
conv-50-qa-41,difference_prefix,2.382204901960886,14.416999998502433,190.51480000052834,207.31400490099165,one shared preloaded model
conv-50-qa-42,difference_prefix,2.382204901960886,23.31129999947734,116.0673999984283,141.76090489986652,one shared preloaded model
conv-50-qa-43,difference_prefix,2.382204901960886,21.172399996430613,207.8544000032707,231.4090049016622,one shared preloaded model
conv-50-qa-44,difference_prefix,2.382204901960886,15.420399999129586,311.10740000440273,328.9100049054932,one shared preloaded model
conv-50-qa-45,difference_prefix,2.382204901960886,14.593300002161413,233.8132000004407,250.788704904563,one shared preloaded model
conv-50-qa-46,difference_prefix,2.382204901960886,14.790999994147569,511.7815000048722,528.9547049009807,one shared preloaded model
conv-50-qa-47,difference_prefix,2.382204901960886,15.036400000099093,130.14989999646787,147.56850489852783,one shared preloaded model
conv-50-qa-48,difference_prefix,2.382204901960886,17.774699997971766,229.07159999886062,249.22850489879326,one shared preloaded model
conv-50-qa-49,difference_prefix,2.382204901960886,18.97869999811519,230.60479999548988,251.96570489556595,one shared preloaded model
conv-50-qa-50,difference_prefix,2.382204901960886,13.829100003931671,210.41839999816148,226.62970490405402,one shared preloaded model
conv-50-qa-51,difference_prefix,2.382204901960886,14.322499999252614,221.36239999963436,238.06710490084785,one shared preloaded model
conv-50-qa-52,difference_prefix,2.382204901960886,14.844299999822397,213.45319999818457,230.67970489996785,one shared preloaded model
conv-50-qa-53,difference_prefix,2.382204901960886,18.977200001245365,199.07210000383202,220.43150490703826,one shared preloaded model
conv-50-qa-54,difference_prefix,2.382204901960886,15.434300003107637,1595.5658000020776,1613.3823049071461,one shared preloaded model
conv-50-qa-55,difference_prefix,2.382204901960886,17.181100003654137,308.19390000397107,327.7572049095861,one shared preloaded model
conv-50-qa-56,difference_prefix,2.382204901960886,18.101399997249246,209.9484999998822,230.4321048990923,one shared preloaded model
conv-50-qa-57,difference_prefix,2.382204901960886,15.523000001849141,217.24969999922905,235.15490490303907,one shared preloaded model
conv-50-qa-58,difference_prefix,2.382204901960886,13.506900002539624,729.4389000016963,745.3280049061968,one shared preloaded model
conv-50-qa-59,difference_prefix,2.382204901960886,17.582600004971027,96.5691000019433,116.53390490887521,one shared preloaded model
conv-50-qa-60,difference_prefix,2.382204901960886,21.27009999821894,221.32330000022193,244.97560490040175,one shared preloaded model
conv-50-qa-61,difference_prefix,2.382204901960886,14.314000000013039,218.090200003644,234.7864049056179,one shared preloaded model
conv-50-qa-62,difference_prefix,2.382204901960886,15.168999998422805,233.42799999954877,250.97920489993245,one shared preloaded model
conv-50-qa-63,difference_prefix,2.382204901960886,18.071700003929436,204.87950000097044,225.33340490686075,one shared preloaded model
conv-50-qa-64,difference_prefix,2.382204901960886,17.70810000016354,236.2356000012369,256.32590490336133,one shared preloaded model
conv-50-qa-65,difference_prefix,2.382204901960886,15.104399994015694,518.2777000009082,535.7643048968848,one shared preloaded model
conv-50-qa-66,difference_prefix,2.382204901960886,17.57540000107838,235.9257999996771,255.88340490271636,one shared preloaded model
conv-50-qa-67,difference_prefix,2.382204901960886,15.332199996919371,125.38539999513887,143.09980489401912,one shared preloaded model
conv-50-qa-68,difference_prefix,2.382204901960886,16.549700005271006,336.15560000180267,355.0875049090346,one shared preloaded model
conv-50-qa-69,difference_prefix,2.382204901960886,14.128499999060296,217.92289999575587,234.43360489677704,one shared preloaded model
conv-50-qa-70,difference_prefix,2.382204901960886,15.48190000175964,320.94239999423735,338.8065048979579,one shared preloaded model
conv-50-qa-71,difference_prefix,2.382204901960886,18.282699995324947,149.30499999900348,169.9699048962893,one shared preloaded model
conv-50-qa-72,difference_prefix,2.382204901960886,17.67190000100527,222.4683999957051,242.52250489867126,one shared preloaded model
conv-50-qa-73,difference_prefix,2.382204901960886,15.707900005509146,149.5610999991186,167.65120490658862,one shared preloaded model
conv-50-qa-74,difference_prefix,2.382204901960886,21.759700000984594,303.8407999993069,327.9827049022524,one shared preloaded model
conv-50-qa-75,difference_prefix,2.382204901960886,18.096799998602364,282.4566999988747,302.93570489943795,one shared preloaded model
conv-50-qa-76,difference_prefix,2.382204901960886,16.063600000052247,215.72400000150083,234.16980490351395,one shared preloaded model
conv-50-qa-77,difference_prefix,2.382204901960886,15.35169999988284,219.9283000009018,237.66220490274551,one shared preloaded model
conv-50-qa-78,difference_prefix,2.382204901960886,14.216200004739221,97.24809999897843,113.84650490567854,one shared preloaded model
conv-50-qa-79,difference_prefix,2.382204901960886,21.306599999661557,226.16949999792268,249.85830489954512,one shared preloaded model
conv-50-qa-80,difference_prefix,2.382204901960886,15.664899998228066,426.5274999997928,444.57460489998175,one shared preloaded model
conv-50-qa-81,difference_prefix,2.382204901960886,16.272099994239397,239.99860000185436,258.65290489805466,one shared preloaded model
conv-50-qa-82,difference_prefix,2.382204901960886,14.849599996523466,226.02069999993546,243.2525048984198,one shared preloaded model
conv-50-qa-83,difference_prefix,2.382204901960886,13.240400003269315,210.4486000025645,226.07120490779468,one shared preloaded model
conv-50-qa-84,difference_prefix,2.382204901960886,13.129699997080024,168.36909999983618,183.88100489887708,one shared preloaded model
conv-50-qa-85,difference_prefix,2.382204901960886,17.061399994418025,215.5681000003824,235.0117048967613,one shared preloaded model
conv-50-qa-86,difference_prefix,2.382204901960886,15.746799996122718,224.6039000019664,242.73290490005,one shared preloaded model
conv-50-qa-87,difference_prefix,2.382204901960886,14.472900002147071,220.2497999969637,237.10490490107165,one shared preloaded model
conv-50-qa-88,difference_prefix,2.382204901960886,13.987500002258457,222.0720000041183,238.44170490833764,one shared preloaded model
conv-50-qa-89,difference_prefix,2.382204901960886,13.381699995079543,199.3984000000637,215.16230489710412,one shared preloaded model
conv-50-qa-90,difference_prefix,2.382204901960886,17.580699997779448,244.28140000236453,264.2443049021049,one shared preloaded model
conv-50-qa-91,difference_prefix,2.382204901960886,14.20440000219969,114.99599999660859,131.58260490076916,one shared preloaded model
conv-50-qa-92,difference_prefix,2.382204901960886,20.82370000425726,189.418800000567,212.62470490678513,one shared preloaded model
conv-50-qa-93,difference_prefix,2.382204901960886,21.14350000192644,494.79129999963334,518.3170049035207,one shared preloaded model
conv-50-qa-94,difference_prefix,2.382204901960886,13.549499999498948,227.50639999867417,243.438104900134,one shared preloaded model
conv-50-qa-95,difference_prefix,2.382204901960886,14.671800003270619,498.4063000010792,515.4603049063107,one shared preloaded model
conv-50-qa-96,difference_prefix,2.382204901960886,13.419999995676335,120.72169999737525,136.52390489501246,one shared preloaded model
conv-50-qa-97,difference_prefix,2.382204901960886,21.364700005506165,222.14240000175778,245.88930490922482,one shared preloaded model
conv-50-qa-98,difference_prefix,2.382204901960886,17.624100000830367,425.21609999676,445.2224048995513,one shared preloaded model
conv-50-qa-99,difference_prefix,2.382204901960886,19.6771000046283,330.5739999996149,352.6333049062041,one shared preloaded model
conv-50-qa-100,difference_prefix,2.382204901960886,18.232099995657336,244.02920000284212,264.64350490046036,one shared preloaded model
conv-50-qa-101,difference_prefix,2.382204901960886,13.974599998618942,358.36700000072597,374.7238049013058,one shared preloaded model
conv-50-qa-102,difference_prefix,2.382204901960886,19.159100003889762,154.9758999972255,176.51720490307613,one shared preloaded model
conv-50-qa-103,difference_prefix,2.382204901960886,21.406500003649853,167.6831000004313,191.47180490604202,one shared preloaded model
conv-50-qa-104,difference_prefix,2.382204901960886,22.040999996534083,391.38939999975264,415.8126048982476,one shared preloaded model
conv-50-qa-105,difference_prefix,2.382204901960886,13.683000004675705,94.79489999648649,110.86010490312309,one shared preloaded model
conv-50-qa-106,difference_prefix,2.382204901960886,22.340800001984462,233.93830000713933,258.6613049110847,one shared preloaded model
conv-50-qa-107,difference_prefix,2.382204901960886,14.70300000073621,148.2185999993817,165.30380490207878,one shared preloaded model
conv-50-qa-108,difference_prefix,2.382204901960886,16.023000003769994,114.62680000113323,133.0320049068641,one shared preloaded model
conv-50-qa-109,difference_prefix,2.382204901960886,21.49959999951534,117.63510000309907,141.51690490457528,one shared preloaded model
conv-50-qa-110,difference_prefix,2.382204901960886,21.76049999980023,697.6241000011214,721.7668049028825,one shared preloaded model
conv-50-qa-111,difference_prefix,2.382204901960886,17.572299999301322,178.62069999682717,198.57520489808937,one shared preloaded model
conv-50-qa-112,difference_prefix,2.382204901960886,22.300999997241888,206.57879999635043,231.2620048955532,one shared preloaded model
conv-50-qa-113,difference_prefix,2.382204901960886,16.870299994479865,149.02689999871654,168.27940489515728,one shared preloaded model
conv-50-qa-114,difference_prefix,2.382204901960886,22.543300001416355,425.9862000035355,450.91170490691275,one shared preloaded model
conv-50-qa-115,difference_prefix,2.382204901960886,18.06209999631392,234.35289999906672,254.79720489734152,one shared preloaded model
conv-50-qa-116,difference_prefix,2.382204901960886,18.320399998629,141.42680000077235,162.12940490136222,one shared preloaded model
conv-50-qa-117,difference_prefix,2.382204901960886,21.06900000217138,384.6403999996255,408.0916049037578,one shared preloaded model
conv-50-qa-118,difference_prefix,2.382204901960886,13.579099999333266,236.31960000057006,252.2809049018642,one shared preloaded model
conv-50-qa-119,difference_prefix,2.382204901960886,13.825800000631716,582.082699998864,598.2907049014566,one shared preloaded model
conv-50-qa-120,difference_prefix,2.382204901960886,18.46759999898495,270.857800001977,291.70760490292287,one shared preloaded model
conv-50-qa-121,difference_prefix,2.382204901960886,18.94989999709651,207.1905999982846,228.52270489734198,one shared preloaded model
conv-50-qa-122,difference_prefix,2.382204901960886,13.721699993766379,170.27860000234796,186.3825048980752,one shared preloaded model
conv-50-qa-123,difference_prefix,2.382204901960886,15.838899998925626,786.3136000014492,804.5347049023358,one shared preloaded model
conv-50-qa-124,difference_prefix,2.382204901960886,15.450699997018091,165.07629999978235,182.90920489876132,one shared preloaded model
conv-50-qa-125,difference_prefix,2.382204901960886,19.901500003470574,138.31840000057127,160.60210490600272,one shared preloaded model
conv-50-qa-126,difference_prefix,2.382204901960886,22.059700000681914,216.68920000229264,241.13110490493543,one shared preloaded model
conv-50-qa-127,difference_prefix,2.382204901960886,14.066799994907342,315.20679999812273,331.655804894991,one shared preloaded model
conv-50-qa-128,difference_prefix,2.382204901960886,14.805600003455766,227.2642000025371,244.45200490795375,one shared preloaded model
conv-50-qa-129,difference_prefix,2.382204901960886,15.386800005217083,275.89810000063153,293.6671049078095,one shared preloaded model
conv-50-qa-130,difference_prefix,2.382204901960886,18.120599997928366,234.08370000106515,254.5865049009544,one shared preloaded model
conv-50-qa-131,difference_prefix,2.382204901960886,14.416600002732594,271.4731000014581,288.2719049061516,one shared preloaded model
conv-50-qa-132,difference_prefix,2.382204901960886,15.263000001141336,187.6263000012841,205.27150490438632,one shared preloaded model
conv-50-qa-133,difference_prefix,2.382204901960886,21.26230000430951,474.82899999886286,498.47350490513327,one shared preloaded model
conv-50-qa-134,difference_prefix,2.382204901960886,18.59349999722326,422.6370999967912,443.6128048959754,one shared preloaded model
conv-50-qa-135,difference_prefix,2.382204901960886,18.572900000435766,236.05230000248412,257.0074049048808,one shared preloaded model
conv-50-qa-136,difference_prefix,2.382204901960886,15.162399999098852,349.63299999799347,367.1776048990532,one shared preloaded model
conv-50-qa-137,difference_prefix,2.382204901960886,17.535600003611762,211.1016000053496,231.01940491092225,one shared preloaded model
conv-50-qa-138,difference_prefix,2.382204901960886,13.598000005003996,302.224600003683,318.2048049106479,one shared preloaded model
conv-50-qa-139,difference_prefix,2.382204901960886,17.595400000573136,220.99209999578306,240.96970489831708,one shared preloaded model
conv-50-qa-140,difference_prefix,2.382204901960886,15.132599997741636,447.0965000000433,464.61130489974585,one shared preloaded model
conv-50-qa-141,difference_prefix,2.382204901960886,18.878099996072706,177.64660000102594,198.90690489905953,one shared preloaded model
conv-50-qa-142,difference_prefix,2.382204901960886,21.248000004561618,365.0701000005938,388.70030490711633,one shared preloaded model
conv-50-qa-143,difference_prefix,2.382204901960886,18.412999997963198,151.37050000339514,172.1657049033192,one shared preloaded model
conv-50-qa-144,difference_prefix,2.382204901960886,20.868799998424947,233.41059999802383,256.6616048984097,one shared preloaded model
conv-50-qa-145,difference_prefix,2.382204901960886,15.283200002158992,202.44899999670452,220.11440490082438,one shared preloaded model
conv-50-qa-146,difference_prefix,2.382204901960886,13.900900004955474,149.66160000039963,165.94470490731598,one shared preloaded model
conv-50-qa-147,difference_prefix,2.382204901960886,17.475100001320243,417.47449999820674,437.3318049014879,one shared preloaded model
conv-50-qa-148,difference_prefix,2.382204901960886,15.389599997433834,152.94250000442844,170.71430490382315,one shared preloaded model
conv-50-qa-149,difference_prefix,2.382204901960886,16.27530000405386,345.0939999966067,363.7515049026215,one shared preloaded model
conv-50-qa-150,difference_prefix,2.382204901960886,19.05580000311602,194.48529999499442,215.92330490007132,one shared preloaded model
conv-50-qa-151,difference_prefix,2.382204901960886,20.268899999791756,174.4122000018251,197.06330490357774,one shared preloaded model
conv-50-qa-152,difference_prefix,2.382204901960886,16.586800004006363,189.03499999578344,208.00400490175068,one shared preloaded model
conv-50-qa-153,difference_prefix,2.382204901960886,22.133700003905687,165.3015999982017,189.81750490406827,one shared preloaded model
conv-50-qa-154,difference_prefix,2.382204901960886,21.037800004705787,159.18330000567948,182.60330491234615,one shared preloaded model
conv-50-qa-155,difference_prefix,2.382204901960886,21.394100003817584,204.09590000053868,227.87220490631714,one shared preloaded model
conv-50-qa-156,difference_prefix,2.382204901960886,13.140499999281019,136.8508000014117,152.3735049026536,one shared preloaded model
conv-50-qa-157,difference_prefix,2.382204901960886,21.13380000082543,366.15180000080727,389.6678049035936,one shared preloaded model
conv-50-qa-158,difference_prefix,2.382204901960886,19.450699997833,219.68039999774192,241.5133048975358,one shared preloaded model
conv-50-qa-159,difference_prefix,2.382204901960886,13.613199997053016,232.65640000317944,248.65180490219333,one shared preloaded model
conv-50-qa-160,difference_prefix,2.382204901960886,19.131799999740906,216.75839999807067,238.27240489977245,one shared preloaded model
conv-50-qa-161,difference_prefix,2.382204901960886,13.634700000693556,216.0585000019637,232.07540490461813,one shared preloaded model
conv-50-qa-162,difference_prefix,2.382204901960886,13.943899997684639,226.55669999949168,242.8828048991372,one shared preloaded model
conv-50-qa-163,difference_prefix,2.382204901960886,16.05750000453554,379.2403999977978,397.68010490429424,one shared preloaded model
conv-50-qa-164,difference_prefix,2.382204901960886,15.72920000035083,201.37419999809936,219.48560490041106,one shared preloaded model
conv-50-qa-165,difference_prefix,2.382204901960886,13.512199999240693,295.95989999506855,311.85430489627015,one shared preloaded model
conv-50-qa-166,difference_prefix,2.382204901960886,19.831999998132233,236.10700000426732,258.32120490436046,one shared preloaded model
conv-50-qa-167,difference_prefix,2.382204901960886,15.077700001711491,223.26579999935348,240.72570490302584,one shared preloaded model
conv-50-qa-168,difference_prefix,2.382204901960886,14.474700001301244,210.27540000068257,227.13230490394469,one shared preloaded model
conv-50-qa-169,difference_prefix,2.382204901960886,13.751099999353755,226.22450000199024,242.35780490330487,one shared preloaded model
conv-50-qa-170,difference_prefix,2.382204901960886,14.414600002055522,228.33040000114124,245.12720490515764,one shared preloaded model
conv-50-qa-171,difference_prefix,2.382204901960886,14.396200000192039,219.89100000064354,236.66940490279646,one shared preloaded model
conv-50-qa-172,difference_prefix,2.382204901960886,13.159100002667401,140.2174000031664,155.75870490779468,one shared preloaded model
conv-50-qa-173,difference_prefix,2.382204901960886,15.860200001043268,158.17109999625245,176.4135048992566,one shared preloaded model
conv-50-qa-174,difference_prefix,2.382204901960886,18.065399999613874,137.12660000601318,157.57420490758793,one shared preloaded model
conv-50-qa-175,difference_prefix,2.382204901960886,17.15659999899799,731.4918999982183,751.0307048991772,one shared preloaded model
conv-50-qa-176,difference_prefix,2.382204901960886,13.71120000112569,118.54390000371495,134.63730490680152,one shared preloaded model
conv-50-qa-177,difference_prefix,2.382204901960886,16.492899994773325,222.18599999905564,241.06110489578984,one shared preloaded model
conv-50-qa-178,difference_prefix,2.382204901960886,18.82330000080401,232.06650000065565,253.27200490342054,one shared preloaded model
conv-50-qa-179,difference_prefix,2.382204901960886,13.959100004285574,108.27220000646776,124.61350491271422,one shared preloaded model
conv-50-qa-180,difference_prefix,2.382204901960886,13.300999999046326,221.31690000242088,237.00010490342808,one shared preloaded model
conv-50-qa-181,difference_prefix,2.382204901960886,15.403999997943174,189.7910000043339,207.57720490423796,one shared preloaded model
conv-50-qa-182,difference_prefix,2.382204901960886,21.847299998626113,207.87450000352692,232.1040049041139,one shared preloaded model
conv-50-qa-183,difference_prefix,2.382204901960886,13.372900000831578,222.6578000045265,238.41290490731896,one shared preloaded model
conv-50-qa-184,difference_prefix,2.382204901960886,13.458399997034576,217.96710000489838,233.80770490389384,one shared preloaded model
conv-50-qa-185,difference_prefix,2.382204901960886,14.450199996645097,234.9778999996488,251.81030489825477,one shared preloaded model
conv-50-qa-186,difference_prefix,2.382204901960886,13.25850000284845,210.7412999976077,226.38200490241704,one shared preloaded model
conv-50-qa-187,difference_prefix,2.382204901960886,13.738599998760037,217.96809999796096,234.08890489868188,one shared preloaded model
conv-50-qa-188,difference_prefix,2.382204901960886,14.605399999709334,227.71789999387693,244.70550489554714,one shared preloaded model
conv-50-qa-189,difference_prefix,2.382204901960886,16.873199994734023,230.68810000404483,249.94350490073973,one shared preloaded model
conv-50-qa-190,difference_prefix,2.382204901960886,13.947300001746044,221.0004000007757,237.32990490448262,one shared preloaded model
conv-50-qa-191,difference_prefix,2.382204901960886,14.820700002019294,231.89339999953518,249.09630490351535,one shared preloaded model
conv-50-qa-192,difference_prefix,2.382204901960886,14.041399997950066,221.98439999920083,238.40800489911177,one shared preloaded model
conv-50-qa-193,difference_prefix,2.382204901960886,16.008999999030493,321.7761000050814,340.1673049060728,one shared preloaded model
conv-50-qa-194,difference_prefix,2.382204901960886,13.284300002851523,227.20059999846853,242.86710490328093,one shared preloaded model
conv-50-qa-195,difference_prefix,2.382204901960886,15.339700003096368,213.5850999984541,231.30700490351134,one shared preloaded model
conv-50-qa-196,difference_prefix,2.382204901960886,16.18410000082804,142.18329999857815,160.74960490136706,one shared preloaded model
conv-50-qa-197,difference_prefix,2.382204901960886,22.426999996241648,227.88500000024214,252.69420489844467,one shared preloaded model
conv-50-qa-198,difference_prefix,2.382204901960886,13.823000001139008,216.0258999938378,232.2311048969377,one shared preloaded model
conv-50-qa-199,difference_prefix,2.382204901960886,13.467400000081398,223.3875000019907,239.23710490403298,one shared preloaded model
conv-50-qa-200,difference_prefix,2.382204901960886,13.75009999901522,217.26950000447687,233.40180490545296,one shared preloaded model
conv-50-qa-201,difference_prefix,2.382204901960886,14.944100003049243,117.16950000118231,134.49580490619243,one shared preloaded model
conv-50-qa-202,difference_prefix,2.382204901960886,21.830300000146963,179.97879999893485,204.19130490104268,one shared preloaded model
conv-50-qa-203,difference_prefix,2.382204901960886,21.135000002686866,402.4400999987847,425.9573049034325,one shared preloaded model
