example_id,agent,horizon,update_ms,read_ms,generation_ms,end_to_end_ms,model_loading_policy
syn-a6ba61c7f6022987,difference_prefix,100,258.4717999998247,18.244300001242664,438.26150000677444,714.9776000078418,one shared preloaded model
syn-38eedc2c95f8c5b4,difference_prefix,100,105.55780000140658,12.161999999079853,304.1579999990063,421.8777999994927,one shared preloaded model
syn-07d41f0782d8a3ec,difference_prefix,100,98.4865999998874,11.656400005449541,254.6061000030022,364.74910000833916,one shared preloaded model
syn-fa271021cce39036,difference_prefix,100,99.24650000175461,11.84569999895757,299.03380000178004,410.1260000024922,one shared preloaded model
syn-8632fc6b28ce057a,difference_prefix,100,62.98550000065006,7.642599994142074,384.74060000589816,455.3687000006903,one shared preloaded model
syn-227faaf725799aff,difference_prefix,100,100.22110000136308,11.336499999742955,281.0763000015868,392.6339000026928,one shared preloaded model
syn-c819b70cc3b711b6,difference_prefix,100,77.17970000521746,7.604099999298342,204.1901000047801,288.9739000092959,one shared preloaded model
syn-f8dc00112ec91804,difference_prefix,100,81.55619999888586,8.134600000630599,182.52470000152243,272.2155000010389,one shared preloaded model
syn-f97808cf18e3bdc1,difference_prefix,100,87.53230000002077,7.915299996966496,460.6080000012298,556.0555999982171,one shared preloaded model
syn-1ba0ad3803fd1aab,difference_prefix,100,73.0623999988893,12.101399996026885,327.07010000012815,412.23389999504434,one shared preloaded model
syn-e89134deef96d28b,difference_prefix,100,66.63470000057714,7.932000000437256,283.8527999992948,358.4195000003092,one shared preloaded model
syn-d3aec67bcbee5e27,difference_prefix,100,95.35699999833014,11.438100002123974,327.11200000630924,433.90710000676336,one shared preloaded model
syn-c403dc8c5bbec2b6,difference_prefix,100,90.25159999873722,7.74470000033034,298.301700000593,396.29799999966053,one shared preloaded model
syn-928aaad0bd5f085f,difference_prefix,100,101.27279999869643,10.90210000256775,333.56430000276305,445.7392000040272,one shared preloaded model
syn-36b88d15de85d49d,difference_prefix,100,85.35959999426268,11.49269999586977,271.0558000035235,367.9080999936559,one shared preloaded model
syn-ef8755c246c631fe,difference_prefix,100,99.70410000096308,11.478499996883329,290.1262000013958,401.3087999992422,one shared preloaded model
syn-f8cdd1253dc96ca6,difference_prefix,100,97.49030000239145,11.931500004720874,203.66400000057183,313.08580000768416,one shared preloaded model
syn-99f1a940ce32e3de,difference_prefix,100,87.36420000059297,12.569000005896669,257.3283999954583,357.26160000194795,one shared preloaded model
syn-ae830d10e3e44454,difference_prefix,100,99.51499999442603,9.084400000574533,440.79819999751635,549.3975999925169,one shared preloaded model
syn-7aec429f0ba8958c,difference_prefix,100,65.60950000130106,7.638700000825338,330.96509999450063,404.21329999662703,one shared preloaded model
syn-7574e07600322df1,difference_prefix,100,102.99379999923985,11.684700002660975,298.70669999945676,413.3852000013576,one shared preloaded model
syn-6596d6fb03744adc,difference_prefix,100,68.27290000364883,7.391899998765439,324.9174000011408,400.58220000355504,one shared preloaded model
syn-8028bcd88896f9af,difference_prefix,100,97.89869999804068,11.403600001358427,290.4785999999149,399.780899999314,one shared preloaded model
syn-5b04b918e5d2f043,difference_prefix,100,72.35889999719802,8.457700001599733,313.9565999954357,394.77319999423344,one shared preloaded model
syn-344d41a9584f8be4,difference_prefix,100,62.06380000367062,7.402499999443535,468.2890000040061,537.7553000071202,one shared preloaded model
syn-1c50e11cb54a9a7c,difference_prefix,100,67.96319999557454,7.383100004517473,309.88419999630423,385.23049999639625,one shared preloaded model
syn-d8bfd6728ae9bb83,difference_prefix,100,68.58790000114823,10.673400000086986,203.62919999752194,282.89049999875715,one shared preloaded model
syn-9ac94e465129e6ee,difference_prefix,100,99.89259999565547,12.019599998893682,226.98259999742731,338.89479999197647,one shared preloaded model
syn-8e5a6b17392849e9,difference_prefix,100,75.42029999603983,7.850699999835342,501.7102000056184,584.9812000014936,one shared preloaded model
syn-6dfbc0e6fffb86d6,difference_prefix,100,83.74110000295332,11.372799999662675,309.88219999562716,404.99609999824315,one shared preloaded model
syn-d95d1076f16608cf,difference_prefix,100,101.22589999809861,11.602600003243424,319.7842999943532,432.61279999569524,one shared preloaded model
syn-67085f28c8a345d9,difference_prefix,100,84.04899999732152,6.550300000526477,231.85479999665404,322.45409999450203,one shared preloaded model
syn-8b88cb5fd4c5e6fc,difference_prefix,100,97.5447999953758,11.203000001842156,240.13030000060098,348.87809999781894,one shared preloaded model
syn-42df0ee7d8018963,difference_prefix,100,64.59100000211038,7.6436000017565675,352.7604000046267,424.99500000849366,one shared preloaded model
syn-e8acbc2c88369e51,difference_prefix,100,97.32400000211783,11.444100004155189,247.73760000243783,356.50570000871085,one shared preloaded model
syn-a642a7089d9f162f,difference_prefix,100,82.5637000016286,11.530800002219621,253.52549999661278,347.620000000461,one shared preloaded model
syn-3f6a98eceeaf476b,difference_prefix,100,96.00109999882989,8.422600003541447,207.75310000317404,312.1768000055454,one shared preloaded model
syn-bfb5882d7330d97f,difference_prefix,100,78.99360000010347,8.559000001696404,234.48539999662898,322.03799999842886,one shared preloaded model
syn-cfa98bda62d92f7f,difference_prefix,100,99.83749999810243,11.520199994265568,470.56610000436194,581.9237999967299,one shared preloaded model
syn-534d1ab71809b51f,difference_prefix,100,99.36999999627005,11.547500005690381,342.84800000023097,453.7655000021914,one shared preloaded model
syn-76a54b251d992dd4,difference_prefix,100,83.90030000009574,11.294999996607658,312.2548999963328,407.4501999930362,one shared preloaded model
syn-6f12022c8819f717,difference_prefix,100,84.74820000265026,7.745499999145977,322.9358999960823,415.42959999787854,one shared preloaded model
syn-30a75d6754134879,difference_prefix,100,76.3507000010577,7.990500002051704,257.91860000026645,342.25980000337586,one shared preloaded model
syn-a6ff96ac61f7c6c1,difference_prefix,100,98.2259999946109,11.401799994928297,327.79930000106106,437.42709999060025,one shared preloaded model
syn-91323a0ae9a650e7,difference_prefix,100,86.2422999998671,11.4564999967115,256.0986000025878,353.7973999991664,one shared preloaded model
syn-9d9ad34b79849f2d,difference_prefix,100,65.44289999874309,7.737799998722039,295.76900000392925,368.9497000013944,one shared preloaded model
syn-36b5b8f6c6bbf2cc,difference_prefix,100,63.03269999625627,7.479699997929856,101.4807000028668,171.99309999705292,one shared preloaded model
syn-96244de128be170e,difference_prefix,100,101.91140000097221,12.230900007125456,250.49769999895943,364.6400000070571,one shared preloaded model
syn-3e8dcebdc4767103,difference_prefix,100,98.5486999998102,11.240699997870252,298.54550000163727,408.3348999993177,one shared preloaded model
syn-8f7fdf0bdfb10d4a,difference_prefix,100,98.01829999923939,11.575300006370526,299.90320000069914,409.49680000630906,one shared preloaded model
syn-d4fda360fe6fdd4f,difference_prefix,100,96.33239999675425,11.485300005006138,296.6371000002255,404.45480000198586,one shared preloaded model
syn-42ee4c7254b57eb8,difference_prefix,100,65.92819999787025,7.675799999560695,253.9658000023337,327.56979999976465,one shared preloaded model
syn-feccf5e27bea7518,difference_prefix,100,98.53839999414049,11.629799999354873,259.3038000050001,369.47199999849545,one shared preloaded model
syn-c01e14c5c8c50d03,difference_prefix,100,64.17869999859249,7.669599996006582,567.9510999980266,639.7993999926257,one shared preloaded model
syn-cb15ba714ba5ec8f,difference_prefix,100,99.8466999953962,11.688800004776567,250.4308999996283,361.96639999980107,one shared preloaded model
syn-615f495f59b50927,difference_prefix,100,61.89190000441158,7.7881999968667515,339.27549999498297,408.9555999962613,one shared preloaded model
syn-a6cbf0e1e86a6450,difference_prefix,100,60.892200002854224,8.23330000275746,154.33589999884134,223.46140000445303,one shared preloaded model
syn-57b966091e7ec699,difference_prefix,100,100.94689999823458,12.315800006035715,249.65119999978924,362.91390000405954,one shared preloaded model
syn-89f8450f6e93be24,difference_prefix,100,76.97840000037104,8.849400001054164,462.70490000460995,548.5327000060352,one shared preloaded model
syn-e4cf69e50674883c,difference_prefix,100,97.40189999865834,11.50239999697078,319.21869999496266,428.1229999905918,one shared preloaded model
syn-52dd73e2d68a5917,difference_prefix,100,74.42479999735951,13.04060000256868,317.6580999934231,405.1234999933513,one shared preloaded model
syn-1a7e4a2f4f0fe9c6,difference_prefix,100,99.82789999776287,11.49460000306135,325.05119999404997,436.3736999948742,one shared preloaded model
syn-e8ee9cee31093b93,difference_prefix,100,85.76799999718787,11.276500001258682,251.41370000346797,348.4582000019145,one shared preloaded model
syn-1546004190558953,difference_prefix,100,95.69589999591699,11.500699998578057,327.51789999747416,434.7144999919692,one shared preloaded model
syn-7858be5eb774eb5b,difference_prefix,100,76.16979999875184,8.276499997009523,461.17190000222763,545.618199997989,one shared preloaded model
syn-fd59ad3a4d996680,difference_prefix,100,80.09299999685027,8.22439999319613,294.66259999753674,382.97999998758314,one shared preloaded model
syn-fc9a9858781e0d3a,difference_prefix,100,60.6714000023203,8.81370000570314,192.8537999992841,262.33890000730753,one shared preloaded model
syn-324d7fc5d16391c8,difference_prefix,100,99.654500001634,11.914900002011564,228.65230000024894,340.2217000038945,one shared preloaded model
syn-6e90d8e0c38e9334,difference_prefix,100,99.45410000364063,11.432300001615658,318.5088000027463,429.3952000080026,one shared preloaded model
syn-8e5f564bbff2ec81,difference_prefix,100,102.8943999990588,11.948799998208415,249.02709999878425,363.8702999960515,one shared preloaded model
syn-ad377a0c752a987e,difference_prefix,100,102.45700000086799,11.474699997052085,282.0110000029672,395.94270000088727,one shared preloaded model
syn-fd23e7842d0bf088,difference_prefix,100,92.11060000234284,11.928799998713657,297.4998999998206,401.5393000008771,one shared preloaded model
syn-9dce3e031398985d,difference_prefix,100,99.00119999656454,11.379900002793875,362.6062999974238,472.9873999967822,one shared preloaded model
syn-cb9495248ba394a9,difference_prefix,100,97.44130000035511,7.698000001255423,262.1293999982299,367.26869999984046,one shared preloaded model
syn-d45c12362eae6b90,difference_prefix,100,84.86160000029486,11.460699999588542,327.4107999968692,423.73309999675257,one shared preloaded model
syn-fe3b30dd29d66256,difference_prefix,100,98.31040000426583,11.42969999636989,318.07799999660347,427.8180999972392,one shared preloaded model
syn-0f420473e95734a2,difference_prefix,100,97.37609999865526,12.137599995185155,202.90279999608174,312.41649998992216,one shared preloaded model
syn-14c34fb5209acd83,difference_prefix,100,100.03209999558749,12.071400000422727,258.5908999972162,370.6943999932264,one shared preloaded model
syn-323bc307f3b8489c,difference_prefix,100,96.23790000478039,8.447700005490333,305.94050000217976,410.6261000124505,one shared preloaded model
syn-d1a98c9ebc2b2b63,difference_prefix,100,82.87110000674147,7.760100001178216,239.259599999059,329.8908000069787,one shared preloaded model
syn-8b8261103d0d9683,difference_prefix,100,81.64969999779714,7.0583000051556155,308.97879999974975,397.6868000027025,one shared preloaded model
syn-73911e04a0932499,difference_prefix,100,64.28029999369755,7.5703999973484315,308.54390000604326,380.39459999708924,one shared preloaded model
syn-85c77c5469482f47,difference_prefix,100,86.9139000060386,11.61320000392152,297.0832999999402,395.61040000990033,one shared preloaded model
syn-1725a6155d089dde,difference_prefix,100,64.53309999778867,7.767900002363604,291.06030000548344,363.3613000056357,one shared preloaded model
syn-fc05e77b7c242574,difference_prefix,100,67.12849999894388,7.637700000486802,463.11570000398206,537.8819000034127,one shared preloaded model
syn-86308b042f251696,difference_prefix,100,97.5789000003715,11.332099995343015,250.86259999807226,359.7735999937868,one shared preloaded model
syn-434e7ed49b935751,difference_prefix,100,74.46959999651881,11.082599994551856,151.0017999971751,236.55399998824578,one shared preloaded model
syn-530c2c738f789d98,difference_prefix,100,100.39279999909922,11.890600006154273,240.98270000104094,353.26610000629444,one shared preloaded model
syn-0c19d7397f14e5b6,difference_prefix,100,74.94040000165114,11.381700001948047,981.45790000126,1067.7800000048592,one shared preloaded model
syn-a1612d852aaaaac3,difference_prefix,100,65.89119999989634,7.49510000605369,318.9429999983986,392.3293000043486,one shared preloaded model
syn-c0220289c4182645,difference_prefix,100,97.93830000126036,11.577800003578886,316.7341999942437,426.2502999990829,one shared preloaded model
syn-9e6843c042c117d6,difference_prefix,100,65.2602999980445,8.079399995040148,320.98779999796534,394.32749999105,one shared preloaded model
syn-0ac0bff8c97627a3,difference_prefix,100,98.84340000280645,11.436000000685453,318.45720000274014,428.73660000623204,one shared preloaded model
syn-2125020456ee5ce0,difference_prefix,100,81.97010000003502,12.595100000908133,313.7427999972715,408.30799999821465,one shared preloaded model
syn-2caa699fccb66b00,difference_prefix,100,73.98109999485314,8.041600005526561,178.4747999990941,260.4974999994738,one shared preloaded model
syn-861af0982b3de585,difference_prefix,100,78.37190000282135,11.591299997235183,677.2270000001299,767.1902000001865,one shared preloaded model
syn-608838df8784d01b,difference_prefix,100,99.81720000359928,11.8265999990399,153.50670000043465,265.15050000307383,one shared preloaded model
syn-114b81595c7d762a,difference_prefix,100,80.03920000192011,8.132200004183687,242.1470999979647,330.3185000040685,one shared preloaded model
syn-4a863129f2275dc1,difference_prefix,100,77.45060000161175,11.431099999754224,448.0165999993915,536.8983000007574,one shared preloaded model
syn-d2ca3d27b15e9657,difference_prefix,100,87.26239999668906,11.826800000562798,291.81809999863617,390.907299995888,one shared preloaded model
syn-0c9fef436275cdd9,difference_prefix,100,69.40510000276845,9.337900002719834,156.09039999981178,234.83340000530006,one shared preloaded model
syn-f1d5d22bd7ee481d,difference_prefix,100,73.15729999390896,7.820500002708286,243.24039999919478,324.21819999581203,one shared preloaded model
syn-a575cf643cb1c076,difference_prefix,100,87.9782999982126,11.25720000709407,317.14990000182297,416.38540000712965,one shared preloaded model
syn-ee742f0c9f76781d,difference_prefix,100,85.20750000025146,11.611300004005898,298.0997000049683,394.9185000092257,one shared preloaded model
syn-da5dd03ecb643f4d,difference_prefix,100,98.33509999589296,11.500499997055158,459.1909000009764,569.0264999939245,one shared preloaded model
syn-326d673969961656,difference_prefix,100,98.92540000146255,10.679099999833852,324.13200000155484,433.73650000285124,one shared preloaded model
syn-962a3810f04e9097,difference_prefix,100,101.31449999607867,11.549700000614394,201.18689999799244,314.0510999946855,one shared preloaded model
syn-f0aad1f13f69b874,difference_prefix,100,101.89689999970142,12.008500001684297,207.42189999873517,321.3273000001209,one shared preloaded model
syn-c2a05483a856b3ef,difference_prefix,100,63.1613000005018,7.772500001010485,547.4246000012499,618.3584000027622,one shared preloaded model
syn-e0cedd9b0e32d085,difference_prefix,100,86.04550000018207,10.854699998162687,248.90519999462413,345.8053999929689,one shared preloaded model
syn-29a180ad2143328a,difference_prefix,100,65.21540000539972,7.824899999832269,330.3555999955279,403.39590000075987,one shared preloaded model
syn-735f77503b2ba024,difference_prefix,100,72.6347000017995,7.729499993729405,316.18479999451665,396.54899999004556,one shared preloaded model
syn-148ccbd3316665a4,difference_prefix,100,75.69480000529438,7.666800003789831,280.0236999974004,363.3853000064846,one shared preloaded model
syn-3c75ee23c6f50e1b,difference_prefix,100,88.87719999620458,11.644000005617272,329.28260000335285,429.8038000051747,one shared preloaded model
syn-f4dbe8e18b96050d,difference_prefix,100,75.34700000542216,11.444900002970826,249.83220000285655,336.62410001124954,one shared preloaded model
syn-da9774599d83a1b5,difference_prefix,100,99.83940000529401,11.520700005348772,312.3970999949961,423.7572000056389,one shared preloaded model
syn-2ef399e82e449faf,difference_prefix,100,78.81579999957466,7.693400002608541,102.43919999629725,188.94839999848045,one shared preloaded model
syn-eb0f5ee31c508a61,difference_prefix,100,97.33760000381153,8.678900005179457,210.1018999965163,316.1184000055073,one shared preloaded model
syn-cda71c350602bddf,difference_prefix,100,99.20869999768911,11.64720000087982,490.54469999828143,601.4005999968504,one shared preloaded model
syn-28fa6f2fe12641b3,difference_prefix,100,68.2438000003458,7.74210000236053,271.5122000008705,347.49810000357684,one shared preloaded model
syn-c20dfce1d761b522,difference_prefix,100,98.67620000295574,11.324999999487773,377.8539999984787,487.8552000009222,one shared preloaded model
syn-7df1c817de9a1ea1,difference_prefix,100,98.95359999791253,11.8235000045388,325.5358000023989,436.31290000485023,one shared preloaded model
syn-3c57b67fca1c10a3,difference_prefix,100,76.11629999883007,7.845100000849925,319.7288000010303,403.6902000007103,one shared preloaded model
syn-0cbb31a1498b5e27,difference_prefix,100,96.62819999357453,11.252500000409782,360.0105000004987,467.89119999448303,one shared preloaded model
syn-c69bdbfce61e9f10,difference_prefix,100,99.44429999450222,11.377300004824065,419.4461999941268,530.2677999934531,one shared preloaded model
syn-9129e328d0e87e58,difference_prefix,100,86.20900000096299,11.665400001220405,352.7289000048768,450.60330000706017,one shared preloaded model
syn-c3a845f6f37328df,difference_prefix,100,98.92759999638656,12.23770000069635,178.46450000070035,289.62979999778327,one shared preloaded model
syn-af9227c03b96e947,difference_prefix,100,100.82500000135042,12.1482999966247,252.02200000057928,364.9952999985544,one shared preloaded model
syn-d30db6602c5e7bcf,difference_prefix,100,64.64620000042487,7.390600003418513,431.3436000011279,503.3804000049713,one shared preloaded model
syn-2bcd2d10bf252a88,difference_prefix,100,100.62399999878835,11.582799997995608,323.08000000193715,435.2867999987211,one shared preloaded model
syn-e69fbacb0ad339d8,difference_prefix,100,98.42919999937294,11.479099994176067,327.1424000049592,437.0506999985082,one shared preloaded model
syn-f7dee247f844b523,difference_prefix,100,69.39929999498418,7.684600001084618,262.5098999997135,339.5937999957823,one shared preloaded model
syn-218ffaef8da3d8da,difference_prefix,100,71.41789999877801,11.493799996969756,295.15859999810345,378.0702999938512,one shared preloaded model
syn-a31eb202acdba085,difference_prefix,100,69.57520000287332,11.838099999295082,301.16029999771854,382.57359999988694,one shared preloaded model
syn-4dfded52a9bb2c90,difference_prefix,100,98.01650000008522,11.471800004073884,504.21640000422485,613.704700008384,one shared preloaded model
syn-cd947d2b8e2144b0,difference_prefix,100,85.57950000249548,7.704899995587766,341.89089999563294,435.1752999937162,one shared preloaded model
syn-6abe44228638f132,difference_prefix,100,62.86830000317423,7.804599998053163,126.39309999940451,197.0660000006319,one shared preloaded model
syn-1258eab437601206,difference_prefix,100,100.37259999808157,13.193900005717296,207.08260000537848,320.64910000917735,one shared preloaded model
syn-4d8e6dbc90583d69,difference_prefix,100,99.87220000039088,9.200899999996182,563.0506000015885,672.1237000019755,one shared preloaded model
syn-a1a8b545941a8915,difference_prefix,100,101.91969999868888,11.405199998989701,320.7978999998886,434.1227999975672,one shared preloaded model
syn-c0a5d6164a143c21,difference_prefix,100,89.26519999658922,7.497599995986093,349.6263999986695,446.3891999912448,one shared preloaded model
syn-911a5b307c155365,difference_prefix,100,92.97939999669325,11.459800000011455,345.44280000409344,449.88200000079814,one shared preloaded model
syn-bcca1bb50f9b9cef,difference_prefix,100,102.66650000266964,11.890700006915722,302.2893000015756,416.84650001116097,one shared preloaded model
syn-c9e69c66406cd3b1,difference_prefix,100,88.18609999434557,11.454300001787487,322.53920000221115,422.1795999983442,one shared preloaded model
syn-2becd65beee0364a,difference_prefix,100,70.47889999375911,7.7661999966949224,248.91250000655418,327.1575999970082,one shared preloaded model
syn-4dd85348c38c0357,difference_prefix,100,69.74269999773242,8.884399998351,353.04469999391586,431.6717999899993,one shared preloaded model
syn-f242b8cc2cb723b5,difference_prefix,100,98.43459999683546,12.784700003976468,202.5288000004366,313.74810000124853,one shared preloaded model
syn-fbc447c0fcb7cfc8,difference_prefix,100,95.59920000174316,7.997200002137106,225.5769000039436,329.17330000782385,one shared preloaded model
syn-a9f156119ea9fcd1,difference_prefix,100,66.89080000069225,7.738799999060575,482.3709999982384,557.0005999979912,one shared preloaded model
syn-a90c99e2e79a45d4,difference_prefix,100,64.94089999614516,7.824899999832269,183.40229999739677,256.1680999933742,one shared preloaded model
syn-c5a2eb58a93f472f,difference_prefix,100,65.66860000020824,7.888599997386336,232.2901000006823,305.84729999827687,one shared preloaded model
syn-ea7b327ba9b080c9,difference_prefix,100,96.30720000131987,11.483599999337457,302.24879999877885,410.0395999994362,one shared preloaded model
syn-92715b9aee29e997,difference_prefix,100,100.97640000458341,11.61869999486953,317.5459999984014,430.1410999978543,one shared preloaded model
syn-b766696c0d786013,difference_prefix,100,97.46939999604365,11.345000006258488,323.22340000246186,432.037800004764,one shared preloaded model
syn-d3d77d74b12e306a,difference_prefix,100,97.3606000043219,11.711099999956787,219.86449999531033,328.936199999589,one shared preloaded model
syn-48230ce25b5de2fa,difference_prefix,100,72.84879999497207,7.833299998310395,341.28319999581436,421.9652999890968,one shared preloaded model
syn-7f6bff1d2ac7c3f3,difference_prefix,100,64.44429999828571,7.8544999996665865,201.55549999617506,273.85429999412736,one shared preloaded model
syn-f37c1fc0c7eaae06,difference_prefix,100,98.6994999984745,12.05179999669781,260.31350000266684,371.06479999783915,one shared preloaded model
syn-915a70d70da9799e,difference_prefix,100,64.1784999970696,7.536699995398521,405.93100000114646,477.6461999936146,one shared preloaded model
syn-2c4f2b37f5b601c4,difference_prefix,100,81.46610000403598,11.731200000212993,296.2494000021252,389.44670000637416,one shared preloaded model
syn-27269f1dafd012f5,difference_prefix,100,98.77899999992223,11.721199996827636,234.90079999464797,345.40099999139784,one shared preloaded model
syn-fc4e5b6a2ef2e383,difference_prefix,100,94.34070000133943,7.5127000018255785,295.62499999883585,397.47840000200085,one shared preloaded model
syn-5d4106eaf2ee51c8,difference_prefix,100,100.0218000044697,11.444099996879231,335.94710000033956,447.4130000016885,one shared preloaded model
syn-81331bee65710972,difference_prefix,100,98.04539999458939,11.602099999436177,282.76999999798136,392.4174999920069,one shared preloaded model
syn-6795425cf8dabbc9,difference_prefix,100,101.20850000384962,11.574299998756032,103.78959999798099,216.57240000058664,one shared preloaded model
syn-67983f23f948cb13,difference_prefix,100,69.14250000409083,11.30179999745451,326.4651999998023,406.9095000013476,one shared preloaded model
syn-312d206fb59e358d,difference_prefix,100,103.2913999952143,12.09759999619564,133.7035999968066,249.09259998821653,one shared preloaded model
syn-b374ae5f8bdeb59c,difference_prefix,100,98.50169999845093,12.148999994678888,278.50300000136485,389.1536999944947,one shared preloaded model
syn-c4e2cf0cbaef3cc6,difference_prefix,100,103.73310000431957,11.4635999998427,457.3223999977927,572.5191000019549,one shared preloaded model
syn-e1486ac132d09f0e,difference_prefix,100,99.2536999983713,11.80480000039097,299.16810000577243,410.2266000045347,one shared preloaded model
syn-7863c0207b8e2373,difference_prefix,100,62.42229999770643,7.3158000013791025,257.2714000052656,327.00950000435114,one shared preloaded model
syn-9cbbfa64d29cb813,difference_prefix,100,64.6688000051654,7.44499999564141,332.1785000007367,404.2923000015435,one shared preloaded model
syn-a65473d1d46ed2c6,difference_prefix,100,78.07090000278549,7.827999994333368,308.4441999963019,394.34309999342076,one shared preloaded model
syn-2b046916be0cd392,difference_prefix,100,73.42400000197813,7.819799997378141,283.59260000434006,364.8364000036963,one shared preloaded model
syn-72b8f748d5763fa5,difference_prefix,100,101.518199997372,11.512500001117587,249.78810000175145,362.818800000241,one shared preloaded model
syn-9e74ef31f1615b66,difference_prefix,100,65.10410000191769,7.544100000814069,263.2703999988735,335.9186000016052,one shared preloaded model
syn-00b96c3bac38cc42,difference_prefix,100,96.78859999985434,12.077899998985231,157.147799996892,266.01429999573156,one shared preloaded model
syn-952b966eee3f8c13,difference_prefix,100,85.78230000421172,12.008700003207196,251.21679999574553,349.00780000316445,one shared preloaded model
syn-c8f1cb75a43de506,difference_prefix,100,101.11930000130087,11.607000000367407,487.23909999534953,599.9653999970178,one shared preloaded model
syn-34a4a1cf2545d780,difference_prefix,100,63.33430000086082,7.651599997188896,315.78319999971427,386.769099997764,one shared preloaded model
syn-f36a532a7f829e27,difference_prefix,100,100.00420000142185,11.443600000347942,324.9176000026637,436.36540000443347,one shared preloaded model
syn-3f66f6fab4661265,difference_prefix,100,60.72359999961918,7.196099999418948,308.06119999760995,375.9808999966481,one shared preloaded model
syn-be86febc4b2804a6,difference_prefix,100,96.62110000499524,11.62070000282256,295.83320000529056,404.07500001310837,one shared preloaded model
syn-eb0aba33a8e92d25,difference_prefix,100,69.73540000035428,8.040200002142228,231.42039999947883,309.19600000197534,one shared preloaded model
syn-de9cccc7c153bbf4,difference_prefix,100,71.689399999741,9.76980000268668,193.31370000145398,274.77290000388166,one shared preloaded model
syn-28812aeb523a4ea3,difference_prefix,100,80.50110000476707,7.930699997814372,323.70640000590356,412.138200008485,one shared preloaded model
syn-071e5a31b62e0a3b,difference_prefix,100,99.39949999534292,11.570900001970585,202.57739999942714,313.54779999674065,one shared preloaded model
syn-c5f347691e4f1189,difference_prefix,100,85.15430000261404,10.522600001422688,262.23149999714224,357.90840000117896,one shared preloaded model
syn-2541ac3e0cf6ae0f,difference_prefix,100,100.05449999880511,11.513199999171775,297.1310000066296,408.6987000046065,one shared preloaded model
syn-1a12965cf6e9620a,difference_prefix,100,72.16449999395991,7.548100002168212,271.6891000018222,351.40169999795035,one shared preloaded model
syn-833ee80d2a35282c,difference_prefix,100,100.46500000316883,11.46659999358235,320.450900006108,432.38250000285916,one shared preloaded model
syn-d71cb3ea0a850053,difference_prefix,100,98.42809999827296,11.975500005064532,358.8690000033239,469.2726000066614,one shared preloaded model
syn-b58eb0dc1a3b98a9,difference_prefix,100,63.94610000279499,7.547000001068227,301.79559999669436,373.2887000005576,one shared preloaded model
syn-f547811aa164f77c,difference_prefix,100,83.12889999797335,11.616700001468416,310.8358999961638,405.58149999560555,one shared preloaded model
syn-c2a992a405ca2108,difference_prefix,100,82.70009999978356,10.848099998838734,179.77529999916442,273.3234999977867,one shared preloaded model
syn-ce2c8b075853cedc,difference_prefix,100,76.36959999945248,8.1002000006265,327.9158999939682,412.3856999940472,one shared preloaded model
syn-687fc71335d706d6,difference_prefix,100,95.8013999988907,11.427099998400081,203.50009999674512,310.7285999940359,one shared preloaded model
syn-6aece6dd34a4454c,difference_prefix,100,63.07809999998426,8.27249999565538,217.41610000026412,288.76669999590376,one shared preloaded model
syn-b9f4fa3de270243b,difference_prefix,100,99.17470000073081,11.35200000135228,546.2530000004335,656.7797000025166,one shared preloaded model
syn-7a9964e8147076b4,difference_prefix,100,98.76729999814415,11.871299997437745,293.3437999963644,403.9823999919463,one shared preloaded model
syn-5afa3fb6102c079e,difference_prefix,100,97.65929999412037,11.345400002028327,341.6700000016135,450.6746999977622,one shared preloaded model
syn-741bd6aa659cbb3a,difference_prefix,100,97.86650000023656,11.675100002321415,355.23169999942183,464.7733000019798,one shared preloaded model
syn-e2066c5ef4eaa754,difference_prefix,100,100.58060000301339,11.40529999975115,298.0239000025904,410.0098000053549,one shared preloaded model
syn-9ad6a91dae6541b0,difference_prefix,100,81.27489999606041,7.582999998703599,299.2926000006264,388.1504999953904,one shared preloaded model
syn-0cc07eac74fee68f,difference_prefix,100,99.34029999567429,11.398700000427198,217.51050000602845,328.24950000212993,one shared preloaded model
syn-06f1746d73db3d7a,difference_prefix,100,80.85030000074767,7.50250000419328,338.14259999780916,426.4954000027501,one shared preloaded model
syn-af7777b30c76fe8f,difference_prefix,100,99.81440000410657,11.370599997462705,202.35849999880884,313.5435000003781,one shared preloaded model
syn-a3df3702910d82c8,difference_prefix,100,79.31760000064969,8.165699997334741,235.13020000245888,322.6135000004433,one shared preloaded model
syn-1b32176f8ab0ad0d,difference_prefix,100,98.7234999993234,11.447600001702085,488.0349000013666,598.2060000023921,one shared preloaded model
syn-3c9a56c51e114ae8,difference_prefix,100,101.05259999545524,11.478899999929126,322.5421000024653,435.07359999784967,one shared preloaded model
syn-4dc80c16468d7ae3,difference_prefix,100,78.70499999989988,11.66130000638077,295.99059999600286,386.3569000022835,one shared preloaded model
syn-635cc36e60ec9abe,difference_prefix,100,92.77550000115298,7.89690000237897,322.51410000026226,423.1865000037942,one shared preloaded model
syn-166e4d8638667138,difference_prefix,100,102.23299999779556,11.800399995991029,305.5640999955358,419.5974999893224,one shared preloaded model
syn-4b2e3c750d96faf1,difference_prefix,100,101.57559999788646,11.620400000538211,301.03990000498015,414.2359000034048,one shared preloaded model
syn-5c60aa247e7da516,difference_prefix,100,68.81530000100611,8.155099996656645,230.03649999736808,307.00689999503084,one shared preloaded model
syn-363ae45960cbd6ea,difference_prefix,100,70.37139999738429,8.24579999607522,314.7423000045819,393.35949999804143,one shared preloaded model
syn-202a222301f9a6d4,difference_prefix,100,75.76070000504842,11.543900000106078,202.57890000357293,289.8835000087274,one shared preloaded model
syn-7cf12316980709f6,difference_prefix,100,98.34939999564085,12.15760000195587,250.77889999374747,361.2858999913442,one shared preloaded model
syn-728e33df6904e39f,difference_prefix,100,95.26480000204174,11.873600000399165,487.8256000010879,594.9640000035288,one shared preloaded model
syn-5bd3e7c2aa979761,difference_prefix,100,85.99949999916134,11.514099998748861,295.56269999739015,393.07629999530036,one shared preloaded model
syn-9f5692455ac5f9eb,difference_prefix,100,98.86470000492409,11.398200003895909,297.31270000047516,407.57560000929516,one shared preloaded model
syn-d0e73d43fc27e780,difference_prefix,100,97.8737999976147,11.666300000797492,253.38889999693492,362.9289999953471,one shared preloaded model
syn-70ea21787462e8bb,difference_prefix,100,82.14350000343984,11.576500000956003,325.6645000001299,419.38450000452576,one shared preloaded model
syn-93ebae83f12babde,difference_prefix,100,62.58669999806443,11.201300003449433,307.3281000033603,381.11610000487417,one shared preloaded model
syn-80b5fa71901fb209,difference_prefix,100,99.66529999655904,11.610300003667362,259.85680000303546,371.13240000326186,one shared preloaded model
syn-31a023f7ba9bc6ca,difference_prefix,100,67.04549999994924,7.726900003035553,252.88459999865154,327.65700000163633,one shared preloaded model
syn-86c7f5c14844a928,difference_prefix,100,89.94659999734722,8.2817000002251,153.06000000418862,251.28830000176094,one shared preloaded model
syn-a86b2bf35ce487cf,difference_prefix,100,101.34819999802858,12.238499999511987,263.4345000042231,377.02120000176365,one shared preloaded model
syn-a191dd5bc4522c3f,difference_prefix,100,89.09180000046035,11.700900002324488,503.44110000150977,604.2338000042946,one shared preloaded model
syn-24c6eb89fa9bc77a,difference_prefix,100,73.10779999534134,7.766000002447981,428.79289999837056,509.6666999961599,one shared preloaded model
syn-7e9cddfe26e96d08,difference_prefix,100,62.73700000019744,9.652100001403596,232.33609999442706,304.7251999960281,one shared preloaded model
syn-79244b5ea6e26a35,difference_prefix,100,66.72740000067279,7.75170000270009,329.67079999798443,404.1499000013573,one shared preloaded model
syn-351b1f137e4c70f0,difference_prefix,100,89.56590000161668,8.357200000318699,298.50940000324044,396.4325000051758,one shared preloaded model
syn-fe81b916e846f8e6,difference_prefix,100,71.58580000395887,11.223399997106753,338.8338000004296,421.64300000149524,one shared preloaded model
syn-890454ea84307ccf,difference_prefix,100,95.98579999874346,11.497399995278101,496.5567999970517,604.0399999910733,one shared preloaded model
syn-38ffd1c0f969d3ce,difference_prefix,100,99.85990000132006,11.698700000124518,276.40779999637743,387.966399997822,one shared preloaded model
syn-449f78fee2e31323,difference_prefix,100,88.31340000324417,13.638800002809148,154.42020000045886,256.3724000065122,one shared preloaded model
syn-386d7fabe68c0b51,difference_prefix,100,72.30049999634502,11.943500001507346,256.46640000195475,340.7103999998071,one shared preloaded model
syn-a53e008f5352ab7c,difference_prefix,100,64.71220000094036,7.7711000049021095,392.1330000011949,464.61630000703735,one shared preloaded model
syn-2d7332919d82acd7,difference_prefix,100,100.49760000401875,11.559699996723793,306.01110000134213,418.0684000020847,one shared preloaded model
syn-4b43eb5a0d3f5e34,difference_prefix,100,98.00739999627694,8.75839999935124,294.76830000203336,401.53409999766154,one shared preloaded model
syn-1c8165dfe7849318,difference_prefix,100,98.84259999671485,12.228799998410977,243.13550000078976,354.2068999959156,one shared preloaded model
syn-d3b9785b73055c98,difference_prefix,100,83.34979999926873,11.385799996787682,328.3432000025641,423.0787999986205,one shared preloaded model
syn-eb6fed3bb3f62d98,difference_prefix,100,66.29830000019865,7.667200006835628,294.7770999962813,368.7426000033156,one shared preloaded model
syn-413d807574a54fac,difference_prefix,100,97.72050000174204,11.499499996716622,262.75990000431193,371.9799000027706,one shared preloaded model
syn-8be08b3c364210f6,difference_prefix,100,87.90330000192625,11.510800002724864,283.4842000011122,382.8983000057633,one shared preloaded model
syn-c73284e558f60ee0,difference_prefix,100,102.0250000001397,11.58900000154972,203.73040000413312,317.34440000582254,one shared preloaded model
syn-af7cdb39cb252396,difference_prefix,100,99.12630000326317,12.520500000391621,251.80969999928493,363.4565000029397,one shared preloaded model
syn-6cb7e0329cf51091,difference_prefix,100,100.1479999977164,11.538199993083254,532.6892000011867,644.3753999919863,one shared preloaded model
syn-7ff503cc87bf6b72,difference_prefix,100,64.77579999773297,6.838500004960224,320.1584999987972,391.7728000014904,one shared preloaded model
syn-6409e2246567d47d,difference_prefix,100,98.30150000198046,11.726600001566112,303.47790000087116,413.50600000441773,one shared preloaded model
syn-56a9578b1ca629d6,difference_prefix,100,98.58689999964554,11.722700000973418,315.2944000030402,425.60400000365917,one shared preloaded model
syn-96125f8027ab183e,difference_prefix,100,61.24709999858169,7.627799997862894,260.81649999832734,329.6913999947719,one shared preloaded model
syn-d108a25e35d2aec2,difference_prefix,100,64.73109999933513,7.4727000028360635,294.41299999598414,366.61679999815533,one shared preloaded model
syn-e505f665edac12f5,difference_prefix,100,68.64770000538556,8.345500005816575,446.06740000017453,523.0606000113767,one shared preloaded model
syn-227123dfbfb3b60b,difference_prefix,100,98.39479999936884,11.034499999368563,277.1659999998519,386.5952999985893,one shared preloaded model
syn-a3509d974e84be76,difference_prefix,100,97.82730000006268,11.750899997423403,154.07660000346368,263.65480000094976,one shared preloaded model
syn-4db0fdc492341150,difference_prefix,100,101.77999999723397,12.494199996581301,236.24730000301497,350.52149999683024,one shared preloaded model
syn-ad343e5861a42f48,difference_prefix,100,88.42819999699714,8.136100004776381,559.0222000028007,655.5865000045742,one shared preloaded model
syn-98938f2a750732e3,difference_prefix,100,63.89829999534413,7.822399995347951,262.5975999981165,334.3182999888086,one shared preloaded model
syn-588e0cf52a62ad07,difference_prefix,100,64.73910000204341,7.830599999579135,326.5164000040386,399.08610000566114,one shared preloaded model
syn-3a2b16f76aac64a3,difference_prefix,100,101.99239999928977,11.500699998578057,290.1687999983551,403.6618999962229,one shared preloaded model
syn-771747a46595b170,difference_prefix,100,86.8075000034878,11.187900003278628,316.60220000048866,414.5976000072551,one shared preloaded model
syn-b862e71029dd1141,difference_prefix,100,99.67969999706838,11.890499998116866,320.7297999979346,432.29999999311985,one shared preloaded model
syn-ab82b68526b31cc1,difference_prefix,100,83.00700000108918,11.490700002468657,403.12919999996666,497.6269000035245,one shared preloaded model
syn-0972954b0101952a,difference_prefix,100,86.86999999918044,11.546299996552989,339.4842999987304,437.90059999446385,one shared preloaded model
syn-8e233e6259a3ff93,difference_prefix,100,99.38839999813354,11.387200000172015,202.36390000354731,313.13950000185287,one shared preloaded model
syn-d72c9b6d1c8b544c,difference_prefix,100,68.7651000043843,8.338599996932317,232.357700006105,309.4614000074216,one shared preloaded model
syn-2473152ac1131384,difference_prefix,100,98.9188000021386,12.092199998733122,554.2390999980853,665.250099998957,one shared preloaded model
syn-99c8100852c041ab,difference_prefix,100,77.68279999436345,11.31090000126278,335.6100000019069,424.6036999975331,one shared preloaded model
syn-c072bb6c30501eb5,difference_prefix,100,66.11429999611573,7.540600003267173,278.01979999640025,351.67469999578316,one shared preloaded model
syn-6ceaf5097ce9c759,difference_prefix,100,70.33390000287909,11.274599994067103,327.75560000300175,409.36409999994794,one shared preloaded model
syn-b22dac7d46c56ef7,difference_prefix,100,99.80760000325972,11.709499995049555,321.4910000024247,433.008100000734,one shared preloaded model
syn-a820901274815962,difference_prefix,100,100.08489999745507,11.595800002396572,326.7310999945039,438.41179999435553,one shared preloaded model
syn-4d0c462a9611104c,difference_prefix,100,66.43700000131503,8.209800005715806,272.2187999970629,346.8656000040937,one shared preloaded model
syn-966462fdc64001cb,difference_prefix,100,89.39509999618167,11.719299996912014,332.79469999979483,433.9090999928885,one shared preloaded model
syn-aab7f6253fc3371c,difference_prefix,100,100.47769999800948,11.523000001034234,202.6384999990114,314.6391999980551,one shared preloaded model
syn-6cd597ee81f40259,difference_prefix,100,68.10149999364512,8.084799999778625,173.0228000014904,249.20909999491414,one shared preloaded model
syn-ac63a94c62bb28b0,difference_prefix,100,98.86420000111684,11.731899998267181,511.2907999937306,621.8868999931146,one shared preloaded model
syn-caaf77c3bc556729,difference_prefix,100,101.00570000213338,8.759600001212675,281.3929999974789,391.15830000082497,one shared preloaded model
syn-be57cd78365e7d1a,difference_prefix,100,69.70059999730438,11.247299997194204,303.8712999987183,384.8191999932169,one shared preloaded model
syn-f8666490bec6d369,difference_prefix,100,105.21460000018124,12.214000002131797,320.71320000250125,438.1418000048143,one shared preloaded model
syn-60ede6f62c127051,difference_prefix,100,96.91290000046138,11.480500004836358,321.5113999976893,429.90480000298703,one shared preloaded model
syn-3ca2daab899324eb,difference_prefix,100,89.28279999963706,7.594900002004579,264.91850000456907,361.7962000062107,one shared preloaded model
syn-751ad704e49319a5,difference_prefix,100,100.03100000176346,11.331699999573175,438.67389999650186,550.0365999978385,one shared preloaded model
syn-1def9112232df49c,difference_prefix,100,71.55450000573182,7.856700001866557,273.83410000038566,353.24530000798404,one shared preloaded model
syn-6d9bfb9f846bec63,difference_prefix,100,99.94999999616994,11.589400004595518,204.96579999598907,316.5051999967545,one shared preloaded model
syn-6743c3c7d98bfc0e,difference_prefix,100,95.45010000147158,12.105000001611188,336.69409999856725,444.24920000165,one shared preloaded model
syn-01d7e9b6955f7473,difference_prefix,100,100.99330000230111,12.679300001764204,445.0501999963308,558.7228000003961,one shared preloaded model
syn-2e85e9170d30ba71,difference_prefix,100,98.32579999783775,11.560799997823779,323.34909999917727,433.2356999948388,one shared preloaded model
syn-37671ca7cf5c1eb5,difference_prefix,100,98.53190000285394,11.141000002680812,327.3422999991453,437.0152000046801,one shared preloaded model
syn-f4e3f903987f6c89,difference_prefix,100,86.05269999679876,11.44660000136355,319.265500002075,416.7648000002373,one shared preloaded model
syn-0baea2d67907d7b5,difference_prefix,100,62.32330000057118,7.707899996603373,228.98979999445146,299.020999991626,one shared preloaded model
syn-64b6c1ab320dbe67,difference_prefix,100,101.82429999986198,11.712499996065162,330.33839999552583,443.875199991453,one shared preloaded model
syn-ebbfd3d64aa3659e,difference_prefix,100,98.20200000103796,11.74400000309106,252.41580000147223,362.36180000560125,one shared preloaded model
syn-9ba4c01860d01716,difference_prefix,100,65.49870000162628,7.6289999997243285,276.93989999534097,350.06759999669157,one shared preloaded model
syn-30ea2cdf2f968903,difference_prefix,100,99.19680000166409,11.215300000912976,207.67499999783468,318.08710000041174,one shared preloaded model
syn-8c64fa1f197773be,difference_prefix,100,86.24830000189831,8.019099994271528,191.59189999481896,285.8592999909888,one shared preloaded model
syn-73c6ca9be338f033,difference_prefix,100,64.51540000125533,8.854499996232335,493.07019999832846,566.4400999958161,one shared preloaded model
syn-6ecbb1c08f82c937,difference_prefix,100,66.32130000070902,11.355100003129337,323.0007000020123,400.67710000585066,one shared preloaded model
syn-8353478fbb4bce27,difference_prefix,500,363.4751999998116,10.227600003418047,291.6289999993751,665.3318000026047,one shared preloaded model
syn-8067a297457aadf1,difference_prefix,500,287.7013999968767,10.408100002678111,284.31580000324175,582.4253000027966,one shared preloaded model
syn-9e8353cffd162bec,difference_prefix,500,346.22849999868777,10.385800000221934,249.88260000100126,606.496899999911,one shared preloaded model
syn-1e2c00e04982df2b,difference_prefix,500,447.4906000032206,14.35440000204835,261.6364000059548,723.4814000112237,one shared preloaded model
syn-e2a2467ecd547dda,difference_prefix,500,332.40179999847896,10.134299998753704,183.40789999638218,525.9439999936149,one shared preloaded model
syn-bc62c7abfaca5c09,difference_prefix,500,392.5611000013305,10.9701999972458,288.3856000044034,691.9169000029797,one shared preloaded model
syn-12612434405c931a,difference_prefix,500,443.30400000035297,9.988099998736288,202.4440000022878,655.736100001377,one shared preloaded model
syn-5a8a3408720382be,difference_prefix,500,430.77790000097593,14.978799998061731,254.84439999854658,700.6010999975842,one shared preloaded model
syn-59ea7db674f489a6,difference_prefix,500,402.38249999674736,14.308699996036012,432.8304000009666,849.52159999375,one shared preloaded model
syn-51d379101a7163b5,difference_prefix,500,381.4443000010215,9.925700003805105,232.14369999914197,623.5137000039686,one shared preloaded model
syn-663a7412abfb842b,difference_prefix,500,459.522700002708,113.73679999815067,271.03530000022147,844.2948000010801,one shared preloaded model
syn-0bd707dc615b2bc5,difference_prefix,500,451.3613000017358,14.448100002482533,267.2900999968988,733.0995000011171,one shared preloaded model
syn-0ca214b154606a6d,difference_prefix,500,372.1323999998276,14.366299998073373,303.62330000207294,690.1219999999739,one shared preloaded model
syn-1ad21a31a11954b1,difference_prefix,500,426.11870000109775,10.652199998730794,238.71990000043297,675.4908000002615,one shared preloaded model
syn-405db96ad499aad6,difference_prefix,500,419.12710000178777,10.190299995883834,184.51249999634456,613.8298999940162,one shared preloaded model
syn-c73a7d7f2efdabea,difference_prefix,500,451.9972999987658,14.442899999266956,318.87479999568313,785.3149999937159,one shared preloaded model
syn-d4551df4fe2ef435,difference_prefix,500,383.7280000007013,14.51449999876786,204.38409999769647,602.6265999971656,one shared preloaded model
syn-f81cc5743ea53e86,difference_prefix,500,404.3505000008736,15.077399999427143,246.0817000028328,665.5096000031335,one shared preloaded model
syn-4f19931c9987dbda,difference_prefix,500,440.5929999993532,14.362900001287926,487.4405000009574,942.3964000015985,one shared preloaded model
syn-92c86a223d786491,difference_prefix,500,436.262600000191,10.148000001208857,288.7735000040266,735.1841000054264,one shared preloaded model
syn-2bb893798ac2dfa5,difference_prefix,500,384.08419999905163,14.076399995246902,269.50379999470897,667.6643999890075,one shared preloaded model
syn-aa1bcd4e3305659c,difference_prefix,500,358.3777000021655,10.416899996926077,323.1464999989839,691.9410999980755,one shared preloaded model
syn-0954cc37fabc8be3,difference_prefix,500,436.3789999988512,10.003700001107063,281.24709999974584,727.6297999997041,one shared preloaded model
syn-6bb06c622660e647,difference_prefix,500,453.0391000007512,14.546999998856336,334.4931999963592,802.0792999959667,one shared preloaded model
syn-0b1a59bdb0ab570e,difference_prefix,500,365.02889999974286,14.374999998835847,430.42810000042664,809.8319999990053,one shared preloaded model
syn-23a203eef7bafa9b,difference_prefix,500,453.91879999806406,14.49760000105016,425.41900000651367,893.8354000056279,one shared preloaded model
syn-3b06b4335ee79d9c,difference_prefix,500,431.14329999662004,10.007700002461206,131.8083999940427,572.959399993124,one shared preloaded model
syn-ec94bad4956c840e,difference_prefix,500,414.6117999989656,15.327099994465243,253.16100000054576,683.0998999939766,one shared preloaded model
syn-bc1c23717d0dfea3,difference_prefix,500,350.7626999999047,14.354299994010944,494.9927999987267,860.1097999926424,one shared preloaded model
syn-67712a9f8996e2e8,difference_prefix,500,462.40060000127414,14.125100002274849,301.6669999997248,778.1927000032738,one shared preloaded model
syn-595c1a876191c126,difference_prefix,500,404.4147000022349,14.471000002231449,304.3567999993684,723.2425000038347,one shared preloaded model
syn-6467888e031efe81,difference_prefix,500,450.70660000055796,14.425800000026356,355.40340000443393,820.5358000050182,one shared preloaded model
syn-bbf31960b39c5ee4,difference_prefix,500,454.11069999681786,14.249100000597537,308.53170000045793,776.8914999978733,one shared preloaded model
syn-0a76bff023524251,difference_prefix,500,441.0576999944169,14.55530000384897,336.4852000013343,792.0981999996002,one shared preloaded model
syn-ba162ae568464f78,difference_prefix,500,341.0082999980659,14.750799993635155,195.0481000021682,550.8071999938693,one shared preloaded model
syn-b042f0c9791d9008,difference_prefix,500,446.45909999962896,14.476300006208476,354.85370000242256,815.78910000826,one shared preloaded model
syn-ea3960770a2ca4a7,difference_prefix,500,417.6099000032991,15.15280000603525,163.48760000255425,596.2503000118886,one shared preloaded model
syn-38219515a508a5d7,difference_prefix,500,452.16960000107065,14.940300003217999,260.3030000027502,727.4129000070388,one shared preloaded model
syn-d4c28ece94fb3953,difference_prefix,500,406.90039999753935,12.51320000301348,418.16880000260426,837.5824000031571,one shared preloaded model
syn-f60a4dd25af4bf20,difference_prefix,500,438.7930000011693,14.516399998683482,268.5946999990847,721.9040999989375,one shared preloaded model
syn-f82cf59916809524,difference_prefix,500,453.3254999987548,10.271599996485747,297.30999999446794,760.9070999897085,one shared preloaded model
syn-8e294cf8f86f5d12,difference_prefix,500,455.1149999970221,14.554499997757375,298.67389999708394,768.3433999918634,one shared preloaded model
syn-040517cd90cc897c,difference_prefix,500,325.6455000009737,10.383900000306312,345.8480000044801,681.8774000057601,one shared preloaded model
syn-411fce6ee866bbb8,difference_prefix,500,415.8144000030006,14.435999997658655,338.70739999838406,768.9577999990433,one shared preloaded model
syn-268c1d0c81c87f4b,difference_prefix,500,423.8282000005711,14.28930000110995,252.86249999771826,690.9799999993993,one shared preloaded model
syn-b306cf68395776dd,difference_prefix,500,392.7436000012676,14.445000000705477,321.2461000002804,728.4347000022535,one shared preloaded model
syn-689442af0e6a410d,difference_prefix,500,461.9397000060417,14.528800005791709,203.47269999911077,679.9412000109442,one shared preloaded model
syn-313805301f447ead,difference_prefix,500,358.0571999991662,10.535499997786246,217.2805999944103,585.8732999913627,one shared preloaded model
syn-38d674321a5aca1b,difference_prefix,500,426.25979999866104,14.279099996201694,389.3287000028067,829.8675999976695,one shared preloaded model
syn-213d87e5e07c8519,difference_prefix,500,379.53469999774825,10.30940000055125,254.61849999555852,644.462599993858,one shared preloaded model
syn-05a9edcf64ee42de,difference_prefix,500,438.781700002437,10.070699994685128,297.4938000043039,746.346200001426,one shared preloaded model
syn-0475ce3a7577d7da,difference_prefix,500,403.0821000051219,10.59269999677781,320.7646000009845,734.4394000028842,one shared preloaded model
syn-e08c5c69e450c217,difference_prefix,500,428.9506999994046,9.925300000759307,349.9939000030281,788.869900003192,one shared preloaded model
syn-436852fe9abb7dc5,difference_prefix,500,383.9818999986164,10.147900000447407,242.09420000261161,636.2240000016754,one shared preloaded model
syn-271d5a470da86f7f,difference_prefix,500,443.9686999976402,14.454600001045037,258.6063999988255,717.0296999975108,one shared preloaded model
syn-970a5b6630f65725,difference_prefix,500,352.98619999957737,10.328099997423124,304.78050000238,668.0947999993805,one shared preloaded model
syn-8a75ed949ee596bd,difference_prefix,500,387.96110000112094,14.539600000716746,203.5249999971711,606.0256999990088,one shared preloaded model
syn-56c64830d8d53ebc,difference_prefix,500,343.5802000021795,10.402100000646897,251.13430000055814,605.1166000033845,one shared preloaded model
syn-811fbe3866bccdf8,difference_prefix,500,450.1503999999841,14.369099997566082,501.76700000156416,966.2864999991143,one shared preloaded model
syn-d42090286816856c,difference_prefix,500,339.991300003021,10.381699998106342,333.7930999987293,684.1660999998567,one shared preloaded model
syn-ffd8865e73eeab0e,difference_prefix,500,309.31869999767514,10.008299999753945,286.71919999760576,606.0461999950348,one shared preloaded model
syn-784fd5d93b24c4f6,difference_prefix,500,391.1435999980313,10.237399998004548,299.48370000056457,700.8646999966004,one shared preloaded model
syn-ea8d41b6d999d548,difference_prefix,500,392.2328999979072,10.136800003238022,278.4239999964484,680.7936999975936,one shared preloaded model
syn-d909cdb8cfcc9eb8,difference_prefix,500,385.5866000012611,14.453399999183603,298.81830000522314,698.8583000056678,one shared preloaded model
syn-23c6931c183f4ac9,difference_prefix,500,391.45030000508996,14.198700002452824,249.54869999783114,655.1977000053739,one shared preloaded model
syn-d3743cb521c05762,difference_prefix,500,459.4915999987279,14.629899997089524,358.99829999834765,833.1197999941651,one shared preloaded model
syn-c6956e0b7b8bbe93,difference_prefix,500,343.13999999722,14.363900001626462,202.70309999614256,560.206999994989,one shared preloaded model
syn-2c235f94902c2fbd,difference_prefix,500,389.7800000049756,10.72099999873899,186.14220000017667,586.6432000038913,one shared preloaded model
syn-5c84268454890acb,difference_prefix,500,300.8252999934484,10.070500000438187,423.40360000525834,734.299399999145,one shared preloaded model
syn-4d04fd9eb9e444fa,difference_prefix,500,449.7808000014629,14.27789999434026,307.48450000101,771.5431999968132,one shared preloaded model
syn-6acbf48ac4868565,difference_prefix,500,457.9158999986248,14.165799999318551,298.10989999532467,770.191599993268,one shared preloaded model
syn-cb4f29b8d39beaf7,difference_prefix,500,455.89490000566,14.697999999043532,288.0003999962355,758.593300000939,one shared preloaded model
syn-bdecfe39479ce931,difference_prefix,500,414.37299999961397,9.554999996908009,324.627000001783,748.554999998305,one shared preloaded model
syn-07d4c2689189fd19,difference_prefix,500,455.1059000004898,14.75650000065798,306.64750000141794,776.5099000025657,one shared preloaded model
syn-b0094bd3bc25f838,difference_prefix,500,455.7788999954937,14.252100001613144,247.13640000118176,717.1673999982886,one shared preloaded model
syn-c576d54a7fdd7ade,difference_prefix,500,372.2953000033158,10.382899999967776,333.63769999414217,716.3158999974257,one shared preloaded model
syn-ca1da64f4b7250ab,difference_prefix,500,464.7350999948685,14.967399998567998,159.7990000009304,639.5014999943669,one shared preloaded model
syn-400d16042183536f,difference_prefix,500,346.0278999991715,10.477900003024843,255.96970000333386,612.4755000055302,one shared preloaded model
syn-2fe6bde59301602d,difference_prefix,500,391.80490000580903,16.584299999522045,483.1309000001056,891.5201000054367,one shared preloaded model
syn-e4e5255b50b15865,difference_prefix,500,424.6098000003258,10.40340000326978,184.79490000027,619.8081000038655,one shared preloaded model
syn-8e029986a2e4be7e,difference_prefix,500,409.62459999718703,8.611799996288028,336.9622000027448,755.1985999962199,one shared preloaded model
syn-d460ec92ff2d1e65,difference_prefix,500,410.31639999710023,10.177099997235928,272.4971999996342,692.9906999939703,one shared preloaded model
syn-c7b7f75556d5e436,difference_prefix,500,365.7706000012695,10.551999999734107,320.14260000141803,696.4652000024216,one shared preloaded model
syn-729b066ef4e121a1,difference_prefix,500,429.2679999998654,14.47570000163978,318.791700003203,762.5354000047082,one shared preloaded model
syn-383ddb0c41c5feef,difference_prefix,500,383.9395999966655,14.446499997575302,251.98960000125226,650.375699995493,one shared preloaded model
syn-50d0f73de6cd03fd,difference_prefix,500,405.61719999823254,14.648800002760254,339.4071999937296,759.6731999947224,one shared preloaded model
syn-49216263546f83c9,difference_prefix,500,342.45210000517545,14.16350000363309,192.07999999343883,548.6956000022474,one shared preloaded model
syn-3d8ea15d71265a5d,difference_prefix,500,454.4492999993963,15.011099996627308,250.4174999994575,719.8778999954811,one shared preloaded model
syn-e71f9cfdd7e12520,difference_prefix,500,413.7821000040276,10.112999996636063,546.9097999957739,970.8048999964376,one shared preloaded model
syn-db387682b1226cfa,difference_prefix,500,349.29140000167536,10.114100005012006,185.28329999389825,544.6888000005856,one shared preloaded model
syn-57cbb0340d075fa2,difference_prefix,500,443.1412000049022,14.142500003799796,298.2599000024493,755.5436000111513,one shared preloaded model
syn-9df98212cdc08358,difference_prefix,500,430.951999995159,14.892999999574386,323.14359999872977,768.9885999934631,one shared preloaded model
syn-a1d1ea15e7221800,difference_prefix,500,417.4637000032817,14.36219999595778,310.6898000041838,742.5157000034233,one shared preloaded model
syn-2f4dce5ad69b3fa1,difference_prefix,500,435.2982999989763,14.43930000095861,249.74859999929322,699.4861999992281,one shared preloaded model
syn-7094b0e8de069d3a,difference_prefix,500,438.1596000021091,10.24939999479102,201.59509999939473,650.0040999962948,one shared preloaded model
syn-97802e05ca9a2d1c,difference_prefix,500,432.84159999893745,10.531200001423713,654.8535999972955,1098.2263999976567,one shared preloaded model
syn-d604fecf4b0498cd,difference_prefix,500,454.6716999975615,14.63829999556765,198.79400000354508,668.1039999966742,one shared preloaded model
syn-64c1006806b1711d,difference_prefix,500,421.5416000006371,10.90719999774592,291.9218999959412,724.3706999943242,one shared preloaded model
syn-4a8e3cff5312d6b5,difference_prefix,500,454.0729000000283,14.634799998020753,460.6749999948079,929.3826999928569,one shared preloaded model
syn-f940283a7af1f768,difference_prefix,500,317.41470000270056,10.64839999889955,354.49979999975767,682.5629000013578,one shared preloaded model
syn-00d8e9ad93855ab3,difference_prefix,500,416.2491000024602,9.986400000343565,318.4804999982589,744.7160000010626,one shared preloaded model
syn-b66b18aeb0ff8c75,difference_prefix,500,429.4573999941349,10.225199999695178,262.75059999898076,702.4331999928108,one shared preloaded model
syn-689eaa13f442395a,difference_prefix,500,441.14779999654274,14.716500001668464,246.87210000411142,702.7364000023226,one shared preloaded model
syn-47679c7bc2515e7e,difference_prefix,500,366.1701000019093,14.397099999769125,341.5194999979576,722.086699999636,one shared preloaded model
syn-8defe53d696d1e04,difference_prefix,500,327.95440000336384,14.04000000184169,352.79450000234647,694.788900007552,one shared preloaded model
syn-958fef865bbe0110,difference_prefix,500,463.3886000010534,14.577699999790639,260.9344999946188,738.9007999954629,one shared preloaded model
syn-4b17cac63cc0fd2e,difference_prefix,500,369.463299997733,14.553699998941738,188.9415999976336,572.9585999943083,one shared preloaded model
syn-c81b135ce954f21d,difference_prefix,500,347.0768999977736,9.024999999382999,289.3084999959683,645.4103999931249,one shared preloaded model
syn-a4421f1dbd3fdf53,difference_prefix,500,418.11680000682827,14.322900002298411,458.38490000460297,890.8246000137297,one shared preloaded model
syn-007bd7d84108708c,difference_prefix,500,319.8508999994374,10.462199999892619,302.3287999967579,632.6418999960879,one shared preloaded model
syn-33695a5bdb03a768,difference_prefix,500,442.1331999983522,9.464700000535231,286.717500006489,738.3154000053764,one shared preloaded model
syn-338c6b26a5bc1a7c,difference_prefix,500,409.8310000044876,14.398799998161849,329.47319999948377,753.7030000021332,one shared preloaded model
syn-e228218af7df0e27,difference_prefix,500,449.42010000522714,14.489599998341873,311.83180000516586,775.7415000087349,one shared preloaded model
syn-fcc74b53a32d5340,difference_prefix,500,311.4990000030957,10.491900000488386,281.0576999982004,603.0486000017845,one shared preloaded model
syn-6f04fd80b4ec7429,difference_prefix,500,447.8002000032575,14.04750000074273,250.48919999971986,712.3369000037201,one shared preloaded model
syn-5a2a82ec7118aced,difference_prefix,500,318.042200000491,10.71080000110669,358.9743999982602,687.7273999998579,one shared preloaded model
syn-929180aaf784df2d,difference_prefix,500,449.84950000070967,14.513299996906426,202.27909999812255,666.6418999957386,one shared preloaded model
syn-cb551660c3041446,difference_prefix,500,347.67130000545876,10.53019999380922,248.80370000028051,607.0051999995485,one shared preloaded model
syn-791a724e1d728c02,difference_prefix,500,465.72150000429247,15.255999998771586,506.3774000009289,987.354900003993,one shared preloaded model
syn-bbb931a8ac8328af,difference_prefix,500,392.4415000001318,14.276299996708985,354.00530000333674,760.7231000001775,one shared preloaded model
syn-ebdd58edff7c66b4,difference_prefix,500,451.6931000034674,14.099599997280166,330.01990000047954,795.8126000012271,one shared preloaded model
syn-dafad97333e5b987,difference_prefix,500,399.5656999977655,10.363100001995917,257.9226999951061,667.8514999948675,one shared preloaded model
syn-0b201ce7670c1977,difference_prefix,500,408.68719999707537,14.680499996757135,303.14260000159265,726.5102999954252,one shared preloaded model
syn-54b9cd4289abb716,difference_prefix,500,375.5317000031937,10.120099999767262,324.61530000000494,710.2671000029659,one shared preloaded model
syn-8bf1c6019e2fc30d,difference_prefix,500,417.1347000010428,14.592999999877065,442.8503000017372,874.5780000026571,one shared preloaded model
syn-f6299fe4338ea2f7,difference_prefix,500,428.5401999950409,14.575699999113567,299.51920000166865,742.6350999958231,one shared preloaded model
syn-38e61cc36ea3e36e,difference_prefix,500,435.43620000127703,14.438400001381524,203.00330000463873,652.8779000072973,one shared preloaded model
syn-197dc5be6d7f183f,difference_prefix,500,351.9263999987743,10.685100001865067,188.9216999989003,551.5331999995396,one shared preloaded model
syn-3ce9a38483b121d8,difference_prefix,500,453.29929999570595,11.70280000224011,299.04589999932796,764.047999997274,one shared preloaded model
syn-47583ae995fed3de,difference_prefix,500,450.134300001082,14.49480000155745,295.02879999927245,759.6579000019119,one shared preloaded model
syn-84f146205390e1cd,difference_prefix,500,460.2346999963629,14.164399995934218,338.30440000019735,812.7034999924945,one shared preloaded model
syn-028e71b6f78ee786,difference_prefix,500,451.96990000113146,12.335200000961777,320.76219999726163,785.0672999993549,one shared preloaded model
syn-4bc94b80a83ab669,difference_prefix,500,301.65539999870816,14.7785999943153,296.04330000438495,612.4772999974084,one shared preloaded model
syn-18c20066c2cb823b,difference_prefix,500,386.1856000003172,14.585500000976026,320.3625000023749,721.1336000036681,one shared preloaded model
syn-9897592c844df47a,difference_prefix,500,312.5434000030509,10.546099998464342,394.7587000002386,717.8482000017539,one shared preloaded model
syn-f1a339235669aeb9,difference_prefix,500,295.1071999996202,10.462500002176967,325.394999999844,630.9647000016412,one shared preloaded model
syn-cfdf94c12c6fc750,difference_prefix,500,449.15230000333395,11.69810000283178,152.07509999891045,612.9255000050762,one shared preloaded model
syn-d74d75f2f11faece,difference_prefix,500,369.82029999489896,10.538000002270564,186.2364999979036,566.5947999950731,one shared preloaded model
syn-783c82d75d29289f,difference_prefix,500,443.8443000035477,14.74229999439558,511.86150000285124,970.4481000007945,one shared preloaded model
syn-59238d3be02262dc,difference_prefix,500,348.1644999992568,9.794400000828318,296.15999999805354,654.1188999981387,one shared preloaded model
syn-5a59b3e48be3ebf3,difference_prefix,500,397.9765000040061,13.509200005501043,304.11840000306256,715.6041000125697,one shared preloaded model
syn-ff213c8fcd806780,difference_prefix,500,452.8668999992078,14.315699998405762,311.40400000003865,778.5865999976522,one shared preloaded model
syn-b53133f7f8a9ffec,difference_prefix,500,392.6778999957605,14.247300001443364,299.32210000697523,706.2473000041791,one shared preloaded model
syn-e35eabac503525f5,difference_prefix,500,396.3789999979781,14.614399995480198,205.77100000082282,616.7643999942811,one shared preloaded model
syn-f06e91bb302cec90,difference_prefix,500,428.47790000087116,14.257499999075662,249.2800999971223,692.0154999970691,one shared preloaded model
syn-8e0605a240c5d9de,difference_prefix,500,439.65880000178004,9.481100001721643,271.0793000005651,720.2192000040668,one shared preloaded model
syn-e187101b9c61e6e0,difference_prefix,500,456.1902999994345,14.739800004463177,175.36669999390142,646.2967999977991,one shared preloaded model
syn-0adbc4dcb9081517,difference_prefix,500,455.1505999988876,14.984200002800208,252.32510000205366,722.4599000037415,one shared preloaded model
syn-950a8c7f7b083c05,difference_prefix,500,452.11200000630924,14.314899999590125,512.6725000009174,979.0994000068167,one shared preloaded model
syn-c33b261bc5974ad6,difference_prefix,500,454.5347999955993,14.411800002562813,328.02000000083353,796.9665999989957,one shared preloaded model
syn-5ae41b4c78656072,difference_prefix,500,432.3750999974436,10.26570000249194,319.68220000271685,762.3230000026524,one shared preloaded model
syn-5e6cea10982a3491,difference_prefix,500,449.3657999992138,13.942300000053365,301.1955999972997,764.5036999965669,one shared preloaded model
syn-393c8d17ecc49c08,difference_prefix,500,391.6869999957271,10.295799998857547,289.5021000003908,691.4848999949754,one shared preloaded model
syn-ea7a1a0f2c892d07,difference_prefix,500,372.20240000169724,10.292700004356448,254.69029999658233,637.185400002636,one shared preloaded model
syn-0e782853a7ea3314,difference_prefix,500,335.40090000315104,14.239299998735078,202.46559999941383,552.1058000012999,one shared preloaded model
syn-960381de09bea452,difference_prefix,500,435.665600001812,14.89199999923585,322.28970000142,772.8473000024678,one shared preloaded model
syn-6e1920560ba226cf,difference_prefix,500,411.50000000197906,15.024499996798113,147.318000002997,573.8425000017742,one shared preloaded model
syn-51d5124dceba73dc,difference_prefix,500,454.9697999973432,15.122600001632236,252.75870000041323,722.8510999993887,one shared preloaded model
syn-3eb2443275ddd447,difference_prefix,500,387.4309999955585,15.307599998777732,487.1578000020236,889.8963999963598,one shared preloaded model
syn-8614bcc399988fce,difference_prefix,500,464.8195999980089,14.559000002918765,318.15389999974286,797.5325000006706,one shared preloaded model
syn-3cdf107cfd43e0fd,difference_prefix,500,441.67149999702815,14.289900005678646,345.509700004186,801.4711000068928,one shared preloaded model
syn-288492c196f1e57d,difference_prefix,500,378.6054999945918,10.052300000097603,299.29669999546604,687.9544999901555,one shared preloaded model
syn-6aeddd7478f8dad1,difference_prefix,500,460.8405000035418,14.441200000874233,326.24180000129854,801.5235000057146,one shared preloaded model
syn-f7ce21c285c45a2e,difference_prefix,500,456.04179999645567,14.620099995227065,301.4899999980116,772.1518999896944,one shared preloaded model
syn-e3f6ba4e5a28c2de,difference_prefix,500,405.0978999948711,12.496900002588518,223.34430000046268,640.9390999979223,one shared preloaded model
syn-b660cc0eacfc23b6,difference_prefix,500,451.4223000005586,14.510699998936616,300.15170000115177,766.084700000647,one shared preloaded model
syn-b50f9f7062eca05f,difference_prefix,500,307.4692000009236,11.006700005964376,173.8069999992149,492.28290000610286,one shared preloaded model
syn-0fc1f31ae9a93aa7,difference_prefix,500,347.60589999496005,15.116999995370861,231.92420000123093,594.6470999915618,one shared preloaded model
syn-d2aeb79af2c427b5,difference_prefix,500,352.0336000001407,10.387000002083369,322.6289000012912,685.0495000035153,one shared preloaded model
syn-62826ec1b9b4a016,difference_prefix,500,418.4714000002714,14.343100003316067,297.1752999947057,729.9897999982932,one shared preloaded model
syn-d29f5aeb7170134e,difference_prefix,500,456.2283999985084,14.261099997384008,284.76599999703467,755.2554999929271,one shared preloaded model
syn-a38b4624e16666f7,difference_prefix,500,381.584800001292,10.181899997405708,380.3288999988581,772.0955999975558,one shared preloaded model
syn-75b1ed43bc65fd9e,difference_prefix,500,387.68269999854965,14.20930000313092,265.1980000009644,667.090000002645,one shared preloaded model
syn-8494bae6d11ac2e7,difference_prefix,500,410.8316999991075,10.746599997219164,312.6510999936727,734.2293999899994,one shared preloaded model
syn-7ee1f42a5629174b,difference_prefix,500,424.8762999995961,10.146799999347422,233.91730000003008,668.9403999989736,one shared preloaded model
syn-3fe4991bf0c2ad44,difference_prefix,500,342.772200005129,10.421300001326017,292.3685999994632,645.5621000059182,one shared preloaded model
syn-1e2ecfd6d2f82460,difference_prefix,500,453.64649999828544,15.004200002294965,123.96309999894584,592.6137999995262,one shared preloaded model
syn-64cd3953dfea1b8a,difference_prefix,500,400.69239999866113,15.951499997754581,264.69060000090394,681.3344999973197,one shared preloaded model
syn-8baac05c82412799,difference_prefix,500,310.3506000043126,14.713800002937205,463.7092999982997,788.7737000055495,one shared preloaded model
syn-6d1ad2459478a841,difference_prefix,500,453.53939999768045,14.494499999273103,353.6217000000761,821.6555999970296,one shared preloaded model
syn-67f82b8b4f21c426,difference_prefix,500,329.9849999966682,10.90470000053756,295.7304000010481,636.6200999982539,one shared preloaded model
syn-28a468ec5ccd074e,difference_prefix,500,419.99200000282144,10.276399996655528,324.1857000029995,754.4541000024765,one shared preloaded model
syn-22ae75de761a6523,difference_prefix,500,381.03509999928065,14.19789999636123,338.58730000065407,733.820299996296,one shared preloaded model
syn-438d58bc4faa40a6,difference_prefix,500,438.8808000003337,10.849700003745966,298.93089999677613,748.6614000008558,one shared preloaded model
syn-00b33be7e49faf14,difference_prefix,500,392.4933000016608,10.281900002155453,249.89609999465756,652.6712999984738,one shared preloaded model
syn-0de255f30bd2a43b,difference_prefix,500,401.19020000565797,9.874399998807348,327.13529999455204,738.1998999990174,one shared preloaded model
syn-5b8adc69152415ba,difference_prefix,500,444.6828000000096,14.55780000105733,203.5810999950627,662.8216999961296,one shared preloaded model
syn-7294b757a8e851e2,difference_prefix,500,441.7715000017779,15.113000001292676,242.23409999831347,699.118600001384,one shared preloaded model
syn-044b82cb725cda4f,difference_prefix,500,429.7134000007645,14.45419999799924,425.3893999994034,869.5569999981672,one shared preloaded model
syn-318d78f2ab7b3615,difference_prefix,500,344.2877999987104,9.11880000057863,235.12510000000475,588.5316999992938,one shared preloaded model
syn-6abf77247fcceec9,difference_prefix,500,435.4495000006864,14.652999998361338,306.6201999972691,756.7226999963168,one shared preloaded model
syn-d820c6a8ffaad975,difference_prefix,500,347.65930000139633,14.356899999256711,330.16700000007404,692.1832000007271,one shared preloaded model
syn-35e6eeacf4a5b0e7,difference_prefix,500,455.3301000050851,14.480199999525212,345.5946000030963,815.4049000077066,one shared preloaded model
syn-5f13f7d39a6f9dd2,difference_prefix,500,348.928799998248,8.909700001822785,322.04480000655167,679.8833000066224,one shared preloaded model
syn-d79f56bbac52b78f,difference_prefix,500,425.4039000006742,14.072600002691615,446.3718000042718,885.8483000076376,one shared preloaded model
syn-d94f9f88e7330cf3,difference_prefix,500,384.209900003043,14.557000002241693,319.4647999989684,718.2317000042531,one shared preloaded model
syn-9af8470ca231317c,difference_prefix,500,371.5384000024642,14.418500002648216,157.3759999955655,543.3329000006779,one shared preloaded model
syn-016a620ea89d026c,difference_prefix,500,450.047700003779,15.038099998491816,250.76460000127554,715.8504000035464,one shared preloaded model
syn-0ab4f7c4f93101df,difference_prefix,500,463.1380999999237,14.981500004068948,250.41629999759607,728.5359000015887,one shared preloaded model
syn-673ad9a7a3815527,difference_prefix,500,408.78930000326363,14.455099997576326,251.58530000044266,674.8297000012826,one shared preloaded model
syn-9637d112539c2596,difference_prefix,500,446.68129999627126,14.3884999997681,297.04680000577355,758.1166000018129,one shared preloaded model
syn-9efd28a908d96377,difference_prefix,500,458.4082000001217,14.998900005593896,307.81040000147186,781.2175000071875,one shared preloaded model
syn-b5fd479043a1f5f0,difference_prefix,500,455.0865999990492,14.5671000063885,300.1475000055507,769.8012000109884,one shared preloaded model
syn-b31097c5f8432523,difference_prefix,500,348.9850999976625,14.2991999964579,440.3459000022849,803.6301999964053,one shared preloaded model
syn-e3988356cb634b76,difference_prefix,500,451.2953000012203,14.252699998905882,434.90879999444587,900.4567999945721,one shared preloaded model
syn-b93d2fbde0d87e43,difference_prefix,500,327.26759999786736,14.327400000183843,337.1460999987903,678.7410999968415,one shared preloaded model
syn-e6bb0f45ecff59ec,difference_prefix,500,450.37479999882635,14.53639999817824,141.6726999959792,606.5838999929838,one shared preloaded model
syn-5de10839a991bd18,difference_prefix,500,304.1787000038312,10.576100001344457,189.18420000409242,503.93900000926806,one shared preloaded model
syn-1d26b78349295a8c,difference_prefix,500,407.5431000019307,10.317400003259536,538.7607000011485,956.6212000063388,one shared preloaded model
syn-13a80fedd9f32081,difference_prefix,500,381.5954000019701,14.240399999835063,253.4462000039639,649.2820000057691,one shared preloaded model
syn-fc5e97f03a0bdaea,difference_prefix,500,402.60850000049686,14.171399998303968,245.83410000195727,662.6140000007581,one shared preloaded model
syn-05d8cf96104d2a05,difference_prefix,500,360.0616000039736,14.308699996036012,326.2682999993558,700.6385999993654,one shared preloaded model
syn-10f60f169ff33d8a,difference_prefix,500,448.1895999997505,14.46369999757735,345.6415999971796,808.2948999945074,one shared preloaded model
syn-92e00dc4ce0b433f,difference_prefix,500,361.7811000003712,10.26830000046175,309.05730000085896,681.1067000016919,one shared preloaded model
syn-8b04cba97d6011be,difference_prefix,500,434.0814000024693,14.176199998473749,185.36950000270735,633.6271000036504,one shared preloaded model
syn-d5d82482f42433eb,difference_prefix,500,455.5331000010483,14.722499996423721,342.18569999939064,812.4412999968627,one shared preloaded model
syn-c11b77eb7b11634e,difference_prefix,500,456.66390000405954,14.428100002987776,175.57549999764888,646.6675000046962,one shared preloaded model
syn-45838d23bff0c54b,difference_prefix,500,338.77750000101514,9.938499999407213,201.53790000040317,550.2539000008255,one shared preloaded model
syn-59a6301268ac351a,difference_prefix,500,440.9566999966046,15.625600004568696,568.7915000016801,1025.3738000028534,one shared preloaded model
syn-51f7894767e333b4,difference_prefix,500,420.27979999693343,15.421399999468122,253.4291999982088,689.1303999946103,one shared preloaded model
syn-b2383b732780e64c,difference_prefix,500,387.9406999985804,14.380900000105612,299.3605000010575,701.6820999997435,one shared preloaded model
syn-8b0cbb2202ca8bee,difference_prefix,500,454.55979999678675,14.538299998093862,322.15960000030464,791.2576999951852,one shared preloaded model
syn-3c99834715dc06fe,difference_prefix,500,399.6186000003945,10.100999999849591,281.08549999888055,690.8050999991246,one shared preloaded model
syn-bbb693659e15d4a8,difference_prefix,500,456.51920000091195,14.584099997591693,317.2952000022633,788.398500000767,one shared preloaded model
syn-ae370afd87dce67b,difference_prefix,500,396.52989999740385,8.665900000778493,418.3582999976352,823.5540999958175,one shared preloaded model
syn-d9bb103e78d1ea00,difference_prefix,1000,765.7992000022205,10.238000002573244,279.6353000012459,1055.6725000060396,one shared preloaded model
syn-6ce2e118d31157fe,difference_prefix,1000,884.3147000006866,14.682499997434206,1665.6368000039947,2564.6340000021155,one shared preloaded model
syn-042dd477cdf0308a,difference_prefix,1000,712.6948000004631,9.792200005904306,1205.303399998229,1927.7904000045964,one shared preloaded model
syn-281283cfabfbdcea,difference_prefix,1000,779.3861000027391,14.79760000074748,1727.802299996256,2521.9859999997425,one shared preloaded model
syn-8efa4ab49e1a80d2,difference_prefix,1000,741.454100003466,14.627399999881163,1302.6014999995823,2058.6830000029295,one shared preloaded model
syn-b17fc4077a328a69,difference_prefix,1000,744.854700002179,14.685799993458204,1617.3297999994247,2376.870299995062,one shared preloaded model
syn-7e6f50b922375dde,difference_prefix,1000,747.0345000037923,9.456899999349844,1595.1243999952567,2351.615799998399,one shared preloaded model
syn-fc2eb6d5aff91ebe,difference_prefix,1000,705.7776000001468,15.345399995567277,1699.408400003449,2420.531399999163,one shared preloaded model
syn-938ad03c92c97011,difference_prefix,1000,659.4659999973373,8.92990000284044,1637.6877000002423,2306.08360000042,one shared preloaded model
syn-f6b8e9d890741e55,difference_prefix,1000,585.9809999965364,13.71159999689553,1667.2594000046956,2266.9519999981276,one shared preloaded model
syn-b36a5940cf945a14,difference_prefix,1000,767.703800003801,14.382800000021234,1744.6599999966566,2526.746600000479,one shared preloaded model
syn-0ed7b68c61dbfde9,difference_prefix,1000,851.5478999979678,15.03239999874495,1755.9418000018923,2622.522099998605,one shared preloaded model
syn-5fae0fa10fdf31d3,difference_prefix,1000,832.8498000046238,10.53459999820916,320.32600000093225,1163.7104000037652,one shared preloaded model
syn-dba8ca745e0a3cdc,difference_prefix,1000,589.7590000022319,10.227700004179496,1595.7142999977805,2195.701000004192,one shared preloaded model
syn-fcfb5732ec54f0c8,difference_prefix,1000,863.306700004614,14.688100003695581,252.47350000427105,1130.4683000125806,one shared preloaded model
syn-08effc2a25c11f9c,difference_prefix,1000,623.1499999994412,14.78320000023814,1441.152499995951,2079.0856999956304,one shared preloaded model
syn-9e6381dab1dfdb96,difference_prefix,1000,583.7466000011773,13.24929999827873,1025.6598000050872,1622.6557000045432,one shared preloaded model
syn-dca5cb7288e8636e,difference_prefix,1000,662.5424000012572,10.799999996379483,1643.705200003751,2317.0476000013878,one shared preloaded model
syn-f4ff0a2d232530ca,difference_prefix,1000,602.7532000007341,10.743099999672268,1624.6996000045328,2238.195900004939,one shared preloaded model
syn-5f1b8d8a7822fd7e,difference_prefix,1000,777.1666999979061,14.47129999723984,1242.4051999987569,2034.0431999939028,one shared preloaded model
syn-94aba5b9e5062a27,difference_prefix,1000,829.5454000035534,10.218000003078487,533.0697999961558,1372.8332000027876,one shared preloaded model
syn-3e6c511cd2b560d8,difference_prefix,1000,758.0948999966495,10.475800001586322,81.96339999994962,850.5340999981854,one shared preloaded model
syn-ac20d91143a0590b,difference_prefix,1000,797.9563000044436,14.719899998453911,298.15159999998286,1110.8278000028804,one shared preloaded model
syn-0efffe40eebe4463,difference_prefix,1000,607.3450000039884,10.350299999117851,96.20520000316901,713.9005000062753,one shared preloaded model
syn-b83885bc9e64ce19,difference_prefix,1000,649.6772000027704,14.583099997253157,1066.90840000374,1731.1687000037637,one shared preloaded model
syn-ee19c3767fd74bed,difference_prefix,1000,716.2724000008893,14.537099996232428,565.4045999981463,1296.214099995268,one shared preloaded model
syn-7c2d788567f6ca4c,difference_prefix,1000,747.0912999997381,13.639699995110277,1847.660999999789,2608.3919999946374,one shared preloaded model
syn-3a8019f3d5dc68c0,difference_prefix,1000,583.9431999993394,9.552300005452707,1945.541500004765,2539.0370000095572,one shared preloaded model
syn-e8c65398929f4acf,difference_prefix,1000,815.0282999995397,14.571200001228135,1591.6422000009334,2421.2417000017012,one shared preloaded model
syn-3f66ed559cedc115,difference_prefix,1000,645.2868999986094,10.485000006156042,1623.5465999998269,2279.3185000045924,one shared preloaded model
syn-12ccf1fda7a5ba55,difference_prefix,1000,660.8684999955585,14.64269999996759,329.9828000017442,1005.4939999972703,one shared preloaded model
syn-a12f2b7d49824e38,difference_prefix,1000,650.0110999986646,14.742400002432987,1782.341300000553,2447.0948000016506,one shared preloaded model
syn-391e97cd74ab7f0a,difference_prefix,1000,840.089800003625,14.367399999173358,1005.851599999005,1860.3088000018033,one shared preloaded model
syn-e720b237f4f6f0d3,difference_prefix,1000,837.7915999953984,14.721899999130983,1584.177600001567,2436.6910999960965,one shared preloaded model
syn-8de662f9190a975f,difference_prefix,1000,740.198399995279,10.389999995823018,1063.805500001763,1814.393899992865,one shared preloaded model
syn-887cf2e03d326777,difference_prefix,1000,781.9087999960175,14.516600000206381,1829.2128000030061,2625.63819999923,one shared preloaded model
syn-89035a06fe530ebf,difference_prefix,1000,699.6226999981445,14.725300003192388,1735.6052999966778,2449.9532999980147,one shared preloaded model
syn-cb5f2c3f5795cde4,difference_prefix,1000,725.5480000021635,10.803500001202337,1636.1993000027724,2372.550800006138,one shared preloaded model
syn-81dc91cf54ed73d1,difference_prefix,1000,738.4005999992951,10.113600001204759,1635.9382000009646,2384.4524000014644,one shared preloaded model
syn-72347d36c62375b2,difference_prefix,1000,597.1625999954995,14.50710000062827,351.1119999966468,962.7816999927745,one shared preloaded model
syn-4bae06c6c4fc1f14,difference_prefix,1000,869.6743000036804,10.422100000141654,388.4055000016815,1268.5019000055036,one shared preloaded model
syn-45a3475be0025375,difference_prefix,1000,801.6772999981185,10.647499999322463,100.61809999751858,912.9428999949596,one shared preloaded model
syn-c5a53c1e41ca2f77,difference_prefix,1000,733.1478999985848,14.10819999728119,270.95120000012685,1018.2072999959928,one shared preloaded model
syn-f6773edb4955f847,difference_prefix,1000,803.7600999959977,14.959000000089873,1678.2260999971186,2496.945199993206,one shared preloaded model
syn-58b316290cd24af7,difference_prefix,1000,628.7461000028998,14.53390000096988,627.5844000047073,1270.864400008577,one shared preloaded model
syn-d48e529b99148b62,difference_prefix,1000,703.3647000062047,14.65710000047693,1678.8569999989704,2396.878800005652,one shared preloaded model
syn-c59f2789c582ce72,difference_prefix,1000,788.1176999944728,10.491400003957096,1624.4804000016302,2423.08950000006,one shared preloaded model
syn-439f1c31894cda85,difference_prefix,1000,842.7532999994582,10.412600000563543,1570.765800002846,2423.9317000028677,one shared preloaded model
syn-bc315d39ab7b8d07,difference_prefix,1000,746.7477999962284,14.693800003442448,1826.355200006219,2587.79680000589,one shared preloaded model
syn-ff528767efd5ed85,difference_prefix,1000,637.9543000002741,10.265499993693084,102.3256999978912,750.5454999918584,one shared preloaded model
syn-65c7958efb0596b8,difference_prefix,1000,935.8551000041189,11.109200000646524,295.0732999961474,1242.0376000009128,one shared preloaded model
syn-54f9c57cabda9bb7,difference_prefix,1000,688.2096999979694,15.036899996630382,1687.2030000013183,2390.449599995918,one shared preloaded model
syn-b667d2c320a8600f,difference_prefix,1000,770.9885000003851,10.608500000671484,287.9683999999543,1069.5654000010109,one shared preloaded model
syn-a179f0ac6d5bd80b,difference_prefix,1000,788.9985000001616,12.437699995643925,1579.535200005921,2380.9714000017266,one shared preloaded model
syn-0837b68c448c02ef,difference_prefix,1000,822.341500002949,11.536799996974878,1068.5109000041848,1902.3892000041087,one shared preloaded model
syn-4cb03cf39f71f86d,difference_prefix,1000,816.3180999981705,10.559000002103858,76.6282999975374,903.5053999978118,one shared preloaded model
syn-81ff57e4c3f23708,difference_prefix,1000,775.0620000006165,10.365800000727177,1609.1983000005712,2394.626100001915,one shared preloaded model
syn-d4eee0faf98bee16,difference_prefix,1000,730.9471999978996,10.953000004519708,55.097500000556465,796.9977000029758,one shared preloaded model
syn-8ccf977ded1bf95e,difference_prefix,1000,886.6710000002058,14.60899999801768,1925.768799999787,2827.0487999980105,one shared preloaded model
syn-aa50f0aa293375df,difference_prefix,1000,723.7973999945098,10.474399998201989,402.6653999972041,1136.9371999899158,one shared preloaded model
syn-3024acb3548890e1,difference_prefix,1000,739.1031000006478,14.579900001990609,297.93720000452595,1051.6202000071644,one shared preloaded model
syn-466bce93c4ee97a9,difference_prefix,1000,828.9854999966337,15.540700005658437,1556.9617000001017,2401.487900002394,one shared preloaded model
syn-ea86488068c8be5d,difference_prefix,1000,803.3205999963684,10.249200000544079,537.2693999961484,1350.839199993061,one shared preloaded model
syn-c93a303ba2cb0a5e,difference_prefix,1000,723.2939999958035,14.688099996419623,1630.8680000001914,2368.8500999924145,one shared preloaded model
syn-39bd187f8d495145,difference_prefix,1000,759.9392999982229,14.508100000966806,1567.612899998494,2342.0602999976836,one shared preloaded model
syn-eacb4ffcbb2d86d7,difference_prefix,1000,694.4361999994726,10.491400003957096,1872.4797000031685,2577.4073000065982,one shared preloaded model
syn-5b845e0d83ffe943,difference_prefix,1000,760.3161000006367,14.781999998376705,104.46880000381498,879.5669000028283,one shared preloaded model
syn-67da6153707a7cf3,difference_prefix,1000,740.9861000051023,15.329299996665213,56.64280000200961,812.9582000037772,one shared preloaded model
syn-208a5f0e612e75dc,difference_prefix,1000,755.5825999952503,14.803199999732897,2062.171899997338,2832.5576999923214,one shared preloaded model
syn-3f0a998814cff481,difference_prefix,1000,743.7780000036582,14.66190000064671,1635.0824999972247,2393.5224000015296,one shared preloaded model
syn-bbf2766c5553d357,difference_prefix,1000,640.2048000018112,14.730799994140398,316.0901000010199,971.0256999969715,one shared preloaded model
syn-28c5f4952dec1158,difference_prefix,1000,701.6468999936478,10.546199999225792,1539.1670000026352,2251.360099995509,one shared preloaded model
syn-f0710eb347d7f49f,difference_prefix,1000,752.4029999985942,10.589600002276711,252.87000000389526,1015.8626000047661,one shared preloaded model
syn-fae97a6c6007ca4b,difference_prefix,1000,697.102600002836,14.901299997291062,1672.0322999972268,2384.036199997354,one shared preloaded model
syn-26da2551ebdb99b0,difference_prefix,1000,686.9382000004407,14.54340000054799,801.3807999959681,1502.8623999969568,one shared preloaded model
syn-d6a3c849308efc93,difference_prefix,1000,669.2139000006136,10.566999997536186,1412.8085999982432,2092.589499996393,one shared preloaded model
syn-5e831158aecf073c,difference_prefix,1000,663.4272000010242,15.11430000391556,1627.2739000050933,2305.815400010033,one shared preloaded model
syn-0df1020fb1cfac7b,difference_prefix,1000,630.3412000052049,15.482999995583668,1687.8579999975045,2333.682199998293,one shared preloaded model
syn-14895e28ff83d627,difference_prefix,1000,720.8261999985552,14.819900003203657,1628.6917999968864,2364.3378999986453,one shared preloaded model
syn-280893883faff475,difference_prefix,1000,657.663699996192,14.66709999658633,1613.7168999994174,2286.0476999921957,one shared preloaded model
syn-64c9f4524a637e29,difference_prefix,1000,756.5747999979067,14.74679999955697,325.27719999779947,1096.598799995263,one shared preloaded model
syn-a059274c871b0476,difference_prefix,1000,750.7154000049923,10.410599999886472,1607.1885999990627,2368.3146000039415,one shared preloaded model
syn-62d3ee9ce3d7c7ac,difference_prefix,1000,831.5825000026962,14.585199998691678,1637.7018999992288,2483.8696000006166,one shared preloaded model
syn-a3ab9227eebf5a53,difference_prefix,1000,732.5041000003694,14.838399998552632,1707.3115999955917,2454.6540999945137,one shared preloaded model
syn-eae30fdc794e4b34,difference_prefix,1000,746.7058000038378,9.282300001359545,75.77339999988908,831.7615000050864,one shared preloaded model
syn-48ca6ad89fc59895,difference_prefix,1000,813.4876999974949,15.487800003029406,295.28999999456573,1124.26549999509,one shared preloaded model
syn-500f7069b993394b,difference_prefix,1000,775.7396000015433,14.864000004308764,1208.4740000063903,1999.0776000122423,one shared preloaded model
syn-9b96067dc9ef5446,difference_prefix,1000,841.8643999975757,15.376499999547377,229.84859999996843,1087.0894999970915,one shared preloaded model
syn-7a3b2bb542adde01,difference_prefix,1000,792.2822999971686,14.675100006570574,1605.72559999855,2412.683000002289,one shared preloaded model
syn-f7c0ebbe60722761,difference_prefix,1000,755.4627000063192,14.71490000403719,1630.6691999998293,2400.8468000101857,one shared preloaded model
syn-dac579b4ce47aca7,difference_prefix,1000,813.6733999999706,14.61610000114888,321.32569999521365,1149.615199996333,one shared preloaded model
syn-bcbefb9be90d6a25,difference_prefix,1000,751.5324999985751,15.118499999516644,1694.409199997608,2461.0601999957,one shared preloaded model
syn-2695661d1bea2959,difference_prefix,1000,786.7478000043775,14.597299996239599,52.38349999854108,853.7285999991582,one shared preloaded model
syn-1b898866130111e0,difference_prefix,1000,793.4500000046683,14.680299995234236,1959.0017000009539,2767.1320000008564,one shared preloaded model
syn-1a1996e4100eeaad,difference_prefix,1000,623.6396999956924,10.37499999802094,1584.7961000035866,2218.8107999973,one shared preloaded model
syn-8d77e003873ed40a,difference_prefix,1000,728.1263999975636,14.6521999995457,1600.140399998054,2342.918999995163,one shared preloaded model
syn-cdc296dc9c776cdb,difference_prefix,1000,719.0786000064691,10.320299996237736,1609.3428999956814,2338.741799998388,one shared preloaded model
syn-8327f78363600d81,difference_prefix,1000,800.2825000003213,10.847699995792937,1691.2907000005362,2502.4208999966504,one shared preloaded model
syn-5e6ee2f73290048f,difference_prefix,1000,757.1626999997534,14.693600001919549,124.1816000037943,896.0379000054672,one shared preloaded model
syn-23e8742860b2a62a,difference_prefix,1000,644.101199999568,10.553699998126831,1609.3637999947532,2264.018699992448,one shared preloaded model
syn-f04d6c7f370e4a29,difference_prefix,1000,796.2605999928201,14.283999997132923,299.14930000086315,1109.6938999908161,one shared preloaded model
syn-b80b2e97a4db7a97,difference_prefix,1000,709.3233999985387,15.236899998853914,1626.422300003469,2350.9826000008616,one shared preloaded model
syn-ba2a7ef9baa4b877,difference_prefix,1000,727.4395000058576,10.285600001225248,1591.976199997589,2329.701300004672,one shared preloaded model
syn-71222cfc29e9341b,difference_prefix,1000,818.85229999898,14.831399996182881,1654.7104999990552,2488.394199994218,one shared preloaded model
syn-c28e151e0a17cca4,difference_prefix,1000,695.2740999986418,14.499699995212723,768.7320000040927,1478.5057999979472,one shared preloaded model
syn-f146e261fff2b363,difference_prefix,1000,654.9995000023046,10.501199998543598,1618.527400001767,2284.0281000026152,one shared preloaded model
syn-bcc90fb9386303b5,difference_prefix,1000,767.2287000023061,14.92800000414718,1638.266100002511,2420.4228000089643,one shared preloaded model
syn-543acec00104d069,difference_prefix,1000,847.3777000035625,15.326300002925564,55.13539999810746,917.8394000045955,one shared preloaded model
syn-a777a0449ca3fb5f,difference_prefix,1000,823.5860999993747,13.57300000381656,1637.8143999972963,2474.9735000004875,one shared preloaded model
syn-c06a91abc63c98c7,difference_prefix,1000,806.7225999984657,14.910799996869173,1607.6272999998764,2429.2606999952113,one shared preloaded model
syn-b99931850336a20f,difference_prefix,1000,820.2713999999105,14.888899997458793,300.41650000202935,1135.5767999993986,one shared preloaded model
syn-59385e24e872000c,difference_prefix,1000,787.6778999998351,10.68410000152653,1553.409100000863,2351.7711000022246,one shared preloaded model
syn-0892a57b654e40e8,difference_prefix,1000,697.6712999967276,10.39949999540113,1625.7429999968736,2333.8137999890023,one shared preloaded model
syn-fb34245e0892cc7a,difference_prefix,1000,691.3417999967351,10.499099997105077,1580.7082000028458,2282.549099996686,one shared preloaded model
syn-b08ae709b1c9d822,difference_prefix,1000,714.0832000004593,14.526099999784492,1626.3349000000744,2354.9442000003182,one shared preloaded model
syn-e2db30e7d5c4dde6,difference_prefix,1000,670.7425999993575,10.576100001344457,1230.4109999968205,1911.7296999975224,one shared preloaded model
syn-dd60639750ea62b4,difference_prefix,1000,715.0036000020918,15.23319999978412,157.1468999973149,887.3836999991909,one shared preloaded model
syn-cbaa4569873ac834,difference_prefix,1000,769.2639999950188,15.4194999995525,1979.7308999986853,2764.4143999932567,one shared preloaded model
syn-520903a645d5ecfb,difference_prefix,1000,845.5306999967434,14.82160000159638,1549.8368000044138,2410.1891000027535,one shared preloaded model
syn-5e9fd87a5016cddd,difference_prefix,1000,709.1963999992004,10.620500004733913,1631.4887999978964,2351.3057000018307,one shared preloaded model
syn-f1b52658363e3b92,difference_prefix,1000,711.4255999986199,14.51959999394603,319.3100999997114,1045.2552999922773,one shared preloaded model
syn-18b9d6ac9e7049fb,difference_prefix,1000,763.3239000060712,14.505799998005386,1794.1416000030586,2571.971300007135,one shared preloaded model
syn-008384cdd30eea44,difference_prefix,1000,765.9582999986014,14.97949999611592,690.4016999978921,1471.3394999926095,one shared preloaded model
syn-ab404be3043d317f,difference_prefix,1000,909.4298999989405,14.72259999718517,2084.9783000012394,3009.130799997365,one shared preloaded model
syn-172454acf1cf66e2,difference_prefix,1000,630.1929999972344,14.549500003340654,249.13339999329764,893.8758999938727,one shared preloaded model
syn-27d81a44d9d7eb1d,difference_prefix,1000,723.0653000005987,14.829600004304666,1574.0909999949508,2311.985899999854,one shared preloaded model
syn-d07f7ebc6d1de23b,difference_prefix,1000,878.8658999983454,15.403099998366088,1651.1723999938113,2545.4413999905228,one shared preloaded model
syn-a2663843442b6cc3,difference_prefix,1000,732.7323999998043,15.414099994814023,1610.5070000048727,2358.653499999491,one shared preloaded model
syn-1cdee48c3989dff6,difference_prefix,1000,790.6195000032312,14.809299995249603,1596.9629000028362,2402.391700001317,one shared preloaded model
syn-c3e03635fe54efbb,difference_prefix,1000,687.0539000010467,10.588500001176726,1923.217499999737,2620.8599000019603,one shared preloaded model
syn-f145453cd704f938,difference_prefix,1000,691.4442999986932,10.032600002887193,507.6506000041263,1209.1275000057067,one shared preloaded model
syn-19a39e333ceb7176,difference_prefix,1000,830.5533999955514,10.656100006599445,1593.5757999977795,2434.7852999999304,one shared preloaded model
syn-b2af4633bfb40235,difference_prefix,1000,793.0758000002243,10.910600001807325,308.28460000338964,1112.2710000054212,one shared preloaded model
syn-2c55a3011f2a0d9a,difference_prefix,1000,757.0374999995693,14.726000001246575,1650.7297999996808,2422.4933000004967,one shared preloaded model
syn-01c5f8e95e41a7a5,difference_prefix,1000,824.2436000000453,14.563000004272908,1294.4645999959903,2133.2712000003085,one shared preloaded model
syn-791e007bcf48f98c,difference_prefix,1000,704.9198999957298,14.698299994051922,1642.5281999981962,2362.146399987978,one shared preloaded model
syn-259b9d737befeb57,difference_prefix,1000,582.9907000006642,10.503500001505017,1590.0230999977794,2183.5172999999486,one shared preloaded model
syn-54b5a6194fc6fd8e,difference_prefix,1000,763.9683000015793,15.505199997278396,1667.878699998255,2447.3521999971126,one shared preloaded model
syn-8f4277d9948d448f,difference_prefix,1000,737.5654999996186,14.805599996179808,1715.092899998126,2467.4639999939245,one shared preloaded model
syn-e049688b82633c17,difference_prefix,1000,637.7099000019371,14.659499996923842,1627.6696000059019,2280.039000004763,one shared preloaded model
syn-50f7efbbd3b49e8b,difference_prefix,1000,790.0800999996136,14.519999996991828,1637.7367999957642,2442.3368999923696,one shared preloaded model
syn-99e12498445b1b0e,difference_prefix,1000,866.3360999998986,14.919699999154545,1744.272899995849,2625.528699994902,one shared preloaded model
syn-4af231d1b0ca07c3,difference_prefix,1000,740.5069000014919,14.467200002400205,321.1310000042431,1076.1051000081352,one shared preloaded model
syn-cf0443c64c602685,difference_prefix,1000,891.9852000035462,14.818999996350612,1715.4274999993504,2622.231699999247,one shared preloaded model
syn-0aa6427cb87ebeec,difference_prefix,1000,724.3619000000763,10.18340000155149,2023.9313999991282,2758.476700000756,one shared preloaded model
syn-64d492d82aa73da9,difference_prefix,1000,620.3215999994427,14.66939999954775,358.6037999994005,993.594799998391,one shared preloaded model
syn-a88929ba4de8e497,difference_prefix,1000,793.5667000056128,13.863399995898362,51.75999999482883,859.19009999634,one shared preloaded model
syn-82a7fca2c31d20c0,difference_prefix,1000,682.5232999981381,11.127600002510007,50.016599998343736,743.6674999989918,one shared preloaded model
syn-9c7c1e30084b964c,difference_prefix,1000,759.6800000028452,14.444699998421129,1695.0482000029297,2469.172900004196,one shared preloaded model
syn-2ca355b2ac8634a8,difference_prefix,1000,804.7301999977208,14.925899995432701,1048.4193000011146,1868.075399994268,one shared preloaded model
syn-aa93861de0aaf495,difference_prefix,5000,3757.305200000701,14.565999998012558,303.87340000015683,4075.7445999988704,one shared preloaded model
syn-1992f86a3e86fc6a,difference_prefix,5000,3658.4041000023717,15.24500000232365,1693.901899998309,5367.551000003004,one shared preloaded model
syn-04083234f85709e1,difference_prefix,5000,3460.14809999906,10.633099998813123,334.4823000006727,3805.2634999985457,one shared preloaded model
syn-cb01db0eb7a2edd2,difference_prefix,5000,3448.1985999955214,14.910300000337884,686.9713999985834,4150.080299994443,one shared preloaded model
syn-621d2f30954c345e,difference_prefix,5000,3372.335699998075,10.520299998461269,241.61689999891678,3624.472899995453,one shared preloaded model
syn-283fe4a44583ec8e,difference_prefix,5000,3763.177299995732,14.981100001023151,1236.162900000636,5014.321299997391,one shared preloaded model
syn-e1d8ea4b52f7b86c,difference_prefix,5000,3731.6369999971357,15.012799995020032,157.7365999983158,3904.3863999904715,one shared preloaded model
syn-b277d625d17584f5,difference_prefix,5000,3509.415699998499,18.660000001545995,1425.9053999994649,4953.98109999951,one shared preloaded model
syn-feae35cacba6a43a,difference_prefix,5000,3796.5076999971643,15.036299999337643,492.89670000143815,4304.44069999794,one shared preloaded model
syn-1c7e5d6f21986a25,difference_prefix,5000,3864.3862000026274,10.693199998058844,1265.6008999983897,5140.680299999076,one shared preloaded model
syn-834533c926250190,difference_prefix,5000,3419.8990000004414,10.996700002579018,311.12369999755174,3742.019400000572,one shared preloaded model
syn-0a63273f5477a591,difference_prefix,5000,3758.975600001577,15.135900001041591,697.7648999964003,4471.876399999019,one shared preloaded model
syn-52610bf62333d9cb,difference_prefix,5000,3598.7191000021994,14.72020000073826,1268.6788999999408,4882.118200002878,one shared preloaded model
syn-821964f5a271aa9e,difference_prefix,5000,3540.3057000003173,10.773599999083672,614.4209999984014,4165.500299997802,one shared preloaded model
syn-084b033a28301180,difference_prefix,5000,3365.5098999952315,10.304199997335672,1003.4037999939756,4379.217899986543,one shared preloaded model
syn-bb91366853342eae,difference_prefix,5000,3437.3312999960035,14.866799996525515,1256.9682000030298,4709.166299995559,one shared preloaded model
syn-c70d6c456e1f3caf,difference_prefix,5000,3727.7493000001414,15.251700002409052,227.50510000332724,3970.5061000058777,one shared preloaded model
syn-4b7b4e4e7cda9cdd,difference_prefix,5000,3681.2977000008686,15.653100002964493,325.2354999931413,4022.1862999969744,one shared preloaded model
syn-05a3818e49a3d01c,difference_prefix,5000,3328.3353000006173,14.796900002693292,1557.1529999942868,4900.285199997597,one shared preloaded model
syn-45a189501aa64aff,difference_prefix,5000,3847.782000004372,10.745799998403527,1593.5710999983712,5452.098900001147,one shared preloaded model
syn-8e55dab6334193ac,difference_prefix,5000,3598.8127999953576,10.592999999062158,1160.9754000019166,4770.381199996336,one shared preloaded model
syn-7078daef9fc885d5,difference_prefix,5000,3880.606299993815,14.990000003308523,1328.3454999982496,5223.941799995373,one shared preloaded model
syn-30a8cdce438a3478,difference_prefix,5000,3393.3675000007497,14.745600004971493,1194.4926000069245,4602.605700012646,one shared preloaded model
syn-c8ec446f9f1407cc,difference_prefix,5000,3835.26709999569,10.94839999859687,1401.6125999987707,5247.828099993058,one shared preloaded model
syn-1eea891acae77cae,difference_prefix,5000,3761.4389000009396,14.755600001080893,107.07240000192542,3883.266900003946,one shared preloaded model
syn-41f888c23d96d157,difference_prefix,5000,3675.6273999999394,14.938100001018029,1348.8481999957003,5039.413699996658,one shared preloaded model
syn-f845857e039afa6c,difference_prefix,5000,3494.714799999201,15.679999996791594,173.359000000346,3683.753799996339,one shared preloaded model
syn-ac6dfe3b37e5a013,difference_prefix,5000,3550.7111999977496,9.71630000276491,182.11280000105035,3742.540300001565,one shared preloaded model
syn-15dd01e778ff5a78,difference_prefix,5000,3597.8610000020126,14.888199999404605,351.0893999991822,3963.8386000005994,one shared preloaded model
syn-87378b8e75e2dd6a,difference_prefix,5000,3617.009399997187,10.547199999564327,281.07760000420967,3908.634200000961,one shared preloaded model
syn-061b3d97b8960738,difference_prefix,5000,3640.614000003552,10.577599998214282,594.4593000021996,4245.650900003966,one shared preloaded model
syn-490b8d010f4490c5,difference_prefix,5000,3564.5902000032947,14.847999998892192,244.1610000023502,3823.599200004537,one shared preloaded model
syn-fe76d6c8fe9751ff,difference_prefix,5000,3651.8250000008265,14.750599999388214,106.52319999644533,3773.09879999666,one shared preloaded model
syn-00a89a4a45a4d877,difference_prefix,5000,3542.4666999970214,14.93559999653371,1230.3141000011237,4787.716399994679,one shared preloaded model
syn-4732a0f163a6f5e5,difference_prefix,5000,3741.309299999557,14.809000000241213,281.59510000114096,4037.713400000939,one shared preloaded model
syn-81ea53ade157ad42,difference_prefix,5000,3564.8583000001963,14.898000001267064,352.7436000003945,3932.499900001858,one shared preloaded model
syn-3a0dace1bee727c3,difference_prefix,5000,3822.078400000464,15.212099999189377,218.3671000020695,4055.657600001723,one shared preloaded model
syn-3d3cb10c80061638,difference_prefix,5000,3641.408599993156,15.609599999152124,298.17219999677036,3955.1903999890783,one shared preloaded model
syn-2a09864e418663ff,difference_prefix,5000,3793.002099999285,14.932199999748264,1550.7987000019057,5358.733000000939,one shared preloaded model
syn-ec6ef79969cd8dc7,difference_prefix,5000,3693.1227000022773,14.93779999873368,330.70669999870006,4038.767199999711,one shared preloaded model
syn-f77621b915dd593f,difference_prefix,5000,3748.930100002326,14.736600001924671,356.0753000056138,4119.742000009865,one shared preloaded model
syn-151c38901bd6a67f,difference_prefix,5000,3725.2479000017047,10.607100004563108,298.5934999960591,4034.448500002327,one shared preloaded model
syn-db951997c8dd6571,difference_prefix,5000,3761.328600005072,10.294499996234663,321.3236000010511,4092.946700002358,one shared preloaded model
syn-8b89503a51b386ea,difference_prefix,5000,3379.7529000003124,14.772900001844391,253.98379999387544,3648.509599996032,one shared preloaded model
syn-63205549e97719a8,difference_prefix,5000,3199.9165000015637,15.264900001056958,1107.6954000018304,4322.876800004451,one shared preloaded model
syn-c748ba52ac994805,difference_prefix,5000,3461.8919999993523,15.082799996889662,1323.0049999983748,4799.979799994617,one shared preloaded model
syn-905cd0149f85c44d,difference_prefix,5000,3722.2172999972827,15.040100006444845,218.99490000214428,3956.252300005872,one shared preloaded model
syn-c1e6d9a8d1426ccd,difference_prefix,5000,3436.632400000235,15.641899997717701,182.77930000476772,3635.0536000027205,one shared preloaded model
syn-5a60149bb7d0d331,difference_prefix,5000,3942.986000001838,15.081799996551126,470.2207999944221,4428.288599992811,one shared preloaded model
syn-085b48c1c01765d8,difference_prefix,5000,3525.6850000005215,10.575800006336067,473.2631000006222,4009.52390000748,one shared preloaded model
syn-983ee8cd7cfab2b2,difference_prefix,5000,3383.5631999972975,10.550899998634122,291.5662000013981,3685.6802999973297,one shared preloaded model
syn-62914c9ecfadb05c,difference_prefix,5000,3379.9919999946724,14.736400000401773,320.6090000021504,3715.3373999972246,one shared preloaded model
syn-d33602a2444f791a,difference_prefix,5000,3500.2256000007037,10.354800004279241,1155.2219000004698,4665.802300005453,one shared preloaded model
syn-84c0416f23825ae8,difference_prefix,5000,3916.7040000029374,10.858399997232482,1539.6713000009186,5467.233700001088,one shared preloaded model
syn-91feb287d382e59b,difference_prefix,5000,3859.824300001492,14.655899998615496,273.5906000016257,4148.070800001733,one shared preloaded model
syn-0238640a9f4d82ca,difference_prefix,5000,3918.6317999992752,14.834699999482837,1365.3627000021515,5298.82920000091,one shared preloaded model
syn-63b0f61512efcc7b,difference_prefix,5000,3531.681899999967,10.523199998715427,131.22510000539478,3673.430200004077,one shared preloaded model
syn-7b60a34c510e7d77,difference_prefix,5000,3446.175500001118,15.628499997546896,247.801099998469,3709.605099997134,one shared preloaded model
syn-aef5fcb957e2b2ae,difference_prefix,5000,3883.4238999988884,10.378499995567836,251.30889999854844,4145.111299993005,one shared preloaded model
syn-89e193275b5f85b9,difference_prefix,5000,3948.332100000698,14.813600006164052,1251.0964000030071,5214.242100009869,one shared preloaded model
syn-723cfc0a3cdbbe70,difference_prefix,5000,3910.1198999996996,15.183200004685204,299.1639000028954,4224.46700000728,one shared preloaded model
syn-b497e7cf4d12d853,difference_prefix,5000,3721.6397000011057,14.839399998891167,427.0866000006208,4163.565700000618,one shared preloaded model
syn-cab61fd9ea43be50,difference_prefix,5000,3651.146599993808,10.516599999391474,105.9190000014496,3767.5821999946493,one shared preloaded model
syn-d2adedac796b42a4,difference_prefix,5000,3766.8822999985423,14.922800000931602,345.27649999654386,4127.081599996018,one shared preloaded model
syn-81c6eeb87fa8b65a,difference_prefix,5000,3549.909300003492,14.868599995679688,675.8620999971754,4240.639999996347,one shared preloaded model
syn-a34560479904d293,difference_prefix,5000,3244.3089000007603,14.826799997536,674.2812000011327,3933.416899999429,one shared preloaded model
syn-175fb0b9c9912f1d,difference_prefix,5000,3576.91049999994,10.975500001222827,186.17830000584945,3774.064300007012,one shared preloaded model
syn-da09d28e9f3d5d8d,difference_prefix,5000,3591.302499997255,12.546799996925984,286.3502999971388,3890.1995999913197,one shared preloaded model
syn-ba4fd9131d17eb5c,difference_prefix,5000,3373.7246000018786,14.912200000253506,1294.6426999988034,4683.2795000009355,one shared preloaded model
syn-68ead23b13d3ca2c,difference_prefix,5000,3471.691999999166,14.800500001001637,104.9427999969339,3591.4352999971015,one shared preloaded model
syn-6e554c5058644670,difference_prefix,5000,4058.600699994713,14.767499997105915,1203.3714999997756,5276.7396999915945,one shared preloaded model
syn-25700fcf3ed93c36,difference_prefix,5000,3721.295100003772,15.551399999822024,330.3782000002684,4067.2247000038624,one shared preloaded model
syn-a5ee09e7314def43,difference_prefix,5000,3686.22360000154,14.847400001599453,1350.6860999987111,5051.757100001851,one shared preloaded model
syn-2b6abd30a60a5e04,difference_prefix,5000,3726.1586999957217,15.439800001331605,1662.8897000045981,5404.488200001651,one shared preloaded model
syn-8dfeb642ddbee07c,difference_prefix,5000,3413.0507000008947,14.705399997183122,157.17690000019502,3584.932999998273,one shared preloaded model
syn-eb06dec63064b043,difference_prefix,5000,3461.9074999936856,15.072700000018813,767.6663999955053,4244.64659998921,one shared preloaded model
syn-0488d9fbd767427e,difference_prefix,5000,3462.6664999959758,11.440000002039596,250.4038000042783,3724.5103000022937,one shared preloaded model
syn-ed2d05fab8ac8fe4,difference_prefix,5000,3844.234800002596,15.687399994931184,1616.8468999967445,5476.7690999942715,one shared preloaded model
syn-8f9f957317f7d25c,difference_prefix,5000,3558.4912999984226,10.779100004583597,104.05739999987418,3673.3278000028804,one shared preloaded model
syn-501740773c0e41a8,difference_prefix,5000,3920.6298000062816,14.92839999991702,1705.658200000471,5641.21640000667,one shared preloaded model
syn-7e7b412841f6c1f7,difference_prefix,5000,3773.28629999829,10.564200005319435,1244.07169999904,5027.922200002649,one shared preloaded model
syn-2318f08daa17b1d9,difference_prefix,5000,3562.4184000043897,15.050299996801186,1594.920399998955,5172.389100000146,one shared preloaded model
syn-444440373a79774e,difference_prefix,5000,3923.7550999969244,14.707599999383092,365.06029999873135,4303.522999995039,one shared preloaded model
syn-c09d16bc1d1a2e55,difference_prefix,5000,3748.463299998548,15.09970000188332,694.3051000052947,4457.868100005726,one shared preloaded model
syn-41397c03bd43fa20,difference_prefix,5000,3794.2148000001907,15.002199994341936,105.10639999847626,3914.323399993009,one shared preloaded model
syn-2f881f63e4a9ee5b,difference_prefix,5000,3358.094399998663,14.940699998987839,1256.4180999979726,4629.453199995623,one shared preloaded model
syn-5f5e815c982ee27e,difference_prefix,5000,3775.532400002703,15.343399994890206,235.74769999686396,4026.6234999944572,one shared preloaded model
syn-9d71ed841863197e,difference_prefix,5000,3823.2066000055056,15.578099999402184,155.74890000425512,3994.533600009163,one shared preloaded model
syn-7fdfd00ab52cb0a4,difference_prefix,5000,3490.2400999999372,14.965899994422216,1693.7056000024313,5198.911599996791,one shared preloaded model
syn-ad6a49391bbc7ec8,difference_prefix,5000,3955.0325000018347,10.58760000159964,328.52680000360124,4294.146900007036,one shared preloaded model
syn-1b1c065cb1f625b9,difference_prefix,5000,3810.3369000018574,14.995500001532491,359.2461000007461,4184.578500004136,one shared preloaded model
syn-b6a49a33030fa3f8,difference_prefix,5000,3658.390299999155,15.040500002214685,859.1312999997172,4532.562100001087,one shared preloaded model
syn-a8d2f52e7f079d88,difference_prefix,5000,3439.545299996098,9.088499995414168,331.1890000040876,3779.8227999956,one shared preloaded model
syn-4c3b3bb15e85d708,difference_prefix,5000,3923.928700001852,15.401099997689016,58.601299999281764,3997.931099998823,one shared preloaded model
syn-5711ba27a03e1d37,difference_prefix,5000,3831.4137999986997,14.829200001258869,1145.8439999987604,4992.086999998719,one shared preloaded model
syn-0524cfaed31c16ea,difference_prefix,5000,3520.505599997705,11.117199996078853,806.856000002881,4338.478799996665,one shared preloaded model
syn-e15762ae99c08a2e,difference_prefix,5000,3464.0953999987687,10.540100003709085,244.82359999819892,3719.4591000006767,one shared preloaded model
syn-d1c2ea5489a8c93f,difference_prefix,5000,3363.5161999991396,11.092900000221562,291.08519999863347,3665.6942999979947,one shared preloaded model
syn-fecb508b9a8cd0d7,difference_prefix,5000,3873.5528999968665,14.973700002883561,80.90549999906216,3969.432099998812,one shared preloaded model
syn-c3610b2dfdf17488,difference_prefix,5000,3689.6821999980602,14.992600001278333,136.56810000247788,3841.2429000018165,one shared preloaded model
syn-d387b7117ab37cfe,difference_prefix,5000,3894.873600002029,14.740300000994466,266.5287999989232,4176.142700001947,one shared preloaded model
syn-8d9d118f41b1a227,difference_prefix,5000,3834.0754000018933,10.838800000783522,243.3253999988665,4088.2396000015433,one shared preloaded model
syn-ff0767eb4ac46b9f,difference_prefix,5000,3506.8209000019124,10.591400001430884,104.87280000234023,3622.2851000056835,one shared preloaded model
syn-1d16ca78cf5f285e,difference_prefix,5000,3849.7268999999505,14.963500005251262,325.51080000121146,4190.201200006413,one shared preloaded model
syn-9195cade3f4252b5,difference_prefix,5000,3587.1588999943924,14.821400000073481,1023.5682999991695,4625.548599993635,one shared preloaded model
syn-359afa05afb48b2c,difference_prefix,5000,3875.4800999959116,10.937799997918773,1263.8981999989483,5150.316099992779,one shared preloaded model
syn-6b61ed0aca632b5c,difference_prefix,5000,3796.097300000838,10.615400002279785,250.12859999696957,4056.8413000000874,one shared preloaded model
syn-0adb661c494753d6,difference_prefix,5000,3592.377699998906,10.997699995641597,1555.2721000058227,5158.64750000037,one shared preloaded model
syn-6927e3c74ff525fb,difference_prefix,5000,3844.877200004703,14.71319999836851,1372.5301000013133,5232.120500004385,one shared preloaded model
syn-0a18b81ca32a8ca7,difference_prefix,5000,3528.4597000063513,10.328399999707472,1436.2089999995078,4974.997100005567,one shared preloaded model
syn-0c1d110466abf51c,difference_prefix,5000,3686.0439000010956,14.883499999996275,256.7501000012271,3957.677500002319,one shared preloaded model
syn-97d2d586514f8cca,difference_prefix,5000,3730.790200002957,14.826299993728753,311.53920000360813,4057.155700000294,one shared preloaded model
syn-6f7e2eb87f7f3302,difference_prefix,5000,3286.746400000993,10.528300001169555,241.6566999963834,3538.931399998546,one shared preloaded model
syn-fea661b4b15b0e74,difference_prefix,5000,3651.6594999993686,15.14119999774266,1615.325100006885,5282.125800003996,one shared preloaded model
syn-fe239bde6ca96941,difference_prefix,5000,3605.4401000001235,14.94529999763472,1025.7754999984172,4646.160899996175,one shared preloaded model
syn-9912a67973413584,difference_prefix,5000,3591.358500001661,12.674400000832975,1328.8678000026266,4932.900700005121,one shared preloaded model
syn-196bc61cd9f71b17,difference_prefix,5000,3532.1180000028107,14.93260000279406,247.80930000270018,3794.859900008305,one shared preloaded model
syn-58d280179ba06842,difference_prefix,5000,3447.7136000059545,15.488199998799246,1595.9039000008488,5059.105700005603,one shared preloaded model
syn-92401515ca3d9d95,difference_prefix,5000,3880.2765000000363,14.95710000017425,1400.7333999979892,5295.9669999982,one shared preloaded model
syn-346cd6a91974029e,difference_prefix,5000,3550.8316999985254,10.736800002632663,1454.0915000034147,5015.660000004573,one shared preloaded model
syn-d61561dea81b4354,difference_prefix,5000,3335.1910000055796,10.401299994555302,1162.6913000000059,4508.283600000141,one shared preloaded model
syn-63ea34aca9f01719,difference_prefix,5000,3685.0580999962403,10.676200006855652,252.55850000394275,3948.2928000070387,one shared preloaded model
syn-e84106f112541156,difference_prefix,5000,3457.805999998527,14.788200001930818,329.818799997156,3802.412999997614,one shared preloaded model
syn-6efde579ff231d80,difference_prefix,5000,3661.036299999978,14.955899998312816,1039.1346999967936,4715.126899995084,one shared preloaded model
syn-0d04f3e770c59888,difference_prefix,5000,3175.104099995224,14.96900000347523,1392.149999999674,4582.223099998373,one shared preloaded model
syn-43d0843223dd74b3,difference_prefix,5000,3641.088000003947,10.445899999467656,615.2138000034029,4266.7477000068175,one shared preloaded model
syn-53cc44bad0b99782,difference_prefix,5000,3768.130399999791,10.630799995851703,185.4222000038135,3964.183399999456,one shared preloaded model
syn-68d50118e4b184cf,difference_prefix,5000,3480.045700001938,15.608699999575038,1389.456799995969,4885.111199997482,one shared preloaded model
syn-c909e6f301674d74,difference_prefix,5000,3390.513500002271,10.834799999429379,464.6585000009509,3866.0068000026513,one shared preloaded model
syn-b15708cedb31ffb2,difference_prefix,5000,3878.574000002118,10.764799997559749,187.87379999412224,4077.2125999938,one shared preloaded model
syn-beb9b27d8478562e,difference_prefix,5000,3627.7206000013393,9.384099997987505,272.8590999977314,3909.9637999970582,one shared preloaded model
syn-a4fa3217b0299eb9,difference_prefix,5000,3507.353499997407,14.90170000033686,1131.1168000029284,4653.372000000672,one shared preloaded model
syn-5d93fdd68c7b9336,difference_prefix,5000,3697.1962000025087,14.79010000184644,330.7557000007364,4042.7420000050915,one shared preloaded model
syn-b4e07914bae9b1c7,difference_prefix,5000,3551.89600000449,10.506600003282074,243.76440000196453,3806.1670000097365,one shared preloaded model
syn-a122df2c9c14fdfd,difference_prefix,5000,3932.2156999987783,14.960499996959697,1053.4756999986712,5000.651899994409,one shared preloaded model
syn-1679b733dc99bd02,difference_prefix,5000,3877.256399995531,15.197200002148747,1479.0242000017315,5371.477799999411,one shared preloaded model
syn-0644357cd6e5c8fb,difference_prefix,5000,3377.0745000001625,14.84820000041509,238.31529999733903,3630.2379999979166,one shared preloaded model
syn-01a1d9a589e21fc8,difference_prefix,5000,3509.5024000038393,15.75579999916954,303.4800999957952,3828.738299998804,one shared preloaded model
syn-fe7bdb4996e9bd80,difference_prefix,5000,3618.3013999980176,14.69599999836646,724.0795999969123,4357.076999993296,one shared preloaded model
syn-e7494dd18cf451d4,difference_prefix,5000,3763.320800004294,14.922399997885805,1210.1428000023589,4988.386000004539,one shared preloaded model
syn-bcd904aadce2351d,difference_prefix,5000,3733.931200004008,10.629199998220429,934.0044999989914,4678.56490000122,one shared preloaded model
syn-9490279b808fab68,difference_prefix,5000,3741.104399996402,15.274700002919417,1613.1515000015497,5369.530600000871,one shared preloaded model
syn-a2c82421fafdb0f4,difference_prefix,5000,3673.693299999286,14.724299995577894,332.58629999909317,4021.003899993957,one shared preloaded model
syn-36ff68425e3d3176,difference_prefix,5000,3841.448200000741,14.904900002875365,157.53330000006827,4013.8864000036847,one shared preloaded model
syn-707216e7a24847b3,difference_prefix,5000,3747.7429999999003,14.74939999752678,296.351599994523,4058.84399999195,one shared preloaded model
syn-c502f85d01f649e4,difference_prefix,5000,3619.9266999974498,15.007999994850252,1280.9993999981089,4915.934099990409,one shared preloaded model
syn-939e6166b3b0c850,difference_prefix,5000,3614.2892999996548,15.055900003062561,190.37869999738177,3819.723900000099,one shared preloaded model
syn-34fc56e181bfc98e,difference_prefix,5000,3656.822499993723,10.828400001628324,808.3485000024666,4475.999399997818,one shared preloaded model
syn-d27aaf9556c73b9d,difference_prefix,5000,3464.1428000031738,14.972800003306475,525.5168000003323,4004.6324000068125,one shared preloaded model
syn-99bc78b27a981c11,difference_prefix,5000,3716.575799997372,10.520300005737226,264.9920999974711,3992.0882000005804,one shared preloaded model
