example_id,agent,horizon,update_ms,read_ms,generation_ms,end_to_end_ms,model_loading_policy
syn-a6ba61c7f6022987,hybrid_text,100,242.0373000059044,11.988099999143742,388.4925999955158,642.5180000005639,one shared preloaded model
syn-38eedc2c95f8c5b4,hybrid_text,100,73.57449999835808,6.761999997252133,302.84380000375677,383.180299999367,one shared preloaded model
syn-07d41f0782d8a3ec,hybrid_text,100,66.82039999577682,10.331900004530326,334.6587999985786,411.81109999888577,one shared preloaded model
syn-fa271021cce39036,hybrid_text,100,99.94519999600016,7.295199997315649,248.64749999687774,355.88789999019355,one shared preloaded model
syn-8632fc6b28ce057a,hybrid_text,100,78.04169999872101,6.9854000030318275,214.81989999301732,299.84699999477016,one shared preloaded model
syn-227faaf725799aff,hybrid_text,100,100.57539999979781,10.307399999874178,325.82579999871086,436.70859999838285,one shared preloaded model
syn-c819b70cc3b711b6,hybrid_text,100,77.11079999717185,6.692199996905401,129.28339999780292,213.08639999188017,one shared preloaded model
syn-f8dc00112ec91804,hybrid_text,100,82.54839999426622,7.00170000345679,241.7730000015581,331.3230999992811,one shared preloaded model
syn-f97808cf18e3bdc1,hybrid_text,100,76.03589999780525,6.344800000078976,507.25779999629594,589.6384999941802,one shared preloaded model
syn-1ba0ad3803fd1aab,hybrid_text,100,104.19910000200616,10.561399998550769,322.86179999937303,437.62229999992996,one shared preloaded model
syn-e89134deef96d28b,hybrid_text,100,101.16980000020703,10.236599999188911,323.85359999898355,435.2599999983795,one shared preloaded model
syn-d3aec67bcbee5e27,hybrid_text,100,99.84830000030342,10.06010000128299,300.1633999956539,410.0717999972403,one shared preloaded model
syn-c403dc8c5bbec2b6,hybrid_text,100,101.44190000573872,10.33379999716999,299.3905999974231,411.16630000033183,one shared preloaded model
syn-928aaad0bd5f085f,hybrid_text,100,88.50600000005215,6.537500004924368,261.2364000015077,356.27990000648424,one shared preloaded model
syn-36b88d15de85d49d,hybrid_text,100,101.4839999988908,10.787600003823172,231.12649999529822,343.3980999980122,one shared preloaded model
syn-ef8755c246c631fe,hybrid_text,100,63.98259999696165,7.277199998497963,293.69949999818346,364.95929999364307,one shared preloaded model
syn-f8cdd1253dc96ca6,hybrid_text,100,71.81929999933345,6.441100005758926,117.37169999832986,195.63210000342224,one shared preloaded model
syn-99f1a940ce32e3de,hybrid_text,100,98.05760000017472,11.014499999873806,734.0879000039422,843.1600000039907,one shared preloaded model
syn-ae830d10e3e44454,hybrid_text,100,71.14559999899939,6.809799997427035,418.8454000031925,496.8007999996189,one shared preloaded model
syn-7aec429f0ba8958c,hybrid_text,100,99.70310000062454,10.278800000378396,332.4032000018633,442.38510000286624,one shared preloaded model
syn-7574e07600322df1,hybrid_text,100,62.283599996590056,6.408299996110145,230.867300000682,299.5591999933822,one shared preloaded model
syn-6596d6fb03744adc,hybrid_text,100,102.35520000424003,10.321400004613679,313.24120000499533,425.91780001384905,one shared preloaded model
syn-8028bcd88896f9af,hybrid_text,100,90.42300000146497,10.361300002841745,254.74669999675825,355.53100000106497,one shared preloaded model
syn-5b04b918e5d2f043,hybrid_text,100,68.20040000457084,7.2179999988293275,339.11860000080196,414.5370000042021,one shared preloaded model
syn-344d41a9584f8be4,hybrid_text,100,100.57190000225091,10.276900000462774,342.45459999510786,453.30339999782154,one shared preloaded model
syn-1c50e11cb54a9a7c,hybrid_text,100,98.90289999748347,10.29710000148043,322.48019999678945,431.68019999575336,one shared preloaded model
syn-d8bfd6728ae9bb83,hybrid_text,100,69.73889999790117,7.451400000718422,154.099799998221,231.29009999684058,one shared preloaded model
syn-9ac94e465129e6ee,hybrid_text,100,88.73149999999441,10.731399997894187,345.18840000237105,444.65130000025965,one shared preloaded model
syn-8e5a6b17392849e9,hybrid_text,100,66.76999999763211,10.069099997053854,414.204200002132,491.04329999681795,one shared preloaded model
syn-6dfbc0e6fffb86d6,hybrid_text,100,89.72119999816641,6.891500001074746,298.50780000560917,395.1205000048503,one shared preloaded model
syn-d95d1076f16608cf,hybrid_text,100,98.66049999982351,10.105800000019372,324.5076000021072,433.2739000019501,one shared preloaded model
syn-67085f28c8a345d9,hybrid_text,100,99.01550000358839,10.119699996721465,250.6675999975414,359.80279999785125,one shared preloaded model
syn-8b88cb5fd4c5e6fc,hybrid_text,100,66.25879999774043,6.582300004083663,274.05970000108937,346.90080000291346,one shared preloaded model
syn-42df0ee7d8018963,hybrid_text,100,71.17629999993369,7.000500001595356,318.8044999988051,396.98130000033416,one shared preloaded model
syn-e8acbc2c88369e51,hybrid_text,100,65.95419999939622,6.565299998328555,174.7968999989098,247.31639999663457,one shared preloaded model
syn-a642a7089d9f162f,hybrid_text,100,101.15629999927478,10.57310000032885,304.84440000145696,416.5738000010606,one shared preloaded model
syn-3f6a98eceeaf476b,hybrid_text,100,64.15879999985918,6.290800003625918,119.94279999635182,190.39239999983693,one shared preloaded model
syn-bfb5882d7330d97f,hybrid_text,100,100.59080000064569,11.237600003369153,321.4769000041997,433.30530000821454,one shared preloaded model
syn-cfa98bda62d92f7f,hybrid_text,100,62.97199999971781,6.5080999993369915,401.98460000101477,471.46470000006957,one shared preloaded model
syn-534d1ab71809b51f,hybrid_text,100,70.64879999961704,6.514199994853698,271.58220000274014,348.7451999972109,one shared preloaded model
syn-76a54b251d992dd4,hybrid_text,100,66.50520000403048,6.44540000212146,304.412700003013,377.36330000916496,one shared preloaded model
syn-6f12022c8819f717,hybrid_text,100,100.76189999381313,10.513399996852968,314.9111000020639,426.18639999273,one shared preloaded model
syn-30a75d6754134879,hybrid_text,100,98.91310000239173,10.234800000034738,320.4284000021289,429.5763000045554,one shared preloaded model
syn-a6ff96ac61f7c6c1,hybrid_text,100,98.00289999839151,10.528299993893597,306.9175999989966,415.4487999912817,one shared preloaded model
syn-91323a0ae9a650e7,hybrid_text,100,65.05949999700533,10.385599998699035,307.5158999999985,382.9609999957029,one shared preloaded model
syn-9d9ad34b79849f2d,hybrid_text,100,101.8060999995214,10.426700006064493,325.1377999986289,437.3706000042148,one shared preloaded model
syn-36b5b8f6c6bbf2cc,hybrid_text,100,100.07449999829987,10.447000000567641,157.72119999746792,268.24269999633543,one shared preloaded model
syn-96244de128be170e,hybrid_text,100,100.90090000448981,10.897799998929258,307.36939999769675,419.1681000011158,one shared preloaded model
syn-3e8dcebdc4767103,hybrid_text,100,66.01590000354918,10.305800002242904,483.7695999958669,560.091300001659,one shared preloaded model
syn-8f7fdf0bdfb10d4a,hybrid_text,100,63.451800000621006,6.503000004158821,319.84779999766033,389.80260000244016,one shared preloaded model
syn-d4fda360fe6fdd4f,hybrid_text,100,99.33060000184923,10.017699998570606,298.548299993854,407.89659999427386,one shared preloaded model
syn-42ee4c7254b57eb8,hybrid_text,100,102.88630000286503,10.55409999389667,335.5110999982571,448.9514999950188,one shared preloaded model
syn-feccf5e27bea7518,hybrid_text,100,62.365799996769056,6.578500004252419,253.7203000028967,322.66460000391817,one shared preloaded model
syn-c01e14c5c8c50d03,hybrid_text,100,84.67229999951087,10.292700004356448,234.53840000001946,329.5034000038868,one shared preloaded model
syn-cb15ba714ba5ec8f,hybrid_text,100,78.75549999880604,7.182800000009593,259.48670000070706,345.4249999995227,one shared preloaded model
syn-615f495f59b50927,hybrid_text,100,71.31700000172714,6.7086999988532625,265.4426000008243,343.4683000014047,one shared preloaded model
syn-a6cbf0e1e86a6450,hybrid_text,100,99.8812000034377,7.043300000077579,153.98540000023786,260.90990000375314,one shared preloaded model
syn-57b966091e7ec699,hybrid_text,100,100.98889999790117,11.026100000890438,298.0740999992122,410.0890999980038,one shared preloaded model
syn-89f8450f6e93be24,hybrid_text,100,63.48430000070948,6.648000002314802,416.07440000370843,486.2067000067327,one shared preloaded model
syn-e4cf69e50674883c,hybrid_text,100,89.06199999910314,10.090800002217293,322.6670000003651,421.8198000016855,one shared preloaded model
syn-52dd73e2d68a5917,hybrid_text,100,98.32979999919189,8.412000002863351,301.1322999955155,407.87409999757074,one shared preloaded model
syn-1a7e4a2f4f0fe9c6,hybrid_text,100,99.88069999963045,10.197600000537932,262.09479999670293,372.1730999968713,one shared preloaded model
syn-e8ee9cee31093b93,hybrid_text,100,100.29210000357125,10.293600003933534,298.7167999963276,409.3025000038324,one shared preloaded model
syn-1546004190558953,hybrid_text,100,99.08160000486532,10.119599995960016,287.3427999948035,396.54399999562884,one shared preloaded model
syn-7858be5eb774eb5b,hybrid_text,100,61.51980000140611,5.718000000342727,510.9450000018114,578.1828000035603,one shared preloaded model
syn-fd59ad3a4d996680,hybrid_text,100,69.98890000249958,6.723800004692748,260.5794999981299,337.29220000532223,one shared preloaded model
syn-fc9a9858781e0d3a,hybrid_text,100,102.57149999961257,10.400799998024013,103.1418000056874,216.11410000332398,one shared preloaded model
syn-324d7fc5d16391c8,hybrid_text,100,99.07980000571115,10.855299995455425,306.14190000051167,416.07700000167824,one shared preloaded model
syn-6e90d8e0c38e9334,hybrid_text,100,87.63199999521021,7.893099995271768,249.58040000637993,345.1054999968619,one shared preloaded model
syn-8e5f564bbff2ec81,hybrid_text,100,66.63360000675311,6.484600002295338,317.7968000018154,390.9150000108639,one shared preloaded model
syn-ad377a0c752a987e,hybrid_text,100,101.5585999994073,10.477299998456147,323.6442999987048,435.68019999656826,one shared preloaded model
syn-fd23e7842d0bf088,hybrid_text,100,98.72109999560053,10.148599998501595,329.89619999716524,438.76589999126736,one shared preloaded model
syn-9dce3e031398985d,hybrid_text,100,100.56059999624267,10.104899993166327,342.6342000020668,453.2996999914758,one shared preloaded model
syn-cb9495248ba394a9,hybrid_text,100,98.94200000417186,10.182099998928607,298.91179999685846,408.03589999995893,one shared preloaded model
syn-d45c12362eae6b90,hybrid_text,100,100.85410000465345,10.174800001550466,277.5171000030241,388.546000009228,one shared preloaded model
syn-fe3b30dd29d66256,hybrid_text,100,91.92890000122134,10.759599994344171,312.3414999936358,415.0299999892013,one shared preloaded model
syn-0f420473e95734a2,hybrid_text,100,74.34899999498157,6.628000002820045,99.1107000008924,180.087699998694,one shared preloaded model
syn-14c34fb5209acd83,hybrid_text,100,100.17889999289764,10.927900002570823,336.9204999980866,448.02729999355506,one shared preloaded model
syn-323bc307f3b8489c,hybrid_text,100,98.37840000545839,10.259900001983624,206.65639999788254,315.29470000532456,one shared preloaded model
syn-d1a98c9ebc2b2b63,hybrid_text,100,68.2237000000896,6.794499997340608,300.1912999970955,375.2094999945257,one shared preloaded model
syn-8b8261103d0d9683,hybrid_text,100,97.61589999834541,10.140500002307817,320.6427999975858,428.39919999823906,one shared preloaded model
syn-73911e04a0932499,hybrid_text,100,75.8916999984649,6.156100003863685,320.245499999146,402.29330000147456,one shared preloaded model
syn-85c77c5469482f47,hybrid_text,100,65.53389999317005,6.610800002817996,250.63220000447473,322.7769000004628,one shared preloaded model
syn-1725a6155d089dde,hybrid_text,100,63.77210000209743,6.434000002627727,272.5793999998132,342.78550000453833,one shared preloaded model
syn-fc05e77b7c242574,hybrid_text,100,69.14529999630759,6.683200001134537,239.72239999420708,315.5508999916492,one shared preloaded model
syn-86308b042f251696,hybrid_text,100,102.73859999870183,10.616299994580913,369.87620000581956,483.2310999991023,one shared preloaded model
syn-434e7ed49b935751,hybrid_text,100,88.86189999611815,6.794499997340608,125.7809000017005,221.43729999515926,one shared preloaded model
syn-530c2c738f789d98,hybrid_text,100,104.92410000006203,10.814399996888824,338.61050000268733,454.3489999996382,one shared preloaded model
syn-0c19d7397f14e5b6,hybrid_text,100,88.28799999901094,5.858500000613276,466.90120000130264,561.0477000009269,one shared preloaded model
syn-a1612d852aaaaac3,hybrid_text,100,99.72250000282656,10.403200001746882,252.29810000018915,362.4238000047626,one shared preloaded model
syn-c0220289c4182645,hybrid_text,100,99.06219999538735,10.70899999467656,302.79000000155065,412.56119999161456,one shared preloaded model
syn-9e6843c042c117d6,hybrid_text,100,99.17989999667043,10.672199998225551,265.54480000049807,375.39689999539405,one shared preloaded model
syn-0ac0bff8c97627a3,hybrid_text,100,99.77879999496508,10.234299996227492,323.98339999781456,433.99649998900713,one shared preloaded model
syn-2125020456ee5ce0,hybrid_text,100,58.317700000770856,6.880299995827954,317.7821999997832,382.980199996382,one shared preloaded model
syn-2caa699fccb66b00,hybrid_text,100,65.48029999976279,6.424800005333964,189.32350000250153,261.2286000075983,one shared preloaded model
syn-861af0982b3de585,hybrid_text,100,65.08060000487603,6.64169999799924,320.81369999650633,392.5359999993816,one shared preloaded model
syn-608838df8784d01b,hybrid_text,100,59.026899994933046,6.462999997893348,126.23580000217771,191.7256999950041,one shared preloaded model
syn-114b81595c7d762a,hybrid_text,100,99.04570000071544,10.859400004846975,342.77819999988424,452.68330000544665,one shared preloaded model
syn-4a863129f2275dc1,hybrid_text,100,67.3259000031976,6.679899997834582,573.0083999951603,647.0141999961925,one shared preloaded model
syn-d2ca3d27b15e9657,hybrid_text,100,100.31400000298163,10.438700002850965,325.569100001303,436.3218000071356,one shared preloaded model
syn-0c9fef436275cdd9,hybrid_text,100,101.78620000078809,10.478500000317581,298.8037000031909,411.06840000429656,one shared preloaded model
syn-f1d5d22bd7ee481d,hybrid_text,100,68.73180000548018,6.506500001705717,320.07139999768697,395.30970000487287,one shared preloaded model
syn-a575cf643cb1c076,hybrid_text,100,87.39910000440432,6.746899998688605,349.42189999856055,443.56790000165347,one shared preloaded model
syn-ee742f0c9f76781d,hybrid_text,100,102.15579999930924,10.351400000217836,322.75210000079824,435.2593000003253,one shared preloaded model
syn-da5dd03ecb643f4d,hybrid_text,100,64.43420000141487,6.678500001726206,253.66590000339784,324.7786000065389,one shared preloaded model
syn-326d673969961656,hybrid_text,100,99.68680000019958,10.539599999901839,323.39499999943655,433.62139999953797,one shared preloaded model
syn-962a3810f04e9097,hybrid_text,100,88.81739999924321,10.221999997156672,157.30990000156453,256.3492999979644,one shared preloaded model
syn-f0aad1f13f69b874,hybrid_text,100,100.483099995472,10.790399996039923,250.3731999968295,361.6466999883414,one shared preloaded model
syn-c2a05483a856b3ef,hybrid_text,100,66.82470000669127,7.0650999987265095,500.3131999983452,574.203000003763,one shared preloaded model
syn-e0cedd9b0e32d085,hybrid_text,100,99.56119999696966,10.436700002173893,323.67940000403905,433.6773000031826,one shared preloaded model
syn-29a180ad2143328a,hybrid_text,100,101.12619999563321,10.681400002795272,351.57839999737917,463.38599999580765,one shared preloaded model
syn-735f77503b2ba024,hybrid_text,100,100.74039999744855,10.457799995492678,373.7308999989182,484.9290999918594,one shared preloaded model
syn-148ccbd3316665a4,hybrid_text,100,83.11669999966398,10.406599998532329,315.3163999959361,408.8396999941324,one shared preloaded model
syn-3c75ee23c6f50e1b,hybrid_text,100,101.86779999639839,10.349300006055273,333.3674000023166,445.58450000477023,one shared preloaded model
syn-f4dbe8e18b96050d,hybrid_text,100,99.30109999550041,10.325700000976212,236.1386000047787,345.76540000125533,one shared preloaded model
syn-da9774599d83a1b5,hybrid_text,100,63.888099997711834,6.5997999990941025,275.99230000487296,346.4802000016789,one shared preloaded model
syn-2ef399e82e449faf,hybrid_text,100,101.67730000102893,10.521300006075762,157.02759999840055,269.22620000550523,one shared preloaded model
syn-eb0f5ee31c508a61,hybrid_text,100,98.8391999999294,10.911400000622962,254.05049999972107,363.80110000027344,one shared preloaded model
syn-cda71c350602bddf,hybrid_text,100,87.39690000220435,10.435600001073908,470.0051999971038,567.837700000382,one shared preloaded model
syn-28fa6f2fe12641b3,hybrid_text,100,75.223099993309,6.5084000016213395,266.6702999995323,348.40179999446264,one shared preloaded model
syn-c20dfce1d761b522,hybrid_text,100,100.1477999961935,10.402699997939635,329.7674999994342,440.31799999356735,one shared preloaded model
syn-7df1c817de9a1ea1,hybrid_text,100,81.20799999596784,10.52930000150809,308.47519999952056,400.2124999969965,one shared preloaded model
syn-3c57b67fca1c10a3,hybrid_text,100,101.29659999802243,10.28049999877112,329.6367000002647,441.21379999705823,one shared preloaded model
syn-0cbb31a1498b5e27,hybrid_text,100,99.73799999715993,10.473700000147801,313.9746000015293,424.18629999883706,one shared preloaded model
syn-c69bdbfce61e9f10,hybrid_text,100,96.90969999792287,6.887999996251892,949.961300000723,1053.7589999948977,one shared preloaded model
syn-9129e328d0e87e58,hybrid_text,100,87.88559999811696,6.560500005434733,342.5132999982452,436.9594000017969,one shared preloaded model
syn-c3a845f6f37328df,hybrid_text,100,85.49910000147065,10.417899997264612,132.72600000345847,228.64300000219373,one shared preloaded model
syn-af9227c03b96e947,hybrid_text,100,100.00249999575317,10.781800003314856,323.0346999989706,433.81899999803863,one shared preloaded model
syn-d30db6602c5e7bcf,hybrid_text,100,67.88010000309441,6.649999995715916,515.8653999969829,590.3954999957932,one shared preloaded model
syn-2bcd2d10bf252a88,hybrid_text,100,98.67620000295574,10.14020000002347,323.78569999855245,432.60210000153165,one shared preloaded model
syn-e69fbacb0ad339d8,hybrid_text,100,64.03560000035213,7.216300000436604,329.8737000004621,401.12560000125086,one shared preloaded model
syn-f7dee247f844b523,hybrid_text,100,71.34039999800734,6.369700000504963,247.87440000363858,325.5845000021509,one shared preloaded model
syn-218ffaef8da3d8da,hybrid_text,100,102.12239999964368,10.438800003612414,325.5942000032519,438.155400006508,one shared preloaded model
syn-a31eb202acdba085,hybrid_text,100,95.35410000535194,10.305700001481455,299.80999999679625,405.46980000362964,one shared preloaded model
syn-4dfded52a9bb2c90,hybrid_text,100,86.53570000024047,9.918600000673905,250.13299999409355,346.5872999950079,one shared preloaded model
syn-cd947d2b8e2144b0,hybrid_text,100,90.02809999947203,6.49169999815058,344.8408999975072,441.36069999512983,one shared preloaded model
syn-6abe44228638f132,hybrid_text,100,87.4275000023772,10.550500002864283,112.83510000066599,210.81310000590747,one shared preloaded model
syn-1258eab437601206,hybrid_text,100,100.62279999692691,10.877200002141763,297.63829999865266,409.13829999772133,one shared preloaded model
syn-4d8e6dbc90583d69,hybrid_text,100,100.04599999956554,10.797700000694022,503.0624999999418,613.9062000002014,one shared preloaded model
syn-a1a8b545941a8915,hybrid_text,100,67.28270000166958,6.604399997740984,261.7337999981828,335.62089999759337,one shared preloaded model
syn-c0a5d6164a143c21,hybrid_text,100,100.25799999857554,10.256900000968017,332.32090000092285,442.8358000004664,one shared preloaded model
syn-911a5b307c155365,hybrid_text,100,59.706699998059776,6.673599993519019,353.0654999995022,419.445799991081,one shared preloaded model
syn-bcca1bb50f9b9cef,hybrid_text,100,98.95189999951981,10.250699997413903,266.55939999909606,375.7619999960298,one shared preloaded model
syn-c9e69c66406cd3b1,hybrid_text,100,98.70770000270568,10.565299999143463,332.8860000037821,442.15900000563124,one shared preloaded model
syn-2becd65beee0364a,hybrid_text,100,96.8866999974125,6.58540000586072,280.7925999950385,384.2646999983117,one shared preloaded model
syn-4dd85348c38c0357,hybrid_text,100,75.8507999998983,11.633699999947567,284.8837000055937,372.3682000054396,one shared preloaded model
syn-f242b8cc2cb723b5,hybrid_text,100,99.26670000277227,10.257900001306552,203.19710000330815,312.72170000738697,one shared preloaded model
syn-fbc447c0fcb7cfc8,hybrid_text,100,101.25279999920167,10.803000004671048,329.7190999946906,441.77489999856334,one shared preloaded model
syn-a9f156119ea9fcd1,hybrid_text,100,99.66480000002775,10.254300002998207,488.19430000003194,598.1134000030579,one shared preloaded model
syn-a90c99e2e79a45d4,hybrid_text,100,98.3118999938597,10.233499997411855,300.50869999831775,409.0540999895893,one shared preloaded model
syn-c5a2eb58a93f472f,hybrid_text,100,71.82199999806471,6.529199999931734,225.148800003808,303.50000000180444,one shared preloaded model
syn-ea7b327ba9b080c9,hybrid_text,100,103.32429999834858,10.370399999374058,300.5553000039072,414.2500000016298,one shared preloaded model
syn-92715b9aee29e997,hybrid_text,100,88.844899997639,10.22969999758061,322.2687999950722,421.3433999902918,one shared preloaded model
syn-b766696c0d786013,hybrid_text,100,101.4184999949066,10.305300005711615,298.2468999980483,409.97069999866653,one shared preloaded model
syn-d3d77d74b12e306a,hybrid_text,100,99.36039999593049,10.349099997256417,352.4046000020462,462.1140999952331,one shared preloaded model
syn-48230ce25b5de2fa,hybrid_text,100,102.36830000212649,10.647999995853752,345.9902000031434,459.00650000112364,one shared preloaded model
syn-7f6bff1d2ac7c3f3,hybrid_text,100,64.9277999982587,6.5806999991764314,199.37959999515442,270.88809999258956,one shared preloaded model
syn-f37c1fc0c7eaae06,hybrid_text,100,99.67950000282144,10.902200003329199,382.7658999944106,493.3476000005612,one shared preloaded model
syn-915a70d70da9799e,hybrid_text,100,82.1088000011514,10.439300000143703,471.26550000393763,563.8136000052327,one shared preloaded model
syn-2c4f2b37f5b601c4,hybrid_text,100,84.29909999540541,10.308299999451265,299.70180000236724,394.3091999972239,one shared preloaded model
syn-27269f1dafd012f5,hybrid_text,100,94.21000000293134,6.862599999294616,297.26490000030026,398.3375000025262,one shared preloaded model
syn-fc4e5b6a2ef2e383,hybrid_text,100,64.32480000512442,6.609500000195112,236.7627999992692,307.6971000045887,one shared preloaded model
syn-5d4106eaf2ee51c8,hybrid_text,100,92.12139999726787,8.026899995456915,315.13420000555925,415.28249999828404,one shared preloaded model
syn-81331bee65710972,hybrid_text,100,72.91310000437079,7.206199996289797,289.3647000018973,369.4840000025579,one shared preloaded model
syn-6795425cf8dabbc9,hybrid_text,100,100.2890000017942,10.449499997776002,1169.7131999972044,1280.4516999967746,one shared preloaded model
syn-67983f23f948cb13,hybrid_text,100,91.3289000018267,6.851400001323782,754.0320000043721,852.2123000075226,one shared preloaded model
syn-312d206fb59e358d,hybrid_text,100,65.34999999712454,6.2862999984645285,100.17610000068089,171.81239999626996,one shared preloaded model
syn-b374ae5f8bdeb59c,hybrid_text,100,100.98809999908553,11.227399998460896,252.58190000022296,364.7973999977694,one shared preloaded model
syn-c4e2cf0cbaef3cc6,hybrid_text,100,85.3110000025481,10.57579999906011,519.4826999941142,615.3694999957224,one shared preloaded model
syn-e1486ac132d09f0e,hybrid_text,100,73.70839999930467,9.792599994398188,232.02280000259634,315.5237999962992,one shared preloaded model
syn-7863c0207b8e2373,hybrid_text,100,75.26259999576723,9.771700002602302,329.36130000598496,414.3956000043545,one shared preloaded model
syn-9cbbfa64d29cb813,hybrid_text,100,102.99259999737842,10.494499998458195,330.3354000017862,443.8224999976228,one shared preloaded model
syn-a65473d1d46ed2c6,hybrid_text,100,99.89209999912418,10.56800000515068,306.870299995353,417.33039999962784,one shared preloaded model
syn-2b046916be0cd392,hybrid_text,100,99.6028999943519,10.334499995224178,302.02899999858346,411.96639998815954,one shared preloaded model
syn-72b8f748d5763fa5,hybrid_text,100,93.15119999519084,6.9304999997257255,253.74700000247685,353.8286999973934,one shared preloaded model
syn-9e74ef31f1615b66,hybrid_text,100,72.42789999872912,7.245399996463675,313.5550999941188,393.2283999893116,one shared preloaded model
syn-00b96c3bac38cc42,hybrid_text,100,78.05060000100639,7.244100001116749,155.21609999996144,240.51080000208458,one shared preloaded model
syn-952b966eee3f8c13,hybrid_text,100,79.08459999453044,10.799100004078355,314.2682000034256,404.1519000020344,one shared preloaded model
syn-c8f1cb75a43de506,hybrid_text,100,99.2612000045483,9.500600004685111,465.1320000048145,573.8938000140479,one shared preloaded model
syn-34a4a1cf2545d780,hybrid_text,100,85.11010000074748,11.053099995478988,251.43910000042524,347.6022999966517,one shared preloaded model
syn-f36a532a7f829e27,hybrid_text,100,69.31389999954263,9.638100003940053,321.14590000128374,400.0979000047664,one shared preloaded model
syn-3f66f6fab4661265,hybrid_text,100,92.0239999977639,6.860700006654952,354.6384000001126,453.52310000453144,one shared preloaded model
syn-be86febc4b2804a6,hybrid_text,100,68.65069999912521,6.425799998396542,300.7856999975047,375.86219999502646,one shared preloaded model
syn-eb0aba33a8e92d25,hybrid_text,100,68.43089999892982,10.226999998849351,299.8978000032366,378.5557000010158,one shared preloaded model
syn-de9cccc7c153bbf4,hybrid_text,100,97.69880000385456,6.618500003241934,1083.5907000000589,1187.9080000071554,one shared preloaded model
syn-28812aeb523a4ea3,hybrid_text,100,68.99130000238074,6.872900004964322,355.4273999980069,431.29160000535194,one shared preloaded model
syn-071e5a31b62e0a3b,hybrid_text,100,70.44859999587061,10.204700003669132,204.19869999750517,284.8519999970449,one shared preloaded model
syn-c5f347691e4f1189,hybrid_text,100,99.36939999897731,10.945000001811422,289.7184000030393,400.032800003828,one shared preloaded model
syn-2541ac3e0cf6ae0f,hybrid_text,100,99.11840000131633,10.636899998644367,500.18460000137566,609.9399000013364,one shared preloaded model
syn-1a12965cf6e9620a,hybrid_text,100,87.48080000077607,7.327799998165574,331.5208999993047,426.3294999982463,one shared preloaded model
syn-833ee80d2a35282c,hybrid_text,100,86.37950000411365,10.290500002156477,314.8166999962996,411.4867000025697,one shared preloaded model
syn-d71cb3ea0a850053,hybrid_text,100,102.6038999989396,10.264299999107607,324.80060000671074,437.66880000475794,one shared preloaded model
syn-b58eb0dc1a3b98a9,hybrid_text,100,100.94650000246475,10.271799998008646,263.62930000323104,374.84760000370443,one shared preloaded model
syn-f547811aa164f77c,hybrid_text,100,98.36360000190325,10.274000000208616,300.1728000017465,408.8104000038584,one shared preloaded model
syn-c2a992a405ca2108,hybrid_text,100,100.29129999747965,10.352299999794923,506.80320000537904,617.4468000026536,one shared preloaded model
syn-ce2c8b075853cedc,hybrid_text,100,88.82340000127442,6.572300000698306,262.03280000481755,357.4285000067903,one shared preloaded model
syn-687fc71335d706d6,hybrid_text,100,76.90449999790872,8.71259999985341,153.70619999885093,239.32329999661306,one shared preloaded model
syn-6aece6dd34a4454c,hybrid_text,100,71.76500000059605,10.66450000507757,286.390900000697,368.8204000063706,one shared preloaded model
syn-b9f4fa3de270243b,hybrid_text,100,73.92340000660624,10.4910000009113,476.04259999934584,560.4570000068634,one shared preloaded model
syn-7a9964e8147076b4,hybrid_text,100,89.94750000420026,6.993800001509953,267.3249999934342,364.2662999991444,one shared preloaded model
syn-5afa3fb6102c079e,hybrid_text,100,101.23860000021523,10.16679999884218,345.54190000199014,456.94730000104755,one shared preloaded model
syn-741bd6aa659cbb3a,hybrid_text,100,95.35560000222176,10.001800001191441,353.27520000282675,458.63260000623995,one shared preloaded model
syn-e2066c5ef4eaa754,hybrid_text,100,99.32339999795659,10.338399995816872,315.77670000115177,425.4384999949252,one shared preloaded model
syn-9ad6a91dae6541b0,hybrid_text,100,101.69400000449969,11.145299999043345,319.01409999409225,431.8533999976353,one shared preloaded model
syn-0cc07eac74fee68f,hybrid_text,100,79.80210000096122,9.746299998369068,1606.1797000002116,1695.7280999995419,one shared preloaded model
syn-06f1746d73db3d7a,hybrid_text,100,98.7539999987348,10.69949999509845,323.47180000215303,432.9252999959863,one shared preloaded model
syn-af7777b30c76fe8f,hybrid_text,100,102.40419999900041,10.404699998616707,156.57089999876916,269.3797999963863,one shared preloaded model
syn-a3df3702910d82c8,hybrid_text,100,68.41740000527352,6.869400000141468,287.44219999498455,362.72900000039954,one shared preloaded model
syn-1b32176f8ab0ad0d,hybrid_text,100,81.1009999961243,6.390000002284069,459.2668999976013,546.7578999960097,one shared preloaded model
syn-3c9a56c51e114ae8,hybrid_text,100,67.05520000105025,6.378899997798726,252.03619999956572,325.4702999984147,one shared preloaded model
syn-4dc80c16468d7ae3,hybrid_text,100,71.0800000015297,6.663899999693967,298.5659999976633,376.309899998887,one shared preloaded model
syn-635cc36e60ec9abe,hybrid_text,100,96.98059999936959,6.771799999114592,247.11679999745684,350.869199995941,one shared preloaded model
syn-166e4d8638667138,hybrid_text,100,71.52339999447577,6.900300002598669,267.76869999594055,346.192399993015,one shared preloaded model
syn-4b2e3c750d96faf1,hybrid_text,100,102.06749999633757,10.609999997541308,246.81490000511985,359.49239999899874,one shared preloaded model
syn-5c60aa247e7da516,hybrid_text,100,97.39290000288747,10.297300003003329,227.68099999666447,335.37120000255527,one shared preloaded model
syn-363ae45960cbd6ea,hybrid_text,100,96.74510000331793,10.21279999986291,381.67670000257203,488.6346000057529,one shared preloaded model
syn-202a222301f9a6d4,hybrid_text,100,99.81259999767644,10.491800007002894,156.12560000590747,266.4300000105868,one shared preloaded model
syn-7cf12316980709f6,hybrid_text,100,63.797999995586,6.841000002168585,268.708700001298,339.34769999905257,one shared preloaded model
syn-728e33df6904e39f,hybrid_text,100,101.48409999965224,10.50799999939045,420.6633000067086,532.6554000057513,one shared preloaded model
syn-5bd3e7c2aa979761,hybrid_text,100,65.30280000151834,10.413299998617731,309.7717000055127,385.48780000564875,one shared preloaded model
syn-9f5692455ac5f9eb,hybrid_text,100,97.57090000493918,10.475900002347771,297.02659999747993,405.0734000047669,one shared preloaded model
syn-d0e73d43fc27e780,hybrid_text,100,96.40260000014678,10.317400003259536,297.5921999968705,404.3122000002768,one shared preloaded model
syn-70ea21787462e8bb,hybrid_text,100,99.79629999725148,10.683100001187995,398.42939999653026,508.90879999496974,one shared preloaded model
syn-93ebae83f12babde,hybrid_text,100,99.26550000091083,10.543500000494532,313.81799999508075,423.6269999964861,one shared preloaded model
syn-80b5fa71901fb209,hybrid_text,100,64.26939999801107,6.50649999442976,319.74649999756366,390.5223999900045,one shared preloaded model
syn-31a023f7ba9bc6ca,hybrid_text,100,88.26979999867035,6.709099994623102,248.14289999631,343.12179998960346,one shared preloaded model
syn-86c7f5c14844a928,hybrid_text,100,100.86940000473987,10.912599995208438,204.25780000368832,316.0398000036366,one shared preloaded model
syn-a86b2bf35ce487cf,hybrid_text,100,92.31379999982892,11.03010000224458,299.2448000004515,402.588700002525,one shared preloaded model
syn-a191dd5bc4522c3f,hybrid_text,100,67.40589999390068,7.279700002982281,486.6133000032278,561.2989000001107,one shared preloaded model
syn-24c6eb89fa9bc77a,hybrid_text,100,106.84779999428429,10.834900000190828,322.46090000262484,440.14359999709995,one shared preloaded model
syn-7e9cddfe26e96d08,hybrid_text,100,96.49540000100387,6.520199996884912,286.5148999990197,389.5304999969085,one shared preloaded model
syn-79244b5ea6e26a35,hybrid_text,100,100.08879999804776,10.67900000634836,344.2449000067427,455.0127000111388,one shared preloaded model
syn-351b1f137e4c70f0,hybrid_text,100,83.5337000025902,6.601000000955537,274.3514999965555,364.48620000010123,one shared preloaded model
syn-fe81b916e846f8e6,hybrid_text,100,72.42530000075931,10.432000002765562,257.2193000014522,340.0766000049771,one shared preloaded model
syn-890454ea84307ccf,hybrid_text,100,88.74829999695066,10.188400003244169,330.7418000040343,429.67850000422914,one shared preloaded model
syn-38ffd1c0f969d3ce,hybrid_text,100,98.91659999993863,10.490499997104052,285.6908000030671,395.0979000001098,one shared preloaded model
syn-449f78fee2e31323,hybrid_text,100,100.30499999993481,10.38200000039069,204.6598000015365,315.346800001862,one shared preloaded model
syn-386d7fabe68c0b51,hybrid_text,100,79.690099999425,10.702800005674362,257.69350000337,348.08640000846935,one shared preloaded model
syn-a53e008f5352ab7c,hybrid_text,100,86.18650000425987,10.232200002064928,461.1850000001141,557.6037000064389,one shared preloaded model
syn-2d7332919d82acd7,hybrid_text,100,81.06209999823477,6.670800001302268,229.97179999947548,317.7046999990125,one shared preloaded model
syn-4b43eb5a0d3f5e34,hybrid_text,100,103.05550000339281,10.100000006787013,302.37299999862444,415.52850000880426,one shared preloaded model
syn-1c8165dfe7849318,hybrid_text,100,98.14200000255369,10.298899993358646,327.0570000022417,435.497899998154,one shared preloaded model
syn-d3b9785b73055c98,hybrid_text,100,67.69110000459477,6.536000000778586,263.48159999906784,337.7087000044412,one shared preloaded model
syn-eb6fed3bb3f62d98,hybrid_text,100,99.360300002445,10.476600000401959,299.0804000000935,408.91730000294046,one shared preloaded model
syn-413d807574a54fac,hybrid_text,100,80.3821000008611,6.591700002900325,301.2161000006017,388.18990000436315,one shared preloaded model
syn-8be08b3c364210f6,hybrid_text,100,97.43650000018533,10.30019999598153,321.0661000048276,428.80280000099447,one shared preloaded model
syn-c73284e558f60ee0,hybrid_text,100,86.76220000052126,10.087200003908947,156.16900000168243,253.01840000611264,one shared preloaded model
syn-af7cdb39cb252396,hybrid_text,100,100.49029999936465,10.73319999704836,312.1969999992871,423.4204999957001,one shared preloaded model
syn-6cb7e0329cf51091,hybrid_text,100,68.09310000244295,6.4611999987391755,470.5863999988651,545.1407000000472,one shared preloaded model
syn-7ff503cc87bf6b72,hybrid_text,100,98.72889999678591,10.245199999189936,331.5024000039557,440.47649999993155,one shared preloaded model
syn-6409e2246567d47d,hybrid_text,100,101.83189999952447,10.255200002575293,312.33139999676496,424.4184999988647,one shared preloaded model
syn-56a9578b1ca629d6,hybrid_text,100,100.01619999820832,10.376300000643823,320.3840999995009,430.77659999835305,one shared preloaded model
syn-96125f8027ab183e,hybrid_text,100,100.19140000076732,10.318100001313724,263.9790000030189,374.4885000050999,one shared preloaded model
syn-d108a25e35d2aec2,hybrid_text,100,102.85440000006929,8.851500002492685,296.37490000459366,408.08080000715563,one shared preloaded model
syn-e505f665edac12f5,hybrid_text,100,94.9823999981163,10.306600001058541,327.85660000081407,433.1455999999889,one shared preloaded model
syn-227123dfbfb3b60b,hybrid_text,100,66.7706999956863,6.738800002494827,257.02430000092136,330.5337999991025,one shared preloaded model
syn-a3509d974e84be76,hybrid_text,100,98.1379000004381,10.130199996638112,147.43430000089575,255.70239999797195,one shared preloaded model
syn-4db0fdc492341150,hybrid_text,100,100.18739999941317,10.897799998929258,322.01359999453416,433.0987999928766,one shared preloaded model
syn-ad343e5861a42f48,hybrid_text,100,99.36170000582933,10.400400002254173,446.1536000017077,555.9157000097912,one shared preloaded model
syn-98938f2a750732e3,hybrid_text,100,99.76370000367751,10.28799999767216,297.80870000104187,407.86040000239154,one shared preloaded model
syn-588e0cf52a62ad07,hybrid_text,100,88.59469999879366,10.484599995834287,317.84889999835286,416.9281999929808,one shared preloaded model
syn-3a2b16f76aac64a3,hybrid_text,100,99.12629999598721,10.230200001387857,298.09929999464657,407.45579999202164,one shared preloaded model
syn-771747a46595b170,hybrid_text,100,99.16030000022147,10.269900005368982,244.43979999341536,353.8699999990058,one shared preloaded model
syn-b862e71029dd1141,hybrid_text,100,99.81139999581501,10.372999997343868,345.7613999999012,455.94579999306006,one shared preloaded model
syn-ab82b68526b31cc1,hybrid_text,100,79.97279999835882,9.83000000269385,990.7873999982257,1080.5901999992784,one shared preloaded model
syn-0972954b0101952a,hybrid_text,100,80.99309999670368,6.884099995659199,345.67629999946803,433.5534999918309,one shared preloaded model
syn-8e233e6259a3ff93,hybrid_text,100,72.7917999975034,6.761099997675046,127.33229999867035,206.8851999938488,one shared preloaded model
syn-d72c9b6d1c8b544c,hybrid_text,100,98.5692000031122,10.859500005608425,334.437200006505,443.86590001522563,one shared preloaded model
syn-2473152ac1131384,hybrid_text,100,86.6396999990684,10.884800001804251,487.93899999873247,585.4634999996051,one shared preloaded model
syn-99c8100852c041ab,hybrid_text,100,65.34370000008494,6.560900001204573,276.35300000110874,348.25760000239825,one shared preloaded model
syn-c072bb6c30501eb5,hybrid_text,100,98.94640000129584,10.337499996239785,299.8537000021315,409.13759999966715,one shared preloaded model
syn-6ceaf5097ce9c759,hybrid_text,100,99.78509999928065,10.281599999871105,269.24529999814695,379.3119999972987,one shared preloaded model
syn-b22dac7d46c56ef7,hybrid_text,100,91.42319999955362,7.011099994997494,291.183599998476,389.6178999930271,one shared preloaded model
syn-a820901274815962,hybrid_text,100,97.36930000508437,6.786199999623932,322.1657000030973,426.3212000078056,one shared preloaded model
syn-4d0c462a9611104c,hybrid_text,100,68.54919999750564,10.127300003659911,432.06040000222856,510.7369000033941,one shared preloaded model
syn-966462fdc64001cb,hybrid_text,100,86.53290000074776,6.775699999707285,342.7997000035248,436.1083000039798,one shared preloaded model
syn-aab7f6253fc3371c,hybrid_text,100,84.33789999980945,10.208599996985868,157.12560000247322,251.67209999926854,one shared preloaded model
syn-6cd597ee81f40259,hybrid_text,100,98.55609999794979,11.145700002089143,323.6085999960778,433.31039999611676,one shared preloaded model
syn-ac63a94c62bb28b0,hybrid_text,100,97.30880000279285,6.851699996332172,542.8739999988466,647.0344999979716,one shared preloaded model
syn-caaf77c3bc556729,hybrid_text,100,100.61860000132583,10.259299997414928,321.5319000009913,432.40979999973206,one shared preloaded model
syn-be57cd78365e7d1a,hybrid_text,100,100.27210000407649,10.43750000098953,275.16499999910593,385.87460000417195,one shared preloaded model
syn-f8666490bec6d369,hybrid_text,100,67.53400000161491,6.59319999977015,257.74470000033034,331.8719000017154,one shared preloaded model
syn-60ede6f62c127051,hybrid_text,100,69.161699997494,6.595099999685772,302.62510000466136,378.38190000184113,one shared preloaded model
syn-3ca2daab899324eb,hybrid_text,100,102.43759999866597,10.718500001530629,253.11810000130208,366.2742000014987,one shared preloaded model
syn-751ad704e49319a5,hybrid_text,100,91.88840000570053,10.532799999054987,275.9682999967481,378.3895000015036,one shared preloaded model
syn-1def9112232df49c,hybrid_text,100,98.49219999887282,10.088700000778772,321.704599999066,430.28549999871757,one shared preloaded model
syn-6d9bfb9f846bec63,hybrid_text,100,79.41710000159219,6.92939999862574,188.2564999978058,274.60299999802373,one shared preloaded model
syn-6743c3c7d98bfc0e,hybrid_text,100,100.4629000017303,11.108999999123625,319.6955999956117,431.26749999646563,one shared preloaded model
syn-01d7e9b6955f7473,hybrid_text,100,99.75470000063069,10.302900001988746,477.74349999963306,587.8011000022525,one shared preloaded model
syn-2e85e9170d30ba71,hybrid_text,100,82.0164000033401,7.2689000007812865,330.7786000004853,420.0639000046067,one shared preloaded model
syn-37671ca7cf5c1eb5,hybrid_text,100,98.55329999845708,10.42609999421984,323.64070000039646,432.6200999930734,one shared preloaded model
syn-f4e3f903987f6c89,hybrid_text,100,95.07270000176504,10.291199992934708,322.56000000052154,427.9238999952213,one shared preloaded model
syn-0baea2d67907d7b5,hybrid_text,100,63.83610000193585,6.394399999408051,278.8072000039392,349.0377000052831,one shared preloaded model
syn-64b6c1ab320dbe67,hybrid_text,100,98.53189999557799,10.165100000449456,340.67099999811035,449.3679999941378,one shared preloaded model
syn-ebbfd3d64aa3659e,hybrid_text,100,99.80860000359826,10.168300002987962,319.21009999496164,429.18700000154786,one shared preloaded model
syn-9ba4c01860d01716,hybrid_text,100,62.054199996055104,6.581100002222229,321.90629999968223,390.54159999795957,one shared preloaded model
syn-30ea2cdf2f968903,hybrid_text,100,74.86810000409605,9.783999994397163,137.72079999762354,222.37289999611676,one shared preloaded model
syn-8c64fa1f197773be,hybrid_text,100,88.05839999695309,10.42010000674054,323.42419999622507,421.9026999999187,one shared preloaded model
syn-73c6ca9be338f033,hybrid_text,100,101.67310000542784,10.253399996145163,514.217700001609,626.144200003182,one shared preloaded model
syn-6ecbb1c08f82c937,hybrid_text,100,77.73989999986952,7.032900000922382,267.8665999992518,352.6394000000437,one shared preloaded model
syn-8353478fbb4bce27,hybrid_text,500,370.80159999459283,13.035700001637451,302.5061000007554,686.3433999969857,one shared preloaded model
syn-8067a297457aadf1,hybrid_text,500,344.2928000004031,9.201000000757631,229.0428999986034,582.5366999997641,one shared preloaded model
syn-9e8353cffd162bec,hybrid_text,500,326.40730000275653,8.938300001318567,227.24440000456525,562.5900000086403,one shared preloaded model
syn-1e2c00e04982df2b,hybrid_text,500,430.6508999943617,13.385400001425296,312.0070000004489,756.0432999962359,one shared preloaded model
syn-e2a2467ecd547dda,hybrid_text,500,429.4729000030202,9.361500000522938,310.8758000016678,749.7102000052109,one shared preloaded model
syn-bc62c7abfaca5c09,hybrid_text,500,437.25870000344,13.436900000669993,353.8482000003569,804.5438000044669,one shared preloaded model
syn-12612434405c931a,hybrid_text,500,460.01849999447586,13.399799994658679,202.84800000081304,676.2662999899476,one shared preloaded model
syn-5a8a3408720382be,hybrid_text,500,418.87560000031954,9.406099998159334,354.200599998876,782.4822999973549,one shared preloaded model
syn-59ea7db674f489a6,hybrid_text,500,433.6094000027515,9.585799998603761,436.36540000443347,879.5606000057887,one shared preloaded model
syn-51d379101a7163b5,hybrid_text,500,437.0670999996946,13.459000001603272,299.2223999972339,749.7484999985318,one shared preloaded model
syn-663a7412abfb842b,hybrid_text,500,450.6268000041018,154.00180000142427,266.6475000005448,871.2761000060709,one shared preloaded model
syn-0bd707dc615b2bc5,hybrid_text,500,453.2411999971373,13.250700001663063,309.5566999982111,776.0485999970115,one shared preloaded model
syn-0ca214b154606a6d,hybrid_text,500,409.7690999988117,13.296299999637995,321.4432000022498,744.5086000006995,one shared preloaded model
syn-1ad21a31a11954b1,hybrid_text,500,455.3566000031424,13.369699998293072,260.30729999911273,729.0336000005482,one shared preloaded model
syn-405db96ad499aad6,hybrid_text,500,396.80670000234386,9.075900001334958,176.76740000024438,582.6500000039232,one shared preloaded model
syn-c73a7d7f2efdabea,hybrid_text,500,451.40099999844097,13.215900005889125,281.5530000007129,746.169900005043,one shared preloaded model
syn-d4551df4fe2ef435,hybrid_text,500,451.080799997726,13.325999992957804,102.75629999523517,567.163099985919,one shared preloaded model
syn-f81cc5743ea53e86,hybrid_text,500,465.50420000130543,14.072500001930166,344.335100002354,823.9118000055896,one shared preloaded model
syn-4f19931c9987dbda,hybrid_text,500,359.58849999587983,13.227700001152698,495.7482000027085,868.564399999741,one shared preloaded model
syn-92c86a223d786491,hybrid_text,500,336.84699999867007,9.443599999940488,276.543899999524,622.8344999981346,one shared preloaded model
syn-2bb893798ac2dfa5,hybrid_text,500,456.00849999755155,13.382900004216935,303.6241000008886,773.0155000026571,one shared preloaded model
syn-aa1bcd4e3305659c,hybrid_text,500,442.1384000015678,9.188000003632624,263.37880000210134,714.7052000073018,one shared preloaded model
syn-0954cc37fabc8be3,hybrid_text,500,330.2856000009342,12.377200000628363,320.22929999948246,662.892100001045,one shared preloaded model
syn-6bb06c622660e647,hybrid_text,500,333.338399999775,14.027199998963624,354.8586999968393,702.2242999955779,one shared preloaded model
syn-0b1a59bdb0ab570e,hybrid_text,500,403.3837000024505,9.33900000381982,1128.5810000044876,1541.303700010758,one shared preloaded model
syn-23a203eef7bafa9b,hybrid_text,500,448.5015000027488,13.201900001149625,367.7209999950719,829.4243999989703,one shared preloaded model
syn-3b06b4335ee79d9c,hybrid_text,500,448.9136999982293,13.484700000844896,105.31920000357786,567.717600002652,one shared preloaded model
syn-ec94bad4956c840e,hybrid_text,500,322.710400003416,11.04730000224663,305.48930000077235,639.247000006435,one shared preloaded model
syn-bc1c23717d0dfea3,hybrid_text,500,451.0240999952657,14.27749999857042,474.9392000012449,940.240799995081,one shared preloaded model
syn-67712a9f8996e2e8,hybrid_text,500,393.42009999381844,13.497199994162656,298.15420000522863,705.0714999932097,one shared preloaded model
syn-595c1a876191c126,hybrid_text,500,418.64900000655325,9.085699995921459,305.8095000014873,733.544200003962,one shared preloaded model
syn-6467888e031efe81,hybrid_text,500,345.397299999604,9.080600000743289,263.1028000032529,617.5807000036002,one shared preloaded model
syn-bbf31960b39c5ee4,hybrid_text,500,376.8813000060618,9.383800002979115,295.9828000020934,682.2479000111343,one shared preloaded model
syn-0a76bff023524251,hybrid_text,500,421.44589999952586,9.150399993814062,256.7230999993626,687.3193999927025,one shared preloaded model
syn-ba162ae568464f78,hybrid_text,500,385.30689999606693,9.273000003304332,208.86669999890728,603.4465999982785,one shared preloaded model
syn-b042f0c9791d9008,hybrid_text,500,427.30419999861624,13.58549999713432,262.51560000673635,703.4053000024869,one shared preloaded model
syn-ea3960770a2ca4a7,hybrid_text,500,303.34140000195475,9.481000000960194,130.55069999973057,443.3731000026455,one shared preloaded model
syn-38219515a508a5d7,hybrid_text,500,457.9639000003226,14.157600002363324,339.7809999951278,811.9024999978137,one shared preloaded model
syn-d4c28ece94fb3953,hybrid_text,500,446.93199999892386,9.200899999996182,453.91380000364734,910.0467000025674,one shared preloaded model
syn-f60a4dd25af4bf20,hybrid_text,500,456.3322000030894,13.257799997518305,243.759000004502,713.3490000051097,one shared preloaded model
syn-f82cf59916809524,hybrid_text,500,384.41859999875305,13.492099998984486,285.78120000020135,683.6918999979389,one shared preloaded model
syn-8e294cf8f86f5d12,hybrid_text,500,432.78380000265315,13.249700001324527,325.5448999989312,771.5784000029089,one shared preloaded model
syn-040517cd90cc897c,hybrid_text,500,441.33500000316417,13.229399999545421,342.220599995926,796.7849999986356,one shared preloaded model
syn-411fce6ee866bbb8,hybrid_text,500,457.17930000682827,13.351299996429589,291.89449999830686,762.4251000015647,one shared preloaded model
syn-268c1d0c81c87f4b,hybrid_text,500,455.50189999630675,13.10139999986859,197.7030999987619,666.3063999949372,one shared preloaded model
syn-b306cf68395776dd,hybrid_text,500,367.4758999986807,9.334800000942778,300.0852999975905,676.895999997214,one shared preloaded model
syn-689442af0e6a410d,hybrid_text,500,455.702500003099,13.625800005684141,205.44649999646936,674.7748000052525,one shared preloaded model
syn-313805301f447ead,hybrid_text,500,450.7601000004797,13.715100001718383,348.751400000765,813.2266000029631,one shared preloaded model
syn-38d674321a5aca1b,hybrid_text,500,317.06020000274293,8.949900002335198,517.7676000021165,843.7777000071947,one shared preloaded model
syn-213d87e5e07c8519,hybrid_text,500,431.1247000005096,13.482800000929274,344.68489999562735,789.2923999970662,one shared preloaded model
syn-05a9edcf64ee42de,hybrid_text,500,399.6617000011611,12.888099998235703,307.99990000377875,720.5497000031755,one shared preloaded model
syn-0475ce3a7577d7da,hybrid_text,500,350.8763000063482,13.876799996069167,261.38560000254074,626.1387000049581,one shared preloaded model
syn-e08c5c69e450c217,hybrid_text,500,398.8020999968285,8.75590000214288,257.48420000309125,665.0422000020626,one shared preloaded model
syn-436852fe9abb7dc5,hybrid_text,500,463.49219999683555,13.330199995834846,301.45659999834606,778.2789999910165,one shared preloaded model
syn-271d5a470da86f7f,hybrid_text,500,429.8110000017914,13.196400002925657,253.44200000108685,696.4494000058039,one shared preloaded model
syn-970a5b6630f65725,hybrid_text,500,418.1068000034429,13.324300001841038,328.71650000015507,760.147600005439,one shared preloaded model
syn-8a75ed949ee596bd,hybrid_text,500,415.48540000076173,9.07310000184225,128.9050999985193,553.4636000011233,one shared preloaded model
syn-56c64830d8d53ebc,hybrid_text,500,377.09170000016456,9.768100004293956,297.52600000210805,684.3858000065666,one shared preloaded model
syn-811fbe3866bccdf8,hybrid_text,500,407.8030999953626,10.20540000172332,498.58769999991637,916.5961999970023,one shared preloaded model
syn-d42090286816856c,hybrid_text,500,440.73999999818625,13.08699999935925,288.29660000337753,742.123600000923,one shared preloaded model
syn-ffd8865e73eeab0e,hybrid_text,500,456.6615000003367,13.195499996072613,299.66910000075586,769.5260999971651,one shared preloaded model
syn-784fd5d93b24c4f6,hybrid_text,500,432.83579999842914,13.172900005884003,307.92379999911645,753.9325000034296,one shared preloaded model
syn-ea8d41b6d999d548,hybrid_text,500,349.90709999692626,13.065899998764507,325.90930000151275,688.8822999972035,one shared preloaded model
syn-d909cdb8cfcc9eb8,hybrid_text,500,385.91169999563135,9.499699997832067,235.1652999932412,630.5766999867046,one shared preloaded model
syn-23c6931c183f4ac9,hybrid_text,500,406.92809999745805,12.998299993341789,260.6651000023703,680.5914999931701,one shared preloaded model
syn-d3743cb521c05762,hybrid_text,500,391.3226000004215,9.079000003112014,229.63290000188863,630.0345000054222,one shared preloaded model
syn-c6956e0b7b8bbe93,hybrid_text,500,397.38510000461247,13.764300005277619,149.5680000007269,560.717400010617,one shared preloaded model
syn-2c235f94902c2fbd,hybrid_text,500,362.06830000446644,13.96480000403244,883.6612999948557,1259.6944000033545,one shared preloaded model
syn-5c84268454890acb,hybrid_text,500,460.32419999392005,13.08660000358941,496.5662999966298,969.9770999941393,one shared preloaded model
syn-4d04fd9eb9e444fa,hybrid_text,500,453.4974999987753,12.978699996892828,297.00920000323094,763.4853999988991,one shared preloaded model
syn-6acbf48ac4868565,hybrid_text,500,382.3095000043395,9.38569999561878,229.06709999369923,620.7622999936575,one shared preloaded model
syn-cb4f29b8d39beaf7,hybrid_text,500,336.5661999996519,9.226000001945067,233.55889999947976,579.3511000010767,one shared preloaded model
syn-bdecfe39479ce931,hybrid_text,500,358.99009999411646,7.750899996608496,258.3362000004854,625.0771999912104,one shared preloaded model
syn-07d4c2689189fd19,hybrid_text,500,453.96769999933895,13.468600001942832,305.4192999989027,772.8556000001845,one shared preloaded model
syn-b0094bd3bc25f838,hybrid_text,500,456.90879999892786,13.227600000391249,348.1086999963736,818.2450999956927,one shared preloaded model
syn-c576d54a7fdd7ade,hybrid_text,500,336.8884000010439,9.085600002435967,301.09190000075614,647.065900004236,one shared preloaded model
syn-ca1da64f4b7250ab,hybrid_text,500,313.5388000009698,8.922599998186342,100.30320000078063,422.76459999993676,one shared preloaded model
syn-400d16042183536f,hybrid_text,500,295.5574000006891,9.458799999265466,233.19489999994403,538.2110999998986,one shared preloaded model
syn-2fe6bde59301602d,hybrid_text,500,454.0033000012045,13.756499996816274,477.32290000567446,945.0827000036952,one shared preloaded model
syn-e4e5255b50b15865,hybrid_text,500,461.2210999985109,13.333199996850453,252.12460000329884,726.6788999986602,one shared preloaded model
syn-8e029986a2e4be7e,hybrid_text,500,459.00580000306945,13.223499998275656,322.39510000363225,794.6244000049774,one shared preloaded model
syn-d460ec92ff2d1e65,hybrid_text,500,472.61029999936,13.806599999952596,337.2921000045608,823.7090000038734,one shared preloaded model
syn-c7b7f75556d5e436,hybrid_text,500,404.44839999690885,9.945999998308253,278.29059999930905,692.6849999945262,one shared preloaded model
syn-729b066ef4e121a1,hybrid_text,500,300.23980000260053,9.357599999930244,233.38809999404475,542.9854999965755,one shared preloaded model
syn-383ddb0c41c5feef,hybrid_text,500,397.5577999954112,9.117900001001544,246.11809999623802,652.7937999926507,one shared preloaded model
syn-50d0f73de6cd03fd,hybrid_text,500,380.98400000308175,9.480300002906006,256.6028000001097,647.0671000060975,one shared preloaded model
syn-49216263546f83c9,hybrid_text,500,355.69910000049276,13.584600004833192,206.61680000193883,575.9005000072648,one shared preloaded model
syn-3d8ea15d71265a5d,hybrid_text,500,455.1056999989669,9.442700000363402,323.9023000060115,788.4507000053418,one shared preloaded model
syn-e71f9cfdd7e12520,hybrid_text,500,421.508300001733,13.19550000334857,508.2345999981044,942.938400003186,one shared preloaded model
syn-db387682b1226cfa,hybrid_text,500,411.3982999988366,13.257400001748465,338.0507999972906,762.7064999978757,one shared preloaded model
syn-57cbb0340d075fa2,hybrid_text,500,382.5974999999744,9.365199999592733,301.6843000004883,693.6470000000554,one shared preloaded model
syn-9df98212cdc08358,hybrid_text,500,450.69859999784967,13.368700005230494,279.7008000052301,743.7681000083103,one shared preloaded model
syn-a1d1ea15e7221800,hybrid_text,500,447.6037999993423,13.104799996654037,321.39579999784473,782.1043999938411,one shared preloaded model
syn-2f4dce5ad69b3fa1,hybrid_text,500,352.77140000107465,9.187300005578436,320.2832999959355,682.2420000025886,one shared preloaded model
syn-7094b0e8de069d3a,hybrid_text,500,406.9549999985611,8.767499995883554,187.98160000005737,603.704099994502,one shared preloaded model
syn-97802e05ca9a2d1c,hybrid_text,500,365.7500999979675,13.507099996786565,286.9021000005887,666.1592999953427,one shared preloaded model
syn-d604fecf4b0498cd,hybrid_text,500,429.98069999885047,13.864599997759797,155.05900000425754,598.9043000008678,one shared preloaded model
syn-64c1006806b1711d,hybrid_text,500,396.0584000014933,9.703499999886844,237.6963999995496,643.4583000009297,one shared preloaded model
syn-4a8e3cff5312d6b5,hybrid_text,500,443.45529999554856,13.434699998470023,583.2857999994303,1040.175799993449,one shared preloaded model
syn-f940283a7af1f768,hybrid_text,500,355.19790000398643,9.063500001502689,293.7212999968324,657.9827000023215,one shared preloaded model
syn-00d8e9ad93855ab3,hybrid_text,500,343.6970000038855,9.229299997969065,271.6337999954703,624.5600999973249,one shared preloaded model
syn-b66b18aeb0ff8c75,hybrid_text,500,396.5052999992622,13.247900002170354,345.85489999881247,755.608100000245,one shared preloaded model
syn-689eaa13f442395a,hybrid_text,500,413.5091999996803,8.876100000634324,228.09460000280524,650.4799000031198,one shared preloaded model
syn-47679c7bc2515e7e,hybrid_text,500,415.2996999982861,13.289599999552593,322.66320000053383,751.2524999983725,one shared preloaded model
syn-8defe53d696d1e04,hybrid_text,500,413.61630000028526,13.666499995451886,1061.6912000041339,1488.973999999871,one shared preloaded model
syn-958fef865bbe0110,hybrid_text,500,453.43680000223685,13.444399999571033,337.29650000168476,804.1777000034926,one shared preloaded model
syn-4b17cac63cc0fd2e,hybrid_text,500,366.66110000078334,8.550899998226669,121.07919999834849,496.2911999973585,one shared preloaded model
syn-c81b135ce954f21d,hybrid_text,500,357.1970000048168,9.431000005861279,257.58079999650363,624.2088000071817,one shared preloaded model
syn-a4421f1dbd3fdf53,hybrid_text,500,456.720200003474,13.257400001748465,485.243499999342,955.2211000045645,one shared preloaded model
syn-007bd7d84108708c,hybrid_text,500,314.9301000012201,13.301999999384861,310.28750000405125,638.5196000046562,one shared preloaded model
syn-33695a5bdb03a768,hybrid_text,500,451.83130000077654,13.242499997431878,300.35550000320654,765.429300001415,one shared preloaded model
syn-338c6b26a5bc1a7c,hybrid_text,500,369.7482999996282,13.620800003991462,323.3630000031553,706.732100006775,one shared preloaded model
syn-e228218af7df0e27,hybrid_text,500,411.2849999946775,11.162100003275555,354.17649999726564,776.6235999952187,one shared preloaded model
syn-fcc74b53a32d5340,hybrid_text,500,443.527899995388,13.284199994814117,327.74249999783933,784.5545999880414,one shared preloaded model
syn-6f04fd80b4ec7429,hybrid_text,500,301.76249999931315,9.383399999933317,509.15379999787547,820.2996999971219,one shared preloaded model
syn-5a2a82ec7118aced,hybrid_text,500,354.0876999977627,13.100600001052953,322.2271000049659,689.4154000037815,one shared preloaded model
syn-929180aaf784df2d,hybrid_text,500,270.9424000058789,9.142499999143183,203.46199999767123,483.5469000026933,one shared preloaded model
syn-cb551660c3041446,hybrid_text,500,317.2234000012395,13.637500000186265,362.39260000002105,693.2535000014468,one shared preloaded model
syn-791a724e1d728c02,hybrid_text,500,437.0903000017279,13.391599997703452,486.72570000053383,937.2075999999652,one shared preloaded model
syn-bbb931a8ac8328af,hybrid_text,500,417.1100000021397,13.290599999891128,358.34710000199266,788.7477000040235,one shared preloaded model
syn-ebdd58edff7c66b4,hybrid_text,500,464.81479999783915,13.223299996752758,320.1910999996471,798.229199994239,one shared preloaded model
syn-dafad97333e5b987,hybrid_text,500,320.0652000014088,9.441899994271807,283.2845999946585,612.7916999903391,one shared preloaded model
syn-0b201ce7670c1977,hybrid_text,500,466.7131999958656,14.041200003703125,300.43899999873247,781.1933999983012,one shared preloaded model
syn-54b9cd4289abb716,hybrid_text,500,376.64180000138003,13.644300001033116,275.0430000014603,665.3291000038735,one shared preloaded model
syn-8bf1c6019e2fc30d,hybrid_text,500,414.01480000058655,13.420900002529379,1245.595799999137,1673.0315000022529,one shared preloaded model
syn-f6299fe4338ea2f7,hybrid_text,500,402.01680000609485,13.552599994000047,308.5907999993651,724.16019999946,one shared preloaded model
syn-38e61cc36ea3e36e,hybrid_text,500,444.9806000047829,7.7272999988053925,170.33510000328533,623.0430000068736,one shared preloaded model
syn-197dc5be6d7f183f,hybrid_text,500,373.5633000032976,9.33919999806676,337.21060000243597,720.1131000038004,one shared preloaded model
syn-3ce9a38483b121d8,hybrid_text,500,443.1177000005846,13.19599999987986,250.8010000019567,707.1147000024212,one shared preloaded model
syn-47583ae995fed3de,hybrid_text,500,456.5957000013441,13.288299996929709,274.07620000303723,743.960200001311,one shared preloaded model
syn-84f146205390e1cd,hybrid_text,500,416.9480999989901,13.104400000884198,322.8655999992043,752.9180999990785,one shared preloaded model
syn-028e71b6f78ee786,hybrid_text,500,347.7587999950629,9.077100003196392,241.16650000360096,598.0024000018602,one shared preloaded model
syn-4bc94b80a83ab669,hybrid_text,500,364.3353000006755,8.783199999015778,342.7452000032645,715.8637000029557,one shared preloaded model
syn-18c20066c2cb823b,hybrid_text,500,419.4948000003933,13.264499997603707,269.37139999790816,702.1306999959052,one shared preloaded model
syn-9897592c844df47a,hybrid_text,500,393.8907999981893,9.540400002151728,252.17349999729777,655.6046999976388,one shared preloaded model
syn-f1a339235669aeb9,hybrid_text,500,407.5213000032818,13.10139999986859,334.2525999978534,754.8753000010038,one shared preloaded model
syn-cfdf94c12c6fc750,hybrid_text,500,390.1003999999375,10.058300002128817,102.57589999673655,502.7345999988029,one shared preloaded model
syn-d74d75f2f11faece,hybrid_text,500,439.91819999791915,13.555999998061452,323.0366999996477,776.5108999956283,one shared preloaded model
syn-783c82d75d29289f,hybrid_text,500,466.17500000138534,13.242300003184937,523.0249000014737,1002.442200006044,one shared preloaded model
syn-59238d3be02262dc,hybrid_text,500,363.8658999989275,13.087799998174887,319.4450000009965,696.3986999980989,one shared preloaded model
syn-5a59b3e48be3ebf3,hybrid_text,500,420.496999999159,13.390499996603467,309.92930000502383,743.8168000007863,one shared preloaded model
syn-ff213c8fcd806780,hybrid_text,500,392.76170000084676,9.192500001518056,257.567000000563,659.5212000029278,one shared preloaded model
syn-b53133f7f8a9ffec,hybrid_text,500,333.63549999921815,7.573700000648387,253.48400000075344,594.69320000062,one shared preloaded model
syn-e35eabac503525f5,hybrid_text,500,398.2845999998972,13.200900000811089,361.0476999965613,772.5331999972695,one shared preloaded model
syn-f06e91bb302cec90,hybrid_text,500,335.5299000031664,8.816299996396992,183.39689999993425,527.7430999994976,one shared preloaded model
syn-8e0605a240c5d9de,hybrid_text,500,459.8998000001302,13.267000002088025,315.5479000051855,788.7147000074037,one shared preloaded model
syn-e187101b9c61e6e0,hybrid_text,500,411.67249999853084,13.378300005570054,156.96069999830797,582.0115000024089,one shared preloaded model
syn-0adbc4dcb9081517,hybrid_text,500,464.15410000190604,14.265500001783948,296.6113000002224,775.0309000039124,one shared preloaded model
syn-950a8c7f7b083c05,hybrid_text,500,408.8954000035301,9.451000005356036,437.0130999959656,855.3595000048517,one shared preloaded model
syn-c33b261bc5974ad6,hybrid_text,500,380.8197999969707,7.821500003046822,337.9150999971898,726.5563999972073,one shared preloaded model
syn-5ae41b4c78656072,hybrid_text,500,402.13620000577066,13.223200003267266,277.11099999578437,692.4704000048223,one shared preloaded model
syn-5e6cea10982a3491,hybrid_text,500,398.5121000005165,9.84020000032615,296.4706999991904,704.8230000000331,one shared preloaded model
syn-393c8d17ecc49c08,hybrid_text,500,455.4487999994308,13.10150000063004,300.9059999967576,769.4562999968184,one shared preloaded model
syn-ea7a1a0f2c892d07,hybrid_text,500,442.553399996541,10.829800005012657,306.7291999977897,760.1123999993433,one shared preloaded model
syn-0e782853a7ea3314,hybrid_text,500,399.11059999576537,13.067299994872883,228.93730000214418,641.1151999927824,one shared preloaded model
syn-960381de09bea452,hybrid_text,500,429.97940000350354,13.209999997343402,329.58769999822835,772.7770999990753,one shared preloaded model
syn-6e1920560ba226cf,hybrid_text,500,452.41320000059204,13.493500002368819,204.77730000129668,670.6840000042575,one shared preloaded model
syn-51d5124dceba73dc,hybrid_text,500,452.1348999987822,13.949599997431505,309.7665999957826,775.8510999919963,one shared preloaded model
syn-3eb2443275ddd447,hybrid_text,500,433.5648000051151,9.092799999052659,390.3076999995392,832.965300003707,one shared preloaded model
syn-8614bcc399988fce,hybrid_text,500,456.5311999976984,13.479699999152217,285.84330000012415,755.8541999969748,one shared preloaded model
syn-3cdf107cfd43e0fd,hybrid_text,500,361.6824999990058,13.337099997443147,251.44230000296375,626.4618999994127,one shared preloaded model
syn-288492c196f1e57d,hybrid_text,500,467.60669999639504,13.27339999988908,302.707000002556,783.5870999988401,one shared preloaded model
syn-6aeddd7478f8dad1,hybrid_text,500,467.80179999768734,13.655299997481052,311.97139999858337,793.4284999937518,one shared preloaded model
syn-f7ce21c285c45a2e,hybrid_text,500,431.2785000001895,13.216300001658965,300.83799999556504,745.3327999974135,one shared preloaded model
syn-e3f6ba4e5a28c2de,hybrid_text,500,411.8617999993148,9.280899997975212,181.05300000024727,602.1956999975373,one shared preloaded model
syn-b660cc0eacfc23b6,hybrid_text,500,454.53310000448255,13.356999996176455,321.8618000028073,789.7519000034663,one shared preloaded model
syn-b50f9f7062eca05f,hybrid_text,500,411.84790000261273,13.427400001091883,156.3190000015311,581.5943000052357,one shared preloaded model
syn-0fc1f31ae9a93aa7,hybrid_text,500,418.061199998192,13.780699999188073,305.68760000460315,737.5295000019833,one shared preloaded model
syn-d2aeb79af2c427b5,hybrid_text,500,454.73869999841554,13.283599997521378,458.47630000207573,926.4985999980127,one shared preloaded model
syn-62826ec1b9b4a016,hybrid_text,500,453.01330000074813,13.277099998958874,258.1703999967431,724.4607999964501,one shared preloaded model
syn-d29f5aeb7170134e,hybrid_text,500,332.95730000099866,9.071799999219365,300.26850000285776,642.2976000030758,one shared preloaded model
syn-a38b4624e16666f7,hybrid_text,500,410.72279999934835,13.240100000984967,320.65570000122534,744.6186000015587,one shared preloaded model
syn-75b1ed43bc65fd9e,hybrid_text,500,446.83590000204276,13.23930000216933,298.17379999440163,758.2489999986137,one shared preloaded model
syn-8494bae6d11ac2e7,hybrid_text,500,452.80329999513924,13.21299999835901,304.99199999758275,771.008299991081,one shared preloaded model
syn-7ee1f42a5629174b,hybrid_text,500,325.0019999977667,9.439299996301997,291.4706000010483,625.911899995117,one shared preloaded model
syn-3fe4991bf0c2ad44,hybrid_text,500,322.2299999979441,12.047800002619624,366.0807999985991,700.3585999991628,one shared preloaded model
syn-1e2ecfd6d2f82460,hybrid_text,500,452.16339999751654,13.223699999798555,141.7555000007269,607.142599998042,one shared preloaded model
syn-64cd3953dfea1b8a,hybrid_text,500,452.54040000145324,13.895700001739897,321.4032000032603,787.8393000064534,one shared preloaded model
syn-8baac05c82412799,hybrid_text,500,453.24819999950705,13.142399999196641,527.8077000039048,994.1983000026084,one shared preloaded model
syn-6d1ad2459478a841,hybrid_text,500,390.9423000004608,13.433300002361648,351.6148999988218,755.9905000016443,one shared preloaded model
syn-67f82b8b4f21c426,hybrid_text,500,448.5763999982737,13.187500000640284,297.9743999967468,759.7382999956608,one shared preloaded model
syn-28a468ec5ccd074e,hybrid_text,500,389.8789000013494,9.368799997901078,258.0298999964725,657.277599995723,one shared preloaded model
syn-22ae75de761a6523,hybrid_text,500,397.6420000035432,9.268200003134552,348.0901000002632,755.000300006941,one shared preloaded model
syn-438d58bc4faa40a6,hybrid_text,500,441.4783000029274,13.218599997344427,297.3922000019229,752.0891000021948,one shared preloaded model
syn-00b33be7e49faf14,hybrid_text,500,453.6015999983647,13.382400000409689,1057.8422999969916,1524.826299995766,one shared preloaded model
syn-0de255f30bd2a43b,hybrid_text,500,435.0551000025007,13.080899996566586,359.35730000346666,807.4933000025339,one shared preloaded model
syn-5b8adc69152415ba,hybrid_text,500,361.377100001846,9.476100000028964,121.51129999983823,492.36450000171317,one shared preloaded model
syn-7294b757a8e851e2,hybrid_text,500,442.39160000142874,9.821399995416868,295.9177999946405,748.1307999914861,one shared preloaded model
syn-044b82cb725cda4f,hybrid_text,500,455.23429999593645,13.41099999990547,453.1658000050811,921.811100000923,one shared preloaded model
syn-318d78f2ab7b3615,hybrid_text,500,400.2353999967454,9.233600001607556,258.0383000022266,667.5073000005796,one shared preloaded model
syn-6abf77247fcceec9,hybrid_text,500,454.76330000383314,9.13379999838071,318.7151999954949,782.6122999977088,one shared preloaded model
syn-d820c6a8ffaad975,hybrid_text,500,372.4577999964822,9.494299993093591,233.3652000015718,615.3172999911476,one shared preloaded model
syn-35e6eeacf4a5b0e7,hybrid_text,500,436.34120000206167,8.929800002078991,334.50400000583613,779.7750000099768,one shared preloaded model
syn-5f13f7d39a6f9dd2,hybrid_text,500,441.0862000004272,9.222400003636722,292.0979999980773,742.4066000021412,one shared preloaded model
syn-d79f56bbac52b78f,hybrid_text,500,443.39359999867156,8.808999999018852,221.8739000018104,674.0764999995008,one shared preloaded model
syn-d94f9f88e7330cf3,hybrid_text,500,308.4709999966435,13.340400000743102,292.77079999883426,614.5821999962209,one shared preloaded model
syn-9af8470ca231317c,hybrid_text,500,444.6576999980607,10.433000003104098,203.02359999914188,658.1143000003067,one shared preloaded model
syn-016a620ea89d026c,hybrid_text,500,411.9094999987283,10.27829999657115,320.8541999993031,743.0419999946025,one shared preloaded model
syn-0ab4f7c4f93101df,hybrid_text,500,455.685100001574,14.017699999385513,252.6999000037904,722.4027000047499,one shared preloaded model
syn-673ad9a7a3815527,hybrid_text,500,458.21880000585224,13.357000003452413,331.77230000001146,803.3481000093161,one shared preloaded model
syn-9637d112539c2596,hybrid_text,500,457.09229999920353,8.941899999626912,227.65439999784576,693.6885999966762,one shared preloaded model
syn-9efd28a908d96377,hybrid_text,500,430.55399999866495,10.46409999980824,285.91859999869484,726.936699997168,one shared preloaded model
syn-b5fd479043a1f5f0,hybrid_text,500,463.9217000003555,13.287100002344232,309.1363999992609,786.3452000019606,one shared preloaded model
syn-b31097c5f8432523,hybrid_text,500,463.9874999993481,13.234599995485041,233.65760000160662,710.8796999964397,one shared preloaded model
syn-e3988356cb634b76,hybrid_text,500,417.08079999807524,13.272399999550544,253.38200000260258,683.7352000002284,one shared preloaded model
syn-b93d2fbde0d87e43,hybrid_text,500,446.14820000424515,13.23450000199955,340.2235999965342,799.6063000027789,one shared preloaded model
syn-e6bb0f45ecff59ec,hybrid_text,500,306.0572000031243,14.464200001384597,179.63959999906365,500.16100000357255,one shared preloaded model
syn-5de10839a991bd18,hybrid_text,500,379.96309999289224,13.753899998846464,250.5858000004082,644.3027999921469,one shared preloaded model
syn-1d26b78349295a8c,hybrid_text,500,425.1612000007299,7.856299998820759,521.7307999992045,954.7482999987551,one shared preloaded model
syn-13a80fedd9f32081,hybrid_text,500,406.117999998969,13.240100000984967,325.63910000317264,744.9972000031266,one shared preloaded model
syn-fc5e97f03a0bdaea,hybrid_text,500,342.7395000035176,13.114300003508106,301.4019999973243,657.25580000435,one shared preloaded model
syn-05d8cf96104d2a05,hybrid_text,500,458.56500000081724,13.23930000216933,325.55259999935515,797.3569000023417,one shared preloaded model
syn-10f60f169ff33d8a,hybrid_text,500,456.830600000103,13.177499997254927,364.25969999982044,834.2677999971784,one shared preloaded model
syn-92e00dc4ce0b433f,hybrid_text,500,461.6089000046486,13.478200002282392,322.5878000012017,797.6749000081327,one shared preloaded model
syn-8b04cba97d6011be,hybrid_text,500,375.07979999645613,12.98030000180006,260.2534999969066,648.3135999951628,one shared preloaded model
syn-d5d82482f42433eb,hybrid_text,500,432.8735000017332,13.276499994390178,345.12919999542646,791.2791999915498,one shared preloaded model
syn-c11b77eb7b11634e,hybrid_text,500,438.4892000016407,13.509399999747984,205.30100000178209,657.2996000031708,one shared preloaded model
syn-45838d23bff0c54b,hybrid_text,500,466.5517999965232,13.588000001618639,297.8696999998647,778.0094999980065,one shared preloaded model
syn-59a6301268ac351a,hybrid_text,500,409.07130000414327,9.31920000584796,475.68630000023404,894.0768000102253,one shared preloaded model
syn-51f7894767e333b4,hybrid_text,500,418.5561999984202,9.052599998540245,157.60880000016186,585.2175999971223,one shared preloaded model
syn-b2383b732780e64c,hybrid_text,500,454.15089999733027,13.087200000882149,301.5771999998833,768.8152999980957,one shared preloaded model
syn-8b0cbb2202ca8bee,hybrid_text,500,459.72120000078576,13.255400001071393,327.186199996504,800.1627999983612,one shared preloaded model
syn-3c99834715dc06fe,hybrid_text,500,354.79730000224663,13.334800001757685,340.98809999704827,709.1202000010526,one shared preloaded model
syn-bbb693659e15d4a8,hybrid_text,500,410.68839999934426,13.128899998264387,347.34169999865117,771.1589999962598,one shared preloaded model
syn-ae370afd87dce67b,hybrid_text,500,458.9420999982394,13.133499996911269,252.5000000023283,724.575599997479,one shared preloaded model
syn-d9bb103e78d1ea00,hybrid_text,1000,738.6087000049883,9.212400000251364,273.3049000016763,1021.126000006916,one shared preloaded model
syn-6ce2e118d31157fe,hybrid_text,1000,777.8639999960433,13.537899998482317,350.22359999857144,1141.625499993097,one shared preloaded model
syn-042dd477cdf0308a,hybrid_text,1000,694.5691000000807,13.105199999699835,309.2753000019002,1016.9496000016807,one shared preloaded model
syn-281283cfabfbdcea,hybrid_text,1000,891.2746999994852,13.427999998384621,250.55009999778122,1155.252799995651,one shared preloaded model
syn-8efa4ab49e1a80d2,hybrid_text,1000,748.9539000016521,13.184199997340329,251.66650000028312,1013.8045999992755,one shared preloaded model
syn-b17fc4077a328a69,hybrid_text,1000,769.8299999974552,13.572000003478024,305.70060000172816,1089.1026000026613,one shared preloaded model
syn-7e6f50b922375dde,hybrid_text,1000,687.8432000012253,12.380500003928319,156.25230000296142,856.4760000081151,one shared preloaded model
syn-fc2eb6d5aff91ebe,hybrid_text,1000,671.5442999993684,12.705499997537117,324.29449999472126,1008.5442999916268,one shared preloaded model
syn-938ad03c92c97011,hybrid_text,1000,815.164100000402,13.777599997411016,494.55489999672864,1323.4965999945416,one shared preloaded model
syn-f6b8e9d890741e55,hybrid_text,1000,614.8123999955715,9.390899998834357,255.89140000374755,880.0946999981534,one shared preloaded model
syn-b36a5940cf945a14,hybrid_text,1000,758.1682000018191,13.309399997524451,353.65759999695,1125.1351999962935,one shared preloaded model
syn-0ed7b68c61dbfde9,hybrid_text,1000,676.5823000023374,13.65790000272682,252.0070999962627,942.247300001327,one shared preloaded model
syn-5fae0fa10fdf31d3,hybrid_text,1000,664.7327000027872,13.108200000715442,307.0453999971505,984.8863000006531,one shared preloaded model
syn-dba8ca745e0a3cdc,hybrid_text,1000,768.6723000006168,13.59729999967385,340.30129999882774,1122.5708999991184,one shared preloaded model
syn-fcfb5732ec54f0c8,hybrid_text,1000,794.0079999971204,13.378299998294096,240.04599999898346,1047.432299994398,one shared preloaded model
syn-08effc2a25c11f9c,hybrid_text,1000,646.5005000063684,9.518600003502797,393.0476999958046,1049.0668000056758,one shared preloaded model
syn-9e6381dab1dfdb96,hybrid_text,1000,650.4739000010886,9.808400005567819,102.83250000065891,763.1148000073154,one shared preloaded model
syn-dca5cb7288e8636e,hybrid_text,1000,775.164799997583,9.638999996241182,284.00739999779034,1068.8111999916146,one shared preloaded model
syn-f4ff0a2d232530ca,hybrid_text,1000,648.7904000023264,13.333900002180599,463.4012999958941,1125.525600000401,one shared preloaded model
syn-5f1b8d8a7822fd7e,hybrid_text,1000,732.5765999994474,13.403400000242982,263.66979999875184,1009.6497999984422,one shared preloaded model
syn-94aba5b9e5062a27,hybrid_text,1000,807.8726999956416,9.152699996775482,308.34820000018226,1125.3735999925993,one shared preloaded model
syn-3e6c511cd2b560d8,hybrid_text,1000,641.5513999963878,8.591499994508922,299.6108000006643,949.753699991561,one shared preloaded model
syn-ac20d91143a0590b,hybrid_text,1000,755.2385000017239,13.466399999742862,292.4323999977787,1061.1372999992454,one shared preloaded model
syn-0efffe40eebe4463,hybrid_text,1000,784.0891999949235,13.438300004054327,328.38579999952344,1125.9132999985013,one shared preloaded model
syn-b83885bc9e64ce19,hybrid_text,1000,718.7711000005947,13.87830000021495,421.99609999806853,1154.6454999988782,one shared preloaded model
syn-ee19c3767fd74bed,hybrid_text,1000,599.9539000040386,13.908300003095064,319.02169999375474,932.8839000008884,one shared preloaded model
syn-7c2d788567f6ca4c,hybrid_text,1000,743.2721000004676,13.670699998328928,205.35000000381842,962.292800002615,one shared preloaded model
syn-3a8019f3d5dc68c0,hybrid_text,1000,600.747099997534,14.029999998456333,317.4788000033004,932.2558999992907,one shared preloaded model
syn-e8c65398929f4acf,hybrid_text,1000,609.4314000001759,13.394099994911812,537.0725000029779,1159.8979999980656,one shared preloaded model
syn-3f66ed559cedc115,hybrid_text,1000,820.6589999972493,10.040399996796623,229.93279999354854,1060.6321999875945,one shared preloaded model
syn-12ccf1fda7a5ba55,hybrid_text,1000,683.5060000012163,13.462999995681457,322.20690000394825,1019.175900000846,one shared preloaded model
syn-a12f2b7d49824e38,hybrid_text,1000,673.2279999996535,9.37740000517806,249.74050000309944,932.345900007931,one shared preloaded model
syn-391e97cd74ab7f0a,hybrid_text,1000,598.5008999996353,13.608300003397744,332.75099999445956,944.8601999974926,one shared preloaded model
syn-e720b237f4f6f0d3,hybrid_text,1000,734.6467000024859,9.782900000573136,271.88179999939166,1016.3114000024507,one shared preloaded model
syn-8de662f9190a975f,hybrid_text,1000,825.6861000045319,13.751299993600696,253.25169999996433,1092.689099998097,one shared preloaded model
syn-887cf2e03d326777,hybrid_text,1000,700.1058999958332,13.82960000046296,360.90909999620635,1074.8445999925025,one shared preloaded model
syn-89035a06fe530ebf,hybrid_text,1000,797.0486999984132,13.753100000030827,201.9155000016326,1012.7173000000766,one shared preloaded model
syn-cb5f2c3f5795cde4,hybrid_text,1000,788.9192000002367,9.797400001843926,255.96130000485573,1054.6779000069364,one shared preloaded model
syn-81dc91cf54ed73d1,hybrid_text,1000,843.0484999989858,13.739999994868413,544.1811999990023,1400.9696999928565,one shared preloaded model
syn-72347d36c62375b2,hybrid_text,1000,822.2789999999804,13.720200004172511,324.8059000034118,1160.8051000075648,one shared preloaded model
syn-4bae06c6c4fc1f14,hybrid_text,1000,777.2040999989258,13.09929999843007,345.6986000019242,1136.00199999928,one shared preloaded model
syn-45a3475be0025375,hybrid_text,1000,787.0992999960436,13.590900001872797,332.5602000040817,1133.250400001998,one shared preloaded model
syn-c5a53c1e41ca2f77,hybrid_text,1000,733.0637000050046,9.304200000769924,282.7314000023762,1025.0993000081507,one shared preloaded model
syn-f6773edb4955f847,hybrid_text,1000,587.6195999953779,9.339500000351109,256.26090000150725,853.2199999972363,one shared preloaded model
syn-58b316290cd24af7,hybrid_text,1000,763.6228000046685,13.623199993162416,1093.4656000026735,1870.7116000005044,one shared preloaded model
syn-d48e529b99148b62,hybrid_text,1000,770.7420000006096,13.51559999602614,342.98799999669427,1127.24559999333,one shared preloaded model
syn-c59f2789c582ce72,hybrid_text,1000,856.0819999984233,13.670700005604886,205.9159000054933,1075.6686000095215,one shared preloaded model
syn-439f1c31894cda85,hybrid_text,1000,691.2060999966343,13.451400001940783,302.11599999893224,1006.7734999975073,one shared preloaded model
syn-bc315d39ab7b8d07,hybrid_text,1000,899.3664000008721,13.413500004389789,461.1990999983391,1373.979000003601,one shared preloaded model
syn-ff528767efd5ed85,hybrid_text,1000,746.0508000003756,13.30479999887757,315.5116999987513,1074.8672999980045,one shared preloaded model
syn-65c7958efb0596b8,hybrid_text,1000,732.9358999995748,13.35329999710666,312.18120000266936,1058.4703999993508,one shared preloaded model
syn-54f9c57cabda9bb7,hybrid_text,1000,832.0607999994536,13.525700000172947,358.9326000001165,1204.519099999743,one shared preloaded model
syn-b667d2c320a8600f,hybrid_text,1000,837.1106999984477,13.237599996500649,299.1187000006903,1149.4669999956386,one shared preloaded model
syn-a179f0ac6d5bd80b,hybrid_text,1000,837.0387000031769,9.618500000215136,312.90900000021793,1159.56620000361,one shared preloaded model
syn-0837b68c448c02ef,hybrid_text,1000,632.2418999989168,13.37039999634726,253.13900000037393,898.751299995638,one shared preloaded model
syn-4cb03cf39f71f86d,hybrid_text,1000,594.3884000007529,9.564600004523527,258.64439999713795,862.5974000024144,one shared preloaded model
syn-81ff57e4c3f23708,hybrid_text,1000,631.499499999336,9.386000005179085,135.50609999947483,776.3916000039899,one shared preloaded model
syn-d4eee0faf98bee16,hybrid_text,1000,586.599499998556,9.93200000084471,764.1855999972904,1360.717099996691,one shared preloaded model
syn-8ccf977ded1bf95e,hybrid_text,1000,717.1119999984512,13.42809999914607,509.8186000032001,1240.3587000007974,one shared preloaded model
syn-aa50f0aa293375df,hybrid_text,1000,642.8955000010319,13.419300004898105,315.9756000022753,972.2904000082053,one shared preloaded model
syn-3024acb3548890e1,hybrid_text,1000,579.3485000031069,9.265599997888785,263.5544000004302,852.1685000014259,one shared preloaded model
syn-466bce93c4ee97a9,hybrid_text,1000,764.4077000004472,13.644400001794565,320.7951000003959,1098.8472000026377,one shared preloaded model
syn-ea86488068c8be5d,hybrid_text,1000,798.6751999997068,13.373099995078519,331.09739999781596,1143.1456999926013,one shared preloaded model
syn-c93a303ba2cb0a5e,hybrid_text,1000,702.0307999991928,13.536099999328144,324.0510000032373,1039.6179000017582,one shared preloaded model
syn-39bd187f8d495145,hybrid_text,1000,893.4370999995735,8.975400000053924,215.39820000180043,1117.810700001428,one shared preloaded model
syn-eacb4ffcbb2d86d7,hybrid_text,1000,789.6773999964353,13.816600003337953,355.7490000021062,1159.2430000018794,one shared preloaded model
syn-5b845e0d83ffe943,hybrid_text,1000,753.7852000023122,9.455400002480019,128.97189999785041,892.2125000026426,one shared preloaded model
syn-67da6153707a7cf3,hybrid_text,1000,734.2908999999054,14.467799999692943,355.1408999992418,1103.8995999988401,one shared preloaded model
syn-208a5f0e612e75dc,hybrid_text,1000,599.5167000000947,9.797500002605375,387.1438999995007,996.4581000022008,one shared preloaded model
syn-3f0a998814cff481,hybrid_text,1000,572.2752000001492,9.083700002520345,228.3668000018224,809.725700004492,one shared preloaded model
syn-bbf2766c5553d357,hybrid_text,1000,866.8212999982643,8.895499995560385,335.7347999990452,1211.45159999287,one shared preloaded model
syn-28c5f4952dec1158,hybrid_text,1000,797.6777999938349,13.971400003356393,327.5969000023906,1139.246099999582,one shared preloaded model
syn-f0710eb347d7f49f,hybrid_text,1000,795.7534000015585,13.521299995773006,340.2732000031392,1149.5479000004707,one shared preloaded model
syn-fae97a6c6007ca4b,hybrid_text,1000,750.1448999973945,9.354299996630289,235.75290000007953,995.2520999941044,one shared preloaded model
syn-26da2551ebdb99b0,hybrid_text,1000,798.6089999976684,13.504900001862552,1071.9278000033228,1884.0417000028538,one shared preloaded model
syn-d6a3c849308efc93,hybrid_text,1000,819.7357000026386,14.331099999253638,345.8956999966176,1179.9624999985099,one shared preloaded model
syn-5e831158aecf073c,hybrid_text,1000,596.156500003417,10.190300003159791,203.8585999980569,810.2054000046337,one shared preloaded model
syn-0df1020fb1cfac7b,hybrid_text,1000,910.7806999963941,14.323999996122438,294.75400000228547,1219.858699994802,one shared preloaded model
syn-14895e28ff83d627,hybrid_text,1000,859.0244000006351,13.355900002352428,542.61449999467,1414.9947999976575,one shared preloaded model
syn-280893883faff475,hybrid_text,1000,860.9828000044217,13.439299997116905,323.5156000009738,1197.9377000025124,one shared preloaded model
syn-64c9f4524a637e29,hybrid_text,1000,622.5918999989517,9.098900001845323,396.153100002266,1027.843900003063,one shared preloaded model
syn-a059274c871b0476,hybrid_text,1000,686.9705999997677,13.44480000261683,320.8018999939668,1021.2172999963514,one shared preloaded model
syn-62d3ee9ce3d7c7ac,hybrid_text,1000,594.5704999976442,9.276700002374128,253.71199999790406,857.5591999979224,one shared preloaded model
syn-a3ab9227eebf5a53,hybrid_text,1000,823.6501999999746,13.647100000525825,221.19910000037635,1058.4964000008767,one shared preloaded model
syn-eae30fdc794e4b34,hybrid_text,1000,749.0741000001435,9.239400002115872,219.04609999910463,977.359600001364,one shared preloaded model
syn-48ca6ad89fc59895,hybrid_text,1000,671.0605999978725,12.797999996109866,500.20309999672463,1184.061699990707,one shared preloaded model
syn-500f7069b993394b,hybrid_text,1000,811.7330000022775,9.472500001720618,104.05790000368143,925.2634000076796,one shared preloaded model
syn-9b96067dc9ef5446,hybrid_text,1000,725.3117000000202,14.060500005143695,300.1612000007299,1039.5334000058938,one shared preloaded model
syn-7a3b2bb542adde01,hybrid_text,1000,834.5747999992454,13.465999996697064,514.4519999957993,1362.4927999917418,one shared preloaded model
syn-f7c0ebbe60722761,hybrid_text,1000,806.3363000037498,10.894900005951058,306.72120000235736,1123.9524000120582,one shared preloaded model
syn-dac579b4ce47aca7,hybrid_text,1000,727.9414000004181,9.196900005917996,252.8533000004245,989.9916000067606,one shared preloaded model
syn-bcbefb9be90d6a25,hybrid_text,1000,801.7113000023528,13.787699994281866,332.8345999980229,1148.3335999946576,one shared preloaded model
syn-2695661d1bea2959,hybrid_text,1000,892.7552999957697,13.61200000246754,333.99849999841535,1240.3657999966526,one shared preloaded model
syn-1b898866130111e0,hybrid_text,1000,841.8292999995174,13.490600002114661,349.74249999504536,1205.0623999966774,one shared preloaded model
syn-1a1996e4100eeaad,hybrid_text,1000,818.2629000002635,13.97259999794187,255.87149999773828,1088.1069999959436,one shared preloaded model
syn-8d77e003873ed40a,hybrid_text,1000,773.2851999971899,8.209899999201298,313.65040000673616,1095.1455000031274,one shared preloaded model
syn-cdc296dc9c776cdb,hybrid_text,1000,652.6379000060842,13.664000005519483,109.81160000665113,776.1135000182549,one shared preloaded model
syn-8327f78363600d81,hybrid_text,1000,596.2589000046137,8.551799997803755,238.81830000027549,843.6290000026929,one shared preloaded model
syn-5e6ee2f73290048f,hybrid_text,1000,621.4607000001706,13.545900001190603,249.9242999983835,884.9308999997447,one shared preloaded model
syn-23e8742860b2a62a,hybrid_text,1000,668.1338000053074,13.472499995259568,335.5969000040204,1017.2032000045874,one shared preloaded model
syn-f04d6c7f370e4a29,hybrid_text,1000,838.6503999936394,13.261400003102608,307.54489999526413,1159.4566999920062,one shared preloaded model
syn-b80b2e97a4db7a97,hybrid_text,1000,703.649499999301,13.481800000590738,269.842299996526,986.9735999964178,one shared preloaded model
syn-ba2a7ef9baa4b877,hybrid_text,1000,578.45379999344,9.264500004064757,309.5880999971996,897.3063999947044,one shared preloaded model
syn-71222cfc29e9341b,hybrid_text,1000,756.1324999987846,13.661299999512266,243.00870000297436,1012.8025000012713,one shared preloaded model
syn-c28e151e0a17cca4,hybrid_text,1000,696.3571000014781,13.484999995853286,1042.6988000035635,1752.540900000895,one shared preloaded model
syn-f146e261fff2b363,hybrid_text,1000,868.2087999986834,13.531399999919813,345.47980000206735,1227.2200000006706,one shared preloaded model
syn-bcc90fb9386303b5,hybrid_text,1000,756.6974999936065,13.749300000199582,156.05630000209203,926.5030999958981,one shared preloaded model
syn-543acec00104d069,hybrid_text,1000,583.3507999996073,9.744899994984735,293.24220000125933,886.3378999958513,one shared preloaded model
syn-a777a0449ca3fb5f,hybrid_text,1000,751.8232000002172,13.485999996191822,507.28950000484474,1272.5987000012537,one shared preloaded model
syn-c06a91abc63c98c7,hybrid_text,1000,653.6768000005395,13.484399998560548,250.74180000228807,917.9030000013881,one shared preloaded model
syn-b99931850336a20f,hybrid_text,1000,793.498000006366,13.304599997354671,303.9356000008411,1110.7382000045618,one shared preloaded model
syn-59385e24e872000c,hybrid_text,1000,601.3027000008151,13.455100001010578,261.3086999990628,876.0665000008885,one shared preloaded model
syn-0892a57b654e40e8,hybrid_text,1000,701.3452999963192,13.475199993990827,250.171900006535,964.992399996845,one shared preloaded model
syn-fb34245e0892cc7a,hybrid_text,1000,868.8729000059539,13.630699999339413,299.86379999900237,1182.3674000042956,one shared preloaded model
syn-b08ae709b1c9d822,hybrid_text,1000,836.8161000034888,9.151700003712904,246.77759999758564,1092.7454000047874,one shared preloaded model
syn-e2db30e7d5c4dde6,hybrid_text,1000,704.1124000024865,9.463999995205086,276.84409999346826,990.4204999911599,one shared preloaded model
syn-dd60639750ea62b4,hybrid_text,1000,788.7211999986903,12.139899998146575,204.710600002727,1005.5716999995639,one shared preloaded model
syn-cbaa4569873ac834,hybrid_text,1000,809.604499998386,14.410999996471219,253.30530000064755,1077.3207999955048,one shared preloaded model
syn-520903a645d5ecfb,hybrid_text,1000,734.4473999983165,14.274299996031914,543.8464999970165,1292.568199991365,one shared preloaded model
syn-5e9fd87a5016cddd,hybrid_text,1000,875.2166000049328,13.450899998133536,271.0510000033537,1159.71850000642,one shared preloaded model
syn-f1b52658363e3b92,hybrid_text,1000,759.192700003041,13.26849999895785,325.33439999679103,1097.7955999987898,one shared preloaded model
syn-18b9d6ac9e7049fb,hybrid_text,1000,582.0896000004723,9.739900000568014,264.0389000007417,855.868400001782,one shared preloaded model
syn-008384cdd30eea44,hybrid_text,1000,814.5141000059084,9.1963000013493,257.63890000234824,1081.349300009606,one shared preloaded model
syn-ab404be3043d317f,hybrid_text,1000,889.241500000935,13.828199997078627,329.4973000010941,1232.5669999991078,one shared preloaded model
syn-172454acf1cf66e2,hybrid_text,1000,835.6151999978465,9.620900003938004,343.8596999985748,1189.0958000003593,one shared preloaded model
syn-27d81a44d9d7eb1d,hybrid_text,1000,579.7728999968967,9.24959999974817,319.3950999993831,908.417599996028,one shared preloaded model
syn-d07f7ebc6d1de23b,hybrid_text,1000,666.1203999974532,14.083100002608262,109.17089999566087,789.3743999957223,one shared preloaded model
syn-a2663843442b6cc3,hybrid_text,1000,736.6879999972298,9.846500004641712,246.27419999887934,992.8087000007508,one shared preloaded model
syn-1cdee48c3989dff6,hybrid_text,1000,583.9306999987457,9.018999997351784,439.67960000009043,1032.629299996188,one shared preloaded model
syn-c3e03635fe54efbb,hybrid_text,1000,772.3593999980949,9.559099999023601,298.23400000168476,1080.1524999988033,one shared preloaded model
syn-f145453cd704f938,hybrid_text,1000,849.1442000013194,13.466299998981413,410.89780000038445,1273.5083000006853,one shared preloaded model
syn-19a39e333ceb7176,hybrid_text,1000,628.4865999987232,13.132599997334182,257.51750000199536,899.1366999980528,one shared preloaded model
syn-b2af4633bfb40235,hybrid_text,1000,716.4736000049743,13.4087999977055,268.7499999956344,998.6323999983142,one shared preloaded model
syn-2c55a3011f2a0d9a,hybrid_text,1000,809.6343999932287,9.874499999568798,257.9708000048413,1077.4796999976388,one shared preloaded model
syn-01c5f8e95e41a7a5,hybrid_text,1000,754.7823999993852,13.303300002007745,277.20160000171745,1045.2873000031104,one shared preloaded model
syn-791e007bcf48f98c,hybrid_text,1000,651.6485999964061,13.818200000969227,359.8688999991282,1025.3356999965035,one shared preloaded model
syn-259b9d737befeb57,hybrid_text,1000,699.6183000010205,9.589799999957904,104.40389999712352,813.611999998102,one shared preloaded model
syn-54b5a6194fc6fd8e,hybrid_text,1000,832.9073999993852,14.142899999569636,294.2079999993439,1141.2582999982988,one shared preloaded model
syn-8f4277d9948d448f,hybrid_text,1000,760.4837000035332,13.555500001530163,505.8671999940998,1279.906399999163,one shared preloaded model
syn-e049688b82633c17,hybrid_text,1000,589.7834000061266,9.349300002213567,314.66329999966547,913.7960000080056,one shared preloaded model
syn-50f7efbbd3b49e8b,hybrid_text,1000,777.126799999678,13.435500004561618,242.76890000328422,1033.3312000075239,one shared preloaded model
syn-99e12498445b1b0e,hybrid_text,1000,778.8212000014028,13.562000000092667,325.6143999969936,1117.997599998489,one shared preloaded model
syn-4af231d1b0ca07c3,hybrid_text,1000,828.7545000057435,13.84449999750359,322.07110000308603,1164.670100006333,one shared preloaded model
syn-cf0443c64c602685,hybrid_text,1000,627.8964000011911,9.28820000262931,261.5028000000166,898.687400003837,one shared preloaded model
syn-0aa6427cb87ebeec,hybrid_text,1000,813.2182999979705,13.433599997370038,332.82060000055935,1159.4724999958999,one shared preloaded model
syn-64d492d82aa73da9,hybrid_text,1000,689.0757000001031,9.788099996512756,319.31279999844264,1018.1765999950585,one shared preloaded model
syn-a88929ba4de8e497,hybrid_text,1000,711.4159999982803,9.34879999840632,150.5124000032083,871.277199999895,one shared preloaded model
syn-82a7fca2c31d20c0,hybrid_text,1000,887.4516000068979,14.029800004209392,323.45060000079684,1224.9320000119042,one shared preloaded model
syn-9c7c1e30084b964c,hybrid_text,1000,800.5158999949344,9.150999998382758,494.56220000138273,1304.2290999947,one shared preloaded model
syn-2ca355b2ac8634a8,hybrid_text,1000,858.4094000034383,13.432399995508604,290.8864999990328,1162.7282999979798,one shared preloaded model
syn-aa93861de0aaf495,hybrid_text,5000,3702.122700000473,13.627100001031067,301.7095999966841,4017.459399998188,one shared preloaded model
syn-1992f86a3e86fc6a,hybrid_text,5000,3972.126599997864,9.366300000692718,321.4134000008926,4302.906299999449,one shared preloaded model
syn-04083234f85709e1,hybrid_text,5000,3527.5570999947377,13.6385000005248,311.56190000183415,3852.7574999970966,one shared preloaded model
syn-cb01db0eb7a2edd2,hybrid_text,5000,3409.2794000025606,9.396599998581223,237.52340000646655,3656.1994000076083,one shared preloaded model
syn-621d2f30954c345e,hybrid_text,5000,3767.542699999467,9.87889999669278,311.7070000007516,4089.1285999969114,one shared preloaded model
syn-283fe4a44583ec8e,hybrid_text,5000,3582.261899995501,13.976700000057463,299.8952999987523,3896.133899994311,one shared preloaded model
syn-e1d8ea4b52f7b86c,hybrid_text,5000,3850.2516000007745,14.011600003868807,159.5612999954028,4023.824500000046,one shared preloaded model
syn-b277d625d17584f5,hybrid_text,5000,3767.9341999973985,14.181500002450775,335.3774999995949,4117.493199999444,one shared preloaded model
syn-feae35cacba6a43a,hybrid_text,5000,3871.214599996165,9.272700001019984,414.5094999985304,4294.996799995715,one shared preloaded model
syn-1c7e5d6f21986a25,hybrid_text,5000,3537.6656999942497,13.592000002972782,292.7459999991697,3844.0036999963922,one shared preloaded model
syn-834533c926250190,hybrid_text,5000,3900.3738000028534,13.440300004731398,304.96709999715677,4218.781200004742,one shared preloaded model
syn-0a63273f5477a591,hybrid_text,5000,3926.537699997425,8.54059999983292,330.0959000043804,4265.174200001638,one shared preloaded model
syn-52610bf62333d9cb,hybrid_text,5000,3572.032700001728,13.685300000361167,413.73490000114543,3999.4529000032344,one shared preloaded model
syn-821964f5a271aa9e,hybrid_text,5000,3844.8505999986082,13.86859999911394,307.56059999839636,4166.2797999961185,one shared preloaded model
syn-084b033a28301180,hybrid_text,5000,3612.7664000014192,14.089199998124968,1664.2210999998497,5291.076699999394,one shared preloaded model
syn-bb91366853342eae,hybrid_text,5000,3763.6602999991737,8.157799995387904,323.35779999993974,4095.1758999945014,one shared preloaded model
syn-c70d6c456e1f3caf,hybrid_text,5000,3619.46199999511,13.730599996051751,158.5010999988299,3791.6936999899917,one shared preloaded model
syn-4b7b4e4e7cda9cdd,hybrid_text,5000,3613.2753000056255,14.050999998289626,249.08050000522053,3876.4068000091356,one shared preloaded model
syn-05a3818e49a3d01c,hybrid_text,5000,3940.7260000007227,13.76929999969434,303.6128000021563,4258.108100002573,one shared preloaded model
syn-45a189501aa64aff,hybrid_text,5000,3338.6289999980363,13.673800000105985,295.1371000017389,3647.439899999881,one shared preloaded model
syn-8e55dab6334193ac,hybrid_text,5000,3767.6892000017688,11.891799993463792,285.6755999964662,4065.2565999916987,one shared preloaded model
syn-7078daef9fc885d5,hybrid_text,5000,3831.9871999992756,14.1661000016029,326.1555999997654,4172.308900000644,one shared preloaded model
syn-30a8cdce438a3478,hybrid_text,5000,3092.5012000006973,13.553500000853091,328.80889999796636,3434.8635999995167,one shared preloaded model
syn-c8ec446f9f1407cc,hybrid_text,5000,3779.3553000010434,13.75999999436317,285.50990000076126,4078.625199996168,one shared preloaded model
syn-1eea891acae77cae,hybrid_text,5000,3941.584399995918,13.743400006205775,291.26040000119247,4246.588200003316,one shared preloaded model
syn-41f888c23d96d157,hybrid_text,5000,3626.9484000004013,13.833299999532755,299.44740000064485,3940.229100000579,one shared preloaded model
syn-f845857e039afa6c,hybrid_text,5000,3345.7042000009096,10.036899999249727,107.32109999662498,3463.0621999967843,one shared preloaded model
syn-ac6dfe3b37e5a013,hybrid_text,5000,3863.2259000005433,14.220999997633044,271.12320000014734,4148.570099998324,one shared preloaded model
syn-15dd01e778ff5a78,hybrid_text,5000,3598.301199999696,13.735600005020387,302.636700005678,3914.6735000103945,one shared preloaded model
syn-87378b8e75e2dd6a,hybrid_text,5000,3407.635300005495,13.869000002159737,329.0675000025658,3750.5718000102206,one shared preloaded model
syn-061b3d97b8960738,hybrid_text,5000,3900.0134999951115,9.386900004756171,310.53090000204975,4219.931300001917,one shared preloaded model
syn-490b8d010f4490c5,hybrid_text,5000,3423.102499997185,13.900800004194025,300.16620000242256,3737.1695000038017,one shared preloaded model
syn-fe76d6c8fe9751ff,hybrid_text,5000,3539.7164999958477,13.835000005201437,331.1653999990085,3884.7169000000576,one shared preloaded model
syn-00a89a4a45a4d877,hybrid_text,5000,3766.8178000021726,10.789199994178489,322.9448999991291,4100.55189999548,one shared preloaded model
syn-4732a0f163a6f5e5,hybrid_text,5000,3868.64919999789,13.544599998567719,313.19420000363607,4195.388000000094,one shared preloaded model
syn-81ea53ade157ad42,hybrid_text,5000,3707.2673000002396,13.637700001709163,342.97499999956926,4063.880000001518,one shared preloaded model
syn-3a0dace1bee727c3,hybrid_text,5000,3507.792199998221,13.796999999613035,157.66879999864614,3679.25799999648,one shared preloaded model
syn-3d3cb10c80061638,hybrid_text,5000,3556.9813000038266,14.286099998571444,323.71100000455044,3894.9784000069485,one shared preloaded model
syn-2a09864e418663ff,hybrid_text,5000,4038.8968999977806,14.831799999228679,252.57750000309898,4306.306200000108,one shared preloaded model
syn-ec6ef79969cd8dc7,hybrid_text,5000,3502.588299998024,9.674700006144121,261.78609999624314,3774.0491000004113,one shared preloaded model
syn-f77621b915dd593f,hybrid_text,5000,4016.0499999983585,13.590199996542651,299.83460000221385,4329.474799997115,one shared preloaded model
syn-151c38901bd6a67f,hybrid_text,5000,3905.8304999998654,13.719000002311077,359.0339000002132,4278.58340000239,one shared preloaded model
syn-db951997c8dd6571,hybrid_text,5000,3727.176000000327,9.488499999861233,314.2602000007173,4050.9247000009054,one shared preloaded model
syn-8b89503a51b386ea,hybrid_text,5000,3561.3381000002846,11.142600000312086,250.89849999494618,3823.379199995543,one shared preloaded model
syn-63205549e97719a8,hybrid_text,5000,3725.676200003363,9.657599999627564,1022.2101000035764,4757.543900006567,one shared preloaded model
syn-c748ba52ac994805,hybrid_text,5000,3777.3483999990276,13.71629999630386,322.7119000002858,4113.776599995617,one shared preloaded model
syn-905cd0149f85c44d,hybrid_text,5000,3395.852900001046,13.80090000020573,252.21890000102576,3661.8727000022773,one shared preloaded model
syn-c1e6d9a8d1426ccd,hybrid_text,5000,3488.915599999018,14.419099999940954,328.4218000044348,3831.7565000033937,one shared preloaded model
syn-5a60149bb7d0d331,hybrid_text,5000,3646.858499996597,9.539400001813192,418.2952999981353,4074.6931999965454,one shared preloaded model
syn-085b48c1c01765d8,hybrid_text,5000,3847.022800000559,13.586000000941567,302.7340000044205,4163.342800005921,one shared preloaded model
syn-983ee8cd7cfab2b2,hybrid_text,5000,3934.173899993766,9.529700000712182,234.27449999871897,4177.978099993197,one shared preloaded model
syn-62914c9ecfadb05c,hybrid_text,5000,3705.026799994812,13.76919999893289,334.17629999894416,4052.972299992689,one shared preloaded model
syn-d33602a2444f791a,hybrid_text,5000,3710.3271999949357,13.573199998063501,336.01959999941755,4059.9199999924167,one shared preloaded model
syn-84c0416f23825ae8,hybrid_text,5000,3713.457000005292,13.766699994448572,298.4190000061062,4025.6427000058466,one shared preloaded model
syn-91feb287d382e59b,hybrid_text,5000,3513.4700999988127,13.955399997939821,323.44300000113435,3850.868499997887,one shared preloaded model
syn-0238640a9f4d82ca,hybrid_text,5000,3783.53259999858,9.678899994469248,337.3199000052409,4130.53139999829,one shared preloaded model
syn-63b0f61512efcc7b,hybrid_text,5000,3843.9634000023943,13.753999999607913,137.7143999998225,3995.4318000018247,one shared preloaded model
syn-7b60a34c510e7d77,hybrid_text,5000,3881.6646999985096,14.408499999262858,340.8897999979672,4236.96299999574,one shared preloaded model
syn-aef5fcb957e2b2ae,hybrid_text,5000,3427.525799997966,9.263299994927365,264.28519999899436,3701.0742999918875,one shared preloaded model
syn-89e193275b5f85b9,hybrid_text,5000,3915.435899994918,13.801499997498468,309.53439999575494,4238.771799988172,one shared preloaded model
syn-723cfc0a3cdbbe70,hybrid_text,5000,3425.718800004688,13.51989999966463,246.5952999991714,3685.834000003524,one shared preloaded model
syn-b497e7cf4d12d853,hybrid_text,5000,3756.648500006122,13.782499998342246,328.5108999989461,4098.94190000341,one shared preloaded model
syn-cab61fd9ea43be50,hybrid_text,5000,3499.031899998954,11.188700002094265,281.80889999930514,3792.0295000003534,one shared preloaded model
syn-d2adedac796b42a4,hybrid_text,5000,3684.106699998665,9.746999996423256,308.6650000041118,4002.5186999992,one shared preloaded model
syn-81c6eeb87fa8b65a,hybrid_text,5000,3741.645599999174,9.332300003734417,405.89129999716533,4156.869200000074,one shared preloaded model
syn-a34560479904d293,hybrid_text,5000,3660.3525999962585,13.775600004009902,338.8617999953567,4012.989999995625,one shared preloaded model
syn-175fb0b9c9912f1d,hybrid_text,5000,3483.1618999960483,9.936299997207243,145.57900000363588,3638.6771999968914,one shared preloaded model
syn-da09d28e9f3d5d8d,hybrid_text,5000,3632.9857999953674,10.092299999087118,323.90579999628244,3966.983899990737,one shared preloaded model
syn-ba4fd9131d17eb5c,hybrid_text,5000,3348.5605000023497,9.504300003754906,190.7855000026757,3548.8503000087803,one shared preloaded model
syn-68ead23b13d3ca2c,hybrid_text,5000,3395.9206999934395,13.83200000418583,304.8354999991716,3714.588199996797,one shared preloaded model
syn-6e554c5058644670,hybrid_text,5000,3584.6291999987443,13.70370000222465,341.25079999648733,3939.5836999974563,one shared preloaded model
syn-25700fcf3ed93c36,hybrid_text,5000,3634.221400003298,13.770500001555774,307.63979999755975,3955.6317000024137,one shared preloaded model
syn-a5ee09e7314def43,hybrid_text,5000,3708.0010999998194,9.835400000156369,304.9749999991036,4022.8114999990794,one shared preloaded model
syn-2b6abd30a60a5e04,hybrid_text,5000,3856.1321000015596,9.523699998680968,285.27520000352524,4150.931000003766,one shared preloaded model
syn-8dfeb642ddbee07c,hybrid_text,5000,3700.519500001974,13.596800003142562,1043.8817999965977,4757.998100001714,one shared preloaded model
syn-eb06dec63064b043,hybrid_text,5000,3682.5929999977234,13.596900003904011,338.490100002673,4034.6800000043004,one shared preloaded model
syn-0488d9fbd767427e,hybrid_text,5000,3480.3293000004487,9.458799999265466,134.74200000200653,3624.5301000017207,one shared preloaded model
syn-ed2d05fab8ac8fe4,hybrid_text,5000,3084.41980000498,14.287999998487066,265.52830000582617,3364.2361000092933,one shared preloaded model
syn-8f9f957317f7d25c,hybrid_text,5000,3267.349699999613,13.728400001127739,263.75890000053914,3544.83700000128,one shared preloaded model
syn-501740773c0e41a8,hybrid_text,5000,3843.7332999965292,9.276899996621069,257.2033999967971,4110.213599989947,one shared preloaded model
syn-7e7b412841f6c1f7,hybrid_text,5000,3546.1083999980474,12.286600001971237,239.3235999988974,3797.718599998916,one shared preloaded model
syn-2318f08daa17b1d9,hybrid_text,5000,3412.3746000041137,13.750599995546509,323.8947999998345,3750.0199999994948,one shared preloaded model
syn-444440373a79774e,hybrid_text,5000,3587.171200000739,9.008499997435138,344.14380000089295,3940.3234999990673,one shared preloaded model
syn-c09d16bc1d1a2e55,hybrid_text,5000,3423.217999996268,9.63929999852553,238.27539999911096,3671.1326999939047,one shared preloaded model
syn-41397c03bd43fa20,hybrid_text,5000,3796.005000003788,9.379800001624972,255.44140000420157,4060.8262000096147,one shared preloaded model
syn-2f881f63e4a9ee5b,hybrid_text,5000,3572.8888000012375,13.834199999109842,350.58849999768427,3937.3114999980316,one shared preloaded model
syn-5f5e815c982ee27e,hybrid_text,5000,3612.693200004287,13.66289999714354,159.22870000213152,3785.584800003562,one shared preloaded model
syn-9d71ed841863197e,hybrid_text,5000,3740.873199996713,14.312200000858866,270.9508999978425,4026.1362999954144,one shared preloaded model
syn-7fdfd00ab52cb0a4,hybrid_text,5000,3802.592600004573,13.59299999603536,261.5802999935113,4077.7658999941195,one shared preloaded model
syn-ad6a49391bbc7ec8,hybrid_text,5000,3627.7928999988944,14.149100003123749,327.1205999990343,3969.0626000010525,one shared preloaded model
syn-1b1c065cb1f625b9,hybrid_text,5000,3465.730399999302,13.75700000062352,351.6153999953531,3831.1027999952785,one shared preloaded model
syn-b6a49a33030fa3f8,hybrid_text,5000,3383.265099997516,13.68699999875389,299.0626999962842,3696.014799992554,one shared preloaded model
syn-a8d2f52e7f079d88,hybrid_text,5000,3659.0919000009308,9.29090000136057,339.68340000137687,4008.066200003668,one shared preloaded model
syn-4c3b3bb15e85d708,hybrid_text,5000,3740.39780000021,13.846499998180661,322.4954000033904,4076.739700001781,one shared preloaded model
syn-5711ba27a03e1d37,hybrid_text,5000,3685.239599995839,13.582599996880163,1081.218200000876,4780.040399993595,one shared preloaded model
syn-0524cfaed31c16ea,hybrid_text,5000,3389.2470999999205,8.707599998160731,333.2959000035771,3731.2506000016583,one shared preloaded model
syn-e15762ae99c08a2e,hybrid_text,5000,3813.2420999972965,12.867299999925308,157.97919999749865,3984.0885999947204,one shared preloaded model
syn-d1c2ea5489a8c93f,hybrid_text,5000,3521.5200999955414,10.00200000271434,1120.3916000013123,4651.913699999568,one shared preloaded model
syn-fecb508b9a8cd0d7,hybrid_text,5000,3750.0586999958614,10.02199999493314,255.7528999968781,4015.8335999876726,one shared preloaded model
syn-c3610b2dfdf17488,hybrid_text,5000,3827.184699999634,9.57659999403404,273.71380000113277,4110.475099994801,one shared preloaded model
syn-d387b7117ab37cfe,hybrid_text,5000,3696.204799998668,9.657400005380623,304.5140999965952,4010.376300000644,one shared preloaded model
syn-8d9d118f41b1a227,hybrid_text,5000,3829.4224999990547,13.78639999893494,302.9711999988649,4146.180099996855,one shared preloaded model
syn-ff0767eb4ac46b9f,hybrid_text,5000,3467.333399996278,13.769999997748528,347.97729999991134,3829.0806999939377,one shared preloaded model
syn-1d16ca78cf5f285e,hybrid_text,5000,3163.923200001591,13.725099997827783,324.9026999983471,3502.5509999977658,one shared preloaded model
syn-9195cade3f4252b5,hybrid_text,5000,3862.2366999989026,13.786499999696389,337.16520000598393,4213.188400004583,one shared preloaded model
syn-359afa05afb48b2c,hybrid_text,5000,3860.5155999975977,9.839799997280352,285.0678999966476,4155.423299991526,one shared preloaded model
syn-6b61ed0aca632b5c,hybrid_text,5000,3293.3951999948476,9.583800005202647,106.41300000133924,3409.3920000013895,one shared preloaded model
syn-0adb661c494753d6,hybrid_text,5000,3807.385600004636,14.204200000676792,337.74849999463186,4159.338299999945,one shared preloaded model
syn-6927e3c74ff525fb,hybrid_text,5000,3579.0637000027345,8.028100004594307,222.1718000000692,3809.263600007398,one shared preloaded model
syn-0a18b81ca32a8ca7,hybrid_text,5000,3636.1608000006527,13.980899995658547,290.61750000255415,3940.7591999988654,one shared preloaded model
syn-0c1d110466abf51c,hybrid_text,5000,3631.1245000033523,13.622099999338388,303.6996000009822,3948.446200003673,one shared preloaded model
syn-97d2d586514f8cca,hybrid_text,5000,3233.031200004916,9.858000004896894,300.75590000342345,3543.6451000132365,one shared preloaded model
syn-6f7e2eb87f7f3302,hybrid_text,5000,3738.4262999985367,9.56179999775486,318.66180000361055,4066.649899999902,one shared preloaded model
syn-fea661b4b15b0e74,hybrid_text,5000,3581.0636000023806,13.926500003435649,237.24439999932656,3832.2345000051428,one shared preloaded model
syn-fe239bde6ca96941,hybrid_text,5000,3643.658900000446,13.574000004155096,256.6506000002846,3913.8835000048857,one shared preloaded model
syn-9912a67973413584,hybrid_text,5000,3497.9356000039843,13.531600001442712,703.2491999998456,4214.716400005273,one shared preloaded model
syn-196bc61cd9f71b17,hybrid_text,5000,3530.2440999948885,9.514400000625756,107.38050000509247,3647.1390000006068,one shared preloaded model
syn-58d280179ba06842,hybrid_text,5000,3214.6756000001915,9.695799999462906,435.7544999948004,3660.125899994455,one shared preloaded model
syn-92401515ca3d9d95,hybrid_text,5000,3290.7556999998633,9.482499997830018,463.4226000052877,3763.660800002981,one shared preloaded model
syn-346cd6a91974029e,hybrid_text,5000,3813.451099995291,9.707899997010827,233.66279999754624,4056.821799989848,one shared preloaded model
syn-d61561dea81b4354,hybrid_text,5000,4049.4728999983636,13.62679999874672,325.3210000038962,4388.4207000010065,one shared preloaded model
syn-63ea34aca9f01719,hybrid_text,5000,3402.3723999998765,10.549200000241399,307.70769999799086,3720.6292999981088,one shared preloaded model
syn-e84106f112541156,hybrid_text,5000,3508.7031000002753,13.599799996882211,326.46139999997104,3848.7642999971285,one shared preloaded model
syn-6efde579ff231d80,hybrid_text,5000,3811.9009000001824,14.04309999634279,309.2751000003773,4135.2190999969025,one shared preloaded model
syn-0d04f3e770c59888,hybrid_text,5000,3552.030400001968,9.511399999610148,248.22320000384934,3809.7650000054273,one shared preloaded model
syn-43d0843223dd74b3,hybrid_text,5000,3308.847699998296,13.900199999625329,352.2166000038851,3674.9645000018063,one shared preloaded model
syn-53cc44bad0b99782,hybrid_text,5000,3916.3372999973944,13.685300000361167,157.94400000595488,4087.9666000037105,one shared preloaded model
syn-68d50118e4b184cf,hybrid_text,5000,3808.415999999852,10.118400001374539,260.09179999527987,4078.6261999965063,one shared preloaded model
syn-c909e6f301674d74,hybrid_text,5000,3980.96949999308,9.770199998456519,435.15409999963595,4425.893799991172,one shared preloaded model
syn-b15708cedb31ffb2,hybrid_text,5000,3639.8214000000735,13.17840000410797,325.133199999982,3978.1330000041635,one shared preloaded model
syn-beb9b27d8478562e,hybrid_text,5000,3777.9991000061273,13.690400002815295,350.23050000017975,4141.920000009122,one shared preloaded model
syn-a4fa3217b0299eb9,hybrid_text,5000,3592.6007999951253,13.759900000877678,299.78529999789316,3906.145999993896,one shared preloaded model
syn-5d93fdd68c7b9336,hybrid_text,5000,4014.5732999953907,13.838300001225434,345.67280000192113,4374.084399998537,one shared preloaded model
syn-b4e07914bae9b1c7,hybrid_text,5000,3839.5401000016136,13.977900001918897,326.04550000542076,4179.563500008953,one shared preloaded model
syn-a122df2c9c14fdfd,hybrid_text,5000,3878.9194999990286,13.513799996871967,258.4528000006685,4150.886099996569,one shared preloaded model
syn-1679b733dc99bd02,hybrid_text,5000,3679.444199995487,13.868199996068142,697.1180000036838,4390.430399995239,one shared preloaded model
syn-0644357cd6e5c8fb,hybrid_text,5000,3777.578799999901,13.765800002147444,157.7393999978085,3949.083999999857,one shared preloaded model
syn-01a1d9a589e21fc8,hybrid_text,5000,3805.9415000025183,14.320399997814093,302.51270000007935,4122.774600000412,one shared preloaded model
syn-fe7bdb4996e9bd80,hybrid_text,5000,3460.876500001177,13.78370000020368,254.21469999855617,3728.874899999937,one shared preloaded model
syn-e7494dd18cf451d4,hybrid_text,5000,4006.381000006513,13.623599996208213,305.15330000343965,4325.157900006161,one shared preloaded model
syn-bcd904aadce2351d,hybrid_text,5000,3303.1909999990603,13.677900002221577,332.9220000014175,3649.7909000026993,one shared preloaded model
syn-9490279b808fab68,hybrid_text,5000,3613.4276000011596,13.688099999853875,244.27540000033332,3871.391100001347,one shared preloaded model
syn-a2c82421fafdb0f4,hybrid_text,5000,3350.004700005229,9.344799997052178,264.6722999998019,3624.021800002083,one shared preloaded model
syn-36ff68425e3d3176,hybrid_text,5000,3742.046699997445,9.306100000685547,233.81539999536471,3985.1681999934954,one shared preloaded model
syn-707216e7a24847b3,hybrid_text,5000,3806.960000001709,13.821700005792081,334.97470000293106,4155.756400010432,one shared preloaded model
syn-c502f85d01f649e4,hybrid_text,5000,3482.660699999542,14.138099999399856,370.52199999743607,3867.320799996378,one shared preloaded model
syn-939e6166b3b0c850,hybrid_text,5000,3511.962399999902,9.773400000995025,107.67610000038985,3629.411900001287,one shared preloaded model
syn-34fc56e181bfc98e,hybrid_text,5000,3820.655399998941,14.607600001909304,490.7020999962697,4325.96509999712,one shared preloaded model
syn-d27aaf9556c73b9d,hybrid_text,5000,3871.852999996918,13.508899995940737,310.76430000393884,4196.126199996797,one shared preloaded model
syn-99bc78b27a981c11,hybrid_text,5000,3552.363200004038,13.607200002297759,299.45680000673747,3865.427200013073,one shared preloaded model
