example_id,agent,update_ms,read_ms,generation_ms,end_to_end_ms,model_loading_policy
conv-26-qa-0,lexical_only,1.49681608042131,8.162499994796235,637.07300000533,646.7323160805475,one shared preloaded model
conv-26-qa-1,lexical_only,1.49681608042131,5.029699997976422,485.96189999807393,492.48841607647165,one shared preloaded model
conv-26-qa-2,lexical_only,1.49681608042131,4.690999994636513,234.9231999978656,241.1110160729234,one shared preloaded model
conv-26-qa-3,lexical_only,1.49681608042131,4.458699993847404,223.90960000484483,229.86511607911353,one shared preloaded model
conv-26-qa-4,lexical_only,1.49681608042131,4.113300004974008,212.6471000010497,218.257216086445,one shared preloaded model
conv-26-qa-5,lexical_only,1.49681608042131,4.116899996006396,508.65429999976186,514.2680160761896,one shared preloaded model
conv-26-qa-6,lexical_only,1.49681608042131,4.419099997903686,544.9497000008705,550.8656160791955,one shared preloaded model
conv-26-qa-7,lexical_only,1.49681608042131,4.019699998025317,120.22040000010747,125.7369160785541,one shared preloaded model
conv-26-qa-8,lexical_only,1.49681608042131,4.087399996933527,215.27580000110902,220.86001607846384,one shared preloaded model
conv-26-qa-9,lexical_only,1.49681608042131,4.424500002642162,495.8403000055114,501.76161608857484,one shared preloaded model
conv-26-qa-10,lexical_only,1.49681608042131,4.82929999998305,135.93730000138748,142.26341608179183,one shared preloaded model
conv-26-qa-11,lexical_only,1.49681608042131,7.581699996080715,231.24149999785004,240.32001607435205,one shared preloaded model
conv-26-qa-12,lexical_only,1.49681608042131,4.639999999199063,129.24760000169044,135.3844160813108,one shared preloaded model
conv-26-qa-13,lexical_only,1.49681608042131,4.599100000632461,207.94499999465188,214.04091607570564,one shared preloaded model
conv-26-qa-14,lexical_only,1.49681608042131,4.554600003757514,218.5719999979483,224.6234160821271,one shared preloaded model
conv-26-qa-15,lexical_only,1.49681608042131,3.951500002585817,146.36310000059893,151.81141608360605,one shared preloaded model
conv-26-qa-16,lexical_only,1.49681608042131,7.527399997343309,520.588500003214,529.6127160809787,one shared preloaded model
conv-26-qa-17,lexical_only,1.49681608042131,4.278899999917485,481.14799999893876,486.92371607927754,one shared preloaded model
conv-26-qa-18,lexical_only,1.49681608042131,4.455599999346305,159.65390000201296,165.60631608178056,one shared preloaded model
conv-26-qa-19,lexical_only,1.49681608042131,7.413999999698717,175.55029999493854,184.46111607505856,one shared preloaded model
conv-26-qa-20,lexical_only,1.49681608042131,4.695700001320802,195.4230000046664,201.6155160864085,one shared preloaded model
conv-26-qa-21,lexical_only,1.49681608042131,6.151400004455354,229.78900000452995,237.4372160894066,one shared preloaded model
conv-26-qa-22,lexical_only,1.49681608042131,4.4602999987546355,222.99950000160607,228.956616080782,one shared preloaded model
conv-26-qa-23,lexical_only,1.49681608042131,4.123500002606306,219.3115999980364,224.931916081064,one shared preloaded model
conv-26-qa-24,lexical_only,1.49681608042131,4.226499993819743,239.13060000631958,244.85391608056062,one shared preloaded model
conv-26-qa-25,lexical_only,1.49681608042131,4.811099999642465,200.12149999820394,206.4294160782677,one shared preloaded model
conv-26-qa-26,lexical_only,1.49681608042131,3.981599998951424,213.75819999957457,219.2366160789473,one shared preloaded model
conv-26-qa-27,lexical_only,1.49681608042131,4.037999999127351,204.74819999799365,210.2830160775423,one shared preloaded model
conv-26-qa-28,lexical_only,1.49681608042131,3.9538999990327284,211.255499998515,216.70621607796903,one shared preloaded model
conv-26-qa-29,lexical_only,1.49681608042131,4.281800000171643,351.3214999984484,357.10011607904136,one shared preloaded model
conv-26-qa-30,lexical_only,1.49681608042131,4.556600004434586,122.84109999745851,128.8945160823144,one shared preloaded model
conv-26-qa-31,lexical_only,1.49681608042131,7.451899997249711,538.5669000024791,547.5156160801502,one shared preloaded model
conv-26-qa-32,lexical_only,1.49681608042131,4.1769999952521175,203.62729999760631,209.30111607327973,one shared preloaded model
conv-26-qa-33,lexical_only,1.49681608042131,3.992300000390969,340.81200000218814,346.3011160830004,one shared preloaded model
conv-26-qa-34,lexical_only,1.49681608042131,4.392399998323526,215.95710000110557,221.8463160798504,one shared preloaded model
conv-26-qa-35,lexical_only,1.49681608042131,4.05960000352934,343.2438999952865,348.8003160792371,one shared preloaded model
conv-26-qa-36,lexical_only,1.49681608042131,4.280699999071658,319.13150000036694,324.9090160798599,one shared preloaded model
conv-26-qa-37,lexical_only,1.49681608042131,4.046900001412723,393.2297999999719,398.7735160818059,one shared preloaded model
conv-26-qa-38,lexical_only,1.49681608042131,4.241599999659229,543.9683000004152,549.7067160804958,one shared preloaded model
conv-26-qa-39,lexical_only,1.49681608042131,4.402999999001622,385.8717999974033,391.7716160768262,one shared preloaded model
conv-26-qa-40,lexical_only,1.49681608042131,5.0458999976399355,118.7588999964646,125.30161607452585,one shared preloaded model
conv-26-qa-41,lexical_only,1.49681608042131,7.4537999971653335,207.7997000014875,216.75031607907414,one shared preloaded model
conv-26-qa-42,lexical_only,1.49681608042131,4.372000003058929,220.51790000114124,226.38671608462147,one shared preloaded model
conv-26-qa-43,lexical_only,1.49681608042131,4.163799996604212,105.19709999789484,110.85771607492036,one shared preloaded model
conv-26-qa-44,lexical_only,1.49681608042131,7.5480999948922545,481.64879999967525,490.6937160749888,one shared preloaded model
conv-26-qa-45,lexical_only,1.49681608042131,4.747300001326948,341.36920000310056,347.6133160848488,one shared preloaded model
conv-26-qa-46,lexical_only,1.49681608042131,4.541600006632507,129.84919999871636,135.88761608577016,one shared preloaded model
conv-26-qa-47,lexical_only,1.49681608042131,7.603799997013994,139.08120000269264,148.18181608012793,one shared preloaded model
conv-26-qa-48,lexical_only,1.49681608042131,7.438600005116314,790.3606000036234,799.2960160891611,one shared preloaded model
conv-26-qa-49,lexical_only,1.49681608042131,4.982100006600376,509.1374999974505,515.6164160844722,one shared preloaded model
conv-26-qa-50,lexical_only,1.49681608042131,4.200900002615526,211.53010000125505,217.22781608429187,one shared preloaded model
conv-26-qa-51,lexical_only,1.49681608042131,4.111499998543877,338.0828000008478,343.69111607981296,one shared preloaded model
conv-26-qa-52,lexical_only,1.49681608042131,4.6314999999594875,230.40390000096522,236.532216081346,one shared preloaded model
conv-26-qa-53,lexical_only,1.49681608042131,3.983899994636886,514.930599994841,520.4113160698993,one shared preloaded model
conv-26-qa-54,lexical_only,1.49681608042131,4.31399999797577,506.6166999968118,512.4275160752089,one shared preloaded model
conv-26-qa-55,lexical_only,1.49681608042131,4.286400006094482,204.480299995339,210.2635160818548,one shared preloaded model
conv-26-qa-56,lexical_only,1.49681608042131,4.289199998311233,301.4917000036803,307.27771608241284,one shared preloaded model
conv-26-qa-57,lexical_only,1.49681608042131,3.922500000044238,203.61919999413658,209.03851607460211,one shared preloaded model
conv-26-qa-58,lexical_only,1.49681608042131,4.29930000245804,212.49859999807086,218.2947160809502,one shared preloaded model
conv-26-qa-59,lexical_only,1.49681608042131,4.0503999989596196,214.46629999991274,220.01351607929365,one shared preloaded model
conv-26-qa-60,lexical_only,1.49681608042131,4.138399999646936,227.93600000295555,233.57121608302378,one shared preloaded model
conv-26-qa-61,lexical_only,1.49681608042131,4.3115999942529015,234.27079999964917,240.07921607432337,one shared preloaded model
conv-26-qa-62,lexical_only,1.49681608042131,4.3851000009453855,214.15329999581445,220.03521607718113,one shared preloaded model
conv-26-qa-63,lexical_only,1.49681608042131,3.9351000013994053,370.1199999995879,375.5519160814086,one shared preloaded model
conv-26-qa-64,lexical_only,1.49681608042131,4.571799996483605,204.43159999558702,210.50021607249192,one shared preloaded model
conv-26-qa-65,lexical_only,1.49681608042131,4.163099998550024,219.62580000399612,225.28571608296744,one shared preloaded model
conv-26-qa-66,lexical_only,1.49681608042131,4.17550000565825,198.44110000121873,204.11341608729828,one shared preloaded model
conv-26-qa-67,lexical_only,1.49681608042131,4.047200003697071,233.87340000044787,239.41741608456624,one shared preloaded model
conv-26-qa-68,lexical_only,1.49681608042131,3.9440999971702695,173.0154000033508,178.45631608094237,one shared preloaded model
conv-26-qa-69,lexical_only,1.49681608042131,7.722299997112714,157.44389999599662,166.66301607353063,one shared preloaded model
conv-26-qa-70,lexical_only,1.49681608042131,4.652099996746983,210.47269999689888,216.62161607406716,one shared preloaded model
conv-26-qa-71,lexical_only,1.49681608042131,4.03550000191899,222.8460000042105,228.3783160865508,one shared preloaded model
conv-26-qa-72,lexical_only,1.49681608042131,4.023199995572213,220.89489999780199,226.4149160737955,one shared preloaded model
conv-26-qa-73,lexical_only,1.49681608042131,4.223399999318644,228.67129999940516,234.3915160791451,one shared preloaded model
conv-26-qa-74,lexical_only,1.49681608042131,4.484899996896274,233.46909999963827,239.45081607695585,one shared preloaded model
conv-26-qa-75,lexical_only,1.49681608042131,4.3488000010256656,95.37019999697804,101.21581607842502,one shared preloaded model
conv-26-qa-76,lexical_only,1.49681608042131,7.681600000069011,210.68219999870053,219.86061607919083,one shared preloaded model
conv-26-qa-77,lexical_only,1.49681608042131,4.455700000107754,362.182800003211,368.13531608374007,one shared preloaded model
conv-26-qa-78,lexical_only,1.49681608042131,4.199399998469744,239.70600000029663,245.40221607918767,one shared preloaded model
conv-26-qa-79,lexical_only,1.49681608042131,4.940300001180731,522.1310999986599,528.568216080262,one shared preloaded model
conv-26-qa-80,lexical_only,1.49681608042131,4.549500001303386,507.75399999838555,513.8003160801103,one shared preloaded model
conv-26-qa-81,lexical_only,1.49681608042131,4.578200001560617,234.9328999989666,241.00791608094852,one shared preloaded model
conv-26-qa-82,lexical_only,1.49681608042131,4.373800002213102,172.01329999807058,177.88391608070498,one shared preloaded model
conv-26-qa-83,lexical_only,1.49681608042131,7.548300003691111,414.9782000022242,424.0233160863366,one shared preloaded model
conv-26-qa-84,lexical_only,1.49681608042131,4.504199998336844,166.1043999993126,172.10541607807073,one shared preloaded model
conv-26-qa-85,lexical_only,1.49681608042131,7.406699995044619,134.99939999746857,143.9029160729345,one shared preloaded model
conv-26-qa-86,lexical_only,1.49681608042131,7.88549999560928,238.96139999851584,248.34371607454642,one shared preloaded model
conv-26-qa-87,lexical_only,1.49681608042131,4.514000000199303,442.59060000331374,448.60141608393434,one shared preloaded model
conv-26-qa-88,lexical_only,1.49681608042131,4.848299999139272,234.1108000036911,240.45591608325168,one shared preloaded model
conv-26-qa-89,lexical_only,1.49681608042131,4.252700004144572,229.78230000444455,235.53181608901042,one shared preloaded model
conv-26-qa-90,lexical_only,1.49681608042131,4.114100003789645,204.8041000016383,210.41501608584923,one shared preloaded model
conv-26-qa-91,lexical_only,1.49681608042131,4.521199996815994,255.8578000025591,261.8758160797964,one shared preloaded model
conv-26-qa-92,lexical_only,1.49681608042131,4.172900000412483,122.02099999558413,127.69071607641793,one shared preloaded model
conv-26-qa-93,lexical_only,1.49681608042131,7.589699998789001,259.8576000018511,268.9441160810614,one shared preloaded model
conv-26-qa-94,lexical_only,1.49681608042131,4.285800001525786,170.28160000336356,176.06421608531065,one shared preloaded model
conv-26-qa-95,lexical_only,1.49681608042131,7.452100006048568,836.3773999953992,845.3263160818691,one shared preloaded model
conv-26-qa-96,lexical_only,1.49681608042131,4.459600000700448,498.5633999967831,504.51981607790486,one shared preloaded model
conv-26-qa-97,lexical_only,1.49681608042131,4.245799995260313,217.69119999953546,223.43381607521707,one shared preloaded model
conv-26-qa-98,lexical_only,1.49681608042131,4.079099999216851,478.124300003401,483.70021608303915,one shared preloaded model
conv-26-qa-99,lexical_only,1.49681608042131,4.897999999229796,857.238899996446,863.6337160760971,one shared preloaded model
conv-26-qa-100,lexical_only,1.49681608042131,4.550199999357574,232.26830000203336,238.31531608181223,one shared preloaded model
conv-26-qa-101,lexical_only,1.49681608042131,4.156100003456231,121.35860000125831,127.01151608513585,one shared preloaded model
conv-26-qa-102,lexical_only,1.49681608042131,6.83730000309879,592.8174000000581,601.1515160835783,one shared preloaded model
conv-26-qa-103,lexical_only,1.49681608042131,4.283700000087265,976.7709999941872,982.5515160746958,one shared preloaded model
conv-26-qa-104,lexical_only,1.49681608042131,4.883199995674659,233.20419999799924,239.5842160740952,one shared preloaded model
conv-26-qa-105,lexical_only,1.49681608042131,4.013599995232653,217.92029999778606,223.43071607344,one shared preloaded model
conv-26-qa-106,lexical_only,1.49681608042131,4.195800000161398,308.22990000160644,313.92251608218913,one shared preloaded model
conv-26-qa-107,lexical_only,1.49681608042131,4.203499993309379,542.5065000017639,548.2068160754947,one shared preloaded model
conv-26-qa-108,lexical_only,1.49681608042131,4.82959999499144,235.1912000012817,241.51761607669442,one shared preloaded model
conv-26-qa-109,lexical_only,1.49681608042131,4.476900001463946,179.2247999983374,185.19851608022265,one shared preloaded model
conv-26-qa-110,lexical_only,1.49681608042131,7.732400001259521,276.0729000001447,285.30211608182555,one shared preloaded model
conv-26-qa-111,lexical_only,1.49681608042131,4.101500002434477,137.6326000026893,143.23091608554506,one shared preloaded model
conv-26-qa-112,lexical_only,1.49681608042131,8.0080000043381,587.9370999973617,597.4419160821211,one shared preloaded model
conv-26-qa-113,lexical_only,1.49681608042131,4.249499994330108,847.3233999975491,853.0697160723006,one shared preloaded model
conv-26-qa-114,lexical_only,1.49681608042131,4.361699997389223,235.72229999990668,241.5808160777172,one shared preloaded model
conv-26-qa-115,lexical_only,1.49681608042131,4.142099998716731,964.2372000016621,969.8761160808002,one shared preloaded model
conv-26-qa-116,lexical_only,1.49681608042131,4.145300001255237,216.44450000167126,222.0866160833478,one shared preloaded model
conv-26-qa-117,lexical_only,1.49681608042131,4.065100001753308,198.08109999576118,203.64301607793578,one shared preloaded model
conv-26-qa-118,lexical_only,1.49681608042131,4.648000001907349,359.7732999987784,365.91811608110703,one shared preloaded model
conv-26-qa-119,lexical_only,1.49681608042131,4.168100000242703,840.8981000029598,846.5630160836239,one shared preloaded model
conv-26-qa-120,lexical_only,1.49681608042131,4.2608000003383495,237.81400000007125,243.5716160808309,one shared preloaded model
conv-26-qa-121,lexical_only,1.49681608042131,4.139000004215632,205.9545000010985,211.59031608573542,one shared preloaded model
conv-26-qa-122,lexical_only,1.49681608042131,4.080599996086676,231.8091000051936,237.3865160817016,one shared preloaded model
conv-26-qa-123,lexical_only,1.49681608042131,4.250099998898804,141.35410000017146,147.10101607949156,one shared preloaded model
conv-26-qa-124,lexical_only,1.49681608042131,7.724099996266887,230.8192999989842,240.0402160756724,one shared preloaded model
conv-26-qa-125,lexical_only,1.49681608042131,4.142500001762528,238.2151999991038,243.8545160812876,one shared preloaded model
conv-26-qa-126,lexical_only,1.49681608042131,4.166899998381268,231.17289999936474,236.8366160781673,one shared preloaded model
conv-26-qa-127,lexical_only,1.49681608042131,4.0836000043782406,205.80869999685092,211.38911608165046,one shared preloaded model
conv-26-qa-128,lexical_only,1.49681608042131,3.8666000036755577,218.21659999841359,223.58001608251044,one shared preloaded model
conv-26-qa-129,lexical_only,1.49681608042131,4.457100003492087,301.0615000021062,307.01541608601957,one shared preloaded model
conv-26-qa-130,lexical_only,1.49681608042131,4.318599996622652,225.6954000040423,231.51081608108626,one shared preloaded model
conv-26-qa-131,lexical_only,1.49681608042131,4.182000004220754,199.41459999972722,205.09341608436927,one shared preloaded model
conv-26-qa-132,lexical_only,1.49681608042131,4.902600005152635,529.2315000042436,535.6309160898176,one shared preloaded model
conv-26-qa-133,lexical_only,1.49681608042131,4.1122000038740225,259.99949999823,265.60851608252534,one shared preloaded model
conv-26-qa-134,lexical_only,1.49681608042131,4.051300005812664,725.3958000001148,730.9439160863488,one shared preloaded model
conv-26-qa-135,lexical_only,1.49681608042131,4.017500003101304,224.83689999353373,230.35121607705634,one shared preloaded model
conv-26-qa-136,lexical_only,1.49681608042131,4.039499995997176,215.61729999666568,221.15361607308415,one shared preloaded model
conv-26-qa-137,lexical_only,1.49681608042131,4.149899999902118,210.54900000308407,216.1957160834075,one shared preloaded model
conv-26-qa-138,lexical_only,1.49681608042131,4.397400000016205,209.63209999899846,215.52631607943596,one shared preloaded model
conv-26-qa-139,lexical_only,1.49681608042131,4.269000004569534,777.7042000016081,783.470016086599,one shared preloaded model
conv-26-qa-140,lexical_only,1.49681608042131,4.602400003932416,211.092199999257,217.1914160836107,one shared preloaded model
conv-26-qa-141,lexical_only,1.49681608042131,3.9973999955691397,793.9169000019319,799.4111160779224,one shared preloaded model
conv-26-qa-142,lexical_only,1.49681608042131,4.436999995959923,219.23780000361148,225.1716160799927,one shared preloaded model
conv-26-qa-143,lexical_only,1.49681608042131,4.001900000730529,705.257999994501,710.7567160756529,one shared preloaded model
conv-26-qa-144,lexical_only,1.49681608042131,4.20029999804683,675.591400002304,681.2885160807722,one shared preloaded model
conv-26-qa-145,lexical_only,1.49681608042131,4.373600000690203,225.87360000034096,231.74401608145246,one shared preloaded model
conv-26-qa-146,lexical_only,1.49681608042131,4.063100001076236,341.11890000349376,346.6788160849913,one shared preloaded model
conv-26-qa-147,lexical_only,1.49681608042131,4.634299999452196,659.1802999973879,665.3114160772615,one shared preloaded model
conv-26-qa-148,lexical_only,1.49681608042131,4.561500005365815,396.107699998538,402.1660160843251,one shared preloaded model
conv-26-qa-149,lexical_only,1.49681608042131,4.16409999888856,196.09089999721618,201.75181607652604,one shared preloaded model
conv-26-qa-150,lexical_only,1.49681608042131,5.46570000005886,310.785699999542,317.74821608002213,one shared preloaded model
conv-26-qa-151,lexical_only,1.49681608042131,4.2604999980540015,226.23610000300687,231.99341608148217,one shared preloaded model
conv-26-qa-152,lexical_only,1.49681608042131,3.9503999942098744,232.0162000032724,237.46341607790356,one shared preloaded model
conv-26-qa-153,lexical_only,1.49681608042131,4.06220000149915,216.82379999401746,222.3828160759379,one shared preloaded model
conv-26-qa-154,lexical_only,1.49681608042131,4.402099999424536,220.6348000036087,226.53371608345452,one shared preloaded model
conv-26-qa-155,lexical_only,1.49681608042131,4.113100003451109,221.97619999496965,227.58611607884205,one shared preloaded model
conv-26-qa-156,lexical_only,1.49681608042131,3.9729999989503995,609.6612999972422,615.1311160766139,one shared preloaded model
conv-26-qa-157,lexical_only,1.49681608042131,4.049099996336736,231.4775000049849,237.02341608174294,one shared preloaded model
conv-26-qa-158,lexical_only,1.49681608042131,4.493300002650358,121.49169999611331,127.48181607918498,one shared preloaded model
conv-26-qa-159,lexical_only,1.49681608042131,7.490500000130851,174.89629999909084,183.883616079643,one shared preloaded model
conv-26-qa-160,lexical_only,1.49681608042131,4.655899996578228,224.02689999580616,230.1796160728057,one shared preloaded model
conv-26-qa-161,lexical_only,1.49681608042131,4.025700000056531,207.3013000044739,212.82381608495172,one shared preloaded model
conv-26-qa-162,lexical_only,1.49681608042131,4.159799995250069,974.8878000027617,980.5444160784331,one shared preloaded model
conv-26-qa-163,lexical_only,1.49681608042131,4.360499995527789,234.23729999922216,240.09461607517125,one shared preloaded model
conv-26-qa-164,lexical_only,1.49681608042131,4.0976000018417835,193.4525000033318,199.0469160855949,one shared preloaded model
conv-26-qa-165,lexical_only,1.49681608042131,7.166800001868978,692.8597000005539,701.5233160828442,one shared preloaded model
conv-26-qa-166,lexical_only,1.49681608042131,4.676900003687479,229.83960000419756,236.01331608830634,one shared preloaded model
conv-26-qa-167,lexical_only,1.49681608042131,4.13220000336878,231.2820000006468,236.91101608443688,one shared preloaded model
conv-26-qa-168,lexical_only,1.49681608042131,4.215799999656156,100.67160000471631,106.38421608479378,one shared preloaded model
conv-26-qa-169,lexical_only,1.49681608042131,7.619700001669116,219.61529999680351,228.73181607889393,one shared preloaded model
conv-26-qa-170,lexical_only,1.49681608042131,4.349800001364201,762.9034000055981,768.7500160873836,one shared preloaded model
conv-26-qa-171,lexical_only,1.49681608042131,4.89709999965271,227.54749999876367,233.94141607883768,one shared preloaded model
conv-26-qa-172,lexical_only,1.49681608042131,4.274300001270603,198.10600000346312,203.87711608515502,one shared preloaded model
conv-26-qa-173,lexical_only,1.49681608042131,4.749500003526919,221.27259999979287,227.5189160837411,one shared preloaded model
conv-26-qa-174,lexical_only,1.49681608042131,4.279799999494571,239.71359999995911,245.49021607987498,one shared preloaded model
conv-26-qa-175,lexical_only,1.49681608042131,3.976100000727456,226.93029999936698,232.40321608051573,one shared preloaded model
conv-26-qa-176,lexical_only,1.49681608042131,3.988199998275377,146.0388999985298,151.5239160772265,one shared preloaded model
conv-26-qa-177,lexical_only,1.49681608042131,7.64060000074096,216.29920000123093,225.4366160823932,one shared preloaded model
conv-26-qa-178,lexical_only,1.49681608042131,4.470900006708689,129.1865000021062,135.15421608923617,one shared preloaded model
conv-26-qa-179,lexical_only,1.49681608042131,7.589299995743204,213.11530000093626,222.20141607710076,one shared preloaded model
conv-26-qa-180,lexical_only,1.49681608042131,4.174900001089554,228.3534000016516,234.02511608316246,one shared preloaded model
conv-26-qa-181,lexical_only,1.49681608042131,4.387300003145356,192.5690999996732,198.45321608323985,one shared preloaded model
conv-26-qa-182,lexical_only,1.49681608042131,5.7043999986490235,230.15310000482714,237.35431608389746,one shared preloaded model
conv-26-qa-183,lexical_only,1.49681608042131,4.5778000057907775,309.006399998907,315.0810160851191,one shared preloaded model
conv-26-qa-184,lexical_only,1.49681608042131,4.194299996015616,153.17550000327174,158.86661607970865,one shared preloaded model
conv-26-qa-185,lexical_only,1.49681608042131,7.519399994635023,232.43640000146115,241.45261607651747,one shared preloaded model
conv-26-qa-186,lexical_only,1.49681608042131,4.334299999754876,216.63139999873238,222.46251607890855,one shared preloaded model
conv-26-qa-187,lexical_only,1.49681608042131,4.043900000397116,450.7359000053839,456.2766160862023,one shared preloaded model
conv-26-qa-188,lexical_only,1.49681608042131,4.46370000281604,199.18029999826103,205.14081608149837,one shared preloaded model
conv-26-qa-189,lexical_only,1.49681608042131,4.088699999556411,202.46770000085235,208.05321608083005,one shared preloaded model
conv-26-qa-190,lexical_only,1.49681608042131,4.226800003380049,218.50509999785572,224.22871608165707,one shared preloaded model
conv-26-qa-191,lexical_only,1.49681608042131,4.063799999130424,226.51809999661054,232.07871607616227,one shared preloaded model
conv-26-qa-192,lexical_only,1.49681608042131,4.164799996942747,309.68960000609513,315.3512160834592,one shared preloaded model
conv-26-qa-193,lexical_only,1.49681608042131,4.2725000021164306,221.7549000051804,227.52421608771812,one shared preloaded model
conv-26-qa-194,lexical_only,1.49681608042131,4.148799998802133,509.39080000534886,515.0364160845724,one shared preloaded model
conv-26-qa-195,lexical_only,1.49681608042131,4.125400002521928,213.28100000391714,218.90321608686037,one shared preloaded model
conv-26-qa-196,lexical_only,1.49681608042131,4.065299996000249,154.6840999944834,160.24621607090495,one shared preloaded model
conv-26-qa-197,lexical_only,1.49681608042131,7.589799999550451,216.60369999881368,225.69031607878543,one shared preloaded model
conv-26-qa-198,lexical_only,1.49681608042131,4.036900005303323,227.70379999565193,233.23751608137655,one shared preloaded model
conv-30-qa-0,lexical_only,0.9914028571247833,7.321900004171766,511.6517000060412,519.9650028673377,one shared preloaded model
conv-30-qa-1,lexical_only,0.9914028571247833,4.2971000002580695,770.9857000008924,776.2742028582752,one shared preloaded model
conv-30-qa-2,lexical_only,0.9914028571247833,4.303499998059124,365.65999999584164,370.95490285102557,one shared preloaded model
conv-30-qa-3,lexical_only,0.9914028571247833,4.383499996038154,137.2406000009505,142.61550285411346,one shared preloaded model
conv-30-qa-4,lexical_only,0.9914028571247833,6.86610000411747,323.0066000032821,330.86410286452434,one shared preloaded model
conv-30-qa-5,lexical_only,0.9914028571247833,4.182600001513492,262.6056000008248,267.77960285946307,one shared preloaded model
conv-30-qa-6,lexical_only,0.9914028571247833,4.209699996863492,530.141299997922,535.3424028519103,one shared preloaded model
conv-30-qa-7,lexical_only,0.9914028571247833,4.1416000021854416,502.6665999976103,507.79960285692056,one shared preloaded model
conv-30-qa-8,lexical_only,0.9914028571247833,4.127400003199,328.2086999970488,333.3275028573726,one shared preloaded model
conv-30-qa-9,lexical_only,0.9914028571247833,5.245000000286382,129.07909999921685,135.31550285662803,one shared preloaded model
conv-30-qa-10,lexical_only,0.9914028571247833,7.658399998035748,206.40129999810597,215.0511028532665,one shared preloaded model
conv-30-qa-11,lexical_only,0.9914028571247833,4.114100003789645,217.784100001154,222.88960286206844,one shared preloaded model
conv-30-qa-12,lexical_only,0.9914028571247833,4.169799998635426,230.09909999382216,235.2603028495824,one shared preloaded model
conv-30-qa-13,lexical_only,0.9914028571247833,4.094600000826176,338.56979999836767,343.65580285631864,one shared preloaded model
conv-30-qa-14,lexical_only,0.9914028571247833,4.801700000825804,473.47540000191657,479.26850285986717,one shared preloaded model
conv-30-qa-15,lexical_only,0.9914028571247833,4.5376999987638555,474.4898999997531,480.01900285564176,one shared preloaded model
conv-30-qa-16,lexical_only,0.9914028571247833,4.503799995291047,222.66230000241194,228.15750285482778,one shared preloaded model
conv-30-qa-17,lexical_only,0.9914028571247833,4.148100000747945,423.5990999950445,428.73860285291727,one shared preloaded model
conv-30-qa-18,lexical_only,0.9914028571247833,4.011800003354438,188.18669999745907,193.1899028579383,one shared preloaded model
conv-30-qa-19,lexical_only,0.9914028571247833,4.624600005627144,509.8117000015918,515.4277028643437,one shared preloaded model
conv-30-qa-20,lexical_only,0.9914028571247833,4.169799998635426,505.11959999857936,510.2808028543396,one shared preloaded model
conv-30-qa-21,lexical_only,0.9914028571247833,4.214199994748924,463.1965000007767,468.40210285265044,one shared preloaded model
conv-30-qa-22,lexical_only,0.9914028571247833,4.591899996739812,809.3331999989459,814.9165028528105,one shared preloaded model
conv-30-qa-23,lexical_only,0.9914028571247833,4.284700000425801,410.00160000112373,415.27770285867433,one shared preloaded model
conv-30-qa-24,lexical_only,0.9914028571247833,4.5160000008763745,499.77170000056503,505.2791028585662,one shared preloaded model
conv-30-qa-25,lexical_only,0.9914028571247833,4.056300000229385,229.11269999895012,234.1604028563043,one shared preloaded model
conv-30-qa-26,lexical_only,0.9914028571247833,4.849500001000706,489.67930000071647,495.52020285884197,one shared preloaded model
conv-30-qa-27,lexical_only,0.9914028571247833,4.1992999977082945,216.57349999441067,221.76420284924376,one shared preloaded model
conv-30-qa-28,lexical_only,0.9914028571247833,4.055100005643908,491.52909999975236,496.57560286252107,one shared preloaded model
conv-30-qa-29,lexical_only,0.9914028571247833,4.7381000040331855,114.41039999772329,120.13990285888126,one shared preloaded model
conv-30-qa-30,lexical_only,0.9914028571247833,7.530299997597467,334.2472000003909,342.76890285511314,one shared preloaded model
conv-30-qa-31,lexical_only,0.9914028571247833,4.638500002329238,226.39479999634204,232.02470285579608,one shared preloaded model
conv-30-qa-32,lexical_only,0.9914028571247833,4.017400002339855,501.1318000033498,506.14060286281443,one shared preloaded model
conv-30-qa-33,lexical_only,0.9914028571247833,4.146200000832323,338.7642000016058,343.9018028595629,one shared preloaded model
conv-30-qa-34,lexical_only,0.9914028571247833,4.217499998048879,223.97890000138432,229.187802856558,one shared preloaded model
conv-30-qa-35,lexical_only,0.9914028571247833,3.9417000007233582,495.403199995053,500.33630285290116,one shared preloaded model
conv-30-qa-36,lexical_only,0.9914028571247833,4.528600002231542,231.7470999987563,237.26710285811265,one shared preloaded model
conv-30-qa-37,lexical_only,0.9914028571247833,4.954899995937012,213.44659999886062,219.39290285192243,one shared preloaded model
conv-30-qa-38,lexical_only,0.9914028571247833,4.536299995379522,504.20840000151657,509.7361028540209,one shared preloaded model
conv-30-qa-39,lexical_only,0.9914028571247833,4.238300003635231,170.68149999977322,175.91120286053325,one shared preloaded model
conv-30-qa-40,lexical_only,0.9914028571247833,3.8019000057829544,150.951100004022,155.74440286692976,one shared preloaded model
conv-30-qa-41,lexical_only,0.9914028571247833,7.529599999543279,215.10059999855002,223.6216028552181,one shared preloaded model
conv-30-qa-42,lexical_only,0.9914028571247833,4.4387999951140955,211.76260000356706,217.19280285580595,one shared preloaded model
conv-30-qa-43,lexical_only,0.9914028571247833,4.11770000209799,338.89410000119824,344.003202860421,one shared preloaded model
conv-30-qa-44,lexical_only,0.9914028571247833,4.637700003513601,237.18770000414224,242.81680286478064,one shared preloaded model
conv-30-qa-45,lexical_only,0.9914028571247833,4.255300002114382,173.06680000183405,178.31350286107323,one shared preloaded model
conv-30-qa-46,lexical_only,0.9914028571247833,4.583600006299093,178.9042000018526,184.47920286527648,one shared preloaded model
conv-30-qa-47,lexical_only,0.9914028571247833,4.179999996267725,222.2745999970357,227.44600285042821,one shared preloaded model
conv-30-qa-48,lexical_only,0.9914028571247833,4.0962999992189,478.30879999673925,483.39650285308295,one shared preloaded model
conv-30-qa-49,lexical_only,0.9914028571247833,4.299699998227879,218.1302000026335,223.42130285798618,one shared preloaded model
conv-30-qa-50,lexical_only,0.9914028571247833,4.135600000154227,233.46460000175284,238.59160285903187,one shared preloaded model
conv-30-qa-51,lexical_only,0.9914028571247833,4.198599999654107,961.931400001049,967.1214028578279,one shared preloaded model
conv-30-qa-52,lexical_only,0.9914028571247833,4.147200001170859,706.5818999981275,711.7205028564231,one shared preloaded model
conv-30-qa-53,lexical_only,0.9914028571247833,4.398199998831842,1600.0916000048164,1605.481202860773,one shared preloaded model
conv-30-qa-54,lexical_only,0.9914028571247833,4.266500000085216,176.31299999629846,181.57090285350847,one shared preloaded model
conv-30-qa-55,lexical_only,0.9914028571247833,7.466000002750661,118.39319999853615,126.85060285841159,one shared preloaded model
conv-30-qa-56,lexical_only,0.9914028571247833,4.129699998884462,215.67620000132592,220.79730285733518,one shared preloaded model
conv-30-qa-57,lexical_only,0.9914028571247833,3.9630999963264912,1059.5604999980424,1064.5150028514936,one shared preloaded model
conv-30-qa-58,lexical_only,0.9914028571247833,4.13220000336878,393.437200000335,398.5608028608286,one shared preloaded model
conv-30-qa-59,lexical_only,0.9914028571247833,4.3443000031402335,222.19610000320245,227.53180286346748,one shared preloaded model
conv-30-qa-60,lexical_only,0.9914028571247833,4.188399994745851,151.92669999669306,157.1065028485637,one shared preloaded model
conv-30-qa-61,lexical_only,0.9914028571247833,7.455600003595464,322.2609000004013,330.70790286112157,one shared preloaded model
conv-30-qa-62,lexical_only,0.9914028571247833,4.012799996417016,182.0261999964714,187.03040285001322,one shared preloaded model
conv-30-qa-63,lexical_only,0.9914028571247833,8.264900003268849,200.94970000354806,210.2060028639417,one shared preloaded model
conv-30-qa-64,lexical_only,0.9914028571247833,3.9497000034316443,219.71060000214493,224.65170286270137,one shared preloaded model
conv-30-qa-65,lexical_only,0.9914028571247833,4.059800005052239,202.54620000196155,207.5974028641386,one shared preloaded model
conv-30-qa-66,lexical_only,0.9914028571247833,3.9235000003827736,266.1530000041239,271.06790286163147,one shared preloaded model
conv-30-qa-67,lexical_only,0.9914028571247833,4.555799998342991,235.18260000128066,240.72980285674845,one shared preloaded model
conv-30-qa-68,lexical_only,0.9914028571247833,4.403600003570318,229.38639999483712,234.78140285553224,one shared preloaded model
conv-30-qa-69,lexical_only,0.9914028571247833,4.337300000770483,486.7794000019785,492.1081028598738,one shared preloaded model
conv-30-qa-70,lexical_only,0.9914028571247833,4.25589999940712,539.4299999970826,544.6773028536145,one shared preloaded model
conv-30-qa-71,lexical_only,0.9914028571247833,4.748300001665484,818.3410999990883,824.0808028578786,one shared preloaded model
conv-30-qa-72,lexical_only,0.9914028571247833,4.186600002867635,377.92260000423994,383.10060286423237,one shared preloaded model
conv-30-qa-73,lexical_only,0.9914028571247833,4.3844999963766895,182.4449999985518,187.82090285205328,one shared preloaded model
conv-30-qa-74,lexical_only,0.9914028571247833,8.027100004255772,764.879899994412,773.8984028557925,one shared preloaded model
conv-30-qa-75,lexical_only,0.9914028571247833,3.9609000014024787,342.82579999853624,347.7781028570635,one shared preloaded model
conv-30-qa-76,lexical_only,0.9914028571247833,5.077399997389875,188.2497999977204,194.31860285223507,one shared preloaded model
conv-30-qa-77,lexical_only,0.9914028571247833,7.565100000647362,208.06520000041928,216.62170285819144,one shared preloaded model
conv-30-qa-78,lexical_only,0.9914028571247833,4.659099999116734,823.9572000020416,829.6077028582831,one shared preloaded model
conv-30-qa-79,lexical_only,0.9914028571247833,4.5336999974097125,150.6539000038174,156.1790028583519,one shared preloaded model
conv-30-qa-80,lexical_only,0.9914028571247833,7.449600001564249,232.36990000441438,240.81090286310342,one shared preloaded model
conv-30-qa-81,lexical_only,0.9914028571247833,3.8889999996172264,432.2341000006418,437.1145028573838,one shared preloaded model
conv-30-qa-82,lexical_only,0.9914028571247833,4.815499996766448,212.03860000241548,217.84550285630672,one shared preloaded model
conv-30-qa-83,lexical_only,0.9914028571247833,4.648800000722986,217.6127000057022,223.25290286355,one shared preloaded model
conv-30-qa-84,lexical_only,0.9914028571247833,4.263800001353957,218.98050000163494,224.2357028601137,one shared preloaded model
conv-30-qa-85,lexical_only,0.9914028571247833,4.265099996700883,774.9923000010313,780.2488028548569,one shared preloaded model
conv-30-qa-86,lexical_only,0.9914028571247833,4.447000006621238,317.3830000014277,322.82140286517375,one shared preloaded model
conv-30-qa-87,lexical_only,0.9914028571247833,4.418700002133846,218.14610000001267,223.5562028592713,one shared preloaded model
conv-30-qa-88,lexical_only,0.9914028571247833,3.998299995146226,326.4965000053053,331.4862028575763,one shared preloaded model
conv-30-qa-89,lexical_only,0.9914028571247833,4.2355999976280145,218.9308000015444,224.15780285629722,one shared preloaded model
conv-30-qa-90,lexical_only,0.9914028571247833,4.163799996604212,359.458300001279,364.613502855008,one shared preloaded model
conv-30-qa-91,lexical_only,0.9914028571247833,4.429300002811942,183.91289999999572,189.33360285993245,one shared preloaded model
conv-30-qa-92,lexical_only,0.9914028571247833,7.4145999969914556,152.60080000007292,161.00680285418917,one shared preloaded model
conv-30-qa-93,lexical_only,0.9914028571247833,7.576800002425443,447.92020000022603,456.4884028597763,one shared preloaded model
conv-30-qa-94,lexical_only,0.9914028571247833,4.645400003937539,223.5900999949081,229.22690285597042,one shared preloaded model
conv-30-qa-95,lexical_only,0.9914028571247833,4.172599998128135,320.9761000034632,326.14010285871615,one shared preloaded model
conv-30-qa-96,lexical_only,0.9914028571247833,4.55369999690447,581.6957999995793,587.2409028536085,one shared preloaded model
conv-30-qa-97,lexical_only,0.9914028571247833,4.13999999727821,221.44139999727486,226.57280285167786,one shared preloaded model
conv-30-qa-98,lexical_only,0.9914028571247833,4.209300001093652,229.84939999878407,235.0501028570025,one shared preloaded model
conv-30-qa-99,lexical_only,0.9914028571247833,4.246099997544661,211.87380000628764,217.1113028609571,one shared preloaded model
conv-30-qa-100,lexical_only,0.9914028571247833,4.1412999999010935,181.1128999979701,186.24560285499598,one shared preloaded model
conv-30-qa-101,lexical_only,0.9914028571247833,7.82949999847915,220.713100003195,229.53400285879894,one shared preloaded model
conv-30-qa-102,lexical_only,0.9914028571247833,6.736200004525017,223.8450999939232,231.57270285557303,one shared preloaded model
conv-30-qa-103,lexical_only,0.9914028571247833,7.005700004810933,222.64809999614954,230.64520285808527,one shared preloaded model
conv-30-qa-104,lexical_only,0.9914028571247833,4.017200000816956,232.16739999770653,237.17600285564828,one shared preloaded model
conv-41-qa-0,lexical_only,1.0605393782248382,4.627200003596954,217.8005999958259,223.4883393776477,one shared preloaded model
conv-41-qa-1,lexical_only,1.0605393782248382,4.0640999941388145,231.17650000494905,236.3011393773127,one shared preloaded model
conv-41-qa-2,lexical_only,1.0605393782248382,4.170100000919774,158.00060000037774,163.23123937952235,one shared preloaded model
conv-41-qa-3,lexical_only,1.0605393782248382,4.622899999958463,201.48889999836683,207.17233937655013,one shared preloaded model
conv-41-qa-4,lexical_only,1.0605393782248382,4.506799996306654,231.48650000075577,237.05383937528725,one shared preloaded model
conv-41-qa-5,lexical_only,1.0605393782248382,4.1981999966083094,363.4156000043731,368.6743393792063,one shared preloaded model
conv-41-qa-6,lexical_only,1.0605393782248382,4.155200003879145,205.48579999740468,210.70153937950866,one shared preloaded model
conv-41-qa-7,lexical_only,1.0605393782248382,4.08150000293972,216.5074000004097,221.64943938157424,one shared preloaded model
conv-41-qa-8,lexical_only,1.0605393782248382,3.9976999978534877,197.6386000023922,202.69683937847051,one shared preloaded model
conv-41-qa-9,lexical_only,1.0605393782248382,5.18039999587927,232.3889999970561,238.6299393711602,one shared preloaded model
conv-41-qa-10,lexical_only,1.0605393782248382,4.109699999389704,490.4296999957296,495.59993937334417,one shared preloaded model
conv-41-qa-11,lexical_only,1.0605393782248382,4.652700001315679,105.27349999756552,110.98673937710603,one shared preloaded model
conv-41-qa-12,lexical_only,1.0605393782248382,7.624099998793099,196.3705000016489,205.05513937866684,one shared preloaded model
conv-41-qa-13,lexical_only,1.0605393782248382,5.414800005382858,214.31360000133282,220.7889393849405,one shared preloaded model
conv-41-qa-14,lexical_only,1.0605393782248382,4.157399998803157,204.45199999812758,209.66993937515556,one shared preloaded model
conv-41-qa-15,lexical_only,1.0605393782248382,4.0905000059865415,236.74199999368284,241.8930393778942,one shared preloaded model
conv-41-qa-16,lexical_only,1.0605393782248382,4.040799998620059,221.72539999883156,226.82673937567645,one shared preloaded model
conv-41-qa-17,lexical_only,1.0605393782248382,3.91959999979008,235.3092999983346,240.28943937634952,one shared preloaded model
conv-41-qa-18,lexical_only,1.0605393782248382,4.137300005822908,326.6038999936427,331.80173937769047,one shared preloaded model
conv-41-qa-19,lexical_only,1.0605393782248382,4.80039999820292,193.0900000006659,198.95093937709365,one shared preloaded model
conv-41-qa-20,lexical_only,1.0605393782248382,7.339700001466554,502.62609999481356,511.02633937450497,one shared preloaded model
conv-41-qa-21,lexical_only,1.0605393782248382,4.983699996955693,142.88330000272254,148.92753937790306,one shared preloaded model
conv-41-qa-22,lexical_only,1.0605393782248382,7.56579999870155,513.5901000030572,522.2164393799835,one shared preloaded model
conv-41-qa-23,lexical_only,1.0605393782248382,4.2392999966978095,277.51709999574814,282.8169393706708,one shared preloaded model
conv-41-qa-24,lexical_only,1.0605393782248382,4.4067999988328665,489.9650999941514,495.4324393712091,one shared preloaded model
conv-41-qa-25,lexical_only,1.0605393782248382,4.357300000265241,217.57870000146795,222.99653937995802,one shared preloaded model
conv-41-qa-26,lexical_only,1.0605393782248382,4.640999999537598,169.9330999981612,175.63463937592363,one shared preloaded model
conv-41-qa-27,lexical_only,1.0605393782248382,7.668799997190945,367.91790000279434,376.64723937821014,one shared preloaded model
conv-41-qa-28,lexical_only,1.0605393782248382,4.53179999749409,108.11600000306498,113.7083393787839,one shared preloaded model
conv-41-qa-29,lexical_only,1.0605393782248382,7.4012999975821,223.13910000229953,231.60093937810646,one shared preloaded model
conv-41-qa-30,lexical_only,1.0605393782248382,4.263999995600898,210.32749999722,215.65203937104573,one shared preloaded model
conv-41-qa-31,lexical_only,1.0605393782248382,4.2071000061696395,203.23730000382056,208.50493938821504,one shared preloaded model
conv-41-qa-32,lexical_only,1.0605393782248382,4.5269000038388185,183.62730000080774,189.2147393828714,one shared preloaded model
conv-41-qa-33,lexical_only,1.0605393782248382,7.569600005808752,312.7918000027421,321.4219393867757,one shared preloaded model
conv-41-qa-34,lexical_only,1.0605393782248382,4.419999997480772,231.38559999642894,236.86613937213454,one shared preloaded model
conv-41-qa-35,lexical_only,1.0605393782248382,4.096900003787596,216.13240000442602,221.28983938643844,one shared preloaded model
conv-41-qa-36,lexical_only,1.0605393782248382,4.608999995980412,259.9546999990707,265.624239373276,one shared preloaded model
conv-41-qa-37,lexical_only,1.0605393782248382,4.054500001075212,208.89380000153324,214.00883938083328,one shared preloaded model
conv-41-qa-38,lexical_only,1.0605393782248382,4.134100003284402,332.89899999363115,338.0936393751404,one shared preloaded model
conv-41-qa-39,lexical_only,1.0605393782248382,4.384599997138139,215.63160000368953,221.0767393790525,one shared preloaded model
conv-41-qa-40,lexical_only,1.0605393782248382,4.168600004049949,223.81989999848884,229.04903938076362,one shared preloaded model
conv-41-qa-41,lexical_only,1.0605393782248382,4.223099997034296,231.7096999977366,236.99333937299573,one shared preloaded model
conv-41-qa-42,lexical_only,1.0605393782248382,4.033799996250309,230.4526000007172,235.54693937519235,one shared preloaded model
conv-41-qa-43,lexical_only,1.0605393782248382,3.9741000000503846,485.2677000017138,490.30233937998906,one shared preloaded model
conv-41-qa-44,lexical_only,1.0605393782248382,4.6321000045281835,790.2677000020049,795.9603393847578,one shared preloaded model
conv-41-qa-45,lexical_only,1.0605393782248382,4.182999997283332,226.91029999987222,232.1538393753804,one shared preloaded model
conv-41-qa-46,lexical_only,1.0605393782248382,4.404100000101607,219.32660000311444,224.79123938144087,one shared preloaded model
conv-41-qa-47,lexical_only,1.0605393782248382,4.149400003370829,211.68580000085058,216.89573938244624,one shared preloaded model
conv-41-qa-48,lexical_only,1.0605393782248382,4.152400004386436,511.25019999744836,516.4631393800596,one shared preloaded model
conv-41-qa-49,lexical_only,1.0605393782248382,4.535300002316944,214.76530000654748,220.36113938708925,one shared preloaded model
conv-41-qa-50,lexical_only,1.0605393782248382,3.9495000019087456,251.93319999380037,256.943239373934,one shared preloaded model
conv-41-qa-51,lexical_only,1.0605393782248382,4.193700005998835,320.1580000022659,325.4122393864896,one shared preloaded model
conv-41-qa-52,lexical_only,1.0605393782248382,4.2571000012685545,108.41359999903943,113.73123937853282,one shared preloaded model
conv-41-qa-53,lexical_only,1.0605393782248382,7.433400001900736,315.6600000002072,324.1539393803328,one shared preloaded model
conv-41-qa-54,lexical_only,1.0605393782248382,4.869700002018362,473.29349999927217,479.2237393795154,one shared preloaded model
conv-41-qa-55,lexical_only,1.0605393782248382,4.584999995131511,459.0498999968986,464.695439370255,one shared preloaded model
conv-41-qa-56,lexical_only,1.0605393782248382,4.7190000041155145,478.3240999968257,484.10363937916605,one shared preloaded model
conv-41-qa-57,lexical_only,1.0605393782248382,4.647599998861551,223.41079999750946,229.11893937459584,one shared preloaded model
conv-41-qa-58,lexical_only,1.0605393782248382,3.8551000034203753,528.6568000010448,533.5724393826899,one shared preloaded model
conv-41-qa-59,lexical_only,1.0605393782248382,4.177399998297915,514.0272000062396,519.2651393827623,one shared preloaded model
conv-41-qa-60,lexical_only,1.0605393782248382,4.305499998736195,114.27700000058394,119.64303937754497,one shared preloaded model
conv-41-qa-61,lexical_only,1.0605393782248382,7.139300003473181,219.0139000013005,227.2137393829985,one shared preloaded model
conv-41-qa-62,lexical_only,1.0605393782248382,3.9451999982702546,124.3326000039815,129.33833938047658,one shared preloaded model
conv-41-qa-63,lexical_only,1.0605393782248382,7.966199998918455,102.92340000160038,111.95013937874367,one shared preloaded model
conv-41-qa-64,lexical_only,1.0605393782248382,4.692199996497948,736.4668999944115,742.2196393691343,one shared preloaded model
conv-41-qa-65,lexical_only,1.0605393782248382,4.200700001092628,204.3368999948143,209.59813937413176,one shared preloaded model
conv-41-qa-66,lexical_only,1.0605393782248382,4.397600001539104,509.4449000025634,514.9030393823273,one shared preloaded model
conv-41-qa-67,lexical_only,1.0605393782248382,4.874099999142345,187.48779999441467,193.42243937178185,one shared preloaded model
conv-41-qa-68,lexical_only,1.0605393782248382,7.57730000623269,194.95009999809554,203.58793938255306,one shared preloaded model
conv-41-qa-69,lexical_only,1.0605393782248382,6.372899995767511,829.6052000005147,837.038639374507,one shared preloaded model
conv-41-qa-70,lexical_only,1.0605393782248382,4.616399994120002,231.2076000016532,236.88453937399802,one shared preloaded model
conv-41-qa-71,lexical_only,1.0605393782248382,4.1918999995687045,160.70510000281502,165.95753938060855,one shared preloaded model
conv-41-qa-72,lexical_only,1.0605393782248382,5.0498999989940785,215.40220000315458,221.51263938037349,one shared preloaded model
conv-41-qa-73,lexical_only,1.0605393782248382,3.9822999970056117,119.0636999963317,124.10653937156215,one shared preloaded model
conv-41-qa-74,lexical_only,1.0605393782248382,7.914699999673758,222.43039999739267,231.40563937529126,one shared preloaded model
conv-41-qa-75,lexical_only,1.0605393782248382,4.713700000138488,225.60479999810923,231.37903937647255,one shared preloaded model
conv-41-qa-76,lexical_only,1.0605393782248382,3.9673999999649823,285.24990000005346,290.2778393782433,one shared preloaded model
conv-41-qa-77,lexical_only,1.0605393782248382,4.408799999509938,218.63920000032522,224.10853937806,one shared preloaded model
conv-41-qa-78,lexical_only,1.0605393782248382,4.383599996799603,230.96559999976307,236.4097393747875,one shared preloaded model
conv-41-qa-79,lexical_only,1.0605393782248382,4.197499998554122,244.9934000032954,250.25143938007434,one shared preloaded model
conv-41-qa-80,lexical_only,1.0605393782248382,4.363899999589194,130.05839999823365,135.48283937604768,one shared preloaded model
conv-41-qa-81,lexical_only,1.0605393782248382,7.9457000028924085,99.8706999962451,108.87693937736233,one shared preloaded model
conv-41-qa-82,lexical_only,1.0605393782248382,7.439999993948732,212.6916999986861,221.19223937085965,one shared preloaded model
conv-41-qa-83,lexical_only,1.0605393782248382,4.082599996763747,278.0553999982658,283.1985393732544,one shared preloaded model
conv-41-qa-84,lexical_only,1.0605393782248382,4.235799999150913,223.52249999676133,228.81883937413707,one shared preloaded model
conv-41-qa-85,lexical_only,1.0605393782248382,4.011299999547191,197.38599999982398,202.457839377596,one shared preloaded model
conv-41-qa-86,lexical_only,1.0605393782248382,5.77299999713432,220.56299999530893,227.39653937066808,one shared preloaded model
conv-41-qa-87,lexical_only,1.0605393782248382,3.972599995904602,119.77099999785423,124.80413937198367,one shared preloaded model
conv-41-qa-88,lexical_only,1.0605393782248382,7.6034999947296456,243.56950000219513,252.2335393751496,one shared preloaded model
conv-41-qa-89,lexical_only,1.0605393782248382,4.169200001342688,854.806199997256,860.0359393768235,one shared preloaded model
conv-41-qa-90,lexical_only,1.0605393782248382,5.293199996231124,218.7223000000813,225.07603937453726,one shared preloaded model
conv-41-qa-91,lexical_only,1.0605393782248382,4.118199998629279,226.25800000241725,231.43673937927136,one shared preloaded model
conv-41-qa-92,lexical_only,1.0605393782248382,4.150400003709365,190.26499999745283,195.47593937938703,one shared preloaded model
conv-41-qa-93,lexical_only,1.0605393782248382,4.833500002860092,1091.8697000015527,1097.7637393826376,one shared preloaded model
conv-41-qa-94,lexical_only,1.0605393782248382,4.505700002482627,737.3047000000952,742.8709393808026,one shared preloaded model
conv-41-qa-95,lexical_only,1.0605393782248382,4.3484999987413175,219.04089999588905,224.4499393728552,one shared preloaded model
conv-41-qa-96,lexical_only,1.0605393782248382,3.96550000004936,264.23820000491105,269.26423938318527,one shared preloaded model
conv-41-qa-97,lexical_only,1.0605393782248382,4.319699997722637,404.6022000038647,409.9824393798122,one shared preloaded model
conv-41-qa-98,lexical_only,1.0605393782248382,4.725699996924959,196.31359999766573,202.09983937281552,one shared preloaded model
conv-41-qa-99,lexical_only,1.0605393782248382,5.400599999120459,454.4755000024452,460.9366393797905,one shared preloaded model
conv-41-qa-100,lexical_only,1.0605393782248382,4.182299999229144,203.47220000257948,208.71503938003346,one shared preloaded model
conv-41-qa-101,lexical_only,1.0605393782248382,4.474499997741077,215.4711999974097,221.00623937337562,one shared preloaded model
conv-41-qa-102,lexical_only,1.0605393782248382,4.72750000335509,121.16830000013579,126.95633938171571,one shared preloaded model
conv-41-qa-103,lexical_only,1.0605393782248382,7.809100003214553,109.47720000694972,118.3468393883891,one shared preloaded model
conv-41-qa-104,lexical_only,1.0605393782248382,7.522300002165139,162.99219999928027,171.57503937967024,one shared preloaded model
conv-41-qa-105,lexical_only,1.0605393782248382,7.455899998603854,675.30689999694,683.8233393737687,one shared preloaded model
conv-41-qa-106,lexical_only,1.0605393782248382,4.585100003168918,220.78239999973448,226.42803938112823,one shared preloaded model
conv-41-qa-107,lexical_only,1.0605393782248382,4.910199997539166,224.66910000366624,230.63983937943024,one shared preloaded model
conv-41-qa-108,lexical_only,1.0605393782248382,4.540200003248174,189.95929999800865,195.56003937948165,one shared preloaded model
conv-41-qa-109,lexical_only,1.0605393782248382,7.4614999975892715,320.8228000003146,329.34483937612873,one shared preloaded model
conv-41-qa-110,lexical_only,1.0605393782248382,4.936799996357877,212.89720000640955,218.89453938099226,one shared preloaded model
conv-41-qa-111,lexical_only,1.0605393782248382,4.1914000030374154,254.5901999983471,259.84213937960936,one shared preloaded model
conv-41-qa-112,lexical_only,1.0605393782248382,4.387100001622457,180.87499999819556,186.32263937804285,one shared preloaded model
conv-41-qa-113,lexical_only,1.0605393782248382,8.05469999613706,254.75310000183526,263.8683393761972,one shared preloaded model
conv-41-qa-114,lexical_only,1.0605393782248382,4.49549999757437,126.38850000075763,131.94453937655683,one shared preloaded model
conv-41-qa-115,lexical_only,1.0605393782248382,4.168399995251093,287.19619999901624,292.4251393724922,one shared preloaded model
conv-41-qa-116,lexical_only,1.0605393782248382,4.503299998759758,541.2599999981467,546.8238393751312,one shared preloaded model
conv-41-qa-117,lexical_only,1.0605393782248382,4.253200000675861,183.64979999751085,188.96353937641155,one shared preloaded model
conv-41-qa-118,lexical_only,1.0605393782248382,7.506100002501626,218.8495000009425,227.41613938166896,one shared preloaded model
conv-41-qa-119,lexical_only,1.0605393782248382,4.383299994515255,185.1444000058109,190.58823937855098,one shared preloaded model
conv-41-qa-120,lexical_only,1.0605393782248382,7.967500001541339,171.6357999976026,180.66383937736876,one shared preloaded model
conv-41-qa-121,lexical_only,1.0605393782248382,7.438799999363255,400.7335000060266,409.2328393836147,one shared preloaded model
conv-41-qa-122,lexical_only,1.0605393782248382,4.680300000472926,238.4031999972649,244.14403937596265,one shared preloaded model
conv-41-qa-123,lexical_only,1.0605393782248382,4.507199999352451,227.98560000228463,233.5533393798619,one shared preloaded model
conv-41-qa-124,lexical_only,1.0605393782248382,4.483900003833696,309.1415999952005,314.6860393772591,one shared preloaded model
conv-41-qa-125,lexical_only,1.0605393782248382,4.649799993785564,473.5413000016706,479.25163937368103,one shared preloaded model
conv-41-qa-126,lexical_only,1.0605393782248382,4.164300000411458,393.61900000221794,398.84383938085426,one shared preloaded model
conv-41-qa-127,lexical_only,1.0605393782248382,4.758300005050842,787.2036999979173,793.0225393811929,one shared preloaded model
conv-41-qa-128,lexical_only,1.0605393782248382,4.8317999971914105,137.1854999961215,143.07783937153775,one shared preloaded model
conv-41-qa-129,lexical_only,1.0605393782248382,4.564900002151262,618.4553000057349,624.080739386111,one shared preloaded model
conv-41-qa-130,lexical_only,1.0605393782248382,4.141899997193832,141.0455000004731,146.24793937589178,one shared preloaded model
conv-41-qa-131,lexical_only,1.0605393782248382,8.082299995294306,225.9641000055126,235.10693937903173,one shared preloaded model
conv-41-qa-132,lexical_only,1.0605393782248382,4.1225000022677705,216.52499999618158,221.70803937667418,one shared preloaded model
conv-41-qa-133,lexical_only,1.0605393782248382,4.411000001709908,217.10880000318866,222.5803393831234,one shared preloaded model
conv-41-qa-134,lexical_only,1.0605393782248382,4.481799995119218,1155.1873999997042,1160.7297393730482,one shared preloaded model
conv-41-qa-135,lexical_only,1.0605393782248382,4.492399995797314,428.7079000059748,434.260839379997,one shared preloaded model
conv-41-qa-136,lexical_only,1.0605393782248382,4.321000000345521,418.2107999949949,423.59233937356527,one shared preloaded model
conv-41-qa-137,lexical_only,1.0605393782248382,4.353099997388199,230.84950000338722,236.26313937900025,one shared preloaded model
conv-41-qa-138,lexical_only,1.0605393782248382,4.860100001678802,232.539500000712,238.46013938061563,one shared preloaded model
conv-41-qa-139,lexical_only,1.0605393782248382,4.25369999720715,394.2460999969626,399.5603393723946,one shared preloaded model
conv-41-qa-140,lexical_only,1.0605393782248382,4.215200002363417,289.6480999988853,294.9238393794736,one shared preloaded model
conv-41-qa-141,lexical_only,1.0605393782248382,4.623799999535549,438.8189000019338,444.5032393796942,one shared preloaded model
conv-41-qa-142,lexical_only,1.0605393782248382,4.310199998144526,220.7940000007511,226.16473937712047,one shared preloaded model
conv-41-qa-143,lexical_only,1.0605393782248382,4.503899996052496,162.17450000112876,167.7389393754061,one shared preloaded model
conv-41-qa-144,lexical_only,1.0605393782248382,4.726200000732206,223.99070000392385,229.77743938288089,one shared preloaded model
conv-41-qa-145,lexical_only,1.0605393782248382,4.039799998281524,592.0732000013231,597.1735393778295,one shared preloaded model
conv-41-qa-146,lexical_only,1.0605393782248382,5.0682000000961125,218.24259999993956,224.3713393782605,one shared preloaded model
conv-41-qa-147,lexical_only,1.0605393782248382,4.307399998651817,144.9517000000924,150.31963937696904,one shared preloaded model
conv-41-qa-148,lexical_only,1.0605393782248382,7.575299998279661,586.3170000011451,594.9528393776495,one shared preloaded model
conv-41-qa-149,lexical_only,1.0605393782248382,4.368800000520423,221.96249999979045,227.3918393785357,one shared preloaded model
conv-41-qa-150,lexical_only,1.0605393782248382,4.1798999955062754,316.88500000018394,322.12543937391507,one shared preloaded model
conv-41-qa-151,lexical_only,1.0605393782248382,4.488300000957679,228.62480000185315,234.17363938103566,one shared preloaded model
conv-41-qa-152,lexical_only,1.0605393782248382,4.20509999821661,209.2720000000554,214.53763937649686,one shared preloaded model
conv-41-qa-153,lexical_only,1.0605393782248382,4.058999998960644,213.7328000026173,218.85233937980277,one shared preloaded model
conv-41-qa-154,lexical_only,1.0605393782248382,3.9278000040212646,122.84770000405842,127.83603938630452,one shared preloaded model
conv-41-qa-155,lexical_only,1.0605393782248382,5.95900000189431,216.96810000139521,223.98763938151436,one shared preloaded model
conv-41-qa-156,lexical_only,1.0605393782248382,4.216199995425995,209.50060000177473,214.77733937542556,one shared preloaded model
conv-41-qa-157,lexical_only,1.0605393782248382,4.225399999995716,120.29260000417707,125.57853938239762,one shared preloaded model
conv-41-qa-158,lexical_only,1.0605393782248382,3.849399996397551,226.35030000674305,231.26023938136544,one shared preloaded model
conv-41-qa-159,lexical_only,1.0605393782248382,4.426500003319234,227.90080000413582,233.38783938567988,one shared preloaded model
conv-41-qa-160,lexical_only,1.0605393782248382,4.489099999773316,100.50670000055106,106.05633937854921,one shared preloaded model
conv-41-qa-161,lexical_only,1.0605393782248382,7.751999997708481,173.95489999762503,182.76743937355835,one shared preloaded model
conv-41-qa-162,lexical_only,1.0605393782248382,7.675399996514898,239.56960000214167,248.3055393768814,one shared preloaded model
conv-41-qa-163,lexical_only,1.0605393782248382,4.267299998900853,228.77629999857163,234.10413937569732,one shared preloaded model
conv-41-qa-164,lexical_only,1.0605393782248382,4.403200000524521,494.2834999965271,499.7472393752765,one shared preloaded model
conv-41-qa-165,lexical_only,1.0605393782248382,4.2574000035529025,215.35810000204947,220.6760393838272,one shared preloaded model
conv-41-qa-166,lexical_only,1.0605393782248382,4.438300005858764,237.69890000403393,243.19773938811753,one shared preloaded model
conv-41-qa-167,lexical_only,1.0605393782248382,4.383599996799603,218.1815000003553,223.62563937537973,one shared preloaded model
conv-41-qa-168,lexical_only,1.0605393782248382,4.056800004036631,360.69790000328794,365.81523938554943,one shared preloaded model
conv-41-qa-169,lexical_only,1.0605393782248382,5.401900001743343,749.4891000023927,755.9515393823608,one shared preloaded model
conv-41-qa-170,lexical_only,1.0605393782248382,4.183800003374927,175.3378000066732,180.58213938827296,one shared preloaded model
conv-41-qa-171,lexical_only,1.0605393782248382,7.711500002187677,685.2161999995587,693.9882393799712,one shared preloaded model
conv-41-qa-172,lexical_only,1.0605393782248382,4.452299996046349,207.25909999600844,212.77193937027963,one shared preloaded model
conv-41-qa-173,lexical_only,1.0605393782248382,4.023899993626401,198.78669999889098,203.8711393707422,one shared preloaded model
conv-41-qa-174,lexical_only,1.0605393782248382,4.229999998642597,815.0717999960762,820.3623393729436,one shared preloaded model
conv-41-qa-175,lexical_only,1.0605393782248382,4.26040000456851,117.04379999719094,122.36473937998429,one shared preloaded model
conv-41-qa-176,lexical_only,1.0605393782248382,8.483699995849747,218.6701999962679,228.2144393703425,one shared preloaded model
conv-41-qa-177,lexical_only,1.0605393782248382,4.371099996205885,229.2587999982061,234.6904393726368,one shared preloaded model
conv-41-qa-178,lexical_only,1.0605393782248382,4.084499996679369,187.8394000013941,192.9844393762983,one shared preloaded model
conv-41-qa-179,lexical_only,1.0605393782248382,7.485900001483969,231.6856999968877,240.2321393765965,one shared preloaded model
conv-41-qa-180,lexical_only,1.0605393782248382,4.235000000335276,228.2848000031663,233.58033938172642,one shared preloaded model
conv-41-qa-181,lexical_only,1.0605393782248382,4.180200005066581,217.44570000009844,222.68643938338985,one shared preloaded model
conv-41-qa-182,lexical_only,1.0605393782248382,4.41069999942556,213.88609999848995,219.35733937614035,one shared preloaded model
conv-41-qa-183,lexical_only,1.0605393782248382,4.104600004211534,183.55529999826103,188.7204393806974,one shared preloaded model
conv-41-qa-184,lexical_only,1.0605393782248382,4.902699998638127,221.3590999963344,227.32233937319737,one shared preloaded model
conv-41-qa-185,lexical_only,1.0605393782248382,4.169699997873977,222.2156999996514,227.4459393757502,one shared preloaded model
conv-41-qa-186,lexical_only,1.0605393782248382,4.181899996183347,211.70249999704538,216.94493937145356,one shared preloaded model
conv-41-qa-187,lexical_only,1.0605393782248382,4.106899999896996,217.75869999692077,222.9261393750426,one shared preloaded model
conv-41-qa-188,lexical_only,1.0605393782248382,4.145200000493787,165.50180000194814,170.70753938066676,one shared preloaded model
conv-41-qa-189,lexical_only,1.0605393782248382,8.143099999870174,171.8170000021928,181.0206393802878,one shared preloaded model
conv-41-qa-190,lexical_only,1.0605393782248382,7.769800002279226,360.5276000016602,369.35793938216426,one shared preloaded model
conv-41-qa-191,lexical_only,1.0605393782248382,4.841000001761131,216.63210000406252,222.53363938404848,one shared preloaded model
conv-41-qa-192,lexical_only,1.0605393782248382,4.173500004981179,142.501500005892,147.73553938909802,one shared preloaded model
conv-42-qa-0,lexical_only,0.7036242307759284,5.691999998816755,122.2185000005993,128.61412423019198,one shared preloaded model
conv-42-qa-1,lexical_only,0.7036242307759284,3.900600000633858,246.27920000057202,250.8834242319818,one shared preloaded model
conv-42-qa-2,lexical_only,0.7036242307759284,4.024000001663808,230.07449999568053,234.80212422812025,one shared preloaded model
conv-42-qa-3,lexical_only,0.7036242307759284,4.307900002459064,337.9985999999917,343.0101242332267,one shared preloaded model
conv-42-qa-4,lexical_only,0.7036242307759284,4.2900000044028275,199.37999999820022,204.37362423337896,one shared preloaded model
conv-42-qa-5,lexical_only,0.7036242307759284,4.1332999971928075,383.74520000070333,388.58212422867206,one shared preloaded model
conv-42-qa-6,lexical_only,0.7036242307759284,4.319500003475696,217.67199999885634,222.69512423310795,one shared preloaded model
conv-42-qa-7,lexical_only,0.7036242307759284,4.004299997177441,487.60549999860814,492.3134242265615,one shared preloaded model
conv-42-qa-8,lexical_only,0.7036242307759284,4.236799999489449,223.54700000141747,228.48742423168284,one shared preloaded model
conv-42-qa-9,lexical_only,0.7036242307759284,4.764899997098837,184.88699999579694,190.3555242236717,one shared preloaded model
conv-42-qa-10,lexical_only,0.7036242307759284,5.94489999639336,290.26909999811323,296.9176242252825,one shared preloaded model
conv-42-qa-11,lexical_only,0.7036242307759284,4.706500003521796,321.56180000310997,326.9719242374077,one shared preloaded model
conv-42-qa-12,lexical_only,0.7036242307759284,4.208199999993667,312.703399999009,317.61522422977856,one shared preloaded model
conv-42-qa-13,lexical_only,0.7036242307759284,4.459900002984796,487.1962999968673,492.359824230628,one shared preloaded model
conv-42-qa-14,lexical_only,0.7036242307759284,4.3517000012798235,217.87900000344962,222.93432423550536,one shared preloaded model
conv-42-qa-15,lexical_only,0.7036242307759284,4.135600000154227,465.5289000002085,470.36812423113867,one shared preloaded model
conv-42-qa-16,lexical_only,0.7036242307759284,4.306499999074731,222.08500000124332,227.09512423109396,one shared preloaded model
conv-42-qa-17,lexical_only,0.7036242307759284,3.9949999991222285,217.31639999779873,222.01502422769687,one shared preloaded model
conv-42-qa-18,lexical_only,0.7036242307759284,4.152300003624987,1107.6984999963315,1112.5544242307324,one shared preloaded model
conv-42-qa-19,lexical_only,0.7036242307759284,4.444099999091122,111.33289999997942,116.48062422984647,one shared preloaded model
conv-42-qa-20,lexical_only,0.7036242307759284,7.4577999985194765,440.4480000011972,448.6094242304926,one shared preloaded model
conv-42-qa-21,lexical_only,0.7036242307759284,5.018000003474299,202.21480000327574,207.93642423752596,one shared preloaded model
conv-42-qa-22,lexical_only,0.7036242307759284,3.919100003258791,511.50590000179363,516.1286242358284,one shared preloaded model
conv-42-qa-23,lexical_only,0.7036242307759284,4.411200003232807,741.0138999985065,746.1287242325153,one shared preloaded model
conv-42-qa-24,lexical_only,0.7036242307759284,4.658000005292706,220.99529999832157,226.3569242343902,one shared preloaded model
conv-42-qa-25,lexical_only,0.7036242307759284,3.8548000011360273,485.40030000003753,489.9587242319495,one shared preloaded model
conv-42-qa-26,lexical_only,0.7036242307759284,4.214700005832128,217.44529999705264,222.3636242336607,one shared preloaded model
conv-42-qa-27,lexical_only,0.7036242307759284,4.178000002866611,235.65059999964433,240.53222423328685,one shared preloaded model
conv-42-qa-28,lexical_only,0.7036242307759284,4.364599997643381,525.9124000003794,530.9806242287988,one shared preloaded model
conv-42-qa-29,lexical_only,0.7036242307759284,4.551700003503356,222.63209999800893,227.8874242322882,one shared preloaded model
conv-42-qa-30,lexical_only,0.7036242307759284,4.136000003200024,161.83449999516597,166.6741242291419,one shared preloaded model
conv-42-qa-31,lexical_only,0.7036242307759284,7.634099994902499,505.4655999992974,513.8033242249759,one shared preloaded model
conv-42-qa-32,lexical_only,0.7036242307759284,4.453800000192132,211.51890000328422,216.67632423425226,one shared preloaded model
conv-42-qa-33,lexical_only,0.7036242307759284,4.162299999734387,335.6461000003037,340.512024230814,one shared preloaded model
conv-42-qa-34,lexical_only,0.7036242307759284,4.552499995043036,523.9652000018395,529.2213242276586,one shared preloaded model
conv-42-qa-35,lexical_only,0.7036242307759284,4.197200003545731,507.752999998047,512.6538242323687,one shared preloaded model
conv-42-qa-36,lexical_only,0.7036242307759284,5.159000000276137,234.36619999847608,240.22882422952813,one shared preloaded model
conv-42-qa-37,lexical_only,0.7036242307759284,4.165199999988545,531.9052999984706,536.7741242292351,one shared preloaded model
conv-42-qa-38,lexical_only,0.7036242307759284,4.160700002103113,359.48610000195913,364.35042423483816,one shared preloaded model
conv-42-qa-39,lexical_only,0.7036242307759284,4.194000001007225,336.4335999940522,341.33122422583534,one shared preloaded model
conv-42-qa-40,lexical_only,0.7036242307759284,3.961999995226506,510.4916999989655,515.157324224968,one shared preloaded model
conv-42-qa-41,lexical_only,0.7036242307759284,4.1369999962626025,368.072299999767,372.9129242268055,one shared preloaded model
conv-42-qa-42,lexical_only,0.7036242307759284,4.556799998681527,146.84010000200942,152.10052423146686,one shared preloaded model
conv-42-qa-43,lexical_only,0.7036242307759284,7.387900004687253,149.495300000126,157.58682423558918,one shared preloaded model
conv-42-qa-44,lexical_only,0.7036242307759284,7.578800003102515,337.55029999883845,345.8327242327169,one shared preloaded model
conv-42-qa-45,lexical_only,0.7036242307759284,4.090199996426236,518.0525999967358,522.846424223938,one shared preloaded model
conv-42-qa-46,lexical_only,0.7036242307759284,4.320799998822622,130.90999999985797,135.9344242294565,one shared preloaded model
conv-42-qa-47,lexical_only,0.7036242307759284,7.385900004010182,154.73170000041137,162.82122423519746,one shared preloaded model
conv-42-qa-48,lexical_only,0.7036242307759284,7.570600006147288,502.7176000003237,510.99182423724693,one shared preloaded model
conv-42-qa-49,lexical_only,0.7036242307759284,4.262000002199784,95.9352999998373,100.90092423281301,one shared preloaded model
conv-42-qa-50,lexical_only,0.7036242307759284,7.95809999544872,211.31969999987632,219.98142422610096,one shared preloaded model
conv-42-qa-51,lexical_only,0.7036242307759284,4.055599994899239,209.6536999961245,214.41292422179964,one shared preloaded model
conv-42-qa-52,lexical_only,0.7036242307759284,4.567899995890912,219.02599999884842,224.29752422551525,one shared preloaded model
conv-42-qa-53,lexical_only,0.7036242307759284,3.8948000001255423,109.54460000357358,114.14302423447505,one shared preloaded model
conv-42-qa-54,lexical_only,0.7036242307759284,7.6432999994722195,222.9410999934771,231.28802422372524,one shared preloaded model
conv-42-qa-55,lexical_only,0.7036242307759284,4.010800003015902,516.3845999995829,521.0990242333747,one shared preloaded model
conv-42-qa-56,lexical_only,0.7036242307759284,4.626800000551157,95.77710000303341,101.1075242343605,one shared preloaded model
conv-42-qa-57,lexical_only,0.7036242307759284,4.717700001492631,222.87930000311462,228.30062423538317,one shared preloaded model
conv-42-qa-58,lexical_only,0.7036242307759284,4.211300001770724,234.72209999454208,239.63702422708872,one shared preloaded model
conv-42-qa-59,lexical_only,0.7036242307759284,4.2388000001665205,520.9057000029134,525.8481242338559,one shared preloaded model
conv-42-qa-60,lexical_only,0.7036242307759284,4.276699997717515,194.20119999995222,199.18152422844565,one shared preloaded model
conv-42-qa-61,lexical_only,0.7036242307759284,6.824399999459274,146.82999999786261,154.3580242280978,one shared preloaded model
conv-42-qa-62,lexical_only,0.7036242307759284,7.466900002327748,123.18129999766825,131.3518242307719,one shared preloaded model
conv-42-qa-63,lexical_only,0.7036242307759284,6.531799997901544,165.31830000167247,172.55372423034993,one shared preloaded model
conv-42-qa-64,lexical_only,0.7036242307759284,3.9037000024109147,218.64150000328664,223.24882423647347,one shared preloaded model
conv-42-qa-65,lexical_only,0.7036242307759284,4.359699996712152,220.88960000110092,225.95292422858898,one shared preloaded model
conv-42-qa-66,lexical_only,0.7036242307759284,4.022100001748186,229.9079000003985,234.6336242329226,one shared preloaded model
conv-42-qa-67,lexical_only,0.7036242307759284,4.030200005217921,119.27870000363328,124.01252423962713,one shared preloaded model
conv-42-qa-68,lexical_only,0.7036242307759284,7.6542000024346635,96.61849999974947,104.97632423296007,one shared preloaded model
conv-42-qa-69,lexical_only,0.7036242307759284,7.564799998363014,122.82769999728771,131.09612422642664,one shared preloaded model
conv-42-qa-70,lexical_only,0.7036242307759284,5.1375999973970465,944.7833000012906,950.6245242294636,one shared preloaded model
conv-42-qa-71,lexical_only,0.7036242307759284,4.632600001059473,96.45560000353726,101.79182423537266,one shared preloaded model
conv-42-qa-72,lexical_only,0.7036242307759284,8.106900000711903,204.4778999988921,213.28842423037992,one shared preloaded model
conv-42-qa-73,lexical_only,0.7036242307759284,4.018200001155492,205.9328999966965,210.6547242286279,one shared preloaded model
conv-42-qa-74,lexical_only,0.7036242307759284,4.054700002598111,303.28909999661846,308.0474242299925,one shared preloaded model
conv-42-qa-75,lexical_only,0.7036242307759284,4.127099993638694,198.09160000295378,202.9223242273684,one shared preloaded model
conv-42-qa-76,lexical_only,0.7036242307759284,4.465300000447314,697.4645000009332,702.6334242321565,one shared preloaded model
conv-42-qa-77,lexical_only,0.7036242307759284,4.050300005474128,509.7338999985368,514.4878242347869,one shared preloaded model
conv-42-qa-78,lexical_only,0.7036242307759284,4.1109999947366305,94.54990000085672,99.36452422636928,one shared preloaded model
conv-42-qa-79,lexical_only,0.7036242307759284,4.245300006004982,118.82390000391752,123.77282424069843,one shared preloaded model
conv-42-qa-80,lexical_only,0.7036242307759284,3.7426000053528696,115.93220000213478,120.37842423826358,one shared preloaded model
conv-42-qa-81,lexical_only,0.7036242307759284,7.551700000476558,237.27150000195252,245.526824233205,one shared preloaded model
conv-42-qa-82,lexical_only,0.7036242307759284,4.20740000117803,188.98929999704706,193.900324229001,one shared preloaded model
conv-42-qa-83,lexical_only,0.7036242307759284,7.554899995739106,109.36410000431351,117.62262423082855,one shared preloaded model
conv-42-qa-84,lexical_only,0.7036242307759284,6.448400003137067,220.63920000073267,227.79122423464565,one shared preloaded model
conv-42-qa-85,lexical_only,0.7036242307759284,4.235399996105116,234.16369999904418,239.10272422592521,one shared preloaded model
conv-42-qa-86,lexical_only,0.7036242307759284,3.9975999970920384,346.31029999582097,351.0115242236889,one shared preloaded model
conv-42-qa-87,lexical_only,0.7036242307759284,4.438999996636994,229.78350000630599,234.9261242337189,one shared preloaded model
conv-42-qa-88,lexical_only,0.7036242307759284,4.192400003375951,142.55530000082217,147.45132423497404,one shared preloaded model
conv-42-qa-89,lexical_only,0.7036242307759284,6.868799995572772,116.00219999672845,123.57462422307715,one shared preloaded model
conv-42-qa-90,lexical_only,0.7036242307759284,7.318999996641651,167.06900000281166,175.09162423022923,one shared preloaded model
conv-42-qa-91,lexical_only,0.7036242307759284,7.931699998152908,952.0212999996147,960.6566242285436,one shared preloaded model
conv-42-qa-92,lexical_only,0.7036242307759284,4.082400002516806,218.095699994592,222.88172422788472,one shared preloaded model
conv-42-qa-93,lexical_only,0.7036242307759284,3.677399996377062,159.59389999625273,163.9749242234057,one shared preloaded model
conv-42-qa-94,lexical_only,0.7036242307759284,6.9921999966027215,221.43430000141962,229.13012422879825,one shared preloaded model
conv-42-qa-95,lexical_only,0.7036242307759284,4.166899998381268,217.4513999998453,222.3219242290025,one shared preloaded model
conv-42-qa-96,lexical_only,0.7036242307759284,4.298799998650793,154.26809999917168,159.2705242285984,one shared preloaded model
conv-42-qa-97,lexical_only,0.7036242307759284,7.398900001135189,463.4841000006418,471.5866242325529,one shared preloaded model
conv-42-qa-98,lexical_only,0.7036242307759284,4.354099997726735,230.26329999993322,235.32102422843587,one shared preloaded model
conv-42-qa-99,lexical_only,0.7036242307759284,4.201800002192613,926.7308999988018,931.6363242317703,one shared preloaded model
conv-42-qa-100,lexical_only,0.7036242307759284,4.348599999502767,227.59270000096876,232.64492423124744,one shared preloaded model
conv-42-qa-101,lexical_only,0.7036242307759284,4.390399997646455,417.07989999849815,422.1739242269205,one shared preloaded model
conv-42-qa-102,lexical_only,0.7036242307759284,4.434000002220273,188.17000000126427,193.30762423426046,one shared preloaded model
conv-42-qa-103,lexical_only,0.7036242307759284,8.005399999092333,215.2291999955196,223.93822422538784,one shared preloaded model
conv-42-qa-104,lexical_only,0.7036242307759284,4.11520000488963,516.1624000029406,520.9812242386062,one shared preloaded model
conv-42-qa-105,lexical_only,0.7036242307759284,4.225399999995716,203.75980000244454,208.68882423321617,one shared preloaded model
conv-42-qa-106,lexical_only,0.7036242307759284,4.211200001009274,213.88540000043577,218.80022423222096,one shared preloaded model
conv-42-qa-107,lexical_only,0.7036242307759284,4.225500000757165,550.6667000008747,555.5958242324078,one shared preloaded model
conv-42-qa-108,lexical_only,0.7036242307759284,4.247700002451893,149.423900002148,154.3752242353758,one shared preloaded model
conv-42-qa-109,lexical_only,0.7036242307759284,7.473199999367353,145.3579000008176,153.53472423096088,one shared preloaded model
conv-42-qa-110,lexical_only,0.7036242307759284,7.640299998456612,220.95830000034766,229.3022242295802,one shared preloaded model
conv-42-qa-111,lexical_only,0.7036242307759284,3.7669000012101606,184.11149999883492,188.582024230821,one shared preloaded model
conv-42-qa-112,lexical_only,0.7036242307759284,7.259699996211566,238.042700002552,246.0060242295395,one shared preloaded model
conv-42-qa-113,lexical_only,0.7036242307759284,4.413300004671328,234.64979999698699,239.76672423243423,one shared preloaded model
conv-42-qa-114,lexical_only,0.7036242307759284,4.09879999642726,349.79069999826606,354.59312422546924,one shared preloaded model
conv-42-qa-115,lexical_only,0.7036242307759284,4.965000000083819,310.0073999958113,315.676024226671,one shared preloaded model
conv-42-qa-116,lexical_only,0.7036242307759284,5.029600004490931,202.77020000503398,208.50342424030083,one shared preloaded model
conv-42-qa-117,lexical_only,0.7036242307759284,4.497299996728543,963.8954999973066,969.0964242248111,one shared preloaded model
conv-42-qa-118,lexical_only,0.7036242307759284,4.585700000461657,106.16690000460949,111.45622423584707,one shared preloaded model
conv-42-qa-119,lexical_only,0.7036242307759284,8.04519999655895,225.21379999670899,233.96262422404385,one shared preloaded model
conv-42-qa-120,lexical_only,0.7036242307759284,4.146500003116671,220.44750000350177,225.29762423739436,one shared preloaded model
conv-42-qa-121,lexical_only,0.7036242307759284,4.314800004067365,221.69429999485146,226.71272422969474,one shared preloaded model
conv-42-qa-122,lexical_only,0.7036242307759284,4.596599996148143,429.4394000025932,434.73962422951723,one shared preloaded model
conv-42-qa-123,lexical_only,0.7036242307759284,4.094299998541828,255.42790000326931,260.22582423258706,one shared preloaded model
conv-42-qa-124,lexical_only,0.7036242307759284,4.132600006414577,1525.477499999397,1530.3137242365874,one shared preloaded model
conv-42-qa-125,lexical_only,0.7036242307759284,4.586200004268903,506.46879999840166,511.7586242334465,one shared preloaded model
conv-42-qa-126,lexical_only,0.7036242307759284,4.469100000278559,220.19490000093356,225.36762423198803,one shared preloaded model
conv-42-qa-127,lexical_only,0.7036242307759284,4.0470000021741726,707.8742000012426,712.6248242341927,one shared preloaded model
conv-42-qa-128,lexical_only,0.7036242307759284,4.083100000570994,147.33909999631578,152.1258242276627,one shared preloaded model
conv-42-qa-129,lexical_only,0.7036242307759284,7.516300000133924,147.10349999950267,155.3234242304125,one shared preloaded model
conv-42-qa-130,lexical_only,0.7036242307759284,7.491500000469387,242.11579999973765,250.31092423098295,one shared preloaded model
conv-42-qa-131,lexical_only,0.7036242307759284,4.188400002021808,553.1504999962635,558.0425242290613,one shared preloaded model
conv-42-qa-132,lexical_only,0.7036242307759284,4.342000000178814,207.40700000169454,212.45262423264927,one shared preloaded model
conv-42-qa-133,lexical_only,0.7036242307759284,4.769600003783125,180.78509999759262,186.25832423215167,one shared preloaded model
conv-42-qa-134,lexical_only,0.7036242307759284,7.410800004436169,104.02440000325441,112.13882423846651,one shared preloaded model
conv-42-qa-135,lexical_only,0.7036242307759284,4.286099996534176,207.48620000085793,212.47592422816803,one shared preloaded model
conv-42-qa-136,lexical_only,0.7036242307759284,4.170300002442673,108.09470000094734,112.96862423416594,one shared preloaded model
conv-42-qa-137,lexical_only,0.7036242307759284,7.623800003784709,216.1441999996896,224.4716242342502,one shared preloaded model
conv-42-qa-138,lexical_only,0.7036242307759284,4.0685000058147125,236.5907999992487,241.36292423583933,one shared preloaded model
conv-42-qa-139,lexical_only,0.7036242307759284,4.109499997866806,259.78159999795025,264.594724226593,one shared preloaded model
conv-42-qa-140,lexical_only,0.7036242307759284,4.054399993037805,456.4383999968413,461.19642422065505,one shared preloaded model
conv-42-qa-141,lexical_only,0.7036242307759284,4.022299995995127,217.82379999785917,222.5497242246302,one shared preloaded model
conv-42-qa-142,lexical_only,0.7036242307759284,4.434000002220273,284.1627999951015,289.3004242280977,one shared preloaded model
conv-42-qa-143,lexical_only,0.7036242307759284,4.30410000262782,121.42540000058943,126.43312423399318,one shared preloaded model
conv-42-qa-144,lexical_only,0.7036242307759284,7.387600002402905,168.7863999977708,176.8776242309496,one shared preloaded model
conv-42-qa-145,lexical_only,0.7036242307759284,8.12479999876814,274.06299999711337,282.8914242266574,one shared preloaded model
conv-42-qa-146,lexical_only,0.7036242307759284,4.138800002692733,359.76270000537625,364.6051242388449,one shared preloaded model
conv-42-qa-147,lexical_only,0.7036242307759284,4.528100005700253,186.65619999956107,191.88792423603724,one shared preloaded model
conv-42-qa-148,lexical_only,0.7036242307759284,8.195000002160668,446.24040000053355,455.13902423347014,one shared preloaded model
conv-42-qa-149,lexical_only,0.7036242307759284,4.960899997968227,202.4228000009316,208.08732422967574,one shared preloaded model
conv-42-qa-150,lexical_only,0.7036242307759284,4.167799997958355,233.4331000020029,238.30452423073717,one shared preloaded model
conv-42-qa-151,lexical_only,0.7036242307759284,4.095099997357465,372.9629000008572,377.76162422899057,one shared preloaded model
conv-42-qa-152,lexical_only,0.7036242307759284,4.203799995593727,542.512899999565,547.4203242259347,one shared preloaded model
conv-42-qa-153,lexical_only,0.7036242307759284,4.740999997011386,311.0746999955154,316.5193242233027,one shared preloaded model
conv-42-qa-154,lexical_only,0.7036242307759284,4.4536999994306825,151.27840000059223,156.43572423079883,one shared preloaded model
conv-42-qa-155,lexical_only,0.7036242307759284,7.4906000008923,216.3116000010632,224.5058242327314,one shared preloaded model
conv-42-qa-156,lexical_only,0.7036242307759284,4.523099996731617,155.32900000107475,160.55572422858228,one shared preloaded model
conv-42-qa-157,lexical_only,0.7036242307759284,8.118699995975476,236.60289999679662,245.425224223548,one shared preloaded model
conv-42-qa-158,lexical_only,0.7036242307759284,4.791500003193505,348.0288999999175,353.5240242338869,one shared preloaded model
conv-42-qa-159,lexical_only,0.7036242307759284,5.312100001901854,246.41949999931967,252.43522423199744,one shared preloaded model
conv-42-qa-160,lexical_only,0.7036242307759284,4.355600001872517,222.57279999757884,227.63202423022727,one shared preloaded model
conv-42-qa-161,lexical_only,0.7036242307759284,4.160600001341663,217.3811000029673,222.24532423508487,one shared preloaded model
conv-42-qa-162,lexical_only,0.7036242307759284,4.389200003060978,272.48530000360915,277.57812423744605,one shared preloaded model
conv-42-qa-163,lexical_only,0.7036242307759284,4.334199998993427,184.93930000113323,189.97712423090258,one shared preloaded model
conv-42-qa-164,lexical_only,0.7036242307759284,8.29630000225734,313.9376000035554,322.9375242365887,one shared preloaded model
conv-42-qa-165,lexical_only,0.7036242307759284,4.485700002987869,380.37879999319557,385.56812422695936,one shared preloaded model
conv-42-qa-166,lexical_only,0.7036242307759284,4.711400004453026,809.6187999981339,815.0338242333629,one shared preloaded model
conv-42-qa-167,lexical_only,0.7036242307759284,5.149299999175128,958.8290999963647,964.6820242263158,one shared preloaded model
conv-42-qa-168,lexical_only,0.7036242307759284,4.245399999490473,668.8101999970968,673.7592242273632,one shared preloaded model
conv-42-qa-169,lexical_only,0.7036242307759284,3.942700001061894,1122.0250999976997,1126.6714242295375,one shared preloaded model
conv-42-qa-170,lexical_only,0.7036242307759284,4.092600000149105,1291.8362999989768,1296.6325242299017,one shared preloaded model
conv-42-qa-171,lexical_only,0.7036242307759284,3.897099995811004,347.4650999996811,352.06582422626803,one shared preloaded model
conv-42-qa-172,lexical_only,0.7036242307759284,4.765899997437373,226.18669999792473,231.65622422613802,one shared preloaded model
conv-42-qa-173,lexical_only,0.7036242307759284,4.030800002510659,395.78980000078445,400.524224234071,one shared preloaded model
conv-42-qa-174,lexical_only,0.7036242307759284,4.312700002628844,213.3252999992692,218.34162423267395,one shared preloaded model
conv-42-qa-175,lexical_only,0.7036242307759284,4.146300001593772,93.17120000196155,98.02112423433125,one shared preloaded model
conv-42-qa-176,lexical_only,0.7036242307759284,4.339699997217394,832.5658999965526,837.609224224546,one shared preloaded model
conv-42-qa-177,lexical_only,0.7036242307759284,4.507600002398249,893.1086000011419,898.3198242343161,one shared preloaded model
conv-42-qa-178,lexical_only,0.7036242307759284,4.910700001346413,548.3032999982242,553.9176242303466,one shared preloaded model
conv-42-qa-179,lexical_only,0.7036242307759284,4.472499997064006,224.24470000260044,229.42082423044036,one shared preloaded model
conv-42-qa-180,lexical_only,0.7036242307759284,4.23890000092797,421.17059999873163,426.1131242304355,one shared preloaded model
conv-42-qa-181,lexical_only,0.7036242307759284,4.865399998379871,197.3571000053198,202.9261242344756,one shared preloaded model
conv-42-qa-182,lexical_only,0.7036242307759284,5.21899999876041,212.61999999842374,218.54262422796006,one shared preloaded model
conv-42-qa-183,lexical_only,0.7036242307759284,4.256399995938409,206.7243999990751,211.68442422578943,one shared preloaded model
conv-42-qa-184,lexical_only,0.7036242307759284,4.016899998532608,206.72979999653762,211.45032422584615,one shared preloaded model
conv-42-qa-185,lexical_only,0.7036242307759284,4.407200001878664,211.00419999856967,216.11502423122425,one shared preloaded model
conv-42-qa-186,lexical_only,0.7036242307759284,3.9704000009805895,248.60790000093402,253.28192423269053,one shared preloaded model
conv-42-qa-187,lexical_only,0.7036242307759284,4.535200001555495,229.62489999918034,234.86372423151175,one shared preloaded model
conv-42-qa-188,lexical_only,0.7036242307759284,3.9563000027555972,203.29360000323504,207.95352423676655,one shared preloaded model
conv-42-qa-189,lexical_only,0.7036242307759284,3.7932999985059723,1096.1693999997806,1100.6663242290624,one shared preloaded model
conv-42-qa-190,lexical_only,0.7036242307759284,4.111499998543877,172.55509999813512,177.3702242274549,one shared preloaded model
conv-42-qa-191,lexical_only,0.7036242307759284,4.5303000006242655,854.87870000361,860.1126242350102,one shared preloaded model
conv-42-qa-192,lexical_only,0.7036242307759284,4.489200000534765,222.95450000092387,228.14732423223455,one shared preloaded model
conv-42-qa-193,lexical_only,0.7036242307759284,4.455100002815016,213.46489999996265,218.62362423355358,one shared preloaded model
conv-42-qa-194,lexical_only,0.7036242307759284,4.05960000352934,971.8671000009635,976.6303242352689,one shared preloaded model
conv-42-qa-195,lexical_only,0.7036242307759284,4.431900000781752,189.22459999885177,194.36012423040944,one shared preloaded model
conv-42-qa-196,lexical_only,0.7036242307759284,7.417300002998672,168.4973000010359,176.6182242348105,one shared preloaded model
conv-42-qa-197,lexical_only,0.7036242307759284,7.416799999191426,465.1344000012614,473.2548242312287,one shared preloaded model
conv-42-qa-198,lexical_only,0.7036242307759284,4.871099998126738,404.68890000192914,410.2636242308318,one shared preloaded model
conv-42-qa-199,lexical_only,0.7036242307759284,4.9146999954245985,218.61389999685343,224.23222422305395,one shared preloaded model
conv-42-qa-200,lexical_only,0.7036242307759284,4.097500001080334,185.43599999975413,190.23712423161038,one shared preloaded model
conv-42-qa-201,lexical_only,0.7036242307759284,7.5347000019974075,221.15249999478692,229.39082422756024,one shared preloaded model
conv-42-qa-202,lexical_only,0.7036242307759284,4.015999998955522,215.8938000065973,220.61342423632874,one shared preloaded model
conv-42-qa-203,lexical_only,0.7036242307759284,3.8071000017225742,211.72049999586307,216.23122422836155,one shared preloaded model
conv-42-qa-204,lexical_only,0.7036242307759284,4.269500001100823,228.52989999955753,233.50302423143427,one shared preloaded model
conv-42-qa-205,lexical_only,0.7036242307759284,3.9313999950536527,218.3009000000311,222.93592422586067,one shared preloaded model
conv-42-qa-206,lexical_only,0.7036242307759284,4.162400000495836,115.57080000056885,120.43682423184062,one shared preloaded model
conv-42-qa-207,lexical_only,0.7036242307759284,8.011700003407896,219.0556999994442,227.771024233628,one shared preloaded model
conv-42-qa-208,lexical_only,0.7036242307759284,4.526400000031572,206.83999999891967,212.07002422972715,one shared preloaded model
conv-42-qa-209,lexical_only,0.7036242307759284,3.948800003854558,237.99040000449168,242.64282423912215,one shared preloaded model
conv-42-qa-210,lexical_only,0.7036242307759284,4.73739999870304,225.15330000169342,230.59432423117238,one shared preloaded model
conv-42-qa-211,lexical_only,0.7036242307759284,4.262700000253972,139.05350000277394,144.01982423380383,one shared preloaded model
conv-42-qa-212,lexical_only,0.7036242307759284,7.5317000009818,641.327999997884,649.5633242296418,one shared preloaded model
conv-42-qa-213,lexical_only,0.7036242307759284,4.350899995188229,193.57419999869308,198.62872422465722,one shared preloaded model
conv-42-qa-214,lexical_only,0.7036242307759284,6.978699995670468,210.13699999457458,217.81932422102096,one shared preloaded model
conv-42-qa-215,lexical_only,0.7036242307759284,4.1446999966865405,132.15520000085235,137.0035242283148,one shared preloaded model
conv-42-qa-216,lexical_only,0.7036242307759284,8.024200004001614,218.41869999479968,227.1465242295772,one shared preloaded model
conv-42-qa-217,lexical_only,0.7036242307759284,4.360999999335036,211.29069999733474,216.3553242274457,one shared preloaded model
conv-42-qa-218,lexical_only,0.7036242307759284,3.997799998614937,220.91260000161128,225.61402423100213,one shared preloaded model
conv-42-qa-219,lexical_only,0.7036242307759284,5.75639999442501,207.66240000375547,214.1224242289564,one shared preloaded model
conv-42-qa-220,lexical_only,0.7036242307759284,4.6094999997876585,158.92470000108005,164.23782423164363,one shared preloaded model
conv-42-qa-221,lexical_only,0.7036242307759284,7.493099998100661,220.1703999962774,228.367124225154,one shared preloaded model
conv-42-qa-222,lexical_only,0.7036242307759284,4.475100002309773,216.18970000417903,221.36842423726472,one shared preloaded model
conv-42-qa-223,lexical_only,0.7036242307759284,3.9898000031826086,214.66079999663634,219.35422423059487,one shared preloaded model
conv-42-qa-224,lexical_only,0.7036242307759284,3.9699000044493005,214.47440000338247,219.1479242386077,one shared preloaded model
conv-42-qa-225,lexical_only,0.7036242307759284,4.069700000400189,228.24010000476846,233.01342423594457,one shared preloaded model
conv-42-qa-226,lexical_only,0.7036242307759284,4.392299997562077,198.2369999968796,203.3329242252176,one shared preloaded model
conv-42-qa-227,lexical_only,0.7036242307759284,4.639699996914715,230.47609999775887,235.8194242254495,one shared preloaded model
conv-42-qa-228,lexical_only,0.7036242307759284,4.524800002400298,223.1043000065256,228.3327242397018,one shared preloaded model
conv-42-qa-229,lexical_only,0.7036242307759284,3.995099999883678,206.74680000229273,211.44552423295232,one shared preloaded model
conv-42-qa-230,lexical_only,0.7036242307759284,4.188699997030199,218.2713000001968,223.1636242280029,one shared preloaded model
conv-42-qa-231,lexical_only,0.7036242307759284,4.08880000031786,226.4050000012503,231.19742423234408,one shared preloaded model
conv-42-qa-232,lexical_only,0.7036242307759284,4.305599999497645,221.34220000589266,226.35142423616622,one shared preloaded model
conv-42-qa-233,lexical_only,0.7036242307759284,3.9860000033513643,228.75949999433942,233.4491242284667,one shared preloaded model
conv-42-qa-234,lexical_only,0.7036242307759284,4.528500001470093,213.88479999586707,219.11692422811308,one shared preloaded model
conv-42-qa-235,lexical_only,0.7036242307759284,4.510700004175305,242.39570000645472,247.61002424140594,one shared preloaded model
conv-42-qa-236,lexical_only,0.7036242307759284,4.4679999991785735,228.42729999683797,233.59892422679246,one shared preloaded model
conv-42-qa-237,lexical_only,0.7036242307759284,3.860299999359995,225.28139999485575,229.84532422499166,one shared preloaded model
conv-42-qa-238,lexical_only,0.7036242307759284,4.8457999946549535,213.2634000008693,218.81282422630017,one shared preloaded model
conv-42-qa-239,lexical_only,0.7036242307759284,4.859000000578817,682.5576999981422,688.120324229497,one shared preloaded model
conv-42-qa-240,lexical_only,0.7036242307759284,4.210400002193637,1527.8619000018807,1532.7759242348502,one shared preloaded model
conv-42-qa-241,lexical_only,0.7036242307759284,4.874300000665244,230.80360000312794,236.3815242345691,one shared preloaded model
conv-42-qa-242,lexical_only,0.7036242307759284,4.055200006405357,227.5355999954627,232.29442423264396,one shared preloaded model
conv-42-qa-243,lexical_only,0.7036242307759284,3.964700001233723,217.81650000048103,222.48482423249067,one shared preloaded model
conv-42-qa-244,lexical_only,0.7036242307759284,4.215699998894706,165.30230000353185,170.22162423320248,one shared preloaded model
conv-42-qa-245,lexical_only,0.7036242307759284,4.780100003699772,212.56360000552377,218.04732423999945,one shared preloaded model
conv-42-qa-246,lexical_only,0.7036242307759284,4.1115999993053265,228.4399999989546,233.25522422903583,one shared preloaded model
conv-42-qa-247,lexical_only,0.7036242307759284,4.233899999235291,338.63340000243625,343.57092423244745,one shared preloaded model
conv-42-qa-248,lexical_only,0.7036242307759284,4.583500005537644,181.89840000559343,187.185524241907,one shared preloaded model
conv-42-qa-249,lexical_only,0.7036242307759284,8.111299997835886,211.94439999817405,220.75932422678585,one shared preloaded model
conv-42-qa-250,lexical_only,0.7036242307759284,4.126100000576116,218.07080000144197,222.900524232794,one shared preloaded model
conv-42-qa-251,lexical_only,0.7036242307759284,4.550099998596124,139.64970000233734,144.90342423170938,one shared preloaded model
conv-42-qa-252,lexical_only,0.7036242307759284,8.198899995477404,210.25019999797223,219.15272422422555,one shared preloaded model
conv-42-qa-253,lexical_only,0.7036242307759284,4.066500005137641,176.40509999910137,181.17522423501492,one shared preloaded model
conv-42-qa-254,lexical_only,0.7036242307759284,7.563699997263029,319.7301999971387,327.99752422517764,one shared preloaded model
conv-42-qa-255,lexical_only,0.7036242307759284,4.682600003434345,238.00769999797922,243.39392423218948,one shared preloaded model
conv-42-qa-256,lexical_only,0.7036242307759284,4.1072999956668355,208.7485000010929,213.55942422753566,one shared preloaded model
conv-42-qa-257,lexical_only,0.7036242307759284,4.421199999342207,296.27150000305846,301.3963242331766,one shared preloaded model
conv-42-qa-258,lexical_only,0.7036242307759284,4.601699998602271,173.38320000271779,178.68852423209597,one shared preloaded model
conv-42-qa-259,lexical_only,0.7036242307759284,7.528000001912005,230.54140000022016,238.77302423290809,one shared preloaded model
conv-43-qa-0,lexical_only,0.9207450413127807,7.67949999863049,1144.2404999979772,1152.8407450379204,one shared preloaded model
conv-43-qa-1,lexical_only,0.9207450413127807,4.6165999956429005,210.87809999880847,216.41544503576415,one shared preloaded model
conv-43-qa-2,lexical_only,0.9207450413127807,4.1559000019333325,197.3712000035448,202.44784504679092,one shared preloaded model
conv-43-qa-3,lexical_only,0.9207450413127807,5.155300001206342,232.62299999623792,238.69904503875705,one shared preloaded model
conv-43-qa-4,lexical_only,0.9207450413127807,5.18749999901047,272.58270000311313,278.6909450434364,one shared preloaded model
conv-43-qa-5,lexical_only,0.9207450413127807,5.028899999160785,232.18179999821587,238.13144503868944,one shared preloaded model
conv-43-qa-6,lexical_only,0.9207450413127807,4.463600002054591,127.68700000015087,133.07134504351825,one shared preloaded model
conv-43-qa-7,lexical_only,0.9207450413127807,7.391899998765439,155.20689999539172,163.51954503546995,one shared preloaded model
conv-43-qa-8,lexical_only,0.9207450413127807,7.5054999979329295,435.8674999966752,444.2937450359209,one shared preloaded model
conv-43-qa-9,lexical_only,0.9207450413127807,4.311900003813207,860.264199996891,865.496845042017,one shared preloaded model
conv-43-qa-10,lexical_only,0.9207450413127807,4.705799998191651,522.4463999984437,528.0729450379481,one shared preloaded model
conv-43-qa-11,lexical_only,0.9207450413127807,4.244699994160328,229.70509999868227,234.87054503415538,one shared preloaded model
conv-43-qa-12,lexical_only,0.9207450413127807,4.1614000001573,104.58409999409923,109.66624503556932,one shared preloaded model
conv-43-qa-13,lexical_only,0.9207450413127807,7.49319999886211,932.853400001477,941.2673450416519,one shared preloaded model
conv-43-qa-14,lexical_only,0.9207450413127807,4.150699998717755,214.21530000225175,219.2867450422823,one shared preloaded model
conv-43-qa-15,lexical_only,0.9207450413127807,4.208099999232218,209.5132999966154,214.6421450371604,one shared preloaded model
conv-43-qa-16,lexical_only,0.9207450413127807,4.1915999972843565,127.86210000194842,132.97444504054556,one shared preloaded model
conv-43-qa-17,lexical_only,0.9207450413127807,7.154900005843956,121.00369999825489,129.07934504541163,one shared preloaded model
conv-43-qa-18,lexical_only,0.9207450413127807,7.552299997769296,216.40369999659015,224.87674503567223,one shared preloaded model
conv-43-qa-19,lexical_only,0.9207450413127807,4.716999996162485,231.1115999982576,236.74934503573286,one shared preloaded model
conv-43-qa-20,lexical_only,0.9207450413127807,4.145799997786526,206.28150000266032,211.34804504175963,one shared preloaded model
conv-43-qa-21,lexical_only,0.9207450413127807,4.05029999819817,201.12959999823943,206.10064503775038,one shared preloaded model
conv-43-qa-22,lexical_only,0.9207450413127807,4.312400000344496,519.2777999982354,524.5109450398927,one shared preloaded model
conv-43-qa-23,lexical_only,0.9207450413127807,4.678799996327143,150.33970000513364,155.93924504277356,one shared preloaded model
conv-43-qa-24,lexical_only,0.9207450413127807,7.47360000241315,212.44329999899492,220.83764504272085,one shared preloaded model
conv-43-qa-25,lexical_only,0.9207450413127807,3.962599999795202,188.3005999989109,193.1839450400189,one shared preloaded model
conv-43-qa-26,lexical_only,0.9207450413127807,7.662900003197137,240.3894000017317,248.97304504624162,one shared preloaded model
conv-43-qa-27,lexical_only,0.9207450413127807,4.167099999904167,273.18510000623064,278.2729450474476,one shared preloaded model
conv-43-qa-28,lexical_only,0.9207450413127807,4.5622999969054945,184.60200000117766,190.08504503939594,one shared preloaded model
conv-43-qa-29,lexical_only,0.9207450413127807,5.049600003985688,228.55030000209808,234.52064504739656,one shared preloaded model
conv-43-qa-30,lexical_only,0.9207450413127807,4.375500000605825,203.7525999985519,209.0488450404705,one shared preloaded model
conv-43-qa-31,lexical_only,0.9207450413127807,3.9938999980222434,98.83719999925233,103.75184503858736,one shared preloaded model
conv-43-qa-32,lexical_only,0.9207450413127807,8.04239999706624,233.68759999721078,242.6507450355898,one shared preloaded model
conv-43-qa-33,lexical_only,0.9207450413127807,4.139500000746921,169.85610000119777,174.91634504325748,one shared preloaded model
conv-43-qa-34,lexical_only,0.9207450413127807,6.43119999585906,237.3204000032274,244.67234504039925,one shared preloaded model
conv-43-qa-35,lexical_only,0.9207450413127807,4.268400000000838,179.14839999866672,184.33754503998034,one shared preloaded model
conv-43-qa-36,lexical_only,0.9207450413127807,7.491399999707937,238.44419999659294,246.85634503761366,one shared preloaded model
conv-43-qa-37,lexical_only,0.9207450413127807,4.080099999555387,345.2504999950179,350.25134503588606,one shared preloaded model
conv-43-qa-38,lexical_only,0.9207450413127807,4.368599998997524,119.51229999976931,124.80164504007962,one shared preloaded model
conv-43-qa-39,lexical_only,0.9207450413127807,6.63429999985965,217.2904999970342,224.84554503820664,one shared preloaded model
conv-43-qa-40,lexical_only,0.9207450413127807,4.779399998369627,226.3810000004014,232.0811450400838,one shared preloaded model
conv-43-qa-41,lexical_only,0.9207450413127807,4.448599996976554,121.00069999723928,126.37004503552862,one shared preloaded model
conv-43-qa-42,lexical_only,0.9207450413127807,7.457300001988187,362.2438000020338,370.6218450453348,one shared preloaded model
conv-43-qa-43,lexical_only,0.9207450413127807,4.355100005341228,421.2593999982346,426.5352450448886,one shared preloaded model
conv-43-qa-44,lexical_only,0.9207450413127807,4.432100002304651,351.4950999961002,356.8479450397176,one shared preloaded model
conv-43-qa-45,lexical_only,0.9207450413127807,4.512500003329478,201.9337000019732,207.36694504661546,one shared preloaded model
conv-43-qa-46,lexical_only,0.9207450413127807,4.066599998623133,326.36830000410555,331.35564504404147,one shared preloaded model
conv-43-qa-47,lexical_only,0.9207450413127807,4.47590000112541,478.2331999958842,483.6298450383224,one shared preloaded model
conv-43-qa-48,lexical_only,0.9207450413127807,4.194499997538514,546.1110000032932,551.2262450421445,one shared preloaded model
conv-43-qa-49,lexical_only,0.9207450413127807,4.42299999849638,125.03970000398112,130.3834450437903,one shared preloaded model
conv-43-qa-50,lexical_only,0.9207450413127807,7.579700002679601,245.17529999866383,253.67574504265622,one shared preloaded model
conv-43-qa-51,lexical_only,0.9207450413127807,4.1621999989729375,207.12579999963054,212.20874503991627,one shared preloaded model
conv-43-qa-52,lexical_only,0.9207450413127807,4.4214000008651055,172.7069999978994,178.0491450400773,one shared preloaded model
conv-43-qa-53,lexical_only,0.9207450413127807,4.712399997515604,177.48949999804609,183.12264503687447,one shared preloaded model
conv-43-qa-54,lexical_only,0.9207450413127807,7.608699997945223,498.0208000051789,506.5502450444369,one shared preloaded model
conv-43-qa-55,lexical_only,0.9207450413127807,4.327900001953822,232.06589999608696,237.31454503935356,one shared preloaded model
conv-43-qa-56,lexical_only,0.9207450413127807,4.043599998112768,477.29039999831,482.2547450377356,one shared preloaded model
conv-43-qa-57,lexical_only,0.9207450413127807,4.407099993841257,157.5682999973651,162.89614503251914,one shared preloaded model
conv-43-qa-58,lexical_only,0.9207450413127807,7.622500001161825,506.8083000005572,515.3515450430318,one shared preloaded model
conv-43-qa-59,lexical_only,0.9207450413127807,4.223699994327035,710.5440000013914,715.6884450370312,one shared preloaded model
conv-43-qa-60,lexical_only,0.9207450413127807,4.041300002427306,518.4968999965349,523.458945040275,one shared preloaded model
conv-43-qa-61,lexical_only,0.9207450413127807,4.823399998713285,229.97749999922235,235.72164503924841,one shared preloaded model
conv-43-qa-62,lexical_only,0.9207450413127807,4.167899998719804,226.5625,231.6511450400326,one shared preloaded model
conv-43-qa-63,lexical_only,0.9207450413127807,3.9868000021670014,496.33190000167815,501.23944504515794,one shared preloaded model
conv-43-qa-64,lexical_only,0.9207450413127807,4.361399995104875,112.65950000233715,117.94164503875481,one shared preloaded model
conv-43-qa-65,lexical_only,0.9207450413127807,6.091900002502371,231.32099999929778,238.33364504311294,one shared preloaded model
conv-43-qa-66,lexical_only,0.9207450413127807,4.076800003531389,217.15899999981048,222.15654504465465,one shared preloaded model
conv-43-qa-67,lexical_only,0.9207450413127807,4.5523000007960945,182.95930000022054,188.43234504232942,one shared preloaded model
conv-43-qa-68,lexical_only,0.9207450413127807,7.439000000886153,481.4868999965256,489.84664503872455,one shared preloaded model
conv-43-qa-69,lexical_only,0.9207450413127807,4.813200001080986,483.4164999992936,489.15044504168736,one shared preloaded model
conv-43-qa-70,lexical_only,0.9207450413127807,4.410200002894271,213.04119999695104,218.3721450411581,one shared preloaded model
conv-43-qa-71,lexical_only,0.9207450413127807,4.0899000014178455,189.36860000394518,194.3792450466758,one shared preloaded model
conv-43-qa-72,lexical_only,0.9207450413127807,7.544899999629706,225.31120000348892,233.7768450444314,one shared preloaded model
conv-43-qa-73,lexical_only,0.9207450413127807,4.27260000287788,508.0854999978328,513.2788450420235,one shared preloaded model
conv-43-qa-74,lexical_only,0.9207450413127807,4.4066000045859255,121.11029999505263,126.43764504095134,one shared preloaded model
conv-43-qa-75,lexical_only,0.9207450413127807,7.5197999976808205,203.05869999720016,211.49924503619377,one shared preloaded model
conv-43-qa-76,lexical_only,0.9207450413127807,4.866899995249696,412.9936999961501,418.7813450327126,one shared preloaded model
conv-43-qa-77,lexical_only,0.9207450413127807,4.15410000277916,168.97850000532344,174.05334504941538,one shared preloaded model
conv-43-qa-78,lexical_only,0.9207450413127807,7.515000004786998,812.2193000017432,820.655045047843,one shared preloaded model
conv-43-qa-79,lexical_only,0.9207450413127807,4.898699997283984,177.67260000255192,183.49204504114869,one shared preloaded model
conv-43-qa-80,lexical_only,0.9207450413127807,7.462199995643459,132.0259000058286,140.40884504278483,one shared preloaded model
conv-43-qa-81,lexical_only,0.9207450413127807,3.878199997416232,123.02510000154143,127.82404504027045,one shared preloaded model
conv-43-qa-82,lexical_only,0.9207450413127807,7.4434999987715855,677.6227000009385,685.9869450410229,one shared preloaded model
conv-43-qa-83,lexical_only,0.9207450413127807,5.531499999051448,190.18399999913527,196.6362450394995,one shared preloaded model
conv-43-qa-84,lexical_only,0.9207450413127807,7.4980999997933395,380.942399999185,389.3612450402911,one shared preloaded model
conv-43-qa-85,lexical_only,0.9207450413127807,4.084799998963717,223.2028999933391,228.2084450336156,one shared preloaded model
conv-43-qa-86,lexical_only,0.9207450413127807,4.127899999730289,193.79330000083428,198.84194504187735,one shared preloaded model
conv-43-qa-87,lexical_only,0.9207450413127807,6.87130000005709,486.42929999914486,494.22134504051473,one shared preloaded model
conv-43-qa-88,lexical_only,0.9207450413127807,4.422500001965091,1613.642800002708,1618.986045045986,one shared preloaded model
conv-43-qa-89,lexical_only,0.9207450413127807,4.584200003591832,222.39339999941876,227.89834504432338,one shared preloaded model
conv-43-qa-90,lexical_only,0.9207450413127807,4.057500002090819,221.20640000503045,226.18464504843405,one shared preloaded model
conv-43-qa-91,lexical_only,0.9207450413127807,4.2678999961935915,375.73530000372557,380.92394504123195,one shared preloaded model
conv-43-qa-92,lexical_only,0.9207450413127807,4.4283000024734065,234.69209999893792,240.0411450427241,one shared preloaded model
conv-43-qa-93,lexical_only,0.9207450413127807,4.561899993859697,478.6896999939927,484.1723450291652,one shared preloaded model
conv-43-qa-94,lexical_only,0.9207450413127807,4.499200003920123,421.29469999781577,426.7146450430487,one shared preloaded model
conv-43-qa-95,lexical_only,0.9207450413127807,4.235799999150913,227.51599999901373,232.67254503947743,one shared preloaded model
conv-43-qa-96,lexical_only,0.9207450413127807,4.455299997061957,321.19620000594296,326.5722450443177,one shared preloaded model
conv-43-qa-97,lexical_only,0.9207450413127807,4.629999995813705,312.946700003522,318.4974450406485,one shared preloaded model
conv-43-qa-98,lexical_only,0.9207450413127807,4.6790000051259995,221.3897999972687,226.9895450437075,one shared preloaded model
conv-43-qa-99,lexical_only,0.9207450413127807,4.115399999136571,641.1024000044563,646.1385450449056,one shared preloaded model
conv-43-qa-100,lexical_only,0.9207450413127807,4.193900000245776,203.31959999748506,208.43424503904362,one shared preloaded model
conv-43-qa-101,lexical_only,0.9207450413127807,4.519899994193111,844.5360999976401,849.976745033146,one shared preloaded model
conv-43-qa-102,lexical_only,0.9207450413127807,4.5409000013023615,585.8406999977888,591.3023450404039,one shared preloaded model
conv-43-qa-103,lexical_only,0.9207450413127807,4.254899999068584,195.08610000048066,200.26174504086202,one shared preloaded model
conv-43-qa-104,lexical_only,0.9207450413127807,6.233400003111456,177.4294999995618,184.58364504398605,one shared preloaded model
conv-43-qa-105,lexical_only,0.9207450413127807,7.613499998115003,227.52399999444606,236.05824503387385,one shared preloaded model
conv-43-qa-106,lexical_only,0.9207450413127807,5.106299999170005,161.45469999901252,167.4817450394953,one shared preloaded model
conv-43-qa-107,lexical_only,0.9207450413127807,7.495599995309021,230.50350000266917,238.91984503929098,one shared preloaded model
conv-43-qa-108,lexical_only,0.9207450413127807,3.9996999985305592,202.48899999569403,207.40944503553737,one shared preloaded model
conv-43-qa-109,lexical_only,0.9207450413127807,3.8636000026599504,1092.2948999941582,1097.079245038131,one shared preloaded model
conv-43-qa-110,lexical_only,0.9207450413127807,4.391599999507889,777.0125000024564,782.324845043277,one shared preloaded model
conv-43-qa-111,lexical_only,0.9207450413127807,4.426800005603582,138.3752999972785,143.72284504419486,one shared preloaded model
conv-43-qa-112,lexical_only,0.9207450413127807,7.964500000525732,210.68920000107028,219.5744450429088,one shared preloaded model
conv-43-qa-113,lexical_only,0.9207450413127807,4.3671000021276996,237.0325999945635,242.32044503800398,one shared preloaded model
conv-43-qa-114,lexical_only,0.9207450413127807,4.9663999961921945,208.11059999687131,213.9977450343763,one shared preloaded model
conv-43-qa-115,lexical_only,0.9207450413127807,4.301000000850763,683.0812000043807,688.3029450465442,one shared preloaded model
conv-43-qa-116,lexical_only,0.9207450413127807,4.535700005362742,324.5304000010947,329.9868450477702,one shared preloaded model
conv-43-qa-117,lexical_only,0.9207450413127807,4.554200000711717,136.7032999987714,142.1782450407959,one shared preloaded model
conv-43-qa-118,lexical_only,0.9207450413127807,7.649899998796172,684.9127000023145,693.4833450424235,one shared preloaded model
conv-43-qa-119,lexical_only,0.9207450413127807,4.842100002861116,220.2711999998428,226.0340450440167,one shared preloaded model
conv-43-qa-120,lexical_only,0.9207450413127807,4.345600005763117,153.79609999945387,159.06244504652977,one shared preloaded model
conv-43-qa-121,lexical_only,0.9207450413127807,7.6980999947409146,400.03759999672184,408.65644503277554,one shared preloaded model
conv-43-qa-122,lexical_only,0.9207450413127807,4.291400000511203,292.4249999996391,297.6371450414631,one shared preloaded model
conv-43-qa-123,lexical_only,0.9207450413127807,4.2061999993165955,171.2584999986575,176.38544503928688,one shared preloaded model
conv-43-qa-124,lexical_only,0.9207450413127807,5.961800001387019,215.34339999925578,222.22594504195558,one shared preloaded model
conv-43-qa-125,lexical_only,0.9207450413127807,4.168900006334297,438.8623999984702,443.9520450461173,one shared preloaded model
conv-43-qa-126,lexical_only,0.9207450413127807,4.689300003519747,688.2209999967017,693.8310450415343,one shared preloaded model
conv-43-qa-127,lexical_only,0.9207450413127807,4.261800000676885,207.159400000819,212.34194504280867,one shared preloaded model
conv-43-qa-128,lexical_only,0.9207450413127807,4.156399998464622,288.3935999998357,293.4707450396131,one shared preloaded model
conv-43-qa-129,lexical_only,0.9207450413127807,4.321599997638259,478.3118999985163,483.55424503746735,one shared preloaded model
conv-43-qa-130,lexical_only,0.9207450413127807,4.504200005612802,238.34699999861186,243.77194504553745,one shared preloaded model
conv-43-qa-131,lexical_only,0.9207450413127807,4.416399999172427,221.7118999978993,227.04904503838452,one shared preloaded model
conv-43-qa-132,lexical_only,0.9207450413127807,4.033500001241919,329.17530000122497,334.1295450437797,one shared preloaded model
conv-43-qa-133,lexical_only,0.9207450413127807,4.561900001135655,626.5950000015437,632.0776450439921,one shared preloaded model
conv-43-qa-134,lexical_only,0.9207450413127807,4.6674999975948595,127.32649999816203,132.91474503706968,one shared preloaded model
conv-43-qa-135,lexical_only,0.9207450413127807,4.662699997425079,409.08630000194535,414.6697450406832,one shared preloaded model
conv-43-qa-136,lexical_only,0.9207450413127807,4.563499998766929,422.3584000064875,427.8426450465672,one shared preloaded model
conv-43-qa-137,lexical_only,0.9207450413127807,4.5148999997763894,208.48259999911534,213.9182450402045,one shared preloaded model
conv-43-qa-138,lexical_only,0.9207450413127807,4.090800000994932,1306.9212999980664,1311.932845040374,one shared preloaded model
conv-43-qa-139,lexical_only,0.9207450413127807,4.3488000010256656,417.15079999994487,422.4203450422833,one shared preloaded model
conv-43-qa-140,lexical_only,0.9207450413127807,4.936199999065138,207.7967999939574,213.65374503433532,one shared preloaded model
conv-43-qa-141,lexical_only,0.9207450413127807,4.185700003290549,195.7540000003064,200.86044504490974,one shared preloaded model
conv-43-qa-142,lexical_only,0.9207450413127807,6.095699995057657,344.7585999965668,351.7750450329372,one shared preloaded model
conv-43-qa-143,lexical_only,0.9207450413127807,4.510099999606609,134.4078999973135,139.8387450382329,one shared preloaded model
conv-43-qa-144,lexical_only,0.9207450413127807,7.482200002414174,121.3588999962667,129.76184503999366,one shared preloaded model
conv-43-qa-145,lexical_only,0.9207450413127807,8.12930000392953,250.7952000014484,259.8452450466907,one shared preloaded model
conv-43-qa-146,lexical_only,0.9207450413127807,4.367499997897539,190.3768000047421,195.66504504395243,one shared preloaded model
conv-43-qa-147,lexical_only,0.9207450413127807,7.597600000735838,145.06830000027549,153.5866450423241,one shared preloaded model
conv-43-qa-148,lexical_only,0.9207450413127807,8.02020000264747,471.870499997749,480.81144504170925,one shared preloaded model
conv-43-qa-149,lexical_only,0.9207450413127807,4.68669999827398,196.50130000081845,202.1087450404052,one shared preloaded model
conv-43-qa-150,lexical_only,0.9207450413127807,5.831700000271667,235.26419999689097,242.01664503847542,one shared preloaded model
conv-43-qa-151,lexical_only,0.9207450413127807,4.59670000418555,225.7125000032829,231.22994504878125,one shared preloaded model
conv-43-qa-152,lexical_only,0.9207450413127807,4.29219999932684,281.8976999988081,287.1106450394477,one shared preloaded model
conv-43-qa-153,lexical_only,0.9207450413127807,5.052400003478397,214.74719999969238,220.72034504448357,one shared preloaded model
conv-43-qa-154,lexical_only,0.9207450413127807,4.246999997121748,234.01770000054967,239.1854450389842,one shared preloaded model
conv-43-qa-155,lexical_only,0.9207450413127807,4.074500000569969,579.1602000026614,584.1554450445442,one shared preloaded model
conv-43-qa-156,lexical_only,0.9207450413127807,4.42740000289632,220.13929999957327,225.48744504378237,one shared preloaded model
conv-43-qa-157,lexical_only,0.9207450413127807,4.271799996786285,241.93930000183173,247.1318450399308,one shared preloaded model
conv-43-qa-158,lexical_only,0.9207450413127807,4.7227000031853095,618.7743000045884,624.4177450490865,one shared preloaded model
conv-43-qa-159,lexical_only,0.9207450413127807,4.351799994765315,156.59840000444092,161.87094504051902,one shared preloaded model
conv-43-qa-160,lexical_only,0.9207450413127807,6.870500001241453,219.03529999690363,226.82654503945787,one shared preloaded model
conv-43-qa-161,lexical_only,0.9207450413127807,4.140899996855296,271.7828000022564,276.8444450404245,one shared preloaded model
conv-43-qa-162,lexical_only,0.9207450413127807,4.120099998544902,226.70649999781745,231.74734503767513,one shared preloaded model
conv-43-qa-163,lexical_only,0.9207450413127807,4.302200002712198,122.92919999890728,128.15214504293226,one shared preloaded model
conv-43-qa-164,lexical_only,0.9207450413127807,5.739400003221817,120.13419999857433,126.79434504310893,one shared preloaded model
conv-43-qa-165,lexical_only,0.9207450413127807,5.418999993707985,966.2324000018998,972.5721450369206,one shared preloaded model
conv-43-qa-166,lexical_only,0.9207450413127807,4.081699997186661,204.55230000516167,209.55474504366111,one shared preloaded model
conv-43-qa-167,lexical_only,0.9207450413127807,4.088300003786571,172.62630000186618,177.63534504696554,one shared preloaded model
conv-43-qa-168,lexical_only,0.9207450413127807,7.528599999204744,812.7449000021443,821.1942450426618,one shared preloaded model
conv-43-qa-169,lexical_only,0.9207450413127807,4.865100003371481,320.95220000337576,326.73804504806003,one shared preloaded model
conv-43-qa-170,lexical_only,0.9207450413127807,4.602300003170967,269.4591000035871,274.98214504807083,one shared preloaded model
conv-43-qa-171,lexical_only,0.9207450413127807,4.134499999054242,165.50939999433467,170.5646450347017,one shared preloaded model
conv-43-qa-172,lexical_only,0.9207450413127807,7.396900000458118,138.788399999612,147.1060450413829,one shared preloaded model
conv-43-qa-173,lexical_only,0.9207450413127807,7.586800005810801,149.72429999761516,158.23184504473875,one shared preloaded model
conv-43-qa-174,lexical_only,0.9207450413127807,7.617499999469146,212.32400000008056,220.8622450408625,one shared preloaded model
conv-43-qa-175,lexical_only,0.9207450413127807,3.9888999963295646,196.67150000168476,201.5811450393271,one shared preloaded model
conv-43-qa-176,lexical_only,0.9207450413127807,5.592599998635706,950.5047999991802,957.0181450391287,one shared preloaded model
conv-43-qa-177,lexical_only,0.9207450413127807,4.56809999741381,207.38130000245292,212.8701450411795,one shared preloaded model
conv-43-qa-178,lexical_only,0.9207450413127807,4.640700004529208,121.46029999712482,127.02174504296681,one shared preloaded model
conv-43-qa-179,lexical_only,0.9207450413127807,6.851799997093622,219.37500000058208,227.14754503898848,one shared preloaded model
conv-43-qa-180,lexical_only,0.9207450413127807,4.302900000766385,226.11509999842383,231.338745040503,one shared preloaded model
conv-43-qa-181,lexical_only,0.9207450413127807,3.9037000024109147,216.33920000022044,221.16364504394414,one shared preloaded model
conv-43-qa-182,lexical_only,0.9207450413127807,4.111899994313717,173.3961999998428,178.4288450354693,one shared preloaded model
conv-43-qa-183,lexical_only,0.9207450413127807,6.015099999785889,337.9246999975294,344.86054503862806,one shared preloaded model
conv-43-qa-184,lexical_only,0.9207450413127807,4.830000005313195,458.05770000151824,463.8084450481442,one shared preloaded model
conv-43-qa-185,lexical_only,0.9207450413127807,4.386000000522472,216.26870000181952,221.57544504365478,one shared preloaded model
conv-43-qa-186,lexical_only,0.9207450413127807,4.207300000416581,174.3387000024086,179.46674504413795,one shared preloaded model
conv-43-qa-187,lexical_only,0.9207450413127807,7.45650000317255,218.68669999821577,227.0639450427011,one shared preloaded model
conv-43-qa-188,lexical_only,0.9207450413127807,4.068100002768915,235.7202999992296,240.7091450433113,one shared preloaded model
conv-43-qa-189,lexical_only,0.9207450413127807,4.125700004806276,206.0916999980691,211.13814504418815,one shared preloaded model
conv-43-qa-190,lexical_only,0.9207450413127807,4.111199996259529,231.7719999991823,236.8039450367546,one shared preloaded model
conv-43-qa-191,lexical_only,0.9207450413127807,4.6645999973407015,233.6451000010129,239.2304450396664,one shared preloaded model
conv-43-qa-192,lexical_only,0.9207450413127807,4.23179999779677,527.6516000012634,532.804145040373,one shared preloaded model
conv-43-qa-193,lexical_only,0.9207450413127807,4.273300000932068,218.87739999510814,224.071445037353,one shared preloaded model
conv-43-qa-194,lexical_only,0.9207450413127807,4.108699999051169,463.6282999999821,468.6577450403461,one shared preloaded model
conv-43-qa-195,lexical_only,0.9207450413127807,4.816400003619492,228.11669999646256,233.85384504139483,one shared preloaded model
conv-43-qa-196,lexical_only,0.9207450413127807,4.224599993904121,227.63770000165096,232.78304503686786,one shared preloaded model
conv-43-qa-197,lexical_only,0.9207450413127807,3.9974000028450973,196.62399999651825,201.54214504067613,one shared preloaded model
conv-43-qa-198,lexical_only,0.9207450413127807,5.480899999383837,235.55869999836432,241.96034503906094,one shared preloaded model
conv-43-qa-199,lexical_only,0.9207450413127807,4.736800001410302,204.69929999671876,210.35684503944185,one shared preloaded model
conv-43-qa-200,lexical_only,0.9207450413127807,4.001900000730529,218.41370000038296,223.33634504242627,one shared preloaded model
conv-43-qa-201,lexical_only,0.9207450413127807,3.991000005044043,209.8243000000366,214.73604504639343,one shared preloaded model
conv-43-qa-202,lexical_only,0.9207450413127807,4.154800000833347,209.7211000000243,214.79664504217044,one shared preloaded model
conv-43-qa-203,lexical_only,0.9207450413127807,4.065799999807496,220.06020000117132,225.0467450422916,one shared preloaded model
conv-43-qa-204,lexical_only,0.9207450413127807,4.188999999314547,216.06169999722624,221.17144503785357,one shared preloaded model
conv-43-qa-205,lexical_only,0.9207450413127807,4.135499999392778,216.3211000006413,221.37734504134687,one shared preloaded model
conv-43-qa-206,lexical_only,0.9207450413127807,4.392599999846425,211.82229999976698,217.1356450409262,one shared preloaded model
conv-43-qa-207,lexical_only,0.9207450413127807,4.0242000031867065,709.1997000025003,714.1446450469998,one shared preloaded model
conv-43-qa-208,lexical_only,0.9207450413127807,4.672999995818827,222.75740000623045,228.35114504336207,one shared preloaded model
conv-43-qa-209,lexical_only,0.9207450413127807,3.9896999951452017,409.10230000008596,414.01274503654395,one shared preloaded model
conv-43-qa-210,lexical_only,0.9207450413127807,4.303200003050733,330.2436000012676,335.46754504563114,one shared preloaded model
conv-43-qa-211,lexical_only,0.9207450413127807,4.4137000004411675,206.88589999917895,212.2203450409329,one shared preloaded model
conv-43-qa-212,lexical_only,0.9207450413127807,4.0349999981117435,120.04209999577142,124.99784503519595,one shared preloaded model
conv-43-qa-213,lexical_only,0.9207450413127807,6.79100000706967,688.667099995655,696.3788450440375,one shared preloaded model
conv-43-qa-214,lexical_only,0.9207450413127807,4.886199996690266,202.52869999967515,208.3356450376782,one shared preloaded model
conv-43-qa-215,lexical_only,0.9207450413127807,3.864900005282834,817.4740000031306,822.2596450497263,one shared preloaded model
conv-43-qa-216,lexical_only,0.9207450413127807,4.2564999966998585,223.52220000175294,228.69944503976558,one shared preloaded model
conv-43-qa-217,lexical_only,0.9207450413127807,4.43519999680575,222.4932000026456,227.84914504076414,one shared preloaded model
conv-43-qa-218,lexical_only,0.9207450413127807,4.362899999250658,230.3922999999486,235.67594504051203,one shared preloaded model
conv-43-qa-219,lexical_only,0.9207450413127807,4.041699998197146,229.30110000015702,234.26354503966695,one shared preloaded model
conv-43-qa-220,lexical_only,0.9207450413127807,4.434599999513011,220.79439999652095,226.14974503734675,one shared preloaded model
conv-43-qa-221,lexical_only,0.9207450413127807,4.5003999985056,208.4430999966571,213.8642450364755,one shared preloaded model
conv-43-qa-222,lexical_only,0.9207450413127807,4.379500001959968,234.79829999996582,240.09854504323857,one shared preloaded model
conv-43-qa-223,lexical_only,0.9207450413127807,4.399800003739074,171.86679999576882,177.18734504082067,one shared preloaded model
conv-43-qa-224,lexical_only,0.9207450413127807,7.622500001161825,153.7862999975914,162.32954504006602,one shared preloaded model
conv-43-qa-225,lexical_only,0.9207450413127807,8.109399997920264,128.02860000374494,137.058745042978,one shared preloaded model
conv-43-qa-226,lexical_only,0.9207450413127807,7.5077000001329,216.29140000004554,224.71984504149123,one shared preloaded model
conv-43-qa-227,lexical_only,0.9207450413127807,4.287300005671568,127.64220000099158,132.85024504797593,one shared preloaded model
conv-43-qa-228,lexical_only,0.9207450413127807,8.184499994968064,215.48170000460232,224.58694504088317,one shared preloaded model
conv-43-qa-229,lexical_only,0.9207450413127807,4.365300002973527,226.45960000227205,231.74564504655837,one shared preloaded model
conv-43-qa-230,lexical_only,0.9207450413127807,4.482100004679523,231.76260000036564,237.16544504635795,one shared preloaded model
conv-43-qa-231,lexical_only,0.9207450413127807,4.095199998118915,221.45289999753004,226.46884503696174,one shared preloaded model
conv-43-qa-232,lexical_only,0.9207450413127807,3.973999999288935,234.52329999417998,239.4180450347817,one shared preloaded model
conv-43-qa-233,lexical_only,0.9207450413127807,4.452400004083756,244.9828999961028,250.35604504149933,one shared preloaded model
conv-43-qa-234,lexical_only,0.9207450413127807,3.929700003936887,110.86129999603145,115.71174504128112,one shared preloaded model
conv-43-qa-235,lexical_only,0.9207450413127807,7.995600004505832,227.1275999955833,236.0439450414019,one shared preloaded model
conv-43-qa-236,lexical_only,0.9207450413127807,4.061299994646106,539.9922000069637,544.9742450429226,one shared preloaded model
conv-43-qa-237,lexical_only,0.9207450413127807,4.777699999976903,304.7711999970488,310.4696450383385,one shared preloaded model
conv-43-qa-238,lexical_only,0.9207450413127807,5.110400001285598,230.39760000392562,236.428745046524,one shared preloaded model
conv-43-qa-239,lexical_only,0.9207450413127807,4.051999996590894,151.7348999987007,156.7076450366044,one shared preloaded model
conv-43-qa-240,lexical_only,0.9207450413127807,7.534500000474509,236.0391999973217,244.494445039109,one shared preloaded model
conv-43-qa-241,lexical_only,0.9207450413127807,4.35299999662675,230.9220999959507,236.19584503389024,one shared preloaded model
conv-44-qa-0,lexical_only,1.3228575949084833,7.5816000025952235,235.82570000144187,244.7301575989456,one shared preloaded model
conv-44-qa-1,lexical_only,1.3228575949084833,4.148400003032293,489.2526000039652,494.723857601906,one shared preloaded model
conv-44-qa-2,lexical_only,1.3228575949084833,4.20029999804683,267.39020000241,272.9133575953653,one shared preloaded model
conv-44-qa-3,lexical_only,1.3228575949084833,4.984300001524389,217.1228000006522,223.42995759708506,one shared preloaded model
conv-44-qa-4,lexical_only,1.3228575949084833,4.57559999631485,510.4429999992135,516.3414575904368,one shared preloaded model
conv-44-qa-5,lexical_only,1.3228575949084833,4.654099997424055,471.534000003885,477.51095759621757,one shared preloaded model
conv-44-qa-6,lexical_only,1.3228575949084833,4.189200000837445,482.21380000177305,487.725857597519,one shared preloaded model
conv-44-qa-7,lexical_only,1.3228575949084833,4.381699996883981,122.35419999342412,128.05875758521657,one shared preloaded model
conv-44-qa-8,lexical_only,1.3228575949084833,7.573100003355648,115.4988999987836,124.39485759704773,one shared preloaded model
conv-44-qa-9,lexical_only,1.3228575949084833,8.138400000461843,241.270300000906,250.73155759627633,one shared preloaded model
conv-44-qa-10,lexical_only,1.3228575949084833,4.266500000085216,504.73979999514995,510.32915759014367,one shared preloaded model
conv-44-qa-11,lexical_only,1.3228575949084833,4.681300000811461,338.0313000016031,344.03545759732305,one shared preloaded model
conv-44-qa-12,lexical_only,1.3228575949084833,4.2388000001665205,229.98939999524737,235.55105759032236,one shared preloaded model
conv-44-qa-13,lexical_only,1.3228575949084833,3.998899999714922,219.85940000013215,225.18115759475555,one shared preloaded model
conv-44-qa-14,lexical_only,1.3228575949084833,4.217800000333227,225.77640000235988,231.31705759760158,one shared preloaded model
conv-44-qa-15,lexical_only,1.3228575949084833,4.141199999139644,209.3486999947345,214.8127575887826,one shared preloaded model
conv-44-qa-16,lexical_only,1.3228575949084833,3.963900002418086,214.80180000071414,220.0885575980407,one shared preloaded model
conv-44-qa-17,lexical_only,1.3228575949084833,4.102200000488665,222.3803999950178,227.80545759041493,one shared preloaded model
conv-44-qa-18,lexical_only,1.3228575949084833,4.433800000697374,204.73640000273008,210.49305759833592,one shared preloaded model
conv-44-qa-19,lexical_only,1.3228575949084833,4.472499997064006,225.37020000163466,231.16555759360713,one shared preloaded model
conv-44-qa-20,lexical_only,1.3228575949084833,4.121799996937625,233.3781999986968,238.8228575905429,one shared preloaded model
conv-44-qa-21,lexical_only,1.3228575949084833,4.474599998502526,236.90730000089388,242.70475759430488,one shared preloaded model
conv-44-qa-22,lexical_only,1.3228575949084833,4.207800004223827,228.54380000353558,234.07445760266788,one shared preloaded model
conv-44-qa-23,lexical_only,1.3228575949084833,4.520700000284705,228.20559999672696,234.04915759192014,one shared preloaded model
conv-44-qa-24,lexical_only,1.3228575949084833,4.31409999873722,232.27100000076462,237.9079575944103,one shared preloaded model
conv-44-qa-25,lexical_only,1.3228575949084833,4.164199999650009,540.2080000058049,545.6950576003634,one shared preloaded model
conv-44-qa-26,lexical_only,1.3228575949084833,4.496800000197254,218.61340000032214,224.43305759542787,one shared preloaded model
conv-44-qa-27,lexical_only,1.3228575949084833,4.135700000915676,465.9620999955223,471.42065759134647,one shared preloaded model
conv-44-qa-28,lexical_only,1.3228575949084833,4.230500002449844,152.72839999670396,158.28175759406227,one shared preloaded model
conv-44-qa-29,lexical_only,1.3228575949084833,7.467299998097587,187.43269999686163,196.22285758986771,one shared preloaded model
conv-44-qa-30,lexical_only,1.3228575949084833,8.75380000070436,317.3136000041268,327.39025759973964,one shared preloaded model
conv-44-qa-31,lexical_only,1.3228575949084833,4.372600000351667,152.9060999964713,158.60155759173145,one shared preloaded model
conv-44-qa-32,lexical_only,1.3228575949084833,7.758200001262594,285.7852000015555,294.8662575977266,one shared preloaded model
conv-44-qa-33,lexical_only,1.3228575949084833,4.825399999390356,219.44799999619136,225.59625759049018,one shared preloaded model
conv-44-qa-34,lexical_only,1.3228575949084833,4.154700000071898,227.28680000000168,232.76435759498204,one shared preloaded model
conv-44-qa-35,lexical_only,1.3228575949084833,4.104700004972983,230.51570000097854,235.94325760086,one shared preloaded model
conv-44-qa-36,lexical_only,1.3228575949084833,4.123599996091798,226.7640999998548,232.21055759085507,one shared preloaded model
conv-44-qa-37,lexical_only,1.3228575949084833,4.149899999902118,238.11959999875398,243.59235759356457,one shared preloaded model
conv-44-qa-38,lexical_only,1.3228575949084833,4.01630000123987,510.6450000021141,515.9841575982624,one shared preloaded model
conv-44-qa-39,lexical_only,1.3228575949084833,4.330799994932022,227.1307999981218,232.7844575879623,one shared preloaded model
conv-44-qa-40,lexical_only,1.3228575949084833,4.222100003971718,184.60570000024745,190.15065759912764,one shared preloaded model
conv-44-qa-41,lexical_only,1.3228575949084833,3.9044000004651025,185.94429999939166,191.17155759476523,one shared preloaded model
conv-44-qa-42,lexical_only,1.3228575949084833,7.544400003098417,222.73560000030557,231.60285759831248,one shared preloaded model
conv-44-qa-43,lexical_only,1.3228575949084833,4.1485000037937425,216.30150000419235,221.77285760289456,one shared preloaded model
conv-44-qa-44,lexical_only,1.3228575949084833,4.175100002612453,231.19230000156676,236.6902575990877,one shared preloaded model
conv-44-qa-45,lexical_only,1.3228575949084833,3.9850000030128285,225.8055000056629,231.1133576035842,one shared preloaded model
conv-44-qa-46,lexical_only,1.3228575949084833,4.102200000488665,225.37520000332734,230.80025759872447,one shared preloaded model
conv-44-qa-47,lexical_only,1.3228575949084833,4.222200004733168,214.7778000071412,220.32285760678283,one shared preloaded model
conv-44-qa-48,lexical_only,1.3228575949084833,4.033400000480469,222.44189999764785,227.7981575930368,one shared preloaded model
conv-44-qa-49,lexical_only,1.3228575949084833,4.269199998816475,125.22819999867352,130.82025759239846,one shared preloaded model
conv-44-qa-50,lexical_only,1.3228575949084833,4.488899998250417,377.8113000007579,383.6230575939168,one shared preloaded model
conv-44-qa-51,lexical_only,1.3228575949084833,4.388800000015181,203.53120000072522,209.24285759564887,one shared preloaded model
conv-44-qa-52,lexical_only,1.3228575949084833,4.277899999578949,354.1650999977719,359.76585759225935,one shared preloaded model
conv-44-qa-53,lexical_only,1.3228575949084833,4.7225999951479025,216.6960000031395,222.74145759319586,one shared preloaded model
conv-44-qa-54,lexical_only,1.3228575949084833,4.530199999862816,446.62370000150986,452.4767575962812,one shared preloaded model
conv-44-qa-55,lexical_only,1.3228575949084833,4.089800000656396,1399.730199998885,1405.1428575944499,one shared preloaded model
conv-44-qa-56,lexical_only,1.3228575949084833,4.66959999903338,227.4265000014566,233.41895759539844,one shared preloaded model
conv-44-qa-57,lexical_only,1.3228575949084833,4.403199993248563,236.86060000181897,242.586657589976,one shared preloaded model
conv-44-qa-58,lexical_only,1.3228575949084833,4.5002999977441505,202.60240000061458,208.4255575932672,one shared preloaded model
conv-44-qa-59,lexical_only,1.3228575949084833,4.771300002175849,201.13210000272375,207.22625759980806,one shared preloaded model
conv-44-qa-60,lexical_only,1.3228575949084833,4.464400000870228,227.40389999671606,233.19115759249476,one shared preloaded model
conv-44-qa-61,lexical_only,1.3228575949084833,3.7881000025663525,193.68070000200532,198.79165759948015,one shared preloaded model
conv-44-qa-62,lexical_only,1.3228575949084833,7.260400001541711,210.7806999993045,219.3639575957547,one shared preloaded model
conv-44-qa-63,lexical_only,1.3228575949084833,4.479499999433756,419.31340000155615,425.1157575958984,one shared preloaded model
conv-44-qa-64,lexical_only,1.3228575949084833,4.561499998089857,227.7401000028476,233.62445759584594,one shared preloaded model
conv-44-qa-65,lexical_only,1.3228575949084833,4.21479999931762,537.608700004057,543.1463575982831,one shared preloaded model
conv-44-qa-66,lexical_only,1.3228575949084833,4.446799997822382,225.9221999993315,231.69185759206235,one shared preloaded model
conv-44-qa-67,lexical_only,1.3228575949084833,4.498900001635775,821.5691999939736,827.3909575905178,one shared preloaded model
conv-44-qa-68,lexical_only,1.3228575949084833,4.663100000470877,232.7727000010782,238.75865759645754,one shared preloaded model
conv-44-qa-69,lexical_only,1.3228575949084833,4.109900000912603,224.84359999361914,230.2763575894402,one shared preloaded model
conv-44-qa-70,lexical_only,1.3228575949084833,4.482199998165015,144.09909999812953,149.90415759120302,one shared preloaded model
conv-44-qa-71,lexical_only,1.3228575949084833,7.584799997857772,224.41360000084387,233.32125759361014,one shared preloaded model
conv-44-qa-72,lexical_only,1.3228575949084833,4.667599998356309,410.83929999877,416.8297575920348,one shared preloaded model
conv-44-qa-73,lexical_only,1.3228575949084833,4.08439999591792,192.39620000007562,197.803457590902,one shared preloaded model
conv-44-qa-74,lexical_only,1.3228575949084833,7.540600003267173,181.47709999902872,190.3405575972044,one shared preloaded model
conv-44-qa-75,lexical_only,1.3228575949084833,7.503000000724569,249.15969999710796,257.98555759274103,one shared preloaded model
conv-44-qa-76,lexical_only,1.3228575949084833,3.9490999988629483,234.36369999399176,239.63565758776318,one shared preloaded model
conv-44-qa-77,lexical_only,1.3228575949084833,4.695999996329192,199.48090000252705,205.4997575937647,one shared preloaded model
conv-44-qa-78,lexical_only,1.3228575949084833,4.688699998951051,221.39549999701558,227.4070575908751,one shared preloaded model
conv-44-qa-79,lexical_only,1.3228575949084833,4.4249000056879595,220.39539999968838,226.1431576002848,one shared preloaded model
conv-44-qa-80,lexical_only,1.3228575949084833,4.399199999170378,1094.7545999952126,1100.4766575892916,one shared preloaded model
conv-44-qa-81,lexical_only,1.3228575949084833,4.491699997743126,212.7533000020776,218.5678575947292,one shared preloaded model
conv-44-qa-82,lexical_only,1.3228575949084833,3.981599998951424,237.88039999635657,243.18485759021647,one shared preloaded model
conv-44-qa-83,lexical_only,1.3228575949084833,3.862099998514168,237.8406999996514,243.02565759307404,one shared preloaded model
conv-44-qa-84,lexical_only,1.3228575949084833,3.934699998353608,233.72160000144504,238.97915759470712,one shared preloaded model
conv-44-qa-85,lexical_only,1.3228575949084833,4.278200001863297,240.6868000034592,246.28785760023098,one shared preloaded model
conv-44-qa-86,lexical_only,1.3228575949084833,4.095099997357465,684.6695999993244,690.0875575915903,one shared preloaded model
conv-44-qa-87,lexical_only,1.3228575949084833,4.616600002918858,149.41159999580123,155.35105759362855,one shared preloaded model
conv-44-qa-88,lexical_only,1.3228575949084833,7.568099994387012,811.7872000002535,820.678157589549,one shared preloaded model
conv-44-qa-89,lexical_only,1.3228575949084833,4.354500000772532,198.03349999710917,203.71085759279018,one shared preloaded model
conv-44-qa-90,lexical_only,1.3228575949084833,4.678800003603101,214.57370000280207,220.57535760131364,one shared preloaded model
conv-44-qa-91,lexical_only,1.3228575949084833,4.411300003994256,227.6345999998739,233.36875759877663,one shared preloaded model
conv-44-qa-92,lexical_only,1.3228575949084833,4.608600000210572,228.29210000054445,234.2235575956635,one shared preloaded model
conv-44-qa-93,lexical_only,1.3228575949084833,4.339700004493352,466.0100000037346,471.67255760313645,one shared preloaded model
conv-44-qa-94,lexical_only,1.3228575949084833,4.057099999045022,330.38370000576833,335.76365759972185,one shared preloaded model
conv-44-qa-95,lexical_only,1.3228575949084833,4.088200003025122,217.14999999676365,222.56105759469725,one shared preloaded model
conv-44-qa-96,lexical_only,1.3228575949084833,4.678800003603101,357.8424000006635,363.8440575991751,one shared preloaded model
conv-44-qa-97,lexical_only,1.3228575949084833,4.704900005890522,403.57599999697413,409.60375759777315,one shared preloaded model
conv-44-qa-98,lexical_only,1.3228575949084833,4.096399999980349,607.405300004757,612.8245575996458,one shared preloaded model
conv-44-qa-99,lexical_only,1.3228575949084833,5.205800000112504,237.835100000666,244.36375759568696,one shared preloaded model
conv-44-qa-100,lexical_only,1.3228575949084833,4.99149999814108,651.7247000010684,658.0390575941179,one shared preloaded model
conv-44-qa-101,lexical_only,1.3228575949084833,4.671100003179163,166.61999999632826,172.6139575944159,one shared preloaded model
conv-44-qa-102,lexical_only,1.3228575949084833,7.539899997937027,455.8617000002414,464.7244575930869,one shared preloaded model
conv-44-qa-103,lexical_only,1.3228575949084833,4.36259999696631,212.7159000010579,218.40135759293267,one shared preloaded model
conv-44-qa-104,lexical_only,1.3228575949084833,4.098900004464667,220.0795000026119,225.50125760198503,one shared preloaded model
conv-44-qa-105,lexical_only,1.3228575949084833,4.561100002320018,672.3008000044501,678.1847576016786,one shared preloaded model
conv-44-qa-106,lexical_only,1.3228575949084833,4.087699999217875,230.74939999787603,236.15995759200237,one shared preloaded model
conv-44-qa-107,lexical_only,1.3228575949084833,4.152399997110479,383.8169000009657,389.29215759298467,one shared preloaded model
conv-44-qa-108,lexical_only,1.3228575949084833,4.238699999405071,251.55870000162395,257.1202575959375,one shared preloaded model
conv-44-qa-109,lexical_only,1.3228575949084833,4.251300000760239,109.66819999885047,115.24235759451919,one shared preloaded model
conv-44-qa-110,lexical_only,1.3228575949084833,7.503699998778757,126.30440000066301,135.13095759435026,one shared preloaded model
conv-44-qa-111,lexical_only,1.3228575949084833,3.951899998355657,324.5896999942488,329.86445758751296,one shared preloaded model
conv-44-qa-112,lexical_only,1.3228575949084833,4.189799998130184,218.02799999568379,223.54065758872244,one shared preloaded model
conv-44-qa-113,lexical_only,1.3228575949084833,4.396900003484916,194.05839999672025,199.77815759511364,one shared preloaded model
conv-44-qa-114,lexical_only,1.3228575949084833,6.8098999981884845,167.75980000238633,175.8925575954833,one shared preloaded model
conv-44-qa-115,lexical_only,1.3228575949084833,8.13660000130767,213.79629999864846,223.25575759486463,one shared preloaded model
conv-44-qa-116,lexical_only,1.3228575949084833,4.168300001765601,238.81640000035986,244.30755759703393,one shared preloaded model
conv-44-qa-117,lexical_only,1.3228575949084833,4.454900001292117,230.16310000093654,235.94085759713712,one shared preloaded model
conv-44-qa-118,lexical_only,1.3228575949084833,4.605800000717863,105.10169999906793,111.03035759469428,one shared preloaded model
conv-44-qa-119,lexical_only,1.3228575949084833,8.076700003584847,338.40239999699406,347.8019575954874,one shared preloaded model
conv-44-qa-120,lexical_only,1.3228575949084833,4.241800001182128,255.6960000001709,261.2606575962615,one shared preloaded model
conv-44-qa-121,lexical_only,1.3228575949084833,4.278700005670544,278.45800000068266,284.0595576012617,one shared preloaded model
conv-44-qa-122,lexical_only,1.3228575949084833,4.47369999892544,219.84550000343006,225.64205759726397,one shared preloaded model
conv-44-qa-123,lexical_only,1.3228575949084833,4.0426999985356815,170.23329999938142,175.59885759282557,one shared preloaded model
conv-44-qa-124,lexical_only,1.3228575949084833,7.508000002417248,218.7396000008448,227.57045759817055,one shared preloaded model
conv-44-qa-125,lexical_only,1.3228575949084833,4.467200000362936,224.24849999515573,230.03855759042713,one shared preloaded model
conv-44-qa-126,lexical_only,1.3228575949084833,3.9611000029253773,192.10759999987204,197.39155759770588,one shared preloaded model
conv-44-qa-127,lexical_only,1.3228575949084833,7.523200001742225,229.5534000004409,238.3994575970916,one shared preloaded model
conv-44-qa-128,lexical_only,1.3228575949084833,4.404200000863057,222.24590000405442,227.97295759982595,one shared preloaded model
conv-44-qa-129,lexical_only,1.3228575949084833,4.035999998450279,224.08569999970496,229.4445575930637,one shared preloaded model
conv-44-qa-130,lexical_only,1.3228575949084833,3.8806999946245924,228.32799999741837,233.53155758695144,one shared preloaded model
conv-44-qa-131,lexical_only,1.3228575949084833,3.9825999992899597,245.1742999983253,250.47975759252373,one shared preloaded model
conv-44-qa-132,lexical_only,1.3228575949084833,4.338599996117409,218.3143000002019,223.9757575912278,one shared preloaded model
conv-44-qa-133,lexical_only,1.3228575949084833,4.404600003908854,212.81140000064624,218.53885759946357,one shared preloaded model
conv-44-qa-134,lexical_only,1.3228575949084833,4.110500005481299,211.20340000197757,216.63675760236734,one shared preloaded model
conv-44-qa-135,lexical_only,1.3228575949084833,4.152699999394827,213.42919999733567,218.90475759163897,one shared preloaded model
conv-44-qa-136,lexical_only,1.3228575949084833,4.226400000334252,221.46439999778522,227.01365759302794,one shared preloaded model
conv-44-qa-137,lexical_only,1.3228575949084833,4.222899995511398,223.87239999807207,229.41815758849194,one shared preloaded model
conv-44-qa-138,lexical_only,1.3228575949084833,4.063300002599135,323.85290000092937,329.239057598437,one shared preloaded model
conv-44-qa-139,lexical_only,1.3228575949084833,4.167200000665616,226.27360000478802,231.7636576003621,one shared preloaded model
conv-44-qa-140,lexical_only,1.3228575949084833,4.423799997312017,231.2616999988677,237.00835759108818,one shared preloaded model
conv-44-qa-141,lexical_only,1.3228575949084833,4.0969999972730875,301.4497999974992,306.8696575896808,one shared preloaded model
conv-44-qa-142,lexical_only,1.3228575949084833,4.331399999500718,214.10339999420103,219.75765758861021,one shared preloaded model
conv-44-qa-143,lexical_only,1.3228575949084833,4.116399999475107,173.33869999856688,178.77795759295046,one shared preloaded model
conv-44-qa-144,lexical_only,1.3228575949084833,7.4826999989454634,227.0977000007406,235.90325759459455,one shared preloaded model
conv-44-qa-145,lexical_only,1.3228575949084833,4.29219999932684,208.9412999994238,214.5563575936591,one shared preloaded model
conv-44-qa-146,lexical_only,1.3228575949084833,4.489400002057664,176.04479999863543,181.85705759560156,one shared preloaded model
conv-44-qa-147,lexical_only,1.3228575949084833,6.989699999394361,234.1249000019161,242.43745759621896,one shared preloaded model
conv-44-qa-148,lexical_only,1.3228575949084833,4.073299998708535,462.04020000004675,467.4363575936638,one shared preloaded model
conv-44-qa-149,lexical_only,1.3228575949084833,4.402200000185985,441.61719999829074,447.3422575933852,one shared preloaded model
conv-44-qa-150,lexical_only,1.3228575949084833,4.440100005012937,217.47410000534728,223.2370576052687,one shared preloaded model
conv-44-qa-151,lexical_only,1.3228575949084833,4.135299997869879,226.79210000205785,232.2502575948362,one shared preloaded model
conv-44-qa-152,lexical_only,1.3228575949084833,4.038500002934597,189.85379999503493,195.215157592878,one shared preloaded model
conv-44-qa-153,lexical_only,1.3228575949084833,7.514500000979751,222.95850000227802,231.79585759816626,one shared preloaded model
conv-44-qa-154,lexical_only,1.3228575949084833,4.073699994478375,228.2709999999497,233.66755758933655,one shared preloaded model
conv-44-qa-155,lexical_only,1.3228575949084833,4.854999999224674,236.16230000334326,242.3401575974764,one shared preloaded model
conv-44-qa-156,lexical_only,1.3228575949084833,4.802800001925789,239.6660000013071,245.79165759814137,one shared preloaded model
conv-44-qa-157,lexical_only,1.3228575949084833,4.445500002475455,214.48599999712314,220.25435759450707,one shared preloaded model
conv-47-qa-0,lexical_only,1.1313057894815421,4.606000002240762,235.06210000050487,240.79940579222716,one shared preloaded model
conv-47-qa-1,lexical_only,1.1313057894815421,4.213500003970694,216.29920000123093,221.64400579468315,one shared preloaded model
conv-47-qa-2,lexical_only,1.1313057894815421,4.6608999982709065,216.40409999963595,222.19630578738838,one shared preloaded model
conv-47-qa-3,lexical_only,1.1313057894815421,4.003800000646152,120.7390999989002,125.8742057890279,one shared preloaded model
conv-47-qa-4,lexical_only,1.1313057894815421,7.542300001659896,510.369499999797,519.0431057909384,one shared preloaded model
conv-47-qa-5,lexical_only,1.1313057894815421,4.325200003222562,221.593500005838,227.0500057985421,one shared preloaded model
conv-47-qa-6,lexical_only,1.1313057894815421,4.429299995535985,222.07000000344124,227.63060578845875,one shared preloaded model
conv-47-qa-7,lexical_only,1.1313057894815421,4.002999994554557,225.5991999991238,230.7335057831599,one shared preloaded model
conv-47-qa-8,lexical_only,1.1313057894815421,3.9379999943776056,105.37689999910071,110.44620578295986,one shared preloaded model
conv-47-qa-9,lexical_only,1.1313057894815421,7.5493000040296465,225.93369999958668,234.61430579309786,one shared preloaded model
conv-47-qa-10,lexical_only,1.1313057894815421,4.004199996415991,511.0235000029206,516.1590057888181,one shared preloaded model
conv-47-qa-11,lexical_only,1.1313057894815421,4.131499998038635,208.11990000220248,213.38270578972265,one shared preloaded model
conv-47-qa-12,lexical_only,1.1313057894815421,3.966800002672244,220.28729999874486,225.38540579089863,one shared preloaded model
conv-47-qa-13,lexical_only,1.1313057894815421,3.9442000052076764,478.61939999711467,483.6949057918039,one shared preloaded model
conv-47-qa-14,lexical_only,1.1313057894815421,4.189599996607285,334.57360000465997,339.8945057907488,one shared preloaded model
conv-47-qa-15,lexical_only,1.1313057894815421,4.349599999841303,215.23019999585813,220.71110578518096,one shared preloaded model
conv-47-qa-16,lexical_only,1.1313057894815421,4.84600000345381,1609.9144999971031,1615.8918057900385,one shared preloaded model
conv-47-qa-17,lexical_only,1.1313057894815421,4.518499998084735,1617.627800005721,1623.2776057932872,one shared preloaded model
conv-47-qa-18,lexical_only,1.1313057894815421,4.07660000200849,308.71789999946486,313.9258057909549,one shared preloaded model
conv-47-qa-19,lexical_only,1.1313057894815421,4.684400002588518,216.0414000027231,221.85710579479314,one shared preloaded model
conv-47-qa-20,lexical_only,1.1313057894815421,4.0605000031064264,118.98849999852246,124.18030579111043,one shared preloaded model
conv-47-qa-21,lexical_only,1.1313057894815421,7.60170000285143,153.97439999651397,162.70740578884693,one shared preloaded model
conv-47-qa-22,lexical_only,1.1313057894815421,4.148599997279234,214.4248999975389,219.70480578429965,one shared preloaded model
conv-47-qa-23,lexical_only,1.1313057894815421,4.016000006231479,464.1864000004716,469.33370579618463,one shared preloaded model
conv-47-qa-24,lexical_only,1.1313057894815421,7.115899999917019,228.67150000092806,236.9187057903266,one shared preloaded model
conv-47-qa-25,lexical_only,1.1313057894815421,4.0025000052992254,220.83009999914793,225.9639057939287,one shared preloaded model
conv-47-qa-26,lexical_only,1.1313057894815421,3.976400003011804,268.8540000017383,273.96170579423165,one shared preloaded model
conv-47-qa-27,lexical_only,1.1313057894815421,4.245999996783212,223.0411999989883,228.41850578525305,one shared preloaded model
conv-47-qa-28,lexical_only,1.1313057894815421,3.970500001742039,501.7500999965705,506.85190578779407,one shared preloaded model
conv-47-qa-29,lexical_only,1.1313057894815421,4.678200006310362,218.60040000319714,224.40990579898903,one shared preloaded model
conv-47-qa-30,lexical_only,1.1313057894815421,4.145200000493787,155.44309999677353,160.71960578674884,one shared preloaded model
conv-47-qa-31,lexical_only,1.1313057894815421,7.7958999972906895,230.98220000247238,239.9094057892446,one shared preloaded model
conv-47-qa-32,lexical_only,1.1313057894815421,3.9143999965745024,213.2385000004433,218.28420578649934,one shared preloaded model
conv-47-qa-33,lexical_only,1.1313057894815421,4.496000001381617,225.31050000543473,230.93780579629788,one shared preloaded model
conv-47-qa-34,lexical_only,1.1313057894815421,4.025599999295082,165.22479999548523,170.38170578426184,one shared preloaded model
conv-47-qa-35,lexical_only,1.1313057894815421,7.753800004138611,152.9000000009546,161.78510579457475,one shared preloaded model
conv-47-qa-36,lexical_only,1.1313057894815421,7.5376000022515655,231.78550000011455,240.45440579184765,one shared preloaded model
conv-47-qa-37,lexical_only,1.1313057894815421,4.041200001665857,507.6569000011659,512.8294057923133,one shared preloaded model
conv-47-qa-38,lexical_only,1.1313057894815421,4.310800002713222,209.89820000249892,215.34030579469368,one shared preloaded model
conv-47-qa-39,lexical_only,1.1313057894815421,4.014699996332638,227.3616000020411,232.50760578785525,one shared preloaded model
conv-47-qa-40,lexical_only,1.1313057894815421,4.447300001629628,473.27199999563163,478.8506057867428,one shared preloaded model
conv-47-qa-41,lexical_only,1.1313057894815421,3.9869000029284507,489.9077000009129,495.02590579332286,one shared preloaded model
conv-47-qa-42,lexical_only,1.1313057894815421,4.2025000002468005,507.71330000134185,513.0471057910702,one shared preloaded model
conv-47-qa-43,lexical_only,1.1313057894815421,4.217300003801938,196.88879999739584,202.2374057906793,one shared preloaded model
conv-47-qa-44,lexical_only,1.1313057894815421,5.10490000306163,222.48739999486133,228.7236057874045,one shared preloaded model
conv-47-qa-45,lexical_only,1.1313057894815421,3.9898000031826086,122.3727999968105,127.49390578947465,one shared preloaded model
conv-47-qa-46,lexical_only,1.1313057894815421,7.446400006301701,209.3645999993896,217.94230579517284,one shared preloaded model
conv-47-qa-47,lexical_only,1.1313057894815421,4.073399999469984,328.7904000026174,333.9951057915689,one shared preloaded model
conv-47-qa-48,lexical_only,1.1313057894815421,4.412800000864081,479.79579999810085,485.33990578844646,one shared preloaded model
conv-47-qa-49,lexical_only,1.1313057894815421,3.964399998949375,163.60500000155298,168.70070578998389,one shared preloaded model
conv-47-qa-50,lexical_only,1.1313057894815421,7.513399999879766,477.9497999988962,486.5945057882575,one shared preloaded model
conv-47-qa-51,lexical_only,1.1313057894815421,4.52450000011595,218.84180000051856,224.49760579011604,one shared preloaded model
conv-47-qa-52,lexical_only,1.1313057894815421,4.026200003863778,219.44780000194442,224.60530579528972,one shared preloaded model
conv-47-qa-53,lexical_only,1.1313057894815421,4.492799998843111,212.98799999931362,218.61210578763826,one shared preloaded model
conv-47-qa-54,lexical_only,1.1313057894815421,3.9930999992066063,214.45089999906486,219.575305787753,one shared preloaded model
conv-47-qa-55,lexical_only,1.1313057894815421,4.592799996316899,351.1494999984279,356.87360578422636,one shared preloaded model
conv-47-qa-56,lexical_only,1.1313057894815421,4.493499996897299,128.62670000322396,134.2515057896028,one shared preloaded model
conv-47-qa-57,lexical_only,1.1313057894815421,7.436799998686183,229.8679999948945,238.4361057830622,one shared preloaded model
conv-47-qa-58,lexical_only,1.1313057894815421,3.985799994552508,455.15700000396464,460.2741057879987,one shared preloaded model
conv-47-qa-59,lexical_only,1.1313057894815421,4.468999999517109,319.12040000315756,324.7207057921562,one shared preloaded model
conv-47-qa-60,lexical_only,1.1313057894815421,4.134700000577141,189.4685000006575,194.73450579071618,one shared preloaded model
conv-47-qa-61,lexical_only,1.1313057894815421,7.424499999615364,219.81649999361252,228.37230578270942,one shared preloaded model
conv-47-qa-62,lexical_only,1.1313057894815421,4.429399996297434,228.71840000152588,234.27910578730484,one shared preloaded model
conv-47-qa-63,lexical_only,1.1313057894815421,4.511300001468044,211.84720000019297,217.48980579114254,one shared preloaded model
conv-47-qa-64,lexical_only,1.1313057894815421,3.988999997091014,214.81659999699332,219.93690578356586,one shared preloaded model
conv-47-qa-65,lexical_only,1.1313057894815421,4.232300001604017,481.2011999965762,486.5648057876617,one shared preloaded model
conv-47-qa-66,lexical_only,1.1313057894815421,5.50420000217855,215.24910000152886,221.88460579318894,one shared preloaded model
conv-47-qa-67,lexical_only,1.1313057894815421,4.13480000133859,94.4417999999132,99.70790579073334,one shared preloaded model
conv-47-qa-68,lexical_only,1.1313057894815421,4.5741000067209825,219.7085000007064,225.41390579690892,one shared preloaded model
conv-47-qa-69,lexical_only,1.1313057894815421,4.630100003851112,347.2217000016826,352.98310579501526,one shared preloaded model
conv-47-qa-70,lexical_only,1.1313057894815421,4.7556000063195825,155.62499999941792,161.51190579521904,one shared preloaded model
conv-47-qa-71,lexical_only,1.1313057894815421,7.583999999042135,230.950600001961,239.66590579048466,one shared preloaded model
conv-47-qa-72,lexical_only,1.1313057894815421,4.649500006053131,134.42020000366028,140.20100579919495,one shared preloaded model
conv-47-qa-73,lexical_only,1.1313057894815421,7.883900005253963,505.59919999795966,514.6144057926952,one shared preloaded model
conv-47-qa-74,lexical_only,1.1313057894815421,5.053799999586772,191.95079999917652,198.13590578824483,one shared preloaded model
conv-47-qa-75,lexical_only,1.1313057894815421,8.248300000559539,172.8651000012178,182.24470579125887,one shared preloaded model
conv-47-qa-76,lexical_only,1.1313057894815421,7.771600001433399,386.42679999611573,395.32970578703066,one shared preloaded model
conv-47-qa-77,lexical_only,1.1313057894815421,5.004599996027537,951.4889999991283,957.6249057846373,one shared preloaded model
conv-47-qa-78,lexical_only,1.1313057894815421,4.265199997462332,214.26819999760482,219.6647057845487,one shared preloaded model
conv-47-qa-79,lexical_only,1.1313057894815421,4.221700000925921,145.53850000083912,150.89150579124657,one shared preloaded model
conv-47-qa-80,lexical_only,1.1313057894815421,8.164999999280553,843.7027000036323,852.9990057923944,one shared preloaded model
conv-47-qa-81,lexical_only,1.1313057894815421,4.287700001441408,1321.5954000042984,1327.0144057952214,one shared preloaded model
conv-47-qa-82,lexical_only,1.1313057894815421,4.157200004556216,204.75760000408627,210.04610579812402,one shared preloaded model
conv-47-qa-83,lexical_only,1.1313057894815421,4.056199999467935,1024.898600000597,1030.0861057895465,one shared preloaded model
conv-47-qa-84,lexical_only,1.1313057894815421,4.396799995447509,291.93949999898905,297.4676057839181,one shared preloaded model
conv-47-qa-85,lexical_only,1.1313057894815421,4.66969999979483,159.40250000130618,165.20350579058254,one shared preloaded model
conv-47-qa-86,lexical_only,1.1313057894815421,7.513600001402665,153.4449000027962,162.0898057936804,one shared preloaded model
conv-47-qa-87,lexical_only,1.1313057894815421,7.479100000637118,209.679599996889,218.29000578700766,one shared preloaded model
conv-47-qa-88,lexical_only,1.1313057894815421,4.1339000017615035,586.7556000011973,592.0208057924403,one shared preloaded model
conv-47-qa-89,lexical_only,1.1313057894815421,4.873899997619446,342.68239999801153,348.6876057851125,one shared preloaded model
conv-47-qa-90,lexical_only,1.1313057894815421,4.598799998348113,276.8674999970244,282.59760578485407,one shared preloaded model
conv-47-qa-91,lexical_only,1.1313057894815421,4.179200004728045,274.13589999923715,279.44640579344673,one shared preloaded model
conv-47-qa-92,lexical_only,1.1313057894815421,4.609900002833456,205.90439999796217,211.64560579027716,one shared preloaded model
conv-47-qa-93,lexical_only,1.1313057894815421,3.9609000014024787,115.50339999666903,120.59560578755305,one shared preloaded model
conv-47-qa-94,lexical_only,1.1313057894815421,7.528399997681845,208.66689999820665,217.32660578537002,one shared preloaded model
conv-47-qa-95,lexical_only,1.1313057894815421,4.284499998902902,108.55240000091726,113.9682057893017,one shared preloaded model
conv-47-qa-96,lexical_only,1.1313057894815421,7.482100001652725,167.4873000010848,176.10070579221906,one shared preloaded model
conv-47-qa-97,lexical_only,1.1313057894815421,7.482300003175624,230.4297000009683,239.04330579362545,one shared preloaded model
conv-47-qa-98,lexical_only,1.1313057894815421,4.063599997607525,257.7316000024439,262.92650578953294,one shared preloaded model
conv-47-qa-99,lexical_only,1.1313057894815421,4.387599998153746,227.59799999766983,233.1169057853051,one shared preloaded model
conv-47-qa-100,lexical_only,1.1313057894815421,4.43739999900572,212.36120000685332,217.92990579534057,one shared preloaded model
conv-47-qa-101,lexical_only,1.1313057894815421,4.252699996868614,190.5786999996053,195.96270578595545,one shared preloaded model
conv-47-qa-102,lexical_only,1.1313057894815421,7.549400004791096,222.2994000039762,230.98010579824881,one shared preloaded model
conv-47-qa-103,lexical_only,1.1313057894815421,4.3411000006017275,214.71849999943515,220.1909057895184,one shared preloaded model
conv-47-qa-104,lexical_only,1.1313057894815421,4.469500003324356,139.84660000278382,145.4474057955897,one shared preloaded model
conv-47-qa-105,lexical_only,1.1313057894815421,7.655800000065938,319.62880000355653,328.415905793104,one shared preloaded model
conv-47-qa-106,lexical_only,1.1313057894815421,4.404800005431753,670.4909000036423,676.0270057985556,one shared preloaded model
conv-47-qa-107,lexical_only,1.1313057894815421,4.279399996448774,206.07059999747435,211.48130578340465,one shared preloaded model
conv-47-qa-108,lexical_only,1.1313057894815421,4.6102999986032955,228.05959999823244,233.80120578631727,one shared preloaded model
conv-47-qa-109,lexical_only,1.1313057894815421,4.405200001201592,118.99580000317656,124.53230579385969,one shared preloaded model
conv-47-qa-110,lexical_only,1.1313057894815421,7.582900005218107,134.84779999998864,143.56200579468828,one shared preloaded model
conv-47-qa-111,lexical_only,1.1313057894815421,8.089400005701464,879.0900000021793,888.3107057973623,one shared preloaded model
conv-47-qa-112,lexical_only,1.1313057894815421,4.632199998013675,120.3215999994427,126.08510578693792,one shared preloaded model
conv-47-qa-113,lexical_only,1.1313057894815421,7.417000000714324,219.07849999843165,227.6268057886275,one shared preloaded model
conv-47-qa-114,lexical_only,1.1313057894815421,4.045300003781449,155.9856999956537,161.16230578891668,one shared preloaded model
conv-47-qa-115,lexical_only,1.1313057894815421,7.470399999874644,225.59730000648415,234.19900579584032,one shared preloaded model
conv-47-qa-116,lexical_only,1.1313057894815421,4.164300000411458,121.3962999972864,126.69190578717941,one shared preloaded model
conv-47-qa-117,lexical_only,1.1313057894815421,4.341899999417365,106.76329999841982,112.23650578731873,one shared preloaded model
conv-47-qa-118,lexical_only,1.1313057894815421,3.8144999998621643,121.71650000527734,126.66230579462105,one shared preloaded model
conv-47-qa-119,lexical_only,1.1313057894815421,4.699099998106249,224.93340000073658,230.76380578832436,one shared preloaded model
conv-47-qa-120,lexical_only,1.1313057894815421,4.1233000010834076,225.15679999924032,230.41140578980526,one shared preloaded model
conv-47-qa-121,lexical_only,1.1313057894815421,4.389100002299529,226.85220000130357,232.37260579308463,one shared preloaded model
conv-47-qa-122,lexical_only,1.1313057894815421,3.9031000051181763,207.89789999980712,212.93230579440683,one shared preloaded model
conv-47-qa-123,lexical_only,1.1313057894815421,4.421799996634945,208.90679999865824,214.45990578477472,one shared preloaded model
conv-47-qa-124,lexical_only,1.1313057894815421,4.121400001167785,482.83660000015516,488.0893057908045,one shared preloaded model
conv-47-qa-125,lexical_only,1.1313057894815421,4.673999996157363,242.08340000041062,247.8887057860495,one shared preloaded model
conv-47-qa-126,lexical_only,1.1313057894815421,4.288300006010104,451.66999999491964,457.08960579041127,one shared preloaded model
conv-47-qa-127,lexical_only,1.1313057894815421,4.263599999831058,217.69700000004377,223.09190578935636,one shared preloaded model
conv-47-qa-128,lexical_only,1.1313057894815421,4.499499998928513,502.52370000089286,508.1545057893029,one shared preloaded model
conv-47-qa-129,lexical_only,1.1313057894815421,4.728200001409277,226.05309999926249,231.9126057901533,one shared preloaded model
conv-47-qa-130,lexical_only,1.1313057894815421,4.4633000070462,121.03100000240374,126.62560579893149,one shared preloaded model
conv-47-qa-131,lexical_only,1.1313057894815421,8.157800002663862,199.34479999938048,208.63390579152588,one shared preloaded model
conv-47-qa-132,lexical_only,1.1313057894815421,4.0169999992940575,358.4742000020924,363.622505790868,one shared preloaded model
conv-47-qa-133,lexical_only,1.1313057894815421,5.227300003753044,161.9146000011824,168.27320579441698,one shared preloaded model
conv-47-qa-134,lexical_only,1.1313057894815421,7.677900000999216,218.2933999938541,227.10260578433486,one shared preloaded model
conv-47-qa-135,lexical_only,1.1313057894815421,4.164600002695806,210.8144000012544,216.11030579343173,one shared preloaded model
conv-47-qa-136,lexical_only,1.1313057894815421,4.73999999667285,171.20559999602847,177.07690578218285,one shared preloaded model
conv-47-qa-137,lexical_only,1.1313057894815421,8.172100002411753,231.49569999804953,240.79910578994281,one shared preloaded model
conv-47-qa-138,lexical_only,1.1313057894815421,4.138799995416775,1394.7755000044708,1400.0456057893691,one shared preloaded model
conv-47-qa-139,lexical_only,1.1313057894815421,4.712900001322851,626.7745000004652,632.6187057912696,one shared preloaded model
conv-47-qa-140,lexical_only,1.1313057894815421,4.333500000939239,852.1637000012561,857.6285057916768,one shared preloaded model
conv-47-qa-141,lexical_only,1.1313057894815421,4.725999999209307,203.7657000037143,209.62300579240514,one shared preloaded model
conv-47-qa-142,lexical_only,1.1313057894815421,4.4067999988328665,289.89809999620775,295.43620578452214,one shared preloaded model
conv-47-qa-143,lexical_only,1.1313057894815421,4.071700001077261,228.86319999815896,234.06620578871775,one shared preloaded model
conv-47-qa-144,lexical_only,1.1313057894815421,5.0241999997524545,234.63639999681618,240.79190578605017,one shared preloaded model
conv-47-qa-145,lexical_only,1.1313057894815421,4.101900005480275,230.02979999728268,235.26300579224448,one shared preloaded model
conv-47-qa-146,lexical_only,1.1313057894815421,4.023900000902358,235.90990000229795,241.06510579268183,one shared preloaded model
conv-47-qa-147,lexical_only,1.1313057894815421,4.305399997974746,211.18990000104532,216.6266057885016,one shared preloaded model
conv-47-qa-148,lexical_only,1.1313057894815421,4.95039999805158,213.25939999951515,219.34110578704826,one shared preloaded model
conv-47-qa-149,lexical_only,1.1313057894815421,4.070800001500174,233.71889999543782,238.92100578641953,one shared preloaded model
conv-47-qa-150,lexical_only,1.1313057894815421,4.088599998794962,214.03569999529282,219.2556057835693,one shared preloaded model
conv-47-qa-151,lexical_only,1.1313057894815421,4.523100004007574,227.24629999720491,232.90070579069402,one shared preloaded model
conv-47-qa-152,lexical_only,1.1313057894815421,4.0929999959189445,207.77850000013132,213.0028057855318,one shared preloaded model
conv-47-qa-153,lexical_only,1.1313057894815421,4.538499997579493,210.51760000409558,216.1874057911566,one shared preloaded model
conv-47-qa-154,lexical_only,1.1313057894815421,4.288299998734146,216.14179999596672,221.5614057841824,one shared preloaded model
conv-47-qa-155,lexical_only,1.1313057894815421,4.475499998079613,439.0551999968011,444.66200578436224,one shared preloaded model
conv-47-qa-156,lexical_only,1.1313057894815421,4.748500003188383,213.12619999662274,219.00600578929266,one shared preloaded model
conv-47-qa-157,lexical_only,1.1313057894815421,4.284700000425801,212.05609999742592,217.47210578733325,one shared preloaded model
conv-47-qa-158,lexical_only,1.1313057894815421,4.445800004759803,215.79490000294754,221.37200579718888,one shared preloaded model
conv-47-qa-159,lexical_only,1.1313057894815421,4.099700003280304,229.46070000034524,234.69170579310708,one shared preloaded model
conv-47-qa-160,lexical_only,1.1313057894815421,4.066300003614742,298.3569999996689,303.5546057927652,one shared preloaded model
conv-47-qa-161,lexical_only,1.1313057894815421,5.207000001973938,222.7320999954827,229.07040578693818,one shared preloaded model
conv-47-qa-162,lexical_only,1.1313057894815421,4.496099994867109,221.16320000350242,226.79060578785106,one shared preloaded model
conv-47-qa-163,lexical_only,1.1313057894815421,4.506600002059713,216.64959999907296,222.2875057906142,one shared preloaded model
conv-47-qa-164,lexical_only,1.1313057894815421,4.1154000064125285,213.37119999952847,218.61790579542253,one shared preloaded model
conv-47-qa-165,lexical_only,1.1313057894815421,3.9495000019087456,203.74360000278102,208.8244057941713,one shared preloaded model
conv-47-qa-166,lexical_only,1.1313057894815421,4.309900003136136,206.4961000069161,211.93730579953376,one shared preloaded model
conv-47-qa-167,lexical_only,1.1313057894815421,4.501199997321237,222.80139999929816,228.43390578610092,one shared preloaded model
conv-47-qa-168,lexical_only,1.1313057894815421,4.161199998634402,220.45559999969555,225.74810578781148,one shared preloaded model
conv-47-qa-169,lexical_only,1.1313057894815421,3.91700000182027,191.32440000248607,196.37270579378787,one shared preloaded model
conv-47-qa-170,lexical_only,1.1313057894815421,7.506000001740176,215.67230000073323,224.30960579195494,one shared preloaded model
conv-47-qa-171,lexical_only,1.1313057894815421,3.89069999800995,229.31009999592789,234.33210578341937,one shared preloaded model
conv-47-qa-172,lexical_only,1.1313057894815421,4.797600005986169,226.67809999984456,232.60700579531226,one shared preloaded model
conv-47-qa-173,lexical_only,1.1313057894815421,4.06739999743877,208.47979999962263,213.67850578654293,one shared preloaded model
conv-47-qa-174,lexical_only,1.1313057894815421,4.104300001927186,236.47970000456553,241.71530579597425,one shared preloaded model
conv-47-qa-175,lexical_only,1.1313057894815421,4.486400001042057,220.13899999728892,225.7567057878125,one shared preloaded model
conv-47-qa-176,lexical_only,1.1313057894815421,4.171700005827006,211.4755000002333,216.77850579554183,one shared preloaded model
conv-47-qa-177,lexical_only,1.1313057894815421,4.573300000629388,214.25409999937983,219.95870578949075,one shared preloaded model
conv-47-qa-178,lexical_only,1.1313057894815421,4.316400001698639,199.9677999992855,205.41550579046566,one shared preloaded model
conv-47-qa-179,lexical_only,1.1313057894815421,4.400300000270363,648.5825999989174,654.1142057886693,one shared preloaded model
conv-47-qa-180,lexical_only,1.1313057894815421,4.928500005917158,736.665999997058,742.7258057924566,one shared preloaded model
conv-47-qa-181,lexical_only,1.1313057894815421,3.9972000013221987,215.4309999968973,220.55950578770103,one shared preloaded model
conv-47-qa-182,lexical_only,1.1313057894815421,4.403499995532911,227.39719999663066,232.9320057816451,one shared preloaded model
conv-47-qa-183,lexical_only,1.1313057894815421,4.336099998909049,222.83089999837102,228.2983057867616,one shared preloaded model
conv-47-qa-184,lexical_only,1.1313057894815421,4.412800000864081,204.9295999968308,210.4737057871764,one shared preloaded model
conv-47-qa-185,lexical_only,1.1313057894815421,4.4647999966400675,231.04800000146497,236.64410578758657,one shared preloaded model
conv-47-qa-186,lexical_only,1.1313057894815421,3.8636000026599504,669.5588000002317,674.5537057923732,one shared preloaded model
conv-47-qa-187,lexical_only,1.1313057894815421,4.494900000281632,224.81900000275346,230.44520579251662,one shared preloaded model
conv-47-qa-188,lexical_only,1.1313057894815421,4.940500002703629,680.7141999961459,686.7860057883311,one shared preloaded model
conv-47-qa-189,lexical_only,1.1313057894815421,4.11770000209799,395.77319999807514,401.02220578965466,one shared preloaded model
conv-48-qa-0,lexical_only,0.8987623430843559,8.08099999994738,214.89589999691816,223.87566233994988,one shared preloaded model
conv-48-qa-1,lexical_only,0.8987623430843559,4.123099999560509,577.5112999981502,582.5331623407951,one shared preloaded model
conv-48-qa-2,lexical_only,0.8987623430843559,4.426100000273436,494.70369999471586,500.02856233807364,one shared preloaded model
conv-48-qa-3,lexical_only,0.8987623430843559,4.568500000459608,182.403400001931,187.87066234547495,one shared preloaded model
conv-48-qa-4,lexical_only,0.8987623430843559,7.5739000021712855,219.69279999757418,228.1654623428298,one shared preloaded model
conv-48-qa-5,lexical_only,0.8987623430843559,4.123699996853247,108.05759999493603,113.08006233487363,one shared preloaded model
conv-48-qa-6,lexical_only,0.8987623430843559,7.564399995317217,184.82049999875017,193.28366233715172,one shared preloaded model
conv-48-qa-7,lexical_only,0.8987623430843559,7.62399999803165,215.6786000050488,224.20136234616479,one shared preloaded model
conv-48-qa-8,lexical_only,0.8987623430843559,4.059699997014832,485.05260000092676,490.01106234102593,one shared preloaded model
conv-48-qa-9,lexical_only,0.8987623430843559,4.519299996900372,529.2797999936738,534.6978623336586,one shared preloaded model
conv-48-qa-10,lexical_only,0.8987623430843559,4.389599998830818,226.7820999986725,232.07046234058765,one shared preloaded model
conv-48-qa-11,lexical_only,0.8987623430843559,4.1478999992250465,108.38420000072801,113.43086234303742,one shared preloaded model
conv-48-qa-12,lexical_only,0.8987623430843559,6.982300001254771,226.68100000009872,234.56206234443783,one shared preloaded model
conv-48-qa-13,lexical_only,0.8987623430843559,4.508199999690987,1056.0333000030369,1061.4402623458122,one shared preloaded model
conv-48-qa-14,lexical_only,0.8987623430843559,4.482199998165015,210.9476999976323,216.32866233888166,one shared preloaded model
conv-48-qa-15,lexical_only,0.8987623430843559,4.652399999031331,161.73270000581397,167.28386234792964,one shared preloaded model
conv-48-qa-16,lexical_only,0.8987623430843559,7.811199997377116,174.3863000010606,183.09626234152205,one shared preloaded model
conv-48-qa-17,lexical_only,0.8987623430843559,7.5010000000474975,462.2469999958412,470.646762338973,one shared preloaded model
conv-48-qa-18,lexical_only,0.8987623430843559,4.1192999997292645,219.60630000103265,224.62436234384626,one shared preloaded model
conv-48-qa-19,lexical_only,0.8987623430843559,4.462600001716055,226.80779999791412,232.16916234271451,one shared preloaded model
conv-48-qa-20,lexical_only,0.8987623430843559,4.879599997366313,107.46659999858821,113.24496233903888,one shared preloaded model
conv-48-qa-21,lexical_only,0.8987623430843559,7.031399996776599,138.3572999984608,146.28746233832175,one shared preloaded model
conv-48-qa-22,lexical_only,0.8987623430843559,7.472899997083005,112.22780000389321,120.59946234406057,one shared preloaded model
conv-48-qa-23,lexical_only,0.8987623430843559,7.678699999814853,213.63460000429768,222.21206234719688,one shared preloaded model
conv-48-qa-24,lexical_only,0.8987623430843559,4.641999999876134,330.3957999960403,335.9365623390008,one shared preloaded model
conv-48-qa-25,lexical_only,0.8987623430843559,4.888800001936033,231.60160000406904,237.38916234908942,one shared preloaded model
conv-48-qa-26,lexical_only,0.8987623430843559,4.255800005921628,195.08069999574218,200.23526234474815,one shared preloaded model
conv-48-qa-27,lexical_only,0.8987623430843559,4.874599995673634,221.7408000069554,227.51416234571337,one shared preloaded model
conv-48-qa-28,lexical_only,0.8987623430843559,4.058099999383558,163.92459999769926,168.88146234016716,one shared preloaded model
conv-48-qa-29,lexical_only,0.8987623430843559,8.017900006962009,210.7227000014973,219.63936235154364,one shared preloaded model
conv-48-qa-30,lexical_only,0.8987623430843559,4.211799998302013,515.5632000023616,520.673762343748,one shared preloaded model
conv-48-qa-31,lexical_only,0.8987623430843559,4.111700000066776,149.10299999610288,154.113462339254,one shared preloaded model
conv-48-qa-32,lexical_only,0.8987623430843559,7.426500000292435,266.85149999684654,275.1767623402233,one shared preloaded model
conv-48-qa-33,lexical_only,0.8987623430843559,4.49819999630563,214.2660999961663,219.66306233555628,one shared preloaded model
conv-48-qa-34,lexical_only,0.8987623430843559,4.036400001496077,226.61299999890616,231.54816234348658,one shared preloaded model
conv-48-qa-35,lexical_only,0.8987623430843559,4.400400001031812,502.5004999988596,507.79966234297575,one shared preloaded model
conv-48-qa-36,lexical_only,0.8987623430843559,4.332500000600703,186.43799999699695,191.669262340682,one shared preloaded model
conv-48-qa-37,lexical_only,0.8987623430843559,7.599800002935808,488.5234999965178,497.02206234253794,one shared preloaded model
conv-48-qa-38,lexical_only,0.8987623430843559,4.276799998478964,347.44729999511037,352.6228623366737,one shared preloaded model
conv-48-qa-39,lexical_only,0.8987623430843559,4.2608000003383495,205.6427999996231,210.8023623430458,one shared preloaded model
conv-48-qa-40,lexical_only,0.8987623430843559,4.107000000658445,222.7576000004774,227.76336234422018,one shared preloaded model
conv-48-qa-41,lexical_only,0.8987623430843559,4.1589999964344315,352.1610999960103,357.2188623355291,one shared preloaded model
conv-48-qa-42,lexical_only,0.8987623430843559,4.092000002856366,183.0095000041183,188.00026235005902,one shared preloaded model
conv-48-qa-43,lexical_only,0.8987623430843559,7.4860999957309105,230.5415000009816,238.92636233979687,one shared preloaded model
conv-48-qa-44,lexical_only,0.8987623430843559,4.168999999819789,226.49880000244593,231.56656234535006,one shared preloaded model
conv-48-qa-45,lexical_only,0.8987623430843559,4.18290000379784,231.75660000561038,236.83826235249256,one shared preloaded model
conv-48-qa-46,lexical_only,0.8987623430843559,4.42520000069635,110.58190000039758,115.90586234417829,one shared preloaded model
conv-48-qa-47,lexical_only,0.8987623430843559,4.4276999979047105,219.9118999997154,225.23836234070444,one shared preloaded model
conv-48-qa-48,lexical_only,0.8987623430843559,4.216500004986301,211.2148999949568,216.33016234302744,one shared preloaded model
conv-48-qa-49,lexical_only,0.8987623430843559,4.077500001585577,188.78720000066096,193.76346234533088,one shared preloaded model
conv-48-qa-50,lexical_only,0.8987623430843559,7.640900003025308,237.70019999938086,246.2398623454905,one shared preloaded model
conv-48-qa-51,lexical_only,0.8987623430843559,4.772800006321631,293.19070000201464,298.8622623514206,one shared preloaded model
conv-48-qa-52,lexical_only,0.8987623430843559,5.0675999955274165,232.18560000532307,238.15196234393483,one shared preloaded model
conv-48-qa-53,lexical_only,0.8987623430843559,4.168999999819789,317.79739999910817,322.8651623420123,one shared preloaded model
conv-48-qa-54,lexical_only,0.8987623430843559,4.424699996889103,222.85399999964284,228.17746233961628,one shared preloaded model
conv-48-qa-55,lexical_only,0.8987623430843559,4.41080000018701,208.23029999883147,213.53986234210282,one shared preloaded model
conv-48-qa-56,lexical_only,0.8987623430843559,4.273200000170618,230.62880000361474,235.8007623468697,one shared preloaded model
conv-48-qa-57,lexical_only,0.8987623430843559,4.12779999896884,221.44719999778317,226.47376233983636,one shared preloaded model
conv-48-qa-58,lexical_only,0.8987623430843559,4.119199998967815,222.13159999955678,227.14956234160894,one shared preloaded model
conv-48-qa-59,lexical_only,0.8987623430843559,3.8882000008015893,223.79700000601588,228.5839623499018,one shared preloaded model
conv-48-qa-60,lexical_only,0.8987623430843559,4.480999996303581,511.96680000430206,517.34656234369,one shared preloaded model
conv-48-qa-61,lexical_only,0.8987623430843559,4.11589999566786,203.2214999999269,208.2361623386791,one shared preloaded model
conv-48-qa-62,lexical_only,0.8987623430843559,4.175699999905191,119.24110000109067,124.31556234408022,one shared preloaded model
conv-48-qa-63,lexical_only,0.8987623430843559,4.794699998456053,200.96849999390543,206.66196233544582,one shared preloaded model
conv-48-qa-64,lexical_only,0.8987623430843559,4.089200003363658,106.44780000438914,111.43576235083715,one shared preloaded model
conv-48-qa-65,lexical_only,0.8987623430843559,7.973500003572553,208.48839999962365,217.36066234628055,one shared preloaded model
conv-48-qa-66,lexical_only,0.8987623430843559,4.104600004211534,226.49200000159908,231.49536234889496,one shared preloaded model
conv-48-qa-67,lexical_only,0.8987623430843559,4.518399997323286,207.4542999980622,212.87146233846983,one shared preloaded model
conv-48-qa-68,lexical_only,0.8987623430843559,4.036799997265916,277.9926000002888,282.92816234063906,one shared preloaded model
conv-48-qa-69,lexical_only,0.8987623430843559,4.168300001765601,103.20389999833424,108.2709623431842,one shared preloaded model
conv-48-qa-70,lexical_only,0.8987623430843559,7.500499996240251,122.16569999873172,130.56496233805632,one shared preloaded model
conv-48-qa-71,lexical_only,0.8987623430843559,7.551200003945269,215.24079999653623,223.69076234356584,one shared preloaded model
conv-48-qa-72,lexical_only,0.8987623430843559,5.6035000015981495,229.08299999835435,235.58526234303685,one shared preloaded model
conv-48-qa-73,lexical_only,0.8987623430843559,4.477099995710887,237.20199999661418,242.5778623354094,one shared preloaded model
conv-48-qa-74,lexical_only,0.8987623430843559,4.364299995359033,188.48540000180947,193.74846234025284,one shared preloaded model
conv-48-qa-75,lexical_only,0.8987623430843559,8.000699999684002,221.71040000102948,230.60986234379783,one shared preloaded model
conv-48-qa-76,lexical_only,0.8987623430843559,4.005299997515976,493.61599999974715,498.52006234034747,one shared preloaded model
conv-48-qa-77,lexical_only,0.8987623430843559,4.360500002803747,193.80760000058217,199.06686234647026,one shared preloaded model
conv-48-qa-78,lexical_only,0.8987623430843559,6.59530000120867,219.67149999545654,227.16556233974956,one shared preloaded model
conv-48-qa-79,lexical_only,0.8987623430843559,3.9980000001378357,213.52860000479268,218.42536234801486,one shared preloaded model
conv-48-qa-80,lexical_only,0.8987623430843559,4.141700002946891,117.12450000050012,122.16496234653137,one shared preloaded model
conv-48-qa-81,lexical_only,0.8987623430843559,7.617899995238986,216.56959999381797,225.0862623321413,one shared preloaded model
conv-48-qa-82,lexical_only,0.8987623430843559,4.404799998155795,386.06219999928726,391.3657623405274,one shared preloaded model
conv-48-qa-83,lexical_only,0.8987623430843559,4.5189000011305325,206.01790000364417,211.43556234785905,one shared preloaded model
conv-48-qa-84,lexical_only,0.8987623430843559,4.329900002630893,217.4181000009412,222.64676234665643,one shared preloaded model
conv-48-qa-85,lexical_only,0.8987623430843559,4.049800001666881,150.61299999797484,155.56156234272606,one shared preloaded model
conv-48-qa-86,lexical_only,0.8987623430843559,4.637700003513601,235.63900000590365,241.1754623525016,one shared preloaded model
conv-48-qa-87,lexical_only,0.8987623430843559,4.020100001071114,223.85480000230018,228.77366234645564,one shared preloaded model
conv-48-qa-88,lexical_only,0.8987623430843559,4.292400000849739,211.9098999974085,217.10106234134258,one shared preloaded model
conv-48-qa-89,lexical_only,0.8987623430843559,4.120500001590699,205.38769999984652,210.40696234452156,one shared preloaded model
conv-48-qa-90,lexical_only,0.8987623430843559,4.078400001162663,228.9879000018118,233.9650623460588,one shared preloaded model
conv-48-qa-91,lexical_only,0.8987623430843559,4.268400000000838,193.8337000028696,199.00086234595477,one shared preloaded model
conv-48-qa-92,lexical_only,0.8987623430843559,6.281999994826037,216.84779999486636,224.02856233277674,one shared preloaded model
conv-48-qa-93,lexical_only,0.8987623430843559,3.9514999953098595,218.7426000018604,223.5928623402546,one shared preloaded model
conv-48-qa-94,lexical_only,0.8987623430843559,4.083899999386631,104.8878000001423,109.8704623426133,one shared preloaded model
conv-48-qa-95,lexical_only,0.8987623430843559,7.404599993606098,191.6131000034511,199.91646234014155,one shared preloaded model
conv-48-qa-96,lexical_only,0.8987623430843559,4.545100004179403,218.27579999808222,223.71966234534597,one shared preloaded model
conv-48-qa-97,lexical_only,0.8987623430843559,4.363299995020498,93.2630999959656,98.52516233407046,one shared preloaded model
conv-48-qa-98,lexical_only,0.8987623430843559,4.688799999712501,217.7058999950532,223.29346233785003,one shared preloaded model
conv-48-qa-99,lexical_only,0.8987623430843559,4.953800002112985,187.2748000023421,193.12736234753942,one shared preloaded model
conv-48-qa-100,lexical_only,0.8987623430843559,7.881600002292544,203.5942000002251,212.374562345602,one shared preloaded model
conv-48-qa-101,lexical_only,0.8987623430843559,4.191100000753067,342.19519999896875,347.28506234280616,one shared preloaded model
conv-48-qa-102,lexical_only,0.8987623430843559,4.582199995638803,232.38670000137063,237.86766234009377,one shared preloaded model
conv-48-qa-103,lexical_only,0.8987623430843559,4.314600002544466,210.45779999985825,215.67116234548706,one shared preloaded model
conv-48-qa-104,lexical_only,0.8987623430843559,4.711900000984315,233.74289999628672,239.35356234035538,one shared preloaded model
conv-48-qa-105,lexical_only,0.8987623430843559,4.206700003123842,845.4014999952051,850.5069623414133,one shared preloaded model
conv-48-qa-106,lexical_only,0.8987623430843559,4.4612000056076795,215.0409999958356,220.4009623445276,one shared preloaded model
conv-48-qa-107,lexical_only,0.8987623430843559,4.563499998766929,201.0184000027948,206.48066234464608,one shared preloaded model
conv-48-qa-108,lexical_only,0.8987623430843559,4.364399996120483,199.81540000298992,205.07856234219474,one shared preloaded model
conv-48-qa-109,lexical_only,0.8987623430843559,4.297000006772578,215.7768000033684,220.97256235322533,one shared preloaded model
conv-48-qa-110,lexical_only,0.8987623430843559,4.439599993929733,398.8293000002159,404.16766233722996,one shared preloaded model
conv-48-qa-111,lexical_only,0.8987623430843559,5.36860000283923,230.57890000200132,236.8462623479249,one shared preloaded model
conv-48-qa-112,lexical_only,0.8987623430843559,4.20769999618642,253.17369999538641,258.2801623346572,one shared preloaded model
conv-48-qa-113,lexical_only,0.8987623430843559,4.112299997359514,211.56400000472786,216.57506234517172,one shared preloaded model
conv-48-qa-114,lexical_only,0.8987623430843559,4.0103999999701045,228.82319999916945,233.7323623422239,one shared preloaded model
conv-48-qa-115,lexical_only,0.8987623430843559,4.323399996792432,193.37090000044554,198.59306234032232,one shared preloaded model
conv-48-qa-116,lexical_only,0.8987623430843559,7.0793999984744005,203.72579999821028,211.70396233976902,one shared preloaded model
conv-48-qa-117,lexical_only,0.8987623430843559,4.5266000015544705,231.467600002361,236.8929623469998,one shared preloaded model
conv-48-qa-118,lexical_only,0.8987623430843559,4.091900002094917,165.95830000005662,170.94896234523588,one shared preloaded model
conv-48-qa-119,lexical_only,0.8987623430843559,7.596100003866013,228.49529999803053,236.9901623449809,one shared preloaded model
conv-48-qa-120,lexical_only,0.8987623430843559,4.453800000192132,321.16120000137016,326.51376234464664,one shared preloaded model
conv-48-qa-121,lexical_only,0.8987623430843559,4.7407000020029955,191.56590000056894,197.20536234565628,one shared preloaded model
conv-48-qa-122,lexical_only,0.8987623430843559,8.129699999699369,203.48180000291904,212.51026234570276,one shared preloaded model
conv-48-qa-123,lexical_only,0.8987623430843559,4.327099995862227,1273.397600001772,1278.6234623407186,one shared preloaded model
conv-48-qa-124,lexical_only,0.8987623430843559,4.425500002980698,631.5399999948568,636.8642623409219,one shared preloaded model
conv-48-qa-125,lexical_only,0.8987623430843559,4.283800000848714,221.57429999788292,226.75686234181597,one shared preloaded model
conv-48-qa-126,lexical_only,0.8987623430843559,4.273899998224806,341.8660999959684,347.03876233727755,one shared preloaded model
conv-48-qa-127,lexical_only,0.8987623430843559,4.594300000462681,227.45800000120653,232.95106234475355,one shared preloaded model
conv-48-qa-128,lexical_only,0.8987623430843559,4.512400002568029,129.2671999981394,134.67836234379178,one shared preloaded model
conv-48-qa-129,lexical_only,0.8987623430843559,8.010799996554852,227.94140000041807,236.85096234005727,one shared preloaded model
conv-48-qa-130,lexical_only,0.8987623430843559,4.222099996695761,296.9593000016175,302.0801623413976,one shared preloaded model
conv-48-qa-131,lexical_only,0.8987623430843559,4.385899999761023,1037.1369000058621,1042.4215623487075,one shared preloaded model
conv-48-qa-132,lexical_only,0.8987623430843559,4.233400002704002,215.06000000226777,220.19216234805612,one shared preloaded model
conv-48-qa-133,lexical_only,0.8987623430843559,4.367400004412048,792.9164999950444,798.1826623425409,one shared preloaded model
conv-48-qa-134,lexical_only,0.8987623430843559,4.563899994536769,171.63330000039423,177.09596233801534,one shared preloaded model
conv-48-qa-135,lexical_only,0.8987623430843559,7.371600004262291,418.7898000018322,427.0601623491788,one shared preloaded model
conv-48-qa-136,lexical_only,0.8987623430843559,4.302800000004936,334.2683000009856,339.4698623440749,one shared preloaded model
conv-48-qa-137,lexical_only,0.8987623430843559,4.805899996426888,111.4845999982208,117.18926233773205,one shared preloaded model
conv-48-qa-138,lexical_only,0.8987623430843559,7.950399995024782,205.18850000371458,214.0376623418237,one shared preloaded model
conv-48-qa-139,lexical_only,0.8987623430843559,3.93179999809945,1215.4028000004473,1220.2333623416312,one shared preloaded model
conv-48-qa-140,lexical_only,0.8987623430843559,5.068400001619011,401.19270000286633,407.1598623475697,one shared preloaded model
conv-48-qa-141,lexical_only,0.8987623430843559,4.26809999771649,148.07839999411954,153.24526233492037,one shared preloaded model
conv-48-qa-142,lexical_only,0.8987623430843559,8.065399997576606,351.2327999997069,360.19696234036786,one shared preloaded model
conv-48-qa-143,lexical_only,0.8987623430843559,5.485900001076516,211.43550000124378,217.82016234540464,one shared preloaded model
conv-48-qa-144,lexical_only,0.8987623430843559,4.159799995250069,213.36280000105035,218.42136233938476,one shared preloaded model
conv-48-qa-145,lexical_only,0.8987623430843559,4.888999996182974,218.66969999973662,224.45746233900394,one shared preloaded model
conv-48-qa-146,lexical_only,0.8987623430843559,4.027099996164907,365.8616000029724,370.78746234222166,one shared preloaded model
conv-48-qa-147,lexical_only,0.8987623430843559,4.578200001560617,228.65810000075726,234.13506234540222,one shared preloaded model
conv-48-qa-148,lexical_only,0.8987623430843559,4.377000004751608,146.02449999802047,151.30026234585642,one shared preloaded model
conv-48-qa-149,lexical_only,0.8987623430843559,7.500100000470411,203.3339999979944,211.73286234154915,one shared preloaded model
conv-48-qa-150,lexical_only,0.8987623430843559,4.427199994097464,190.25970000075176,195.58566233793357,one shared preloaded model
conv-48-qa-151,lexical_only,0.8987623430843559,4.760000003443565,216.90870000020368,222.5674623467316,one shared preloaded model
conv-48-qa-152,lexical_only,0.8987623430843559,4.4716999982483685,232.81799999676878,238.1884623381015,one shared preloaded model
conv-48-qa-153,lexical_only,0.8987623430843559,4.403200000524521,530.0825000012992,535.3844623449081,one shared preloaded model
conv-48-qa-154,lexical_only,0.8987623430843559,4.597699997248128,180.3994000001694,185.89586234050188,one shared preloaded model
conv-48-qa-155,lexical_only,0.8987623430843559,7.474700003513135,216.48230000573676,224.85576235233424,one shared preloaded model
conv-48-qa-156,lexical_only,0.8987623430843559,4.622899999958463,553.9839999983087,559.5056623413516,one shared preloaded model
conv-48-qa-157,lexical_only,0.8987623430843559,4.152499997871928,208.43180000520078,213.48306234615706,one shared preloaded model
conv-48-qa-158,lexical_only,0.8987623430843559,4.863499998464249,281.41779999714345,287.18006233869204,one shared preloaded model
conv-48-qa-159,lexical_only,0.8987623430843559,4.375399999844376,166.2676999985706,171.54186234149932,one shared preloaded model
conv-48-qa-160,lexical_only,0.8987623430843559,7.453099999111146,214.59770000365097,222.94956234584646,one shared preloaded model
conv-48-qa-161,lexical_only,0.8987623430843559,4.390800000692252,201.40779999928782,206.6973623430644,one shared preloaded model
conv-48-qa-162,lexical_only,0.8987623430843559,4.346200003055856,222.04020000208402,227.28516234822422,one shared preloaded model
conv-48-qa-163,lexical_only,0.8987623430843559,4.208400001516566,1058.4607999990112,1063.5679623436122,one shared preloaded model
conv-48-qa-164,lexical_only,0.8987623430843559,4.390000001876615,200.95369999762625,206.2424623425872,one shared preloaded model
conv-48-qa-165,lexical_only,0.8987623430843559,4.95519999822136,171.97780000424245,177.83176234554816,one shared preloaded model
conv-48-qa-166,lexical_only,0.8987623430843559,7.668499994906597,197.48680000338936,206.0540623413803,one shared preloaded model
conv-48-qa-167,lexical_only,0.8987623430843559,5.160900000191759,503.5392999998294,509.5989623431055,one shared preloaded model
conv-48-qa-168,lexical_only,0.8987623430843559,5.009399996197317,356.7490999994334,362.65726233871504,one shared preloaded model
conv-48-qa-169,lexical_only,0.8987623430843559,4.517699999269098,354.5467000003555,359.9631623427089,one shared preloaded model
conv-48-qa-170,lexical_only,0.8987623430843559,4.578800006129313,1633.0756999959704,1638.553262345184,one shared preloaded model
conv-48-qa-171,lexical_only,0.8987623430843559,4.579599997668993,230.12899999594083,235.60736233669417,one shared preloaded model
conv-48-qa-172,lexical_only,0.8987623430843559,4.487199999857694,401.34350000153063,406.72946234447267,one shared preloaded model
conv-48-qa-173,lexical_only,0.8987623430843559,4.311800003051758,216.12179999647196,221.33236234260806,one shared preloaded model
conv-48-qa-174,lexical_only,0.8987623430843559,4.317799997807015,215.95890000025975,221.1754623411511,one shared preloaded model
conv-48-qa-175,lexical_only,0.8987623430843559,4.353199998149648,205.06509999540867,210.31706233664266,one shared preloaded model
conv-48-qa-176,lexical_only,0.8987623430843559,4.276899999240413,593.0531000049086,598.2287623472334,one shared preloaded model
conv-48-qa-177,lexical_only,0.8987623430843559,4.5629000014741905,220.18499999830965,225.64666234286818,one shared preloaded model
conv-48-qa-178,lexical_only,0.8987623430843559,4.563800001051277,524.0924999961862,529.5550623403219,one shared preloaded model
conv-48-qa-179,lexical_only,0.8987623430843559,4.836500003875699,235.1937999992515,240.92906234621154,one shared preloaded model
conv-48-qa-180,lexical_only,0.8987623430843559,4.15219999558758,228.7575000009383,233.80846233961023,one shared preloaded model
conv-48-qa-181,lexical_only,0.8987623430843559,4.58999999682419,213.42580000055023,218.91456234045876,one shared preloaded model
conv-48-qa-182,lexical_only,0.8987623430843559,4.301599998143502,416.7615999976988,421.96196233892664,one shared preloaded model
conv-48-qa-183,lexical_only,0.8987623430843559,4.026399998110719,698.6586999992142,703.5838623404093,one shared preloaded model
conv-48-qa-184,lexical_only,0.8987623430843559,4.4580000030691735,220.08370000548894,225.44046235164245,one shared preloaded model
conv-48-qa-185,lexical_only,0.8987623430843559,4.084600004716776,113.35929999768268,118.34266234548382,one shared preloaded model
conv-48-qa-186,lexical_only,0.8987623430843559,7.749900003545918,217.3763000027975,226.02496234942777,one shared preloaded model
conv-48-qa-187,lexical_only,0.8987623430843559,4.393600000184961,570.292000003974,575.5843623472433,one shared preloaded model
conv-48-qa-188,lexical_only,0.8987623430843559,4.194000001007225,229.81240000081016,234.90516234490173,one shared preloaded model
conv-48-qa-189,lexical_only,0.8987623430843559,4.511099999945145,134.26340000296477,139.67326234599426,one shared preloaded model
conv-48-qa-190,lexical_only,0.8987623430843559,7.506099995225668,326.10160000331234,334.50646234162235,one shared preloaded model
conv-48-qa-191,lexical_only,0.8987623430843559,4.113899994990788,166.0189000031096,171.03156234118472,one shared preloaded model
conv-48-qa-192,lexical_only,0.8987623430843559,7.754500002192799,221.25599999708356,229.9092623423607,one shared preloaded model
conv-48-qa-193,lexical_only,0.8987623430843559,4.174599998805206,244.11110000073677,249.18446234262632,one shared preloaded model
conv-48-qa-194,lexical_only,0.8987623430843559,3.9433999991160817,223.73230000084732,228.57446234304774,one shared preloaded model
conv-48-qa-195,lexical_only,0.8987623430843559,4.269600001862273,215.53290000156267,220.70126234650928,one shared preloaded model
conv-48-qa-196,lexical_only,0.8987623430843559,3.8549000018974766,305.72559999563964,310.47926234062146,one shared preloaded model
conv-48-qa-197,lexical_only,0.8987623430843559,4.2871000041486695,210.82140000362415,216.00726235085716,one shared preloaded model
conv-48-qa-198,lexical_only,0.8987623430843559,4.446899998583831,220.49780000088504,225.8434623425532,one shared preloaded model
conv-48-qa-199,lexical_only,0.8987623430843559,4.87750000320375,226.47139999753563,232.24766234382372,one shared preloaded model
conv-48-qa-200,lexical_only,0.8987623430843559,4.364300002634991,209.2010999986087,214.46416234432803,one shared preloaded model
conv-48-qa-201,lexical_only,0.8987623430843559,3.959100002248306,223.73160000279313,228.58946234812578,one shared preloaded model
conv-48-qa-202,lexical_only,0.8987623430843559,5.000500001187902,217.12279999337625,223.0220623376485,one shared preloaded model
conv-48-qa-203,lexical_only,0.8987623430843559,4.070300004968885,222.61160000198288,227.5806623500361,one shared preloaded model
conv-48-qa-204,lexical_only,0.8987623430843559,4.579399996146094,215.4551999992691,220.93336233849953,one shared preloaded model
conv-48-qa-205,lexical_only,0.8987623430843559,4.276200001186226,223.26910000265343,228.444062346924,one shared preloaded model
conv-48-qa-206,lexical_only,0.8987623430843559,3.948999998101499,194.58570000278996,199.4334623439758,one shared preloaded model
conv-48-qa-207,lexical_only,0.8987623430843559,6.912099997862242,231.28320000250824,239.09406234345482,one shared preloaded model
conv-48-qa-208,lexical_only,0.8987623430843559,4.5144000032451,223.98669999529375,229.3998623416232,one shared preloaded model
conv-48-qa-209,lexical_only,0.8987623430843559,3.8308000002871267,235.68669999804115,240.41626234141262,one shared preloaded model
conv-48-qa-210,lexical_only,0.8987623430843559,4.086000000825152,223.079700001108,228.0644623450175,one shared preloaded model
conv-48-qa-211,lexical_only,0.8987623430843559,4.206999998132233,221.7834999974002,226.8892623386168,one shared preloaded model
conv-48-qa-212,lexical_only,0.8987623430843559,4.018200001155492,220.431900001131,225.34886234537083,one shared preloaded model
conv-48-qa-213,lexical_only,0.8987623430843559,4.78329999896232,192.07340000139084,197.7554623434375,one shared preloaded model
conv-48-qa-214,lexical_only,0.8987623430843559,8.093899996310938,227.74189999472583,236.7345623341211,one shared preloaded model
conv-48-qa-215,lexical_only,0.8987623430843559,4.513300002145115,567.2830999974394,572.6951623426689,one shared preloaded model
conv-48-qa-216,lexical_only,0.8987623430843559,4.727699997602031,221.13079999689944,226.75726233758581,one shared preloaded model
conv-48-qa-217,lexical_only,0.8987623430843559,4.113099996175151,133.07870000426192,138.0905623435214,one shared preloaded model
conv-48-qa-218,lexical_only,0.8987623430843559,7.7671000035479665,228.34779999539023,237.01366234202254,one shared preloaded model
conv-48-qa-219,lexical_only,0.8987623430843559,4.283000002033077,217.13849999650847,222.3202623416259,one shared preloaded model
conv-48-qa-220,lexical_only,0.8987623430843559,4.234200001519639,220.6761000052211,225.80906234982507,one shared preloaded model
conv-48-qa-221,lexical_only,0.8987623430843559,4.454500005522277,202.72420000401326,208.07746235261988,one shared preloaded model
conv-48-qa-222,lexical_only,0.8987623430843559,4.004800000984687,865.4095999954734,870.3131623395425,one shared preloaded model
conv-48-qa-223,lexical_only,0.8987623430843559,4.154200003540609,216.4766000059899,221.52956235261485,one shared preloaded model
conv-48-qa-224,lexical_only,0.8987623430843559,4.393900002469309,198.67810000141617,203.97076234696982,one shared preloaded model
conv-48-qa-225,lexical_only,0.8987623430843559,4.187200000160374,219.409799996356,224.49576233960073,one shared preloaded model
conv-48-qa-226,lexical_only,0.8987623430843559,3.9806000058888458,454.4112999938079,459.2906623427811,one shared preloaded model
conv-48-qa-227,lexical_only,0.8987623430843559,5.419099994469434,219.19879999768455,225.51666233523832,one shared preloaded model
conv-48-qa-228,lexical_only,0.8987623430843559,4.234200001519639,182.17189999995753,187.3048623445615,one shared preloaded model
conv-48-qa-229,lexical_only,0.8987623430843559,7.986500000697561,1621.6113999980735,1630.4966623418554,one shared preloaded model
conv-48-qa-230,lexical_only,0.8987623430843559,5.112099999678321,98.42009999556467,104.43096233832735,one shared preloaded model
conv-48-qa-231,lexical_only,0.8987623430843559,7.948999998916406,237.81310000049416,246.6608623424949,one shared preloaded model
conv-48-qa-232,lexical_only,0.8987623430843559,4.495300003327429,217.04509999835864,222.4391623447704,one shared preloaded model
conv-48-qa-233,lexical_only,0.8987623430843559,4.172300003119744,213.16189999924973,218.2329623454538,one shared preloaded model
conv-48-qa-234,lexical_only,0.8987623430843559,4.278899999917485,219.24799999396782,224.42566233696965,one shared preloaded model
conv-48-qa-235,lexical_only,0.8987623430843559,4.281699999410193,216.3784999938798,221.55896233637435,one shared preloaded model
conv-48-qa-236,lexical_only,0.8987623430843559,4.246899996360298,231.2418000001344,236.38746233957903,one shared preloaded model
conv-48-qa-237,lexical_only,0.8987623430843559,4.554099999950267,381.03480000427226,386.48766234730687,one shared preloaded model
conv-48-qa-238,lexical_only,0.8987623430843559,4.581599998346064,479.20110000268323,484.68146234411364,one shared preloaded model
conv-49-qa-0,lexical_only,0.7231571428431436,4.4390999973984435,161.2920999978087,166.45435713805028,one shared preloaded model
conv-49-qa-1,lexical_only,0.7231571428431436,7.571299996925518,148.2668000026024,156.56125714237106,one shared preloaded model
conv-49-qa-2,lexical_only,0.7231571428431436,7.451499994203914,168.21119999804068,176.38585713508775,one shared preloaded model
conv-49-qa-3,lexical_only,0.7231571428431436,4.049399998621084,122.29060000390746,127.06315714537169,one shared preloaded model
conv-49-qa-4,lexical_only,0.7231571428431436,7.568799999717157,219.30409999913536,227.59605714169567,one shared preloaded model
conv-49-qa-5,lexical_only,0.7231571428431436,4.040499996335711,220.78160000091884,225.5452571400977,one shared preloaded model
conv-49-qa-6,lexical_only,0.7231571428431436,4.181500000413507,103.40290000021923,108.30755714347589,one shared preloaded model
conv-49-qa-7,lexical_only,0.7231571428431436,7.870400004321709,223.72780000296189,232.32135715012674,one shared preloaded model
conv-49-qa-8,lexical_only,0.7231571428431436,4.200900002615526,230.97039999993285,235.89445714539153,one shared preloaded model
conv-49-qa-9,lexical_only,0.7231571428431436,4.246899996360298,479.7344999969937,484.70455713619714,one shared preloaded model
conv-49-qa-10,lexical_only,0.7231571428431436,4.9339000033796765,229.553199998918,235.21025714514082,one shared preloaded model
conv-49-qa-11,lexical_only,0.7231571428431436,4.434599999513011,214.41309999499936,219.57085713735552,one shared preloaded model
conv-49-qa-12,lexical_only,0.7231571428431436,4.314300000260118,355.91450000356417,360.95195714666744,one shared preloaded model
conv-49-qa-13,lexical_only,0.7231571428431436,4.870500000833999,473.86760000517825,479.4612571488554,one shared preloaded model
conv-49-qa-14,lexical_only,0.7231571428431436,4.75670000014361,219.76749999885214,225.2473571418389,one shared preloaded model
conv-49-qa-15,lexical_only,0.7231571428431436,4.233099993143696,357.6288000040222,362.58505714000904,one shared preloaded model
conv-49-qa-16,lexical_only,0.7231571428431436,4.256500003975816,289.3432999990182,294.32295714583717,one shared preloaded model
conv-49-qa-17,lexical_only,0.7231571428431436,4.037099999550264,340.1131999999052,344.8734571422986,one shared preloaded model
conv-49-qa-18,lexical_only,0.7231571428431436,4.837500004214235,486.4898000014364,492.05045714849376,one shared preloaded model
conv-49-qa-19,lexical_only,0.7231571428431436,5.1004999986616895,476.6460000028019,482.4696571443067,one shared preloaded model
conv-49-qa-20,lexical_only,0.7231571428431436,4.73000000056345,221.6277999978047,227.0809571412113,one shared preloaded model
conv-49-qa-21,lexical_only,0.7231571428431436,4.442999997991137,803.7126999988686,808.8788571397029,one shared preloaded model
conv-49-qa-22,lexical_only,0.7231571428431436,4.616900005203206,501.95030000031693,507.2903571483633,one shared preloaded model
conv-49-qa-23,lexical_only,0.7231571428431436,4.324399997130968,483.78450000018347,488.8320571401576,one shared preloaded model
conv-49-qa-24,lexical_only,0.7231571428431436,5.40270000055898,235.9093999984907,242.03525714189283,one shared preloaded model
conv-49-qa-25,lexical_only,0.7231571428431436,4.324100002122577,217.12799999659183,222.17525714155755,one shared preloaded model
conv-49-qa-26,lexical_only,0.7231571428431436,4.082799998286646,321.9524999949499,326.7584571360797,one shared preloaded model
conv-49-qa-27,lexical_only,0.7231571428431436,5.261899998004083,139.83200000075158,145.8170571415988,one shared preloaded model
conv-49-qa-28,lexical_only,0.7231571428431436,8.082099993771408,227.2577999974601,236.06305713407465,one shared preloaded model
conv-49-qa-29,lexical_only,0.7231571428431436,4.623599998012651,186.65129999862984,191.99805713948564,one shared preloaded model
conv-49-qa-30,lexical_only,0.7231571428431436,7.552800001576543,217.44200000102865,225.71795714544834,one shared preloaded model
conv-49-qa-31,lexical_only,0.7231571428431436,4.527000004600268,217.92020000430057,223.17035715174399,one shared preloaded model
conv-49-qa-32,lexical_only,0.7231571428431436,4.130599998461548,223.19200000492856,228.04575714623326,one shared preloaded model
conv-49-qa-33,lexical_only,0.7231571428431436,4.064900000230409,1044.0730000045733,1048.8610571476468,one shared preloaded model
conv-49-qa-34,lexical_only,0.7231571428431436,4.123800004890654,114.23579999973299,119.0827571474668,one shared preloaded model
conv-49-qa-35,lexical_only,0.7231571428431436,7.564499996078666,336.1356000023079,344.4232571412297,one shared preloaded model
conv-49-qa-36,lexical_only,0.7231571428431436,4.762000004120637,292.51929999736603,298.0044571443298,one shared preloaded model
conv-49-qa-37,lexical_only,0.7231571428431436,4.754500005219597,154.117000005499,159.59465715356174,one shared preloaded model
conv-49-qa-38,lexical_only,0.7231571428431436,8.190500004275236,147.41829999547917,156.33195714259756,one shared preloaded model
conv-49-qa-39,lexical_only,0.7231571428431436,8.261800001491793,106.55850000330247,115.54345714763741,one shared preloaded model
conv-49-qa-40,lexical_only,0.7231571428431436,7.5604000012390316,489.44590000610333,497.7294571501855,one shared preloaded model
conv-49-qa-41,lexical_only,0.7231571428431436,4.168499996012542,217.64190000249073,222.53355714134642,one shared preloaded model
conv-49-qa-42,lexical_only,0.7231571428431436,4.135800001677126,404.7518000006676,409.61075714518785,one shared preloaded model
conv-49-qa-43,lexical_only,0.7231571428431436,4.880300002696458,229.50649999984307,235.10995714538268,one shared preloaded model
conv-49-qa-44,lexical_only,0.7231571428431436,4.102999999304302,148.32490000117105,153.1510571433185,one shared preloaded model
conv-49-qa-45,lexical_only,0.7231571428431436,7.448700001987163,160.05540000332985,168.22725714816016,one shared preloaded model
conv-49-qa-46,lexical_only,0.7231571428431436,8.301200003188569,221.47440000117058,230.4987571472023,one shared preloaded model
conv-49-qa-47,lexical_only,0.7231571428431436,4.0566999959992245,328.7412999998196,333.521157138662,one shared preloaded model
conv-49-qa-48,lexical_only,0.7231571428431436,4.37959999544546,202.8123999989475,207.91515713723612,one shared preloaded model
conv-49-qa-49,lexical_only,0.7231571428431436,4.145800005062483,233.64790000050562,238.51685714841125,one shared preloaded model
conv-49-qa-50,lexical_only,0.7231571428431436,4.232599996612407,223.5484999982873,228.50425713774285,one shared preloaded model
conv-49-qa-51,lexical_only,0.7231571428431436,4.506199999013916,226.04060000594473,231.2699571478018,one shared preloaded model
conv-49-qa-52,lexical_only,0.7231571428431436,4.220299997541588,219.84729999530828,224.790757135693,one shared preloaded model
conv-49-qa-53,lexical_only,0.7231571428431436,4.259399996954016,496.6824999937671,501.6650571335643,one shared preloaded model
conv-49-qa-54,lexical_only,0.7231571428431436,4.694399998697918,382.76110000151675,388.1786571430578,one shared preloaded model
conv-49-qa-55,lexical_only,0.7231571428431436,4.282900001271628,218.4592999983579,223.46535714247267,one shared preloaded model
conv-49-qa-56,lexical_only,0.7231571428431436,4.338700004154816,223.98360000079265,229.04545714779061,one shared preloaded model
conv-49-qa-57,lexical_only,0.7231571428431436,4.135100003622938,216.3180000061402,221.1762571526063,one shared preloaded model
conv-49-qa-58,lexical_only,0.7231571428431436,4.204400000162423,489.7099000008893,494.6374571438949,one shared preloaded model
conv-49-qa-59,lexical_only,0.7231571428431436,4.364200001873542,479.38589999830583,484.4732571430225,one shared preloaded model
conv-49-qa-60,lexical_only,0.7231571428431436,4.8433000047225505,436.2260999987484,441.7925571463141,one shared preloaded model
conv-49-qa-61,lexical_only,0.7231571428431436,6.032400000549387,234.93410000082804,241.68965714422058,one shared preloaded model
conv-49-qa-62,lexical_only,0.7231571428431436,4.8104000015882775,209.09989999927348,214.6334571437049,one shared preloaded model
conv-49-qa-63,lexical_only,0.7231571428431436,3.9697999964118935,208.70649999415036,213.3994571334054,one shared preloaded model
conv-49-qa-64,lexical_only,0.7231571428431436,3.9509999987785704,239.24439999973401,243.91855714135573,one shared preloaded model
conv-49-qa-65,lexical_only,0.7231571428431436,4.064100001414772,226.4424999957555,231.22975714001342,one shared preloaded model
conv-49-qa-66,lexical_only,0.7231571428431436,4.619300001650117,222.7125999997952,228.05505714428847,one shared preloaded model
conv-49-qa-67,lexical_only,0.7231571428431436,4.207500001939479,219.2533000052208,224.18395715000344,one shared preloaded model
conv-49-qa-68,lexical_only,0.7231571428431436,4.109900000912603,207.35810000041965,212.1911571441754,one shared preloaded model
conv-49-qa-69,lexical_only,0.7231571428431436,4.8250000036205165,483.8798999990104,489.42805714547404,one shared preloaded model
conv-49-qa-70,lexical_only,0.7231571428431436,4.100400001334492,214.38140000100248,219.20495714518012,one shared preloaded model
conv-49-qa-71,lexical_only,0.7231571428431436,4.087100001925137,208.53139999962877,213.34165714439706,one shared preloaded model
conv-49-qa-72,lexical_only,0.7231571428431436,4.133899994485546,380.6858000025386,385.5428571398673,one shared preloaded model
conv-49-qa-73,lexical_only,0.7231571428431436,4.621799998858478,126.56150000111666,131.90645714281828,one shared preloaded model
conv-49-qa-74,lexical_only,0.7231571428431436,7.494199999200646,313.08030000218423,321.297657144228,one shared preloaded model
conv-49-qa-75,lexical_only,0.7231571428431436,4.343599997810088,212.0855999964988,217.15235713715202,one shared preloaded model
conv-49-qa-76,lexical_only,0.7231571428431436,3.976700005296152,342.0352000030107,346.73505715115,one shared preloaded model
conv-49-qa-77,lexical_only,0.7231571428431436,4.502700001467019,211.9005999993533,217.12645714366346,one shared preloaded model
conv-49-qa-78,lexical_only,0.7231571428431436,4.127000000153203,361.71839999587974,366.5685571388761,one shared preloaded model
conv-49-qa-79,lexical_only,0.7231571428431436,4.276599996956065,163.66370000469033,168.66345714448954,one shared preloaded model
conv-49-qa-80,lexical_only,0.7231571428431436,7.43730000249343,518.5859999983222,526.7464571436587,one shared preloaded model
conv-49-qa-81,lexical_only,0.7231571428431436,4.975099996954668,234.5013000012841,240.19955714108193,one shared preloaded model
conv-49-qa-82,lexical_only,0.7231571428431436,4.243900002620649,152.36419999564532,157.33125714110912,one shared preloaded model
conv-49-qa-83,lexical_only,0.7231571428431436,8.232500003941823,180.60130000230856,189.55695714909353,one shared preloaded model
conv-49-qa-84,lexical_only,0.7231571428431436,7.434300001477823,1196.924099996977,1205.081557141298,one shared preloaded model
conv-49-qa-85,lexical_only,0.7231571428431436,4.822599999897648,227.91529999813065,233.46105714087145,one shared preloaded model
conv-49-qa-86,lexical_only,0.7231571428431436,4.2388000001665205,236.129400000209,241.09135714321866,one shared preloaded model
conv-49-qa-87,lexical_only,0.7231571428431436,4.47340000391705,168.11210000014398,173.30865714690418,one shared preloaded model
conv-49-qa-88,lexical_only,0.7231571428431436,7.5856000039493665,168.68280000198865,176.99155714878117,one shared preloaded model
conv-49-qa-89,lexical_only,0.7231571428431436,7.480699998268392,136.91690000268864,145.12075714380018,one shared preloaded model
conv-49-qa-90,lexical_only,0.7231571428431436,8.832100000290666,258.8322999945376,268.3875571376714,one shared preloaded model
conv-49-qa-91,lexical_only,0.7231571428431436,4.713100002845749,251.2767000007443,256.7129571464332,one shared preloaded model
conv-49-qa-92,lexical_only,0.7231571428431436,4.1411000056541525,210.53399999800604,215.39825714650334,one shared preloaded model
conv-49-qa-93,lexical_only,0.7231571428431436,4.230899998219684,298.56930000096327,303.5233571420261,one shared preloaded model
conv-49-qa-94,lexical_only,0.7231571428431436,4.552500002318993,230.71160000108648,235.98725714624862,one shared preloaded model
conv-49-qa-95,lexical_only,0.7231571428431436,4.328800001530908,120.84219999815105,125.8941571425251,one shared preloaded model
conv-49-qa-96,lexical_only,0.7231571428431436,7.601799996336922,125.97050000476884,134.2954571439489,one shared preloaded model
conv-49-qa-97,lexical_only,0.7231571428431436,4.644999993615784,221.81889999774285,227.18705713420178,one shared preloaded model
conv-49-qa-98,lexical_only,0.7231571428431436,4.279500004486181,115.37709999538492,120.37975714271425,one shared preloaded model
conv-49-qa-99,lexical_only,0.7231571428431436,7.4870000025839545,697.1506999980193,705.3608571434463,one shared preloaded model
conv-49-qa-100,lexical_only,0.7231571428431436,4.535700005362742,200.09039999422384,205.34925714242974,one shared preloaded model
conv-49-qa-101,lexical_only,0.7231571428431436,4.081899998709559,148.2179000013275,153.02295714288022,one shared preloaded model
conv-49-qa-102,lexical_only,0.7231571428431436,7.975199994689319,707.7311000030022,716.4294571405346,one shared preloaded model
conv-49-qa-103,lexical_only,0.7231571428431436,4.529799996817019,193.0382999998983,198.29125713955847,one shared preloaded model
conv-49-qa-104,lexical_only,0.7231571428431436,5.229299997154158,341.93840000079945,347.89085714079675,one shared preloaded model
conv-49-qa-105,lexical_only,0.7231571428431436,4.292399993573781,162.2237999981735,167.23935713459042,one shared preloaded model
conv-49-qa-106,lexical_only,0.7231571428431436,8.335400001669768,1612.178399998811,1621.236957143324,one shared preloaded model
conv-49-qa-107,lexical_only,0.7231571428431436,4.2905000009341165,193.38019999850076,198.39385714227802,one shared preloaded model
conv-49-qa-108,lexical_only,0.7231571428431436,7.209600000351202,186.48500000563217,194.41775714882652,one shared preloaded model
conv-49-qa-109,lexical_only,0.7231571428431436,7.476899998437148,190.86349999997765,199.06355714125795,one shared preloaded model
conv-49-qa-110,lexical_only,0.7231571428431436,7.5562000056379475,125.7086999976309,133.988057146112,one shared preloaded model
conv-49-qa-111,lexical_only,0.7231571428431436,8.191200002329424,149.20979999442352,158.1241571395961,one shared preloaded model
conv-49-qa-112,lexical_only,0.7231571428431436,7.627799997862894,813.3125999956974,821.6635571364034,one shared preloaded model
conv-49-qa-113,lexical_only,0.7231571428431436,5.121200003486592,226.84080000180984,232.68515714813958,one shared preloaded model
conv-49-qa-114,lexical_only,0.7231571428431436,4.158700001426041,151.3797999941744,156.26165713844358,one shared preloaded model
conv-49-qa-115,lexical_only,0.7231571428431436,7.704000003286637,160.16020000097342,168.5873571471032,one shared preloaded model
conv-49-qa-116,lexical_only,0.7231571428431436,6.859400004032068,223.14600000390783,230.72855715078305,one shared preloaded model
conv-49-qa-117,lexical_only,0.7231571428431436,4.286099996534176,412.2315999993589,417.2408571387362,one shared preloaded model
conv-49-qa-118,lexical_only,0.7231571428431436,4.719999997178093,209.1329999966547,214.57615713667593,one shared preloaded model
conv-49-qa-119,lexical_only,0.7231571428431436,4.257000000507105,164.9457000021357,169.92585714548596,one shared preloaded model
conv-49-qa-120,lexical_only,0.7231571428431436,7.652299995243084,490.0283000024501,498.40375714053636,one shared preloaded model
conv-49-qa-121,lexical_only,0.7231571428431436,4.0283999987877905,381.3730000038049,386.12455714543586,one shared preloaded model
conv-49-qa-122,lexical_only,0.7231571428431436,4.194699999061413,229.38340000109747,234.30125714300203,one shared preloaded model
conv-49-qa-123,lexical_only,0.7231571428431436,5.13890000001993,166.8680000002496,172.73005714311267,one shared preloaded model
conv-49-qa-124,lexical_only,0.7231571428431436,7.747499999823049,473.7137999982224,482.1844571408886,one shared preloaded model
conv-49-qa-125,lexical_only,0.7231571428431436,4.604199995810632,232.10069999913685,237.42805713779063,one shared preloaded model
conv-49-qa-126,lexical_only,0.7231571428431436,4.03329999971902,216.4340999952401,221.19055713780227,one shared preloaded model
conv-49-qa-127,lexical_only,0.7231571428431436,4.041699998197146,519.0091999975266,523.7740571385668,one shared preloaded model
conv-49-qa-128,lexical_only,0.7231571428431436,4.130799999984447,440.0772999943001,444.9312571371277,one shared preloaded model
conv-49-qa-129,lexical_only,0.7231571428431436,4.901499996776693,207.6292999990983,213.25395713871814,one shared preloaded model
conv-49-qa-130,lexical_only,0.7231571428431436,4.493100001127459,221.65580000000773,226.87205714397834,one shared preloaded model
conv-49-qa-131,lexical_only,0.7231571428431436,4.205700002785306,131.55440000264207,136.48325714827052,one shared preloaded model
conv-49-qa-132,lexical_only,0.7231571428431436,6.828899997344706,432.6790000050096,440.23105714519744,one shared preloaded model
conv-49-qa-133,lexical_only,0.7231571428431436,4.347099995356984,682.3764000000665,687.4466571382666,one shared preloaded model
conv-49-qa-134,lexical_only,0.7231571428431436,4.16370000311872,160.5453000011039,165.43215714706577,one shared preloaded model
conv-49-qa-135,lexical_only,0.7231571428431436,7.731099998636637,226.2135999990278,234.66785714050758,one shared preloaded model
conv-49-qa-136,lexical_only,0.7231571428431436,4.307600000174716,230.0665000002482,235.09725714326606,one shared preloaded model
conv-49-qa-137,lexical_only,0.7231571428431436,4.096399999980349,214.19779999996535,219.01735714278885,one shared preloaded model
conv-49-qa-138,lexical_only,0.7231571428431436,4.026400005386677,221.50349999719765,226.25305714542748,one shared preloaded model
conv-49-qa-139,lexical_only,0.7231571428431436,4.160500000580214,208.2425000044168,213.12615714784016,one shared preloaded model
conv-49-qa-140,lexical_only,0.7231571428431436,4.371200004243292,920.5247999998392,925.6191571469255,one shared preloaded model
conv-49-qa-141,lexical_only,0.7231571428431436,5.881900004169438,226.5910000060103,233.19605715302288,one shared preloaded model
conv-49-qa-142,lexical_only,0.7231571428431436,4.37190000229748,220.48569999606116,225.5807571412018,one shared preloaded model
conv-49-qa-143,lexical_only,0.7231571428431436,4.280200002540369,228.92299999512034,233.92635714050385,one shared preloaded model
conv-49-qa-144,lexical_only,0.7231571428431436,4.124799997953232,983.1563000043388,988.0042571451352,one shared preloaded model
conv-49-qa-145,lexical_only,0.7231571428431436,4.553099999611732,845.3707000007853,850.6469571432401,one shared preloaded model
conv-49-qa-146,lexical_only,0.7231571428431436,4.47369999892544,299.7592000028817,304.9560571446503,one shared preloaded model
conv-49-qa-147,lexical_only,0.7231571428431436,4.318300001614261,200.44439999765018,205.4858571421076,one shared preloaded model
conv-49-qa-148,lexical_only,0.7231571428431436,4.18780000472907,204.3035999959102,209.2145571434824,one shared preloaded model
conv-49-qa-149,lexical_only,0.7231571428431436,4.223900003125891,230.3475000007893,235.29455714675834,one shared preloaded model
conv-49-qa-150,lexical_only,0.7231571428431436,4.1771000032895245,299.5796999966842,304.4799571428169,one shared preloaded model
conv-49-qa-151,lexical_only,0.7231571428431436,4.862800000410061,207.06880000216188,212.6547571454151,one shared preloaded model
conv-49-qa-152,lexical_only,0.7231571428431436,4.191399995761458,141.73090000258526,146.64545714118987,one shared preloaded model
conv-49-qa-153,lexical_only,0.7231571428431436,8.076999998593237,440.6449999951292,449.44515713656557,one shared preloaded model
conv-49-qa-154,lexical_only,0.7231571428431436,4.640800005290657,623.9743999976781,629.3383571458119,one shared preloaded model
conv-49-qa-155,lexical_only,0.7231571428431436,4.382500002975576,308.43319999985397,313.5388571456727,one shared preloaded model
conv-49-qa-156,lexical_only,0.7231571428431436,4.492699998081662,168.07500000140863,173.29085714233344,one shared preloaded model
conv-49-qa-157,lexical_only,0.7231571428431436,7.48580000072252,334.5039999985602,342.71295714212584,one shared preloaded model
conv-49-qa-158,lexical_only,0.7231571428431436,4.7370000029332004,213.99899999960326,219.4591571453796,one shared preloaded model
conv-49-qa-159,lexical_only,0.7231571428431436,4.502100004174281,220.02709999651415,225.25235714353158,one shared preloaded model
conv-49-qa-160,lexical_only,0.7231571428431436,3.9173999975901097,219.43359999568202,224.07415713611528,one shared preloaded model
conv-49-qa-161,lexical_only,0.7231571428431436,3.973999999288935,303.5355000029085,308.2326571450406,one shared preloaded model
conv-49-qa-162,lexical_only,0.7231571428431436,4.1334000052302144,220.75240000413032,225.6089571522037,one shared preloaded model
conv-49-qa-163,lexical_only,0.7231571428431436,4.0982000064104795,235.86239999713143,240.68375714638506,one shared preloaded model
conv-49-qa-164,lexical_only,0.7231571428431436,4.191100000753067,218.68569999787724,223.59995714147345,one shared preloaded model
conv-49-qa-165,lexical_only,0.7231571428431436,4.044200002681464,218.41829999902984,223.18565714455445,one shared preloaded model
conv-49-qa-166,lexical_only,0.7231571428431436,4.900500003714114,212.20629999879748,217.82995714535474,one shared preloaded model
conv-49-qa-167,lexical_only,0.7231571428431436,3.9227000015671365,248.52150000515394,253.16735714956422,one shared preloaded model
conv-49-qa-168,lexical_only,0.7231571428431436,4.2938999977195635,221.18390000105137,226.20095714161408,one shared preloaded model
conv-49-qa-169,lexical_only,0.7231571428431436,4.833099999814294,419.4612999999663,425.01755714262373,one shared preloaded model
conv-49-qa-170,lexical_only,0.7231571428431436,4.486500001803506,227.69590000098106,232.9055571456277,one shared preloaded model
conv-49-qa-171,lexical_only,0.7231571428431436,4.1652999934740365,181.289399995876,186.1778571321932,one shared preloaded model
conv-49-qa-172,lexical_only,0.7231571428431436,7.4250000034226105,219.29280000040308,227.44095714666884,one shared preloaded model
conv-49-qa-173,lexical_only,0.7231571428431436,4.403799997817259,149.5753999988665,154.7023571395269,one shared preloaded model
conv-49-qa-174,lexical_only,0.7231571428431436,7.511600000725593,162.81140000501182,171.04615714858056,one shared preloaded model
conv-49-qa-175,lexical_only,0.7231571428431436,4.547800002910662,616.9807000042056,622.2516571499593,one shared preloaded model
conv-49-qa-176,lexical_only,0.7231571428431436,4.332299999077804,188.46879999910016,193.5242571410211,one shared preloaded model
conv-49-qa-177,lexical_only,0.7231571428431436,7.618600000569131,233.66879999957746,242.01055714298974,one shared preloaded model
conv-49-qa-178,lexical_only,0.7231571428431436,3.9667000019107945,220.27920000255108,224.96905714730502,one shared preloaded model
conv-49-qa-179,lexical_only,0.7231571428431436,4.203199998300988,236.07500000071013,241.00135714185427,one shared preloaded model
conv-49-qa-180,lexical_only,0.7231571428431436,4.044400004204363,234.25049999787007,239.01805714491758,one shared preloaded model
conv-49-qa-181,lexical_only,0.7231571428431436,3.969999997934792,226.2778000003891,230.97095714116705,one shared preloaded model
conv-49-qa-182,lexical_only,0.7231571428431436,4.148399995756336,212.61400000366848,217.48555714226796,one shared preloaded model
conv-49-qa-183,lexical_only,0.7231571428431436,4.23370000498835,231.34310000023106,236.29995714806256,one shared preloaded model
conv-49-qa-184,lexical_only,0.7231571428431436,4.094300005817786,207.3893999986467,212.20685714730763,one shared preloaded model
conv-49-qa-185,lexical_only,0.7231571428431436,4.132199996092822,230.49860000173794,235.3539571406739,one shared preloaded model
conv-49-qa-186,lexical_only,0.7231571428431436,4.1658999980427325,129.8744000014267,134.76345714231257,one shared preloaded model
conv-49-qa-187,lexical_only,0.7231571428431436,8.110599999781698,211.60170000075595,220.4354571433808,one shared preloaded model
conv-49-qa-188,lexical_only,0.7231571428431436,4.348200003732927,218.45639999810373,223.5277571446798,one shared preloaded model
conv-49-qa-189,lexical_only,0.7231571428431436,4.467599996132776,231.23349999514176,236.42425713411768,one shared preloaded model
conv-49-qa-190,lexical_only,0.7231571428431436,4.111800000828225,216.5409000008367,221.37585714450807,one shared preloaded model
conv-49-qa-191,lexical_only,0.7231571428431436,3.9747000046190806,220.97670000221115,225.67455714967338,one shared preloaded model
conv-49-qa-192,lexical_only,0.7231571428431436,4.124599996430334,216.5060000043013,221.3537571435748,one shared preloaded model
conv-49-qa-193,lexical_only,0.7231571428431436,4.455399997823406,182.33969999710098,187.51825713776753,one shared preloaded model
conv-49-qa-194,lexical_only,0.7231571428431436,7.512999996833969,214.20779999607475,222.44395713575187,one shared preloaded model
conv-49-qa-195,lexical_only,0.7231571428431436,4.355000004579779,217.41990000009537,222.4980571475183,one shared preloaded model
conv-50-qa-0,lexical_only,0.8074058823694941,7.575099996756762,219.52299999975367,227.90550587887992,one shared preloaded model
conv-50-qa-1,lexical_only,0.8074058823694941,4.5185999988461845,177.87110000062967,183.19710588184535,one shared preloaded model
conv-50-qa-2,lexical_only,0.8074058823694941,7.630100000824314,521.2330999929691,529.6706058761629,one shared preloaded model
conv-50-qa-3,lexical_only,0.8074058823694941,4.266000003553927,150.2007000017329,155.27410588765633,one shared preloaded model
conv-50-qa-4,lexical_only,0.8074058823694941,7.475599995814264,116.59189999772934,124.8749058759131,one shared preloaded model
conv-50-qa-5,lexical_only,0.8074058823694941,7.559699995908886,652.6725000003353,661.0396058786137,one shared preloaded model
conv-50-qa-6,lexical_only,0.8074058823694941,4.700299999967683,128.13659999665106,133.64430587898823,one shared preloaded model
conv-50-qa-7,lexical_only,0.8074058823694941,7.54620000225259,210.65770000132034,219.01130588594242,one shared preloaded model
conv-50-qa-8,lexical_only,0.8074058823694941,4.066500005137641,301.7684000005829,306.64230588809005,one shared preloaded model
conv-50-qa-9,lexical_only,0.8074058823694941,4.726699997263495,227.5965000008,233.130605880433,one shared preloaded model
conv-50-qa-10,lexical_only,0.8074058823694941,4.153599998971913,225.70090000226628,230.6619058836077,one shared preloaded model
conv-50-qa-11,lexical_only,0.8074058823694941,4.0979000041261315,220.65419999853475,225.55950588503038,one shared preloaded model
conv-50-qa-12,lexical_only,0.8074058823694941,4.021700005978346,487.05700000573415,491.886105894082,one shared preloaded model
conv-50-qa-13,lexical_only,0.8074058823694941,4.651699993701186,212.63729999918723,218.09640587525791,one shared preloaded model
conv-50-qa-14,lexical_only,0.8074058823694941,4.132300004130229,225.96899999916786,230.9087058856676,one shared preloaded model
conv-50-qa-15,lexical_only,0.8074058823694941,4.001599998446181,233.44680000445805,238.25580588527373,one shared preloaded model
conv-50-qa-16,lexical_only,0.8074058823694941,4.824999996344559,312.99359999684384,318.6260058755579,one shared preloaded model
conv-50-qa-17,lexical_only,0.8074058823694941,4.49740000476595,488.3814999993774,493.68630588651286,one shared preloaded model
conv-50-qa-18,lexical_only,0.8074058823694941,5.393999999796506,103.20929999579675,109.41070587796276,one shared preloaded model
conv-50-qa-19,lexical_only,0.8074058823694941,7.438400003593415,222.81439999642316,231.06020588238607,one shared preloaded model
conv-50-qa-20,lexical_only,0.8074058823694941,4.581100001814775,181.94300000322983,187.3315058874141,one shared preloaded model
conv-50-qa-21,lexical_only,0.8074058823694941,7.561400001577567,219.48649999831105,227.8553058822581,one shared preloaded model
conv-50-qa-22,lexical_only,0.8074058823694941,4.4177000017953105,233.35959999531042,238.58470587947522,one shared preloaded model
conv-50-qa-23,lexical_only,0.8074058823694941,4.054799996083602,232.58699999860255,237.44920587705565,one shared preloaded model
conv-50-qa-24,lexical_only,0.8074058823694941,3.9620000025024638,125.83559999620775,130.6050058810797,one shared preloaded model
conv-50-qa-25,lexical_only,0.8074058823694941,7.726600000751205,475.5499999955646,484.0840058786853,one shared preloaded model
conv-50-qa-26,lexical_only,0.8074058823694941,4.233500003465451,205.40410000103293,210.44500588686788,one shared preloaded model
conv-50-qa-27,lexical_only,0.8074058823694941,3.823999999440275,213.47289999539498,218.10430587720475,one shared preloaded model
conv-50-qa-28,lexical_only,0.8074058823694941,4.009700001915917,332.4281999957748,337.2453058800602,one shared preloaded model
conv-50-qa-29,lexical_only,0.8074058823694941,4.236199994920753,236.6875000006985,241.73110587798874,one shared preloaded model
conv-50-qa-30,lexical_only,0.8074058823694941,5.477600003359839,142.66000000498025,148.94500589070958,one shared preloaded model
conv-50-qa-31,lexical_only,0.8074058823694941,7.551800001238007,209.49609999661334,217.85530588022084,one shared preloaded model
conv-50-qa-32,lexical_only,0.8074058823694941,4.510099999606609,156.43719999934547,161.75470588132157,one shared preloaded model
conv-50-qa-33,lexical_only,0.8074058823694941,7.595299997774418,230.9763999946881,239.37910587483202,one shared preloaded model
conv-50-qa-34,lexical_only,0.8074058823694941,4.233699997712392,218.57369999634102,223.6148058764229,one shared preloaded model
conv-50-qa-35,lexical_only,0.8074058823694941,4.302599998482037,475.53500000503846,480.64500588589,one shared preloaded model
conv-50-qa-36,lexical_only,0.8074058823694941,4.10810000175843,211.11889999883715,216.03440588296507,one shared preloaded model
conv-50-qa-37,lexical_only,0.8074058823694941,4.186699996353127,125.43040000309702,130.42450588181964,one shared preloaded model
conv-50-qa-38,lexical_only,0.8074058823694941,7.146599993575364,340.0030999982846,347.95710587422946,one shared preloaded model
conv-50-qa-39,lexical_only,0.8074058823694941,4.351600000518374,232.16880000109086,237.32780588397873,one shared preloaded model
conv-50-qa-40,lexical_only,0.8074058823694941,4.560200002742931,215.08530000573955,220.45290589085198,one shared preloaded model
conv-50-qa-41,lexical_only,0.8074058823694941,4.345800000010058,223.40590000385419,228.55910588623374,one shared preloaded model
conv-50-qa-42,lexical_only,0.8074058823694941,4.624799999874085,120.36680000164779,125.79900588389137,one shared preloaded model
conv-50-qa-43,lexical_only,0.8074058823694941,7.433699996909127,231.46599999745376,239.70710587673238,one shared preloaded model
conv-50-qa-44,lexical_only,0.8074058823694941,4.089499998372048,468.08559999772115,472.9825058784627,one shared preloaded model
conv-50-qa-45,lexical_only,0.8074058823694941,4.742999997688457,108.53949999727774,114.0899058773357,one shared preloaded model
conv-50-qa-46,lexical_only,0.8074058823694941,7.344300000113435,218.33889999834355,226.49060588082648,one shared preloaded model
conv-50-qa-47,lexical_only,0.8074058823694941,3.7521999984164722,228.88370000146097,233.44330588224693,one shared preloaded model
conv-50-qa-48,lexical_only,0.8074058823694941,4.191399995761458,192.85710000258405,197.855905880715,one shared preloaded model
conv-50-qa-49,lexical_only,0.8074058823694941,7.683099996938836,208.48239999759244,216.97290587690077,one shared preloaded model
conv-50-qa-50,lexical_only,0.8074058823694941,3.8080999947851524,210.41949999926146,215.0350058764161,one shared preloaded model
conv-50-qa-51,lexical_only,0.8074058823694941,3.9169000010588206,540.7112999964738,545.4356058799021,one shared preloaded model
conv-50-qa-52,lexical_only,0.8074058823694941,4.568600001221057,534.0147000024444,539.390705886035,one shared preloaded model
conv-50-qa-53,lexical_only,0.8074058823694941,4.265299998223782,218.5847000000649,223.6574058806582,one shared preloaded model
conv-50-qa-54,lexical_only,0.8074058823694941,4.121300000406336,355.5183999997098,360.44710588248563,one shared preloaded model
conv-50-qa-55,lexical_only,0.8074058823694941,5.416100000729784,505.35690000106115,511.5804058841604,one shared preloaded model
conv-50-qa-56,lexical_only,0.8074058823694941,4.552899998088833,144.83629999449477,150.1966058749531,one shared preloaded model
conv-50-qa-57,lexical_only,0.8074058823694941,7.493299999623559,215.21970000321744,223.5204058852105,one shared preloaded model
conv-50-qa-58,lexical_only,0.8074058823694941,4.2688000030466355,1147.9871999981697,1153.0634058835858,one shared preloaded model
conv-50-qa-59,lexical_only,0.8074058823694941,4.13519999710843,120.97089999588206,125.91350587535999,one shared preloaded model
conv-50-qa-60,lexical_only,0.8074058823694941,7.484200003091246,222.23820000363048,230.52980588909122,one shared preloaded model
conv-50-qa-61,lexical_only,0.8074058823694941,4.012899997178465,215.59419999539386,220.41450587494182,one shared preloaded model
conv-50-qa-62,lexical_only,0.8074058823694941,4.1737000065040775,239.11790000420297,244.09900589307654,one shared preloaded model
conv-50-qa-63,lexical_only,0.8074058823694941,4.422500001965091,216.0636999979033,221.2936058822379,one shared preloaded model
conv-50-qa-64,lexical_only,0.8074058823694941,4.122400001506321,217.11579999828245,222.04560588215827,one shared preloaded model
conv-50-qa-65,lexical_only,0.8074058823694941,3.927600002498366,514.9864999984857,519.7215058833535,one shared preloaded model
conv-50-qa-66,lexical_only,0.8074058823694941,4.066199995577335,211.35839999624295,216.23200587418978,one shared preloaded model
conv-50-qa-67,lexical_only,0.8074058823694941,4.134199996769894,217.15450000192504,222.09610588106443,one shared preloaded model
conv-50-qa-68,lexical_only,0.8074058823694941,4.938800004310906,340.1536000019405,345.8998058886209,one shared preloaded model
conv-50-qa-69,lexical_only,0.8074058823694941,4.596399994625244,221.54619999491842,226.95000587191316,one shared preloaded model
conv-50-qa-70,lexical_only,0.8074058823694941,4.103500003111549,527.1513999978197,532.0623058833007,one shared preloaded model
conv-50-qa-71,lexical_only,0.8074058823694941,4.178300005150959,201.7217000029632,206.70740589048364,one shared preloaded model
conv-50-qa-72,lexical_only,0.8074058823694941,4.400699996040203,204.10640000045532,209.31450587886502,one shared preloaded model
conv-50-qa-73,lexical_only,0.8074058823694941,4.059499995491933,329.844799998682,334.7117058765434,one shared preloaded model
conv-50-qa-74,lexical_only,0.8074058823694941,4.677299999457318,219.33079999871552,224.81550588054233,one shared preloaded model
conv-50-qa-75,lexical_only,0.8074058823694941,4.412800000864081,194.36210000276333,199.5823058859969,one shared preloaded model
conv-50-qa-76,lexical_only,0.8074058823694941,6.674399999610614,1612.9300000029616,1620.4118058849417,one shared preloaded model
conv-50-qa-77,lexical_only,0.8074058823694941,4.392299997562077,231.09289999410976,236.29260587404133,one shared preloaded model
conv-50-qa-78,lexical_only,0.8074058823694941,4.223399999318644,1472.2725999963586,1477.3034058780468,one shared preloaded model
conv-50-qa-79,lexical_only,0.8074058823694941,4.3304999999236315,438.8593000039691,443.99720588626224,one shared preloaded model
conv-50-qa-80,lexical_only,0.8074058823694941,4.420099998242222,184.95899999834364,190.18650587895536,one shared preloaded model
conv-50-qa-81,lexical_only,0.8074058823694941,7.511999996495433,215.98719999747118,224.3066058763361,one shared preloaded model
conv-50-qa-82,lexical_only,0.8074058823694941,4.280200002540369,224.9803000013344,230.06790588624426,one shared preloaded model
conv-50-qa-83,lexical_only,0.8074058823694941,4.105300002265722,201.55850000446662,206.47120588910184,one shared preloaded model
conv-50-qa-84,lexical_only,0.8074058823694941,3.9317000046139583,189.87960000231396,194.61870588929742,one shared preloaded model
conv-50-qa-85,lexical_only,0.8074058823694941,7.741699999314733,215.09340000193333,223.64250588361756,one shared preloaded model
conv-50-qa-86,lexical_only,0.8074058823694941,4.354600001533981,224.59170000365702,229.7537058875605,one shared preloaded model
conv-50-qa-87,lexical_only,0.8074058823694941,4.493799999181647,438.8411000036285,444.14230588517967,one shared preloaded model
conv-50-qa-88,lexical_only,0.8074058823694941,4.0932999982032925,218.87450000212993,223.77520588270272,one shared preloaded model
conv-50-qa-89,lexical_only,0.8074058823694941,4.155399998126086,194.33610000123736,199.29890588173294,one shared preloaded model
conv-50-qa-90,lexical_only,0.8074058823694941,6.6246999995200895,231.0776000012993,238.50970588318887,one shared preloaded model
conv-50-qa-91,lexical_only,0.8074058823694941,4.048700000566896,190.02960000216262,194.88570588509901,one shared preloaded model
conv-50-qa-92,lexical_only,0.8074058823694941,7.494199999200646,201.61779999762075,209.9194058791909,one shared preloaded model
conv-50-qa-93,lexical_only,0.8074058823694941,4.303900001104921,325.7448000003933,330.8561058838677,one shared preloaded model
conv-50-qa-94,lexical_only,0.8074058823694941,4.1405000010854565,214.67599999596132,219.62390587941627,one shared preloaded model
conv-50-qa-95,lexical_only,0.8074058823694941,4.380500002298504,159.13879999425262,164.32670587892062,one shared preloaded model
conv-50-qa-96,lexical_only,0.8074058823694941,7.491799995477777,212.24989999609534,220.5491058739426,one shared preloaded model
conv-50-qa-97,lexical_only,0.8074058823694941,4.0492999978596345,434.9951000040164,439.85180588424555,one shared preloaded model
conv-50-qa-98,lexical_only,0.8074058823694941,4.907999995339196,210.1500000062515,215.8654058839602,one shared preloaded model
conv-50-qa-99,lexical_only,0.8074058823694941,4.044799999974202,1292.3598999987007,1297.2121058810444,one shared preloaded model
conv-50-qa-100,lexical_only,0.8074058823694941,4.508099998929538,240.4651999968337,245.78070587813272,one shared preloaded model
conv-50-qa-101,lexical_only,0.8074058823694941,4.221300005156081,215.46710000257008,220.49580589009565,one shared preloaded model
conv-50-qa-102,lexical_only,0.8074058823694941,4.244600000674836,168.2098999954178,173.26190587846213,one shared preloaded model
conv-50-qa-103,lexical_only,0.8074058823694941,7.547200002591126,108.85609999968437,117.210705884645,one shared preloaded model
conv-50-qa-104,lexical_only,0.8074058823694941,7.641700001840945,681.4488000018173,689.8979058860277,one shared preloaded model
conv-50-qa-105,lexical_only,0.8074058823694941,4.938999998557847,112.5979999997071,118.34440588063444,one shared preloaded model
conv-50-qa-106,lexical_only,0.8074058823694941,8.029600001464132,208.3176000014646,217.15460588529822,one shared preloaded model
conv-50-qa-107,lexical_only,0.8074058823694941,4.604599998856429,140.25330000004033,145.66530588126625,one shared preloaded model
conv-50-qa-108,lexical_only,0.8074058823694941,7.746800001768861,226.22489999776008,234.77910588189843,one shared preloaded model
conv-50-qa-109,lexical_only,0.8074058823694941,5.008899999666028,184.7669999988284,190.58330588086392,one shared preloaded model
conv-50-qa-110,lexical_only,0.8074058823694941,7.853099996282253,561.1097000000882,569.77020587874,one shared preloaded model
conv-50-qa-111,lexical_only,0.8074058823694941,4.358300000603776,210.20970000245143,215.3754058854247,one shared preloaded model
conv-50-qa-112,lexical_only,0.8074058823694941,4.348200003732927,215.5674000023282,220.72300588843063,one shared preloaded model
conv-50-qa-113,lexical_only,0.8074058823694941,3.9141999950516038,230.05429999466287,234.77590587208397,one shared preloaded model
conv-50-qa-114,lexical_only,0.8074058823694941,4.2317000043112785,895.3219000031822,900.361005889863,one shared preloaded model
conv-50-qa-115,lexical_only,0.8074058823694941,4.6212000015657395,228.84020000492455,234.2688058888598,one shared preloaded model
conv-50-qa-116,lexical_only,0.8074058823694941,4.259200002707075,224.843800002418,229.91040588749456,one shared preloaded model
conv-50-qa-117,lexical_only,0.8074058823694941,3.910899999027606,358.99849999987055,363.71680588126765,one shared preloaded model
conv-50-qa-118,lexical_only,0.8074058823694941,3.9854999995441176,118.86049999884563,123.65340588075924,one shared preloaded model
conv-50-qa-119,lexical_only,0.8074058823694941,7.436799998686183,495.01600000075996,503.26020588181564,one shared preloaded model
conv-50-qa-120,lexical_only,0.8074058823694941,4.378199999337085,294.58319999685045,299.76880587855703,one shared preloaded model
conv-50-qa-121,lexical_only,0.8074058823694941,4.303699999582022,140.3031000008923,145.41420588284382,one shared preloaded model
conv-50-qa-122,lexical_only,0.8074058823694941,7.492799995816313,177.2357000008924,185.5359058790782,one shared preloaded model
conv-50-qa-123,lexical_only,0.8074058823694941,7.422099995892495,1053.0632000009064,1061.2927058791684,one shared preloaded model
conv-50-qa-124,lexical_only,0.8074058823694941,4.807199999049772,307.3062000039499,312.9208058853692,one shared preloaded model
conv-50-qa-125,lexical_only,0.8074058823694941,4.281599998648744,164.60200000437908,169.69100588539732,one shared preloaded model
conv-50-qa-126,lexical_only,0.8074058823694941,8.075599995208904,238.35330000292743,247.23630588050582,one shared preloaded model
conv-50-qa-127,lexical_only,0.8074058823694941,4.0492999978596345,156.86460000142688,161.721305881656,one shared preloaded model
conv-50-qa-128,lexical_only,0.8074058823694941,7.471899996744469,160.7404000023962,169.01970588151016,one shared preloaded model
conv-50-qa-129,lexical_only,0.8074058823694941,7.58289999794215,266.57909999630647,274.9694058766181,one shared preloaded model
conv-50-qa-130,lexical_only,0.8074058823694941,4.131200003030244,209.54139999957988,214.48000588497962,one shared preloaded model
conv-50-qa-131,lexical_only,0.8074058823694941,4.484599994611926,541.1903999993228,546.4824058763043,one shared preloaded model
conv-50-qa-132,lexical_only,0.8074058823694941,4.145200000493787,974.021800000628,978.9744058834913,one shared preloaded model
conv-50-qa-133,lexical_only,0.8074058823694941,3.9410000026691705,1129.777699999977,1134.5261058850156,one shared preloaded model
conv-50-qa-134,lexical_only,0.8074058823694941,4.405100000440143,281.742099999974,286.95460588278365,one shared preloaded model
conv-50-qa-135,lexical_only,0.8074058823694941,4.222699993988499,986.4891000033822,991.5192058797402,one shared preloaded model
conv-50-qa-136,lexical_only,0.8074058823694941,4.551599995465949,221.32979999878444,226.68880587661988,one shared preloaded model
conv-50-qa-137,lexical_only,0.8074058823694941,4.001000001153443,227.05790000327397,231.8663058867969,one shared preloaded model
conv-50-qa-138,lexical_only,0.8074058823694941,3.9429999960702844,222.7783999987878,227.52880587722757,one shared preloaded model
conv-50-qa-139,lexical_only,0.8074058823694941,4.025199996249285,224.4760999965365,229.30870587515528,one shared preloaded model
conv-50-qa-140,lexical_only,0.8074058823694941,4.54590000299504,223.51580000395188,228.86910588931642,one shared preloaded model
conv-50-qa-141,lexical_only,0.8074058823694941,4.574200000206474,157.90270000434248,163.28430588691845,one shared preloaded model
conv-50-qa-142,lexical_only,0.8074058823694941,7.531499999458902,217.41959999781102,225.75850587963942,one shared preloaded model
conv-50-qa-143,lexical_only,0.8074058823694941,4.043499997351319,152.73870000237366,157.58960588209447,one shared preloaded model
conv-50-qa-144,lexical_only,0.8074058823694941,7.540400001744274,213.95239999401383,222.3002058781276,one shared preloaded model
conv-50-qa-145,lexical_only,0.8074058823694941,3.9619000017410144,182.67620000551688,187.44550588962738,one shared preloaded model
conv-50-qa-146,lexical_only,0.8074058823694941,7.631599997694138,140.68840000254568,149.1274058826093,one shared preloaded model
conv-50-qa-147,lexical_only,0.8074058823694941,7.586700005049352,209.12439999665366,217.5185058840725,one shared preloaded model
conv-50-qa-148,lexical_only,0.8074058823694941,4.794699998456053,804.326299999957,809.9284058807825,one shared preloaded model
conv-50-qa-149,lexical_only,0.8074058823694941,4.762900003697723,179.3416000000434,184.91190588611062,one shared preloaded model
conv-50-qa-150,lexical_only,0.8074058823694941,7.984300005773548,225.63549999904353,234.42720588718657,one shared preloaded model
conv-50-qa-151,lexical_only,0.8074058823694941,3.9028000028338283,206.85659999435302,211.56680587955634,one shared preloaded model
conv-50-qa-152,lexical_only,0.8074058823694941,3.814399999100715,446.41269999556243,451.03450587703264,one shared preloaded model
conv-50-qa-153,lexical_only,0.8074058823694941,4.44710000010673,376.0623999987729,381.3169058812491,one shared preloaded model
conv-50-qa-154,lexical_only,0.8074058823694941,4.459200004930608,143.34860000235494,148.61520588965504,one shared preloaded model
conv-50-qa-155,lexical_only,0.8074058823694941,7.5809999980265275,233.61089999525575,241.99930587565177,one shared preloaded model
conv-50-qa-156,lexical_only,0.8074058823694941,4.136000003200024,418.5899000003701,423.5333058859396,one shared preloaded model
conv-50-qa-157,lexical_only,0.8074058823694941,4.904900000838097,729.0486999991117,734.7610058823193,one shared preloaded model
conv-50-qa-158,lexical_only,0.8074058823694941,4.371899995021522,222.02739999920595,227.20670587659697,one shared preloaded model
conv-50-qa-159,lexical_only,0.8074058823694941,4.1225000022677705,214.1764999978477,219.10640588248498,one shared preloaded model
conv-50-qa-160,lexical_only,0.8074058823694941,4.33080000220798,201.3790999990306,206.51730588360806,one shared preloaded model
conv-50-qa-161,lexical_only,0.8074058823694941,3.9487999965786003,226.88290000223788,231.63910588118597,one shared preloaded model
conv-50-qa-162,lexical_only,0.8074058823694941,4.491700005019084,223.24400000070455,228.54310588809312,one shared preloaded model
conv-50-qa-163,lexical_only,0.8074058823694941,4.504399999859743,222.5068999978248,227.81870588005404,one shared preloaded model
conv-50-qa-164,lexical_only,0.8074058823694941,4.099599995242897,214.77109999977984,219.67810587739223,one shared preloaded model
conv-50-qa-165,lexical_only,0.8074058823694941,4.090700000233483,252.6464999973541,257.5446058799571,one shared preloaded model
conv-50-qa-166,lexical_only,0.8074058823694941,4.512799998337869,228.75500000372995,234.0752058844373,one shared preloaded model
conv-50-qa-167,lexical_only,0.8074058823694941,4.173100001935381,220.9212000016123,225.90170588591718,one shared preloaded model
conv-50-qa-168,lexical_only,0.8074058823694941,4.496199995628558,210.02900000166846,215.33260587966652,one shared preloaded model
conv-50-qa-169,lexical_only,0.8074058823694941,4.105100000742823,217.92329999880167,222.83580588191398,one shared preloaded model
conv-50-qa-170,lexical_only,0.8074058823694941,4.632500000298023,226.53790000185836,231.97780588452588,one shared preloaded model
conv-50-qa-171,lexical_only,0.8074058823694941,3.9390999954775907,197.7199000029941,202.4664058808412,one shared preloaded model
conv-50-qa-172,lexical_only,0.8074058823694941,4.736700000648852,228.11039999942295,233.6545058824413,one shared preloaded model
conv-50-qa-173,lexical_only,0.8074058823694941,4.215200002363417,227.04719999455847,232.06980587929138,one shared preloaded model
conv-50-qa-174,lexical_only,0.8074058823694941,4.162600002018735,152.7533999978914,157.72340588227962,one shared preloaded model
conv-50-qa-175,lexical_only,0.8074058823694941,7.802300002367701,492.2372000000905,500.8469058848277,one shared preloaded model
conv-50-qa-176,lexical_only,0.8074058823694941,4.071000003023073,108.15079999883892,113.02920588423149,one shared preloaded model
conv-50-qa-177,lexical_only,0.8074058823694941,7.985600001120474,216.6157999963616,225.40880587985157,one shared preloaded model
conv-50-qa-178,lexical_only,0.8074058823694941,4.460899996047374,178.6733999979333,183.94170587635017,one shared preloaded model
conv-50-qa-179,lexical_only,0.8074058823694941,4.395799995108973,221.63410000212025,226.83730587959872,one shared preloaded model
conv-50-qa-180,lexical_only,0.8074058823694941,4.0650000009918585,219.06609999859938,223.93850588196074,one shared preloaded model
conv-50-qa-181,lexical_only,0.8074058823694941,4.4577000007848255,213.59490000031656,218.86000588347088,one shared preloaded model
conv-50-qa-182,lexical_only,0.8074058823694941,4.187699996691663,167.12980000011157,172.12490587917273,one shared preloaded model
conv-50-qa-183,lexical_only,0.8074058823694941,3.8507999997818843,221.58150000177557,226.23970588392694,one shared preloaded model
conv-50-qa-184,lexical_only,0.8074058823694941,4.324000001361128,243.2503000018187,248.3817058855493,one shared preloaded model
conv-50-qa-185,lexical_only,0.8074058823694941,4.334400000516325,219.0582000039285,224.20000588681432,one shared preloaded model
conv-50-qa-186,lexical_only,0.8074058823694941,3.912500003934838,230.94200000195997,235.6619058882643,one shared preloaded model
conv-50-qa-187,lexical_only,0.8074058823694941,4.128599997784477,198.92729999992298,203.86330588007695,one shared preloaded model
conv-50-qa-188,lexical_only,0.8074058823694941,4.36700000136625,221.84449999622302,227.01890587995877,one shared preloaded model
conv-50-qa-189,lexical_only,0.8074058823694941,4.568399999698158,208.05079999990994,213.4266058819776,one shared preloaded model
conv-50-qa-190,lexical_only,0.8074058823694941,4.071300005307421,221.13220000028377,226.0109058879607,one shared preloaded model
conv-50-qa-191,lexical_only,0.8074058823694941,4.224200005410239,221.9565000050352,226.98810589281493,one shared preloaded model
conv-50-qa-192,lexical_only,0.8074058823694941,4.37410000449745,218.60139999625972,223.78290588312666,one shared preloaded model
conv-50-qa-193,lexical_only,0.8074058823694941,4.128000000491738,234.86419999971986,239.7996058825811,one shared preloaded model
conv-50-qa-194,lexical_only,0.8074058823694941,4.038300001411699,219.84369999699993,224.68940588078112,one shared preloaded model
conv-50-qa-195,lexical_only,0.8074058823694941,4.347500005678739,204.48810000380035,209.6430058918486,one shared preloaded model
conv-50-qa-196,lexical_only,0.8074058823694941,4.564100003335625,177.4239000005764,182.79540588628151,one shared preloaded model
conv-50-qa-197,lexical_only,0.8074058823694941,9.150199999567121,218.13180000026478,228.0894058822014,one shared preloaded model
conv-50-qa-198,lexical_only,0.8074058823694941,4.297300001780968,222.68930000427645,227.7940058884269,one shared preloaded model
conv-50-qa-199,lexical_only,0.8074058823694941,4.110499998205341,234.03030000190483,238.94820588247967,one shared preloaded model
conv-50-qa-200,lexical_only,0.8074058823694941,4.175000001851004,234.76099999970756,239.74340588392806,one shared preloaded model
conv-50-qa-201,lexical_only,0.8074058823694941,4.24850000126753,380.32640000164974,385.38230588528677,one shared preloaded model
conv-50-qa-202,lexical_only,0.8074058823694941,4.0791999999783,435.3393999990658,440.2260058814136,one shared preloaded model
conv-50-qa-203,lexical_only,0.8074058823694941,3.959900001063943,435.7522999998764,440.51960588330985,one shared preloaded model
