example_id,agent,horizon,update_ms,read_ms,generation_ms,end_to_end_ms,model_loading_policy
syn-a6ba61c7f6022987,lexical_only,100,227.39540000111447,7.283599999936996,416.48109999732696,651.1600999983784,one shared preloaded model
syn-38eedc2c95f8c5b4,lexical_only,100,42.378299996926216,9.813999997277278,288.7080000000424,340.90029999424587,one shared preloaded model
syn-07d41f0782d8a3ec,lexical_only,100,36.801599999307655,7.436900003085611,276.1963000011747,320.43480000356794,one shared preloaded model
syn-fa271021cce39036,lexical_only,100,37.49249999964377,7.351599997491576,355.8091999984754,400.6532999956107,one shared preloaded model
syn-8632fc6b28ce057a,lexical_only,100,31.90360000007786,7.396900000458118,239.08819999996922,278.3887000005052,one shared preloaded model
syn-227faaf725799aff,lexical_only,100,36.1618000024464,7.414099996822188,298.7394999981916,342.3153999974602,one shared preloaded model
syn-c819b70cc3b711b6,lexical_only,100,29.489799999282695,4.026200000225799,123.48909999855096,157.00509999805945,one shared preloaded model
syn-f8dc00112ec91804,lexical_only,100,35.744299999350915,7.786199999827659,254.79879999693367,298.32929999611224,one shared preloaded model
syn-f97808cf18e3bdc1,lexical_only,100,29.182300000684336,4.229400001349859,1053.736999998364,1087.148700000398,one shared preloaded model
syn-1ba0ad3803fd1aab,lexical_only,100,30.77119999943534,7.25340000280994,312.64800000280957,350.67260000505485,one shared preloaded model
syn-e89134deef96d28b,lexical_only,100,33.159800001158146,7.464899998012697,332.6911000003747,373.31579999954556,one shared preloaded model
syn-d3aec67bcbee5e27,lexical_only,100,33.954299997276394,7.327499999519205,338.4248000002117,379.7065999970073,one shared preloaded model
syn-c403dc8c5bbec2b6,lexical_only,100,34.58189999946626,7.202099997812184,276.7143999990367,318.49839999631513,one shared preloaded model
syn-928aaad0bd5f085f,lexical_only,100,31.229799998982344,4.390699999930803,270.1172000015504,305.7377000004635,one shared preloaded model
syn-36b88d15de85d49d,lexical_only,100,33.75460000097519,6.990699999732897,205.52479999969364,246.27010000040173,one shared preloaded model
syn-ef8755c246c631fe,lexical_only,100,29.196700001193676,7.570800000394229,281.0972999977821,317.86479999937,one shared preloaded model
syn-f8cdd1253dc96ca6,lexical_only,100,38.13080000327318,8.203700002923142,129.95280000177445,176.28730000797077,one shared preloaded model
syn-99f1a940ce32e3de,lexical_only,100,36.861799999314826,7.886700001108693,296.58820000258856,341.3367000030121,one shared preloaded model
syn-ae830d10e3e44454,lexical_only,100,34.47779999987688,7.707099997787736,477.61460000037914,519.7994999980438,one shared preloaded model
syn-7aec429f0ba8958c,lexical_only,100,35.461100000247825,7.271099999343278,318.70100000014645,361.43319999973755,one shared preloaded model
syn-7574e07600322df1,lexical_only,100,33.71719999995548,7.214199998998083,279.4398000005458,320.37119999949937,one shared preloaded model
syn-6596d6fb03744adc,lexical_only,100,32.09860000060871,7.529900001827627,322.8880999995454,362.5166000019817,one shared preloaded model
syn-8028bcd88896f9af,lexical_only,100,35.05089999816846,7.229999999253778,297.4471999987145,339.72809999613673,one shared preloaded model
syn-5b04b918e5d2f043,lexical_only,100,34.33959999892977,7.314399997994769,323.0251999993925,364.67919999631704,one shared preloaded model
syn-344d41a9584f8be4,lexical_only,100,34.97760000027483,7.43510000029346,266.01989999835496,308.43259999892325,one shared preloaded model
syn-1c50e11cb54a9a7c,lexical_only,100,35.75439999985974,7.250400001794333,320.79650000014226,363.80130000179633,one shared preloaded model
syn-d8bfd6728ae9bb83,lexical_only,100,35.70429999672342,7.28499999968335,154.8661999986507,197.85549999505747,one shared preloaded model
syn-9ac94e465129e6ee,lexical_only,100,33.423999997467035,7.6795999993919395,306.63069999718573,347.7342999940447,one shared preloaded model
syn-8e5a6b17392849e9,lexical_only,100,34.754899999825284,7.2232999991683755,492.81210000117426,534.7903000001679,one shared preloaded model
syn-6dfbc0e6fffb86d6,lexical_only,100,34.142299999075476,7.228200000099605,285.6276999991678,326.9981999983429,one shared preloaded model
syn-d95d1076f16608cf,lexical_only,100,27.929100000619655,3.5719000006793067,318.2348999980604,349.7358999993594,one shared preloaded model
syn-67085f28c8a345d9,lexical_only,100,36.67889999996987,7.2680000012042,224.93789999862202,268.8847999997961,one shared preloaded model
syn-8b88cb5fd4c5e6fc,lexical_only,100,35.09860000121989,7.442599999194499,278.93849999964004,321.47970000005444,one shared preloaded model
syn-42df0ee7d8018963,lexical_only,100,35.4460000016843,7.166399998823181,290.1732999998785,332.785700000386,one shared preloaded model
syn-e8acbc2c88369e51,lexical_only,100,30.37699999913457,4.273700000339886,233.28509999919333,267.9357999986678,one shared preloaded model
syn-a642a7089d9f162f,lexical_only,100,35.32649999760906,7.1352999984810594,313.08329999956186,355.545099995652,one shared preloaded model
syn-3f6a98eceeaf476b,lexical_only,100,35.99729999768897,4.482500000449363,152.52419999887934,193.00399999701767,one shared preloaded model
syn-bfb5882d7330d97f,lexical_only,100,37.244699997245334,7.823100000678096,256.81369999801973,301.88149999594316,one shared preloaded model
syn-cfa98bda62d92f7f,lexical_only,100,34.24219999942579,7.259300000441726,460.2207999996608,501.72229999952833,one shared preloaded model
syn-534d1ab71809b51f,lexical_only,100,36.02089999913005,7.328700001380639,279.1847000007692,322.5343000012799,one shared preloaded model
syn-76a54b251d992dd4,lexical_only,100,35.560599997552345,8.129899997584289,284.3430000029912,328.0334999981278,one shared preloaded model
syn-6f12022c8819f717,lexical_only,100,36.21689999999944,7.282099999429192,304.8780999997689,348.3770999991975,one shared preloaded model
syn-30a75d6754134879,lexical_only,100,36.421699998754775,7.344700003159232,336.7013999995834,380.4678000014974,one shared preloaded model
syn-a6ff96ac61f7c6c1,lexical_only,100,34.59119999752147,7.3219000005337875,321.4485999997123,363.3616999977676,one shared preloaded model
syn-91323a0ae9a650e7,lexical_only,100,29.027200002019526,3.970500001742039,230.76709999804734,263.7648000018089,one shared preloaded model
syn-9d9ad34b79849f2d,lexical_only,100,28.82060000047204,4.125700001168298,285.4842999986431,318.43060000028345,one shared preloaded model
syn-36b5b8f6c6bbf2cc,lexical_only,100,37.06339999916963,7.329700001719175,155.09560000282363,199.48870000371244,one shared preloaded model
syn-96244de128be170e,lexical_only,100,32.812000001285924,7.733900001767324,312.4996000005922,353.04550000364543,one shared preloaded model
syn-3e8dcebdc4767103,lexical_only,100,37.39609999684035,7.376599998679012,497.8196999982174,542.5923999937368,one shared preloaded model
syn-8f7fdf0bdfb10d4a,lexical_only,100,35.99700000268058,7.282399998075562,334.7146999985853,377.9940999993414,one shared preloaded model
syn-d4fda360fe6fdd4f,lexical_only,100,38.26879999905941,7.535000000643777,253.89889999860316,299.70269999830634,one shared preloaded model
syn-42ee4c7254b57eb8,lexical_only,100,34.348399996815715,3.7125999988347758,324.6910999987449,362.7520999943954,one shared preloaded model
syn-feccf5e27bea7518,lexical_only,100,36.039300000993535,7.478499999706401,301.2609999968845,344.77879999758443,one shared preloaded model
syn-c01e14c5c8c50d03,lexical_only,100,38.91719999955967,4.779300001246156,238.18399999800022,281.88049999880604,one shared preloaded model
syn-cb15ba714ba5ec8f,lexical_only,100,31.64400000241585,4.138000000239117,249.34829999983776,285.13030000249273,one shared preloaded model
syn-615f495f59b50927,lexical_only,100,33.513100002892315,7.199600000603823,301.43930000122054,342.1520000047167,one shared preloaded model
syn-a6cbf0e1e86a6450,lexical_only,100,34.36370000054012,7.872700000007171,152.4409999983618,194.6773999989091,one shared preloaded model
syn-57b966091e7ec699,lexical_only,100,34.98010000112117,7.746499999484513,322.8808999992907,365.6074999998964,one shared preloaded model
syn-89f8450f6e93be24,lexical_only,100,38.7233000001288,7.193699999334058,445.3431999972963,491.2601999967592,one shared preloaded model
syn-e4cf69e50674883c,lexical_only,100,30.570899998565437,4.240300000674324,289.3352999999479,324.14649999918765,one shared preloaded model
syn-52dd73e2d68a5917,lexical_only,100,34.04289999889443,7.278400000359397,319.1873999967356,360.50869999598945,one shared preloaded model
syn-1a7e4a2f4f0fe9c6,lexical_only,100,33.97930000210181,6.775699999707285,276.23729999686475,316.99229999867384,one shared preloaded model
syn-e8ee9cee31093b93,lexical_only,100,30.33330000107526,4.261499998392537,230.26259999824106,264.85739999770885,one shared preloaded model
syn-1546004190558953,lexical_only,100,33.900200000061886,7.258500001626089,303.1512000015937,344.30990000328165,one shared preloaded model
syn-7858be5eb774eb5b,lexical_only,100,36.717199996928684,8.551099999749567,227.63530000156607,272.9035999982443,one shared preloaded model
syn-fd59ad3a4d996680,lexical_only,100,34.861299998738104,7.179000000178348,324.3755000003148,366.41579999923124,one shared preloaded model
syn-fc9a9858781e0d3a,lexical_only,100,25.508099999569822,3.9617000002181157,101.33850000056555,130.80830000035348,one shared preloaded model
syn-324d7fc5d16391c8,lexical_only,100,35.033000000112224,7.803699998476077,574.4704000026104,617.3071000011987,one shared preloaded model
syn-6e90d8e0c38e9334,lexical_only,100,34.662599999137456,7.191299999249168,515.9838999970816,557.8377999954682,one shared preloaded model
syn-8e5f564bbff2ec81,lexical_only,100,30.539100000169128,4.196500001853565,308.5454000029131,343.2810000049358,one shared preloaded model
syn-ad377a0c752a987e,lexical_only,100,37.63099999923725,7.270800000696909,365.50870000064606,410.4105000005802,one shared preloaded model
syn-fd23e7842d0bf088,lexical_only,100,30.263900000136346,4.2881000008492265,316.22240000069723,350.7744000016828,one shared preloaded model
syn-9dce3e031398985d,lexical_only,100,34.45080000165035,7.178399999247631,351.7809999975725,393.4101999984705,one shared preloaded model
syn-cb9495248ba394a9,lexical_only,100,33.71490000063204,7.228200000099605,287.0890000012878,328.03210000201943,one shared preloaded model
syn-d45c12362eae6b90,lexical_only,100,35.84279999995488,7.224400000268361,188.38310000137426,231.4503000015975,one shared preloaded model
syn-fe3b30dd29d66256,lexical_only,100,34.398600000713486,7.2436999980709516,343.1066000011924,384.74889999997686,one shared preloaded model
syn-0f420473e95734a2,lexical_only,100,35.961800000222865,7.750100001430837,155.42940000159433,199.14130000324803,one shared preloaded model
syn-14c34fb5209acd83,lexical_only,100,35.68979999909061,7.9091000006883405,317.5277999980608,361.12669999783975,one shared preloaded model
syn-323bc307f3b8489c,lexical_only,100,29.178000000683824,4.023900000902358,445.43509999857633,478.6370000001625,one shared preloaded model
syn-d1a98c9ebc2b2b63,lexical_only,100,30.879099998855963,4.157600000326056,285.0481999994372,320.0848999986192,one shared preloaded model
syn-8b8261103d0d9683,lexical_only,100,36.821199999394594,7.327800001803553,594.7353999981715,638.8843999993696,one shared preloaded model
syn-73911e04a0932499,lexical_only,100,34.90410000085831,7.255600001371931,278.990500002692,321.1502000049222,one shared preloaded model
syn-85c77c5469482f47,lexical_only,100,33.15680000014254,7.211000000097556,321.0304999993241,361.3982999995642,one shared preloaded model
syn-1725a6155d089dde,lexical_only,100,35.981699998956174,7.291800000530202,302.3995000003197,345.67299999980605,one shared preloaded model
syn-fc05e77b7c242574,lexical_only,100,35.204400002839975,7.417500000883592,207.71500000046217,250.33690000418574,one shared preloaded model
syn-86308b042f251696,lexical_only,100,31.07070000260137,4.144899998209439,278.16689999963273,313.38250000044354,one shared preloaded model
syn-434e7ed49b935751,lexical_only,100,32.069000000774395,4.013699999632081,100.96369999882882,137.0463999992353,one shared preloaded model
syn-530c2c738f789d98,lexical_only,100,37.7727999984927,9.183199999824865,311.55220000073314,358.5081999990507,one shared preloaded model
syn-0c19d7397f14e5b6,lexical_only,100,38.95380000176374,7.280600002559368,479.60930000044755,525.8437000047707,one shared preloaded model
syn-a1612d852aaaaac3,lexical_only,100,29.955099998915102,4.362600000604289,318.40530000044964,352.72299999996903,one shared preloaded model
syn-c0220289c4182645,lexical_only,100,35.07000000172411,7.296600000699982,275.9788000003027,318.3454000027268,one shared preloaded model
syn-9e6843c042c117d6,lexical_only,100,35.59539999696426,4.124500002944842,262.13579999966896,301.85569999957806,one shared preloaded model
syn-0ac0bff8c97627a3,lexical_only,100,34.87129999848548,7.881300000008196,252.75739999779034,295.509999996284,one shared preloaded model
syn-2125020456ee5ce0,lexical_only,100,36.96770000169636,7.182600002124673,331.2759000000369,375.42620000385796,one shared preloaded model
syn-2caa699fccb66b00,lexical_only,100,33.58749999824795,4.812700000911718,220.0970000012603,258.49720000042,one shared preloaded model
syn-861af0982b3de585,lexical_only,100,34.35479999825475,7.314599999517668,322.2321000030206,363.901500000793,one shared preloaded model
syn-608838df8784d01b,lexical_only,100,36.37759999764967,7.2130000007746276,153.44010000262642,197.03070000105072,one shared preloaded model
syn-114b81595c7d762a,lexical_only,100,37.946099997498095,8.237499998358544,276.19079999931273,322.37439999516937,one shared preloaded model
syn-4a863129f2275dc1,lexical_only,100,36.065600001165876,7.189200001448626,508.5644999999204,551.8193000025349,one shared preloaded model
syn-d2ca3d27b15e9657,lexical_only,100,36.09549999964656,7.276000000274507,300.29219999778434,343.6636999977054,one shared preloaded model
syn-0c9fef436275cdd9,lexical_only,100,30.549000002793036,4.605800000717863,296.9924999997602,332.1473000032711,one shared preloaded model
syn-f1d5d22bd7ee481d,lexical_only,100,35.81610000037472,7.4617999998736195,341.50640000007115,384.7843000003195,one shared preloaded model
syn-a575cf643cb1c076,lexical_only,100,31.326100001024315,4.285400002117967,302.9770000030112,338.5885000061535,one shared preloaded model
syn-ee742f0c9f76781d,lexical_only,100,36.15019999779179,7.364500001131091,321.3824000013119,364.8971000002348,one shared preloaded model
syn-da5dd03ecb643f4d,lexical_only,100,31.222999998135492,7.274899999174522,249.97499999881256,288.4728999961226,one shared preloaded model
syn-326d673969961656,lexical_only,100,34.50630000224919,7.333199999266071,279.76739999940037,321.60690000091563,one shared preloaded model
syn-962a3810f04e9097,lexical_only,100,38.0589999986114,7.176799997978378,154.78340000117896,200.01919999776874,one shared preloaded model
syn-f0aad1f13f69b874,lexical_only,100,35.241000001406064,7.644000001164386,301.0112999982084,343.89630000077887,one shared preloaded model
syn-c2a05483a856b3ef,lexical_only,100,29.910299999755807,4.243099996529054,468.0930000031367,502.24639999942156,one shared preloaded model
syn-e0cedd9b0e32d085,lexical_only,100,32.1354000006977,4.203600001346786,290.14229999665986,326.48129999870434,one shared preloaded model
syn-29a180ad2143328a,lexical_only,100,31.505999999353662,4.341500000009546,247.31859999883454,283.16609999819775,one shared preloaded model
syn-735f77503b2ba024,lexical_only,100,33.63570000146865,7.30430000112392,320.5571999969834,361.49719999957597,one shared preloaded model
syn-148ccbd3316665a4,lexical_only,100,36.08660000099917,7.359399998676963,248.96260000241455,292.4086000020907,one shared preloaded model
syn-3c75ee23c6f50e1b,lexical_only,100,35.339900001417845,7.395199998427415,302.4057000002358,345.1408000000811,one shared preloaded model
syn-f4dbe8e18b96050d,lexical_only,100,36.18249999999534,8.026700001209974,228.72410000127275,272.93330000247806,one shared preloaded model
syn-da9774599d83a1b5,lexical_only,100,38.23000000193133,7.337999999435851,341.1849000003713,386.75290000173845,one shared preloaded model
syn-2ef399e82e449faf,lexical_only,100,34.142399999836925,7.228800001030322,116.17000000114786,157.5412000020151,one shared preloaded model
syn-eb0f5ee31c508a61,lexical_only,100,35.39770000134013,7.852399998228066,455.703600000561,498.9537000001292,one shared preloaded model
syn-cda71c350602bddf,lexical_only,100,35.07040000113193,7.266700002219295,449.1701999977522,491.50730000110343,one shared preloaded model
syn-28fa6f2fe12641b3,lexical_only,100,29.571700000815326,4.050199997436721,254.85480000133975,288.4766999995918,one shared preloaded model
syn-c20dfce1d761b522,lexical_only,100,27.52649999820278,4.355600001872517,259.2003999998269,291.0824999999022,one shared preloaded model
syn-7df1c817de9a1ea1,lexical_only,100,35.88899999886053,7.3272000008728355,351.90420000071754,395.1204000004509,one shared preloaded model
syn-3c57b67fca1c10a3,lexical_only,100,31.292299998312956,4.200600000331178,318.6368999995466,354.1297999981907,one shared preloaded model
syn-0cbb31a1498b5e27,lexical_only,100,37.16390000045067,7.288000000698958,345.6819999992149,390.1339000003645,one shared preloaded model
syn-c69bdbfce61e9f10,lexical_only,100,35.055099997407524,7.4071999988518655,232.11259999879985,274.57489999505924,one shared preloaded model
syn-9129e328d0e87e58,lexical_only,100,32.47889999693143,7.284600000275532,312.03060000189,351.79409999909694,one shared preloaded model
syn-c3a845f6f37328df,lexical_only,100,29.293499999766937,4.268100001354469,100.33579999799258,133.897399999114,one shared preloaded model
syn-af9227c03b96e947,lexical_only,100,35.937800003011944,8.041799999773502,267.9931000020588,311.9727000048442,one shared preloaded model
syn-d30db6602c5e7bcf,lexical_only,100,36.266999999497784,7.274999999935972,461.79620000111754,505.3382000005513,one shared preloaded model
syn-2bcd2d10bf252a88,lexical_only,100,34.17249999984051,7.228399997984525,321.5447000002314,362.9455999980564,one shared preloaded model
syn-e69fbacb0ad339d8,lexical_only,100,34.37769999800366,7.231399999000132,320.21850000091945,361.82759999792324,one shared preloaded model
syn-f7dee247f844b523,lexical_only,100,36.34149999925285,7.244399999763118,315.64330000037444,359.2291999993904,one shared preloaded model
syn-218ffaef8da3d8da,lexical_only,100,35.06479999850853,7.228000002214685,236.98660000081873,279.27940000154194,one shared preloaded model
syn-a31eb202acdba085,lexical_only,100,38.70590000224183,8.31550000293646,291.20550000152434,338.22690000670264,one shared preloaded model
syn-4dfded52a9bb2c90,lexical_only,100,28.256099998543505,3.517400000419002,224.84220000114874,256.61570000011125,one shared preloaded model
syn-cd947d2b8e2144b0,lexical_only,100,36.46080000180518,7.234400000015739,319.8859000003722,363.5811000021931,one shared preloaded model
syn-6abe44228638f132,lexical_only,100,34.643400002096314,7.383200001640944,158.17959999913,200.20620000286726,one shared preloaded model
syn-1258eab437601206,lexical_only,100,36.169999999401625,7.91169999865815,321.62830000015674,365.7099999982165,one shared preloaded model
syn-4d8e6dbc90583d69,lexical_only,100,35.891600000468316,7.9413999992539175,499.2638000003353,543.0968000000576,one shared preloaded model
syn-a1a8b545941a8915,lexical_only,100,31.800700002349913,4.276299998309696,323.4350999991875,359.5120999998471,one shared preloaded model
syn-c0a5d6164a143c21,lexical_only,100,35.3581999988819,6.740200002241181,244.54200000036508,286.64040000148816,one shared preloaded model
syn-911a5b307c155365,lexical_only,100,34.81169999940903,7.36250000045402,322.9857999976957,365.15999999755877,one shared preloaded model
syn-bcca1bb50f9b9cef,lexical_only,100,37.53030000007129,7.3472999974910636,256.03290000071866,300.910499998281,one shared preloaded model
syn-c9e69c66406cd3b1,lexical_only,100,27.118500001961365,4.05749999845284,304.54909999753,335.7250999979442,one shared preloaded model
syn-2becd65beee0364a,lexical_only,100,28.935099999216618,4.17369999922812,210.5360000023211,243.64480000076583,one shared preloaded model
syn-4dd85348c38c0357,lexical_only,100,35.04790000079083,7.242100000439677,288.72120000232826,331.01120000355877,one shared preloaded model
syn-f242b8cc2cb723b5,lexical_only,100,34.85759999966831,7.302300000446849,154.64779999820166,196.80769999831682,one shared preloaded model
syn-fbc447c0fcb7cfc8,lexical_only,100,34.960300003149314,7.743499998468906,307.28459999954794,349.98840000116616,one shared preloaded model
syn-a9f156119ea9fcd1,lexical_only,100,32.00440000000526,4.160300002695294,434.73209999865503,470.8968000013556,one shared preloaded model
syn-a90c99e2e79a45d4,lexical_only,100,35.30740000132937,7.384799999272218,251.17640000098618,293.86860000158777,one shared preloaded model
syn-c5a2eb58a93f472f,lexical_only,100,31.674400001065806,6.4512000026297756,262.96640000146,301.09200000515557,one shared preloaded model
syn-ea7b327ba9b080c9,lexical_only,100,34.502899998187786,7.304900002054637,242.86750000101165,284.6753000012541,one shared preloaded model
syn-92715b9aee29e997,lexical_only,100,30.207799998606788,4.114800001843832,255.38120000055642,289.70380000100704,one shared preloaded model
syn-b766696c0d786013,lexical_only,100,35.494799998559756,7.327100000111386,300.91900000115857,343.7408999998297,one shared preloaded model
syn-d3d77d74b12e306a,lexical_only,100,33.530400000017835,6.68279999808874,203.0363000012585,243.24949999936507,one shared preloaded model
syn-48230ce25b5de2fa,lexical_only,100,36.35980000035488,7.141800000681542,304.5942999997351,348.0959000007715,one shared preloaded model
syn-7f6bff1d2ac7c3f3,lexical_only,100,35.73129999858793,8.428900000581052,145.7425999979023,189.90279999707127,one shared preloaded model
syn-f37c1fc0c7eaae06,lexical_only,100,35.61730000001262,5.5721999997331295,300.93009999836795,342.1195999981137,one shared preloaded model
syn-915a70d70da9799e,lexical_only,100,35.226300002250355,7.339499999943655,456.9886999997834,499.55450000197743,one shared preloaded model
syn-2c4f2b37f5b601c4,lexical_only,100,35.715399997570785,7.268600002134917,286.6935000020021,329.6775000017078,one shared preloaded model
syn-27269f1dafd012f5,lexical_only,100,38.0059999988589,7.872099999076454,256.6490999997768,302.52719999771216,one shared preloaded model
syn-fc4e5b6a2ef2e383,lexical_only,100,32.19020000324235,4.2535999964457005,264.90450000346755,301.3483000031556,one shared preloaded model
syn-5d4106eaf2ee51c8,lexical_only,100,35.30329999921378,7.29969999883906,308.3318000026338,350.93480000068666,one shared preloaded model
syn-81331bee65710972,lexical_only,100,29.1983999995864,4.3478999978106,315.2525000004971,348.7987999978941,one shared preloaded model
syn-6795425cf8dabbc9,lexical_only,100,32.16149999934714,4.095100000995444,223.05109999797423,259.3076999983168,one shared preloaded model
syn-67983f23f948cb13,lexical_only,100,32.308699999703094,7.334699999773875,251.08689999979106,290.730299999268,one shared preloaded model
syn-312d206fb59e358d,lexical_only,100,33.019400001649046,7.210899999336107,102.82959999676677,143.05989999775193,one shared preloaded model
syn-b374ae5f8bdeb59c,lexical_only,100,33.35189999779686,7.75190000058501,312.7058999998553,353.8096999982372,one shared preloaded model
syn-c4e2cf0cbaef3cc6,lexical_only,100,37.62799999822164,7.300900000700494,503.4211999991385,548.3500999980606,one shared preloaded model
syn-e1486ac132d09f0e,lexical_only,100,30.217799998354167,4.1491999982099514,224.95669999989332,259.32369999645744,one shared preloaded model
syn-7863c0207b8e2373,lexical_only,100,34.866099998907885,4.5523000007960945,259.82070000100066,299.23910000070464,one shared preloaded model
syn-9cbbfa64d29cb813,lexical_only,100,38.33959999974468,7.701300000917399,285.4570999988937,331.49799999955576,one shared preloaded model
syn-a65473d1d46ed2c6,lexical_only,100,32.50720000141882,4.0791999999783,228.25530000045546,264.8417000018526,one shared preloaded model
syn-2b046916be0cd392,lexical_only,100,29.448699999193195,4.311299999244511,344.0563000003749,377.8162999988126,one shared preloaded model
syn-72b8f748d5763fa5,lexical_only,100,32.61470000143163,7.283199996891199,248.62109999958193,288.51899999790476,one shared preloaded model
syn-9e74ef31f1615b66,lexical_only,100,30.033700000785757,6.407100001524668,252.3853999991843,288.8262000014947,one shared preloaded model
syn-00b96c3bac38cc42,lexical_only,100,34.060499998304294,7.753599998977734,153.89439999853494,195.70849999581696,one shared preloaded model
syn-952b966eee3f8c13,lexical_only,100,35.981099998025456,7.702700000663754,311.3422000024002,355.0260000010894,one shared preloaded model
syn-c8f1cb75a43de506,lexical_only,100,36.075899999559624,4.413300001033349,488.4801999978663,528.9693999984593,one shared preloaded model
syn-34a4a1cf2545d780,lexical_only,100,26.225300000078278,4.049800001666881,242.39330000273185,272.668400004477,one shared preloaded model
syn-f36a532a7f829e27,lexical_only,100,33.86980000141193,7.35770000028424,336.5288999993936,377.7564000010898,one shared preloaded model
syn-3f66f6fab4661265,lexical_only,100,35.44809999948484,7.228899998153793,289.3411999975797,332.0181999952183,one shared preloaded model
syn-be86febc4b2804a6,lexical_only,100,35.46510000160197,7.322299999941606,304.99320000308217,347.78060000462574,one shared preloaded model
syn-eb0aba33a8e92d25,lexical_only,100,38.127799998619594,7.181600001786137,291.776200003369,337.08560000377474,one shared preloaded model
syn-de9cccc7c153bbf4,lexical_only,100,36.112100002355874,7.2729000021354295,193.7039000004006,237.0889000048919,one shared preloaded model
syn-28812aeb523a4ea3,lexical_only,100,34.66169999956037,7.229399998323061,284.77639999982785,326.6674999977113,one shared preloaded model
syn-071e5a31b62e0a3b,lexical_only,100,35.88089999902877,7.236399997054832,153.74760000122478,196.86489999730838,one shared preloaded model
syn-c5f347691e4f1189,lexical_only,100,35.08549999969546,7.600799999636365,284.7927000002528,327.47899999958463,one shared preloaded model
syn-2541ac3e0cf6ae0f,lexical_only,100,30.52219999881345,4.15430000066408,470.6207999988692,505.2972999983467,one shared preloaded model
syn-1a12965cf6e9620a,lexical_only,100,34.48290000233101,7.281199999852106,328.3268000013777,370.0909000035608,one shared preloaded model
syn-833ee80d2a35282c,lexical_only,100,33.85859999980312,7.140899997466477,303.29949999941164,344.29899999668123,one shared preloaded model
syn-d71cb3ea0a850053,lexical_only,100,35.603699998318916,7.269999998243293,310.88829999862355,353.76199999518576,one shared preloaded model
syn-b58eb0dc1a3b98a9,lexical_only,100,35.69650000281399,7.218999999167863,316.08609999966575,359.0016000016476,one shared preloaded model
syn-f547811aa164f77c,lexical_only,100,35.80600000350387,7.3622000018076506,291.61890000250423,334.78710000781575,one shared preloaded model
syn-c2a992a405ca2108,lexical_only,100,35.69280000010622,7.447300002240809,236.80120000062743,279.94130000297446,one shared preloaded model
syn-ce2c8b075853cedc,lexical_only,100,33.05560000080732,7.176300001447089,279.3445999996038,319.5765000018582,one shared preloaded model
syn-687fc71335d706d6,lexical_only,100,33.49990000060643,4.449000000022352,111.98159999912605,149.93049999975483,one shared preloaded model
syn-6aece6dd34a4454c,lexical_only,100,35.48670000236598,7.670999999390915,257.1001999967848,300.2578999985417,one shared preloaded model
syn-b9f4fa3de270243b,lexical_only,100,36.883900000248104,9.297500000684522,418.6576000029163,464.8390000038489,one shared preloaded model
syn-7a9964e8147076b4,lexical_only,100,33.0275000014808,7.369200000539422,228.14409999773488,268.5407999997551,one shared preloaded model
syn-5afa3fb6102c079e,lexical_only,100,35.41469999981928,7.261899998411536,332.3600000003353,375.0365999985661,one shared preloaded model
syn-741bd6aa659cbb3a,lexical_only,100,31.10720000040601,4.748800001834752,334.8253999974986,370.68139999973937,one shared preloaded model
syn-e2066c5ef4eaa754,lexical_only,100,33.84860000005574,7.479700001567835,299.0538000012748,340.38210000289837,one shared preloaded model
syn-9ad6a91dae6541b0,lexical_only,100,33.22499999922002,7.149400000344031,321.1552000029769,361.529600002541,one shared preloaded model
syn-0cc07eac74fee68f,lexical_only,100,35.499900001013884,7.299999997485429,250.33389999953215,293.13379999803146,one shared preloaded model
syn-06f1746d73db3d7a,lexical_only,100,33.939599998120684,7.340100000874372,318.1934000022011,359.47310000119614,one shared preloaded model
syn-af7777b30c76fe8f,lexical_only,100,28.023599999869475,3.6280000022088643,101.430500002607,133.08210000468534,one shared preloaded model
syn-a3df3702910d82c8,lexical_only,100,28.659800002060365,4.333900000347057,292.65079999822774,325.64450000063516,one shared preloaded model
syn-1b32176f8ab0ad0d,lexical_only,100,35.66059999866411,7.213900000351714,386.32159999906435,429.1960999980802,one shared preloaded model
syn-3c9a56c51e114ae8,lexical_only,100,35.43619999982184,7.285200001206249,350.1657000015257,392.8871000025538,one shared preloaded model
syn-4dc80c16468d7ae3,lexical_only,100,29.407999998511514,3.97030000021914,238.7546999998449,272.13299999857554,one shared preloaded model
syn-635cc36e60ec9abe,lexical_only,100,28.97839999786811,4.081800001586089,227.3468999992474,260.4070999987016,one shared preloaded model
syn-166e4d8638667138,lexical_only,100,35.99490000124206,7.2449999970558565,257.09550000101444,300.33539999931236,one shared preloaded model
syn-4b2e3c750d96faf1,lexical_only,100,36.00730000107433,7.247400000778725,291.28579999814974,334.5405000000028,one shared preloaded model
syn-5c60aa247e7da516,lexical_only,100,30.40320000218344,4.068900001584552,251.5036999975564,285.9758000013244,one shared preloaded model
syn-363ae45960cbd6ea,lexical_only,100,28.836199999204837,4.073500000231434,268.2260999972641,301.13579999670037,one shared preloaded model
syn-202a222301f9a6d4,lexical_only,100,38.458700000774115,7.4128000014752615,104.0028000024904,149.87430000473978,one shared preloaded model
syn-7cf12316980709f6,lexical_only,100,34.71979999812902,7.692899998801295,486.4869000011822,528.8995999981125,one shared preloaded model
syn-728e33df6904e39f,lexical_only,100,30.98120000140625,3.5262999990663957,414.19540000060806,448.7029000010807,one shared preloaded model
syn-5bd3e7c2aa979761,lexical_only,100,29.503500001737848,4.042799999297131,303.77709999811486,337.32339999914984,one shared preloaded model
syn-9f5692455ac5f9eb,lexical_only,100,28.838900001574075,4.060100000060629,323.8282000020263,356.727200003661,one shared preloaded model
syn-d0e73d43fc27e780,lexical_only,100,36.015000001498265,7.644200002687285,320.13150000057067,363.7907000047562,one shared preloaded model
syn-70ea21787462e8bb,lexical_only,100,34.174499996879604,7.235000000946457,312.0505000006233,353.45999999844935,one shared preloaded model
syn-93ebae83f12babde,lexical_only,100,35.63819999908446,7.37690000096336,299.0723999973852,342.08749999743304,one shared preloaded model
syn-80b5fa71901fb209,lexical_only,100,33.25789999871631,4.234899999573827,197.8804999998829,235.37329999817302,one shared preloaded model
syn-31a023f7ba9bc6ca,lexical_only,100,32.035200001701014,4.209499998978572,286.3300999997591,322.5748000004387,one shared preloaded model
syn-86c7f5c14844a928,lexical_only,100,35.151299998688046,5.99770000189892,151.5834999991057,192.73249999969266,one shared preloaded model
syn-a86b2bf35ce487cf,lexical_only,100,36.557399998855544,8.525799999915762,305.2343000017572,350.3175000005285,one shared preloaded model
syn-a191dd5bc4522c3f,lexical_only,100,35.95849999692291,7.227599999168888,519.0824000019347,562.2684999980265,one shared preloaded model
syn-24c6eb89fa9bc77a,lexical_only,100,36.08159999930649,7.360300001892028,303.95340000177384,347.39530000297236,one shared preloaded model
syn-7e9cddfe26e96d08,lexical_only,100,34.49479999835603,7.523500000388594,244.5817999978317,286.6000999965763,one shared preloaded model
syn-79244b5ea6e26a35,lexical_only,100,31.928600001265295,4.254900002706563,278.7318000009691,314.91530000494095,one shared preloaded model
syn-351b1f137e4c70f0,lexical_only,100,33.5687999977381,4.667500001232838,278.78680000139866,317.0231000003696,one shared preloaded model
syn-fe81b916e846f8e6,lexical_only,100,31.701699997938704,4.139699998631841,265.8033000006981,301.6446999972686,one shared preloaded model
syn-890454ea84307ccf,lexical_only,100,30.283899999631103,4.710200002591591,215.48320000147214,250.47730000369484,one shared preloaded model
syn-38ffd1c0f969d3ce,lexical_only,100,34.53820000140695,7.274300001881784,312.2689000010723,354.08140000436106,one shared preloaded model
syn-449f78fee2e31323,lexical_only,100,36.0194999993837,7.235799999762094,154.77979999923264,198.03509999837843,one shared preloaded model
syn-386d7fabe68c0b51,lexical_only,100,35.38040000057663,8.873599999787984,712.973099998635,757.2270999989996,one shared preloaded model
syn-a53e008f5352ab7c,lexical_only,100,29.89059999890742,4.837000000406988,429.32329999894137,464.0508999982558,one shared preloaded model
syn-2d7332919d82acd7,lexical_only,100,32.836200000019744,4.893500001344364,266.2863000005018,304.0160000018659,one shared preloaded model
syn-4b43eb5a0d3f5e34,lexical_only,100,29.305399999429937,4.017700000986224,275.64150000034715,308.9646000007633,one shared preloaded model
syn-1c8165dfe7849318,lexical_only,100,36.38610000052722,7.18560000314028,300.0458999995317,343.6176000031992,one shared preloaded model
syn-d3b9785b73055c98,lexical_only,100,39.022500001010485,7.215000001451699,336.7108999991615,382.94840000162367,one shared preloaded model
syn-eb6fed3bb3f62d98,lexical_only,100,37.91759999876376,7.316899998841109,279.3974000014714,324.63189999907627,one shared preloaded model
syn-413d807574a54fac,lexical_only,100,34.03690000050119,7.306999999855179,245.34940000012284,286.6933000004792,one shared preloaded model
syn-8be08b3c364210f6,lexical_only,100,31.172099999821512,4.304699999920558,241.30069999955595,276.777499999298,one shared preloaded model
syn-c73284e558f60ee0,lexical_only,100,35.55719999712892,7.287700002052588,103.6549999989802,146.4998999981617,one shared preloaded model
syn-af7cdb39cb252396,lexical_only,100,31.960799999069422,4.425400002219249,309.4787999980326,345.8649999993213,one shared preloaded model
syn-6cb7e0329cf51091,lexical_only,100,32.92920000239974,7.360899999184767,469.7331999996095,510.023300001194,one shared preloaded model
syn-7ff503cc87bf6b72,lexical_only,100,35.88520000266726,7.181100001616869,318.9022999977169,361.96860000200104,one shared preloaded model
syn-6409e2246567d47d,lexical_only,100,35.75560000172118,5.799500002467539,226.34430000107386,267.8994000052626,one shared preloaded model
syn-56a9578b1ca629d6,lexical_only,100,34.62589999980992,8.044100002734922,319.2890000027546,361.95900000529946,one shared preloaded model
syn-96125f8027ab183e,lexical_only,100,34.97689999858267,7.368600003246684,257.79070000135107,300.1362000031804,one shared preloaded model
syn-d108a25e35d2aec2,lexical_only,100,38.52330000154325,7.3268999985884875,321.4533999998821,367.30360000001383,one shared preloaded model
syn-e505f665edac12f5,lexical_only,100,35.31419999853824,7.271099999343278,236.18650000207708,278.7717999999586,one shared preloaded model
syn-227123dfbfb3b60b,lexical_only,100,35.50339999856078,7.407600001897663,297.2846999982721,340.19569999873056,one shared preloaded model
syn-a3509d974e84be76,lexical_only,100,37.11919999841484,7.291199999599485,155.56980000110343,199.98019999911776,one shared preloaded model
syn-4db0fdc492341150,lexical_only,100,29.131700001016725,4.316400001698639,257.1838999974716,290.63200000018696,one shared preloaded model
syn-ad343e5861a42f48,lexical_only,100,35.78430000197841,7.3345999990124255,400.17119999902206,443.2901000000129,one shared preloaded model
syn-98938f2a750732e3,lexical_only,100,32.081299999845214,4.1768000010051765,233.18320000180393,269.4413000026543,one shared preloaded model
syn-588e0cf52a62ad07,lexical_only,100,34.026400000584545,7.146300002204953,297.9317999997875,339.10450000257697,one shared preloaded model
syn-3a2b16f76aac64a3,lexical_only,100,36.711900000227615,7.3191999981645495,244.36040000000503,288.3914999983972,one shared preloaded model
syn-771747a46595b170,lexical_only,100,35.01679999681073,7.29249999858439,279.36159999808297,321.6708999934781,one shared preloaded model
syn-b862e71029dd1141,lexical_only,100,35.095600000204286,7.423899998684647,321.17139999900246,363.6908999978914,one shared preloaded model
syn-ab82b68526b31cc1,lexical_only,100,32.25349999775062,4.085000000486616,244.10340000031283,280.44189999855007,one shared preloaded model
syn-0972954b0101952a,lexical_only,100,30.920400000468362,6.416600001102779,344.3172000006598,381.65420000223094,one shared preloaded model
syn-8e233e6259a3ff93,lexical_only,100,31.83560000252328,4.221700000925921,124.0029999971739,160.0603000006231,one shared preloaded model
syn-d72c9b6d1c8b544c,lexical_only,100,35.30410000166739,5.154999998921994,282.21489999850746,322.67399999909685,one shared preloaded model
syn-2473152ac1131384,lexical_only,100,35.24439999819151,7.162099998822669,667.5990000003367,710.0054999973509,one shared preloaded model
syn-99c8100852c041ab,lexical_only,100,37.83150000163005,7.465300001058495,271.6322999986005,316.92910000128904,one shared preloaded model
syn-c072bb6c30501eb5,lexical_only,100,38.28599999906146,7.851700000173878,297.0954000011261,343.23310000036145,one shared preloaded model
syn-6ceaf5097ce9c759,lexical_only,100,29.206300001533236,4.145400002016686,255.16419999985374,288.51590000340366,one shared preloaded model
syn-b22dac7d46c56ef7,lexical_only,100,34.97649999917485,4.123800001252675,327.1856999999727,366.28600000040024,one shared preloaded model
syn-a820901274815962,lexical_only,100,34.65870000218274,7.3962999995274,335.72189999904367,377.7769000007538,one shared preloaded model
syn-4d0c462a9611104c,lexical_only,100,37.33030000148574,7.348300001467578,200.25600000008126,244.93460000303457,one shared preloaded model
syn-966462fdc64001cb,lexical_only,100,34.2759000013757,7.204800000181422,332.0724999975937,373.5531999991508,one shared preloaded model
syn-aab7f6253fc3371c,lexical_only,100,36.046599998371676,7.334699999773875,105.71649999837973,149.09779999652528,one shared preloaded model
syn-6cd597ee81f40259,lexical_only,100,38.50800000145682,7.750400000077207,321.16080000196234,367.41920000349637,one shared preloaded model
syn-ac63a94c62bb28b0,lexical_only,100,33.06600000360049,7.3321999989275355,447.6574000000255,488.05560000255355,one shared preloaded model
syn-caaf77c3bc556729,lexical_only,100,29.027100001258077,3.8880000029166695,323.7735000002431,356.6886000044178,one shared preloaded model
syn-be57cd78365e7d1a,lexical_only,100,34.95390000171028,7.237499998154817,276.31100000144215,318.50240000130725,one shared preloaded model
syn-f8666490bec6d369,lexical_only,100,33.14440000031027,7.380899998679524,321.1401000007754,361.6653999997652,one shared preloaded model
syn-60ede6f62c127051,lexical_only,100,35.059399997408036,7.404399999359157,304.5950999985507,347.0588999953179,one shared preloaded model
syn-3ca2daab899324eb,lexical_only,100,31.72199999971781,4.261799997038906,221.79160000086995,257.77539999762666,one shared preloaded model
syn-751ad704e49319a5,lexical_only,100,33.811000001151115,7.296600000699982,257.5065999990329,298.614200000884,one shared preloaded model
syn-1def9112232df49c,lexical_only,100,33.145500001410255,7.331500000873348,296.2041999999201,336.6812000022037,one shared preloaded model
syn-6d9bfb9f846bec63,lexical_only,100,35.4869000002509,7.260099999257363,249.18780000007246,291.9347999995807,one shared preloaded model
syn-6743c3c7d98bfc0e,lexical_only,100,34.387100000458304,8.03499999892665,306.70699999973294,349.1290999991179,one shared preloaded model
syn-01d7e9b6955f7473,lexical_only,100,35.618399997474626,7.399699999950826,463.95160000247415,506.9696999998996,one shared preloaded model
syn-2e85e9170d30ba71,lexical_only,100,30.65260000221315,4.276300001947675,303.1990000017686,338.1279000059294,one shared preloaded model
syn-37671ca7cf5c1eb5,lexical_only,100,30.16379999826313,4.138100001000566,251.47730000026058,285.7791999995243,one shared preloaded model
syn-f4e3f903987f6c89,lexical_only,100,29.51019999818527,4.102899998542853,331.3567000004696,364.9697999971977,one shared preloaded model
syn-0baea2d67907d7b5,lexical_only,100,30.60120000009192,4.110999998374609,295.57610000119894,330.28829999966547,one shared preloaded model
syn-64b6c1ab320dbe67,lexical_only,100,33.81470000022091,7.372699998086318,302.5000999987242,343.6874999970314,one shared preloaded model
syn-ebbfd3d64aa3659e,lexical_only,100,28.988599999138387,4.215100001601968,176.2075000006007,209.41120000134106,one shared preloaded model
syn-9ba4c01860d01716,lexical_only,100,34.74520000236225,7.553100000222912,338.6054000002332,380.90370000281837,one shared preloaded model
syn-30ea2cdf2f968903,lexical_only,100,38.345299999491544,7.264500000019325,154.7415999993973,200.35139999890816,one shared preloaded model
syn-8c64fa1f197773be,lexical_only,100,35.410699998465134,7.886100000177976,304.80339999849093,348.10019999713404,one shared preloaded model
syn-73c6ca9be338f033,lexical_only,100,36.79940000074566,7.3211000017181505,493.7662999982422,537.886800000706,one shared preloaded model
syn-6ecbb1c08f82c937,lexical_only,100,30.326600000989856,4.187800001091091,305.14929999844753,339.6637000005285,one shared preloaded model
syn-8353478fbb4bce27,lexical_only,500,143.00209999782965,7.515900000726106,331.5298999987135,482.04789999726927,one shared preloaded model
syn-8067a297457aadf1,lexical_only,500,136.38709999941057,7.475999998860061,288.2908999999927,432.1539999982633,one shared preloaded model
syn-9e8353cffd162bec,lexical_only,500,135.95559999885154,7.380899998679524,263.1811999999627,406.51769999749376,one shared preloaded model
syn-1e2c00e04982df2b,lexical_only,500,132.42130000071484,7.211000000097556,278.77929999885964,418.41159999967203,one shared preloaded model
syn-e2a2467ecd547dda,lexical_only,500,133.12800000130665,7.161400000768481,249.47529999917606,389.7647000012512,one shared preloaded model
syn-bc62c7abfaca5c09,lexical_only,500,138.77169999977923,7.21250000060536,350.82880000118166,496.81300000156625,one shared preloaded model
syn-12612434405c931a,lexical_only,500,136.10519999929238,7.256699998833938,128.9690999983577,272.330999996484,one shared preloaded model
syn-5a8a3408720382be,lexical_only,500,135.42339999912656,7.9014000002644025,317.9039999995439,461.22879999893485,one shared preloaded model
syn-59ea7db674f489a6,lexical_only,500,133.5867000016151,7.223500000691274,476.39089999938733,617.2011000016937,one shared preloaded model
syn-51d379101a7163b5,lexical_only,500,143.81880000291858,7.324599999265047,298.7857999978587,449.92920000004233,one shared preloaded model
syn-663a7412abfb842b,lexical_only,500,140.77259999976377,7.233799999085022,362.45860000053653,510.4649999993853,one shared preloaded model
syn-0bd707dc615b2bc5,lexical_only,500,142.6495999985491,7.193699999334058,336.20199999859324,486.0452999964764,one shared preloaded model
syn-0ca214b154606a6d,lexical_only,500,138.1918000006408,7.6363999978639185,332.3147000010067,478.1428999995114,one shared preloaded model
syn-1ad21a31a11954b1,lexical_only,500,115.60300000201096,4.057699999975739,295.68319999816595,415.34390000015264,one shared preloaded model
syn-405db96ad499aad6,lexical_only,500,137.80520000000251,7.221199997729855,248.43070000133594,393.4570999990683,one shared preloaded model
syn-c73a7d7f2efdabea,lexical_only,500,241.17500000284053,8.40020000032382,301.93789999975706,551.5131000029214,one shared preloaded model
syn-d4551df4fe2ef435,lexical_only,500,125.31789999775356,4.109900000912603,198.1064999999944,327.5342999986606,one shared preloaded model
syn-f81cc5743ea53e86,lexical_only,500,126.29390000074636,7.908599996881094,354.66299999825424,488.8654999958817,one shared preloaded model
syn-4f19931c9987dbda,lexical_only,500,114.05700000250363,4.1075999979511835,433.7033000010706,551.8679000015254,one shared preloaded model
syn-92c86a223d786491,lexical_only,500,141.95620000100462,5.433300000731833,319.338000001153,466.7275000028894,one shared preloaded model
syn-2bb893798ac2dfa5,lexical_only,500,136.4367999995011,7.155499999498716,282.2828999997,425.8751999986998,one shared preloaded model
syn-aa1bcd4e3305659c,lexical_only,500,135.09129999874858,4.387200002383906,261.10590000098455,400.58440000211704,one shared preloaded model
syn-0954cc37fabc8be3,lexical_only,500,131.31309999880614,4.3007999993278645,301.5711999978521,437.1850999959861,one shared preloaded model
syn-6bb06c622660e647,lexical_only,500,135.57959999889135,7.2029000002657995,353.198999997403,495.98149999656016,one shared preloaded model
syn-0b1a59bdb0ab570e,lexical_only,500,129.22720000278787,7.286500000191154,251.12300000182586,387.6367000048049,one shared preloaded model
syn-23a203eef7bafa9b,lexical_only,500,128.82640000316314,4.4916000006196555,346.12229999765987,479.44030000144267,one shared preloaded model
syn-3b06b4335ee79d9c,lexical_only,500,133.93269999869517,7.438099997671088,155.32359999997425,296.6943999963405,one shared preloaded model
syn-ec94bad4956c840e,lexical_only,500,140.1838999991014,8.096900000964524,333.01550000032876,481.2963000003947,one shared preloaded model
syn-bc1c23717d0dfea3,lexical_only,500,135.93459999901825,7.20279999950435,480.4283999983454,623.565799996868,one shared preloaded model
syn-67712a9f8996e2e8,lexical_only,500,134.2293999987305,4.0499000024283305,227.26220000186004,365.5415000030189,one shared preloaded model
syn-595c1a876191c126,lexical_only,500,137.30080000095768,7.216899997729342,265.54789999863715,410.06559999732417,one shared preloaded model
syn-6467888e031efe81,lexical_only,500,138.53520000338904,7.201999997050734,322.17990000208374,467.9171000025235,one shared preloaded model
syn-bbf31960b39c5ee4,lexical_only,500,132.53189999886672,7.256500000949018,322.8262000011455,462.6146000009612,one shared preloaded model
syn-0a76bff023524251,lexical_only,500,132.78619999982766,7.159900000260677,294.6521000012581,434.5982000013464,one shared preloaded model
syn-ba162ae568464f78,lexical_only,500,133.13660000130767,7.291800000530202,249.82290000116336,390.25130000300123,one shared preloaded model
syn-b042f0c9791d9008,lexical_only,500,121.36019999888958,4.7921000004862435,325.5301999997755,451.68249999915133,one shared preloaded model
syn-ea3960770a2ca4a7,lexical_only,500,139.9755999991612,7.801799998560455,422.57099999915226,570.3483999968739,one shared preloaded model
syn-38219515a508a5d7,lexical_only,500,122.55699999877834,4.622699998435564,458.4145000007993,585.5941999980132,one shared preloaded model
syn-d4c28ece94fb3953,lexical_only,500,143.0188000013004,7.215199999336619,516.6576000010537,666.8916000016907,one shared preloaded model
syn-f60a4dd25af4bf20,lexical_only,500,137.21050000094692,7.196099999418948,203.1403999972099,347.54699999757577,one shared preloaded model
syn-f82cf59916809524,lexical_only,500,131.6004999971483,7.094900000083726,298.0661000001419,436.7614999973739,one shared preloaded model
syn-8e294cf8f86f5d12,lexical_only,500,134.99279999814462,7.285399999091169,333.7357999989763,476.0139999962121,one shared preloaded model
syn-040517cd90cc897c,lexical_only,500,136.50240000060876,7.25139999849489,343.1693999991694,486.92319999827305,one shared preloaded model
syn-411fce6ee866bbb8,lexical_only,500,137.97840000188444,7.356099999014987,231.8368999985978,377.1713999994972,one shared preloaded model
syn-268c1d0c81c87f4b,lexical_only,500,130.93899999876157,7.47869999759132,251.40269999974407,389.82039999609697,one shared preloaded model
syn-b306cf68395776dd,lexical_only,500,137.49749999988126,7.326599999942118,329.91970000148285,474.7438000013062,one shared preloaded model
syn-689442af0e6a410d,lexical_only,500,135.9727999988536,7.366699999693083,154.10589999737567,297.44539999592234,one shared preloaded model
syn-313805301f447ead,lexical_only,500,138.622900001792,7.963500000187196,321.6362000021036,468.2226000040828,one shared preloaded model
syn-38d674321a5aca1b,lexical_only,500,137.7744999990682,7.118100002116989,524.7546999999031,669.6473000010883,one shared preloaded model
syn-213d87e5e07c8519,lexical_only,500,133.3993999978702,7.479200001398567,320.2277000018512,461.10630000111996,one shared preloaded model
syn-05a9edcf64ee42de,lexical_only,500,137.5039000013203,7.394699998258147,297.5208999996539,442.41949999923236,one shared preloaded model
syn-0475ce3a7577d7da,lexical_only,500,120.49169999954756,6.680400001641829,289.94650000095135,417.11860000214074,one shared preloaded model
syn-e08c5c69e450c217,lexical_only,500,134.82570000269334,7.515799999964656,319.8759000006248,462.2174000032828,one shared preloaded model
syn-436852fe9abb7dc5,lexical_only,500,140.1666000019759,7.190299998910632,252.82379999771365,400.1806999986002,one shared preloaded model
syn-271d5a470da86f7f,lexical_only,500,135.51789999837638,7.2130000007746276,253.9256000018213,396.6565000009723,one shared preloaded model
syn-970a5b6630f65725,lexical_only,500,135.5887999998231,7.243799998832401,323.47049999953015,466.30309999818564,one shared preloaded model
syn-8a75ed949ee596bd,lexical_only,500,118.3009000014863,3.991999998106621,108.58539999753702,230.87829999712994,one shared preloaded model
syn-56c64830d8d53ebc,lexical_only,500,136.59829999960493,7.938800001284108,284.09539999847766,428.6324999993667,one shared preloaded model
syn-811fbe3866bccdf8,lexical_only,500,142.47559999785153,7.195900001534028,486.5815000011935,636.253000000579,one shared preloaded model
syn-d42090286816856c,lexical_only,500,139.02939999752562,7.252600000356324,301.6247999985353,447.90679999641725,one shared preloaded model
syn-ffd8865e73eeab0e,lexical_only,500,148.05079999860027,7.203900000604335,298.6565999999584,453.911299999163,one shared preloaded model
syn-784fd5d93b24c4f6,lexical_only,500,132.51279999894905,7.275700001628138,300.31830000007176,440.10680000064895,one shared preloaded model
syn-ea8d41b6d999d548,lexical_only,500,129.13789999947767,4.614999998011626,321.12850000339677,454.88140000088606,one shared preloaded model
syn-d909cdb8cfcc9eb8,lexical_only,500,136.03359999979148,7.365999998000916,279.67269999862765,423.07229999642004,one shared preloaded model
syn-23c6931c183f4ac9,lexical_only,500,133.5365000013553,7.2428999992553145,185.06669999987935,325.84610000048997,one shared preloaded model
syn-d3743cb521c05762,lexical_only,500,125.08480000178679,7.084200002282159,296.61750000013853,428.7865000042075,one shared preloaded model
syn-c6956e0b7b8bbe93,lexical_only,500,134.70410000081756,7.227999998576706,153.6673000009614,295.5994000003557,one shared preloaded model
syn-2c235f94902c2fbd,lexical_only,500,136.04420000046957,7.755000002362067,533.515899998747,677.3151000015787,one shared preloaded model
syn-5c84268454890acb,lexical_only,500,141.29939999838825,7.647699996596202,499.1608999989694,648.1079999939539,one shared preloaded model
syn-4d04fd9eb9e444fa,lexical_only,500,138.77940000020317,7.33839999884367,349.4027999986429,495.5205999976897,one shared preloaded model
syn-6acbf48ac4868565,lexical_only,500,137.10550000178046,7.373700002062833,298.1419999996433,442.6212000034866,one shared preloaded model
syn-cb4f29b8d39beaf7,lexical_only,500,134.09260000116774,7.293900001968723,302.7383999979065,444.124900001043,one shared preloaded model
syn-bdecfe39479ce931,lexical_only,500,136.06760000038776,7.307700001547346,319.87759999901755,463.25290000095265,one shared preloaded model
syn-07d4c2689189fd19,lexical_only,500,135.98650000130874,5.960099999356316,278.3629000005021,420.3095000011672,one shared preloaded model
syn-b0094bd3bc25f838,lexical_only,500,135.57890000083717,7.179799998993985,251.6563999997743,394.41509999960545,one shared preloaded model
syn-c576d54a7fdd7ade,lexical_only,500,135.33499999903142,7.383500000287313,345.7092000026023,488.42770000192104,one shared preloaded model
syn-ca1da64f4b7250ab,lexical_only,500,122.62539999937871,4.1698999993968755,100.00489999947604,226.80019999825163,one shared preloaded model
syn-400d16042183536f,lexical_only,500,135.36210000165738,7.804200002283324,246.51369999992312,389.6800000038638,one shared preloaded model
syn-2fe6bde59301602d,lexical_only,500,133.33419999980833,7.716300002357457,510.58310000007623,651.633600002242,one shared preloaded model
syn-e4e5255b50b15865,lexical_only,500,133.6092000019562,7.864600000175415,195.76779999988503,337.24160000201664,one shared preloaded model
syn-8e029986a2e4be7e,lexical_only,500,137.99950000247918,7.387699999526376,321.9872000008763,467.3744000028819,one shared preloaded model
syn-d460ec92ff2d1e65,lexical_only,500,122.4558000030811,4.807900000741938,256.3921000000846,383.65580000390764,one shared preloaded model
syn-c7b7f75556d5e436,lexical_only,500,144.3461999988358,7.213699998828815,271.6118999996979,423.17179999736254,one shared preloaded model
syn-729b066ef4e121a1,lexical_only,500,138.88909999877797,7.3215999982494395,299.26179999893066,445.47249999595806,one shared preloaded model
syn-383ddb0c41c5feef,lexical_only,500,137.9159999996773,7.319100001041079,254.97420000101556,400.20930000173394,one shared preloaded model
syn-50d0f73de6cd03fd,lexical_only,500,133.24609999835957,7.248099998832913,300.68820000087726,441.18239999806974,one shared preloaded model
syn-49216263546f83c9,lexical_only,500,137.12450000093668,7.272400001966162,143.30510000218055,287.7020000050834,one shared preloaded model
syn-3d8ea15d71265a5d,lexical_only,500,138.92390000182786,4.759700001159217,255.97469999775058,399.65830000073765,one shared preloaded model
syn-e71f9cfdd7e12520,lexical_only,500,133.55480000245734,6.932999996934086,522.6026000018464,663.0904000012379,one shared preloaded model
syn-db387682b1226cfa,lexical_only,500,128.24429999818676,7.170000000769505,349.825499997678,485.23979999663425,one shared preloaded model
syn-57cbb0340d075fa2,lexical_only,500,145.02929999798653,7.518400001572445,297.3505000009027,449.89820000046166,one shared preloaded model
syn-9df98212cdc08358,lexical_only,500,142.14670000001206,7.276399999682326,321.9948000005388,471.4179000002332,one shared preloaded model
syn-a1d1ea15e7221800,lexical_only,500,134.69570000233944,7.181299999501789,320.80370000039693,462.68070000223815,one shared preloaded model
syn-2f4dce5ad69b3fa1,lexical_only,500,130.65780000033556,7.285200001206249,300.78819999835105,438.73119999989285,one shared preloaded model
syn-7094b0e8de069d3a,lexical_only,500,133.19179999962216,7.564200001070276,178.6279999978433,319.3839999985357,one shared preloaded model
syn-97802e05ca9a2d1c,lexical_only,500,132.32950000019628,7.227199999761069,297.0470000000205,436.60369999997783,one shared preloaded model
syn-d604fecf4b0498cd,lexical_only,500,133.4869999991497,7.356999998592073,141.89340000302764,282.7374000007694,one shared preloaded model
syn-64c1006806b1711d,lexical_only,500,140.08370000010473,7.860300000174902,300.32589999973425,448.2699000000139,one shared preloaded model
syn-4a8e3cff5312d6b5,lexical_only,500,128.97099999827333,7.285399999091169,394.39520000087214,530.6515999982366,one shared preloaded model
syn-f940283a7af1f768,lexical_only,500,136.3006999999925,7.291500001883833,309.2687999996997,452.86100000157603,one shared preloaded model
syn-00d8e9ad93855ab3,lexical_only,500,126.45479999991949,4.10570000167354,315.3645000020333,445.92500000362634,one shared preloaded model
syn-b66b18aeb0ff8c75,lexical_only,500,130.18539999757195,7.236599998577731,325.5862000005436,463.0081999966933,one shared preloaded model
syn-689eaa13f442395a,lexical_only,500,129.61229999928037,4.222500003379537,227.0267000021704,360.8615000048303,one shared preloaded model
syn-47679c7bc2515e7e,lexical_only,500,139.04719999845838,7.185100002971012,328.4209000012197,474.6532000026491,one shared preloaded model
syn-8defe53d696d1e04,lexical_only,500,138.11660000283155,7.260799997311551,251.77699999767356,397.15439999781665,one shared preloaded model
syn-958fef865bbe0110,lexical_only,500,137.62750000023516,8.03490000180318,275.70009999908507,421.3625000011234,one shared preloaded model
syn-4b17cac63cc0fd2e,lexical_only,500,132.048899999063,7.313500002055662,218.62029999829247,357.9826999994111,one shared preloaded model
syn-c81b135ce954f21d,lexical_only,500,118.25659999885829,4.572399997414323,256.1225999997987,378.9515999960713,one shared preloaded model
syn-a4421f1dbd3fdf53,lexical_only,500,116.91639999844483,4.12539999888395,429.99219999910565,551.0339999964344,one shared preloaded model
syn-007bd7d84108708c,lexical_only,500,137.18789999984438,7.150400000682566,297.85959999935585,442.1978999998828,one shared preloaded model
syn-33695a5bdb03a768,lexical_only,500,131.81940000140457,7.204200002888683,588.2340999996813,727.2577000039746,one shared preloaded model
syn-338c6b26a5bc1a7c,lexical_only,500,137.93040000018664,7.937000002129935,320.99190000008093,466.8593000023975,one shared preloaded model
syn-e228218af7df0e27,lexical_only,500,129.0168999985326,4.025599999295082,307.2201999966637,440.2626999944914,one shared preloaded model
syn-fcc74b53a32d5340,lexical_only,500,137.36509999944246,7.262499999342253,255.8454999998503,400.473099998635,one shared preloaded model
syn-6f04fd80b4ec7429,lexical_only,500,132.93759999942267,7.195199999841861,222.6714999997057,362.80429999897024,one shared preloaded model
syn-5a2a82ec7118aced,lexical_only,500,134.6198999999615,7.303000002139015,317.9204000007303,459.8433000028308,one shared preloaded model
syn-929180aaf784df2d,lexical_only,500,120.95159999807947,4.1246000000683125,153.3333000006678,278.4094999988156,one shared preloaded model
syn-cb551660c3041446,lexical_only,500,133.72460000027786,4.453300000022864,298.46330000145826,436.641200001759,one shared preloaded model
syn-791a724e1d728c02,lexical_only,500,130.3144000012253,7.219300001452211,525.2619000020786,662.7956000047561,one shared preloaded model
syn-bbb931a8ac8328af,lexical_only,500,136.88799999727053,7.371800002147211,320.6357000017306,464.8955000011483,one shared preloaded model
syn-ebdd58edff7c66b4,lexical_only,500,133.88380000105826,7.128100001864368,286.91609999805223,427.92800000097486,one shared preloaded model
syn-dafad97333e5b987,lexical_only,500,133.092600000964,7.284299997991184,301.56970000098227,441.94659999993746,one shared preloaded model
syn-0b201ce7670c1977,lexical_only,500,136.86279999819817,7.1992000011960045,234.0278000010585,378.08980000045267,one shared preloaded model
syn-54b9cd4289abb716,lexical_only,500,137.530500000139,7.327999999688473,326.9730000029085,471.831500002736,one shared preloaded model
syn-8bf1c6019e2fc30d,lexical_only,500,141.06689999971422,7.424800001899712,244.69440000029863,393.18610000191256,one shared preloaded model
syn-f6299fe4338ea2f7,lexical_only,500,131.35459999830346,7.243300002301112,287.5267999988864,426.124699999491,one shared preloaded model
syn-38e61cc36ea3e36e,lexical_only,500,123.59160000050906,7.253100000525592,154.92250000170316,285.7672000027378,one shared preloaded model
syn-197dc5be6d7f183f,lexical_only,500,130.64780000058818,4.7024999985296745,335.87639999677776,471.2266999958956,one shared preloaded model
syn-3ce9a38483b121d8,lexical_only,500,145.11519999723532,7.226000001537614,490.73540000244975,643.0766000012227,one shared preloaded model
syn-47583ae995fed3de,lexical_only,500,134.64590000148746,7.318799998756731,293.5570000008738,435.521700001118,one shared preloaded model
syn-84f146205390e1cd,lexical_only,500,137.8937000008591,7.294999999430729,320.0699999979406,465.25869999823044,one shared preloaded model
syn-028e71b6f78ee786,lexical_only,500,128.15989999944577,4.25589999940712,251.6195999996853,384.0353999985382,one shared preloaded model
syn-4bc94b80a83ab669,lexical_only,500,135.75010000204202,7.516200003010454,299.8546000017086,443.1209000067611,one shared preloaded model
syn-18c20066c2cb823b,lexical_only,500,133.2663000030152,7.260700000188081,323.2564000027196,463.7834000059229,one shared preloaded model
syn-9897592c844df47a,lexical_only,500,134.13199999922654,7.3818000018945895,250.81159999899683,392.32540000011795,one shared preloaded model
syn-f1a339235669aeb9,lexical_only,500,144.0784000005806,7.929999999760184,319.453699998121,471.4620999984618,one shared preloaded model
syn-cfdf94c12c6fc750,lexical_only,500,136.37630000084755,7.442800000717398,154.68419999888283,298.5033000004478,one shared preloaded model
syn-d74d75f2f11faece,lexical_only,500,125.47690000064904,4.571099998429418,229.1256999997131,359.17369999879156,one shared preloaded model
syn-783c82d75d29289f,lexical_only,500,141.7488000006415,7.289899996976601,532.2360999998637,681.2747999974818,one shared preloaded model
syn-59238d3be02262dc,lexical_only,500,136.74570000148378,7.523199998104246,337.7064000014798,481.9753000010678,one shared preloaded model
syn-5a59b3e48be3ebf3,lexical_only,500,140.99999999962165,7.1673999991617166,297.2776000024169,445.44500000120024,one shared preloaded model
syn-ff213c8fcd806780,lexical_only,500,126.90930000098888,7.5107999982719775,292.23949999868637,426.6595999979472,one shared preloaded model
syn-b53133f7f8a9ffec,lexical_only,500,136.05330000063987,7.2680000012042,291.90879999805475,435.2300999998988,one shared preloaded model
syn-e35eabac503525f5,lexical_only,500,143.79100000223843,7.380400002148235,315.28960000287043,466.4610000072571,one shared preloaded model
syn-f06e91bb302cec90,lexical_only,500,132.76300000143237,7.086800000251969,240.35229999935837,380.2021000010427,one shared preloaded model
syn-8e0605a240c5d9de,lexical_only,500,139.08339999761665,7.256900000356836,297.7599999976519,444.1002999956254,one shared preloaded model
syn-e187101b9c61e6e0,lexical_only,500,139.69779999752063,8.154200000717537,159.06489999906626,306.9168999973044,one shared preloaded model
syn-0adbc4dcb9081517,lexical_only,500,126.48020000051474,8.111800001643132,311.7573000017728,446.3493000039307,one shared preloaded model
syn-950a8c7f7b083c05,lexical_only,500,136.78710000021965,7.272700000612531,489.1246000006504,633.1844000014826,one shared preloaded model
syn-c33b261bc5974ad6,lexical_only,500,124.9640999994881,4.045199999382021,322.950599998876,451.9598999977461,one shared preloaded model
syn-5ae41b4c78656072,lexical_only,500,133.518800001184,7.831099999748403,311.0330999988946,452.382999999827,one shared preloaded model
syn-5e6cea10982a3491,lexical_only,500,138.61589999942225,7.282099999429192,245.66920000143,391.56720000028145,one shared preloaded model
syn-393c8d17ecc49c08,lexical_only,500,140.99310000165133,7.619600000907667,273.24659999794676,421.85930000050575,one shared preloaded model
syn-ea7a1a0f2c892d07,lexical_only,500,136.0932000025059,4.33589999738615,296.2009999973816,436.63009999727365,one shared preloaded model
syn-0e782853a7ea3314,lexical_only,500,130.55289999829256,7.160799999837764,249.03160000030766,386.745299998438,one shared preloaded model
syn-960381de09bea452,lexical_only,500,140.87819999986095,7.318699997995282,347.5789000003715,495.77579999822774,one shared preloaded model
syn-6e1920560ba226cf,lexical_only,500,141.51309999942896,7.698000001255423,180.83390000174404,330.0450000024284,one shared preloaded model
syn-51d5124dceba73dc,lexical_only,500,133.74509999994189,7.771799999318318,306.0265999993135,447.5434999985737,one shared preloaded model
syn-3eb2443275ddd447,lexical_only,500,136.83390000005602,7.413100000121631,470.1055000004999,614.3525000006775,one shared preloaded model
syn-8614bcc399988fce,lexical_only,500,132.7025999999023,7.360499999776948,243.78840000281343,383.8515000024927,one shared preloaded model
syn-3cdf107cfd43e0fd,lexical_only,500,119.9324000008346,4.743299999972805,243.65680000119028,368.3325000019977,one shared preloaded model
syn-288492c196f1e57d,lexical_only,500,139.58789999742294,7.459899999957997,310.0704999997106,457.1182999970915,one shared preloaded model
syn-6aeddd7478f8dad1,lexical_only,500,135.67979999788804,4.831199999898672,300.2353000010771,440.74629999886383,one shared preloaded model
syn-f7ce21c285c45a2e,lexical_only,500,138.55429999966873,7.203599998319987,258.9780999987852,404.7359999967739,one shared preloaded model
syn-e3f6ba4e5a28c2de,lexical_only,500,141.10810000056517,7.270100002642721,250.20869999934803,398.5869000025559,one shared preloaded model
syn-b660cc0eacfc23b6,lexical_only,500,134.43130000086967,7.323400001041591,322.4971000017831,464.25180000369437,one shared preloaded model
syn-b50f9f7062eca05f,lexical_only,500,128.43599999905564,7.2416000002704095,156.8638999997347,292.54149999906076,one shared preloaded model
syn-0fc1f31ae9a93aa7,lexical_only,500,136.85629999963567,7.839800000510877,287.24480000164476,431.9409000017913,one shared preloaded model
syn-d2aeb79af2c427b5,lexical_only,500,135.74370000060298,7.182299999840325,523.7506999983452,666.6766999987885,one shared preloaded model
syn-62826ec1b9b4a016,lexical_only,500,136.2570000019332,7.24880000052508,297.001499999169,440.5073000016273,one shared preloaded model
syn-d29f5aeb7170134e,lexical_only,500,133.447399999568,6.68500000028871,274.59730000191485,414.72970000177156,one shared preloaded model
syn-a38b4624e16666f7,lexical_only,500,139.73670000268612,6.376000001182547,278.7386999989394,424.8514000028081,one shared preloaded model
syn-75b1ed43bc65fd9e,lexical_only,500,136.42760000220733,8.57700000051409,299.4089999992866,444.413600002008,one shared preloaded model
syn-8494bae6d11ac2e7,lexical_only,500,140.68030000271392,7.906200000434183,362.149299999146,510.7358000022941,one shared preloaded model
syn-7ee1f42a5629174b,lexical_only,500,143.68549999926472,7.18589999814867,251.22769999870798,402.09909999612137,one shared preloaded model
syn-3fe4991bf0c2ad44,lexical_only,500,144.82500000303844,7.586499999888474,317.172600000049,469.5841000029759,one shared preloaded model
syn-1e2ecfd6d2f82460,lexical_only,500,135.78600000255392,7.300799999939045,153.93150000090827,297.01830000340124,one shared preloaded model
syn-64cd3953dfea1b8a,lexical_only,500,123.90919999961625,3.8867999974172562,341.0695999991731,468.8655999962066,one shared preloaded model
syn-8baac05c82412799,lexical_only,500,120.45940000098199,4.062699998030439,411.57250000105705,536.0946000000695,one shared preloaded model
syn-6d1ad2459478a841,lexical_only,500,134.5645000001241,7.2481999995943625,377.01689999812515,518.8295999978436,one shared preloaded model
syn-67f82b8b4f21c426,lexical_only,500,139.6452999979374,7.243399999424582,276.47260000230744,423.3612999996694,one shared preloaded model
syn-28a468ec5ccd074e,lexical_only,500,133.11569999859785,7.526199999119854,330.535900000541,471.1777999982587,one shared preloaded model
syn-22ae75de761a6523,lexical_only,500,136.43909999882453,7.277099997736514,319.2735000011453,462.98969999770634,one shared preloaded model
syn-438d58bc4faa40a6,lexical_only,500,137.58679999955348,7.312699999602046,318.55350000114413,463.45300000029965,one shared preloaded model
syn-00b33be7e49faf14,lexical_only,500,136.01810000182013,7.173300000431482,229.4094999997469,372.6009000019985,one shared preloaded model
syn-0de255f30bd2a43b,lexical_only,500,139.51689999885275,7.17879999865545,297.1730999997817,443.8687999972899,one shared preloaded model
syn-5b8adc69152415ba,lexical_only,500,139.2758000001777,7.218400001875125,176.08130000007804,322.57550000213087,one shared preloaded model
syn-7294b757a8e851e2,lexical_only,500,138.12099999995553,7.862299997213995,292.08719999951427,438.0704999966838,one shared preloaded model
syn-044b82cb725cda4f,lexical_only,500,137.28970000011032,7.441300000209594,462.8451999997196,607.5762000000395,one shared preloaded model
syn-318d78f2ab7b3615,lexical_only,500,137.23620000018855,7.310299999517156,310.47860000035143,455.02510000005714,one shared preloaded model
syn-6abf77247fcceec9,lexical_only,500,135.75249999848893,7.174999998824205,299.0010000030452,441.9285000003583,one shared preloaded model
syn-d820c6a8ffaad975,lexical_only,500,134.1498000001593,7.224799999676179,290.98979999980656,432.36439999964205,one shared preloaded model
syn-35e6eeacf4a5b0e7,lexical_only,500,136.46129999688128,7.695399999647634,342.3509999993257,486.50769999585464,one shared preloaded model
syn-5f13f7d39a6f9dd2,lexical_only,500,133.88100000156555,7.290000001376029,283.1329000000551,424.30390000299667,one shared preloaded model
syn-d79f56bbac52b78f,lexical_only,500,141.0805999985314,7.25840000086464,243.98850000216044,392.3275000015565,one shared preloaded model
syn-d94f9f88e7330cf3,lexical_only,500,137.15139999840176,7.170400000177324,323.70239999727346,468.02419999585254,one shared preloaded model
syn-9af8470ca231317c,lexical_only,500,137.04020000295714,7.313699999940582,249.63390000266372,393.98780000556144,one shared preloaded model
syn-016a620ea89d026c,lexical_only,500,136.10909999988507,7.887299998401431,320.6773999991128,464.6737999973993,one shared preloaded model
syn-0ab4f7c4f93101df,lexical_only,500,140.71079999848735,7.775699999911012,207.5029999978142,355.98949999621254,one shared preloaded model
syn-673ad9a7a3815527,lexical_only,500,133.11009999961243,7.541099999798462,325.2941999999166,465.9453999993275,one shared preloaded model
syn-9637d112539c2596,lexical_only,500,138.0786999980046,7.11839999712538,296.87380000177654,442.0708999969065,one shared preloaded model
syn-9efd28a908d96377,lexical_only,500,134.72229999752017,7.466800001566298,305.7137999967381,447.90289999582455,one shared preloaded model
syn-b5fd479043a1f5f0,lexical_only,500,145.837299998675,7.181400000263238,295.68400000061956,448.7026999995578,one shared preloaded model
syn-b31097c5f8432523,lexical_only,500,137.60619999811752,7.38420000197948,311.81500000093365,456.80540000103065,one shared preloaded model
syn-e3988356cb634b76,lexical_only,500,134.09580000006827,7.155099996452918,240.93169999832753,382.1825999948487,one shared preloaded model
syn-b93d2fbde0d87e43,lexical_only,500,143.66510000036214,7.350699997914489,347.54830000019865,498.5640999984753,one shared preloaded model
syn-e6bb0f45ecff59ec,lexical_only,500,141.63030000054277,7.290799996553687,116.06359999859706,264.9846999956935,one shared preloaded model
syn-5de10839a991bd18,lexical_only,500,131.5744999992603,4.5629000014741905,234.66269999698852,370.800099997723,one shared preloaded model
syn-1d26b78349295a8c,lexical_only,500,136.68630000029225,7.302999998501036,537.5944999977946,681.5837999965879,one shared preloaded model
syn-13a80fedd9f32081,lexical_only,500,139.65810000081547,5.11489999917103,285.7475000018894,430.5205000018759,one shared preloaded model
syn-fc5e97f03a0bdaea,lexical_only,500,132.13860000178101,4.4030999997630715,289.52960000242456,426.07130000396864,one shared preloaded model
syn-05d8cf96104d2a05,lexical_only,500,138.94409999920754,7.31150000137859,325.1942999995663,471.4499000001524,one shared preloaded model
syn-10f60f169ff33d8a,lexical_only,500,140.54679999753716,7.196999998996034,342.9679999971995,490.7117999937327,one shared preloaded model
syn-92e00dc4ce0b433f,lexical_only,500,135.55429999905755,7.548799996584421,323.7155000024359,466.81859999807784,one shared preloaded model
syn-8b04cba97d6011be,lexical_only,500,139.67040000352426,7.754399997793371,232.92310000033467,380.3479000016523,one shared preloaded model
syn-d5d82482f42433eb,lexical_only,500,140.7866000008653,8.32069999887608,359.4597999981488,508.5670999978902,one shared preloaded model
syn-c11b77eb7b11634e,lexical_only,500,132.00809999761987,7.531900002504699,156.74140000191983,296.2814000020444,one shared preloaded model
syn-45838d23bff0c54b,lexical_only,500,135.72930000009364,8.258800000476185,297.2757999996247,441.26390000019455,one shared preloaded model
syn-59a6301268ac351a,lexical_only,500,129.11979999989853,6.512300002214033,526.0425000014948,661.6746000036073,one shared preloaded model
syn-51f7894767e333b4,lexical_only,500,139.4335000004503,7.329799998842645,316.45059999937075,463.2138999986637,one shared preloaded model
syn-b2383b732780e64c,lexical_only,500,142.0694000007643,7.29729999875417,304.2680999969889,453.63479999650735,one shared preloaded model
syn-8b0cbb2202ca8bee,lexical_only,500,135.91549999910058,7.351100000960287,322.78149999910966,466.0480999991705,one shared preloaded model
syn-3c99834715dc06fe,lexical_only,500,135.6487000011839,7.261499999003718,276.16649999981746,419.0767000000051,one shared preloaded model
syn-bbb693659e15d4a8,lexical_only,500,121.9399000001431,4.045000001497101,319.2864999982703,445.2713999999105,one shared preloaded model
syn-ae370afd87dce67b,lexical_only,500,143.06589999978314,7.335499998589512,247.53870000131428,397.94009999968694,one shared preloaded model
syn-d9bb103e78d1ea00,lexical_only,1000,238.3408000023337,4.3501000000105705,268.320399998629,511.0113000009733,one shared preloaded model
syn-6ce2e118d31157fe,lexical_only,1000,240.55180000141263,4.6278000008896925,260.86189999841736,506.0415000007197,one shared preloaded model
syn-042dd477cdf0308a,lexical_only,1000,236.17249999733758,7.6229000005696435,276.90489999804413,520.7002999959514,one shared preloaded model
syn-281283cfabfbdcea,lexical_only,1000,237.34219999823836,3.751400003238814,242.65309999827878,483.74669999975595,one shared preloaded model
syn-8efa4ab49e1a80d2,lexical_only,1000,237.8059000002395,4.46169999850099,178.25900000025285,420.52659999899333,one shared preloaded model
syn-b17fc4077a328a69,lexical_only,1000,240.01709999720333,4.257000000507105,227.53300000113086,471.8070999988413,one shared preloaded model
syn-7e6f50b922375dde,lexical_only,1000,251.1229000010644,7.903900001110742,250.86060000103316,509.8874000032083,one shared preloaded model
syn-fc2eb6d5aff91ebe,lexical_only,1000,233.81330000120215,4.768400001921691,454.74970000213943,693.3314000052633,one shared preloaded model
syn-938ad03c92c97011,lexical_only,1000,239.8149000000558,4.086799999640789,445.5515000008745,689.4532000005711,one shared preloaded model
syn-f6b8e9d890741e55,lexical_only,1000,237.63179999878048,7.1820000011939555,290.8495999981824,535.6633999981568,one shared preloaded model
syn-b36a5940cf945a14,lexical_only,1000,241.58279999755905,7.541399998444831,331.5891999991436,580.7133999951475,one shared preloaded model
syn-0ed7b68c61dbfde9,lexical_only,1000,237.55879999953322,5.010199998650933,309.9188999985927,552.4878999967768,one shared preloaded model
syn-5fae0fa10fdf31d3,lexical_only,1000,239.12050000217278,4.523799998423783,322.0985000007204,565.7428000013169,one shared preloaded model
syn-dba8ca745e0a3cdc,lexical_only,1000,256.7689999996219,7.963000000017928,322.6548000020557,587.3868000016955,one shared preloaded model
syn-fcfb5732ec54f0c8,lexical_only,1000,237.17989999931888,4.638599999452708,250.6747000006726,492.4931999994442,one shared preloaded model
syn-08effc2a25c11f9c,lexical_only,1000,234.31319999872358,4.464200002985308,308.83219999668654,547.6095999983954,one shared preloaded model
syn-9e6381dab1dfdb96,lexical_only,1000,237.91200000050594,4.3231000017840415,143.19229999819072,385.4274000004807,one shared preloaded model
syn-dca5cb7288e8636e,lexical_only,1000,253.70050000128685,8.104599997750483,325.1063999996404,586.9114999986778,one shared preloaded model
syn-f4ff0a2d232530ca,lexical_only,1000,237.59510000309092,4.032400000141934,418.68840000097407,660.3159000042069,one shared preloaded model
syn-5f1b8d8a7822fd7e,lexical_only,1000,236.00979999901028,4.663200001232326,299.0432000005967,539.7162000008393,one shared preloaded model
syn-94aba5b9e5062a27,lexical_only,1000,244.7463999997126,3.8700000004610047,325.25950000126613,573.8759000014397,one shared preloaded model
syn-3e6c511cd2b560d8,lexical_only,1000,237.61500000182423,4.4030999997630715,329.9525000002177,571.970600001805,one shared preloaded model
syn-ac20d91143a0590b,lexical_only,1000,233.5538000006636,3.8170000007085036,233.3180000023276,470.6888000036997,one shared preloaded model
syn-0efffe40eebe4463,lexical_only,1000,248.43029999829014,6.596300001547206,341.45790000184206,596.4845000016794,one shared preloaded model
syn-b83885bc9e64ce19,lexical_only,1000,238.02490000161924,4.5009000023128465,183.31670000043232,425.8425000043644,one shared preloaded model
syn-ee19c3767fd74bed,lexical_only,1000,239.7449999989476,7.450799999787705,349.6085000006133,596.8042999993486,one shared preloaded model
syn-7c2d788567f6ca4c,lexical_only,1000,257.68149999930756,7.447799998772098,237.34300000069197,502.47229999877163,one shared preloaded model
syn-3a8019f3d5dc68c0,lexical_only,1000,235.33400000087568,4.4969000009587035,274.38750000146683,514.2184000033012,one shared preloaded model
syn-e8c65398929f4acf,lexical_only,1000,238.44910000116215,4.387900000438094,525.2523999988625,768.0894000004628,one shared preloaded model
syn-3f66ed559cedc115,lexical_only,1000,236.71969999850262,4.066399997100234,192.21589999870048,433.00199999430333,one shared preloaded model
syn-12ccf1fda7a5ba55,lexical_only,1000,250.32439999995404,7.304500002646819,328.3493000017188,585.9782000043197,one shared preloaded model
syn-a12f2b7d49824e38,lexical_only,1000,240.1633999979822,4.4372000011208,250.55240000074264,495.15299999984563,one shared preloaded model
syn-391e97cd74ab7f0a,lexical_only,1000,249.46769999951357,7.323599998926511,320.47289999900386,577.2641999974439,one shared preloaded model
syn-e720b237f4f6f0d3,lexical_only,1000,238.65740000110236,4.356100002041785,248.53579999762587,491.54930000077,one shared preloaded model
syn-8de662f9190a975f,lexical_only,1000,239.71919999894453,4.5442999980878085,229.75230000156444,474.0157999985968,one shared preloaded model
syn-887cf2e03d326777,lexical_only,1000,236.4783000011812,4.45919999765465,346.1466000007931,587.084099999629,one shared preloaded model
syn-89035a06fe530ebf,lexical_only,1000,246.9455000027665,7.770000000164146,251.1010999987775,505.81660000170814,one shared preloaded model
syn-cb5f2c3f5795cde4,lexical_only,1000,240.5514000020048,4.881900000327732,316.2490000031539,561.6823000054865,one shared preloaded model
syn-81dc91cf54ed73d1,lexical_only,1000,250.7770000011078,7.779999999911524,606.2867000000551,864.8437000010745,one shared preloaded model
syn-72347d36c62375b2,lexical_only,1000,255.6694000013522,7.334800000535324,581.9120999985898,844.9163000004773,one shared preloaded model
syn-4bae06c6c4fc1f14,lexical_only,1000,234.4264999992447,3.8674999996146653,255.14820000171312,493.4422000005725,one shared preloaded model
syn-45a3475be0025375,lexical_only,1000,237.60480000055395,4.29459999941173,251.42259999847738,493.32199999844306,one shared preloaded model
syn-c5a53c1e41ca2f77,lexical_only,1000,239.27739999999176,6.696899999951711,291.08740000083344,537.0617000007769,one shared preloaded model
syn-f6773edb4955f847,lexical_only,1000,268.85710000351537,7.515600002079736,306.0939999995753,582.4667000051704,one shared preloaded model
syn-58b316290cd24af7,lexical_only,1000,237.77500000142027,4.818900000827853,187.8139000000374,430.4078000022855,one shared preloaded model
syn-d48e529b99148b62,lexical_only,1000,246.38100000083796,5.013300000427989,331.61919999838574,583.0134999996517,one shared preloaded model
syn-c59f2789c582ce72,lexical_only,1000,234.446399997978,4.586099999869475,101.88379999817698,340.91629999602446,one shared preloaded model
syn-439f1c31894cda85,lexical_only,1000,233.6414000019431,4.1049999999813735,324.7105000009469,562.4569000028714,one shared preloaded model
syn-bc315d39ab7b8d07,lexical_only,1000,252.09600000016508,7.784199999150587,470.50469999885536,730.384899998171,one shared preloaded model
syn-ff528767efd5ed85,lexical_only,1000,240.06720000033965,4.262300000846153,322.1386999975948,566.4681999987806,one shared preloaded model
syn-65c7958efb0596b8,lexical_only,1000,249.6900000005553,7.599200002005091,320.4134999978123,577.7027000003727,one shared preloaded model
syn-54f9c57cabda9bb7,lexical_only,1000,252.86639999831095,8.041500001127133,325.7679999987886,586.6758999982267,one shared preloaded model
syn-b667d2c320a8600f,lexical_only,1000,236.16019999826676,4.034400000819005,284.6986000004108,524.8931999994966,one shared preloaded model
syn-a179f0ac6d5bd80b,lexical_only,1000,244.37790000229143,7.632400000147754,286.5964000011445,538.6067000035837,one shared preloaded model
syn-0837b68c448c02ef,lexical_only,1000,253.05920000027982,7.689800000662217,253.32949999938137,514.0785000003234,one shared preloaded model
syn-4cb03cf39f71f86d,lexical_only,1000,237.82910000227275,4.427899999427609,298.3334000018658,540.5904000035662,one shared preloaded model
syn-81ff57e4c3f23708,lexical_only,1000,237.32810000001336,7.639799998287344,254.64220000139903,499.61009999969974,one shared preloaded model
syn-d4eee0faf98bee16,lexical_only,1000,238.7897000007797,8.438200002274243,253.95840000055614,501.1863000036101,one shared preloaded model
syn-8ccf977ded1bf95e,lexical_only,1000,254.4634000005317,7.584499999211403,512.0032000013452,774.0511000010883,one shared preloaded model
syn-aa50f0aa293375df,lexical_only,1000,237.2447000016109,4.491799998504575,295.2800999992178,537.0165999993333,one shared preloaded model
syn-3024acb3548890e1,lexical_only,1000,240.19599999883212,7.255000000441214,313.54730000020936,560.9982999994827,one shared preloaded model
syn-466bce93c4ee97a9,lexical_only,1000,242.4326000000292,7.592999998450978,322.9467000019213,572.9723000004014,one shared preloaded model
syn-ea86488068c8be5d,lexical_only,1000,252.03999999939697,5.11489999917103,276.7561000000569,533.9109999986249,one shared preloaded model
syn-c93a303ba2cb0a5e,lexical_only,1000,236.2896999984514,4.332999997131992,248.72850000247126,489.35119999805465,one shared preloaded model
syn-39bd187f8d495145,lexical_only,1000,254.82100000226637,4.238899997289991,218.15169999899808,477.21159999855445,one shared preloaded model
syn-eacb4ffcbb2d86d7,lexical_only,1000,236.04249999698368,3.702900001371745,256.8385999984457,496.58399999680114,one shared preloaded model
syn-5b845e0d83ffe943,lexical_only,1000,243.63369999991846,4.5312999973248225,154.75030000015977,402.91529999740305,one shared preloaded model
syn-67da6153707a7cf3,lexical_only,1000,256.13869999870076,4.629099999874597,355.51470000064,616.2824999992154,one shared preloaded model
syn-208a5f0e612e75dc,lexical_only,1000,248.39480000082403,7.6922999978705775,360.3444000000309,616.4314999987255,one shared preloaded model
syn-3f0a998814cff481,lexical_only,1000,243.3956999993825,4.334799999924144,292.1604999974079,539.8909999967145,one shared preloaded model
syn-bbf2766c5553d357,lexical_only,1000,237.7851000019291,4.5205000023997854,299.33290000190027,541.6385000062292,one shared preloaded model
syn-28c5f4952dec1158,lexical_only,1000,243.27099999936763,4.581899996992433,296.33649999959744,544.1893999959575,one shared preloaded model
syn-f0710eb347d7f49f,lexical_only,1000,291.70389999853796,4.526100001385203,258.1050000007963,554.3350000007194,one shared preloaded model
syn-fae97a6c6007ca4b,lexical_only,1000,235.1505000006,4.305599999497645,301.933700000518,541.3898000006157,one shared preloaded model
syn-26da2551ebdb99b0,lexical_only,1000,236.66919999959646,4.683800001657801,252.388199998677,493.74119999993127,one shared preloaded model
syn-d6a3c849308efc93,lexical_only,1000,239.21640000116895,4.283300000679446,376.9687000021804,620.4684000040288,one shared preloaded model
syn-5e831158aecf073c,lexical_only,1000,242.5742999985232,8.074100001977058,189.1790999980003,439.82749999850057,one shared preloaded model
syn-0df1020fb1cfac7b,lexical_only,1000,236.93830000047456,8.068300001468742,253.26000000131899,498.2666000032623,one shared preloaded model
syn-14895e28ff83d627,lexical_only,1000,268.1644999975106,7.688300000154413,492.0547000001534,767.9074999978184,one shared preloaded model
syn-280893883faff475,lexical_only,1000,241.3885999994818,4.35020000077202,266.87049999964074,512.6092999998946,one shared preloaded model
syn-64c9f4524a637e29,lexical_only,1000,231.77559999749064,4.118200002267258,314.9043999983405,550.7981999980984,one shared preloaded model
syn-a059274c871b0476,lexical_only,1000,250.12140000035288,4.616700000042329,256.05470000300556,510.79280000340077,one shared preloaded model
syn-62d3ee9ce3d7c7ac,lexical_only,1000,238.2502000000386,7.316500003071269,199.78350000019418,445.35020000330405,one shared preloaded model
syn-a3ab9227eebf5a53,lexical_only,1000,250.56889999905252,4.45670000044629,280.3567999981169,535.3823999976157,one shared preloaded model
syn-eae30fdc794e4b34,lexical_only,1000,238.50850000235368,4.462000000785338,172.84030000155326,415.8108000046923,one shared preloaded model
syn-48ca6ad89fc59895,lexical_only,1000,257.52920000013546,7.5563999998848885,366.6075000001001,631.6931000001205,one shared preloaded model
syn-500f7069b993394b,lexical_only,1000,237.0632000020123,5.873800000699703,153.89389999836567,396.8309000010777,one shared preloaded model
syn-9b96067dc9ef5446,lexical_only,1000,249.79610000082175,4.593999998178333,254.47130000247853,508.8614000014786,one shared preloaded model
syn-7a3b2bb542adde01,lexical_only,1000,242.6367999978538,3.918499998690095,495.7713999974658,742.3266999940097,one shared preloaded model
syn-f7c0ebbe60722761,lexical_only,1000,240.21209999773419,4.204199998639524,251.20310000056634,495.61939999694005,one shared preloaded model
syn-dac579b4ce47aca7,lexical_only,1000,248.13200000062352,7.254700001794845,295.01149999850895,550.3982000009273,one shared preloaded model
syn-bcbefb9be90d6a25,lexical_only,1000,237.11619999812683,4.98410000000149,344.907399998192,587.0076999963203,one shared preloaded model
syn-2695661d1bea2959,lexical_only,1000,236.54370000076597,7.51749999835738,285.553699999582,529.6148999987054,one shared preloaded model
syn-1b898866130111e0,lexical_only,1000,237.9834999992454,4.060300001583528,328.9686999996775,571.0125000005064,one shared preloaded model
syn-1a1996e4100eeaad,lexical_only,1000,240.8051999991585,4.311199998483062,178.42279999968014,423.5391999973217,one shared preloaded model
syn-8d77e003873ed40a,lexical_only,1000,236.20649999793386,4.371700000774581,257.3627000019769,497.94090000068536,one shared preloaded model
syn-cdc296dc9c776cdb,lexical_only,1000,241.92689999836148,7.63119999828632,156.214300001011,405.7723999976588,one shared preloaded model
syn-8327f78363600d81,lexical_only,1000,237.6754999968398,4.734099999041064,428.86599999837927,671.2755999942601,one shared preloaded model
syn-5e6ee2f73290048f,lexical_only,1000,242.45669999800157,4.238000001350883,263.3425000021816,510.0372000015341,one shared preloaded model
syn-23e8742860b2a62a,lexical_only,1000,249.0944999990461,7.381299998087343,328.84529999864753,585.321099995781,one shared preloaded model
syn-f04d6c7f370e4a29,lexical_only,1000,252.2358999995049,8.382299998629605,360.8399999975518,621.4581999956863,one shared preloaded model
syn-b80b2e97a4db7a97,lexical_only,1000,239.71830000300542,4.1788999988057185,274.4897000011406,518.3869000029517,one shared preloaded model
syn-ba2a7ef9baa4b877,lexical_only,1000,239.6850999975868,3.640099999756785,297.68719999992754,541.0123999972711,one shared preloaded model
syn-71222cfc29e9341b,lexical_only,1000,234.73829999784357,3.8193000000319444,300.66749999969034,539.2250999975658,one shared preloaded model
syn-c28e151e0a17cca4,lexical_only,1000,246.91750000056345,4.545100000541424,257.634000001417,509.0966000025219,one shared preloaded model
syn-f146e261fff2b363,lexical_only,1000,245.93069999900763,7.535000000643777,321.67500000286964,575.140700002521,one shared preloaded model
syn-bcc90fb9386303b5,lexical_only,1000,253.22779999987688,7.647099999303464,243.39920000056736,504.2740999997477,one shared preloaded model
syn-543acec00104d069,lexical_only,1000,242.39479999960167,4.634500000975095,259.18449999880977,506.21379999938654,one shared preloaded model
syn-a777a0449ca3fb5f,lexical_only,1000,238.80369999824325,4.554800001642434,429.636600001686,672.9951000015717,one shared preloaded model
syn-c06a91abc63c98c7,lexical_only,1000,235.85610000009183,4.198200000246288,267.9958999979135,508.0501999982516,one shared preloaded model
syn-b99931850336a20f,lexical_only,1000,244.0059000000474,7.519200000388082,300.3628000005847,551.8879000010202,one shared preloaded model
syn-59385e24e872000c,lexical_only,1000,243.18549999952666,3.7282000012055505,328.19990000280086,575.1136000035331,one shared preloaded model
syn-0892a57b654e40e8,lexical_only,1000,254.6407999980147,7.64300000082585,284.88670000297134,547.1705000018119,one shared preloaded model
syn-fb34245e0892cc7a,lexical_only,1000,256.49110000085784,7.594400001835311,303.260800003045,567.3463000057382,one shared preloaded model
syn-b08ae709b1c9d822,lexical_only,1000,246.01979999715695,7.622100001754006,267.6305000022694,521.2724000011804,one shared preloaded model
syn-e2db30e7d5c4dde6,lexical_only,1000,232.79159999947296,4.5079999981680885,275.2356000019063,512.5351999995473,one shared preloaded model
syn-dd60639750ea62b4,lexical_only,1000,236.84299999877112,4.603000001225155,103.5167999980331,344.96279999802937,one shared preloaded model
syn-cbaa4569873ac834,lexical_only,1000,238.30069999894476,4.86559999990277,236.86549999911222,480.03179999795975,one shared preloaded model
syn-520903a645d5ecfb,lexical_only,1000,242.36759999985225,4.471300002478529,484.3998000033025,731.2387000056333,one shared preloaded model
syn-5e9fd87a5016cddd,lexical_only,1000,234.27169999922626,4.278099997463869,231.94409999996424,470.49389999665436,one shared preloaded model
syn-f1b52658363e3b92,lexical_only,1000,235.04159999720287,4.198000002361368,332.5373999978183,571.7769999973825,one shared preloaded model
syn-18b9d6ac9e7049fb,lexical_only,1000,241.12509999758913,4.991899997548899,180.61859999943408,426.7355999945721,one shared preloaded model
syn-008384cdd30eea44,lexical_only,1000,245.33119999978226,4.3680999988282565,329.1679000030854,578.8672000016959,one shared preloaded model
syn-ab404be3043d317f,lexical_only,1000,240.49720000039088,4.679900001065107,298.22719999719993,543.4042999986559,one shared preloaded model
syn-172454acf1cf66e2,lexical_only,1000,246.02950000189594,7.67469999846071,257.30660000044736,511.010800000804,one shared preloaded model
syn-27d81a44d9d7eb1d,lexical_only,1000,236.9116000008944,4.353899999841815,277.6391999977932,518.9046999985294,one shared preloaded model
syn-d07f7ebc6d1de23b,lexical_only,1000,233.5109999985434,7.929799998237286,154.7753000013472,396.2160999981279,one shared preloaded model
syn-a2663843442b6cc3,lexical_only,1000,249.44780000078026,4.852900001424132,306.8400999982259,561.1408000004303,one shared preloaded model
syn-1cdee48c3989dff6,lexical_only,1000,248.19510000088485,8.191400000214344,485.5095999992045,741.8961000003037,one shared preloaded model
syn-c3e03635fe54efbb,lexical_only,1000,237.17130000295583,3.6355000011099037,298.30539999966277,539.1122000037285,one shared preloaded model
syn-f145453cd704f938,lexical_only,1000,252.13779999830876,7.532899999205256,324.93569999860483,584.6063999961189,one shared preloaded model
syn-19a39e333ceb7176,lexical_only,1000,238.88860000079148,4.718000000139,264.5002999997814,508.1069000007119,one shared preloaded model
syn-b2af4633bfb40235,lexical_only,1000,241.81200000020908,4.037599999719532,252.07099999897764,497.92059999890625,one shared preloaded model
syn-2c55a3011f2a0d9a,lexical_only,1000,234.832500002085,3.6548000025504734,299.4244000001345,537.91170000477,one shared preloaded model
syn-01c5f8e95e41a7a5,lexical_only,1000,234.7263000010571,4.544699997495627,254.49569999909727,493.76669999765,one shared preloaded model
syn-791e007bcf48f98c,lexical_only,1000,248.54229999982635,7.513599997764686,342.0664000004763,598.1222999980673,one shared preloaded model
syn-259b9d737befeb57,lexical_only,1000,238.9552000022377,4.468799997994211,152.18599999934668,395.6099999995786,one shared preloaded model
syn-54b5a6194fc6fd8e,lexical_only,1000,254.788300000655,7.9578999975638,302.7022999995097,565.4484999977285,one shared preloaded model
syn-8f4277d9948d448f,lexical_only,1000,237.02979999870877,3.6667000022134744,479.4531999978062,720.1496999987285,one shared preloaded model
syn-e049688b82633c17,lexical_only,1000,253.06450000061886,7.356899997830624,300.7112999985111,561.1326999969606,one shared preloaded model
syn-50f7efbbd3b49e8b,lexical_only,1000,233.06420000153594,3.6454999972193036,245.90929999976652,482.61899999852176,one shared preloaded model
syn-99e12498445b1b0e,lexical_only,1000,244.18650000006892,4.231299997627502,338.95180000035907,587.3695999980555,one shared preloaded model
syn-4af231d1b0ca07c3,lexical_only,1000,244.17939999693772,7.733599999482976,329.7826000016357,581.6955999980564,one shared preloaded model
syn-cf0443c64c602685,lexical_only,1000,237.42869999841787,4.436800001712982,299.61960000218824,541.4851000023191,one shared preloaded model
syn-0aa6427cb87ebeec,lexical_only,1000,238.4344999991299,4.343500000686618,261.05920000190963,503.83720000172616,one shared preloaded model
syn-64d492d82aa73da9,lexical_only,1000,237.83909999838215,4.956100001436425,263.5718999990786,506.3670999988972,one shared preloaded model
syn-a88929ba4de8e497,lexical_only,1000,240.97140000230866,4.163599998719292,118.41849999836995,363.5534999993979,one shared preloaded model
syn-82a7fca2c31d20c0,lexical_only,1000,235.51139999835868,4.210899998724926,280.32640000310494,520.0487000001885,one shared preloaded model
syn-9c7c1e30084b964c,lexical_only,1000,237.88889999923413,4.298500000004424,470.26950000145007,712.4569000006886,one shared preloaded model
syn-2ca355b2ac8634a8,lexical_only,1000,239.5360000009532,4.281000001356006,245.88870000297902,489.70570000528824,one shared preloaded model
syn-aa93861de0aaf495,lexical_only,5000,1130.2547000013874,4.939099999319296,317.5123999972129,1452.7061999979196,one shared preloaded model
syn-1992f86a3e86fc6a,lexical_only,5000,1136.4960999999312,8.025099999940721,348.970900002314,1493.492100002186,one shared preloaded model
syn-04083234f85709e1,lexical_only,5000,1020.9685999980138,8.064900001045316,296.9416999985697,1325.9751999976288,one shared preloaded model
syn-cb01db0eb7a2edd2,lexical_only,5000,1089.9263999999675,7.185900001786649,265.7160000017029,1362.8283000034571,one shared preloaded model
syn-621d2f30954c345e,lexical_only,5000,1084.1307000009692,8.117000001220731,214.19410000089556,1306.4418000030855,one shared preloaded model
syn-283fe4a44583ec8e,lexical_only,5000,1006.3950999974622,5.0277999980608,312.6001000018732,1324.0229999973963,one shared preloaded model
syn-e1d8ea4b52f7b86c,lexical_only,5000,1043.6484000019846,4.833799997868482,153.979700000491,1202.461900000344,one shared preloaded model
syn-b277d625d17584f5,lexical_only,5000,1005.2265000012994,8.567000000766711,338.93499999976484,1352.728500001831,one shared preloaded model
syn-feae35cacba6a43a,lexical_only,5000,959.1145000013057,4.756199999974342,459.89929999996093,1423.770000001241,one shared preloaded model
syn-1c7e5d6f21986a25,lexical_only,5000,1014.6866000031878,7.923499997559702,323.0504999992263,1345.6605999999738,one shared preloaded model
syn-834533c926250190,lexical_only,5000,1073.0454000004102,9.355700000014622,306.76709999897867,1389.1681999994034,one shared preloaded model
syn-0a63273f5477a591,lexical_only,5000,1022.2470000007888,5.253600000287406,323.4197999991011,1350.9204000001773,one shared preloaded model
syn-52610bf62333d9cb,lexical_only,5000,990.6368999982078,4.431400000612484,320.1200000003155,1315.1882999991358,one shared preloaded model
syn-821964f5a271aa9e,lexical_only,5000,1053.0953999987105,8.810800001811003,329.37130000209436,1391.2775000026159,one shared preloaded model
syn-084b033a28301180,lexical_only,5000,979.1764000001422,7.77600000219536,250.63390000286745,1237.586300005205,one shared preloaded model
syn-bb91366853342eae,lexical_only,5000,1061.2846000003628,4.221099999995204,329.3526000015845,1394.8583000019426,one shared preloaded model
syn-c70d6c456e1f3caf,lexical_only,5000,1018.2859000015014,8.101299998088507,153.42669999881764,1179.8138999984076,one shared preloaded model
syn-4b7b4e4e7cda9cdd,lexical_only,5000,1112.813299998379,8.88449999911245,298.60809999809135,1420.3058999955829,one shared preloaded model
syn-05a3818e49a3d01c,lexical_only,5000,983.1063999990874,7.929300001705997,322.5252000011096,1313.560900001903,one shared preloaded model
syn-45a189501aa64aff,lexical_only,5000,1046.874100000423,7.942300002468983,280.4455000004964,1335.2619000033883,one shared preloaded model
syn-8e55dab6334193ac,lexical_only,5000,1013.3473000023514,5.215500001213513,313.43370000104187,1331.9965000046068,one shared preloaded model
syn-7078daef9fc885d5,lexical_only,5000,1144.5382999991125,7.991200000105891,322.7682000033383,1475.2977000025567,one shared preloaded model
syn-30a8cdce438a3478,lexical_only,5000,1108.3713000007265,8.347900002263486,300.15479999929084,1416.8740000022808,one shared preloaded model
syn-c8ec446f9f1407cc,lexical_only,5000,1030.8910999992804,8.1172999998671,281.9869999984803,1320.9953999976278,one shared preloaded model
syn-1eea891acae77cae,lexical_only,5000,974.9726999980339,4.774200002430007,180.62099999951897,1160.367899999983,one shared preloaded model
syn-41f888c23d96d157,lexical_only,5000,1062.116100001731,8.082600001216633,343.3495999997831,1413.5483000027307,one shared preloaded model
syn-f845857e039afa6c,lexical_only,5000,1116.757100000541,8.441300000413321,110.99319999993895,1236.1916000008932,one shared preloaded model
syn-ac6dfe3b37e5a013,lexical_only,5000,1096.2949999993725,8.520700001099613,321.30839999808813,1426.1240999985603,one shared preloaded model
syn-15dd01e778ff5a78,lexical_only,5000,1135.9541000019817,7.8484000005119015,279.98590000061085,1423.7884000031045,one shared preloaded model
syn-87378b8e75e2dd6a,lexical_only,5000,1075.9312000009231,4.823499999474734,286.0352999996394,1366.7900000000373,one shared preloaded model
syn-061b3d97b8960738,lexical_only,5000,1019.3065999992541,4.879099997197045,297.13579999952344,1321.3214999959746,one shared preloaded model
syn-490b8d010f4490c5,lexical_only,5000,1183.699199998955,4.6159000012266915,258.940600000642,1447.2557000008237,one shared preloaded model
syn-fe76d6c8fe9751ff,lexical_only,5000,1020.9887999990315,8.610599998064572,321.54779999837046,1351.1471999954665,one shared preloaded model
syn-00a89a4a45a4d877,lexical_only,5000,1043.5046999991755,8.581499998399522,277.58039999753237,1329.6665999951074,one shared preloaded model
syn-4732a0f163a6f5e5,lexical_only,5000,1098.5123999998905,9.210399999574292,249.990299998899,1357.7130999983638,one shared preloaded model
syn-81ea53ade157ad42,lexical_only,5000,973.1418000010308,4.806600001757033,255.42660000064643,1233.3750000034343,one shared preloaded model
syn-3a0dace1bee727c3,lexical_only,5000,1030.3840000015043,8.337700000993209,232.45759999917937,1271.179300001677,one shared preloaded model
syn-3d3cb10c80061638,lexical_only,5000,1122.4664000001212,5.447499999718275,273.72899999681977,1401.6428999966593,one shared preloaded model
syn-2a09864e418663ff,lexical_only,5000,1041.6967999990447,8.10279999859631,254.09249999938766,1303.8920999970287,one shared preloaded model
syn-ec6ef79969cd8dc7,lexical_only,5000,1046.4906999986852,8.080100000370294,333.5312999988673,1388.1020999979228,one shared preloaded model
syn-f77621b915dd593f,lexical_only,5000,1050.785100000212,7.91880000178935,247.89670000245678,1306.600600004458,one shared preloaded model
syn-151c38901bd6a67f,lexical_only,5000,963.8497000014468,4.789099999470636,295.39199999999255,1264.03080000091,one shared preloaded model
syn-db951997c8dd6571,lexical_only,5000,1098.968899997999,7.9437999993388075,291.77790000176174,1398.6905999990995,one shared preloaded model
syn-8b89503a51b386ea,lexical_only,5000,1043.7836999990395,8.06899999952293,215.47339999960968,1267.3260999981721,one shared preloaded model
syn-63205549e97719a8,lexical_only,5000,1004.0460999989591,4.986100000678562,232.71399999794085,1241.7461999975785,one shared preloaded model
syn-c748ba52ac994805,lexical_only,5000,1014.1375000021071,8.099000002403045,322.04020000062883,1344.276700005139,one shared preloaded model
syn-905cd0149f85c44d,lexical_only,5000,1047.5263000007544,4.750399999466026,154.51259999827016,1206.7892999984906,one shared preloaded model
syn-c1e6d9a8d1426ccd,lexical_only,5000,1165.5654000023787,8.801299998594914,296.9718999993347,1471.3386000003084,one shared preloaded model
syn-5a60149bb7d0d331,lexical_only,5000,1077.288000000408,8.645599998999387,480.8125999988988,1566.746199998306,one shared preloaded model
syn-085b48c1c01765d8,lexical_only,5000,1056.7020999988017,7.932100001198705,266.7003000024124,1331.3345000024128,one shared preloaded model
syn-983ee8cd7cfab2b2,lexical_only,5000,1071.3038999965647,4.928099999233382,300.5921000003582,1376.8240999961563,one shared preloaded model
syn-62914c9ecfadb05c,lexical_only,5000,1107.241099998646,4.931100000248989,230.3515999992669,1342.5237999981618,one shared preloaded model
syn-d33602a2444f791a,lexical_only,5000,1035.013799999433,5.492899999808287,259.5679000005475,1300.074599999789,one shared preloaded model
syn-84c0416f23825ae8,lexical_only,5000,1040.9042000028421,8.655900001031114,320.89600000108476,1370.456100004958,one shared preloaded model
syn-91feb287d382e59b,lexical_only,5000,1049.06530000153,5.259099998511374,248.93199999860371,1303.256399998645,one shared preloaded model
syn-0238640a9f4d82ca,lexical_only,5000,1104.4966000008571,7.913599998573773,346.26460000072257,1458.6748000001535,one shared preloaded model
syn-63b0f61512efcc7b,lexical_only,5000,1055.957299999136,7.98699999722885,256.5107000009448,1320.4549999973096,one shared preloaded model
syn-7b60a34c510e7d77,lexical_only,5000,991.4220999999088,5.1974999987578485,258.2782999998017,1254.8978999984683,one shared preloaded model
syn-aef5fcb957e2b2ae,lexical_only,5000,1081.6982999967877,8.0110999988392,297.2016999992775,1386.9110999949044,one shared preloaded model
syn-89e193275b5f85b9,lexical_only,5000,955.5982999991102,4.866199997195508,304.357600001822,1264.8220999981277,one shared preloaded model
syn-723cfc0a3cdbbe70,lexical_only,5000,976.288800000475,4.999000000680098,279.29800000129035,1260.5858000024455,one shared preloaded model
syn-b497e7cf4d12d853,lexical_only,5000,1050.070200002665,4.7229999981937,240.96799999824725,1295.7611999991059,one shared preloaded model
syn-cab61fd9ea43be50,lexical_only,5000,1153.1752000009874,7.997300002898555,298.94770000100834,1460.1202000048943,one shared preloaded model
syn-d2adedac796b42a4,lexical_only,5000,1042.4668999985442,8.112899999105139,352.32729999916046,1402.9070999968098,one shared preloaded model
syn-81c6eeb87fa8b65a,lexical_only,5000,1063.9107000024524,8.229799997934606,259.8574000003282,1331.9979000007152,one shared preloaded model
syn-a34560479904d293,lexical_only,5000,1085.6593000025896,8.04000000061933,343.5097000001406,1437.2090000033495,one shared preloaded model
syn-175fb0b9c9912f1d,lexical_only,5000,1006.5609000012046,5.410899997514207,153.76470000046538,1165.7364999991842,one shared preloaded model
syn-da09d28e9f3d5d8d,lexical_only,5000,1037.1711999978288,8.476799997879425,279.11159999712254,1324.7595999928308,one shared preloaded model
syn-ba4fd9131d17eb5c,lexical_only,5000,972.1494000004895,4.814200001419522,314.4319999992149,1291.395600001124,one shared preloaded model
syn-68ead23b13d3ca2c,lexical_only,5000,1025.6573999977263,5.02260000212118,290.21109999666805,1320.8910999965155,one shared preloaded model
syn-6e554c5058644670,lexical_only,5000,1000.3178999977536,7.854900002712384,252.27170000289334,1260.4445000033593,one shared preloaded model
syn-25700fcf3ed93c36,lexical_only,5000,961.4791999993031,4.047100002935622,253.72599999900558,1219.2523000012443,one shared preloaded model
syn-a5ee09e7314def43,lexical_only,5000,1255.4366000003938,8.195499998691957,316.27669999943464,1579.9087999985204,one shared preloaded model
syn-2b6abd30a60a5e04,lexical_only,5000,1030.6532999966294,4.911999996693339,322.3316000003251,1357.8968999936478,one shared preloaded model
syn-8dfeb642ddbee07c,lexical_only,5000,1029.8598999979731,7.947099999000784,250.19850000171573,1288.0054999986896,one shared preloaded model
syn-eb06dec63064b043,lexical_only,5000,957.6378999990993,5.3805999996257015,716.5872999976273,1679.6057999963523,one shared preloaded model
syn-0488d9fbd767427e,lexical_only,5000,989.4733000000997,5.49690000116243,155.30690000014147,1150.2771000014036,one shared preloaded model
syn-ed2d05fab8ac8fe4,lexical_only,5000,1002.5397999997949,4.937900001095841,715.1745000010123,1722.652200001903,one shared preloaded model
syn-8f9f957317f7d25c,lexical_only,5000,958.3490000004531,7.940999999846099,501.72530000054394,1468.0153000008431,one shared preloaded model
syn-501740773c0e41a8,lexical_only,5000,1062.9450000014913,4.880099997535581,307.46910000016214,1375.294199999189,one shared preloaded model
syn-7e7b412841f6c1f7,lexical_only,5000,966.8190000011236,7.833600000594743,298.64660000021104,1273.2992000019294,one shared preloaded model
syn-2318f08daa17b1d9,lexical_only,5000,988.4973000007449,4.919200000585988,274.97759999823757,1268.3940999995684,one shared preloaded model
syn-444440373a79774e,lexical_only,5000,1082.8823000010743,7.9919999989215285,292.0711000006122,1382.945400000608,one shared preloaded model
syn-c09d16bc1d1a2e55,lexical_only,5000,1109.3744999998307,4.8533000008319505,282.5380000031146,1396.7658000037773,one shared preloaded model
syn-41397c03bd43fa20,lexical_only,5000,962.4924999989162,4.746099999465514,177.18500000046333,1144.423599998845,one shared preloaded model
syn-2f881f63e4a9ee5b,lexical_only,5000,1091.324100001657,4.9299000020255335,250.7350999985647,1346.9891000022471,one shared preloaded model
syn-5f5e815c982ee27e,lexical_only,5000,960.6830000011541,4.728899999463465,114.65909999969881,1080.0710000003164,one shared preloaded model
syn-9d71ed841863197e,lexical_only,5000,1048.6641000024974,7.676000001083594,235.0213999998232,1291.3615000034042,one shared preloaded model
syn-7fdfd00ab52cb0a4,lexical_only,5000,1014.5421000015631,4.657999998016749,296.3190999980725,1315.5191999976523,one shared preloaded model
syn-ad6a49391bbc7ec8,lexical_only,5000,1083.1551999981457,7.991300000867341,391.78739999988466,1482.9338999988977,one shared preloaded model
syn-1b1c065cb1f625b9,lexical_only,5000,1023.5433000016201,8.026899999094894,249.60339999961434,1281.1736000003293,one shared preloaded model
syn-b6a49a33030fa3f8,lexical_only,5000,1112.2064999981376,8.148599998094141,299.2392000014661,1419.5942999976978,one shared preloaded model
syn-a8d2f52e7f079d88,lexical_only,5000,1017.7398999985598,7.951399999001296,328.9098000022932,1354.6010999998543,one shared preloaded model
syn-4c3b3bb15e85d708,lexical_only,5000,1197.4668000002566,8.225099998526275,318.1044999982987,1523.7963999970816,one shared preloaded model
syn-5711ba27a03e1d37,lexical_only,5000,1028.3311000021058,8.990900001663249,226.8153999975766,1264.1374000013457,one shared preloaded model
syn-0524cfaed31c16ea,lexical_only,5000,1060.725999999704,8.640299998660339,322.4934999998368,1391.8597999982012,one shared preloaded model
syn-e15762ae99c08a2e,lexical_only,5000,977.0680000001448,8.527499998308485,153.90990000014426,1139.5053999985976,one shared preloaded model
syn-d1c2ea5489a8c93f,lexical_only,5000,1019.3060999990848,8.48769999720389,349.525800000265,1377.3195999965537,one shared preloaded model
syn-fecb508b9a8cd0d7,lexical_only,5000,976.6429000010248,8.124700001644669,354.225499999302,1338.9931000019715,one shared preloaded model
syn-c3610b2dfdf17488,lexical_only,5000,1087.5613000025623,8.038300002226606,298.8474000012502,1394.4470000060392,one shared preloaded model
syn-d387b7117ab37cfe,lexical_only,5000,973.2674000006227,4.240599999320693,249.4750000005297,1226.983000000473,one shared preloaded model
syn-8d9d118f41b1a227,lexical_only,5000,1052.0058000001882,8.105699998850469,182.58160000186763,1242.6931000009063,one shared preloaded model
syn-ff0767eb4ac46b9f,lexical_only,5000,1121.780099998432,4.887799997959519,341.75150000010035,1468.4193999964918,one shared preloaded model
syn-1d16ca78cf5f285e,lexical_only,5000,1044.865399999253,4.951099999743747,300.63520000112476,1350.4517000001215,one shared preloaded model
syn-9195cade3f4252b5,lexical_only,5000,1069.077500000276,7.996299998922041,228.52570000031847,1305.5994999995164,one shared preloaded model
syn-359afa05afb48b2c,lexical_only,5000,1027.5804000011703,8.116500001051463,325.08140000209096,1360.7783000043128,one shared preloaded model
syn-6b61ed0aca632b5c,lexical_only,5000,1134.6864000006462,8.06650000231457,156.4773000027344,1299.2302000056952,one shared preloaded model
syn-0adb661c494753d6,lexical_only,5000,973.8359000002674,8.814600001642248,492.22830000144313,1474.8788000033528,one shared preloaded model
syn-6927e3c74ff525fb,lexical_only,5000,1061.299199998757,4.960300000675488,228.19729999901028,1294.4567999984429,one shared preloaded model
syn-0a18b81ca32a8ca7,lexical_only,5000,1030.996800000139,4.675399999541696,274.83700000084355,1310.5092000005243,one shared preloaded model
syn-0c1d110466abf51c,lexical_only,5000,1038.3651999982249,7.9454000006080605,295.29200000251876,1341.6026000013517,one shared preloaded model
syn-97d2d586514f8cca,lexical_only,5000,1044.1003999985696,8.213799999793991,340.689000000566,1393.0031999989296,one shared preloaded model
syn-6f7e2eb87f7f3302,lexical_only,5000,988.6107999991509,4.893799999990733,234.50729999967734,1228.011899998819,one shared preloaded model
syn-fea661b4b15b0e74,lexical_only,5000,1175.112500000978,8.019299999432405,300.6810000006226,1483.8128000010329,one shared preloaded model
syn-fe239bde6ca96941,lexical_only,5000,1117.5406000002113,8.254300002590753,249.94140000126208,1375.736300004064,one shared preloaded model
syn-9912a67973413584,lexical_only,5000,1007.9420000001846,4.387100001622457,298.2482999977947,1310.5773999996018,one shared preloaded model
syn-196bc61cd9f71b17,lexical_only,5000,1078.546799999458,8.667000001878478,154.3521999992663,1241.5660000006028,one shared preloaded model
syn-58d280179ba06842,lexical_only,5000,1091.0760999977356,9.25180000194814,482.2146000005887,1582.5425000002724,one shared preloaded model
syn-92401515ca3d9d95,lexical_only,5000,1060.677299999952,4.599800002324628,454.65490000060527,1519.932000002882,one shared preloaded model
syn-346cd6a91974029e,lexical_only,5000,1052.4101000009978,4.8773999988043215,294.6980999986408,1351.985599998443,one shared preloaded model
syn-d61561dea81b4354,lexical_only,5000,951.6404999994847,4.8296999993908685,250.70029999915278,1207.1704999980284,one shared preloaded model
syn-63ea34aca9f01719,lexical_only,5000,1107.1482000006654,4.887600000074599,299.5957000021008,1411.6315000028408,one shared preloaded model
syn-e84106f112541156,lexical_only,5000,1093.6275999993086,4.4716999982483685,318.82219999897643,1416.9214999965334,one shared preloaded model
syn-6efde579ff231d80,lexical_only,5000,966.9168000000354,4.902900000161026,253.51149999914924,1225.3311999993457,one shared preloaded model
syn-0d04f3e770c59888,lexical_only,5000,1063.9185999971232,4.163499997957842,182.6854999999341,1250.7675999950152,one shared preloaded model
syn-43d0843223dd74b3,lexical_only,5000,1019.213800002035,5.348999999114312,253.07379999867408,1277.6365999998234,one shared preloaded model
syn-53cc44bad0b99782,lexical_only,5000,1098.7662000006821,8.120200000121258,267.94410000002244,1374.8305000008259,one shared preloaded model
syn-68d50118e4b184cf,lexical_only,5000,1024.2311000001791,8.582300000853138,304.286200000206,1337.0996000012383,one shared preloaded model
syn-c909e6f301674d74,lexical_only,5000,1102.9592000013508,8.575699997891206,506.35849999889615,1617.8933999981382,one shared preloaded model
syn-b15708cedb31ffb2,lexical_only,5000,1060.121700000309,4.871099998126738,289.6053000004031,1354.5980999988387,one shared preloaded model
syn-beb9b27d8478562e,lexical_only,5000,1113.4736999993038,4.213700001855614,298.3048999994935,1415.992300000653,one shared preloaded model
syn-a4fa3217b0299eb9,lexical_only,5000,1002.5602000023355,4.885400001512608,232.57039999953122,1240.0160000033793,one shared preloaded model
syn-5d93fdd68c7b9336,lexical_only,5000,1010.0252000011096,7.794000001013046,321.24560000011115,1339.0648000022338,one shared preloaded model
syn-b4e07914bae9b1c7,lexical_only,5000,1079.370799998287,8.101399998849956,330.0480999969295,1417.5202999940666,one shared preloaded model
syn-a122df2c9c14fdfd,lexical_only,5000,1136.4656000005198,8.045599999604747,252.01799999922514,1396.5291999993497,one shared preloaded model
syn-1679b733dc99bd02,lexical_only,5000,971.292899997934,7.97450000027311,346.88090000054217,1326.1482999987493,one shared preloaded model
syn-0644357cd6e5c8fb,lexical_only,5000,998.9196000024094,5.280899997160304,251.7833999991126,1255.9838999986823,one shared preloaded model
syn-01a1d9a589e21fc8,lexical_only,5000,1075.4049999995914,9.20830000177375,269.1101000018534,1353.7234000032186,one shared preloaded model
syn-fe7bdb4996e9bd80,lexical_only,5000,1055.8727999996336,8.593299997301074,297.262200001569,1361.7282999985036,one shared preloaded model
syn-e7494dd18cf451d4,lexical_only,5000,1071.9549000023108,7.99179999739863,300.37520000041695,1380.3219000001263,one shared preloaded model
syn-bcd904aadce2351d,lexical_only,5000,969.2545999969298,4.551199999696109,233.7048000008508,1207.5105999974767,one shared preloaded model
syn-9490279b808fab68,lexical_only,5000,980.3719999981695,7.8964000022097025,261.7927999999665,1250.0612000003457,one shared preloaded model
syn-a2c82421fafdb0f4,lexical_only,5000,1011.594999999943,8.03760000053444,322.4090999974578,1342.0416999979352,one shared preloaded model
syn-36ff68425e3d3176,lexical_only,5000,1180.496699998912,8.015499999601161,366.4472999989812,1554.9594999974943,one shared preloaded model
syn-707216e7a24847b3,lexical_only,5000,1029.5535000004747,4.724300000816584,249.2792000011832,1283.5570000024745,one shared preloaded model
syn-c502f85d01f649e4,lexical_only,5000,1017.657300002611,7.954800003062701,321.85799999933806,1347.4701000050118,one shared preloaded model
syn-939e6166b3b0c850,lexical_only,5000,1086.2659999984317,8.09060000028694,156.66889999920386,1251.0254999979225,one shared preloaded model
syn-34fc56e181bfc98e,lexical_only,5000,1050.9571000002325,8.71990000086953,327.3317000021052,1387.0087000032072,one shared preloaded model
syn-d27aaf9556c73b9d,lexical_only,5000,1001.7410000000382,7.912299999588868,297.7793999998539,1307.432699999481,one shared preloaded model
syn-99bc78b27a981c11,lexical_only,5000,1039.6598000006634,4.586499999277294,226.47069999948144,1270.7169999994221,one shared preloaded model
