example_id,agent,update_ms,read_ms,generation_ms,end_to_end_ms,model_loading_policy
conv-26-qa-0,lexical_only,1.3163080402043292,7.990300000528805,619.9149000021862,629.2215080429194,one shared preloaded model
conv-26-qa-1,lexical_only,1.3163080402043292,4.889199997705873,494.6706000046106,500.8761080425208,one shared preloaded model
conv-26-qa-2,lexical_only,1.3163080402043292,4.340899999078829,238.29590000241296,243.9531080416961,one shared preloaded model
conv-26-qa-3,lexical_only,1.3163080402043292,4.536000000371132,231.5636999992421,237.41600803981754,one shared preloaded model
conv-26-qa-4,lexical_only,1.3163080402043292,4.607700000633486,216.49830000387738,222.42230804471518,one shared preloaded model
conv-26-qa-5,lexical_only,1.3163080402043292,4.4316999992588535,501.0227999955532,506.7708080350164,one shared preloaded model
conv-26-qa-6,lexical_only,1.3163080402043292,4.371000002720393,531.8602000043029,537.5475080472277,one shared preloaded model
conv-26-qa-7,lexical_only,1.3163080402043292,4.791400002432056,119.84099999972386,125.94870804236025,one shared preloaded model
conv-26-qa-8,lexical_only,1.3163080402043292,7.774099998641759,222.97499999694992,232.065408035796,one shared preloaded model
conv-26-qa-9,lexical_only,1.3163080402043292,4.423099999257829,480.35600000002887,486.095408039491,one shared preloaded model
conv-26-qa-10,lexical_only,1.3163080402043292,6.185500002175104,168.51159999350784,176.01340803588727,one shared preloaded model
conv-26-qa-11,lexical_only,1.3163080402043292,7.445899995218497,223.37139999581268,232.1336080312355,one shared preloaded model
conv-26-qa-12,lexical_only,1.3163080402043292,4.007499999715947,168.1828000000678,173.50660803998807,one shared preloaded model
conv-26-qa-13,lexical_only,1.3163080402043292,7.59440000547329,212.5434999979916,221.4542080436692,one shared preloaded model
conv-26-qa-14,lexical_only,1.3163080402043292,4.551899997750297,241.8150000012247,247.6832080391793,one shared preloaded model
conv-26-qa-15,lexical_only,1.3163080402043292,4.177099996013567,130.55670000176178,136.05010803797967,one shared preloaded model
conv-26-qa-16,lexical_only,1.3163080402043292,7.798400001775008,512.5469999984489,521.6617080404283,one shared preloaded model
conv-26-qa-17,lexical_only,1.3163080402043292,4.688799999712501,458.53319999878295,464.53830803869977,one shared preloaded model
conv-26-qa-18,lexical_only,1.3163080402043292,4.13259999913862,145.12459999968996,150.5735080390329,one shared preloaded model
conv-26-qa-19,lexical_only,1.3163080402043292,7.609599997522309,207.7817999961553,216.70770803388194,one shared preloaded model
conv-26-qa-20,lexical_only,1.3163080402043292,4.507199999352451,207.62419999664417,213.44770803620094,one shared preloaded model
conv-26-qa-21,lexical_only,1.3163080402043292,4.38189999840688,213.622099996428,219.3203080350392,one shared preloaded model
conv-26-qa-22,lexical_only,1.3163080402043292,4.416700001456775,194.25870000122814,199.99170804288923,one shared preloaded model
conv-26-qa-23,lexical_only,1.3163080402043292,6.743500001903158,214.7049999985029,222.76480804061038,one shared preloaded model
conv-26-qa-24,lexical_only,1.3163080402043292,4.184400000667665,201.26499999605585,206.76570803692783,one shared preloaded model
conv-26-qa-25,lexical_only,1.3163080402043292,4.061499996169005,200.86889999947743,206.24670803585076,one shared preloaded model
conv-26-qa-26,lexical_only,1.3163080402043292,4.1042000011657365,233.0255999986548,238.44610804002485,one shared preloaded model
conv-26-qa-27,lexical_only,1.3163080402043292,4.581799999868963,220.92340000381228,226.82150804388556,one shared preloaded model
conv-26-qa-28,lexical_only,1.3163080402043292,4.1591000044718385,206.19209999858867,211.66750804326483,one shared preloaded model
conv-26-qa-29,lexical_only,1.3163080402043292,4.177199996775016,342.61960000003455,348.1131080370139,one shared preloaded model
conv-26-qa-30,lexical_only,1.3163080402043292,4.4756999996025115,127.79299999965588,133.5850080394627,one shared preloaded model
conv-26-qa-31,lexical_only,1.3163080402043292,7.602500001667067,526.5023000029032,535.4211080447747,one shared preloaded model
conv-26-qa-32,lexical_only,1.3163080402043292,5.935599998338148,212.26640000531916,219.51830804386162,one shared preloaded model
conv-26-qa-33,lexical_only,1.3163080402043292,4.557300002488773,343.87879999849247,349.75240804118556,one shared preloaded model
conv-26-qa-34,lexical_only,1.3163080402043292,4.236900000250898,243.79019999469165,249.34340803514687,one shared preloaded model
conv-26-qa-35,lexical_only,1.3163080402043292,4.312499993829988,350.65469999972265,356.28350803375696,one shared preloaded model
conv-26-qa-36,lexical_only,1.3163080402043292,4.099100005987566,323.9051999989897,329.3206080451816,one shared preloaded model
conv-26-qa-37,lexical_only,1.3163080402043292,4.580200002237689,401.79459999490064,407.69110803734264,one shared preloaded model
conv-26-qa-38,lexical_only,1.3163080402043292,5.2713999975821935,540.0133000002825,546.601008038069,one shared preloaded model
conv-26-qa-39,lexical_only,1.3163080402043292,4.222299998218659,405.6360000031418,411.1746080415648,one shared preloaded model
conv-26-qa-40,lexical_only,1.3163080402043292,4.453799992916174,119.41540000407258,125.18550803719309,one shared preloaded model
conv-26-qa-41,lexical_only,1.3163080402043292,7.397399996989407,202.95659999828786,211.67030803548158,one shared preloaded model
conv-26-qa-42,lexical_only,1.3163080402043292,4.5776999977533706,218.66099999897415,224.55500803693184,one shared preloaded model
conv-26-qa-43,lexical_only,1.3163080402043292,4.1005000020959415,120.5227999962517,125.93960803855198,one shared preloaded model
conv-26-qa-44,lexical_only,1.3163080402043292,7.665800003451295,491.4982999980566,500.4804080417122,one shared preloaded model
conv-26-qa-45,lexical_only,1.3163080402043292,4.624699999112636,316.9402999992599,322.88130803857683,one shared preloaded model
conv-26-qa-46,lexical_only,1.3163080402043292,4.181500000413507,126.73139999969862,132.22920804031645,one shared preloaded model
conv-26-qa-47,lexical_only,1.3163080402043292,7.611900000483729,158.63610000087647,167.56430804156452,one shared preloaded model
conv-26-qa-48,lexical_only,1.3163080402043292,7.933399996545631,812.6312999957008,821.8810080324508,one shared preloaded model
conv-26-qa-49,lexical_only,1.3163080402043292,4.579799999191891,492.72959999507293,498.62570803446914,one shared preloaded model
conv-26-qa-50,lexical_only,1.3163080402043292,4.389800000353716,223.92300000501564,229.62910804557367,one shared preloaded model
conv-26-qa-51,lexical_only,1.3163080402043292,4.177500006335322,354.9794999998994,360.47330804643906,one shared preloaded model
conv-26-qa-52,lexical_only,1.3163080402043292,4.153599998971913,227.52689999470022,232.99680803387645,one shared preloaded model
conv-26-qa-53,lexical_only,1.3163080402043292,4.242999995767605,510.06860000052257,515.6279080364945,one shared preloaded model
conv-26-qa-54,lexical_only,1.3163080402043292,4.352900003141258,498.5166999977082,504.1859080410538,one shared preloaded model
conv-26-qa-55,lexical_only,1.3163080402043292,4.231399994750973,189.53680000413442,195.0845080390897,one shared preloaded model
conv-26-qa-56,lexical_only,1.3163080402043292,7.497599995986093,306.84569999721134,315.65960803340175,one shared preloaded model
conv-26-qa-57,lexical_only,1.3163080402043292,4.302599998482037,221.81170000112616,227.4306080398125,one shared preloaded model
conv-26-qa-58,lexical_only,1.3163080402043292,4.298100000596605,230.53670000081183,236.15110804161276,one shared preloaded model
conv-26-qa-59,lexical_only,1.3163080402043292,4.014899997855537,216.93969999614637,222.27090803420623,one shared preloaded model
conv-26-qa-60,lexical_only,1.3163080402043292,4.023399997095112,225.87219999695662,231.21190803425606,one shared preloaded model
conv-26-qa-61,lexical_only,1.3163080402043292,4.123099999560509,222.36140000313753,227.80080804290236,one shared preloaded model
conv-26-qa-62,lexical_only,1.3163080402043292,3.915200002666097,221.18590000172844,226.41740804459886,one shared preloaded model
conv-26-qa-63,lexical_only,1.3163080402043292,4.306400005589239,361.2326000002213,366.85530804601484,one shared preloaded model
conv-26-qa-64,lexical_only,1.3163080402043292,4.453899993677624,226.10549999808427,231.8757080319662,one shared preloaded model
conv-26-qa-65,lexical_only,1.3163080402043292,3.96290000207955,190.63620000088122,195.9154080431651,one shared preloaded model
conv-26-qa-66,lexical_only,1.3163080402043292,7.648400001926348,204.254199998104,213.21890804023468,one shared preloaded model
conv-26-qa-67,lexical_only,1.3163080402043292,4.107799999474082,226.33859999768902,231.76270803736742,one shared preloaded model
conv-26-qa-68,lexical_only,1.3163080402043292,4.044599998451304,198.01700000243727,203.3779080410929,one shared preloaded model
conv-26-qa-69,lexical_only,1.3163080402043292,4.665000000386499,139.61609999387292,145.59740803446374,one shared preloaded model
conv-26-qa-70,lexical_only,1.3163080402043292,7.590900000650436,208.93559999967692,217.84280804053168,one shared preloaded model
conv-26-qa-71,lexical_only,1.3163080402043292,3.9895000008982606,209.73279999452643,215.038608035629,one shared preloaded model
conv-26-qa-72,lexical_only,1.3163080402043292,3.9823000042815693,237.0387999981176,242.3374080426035,one shared preloaded model
conv-26-qa-73,lexical_only,1.3163080402043292,4.6249000006355345,231.36840000370285,237.3096080445427,one shared preloaded model
conv-26-qa-74,lexical_only,1.3163080402043292,4.094299998541828,213.3694999938598,218.78010803260594,one shared preloaded model
conv-26-qa-75,lexical_only,1.3163080402043292,4.000699998869095,111.09269999724347,116.4097080363169,one shared preloaded model
conv-26-qa-76,lexical_only,1.3163080402043292,6.730999994033482,233.57759999635164,241.62490803058944,one shared preloaded model
conv-26-qa-77,lexical_only,1.3163080402043292,4.572099998767953,377.1790000027977,383.06740804176997,one shared preloaded model
conv-26-qa-78,lexical_only,1.3163080402043292,3.999900000053458,212.66299999842886,217.97920803868664,one shared preloaded model
conv-26-qa-79,lexical_only,1.3163080402043292,4.026999995403457,513.2473999983631,518.5907080339709,one shared preloaded model
conv-26-qa-80,lexical_only,1.3163080402043292,4.303200003050733,516.8664999946486,522.4860080379037,one shared preloaded model
conv-26-qa-81,lexical_only,1.3163080402043292,4.956299999321345,214.00500000163447,220.27760804116014,one shared preloaded model
conv-26-qa-82,lexical_only,1.3163080402043292,4.077400000824127,166.05049999634502,171.44420803737347,one shared preloaded model
conv-26-qa-83,lexical_only,1.3163080402043292,7.61400000192225,403.5428999995929,412.4732080417195,one shared preloaded model
conv-26-qa-84,lexical_only,1.3163080402043292,4.659099999116734,148.1666000036057,154.14200804292676,one shared preloaded model
conv-26-qa-85,lexical_only,1.3163080402043292,7.632100001501385,146.15059999778168,155.0990080394874,one shared preloaded model
conv-26-qa-86,lexical_only,1.3163080402043292,7.612100002006628,237.32949999975972,246.25790804197067,one shared preloaded model
conv-26-qa-87,lexical_only,1.3163080402043292,4.046299996844027,438.0849000008311,443.44750803787946,one shared preloaded model
conv-26-qa-88,lexical_only,1.3163080402043292,4.416200004925486,232.78359999676468,238.51610804189448,one shared preloaded model
conv-26-qa-89,lexical_only,1.3163080402043292,4.034900004626252,206.31960000173422,211.6708080465648,one shared preloaded model
conv-26-qa-90,lexical_only,1.3163080402043292,4.108300003281329,201.364199994714,206.78880803819965,one shared preloaded model
conv-26-qa-91,lexical_only,1.3163080402043292,3.92699999792967,256.05120000545867,261.29450804359266,one shared preloaded model
conv-26-qa-92,lexical_only,1.3163080402043292,4.278000000340398,123.62820000271313,129.22250804325785,one shared preloaded model
conv-26-qa-93,lexical_only,1.3163080402043292,7.514299999456853,256.5688000031514,265.3994080428126,one shared preloaded model
conv-26-qa-94,lexical_only,1.3163080402043292,4.249500001606066,168.4499999973923,174.01580803920268,one shared preloaded model
conv-26-qa-95,lexical_only,1.3163080402043292,7.706500000494998,828.6913999982062,837.7142080389056,one shared preloaded model
conv-26-qa-96,lexical_only,1.3163080402043292,4.232700004649814,510.6662000034703,516.2152080483245,one shared preloaded model
conv-26-qa-97,lexical_only,1.3163080402043292,4.5593999966513366,235.47400000097696,241.3497080378326,one shared preloaded model
conv-26-qa-98,lexical_only,1.3163080402043292,4.650700000638608,499.45930000103544,505.42630804187837,one shared preloaded model
conv-26-qa-99,lexical_only,1.3163080402043292,4.494699998758733,867.3458999983268,873.1569080372899,one shared preloaded model
conv-26-qa-100,lexical_only,1.3163080402043292,4.528700002992991,220.9288000012748,226.7738080444721,one shared preloaded model
conv-26-qa-101,lexical_only,1.3163080402043292,4.159399999480229,110.71889999584528,116.19460803552984,one shared preloaded model
conv-26-qa-102,lexical_only,1.3163080402043292,7.531900002504699,593.5310999993817,602.3793080420908,one shared preloaded model
conv-26-qa-103,lexical_only,1.3163080402043292,4.338500002631918,972.5589999943622,978.2138080371985,one shared preloaded model
conv-26-qa-104,lexical_only,1.3163080402043292,4.506699995545205,220.63549999438692,226.45850803013644,one shared preloaded model
conv-26-qa-105,lexical_only,1.3163080402043292,3.98480000148993,192.39540000126,197.69650804295424,one shared preloaded model
conv-26-qa-106,lexical_only,1.3163080402043292,7.377599999017548,306.02550000185147,314.71940804107334,one shared preloaded model
conv-26-qa-107,lexical_only,1.3163080402043292,4.226199998811353,545.5863000024692,551.128808041485,one shared preloaded model
conv-26-qa-108,lexical_only,1.3163080402043292,4.484200006118044,205.36709999578306,211.16760804210543,one shared preloaded model
conv-26-qa-109,lexical_only,1.3163080402043292,3.9890000043669716,154.0101000064169,159.3154080509882,one shared preloaded model
conv-26-qa-110,lexical_only,1.3163080402043292,7.521899999119341,274.5011000006343,283.339308039958,one shared preloaded model
conv-26-qa-111,lexical_only,1.3163080402043292,4.357599995273631,167.00719999789726,172.6811080333752,one shared preloaded model
conv-26-qa-112,lexical_only,1.3163080402043292,8.188900006643962,584.2002000063076,593.7054080531559,one shared preloaded model
conv-26-qa-113,lexical_only,1.3163080402043292,4.262999995262362,845.4868000044371,851.0661080399038,one shared preloaded model
conv-26-qa-114,lexical_only,1.3163080402043292,4.322999993746635,227.326100000937,232.96540803488796,one shared preloaded model
conv-26-qa-115,lexical_only,1.3163080402043292,4.259199995431118,958.9579000021331,964.5334080377686,one shared preloaded model
conv-26-qa-116,lexical_only,1.3163080402043292,4.270099998393562,223.46350000589155,229.04990804448943,one shared preloaded model
conv-26-qa-117,lexical_only,1.3163080402043292,3.9505000022472814,202.5705999985803,207.8374080410319,one shared preloaded model
conv-26-qa-118,lexical_only,1.3163080402043292,4.133200003707316,359.1796000036993,364.62910804761094,one shared preloaded model
conv-26-qa-119,lexical_only,1.3163080402043292,4.427900006703567,853.8667000029818,859.6109080498898,one shared preloaded model
conv-26-qa-120,lexical_only,1.3163080402043292,4.3017999996664,251.801999998861,257.4201080387317,one shared preloaded model
conv-26-qa-121,lexical_only,1.3163080402043292,4.249800003890414,234.85599999548867,240.4221080395834,one shared preloaded model
conv-26-qa-122,lexical_only,1.3163080402043292,4.821499998797663,208.5743999996339,214.71220803863588,one shared preloaded model
conv-26-qa-123,lexical_only,1.3163080402043292,4.107100001419894,141.60419999825535,147.02760803987957,one shared preloaded model
conv-26-qa-124,lexical_only,1.3163080402043292,6.828400000813417,213.51910000521457,221.6638080462323,one shared preloaded model
conv-26-qa-125,lexical_only,1.3163080402043292,4.16399999812711,223.2226000051014,228.70290804343284,one shared preloaded model
conv-26-qa-126,lexical_only,1.3163080402043292,4.026899994642008,229.19130000082077,234.5345080356671,one shared preloaded model
conv-26-qa-127,lexical_only,1.3163080402043292,4.092499999387655,236.1705000002985,241.57930803989046,one shared preloaded model
conv-26-qa-128,lexical_only,1.3163080402043292,4.155199996603187,233.77810000238242,239.24960803918992,one shared preloaded model
conv-26-qa-129,lexical_only,1.3163080402043292,4.020200001832563,309.84880000323756,315.18530804527444,one shared preloaded model
conv-26-qa-130,lexical_only,1.3163080402043292,4.520499998761807,226.3844999979483,232.22130803691442,one shared preloaded model
conv-26-qa-131,lexical_only,1.3163080402043292,3.9726000031805597,218.1821999984095,223.47110804179437,one shared preloaded model
conv-26-qa-132,lexical_only,1.3163080402043292,4.330100004153792,539.5324999990407,545.1789080433989,one shared preloaded model
conv-26-qa-133,lexical_only,1.3163080402043292,4.383800005598459,279.87209999992047,285.57220804572324,one shared preloaded model
conv-26-qa-134,lexical_only,1.3163080402043292,4.422599995450582,709.4236000048113,715.1625080404663,one shared preloaded model
conv-26-qa-135,lexical_only,1.3163080402043292,4.570700002659578,214.84060000511818,220.72760804798207,one shared preloaded model
conv-26-qa-136,lexical_only,1.3163080402043292,4.0638999998918734,225.67080000590067,231.05100804599687,one shared preloaded model
conv-26-qa-137,lexical_only,1.3163080402043292,4.133999995246995,227.13579999981448,232.5861080352658,one shared preloaded model
conv-26-qa-138,lexical_only,1.3163080402043292,4.508500001975335,190.595599997323,196.42040803950266,one shared preloaded model
conv-26-qa-139,lexical_only,1.3163080402043292,7.651599997188896,786.1073999956716,795.0753080330649,one shared preloaded model
conv-26-qa-140,lexical_only,1.3163080402043292,4.15410000277916,185.74939999962226,191.21980804260573,one shared preloaded model
conv-26-qa-141,lexical_only,1.3163080402043292,7.484399997338187,787.6189000016893,796.4196080392319,one shared preloaded model
conv-26-qa-142,lexical_only,1.3163080402043292,5.324500001734123,177.4689000012586,184.10970804319703,one shared preloaded model
conv-26-qa-143,lexical_only,1.3163080402043292,7.532100004027598,696.4363000006415,705.2847080448735,one shared preloaded model
conv-26-qa-144,lexical_only,1.3163080402043292,4.817099994397722,665.3121999988798,671.4456080334819,one shared preloaded model
conv-26-qa-145,lexical_only,1.3163080402043292,4.04520000302,219.68629999901168,225.047808042236,one shared preloaded model
conv-26-qa-146,lexical_only,1.3163080402043292,4.103399995074142,348.6498999991454,354.0696080344239,one shared preloaded model
conv-26-qa-147,lexical_only,1.3163080402043292,4.222399998980109,654.6296999949845,660.168408034169,one shared preloaded model
conv-26-qa-148,lexical_only,1.3163080402043292,4.145999999309424,402.98219999385765,408.4445080333714,one shared preloaded model
conv-26-qa-149,lexical_only,1.3163080402043292,4.761700001836289,233.48690000420902,239.56490804624963,one shared preloaded model
conv-26-qa-150,lexical_only,1.3163080402043292,4.237499997543637,307.6692999966326,313.2231080343806,one shared preloaded model
conv-26-qa-151,lexical_only,1.3163080402043292,4.160700002103113,205.562999995891,211.04000803819844,one shared preloaded model
conv-26-qa-152,lexical_only,1.3163080402043292,4.194199995254166,228.99630000028992,234.5068080357484,one shared preloaded model
conv-26-qa-153,lexical_only,1.3163080402043292,4.243600000336301,227.0079999943846,232.5679080349252,one shared preloaded model
conv-26-qa-154,lexical_only,1.3163080402043292,4.140299999562558,221.15979999944102,226.6164080392079,one shared preloaded model
conv-26-qa-155,lexical_only,1.3163080402043292,4.149400003370829,231.02389999985462,236.48960804342977,one shared preloaded model
conv-26-qa-156,lexical_only,1.3163080402043292,4.210700004477985,630.4098999971757,635.936908041858,one shared preloaded model
conv-26-qa-157,lexical_only,1.3163080402043292,4.343099994002841,214.52709999721264,220.1865080314198,one shared preloaded model
conv-26-qa-158,lexical_only,1.3163080402043292,4.4426000022212975,101.62180000043008,107.38070804285572,one shared preloaded model
conv-26-qa-159,lexical_only,1.3163080402043292,7.5164000008953735,175.54820000077598,184.38090804187567,one shared preloaded model
conv-26-qa-160,lexical_only,1.3163080402043292,7.536400000390131,221.58749999653082,230.44020803712527,one shared preloaded model
conv-26-qa-161,lexical_only,1.3163080402043292,4.647499998100102,224.48630000144476,230.45010803974918,one shared preloaded model
conv-26-qa-162,lexical_only,1.3163080402043292,4.223399999318644,1002.164300000004,1007.704008039527,one shared preloaded model
conv-26-qa-163,lexical_only,1.3163080402043292,4.873500001849607,221.3638000030187,227.55360804507262,one shared preloaded model
conv-26-qa-164,lexical_only,1.3163080402043292,4.159399999480229,217.97789999982342,223.45360803950797,one shared preloaded model
conv-26-qa-165,lexical_only,1.3163080402043292,4.10109999938868,741.9074999997974,747.3249080393905,one shared preloaded model
conv-26-qa-166,lexical_only,1.3163080402043292,4.518800000369083,220.6683999975212,226.5035080380946,one shared preloaded model
conv-26-qa-167,lexical_only,1.3163080402043292,4.302900000766385,214.76769999571843,220.38690803668914,one shared preloaded model
conv-26-qa-168,lexical_only,1.3163080402043292,4.4580000030691735,119.9685999963549,125.7429080396284,one shared preloaded model
conv-26-qa-169,lexical_only,1.3163080402043292,7.513700002164114,230.2339999951073,239.06400803747573,one shared preloaded model
conv-26-qa-170,lexical_only,1.3163080402043292,3.980999994382728,786.7107999991276,792.0081080337147,one shared preloaded model
conv-26-qa-171,lexical_only,1.3163080402043292,4.089699999894947,228.8957999990089,234.30180803910815,one shared preloaded model
conv-26-qa-172,lexical_only,1.3163080402043292,4.102600003534462,219.5263999965391,224.9453080402779,one shared preloaded model
conv-26-qa-173,lexical_only,1.3163080402043292,4.199300004984252,212.8154000020004,218.33100804718896,one shared preloaded model
conv-26-qa-174,lexical_only,1.3163080402043292,4.09399999625748,249.226699997962,254.6370080344238,one shared preloaded model
conv-26-qa-175,lexical_only,1.3163080402043292,4.498800000874326,221.16689999529626,226.9820080363749,one shared preloaded model
conv-26-qa-176,lexical_only,1.3163080402043292,4.246700002113357,138.5295000000042,144.09250804232187,one shared preloaded model
conv-26-qa-177,lexical_only,1.3163080402043292,7.608699997945223,209.4204999957583,218.34550803390783,one shared preloaded model
conv-26-qa-178,lexical_only,1.3163080402043292,4.184099998383317,101.62809999746969,107.12850803605734,one shared preloaded model
conv-26-qa-179,lexical_only,1.3163080402043292,6.839699999545701,217.4442999967141,225.60030803646413,one shared preloaded model
conv-26-qa-180,lexical_only,1.3163080402043292,3.877499999362044,218.9903999969829,224.18420803654925,one shared preloaded model
conv-26-qa-181,lexical_only,1.3163080402043292,4.454900001292117,238.63689999416238,244.4081080356588,one shared preloaded model
conv-26-qa-182,lexical_only,1.3163080402043292,4.357899997557979,203.65920000040205,209.33340803816435,one shared preloaded model
conv-26-qa-183,lexical_only,1.3163080402043292,3.979300003265962,318.4345999979996,323.7302080414699,one shared preloaded model
conv-26-qa-184,lexical_only,1.3163080402043292,4.3500000028871,151.19989999948302,156.86620804257444,one shared preloaded model
conv-26-qa-185,lexical_only,1.3163080402043292,7.465999995474704,212.70129999902565,221.48360803470467,one shared preloaded model
conv-26-qa-186,lexical_only,1.3163080402043292,4.120700003113598,223.19350000179838,228.6305080451163,one shared preloaded model
conv-26-qa-187,lexical_only,1.3163080402043292,4.2092999938176945,457.20040000014706,462.72600803416907,one shared preloaded model
conv-26-qa-188,lexical_only,1.3163080402043292,4.597400002239738,230.1547000024584,236.06840804490247,one shared preloaded model
conv-26-qa-189,lexical_only,1.3163080402043292,3.9961000002222136,235.7376999934786,241.05010803390513,one shared preloaded model
conv-26-qa-190,lexical_only,1.3163080402043292,4.183999997621868,202.48439999704715,207.98470803487334,one shared preloaded model
conv-26-qa-191,lexical_only,1.3163080402043292,4.100099999050144,235.57469999650493,240.9911080357594,one shared preloaded model
conv-26-qa-192,lexical_only,1.3163080402043292,4.571999998006504,326.55309999972815,332.44140803793897,one shared preloaded model
conv-26-qa-193,lexical_only,1.3163080402043292,4.974600000423379,223.81299999688054,230.10390803750823,one shared preloaded model
conv-26-qa-194,lexical_only,1.3163080402043292,4.213999993226025,530.0123999986681,535.5427080320985,one shared preloaded model
conv-26-qa-195,lexical_only,1.3163080402043292,4.406500003824476,234.4364999953541,240.1593080393829,one shared preloaded model
conv-26-qa-196,lexical_only,1.3163080402043292,4.205299999739509,141.46659999823896,146.9882080381828,one shared preloaded model
conv-26-qa-197,lexical_only,1.3163080402043292,7.770399999571964,214.562000001024,223.64870804080027,one shared preloaded model
conv-26-qa-198,lexical_only,1.3163080402043292,4.171000000496861,207.1395000020857,212.62680804278688,one shared preloaded model
conv-30-qa-0,lexical_only,1.0513638095636408,4.322900000261143,507.3826999941957,512.7569638040205,one shared preloaded model
conv-30-qa-1,lexical_only,1.0513638095636408,4.293500001949724,786.4478999981657,791.7927638096791,one shared preloaded model
conv-30-qa-2,lexical_only,1.0513638095636408,4.379099998914171,368.3634000044549,373.7938638129327,one shared preloaded model
conv-30-qa-3,lexical_only,1.0513638095636408,4.502100004174281,160.36000000167405,165.91346381541197,one shared preloaded model
conv-30-qa-4,lexical_only,1.0513638095636408,7.732600002782419,325.50479999918025,334.28876381152634,one shared preloaded model
conv-30-qa-5,lexical_only,1.0513638095636408,4.086100001586601,278.18040000420297,283.31786381535323,one shared preloaded model
conv-30-qa-6,lexical_only,1.0513638095636408,4.561699999612756,518.4662999963621,524.0793638055385,one shared preloaded model
conv-30-qa-7,lexical_only,1.0513638095636408,4.127400003199,497.89769999915734,503.07646381192,one shared preloaded model
conv-30-qa-8,lexical_only,1.0513638095636408,4.046499998366926,345.4128999946988,350.5107638026294,one shared preloaded model
conv-30-qa-9,lexical_only,1.0513638095636408,4.181899996183347,121.76970000291476,127.00296380866175,one shared preloaded model
conv-30-qa-10,lexical_only,1.0513638095636408,7.839999998395797,221.84030000062194,230.73166380858137,one shared preloaded model
conv-30-qa-11,lexical_only,1.0513638095636408,4.165300000749994,224.1993999996339,229.41606380994753,one shared preloaded model
conv-30-qa-12,lexical_only,1.0513638095636408,4.251599995768629,220.11249999923166,225.41546380456393,one shared preloaded model
conv-30-qa-13,lexical_only,1.0513638095636408,4.135799994401168,361.8798999959836,367.0670637999484,one shared preloaded model
conv-30-qa-14,lexical_only,1.0513638095636408,4.8320999994757585,495.90879999595927,501.7922638049987,one shared preloaded model
conv-30-qa-15,lexical_only,1.0513638095636408,4.542399998172186,441.9239000053494,447.5176638130853,one shared preloaded model
conv-30-qa-16,lexical_only,1.0513638095636408,4.536199994618073,219.56869999849005,225.15626380267176,one shared preloaded model
conv-30-qa-17,lexical_only,1.0513638095636408,4.288800002541393,437.8619000053732,443.20206381747823,one shared preloaded model
conv-30-qa-18,lexical_only,1.0513638095636408,4.671100003179163,209.09299999766517,214.81546381040798,one shared preloaded model
conv-30-qa-19,lexical_only,1.0513638095636408,4.021599997940939,502.2508000038215,507.3237638113261,one shared preloaded model
conv-30-qa-20,lexical_only,1.0513638095636408,4.23630000295816,498.3442000011564,503.63186381367825,one shared preloaded model
conv-30-qa-21,lexical_only,1.0513638095636408,4.432100002304651,502.3049999945215,507.7884638063898,one shared preloaded model
conv-30-qa-22,lexical_only,1.0513638095636408,4.462799995962996,825.4929999966407,831.0071638021674,one shared preloaded model
conv-30-qa-23,lexical_only,1.0513638095636408,4.543399998510722,412.70300000178395,418.29776380985834,one shared preloaded model
conv-30-qa-24,lexical_only,1.0513638095636408,4.597999999532476,507.0706999977119,512.7200638068081,one shared preloaded model
conv-30-qa-25,lexical_only,1.0513638095636408,4.1768000010051765,223.44080000038957,228.6689638109584,one shared preloaded model
conv-30-qa-26,lexical_only,1.0513638095636408,4.100400001334492,487.0163000014145,492.16806381231265,one shared preloaded model
conv-30-qa-27,lexical_only,1.0513638095636408,4.257000000507105,227.95570000016596,233.2640638102367,one shared preloaded model
conv-30-qa-28,lexical_only,1.0513638095636408,4.007900002761744,503.08899999799905,508.14826381032447,one shared preloaded model
conv-30-qa-29,lexical_only,1.0513638095636408,4.328700000769459,113.6045999955968,118.9846638059299,one shared preloaded model
conv-30-qa-30,lexical_only,1.0513638095636408,7.469299998774659,335.55299999716226,344.0736638055006,one shared preloaded model
conv-30-qa-31,lexical_only,1.0513638095636408,4.755900001327973,224.9879000009969,230.7951638118885,one shared preloaded model
conv-30-qa-32,lexical_only,1.0513638095636408,4.089800000656396,508.11090000206605,513.2520638122861,one shared preloaded model
conv-30-qa-33,lexical_only,1.0513638095636408,4.305900001781993,337.47890000086045,342.8361638122061,one shared preloaded model
conv-30-qa-34,lexical_only,1.0513638095636408,4.490999999688938,216.7595999999321,222.30196380918468,one shared preloaded model
conv-30-qa-35,lexical_only,1.0513638095636408,4.112100003112573,473.0185000007623,478.18196381343853,one shared preloaded model
conv-30-qa-36,lexical_only,1.0513638095636408,4.307799994421657,221.42699999676552,226.7861638007508,one shared preloaded model
conv-30-qa-37,lexical_only,1.0513638095636408,4.130400004214607,210.1059999986319,215.28776381241013,one shared preloaded model
conv-30-qa-38,lexical_only,1.0513638095636408,4.019200001494028,492.7596999987145,497.8302638097722,one shared preloaded model
conv-30-qa-39,lexical_only,1.0513638095636408,4.947499997797422,161.57570000359556,167.57456381095662,one shared preloaded model
conv-30-qa-40,lexical_only,1.0513638095636408,7.536599994637072,163.22300000319956,171.81096380740027,one shared preloaded model
conv-30-qa-41,lexical_only,1.0513638095636408,7.54400000005262,191.42899999860674,200.024363808223,one shared preloaded model
conv-30-qa-42,lexical_only,1.0513638095636408,8.226500001910608,232.46559999824967,241.74346380972392,one shared preloaded model
conv-30-qa-43,lexical_only,1.0513638095636408,4.244100004143547,353.48050000175135,358.77596381545857,one shared preloaded model
conv-30-qa-44,lexical_only,1.0513638095636408,4.774299995915499,235.1725000044098,240.99816380988895,one shared preloaded model
conv-30-qa-45,lexical_only,1.0513638095636408,4.988299995602574,147.37140000215732,153.41106380732353,one shared preloaded model
conv-30-qa-46,lexical_only,1.0513638095636408,7.625199999893084,173.76060000242433,182.43716381188105,one shared preloaded model
conv-30-qa-47,lexical_only,1.0513638095636408,8.203999997931533,229.57469999528257,238.83006380277774,one shared preloaded model
conv-30-qa-48,lexical_only,1.0513638095636408,4.247300006682053,471.2518000014825,476.5504638177282,one shared preloaded model
conv-30-qa-49,lexical_only,1.0513638095636408,4.5849000016460195,194.87520000257064,200.5114638137803,one shared preloaded model
conv-30-qa-50,lexical_only,1.0513638095636408,6.308700001682155,212.7018999963184,220.06196380756418,one shared preloaded model
conv-30-qa-51,lexical_only,1.0513638095636408,4.190999999991618,961.5159999957541,966.7583638053094,one shared preloaded model
conv-30-qa-52,lexical_only,1.0513638095636408,4.604599998856429,688.782799996261,694.4387638046811,one shared preloaded model
conv-30-qa-53,lexical_only,1.0513638095636408,4.448799998499453,1602.3426000028849,1607.8427638109479,one shared preloaded model
conv-30-qa-54,lexical_only,1.0513638095636408,4.400400001031812,160.3086000031908,165.76036381378626,one shared preloaded model
conv-30-qa-55,lexical_only,1.0513638095636408,7.572499998786952,156.9727999958559,165.5966638042065,one shared preloaded model
conv-30-qa-56,lexical_only,1.0513638095636408,7.618299998284783,218.82400000322377,227.4936638110722,one shared preloaded model
conv-30-qa-57,lexical_only,1.0513638095636408,4.359699996712152,1060.4680000033113,1065.879063809587,one shared preloaded model
conv-30-qa-58,lexical_only,1.0513638095636408,5.523399995581713,380.2402000001166,386.814963805262,one shared preloaded model
conv-30-qa-59,lexical_only,1.0513638095636408,4.109199995582458,229.27979999803938,234.44036380318548,one shared preloaded model
conv-30-qa-60,lexical_only,1.0513638095636408,4.230400001688395,159.46420000545913,164.74596381671117,one shared preloaded model
conv-30-qa-61,lexical_only,1.0513638095636408,7.480899999791291,326.74129999941215,335.2735638087671,one shared preloaded model
conv-30-qa-62,lexical_only,1.0513638095636408,4.528000004938804,188.0070999977761,193.58646381227854,one shared preloaded model
conv-30-qa-63,lexical_only,1.0513638095636408,8.144300001731608,215.8707000053255,225.06636381662074,one shared preloaded model
conv-30-qa-64,lexical_only,1.0513638095636408,4.193599997961428,215.43540000129724,220.6803638088223,one shared preloaded model
conv-30-qa-65,lexical_only,1.0513638095636408,4.647000001568813,223.6546999993152,229.35306381044765,one shared preloaded model
conv-30-qa-66,lexical_only,1.0513638095636408,4.0275999999721535,273.6194999961299,278.6984638056657,one shared preloaded model
conv-30-qa-67,lexical_only,1.0513638095636408,4.7998000009101816,245.74530000245431,251.59646381292814,one shared preloaded model
conv-30-qa-68,lexical_only,1.0513638095636408,4.135700000915676,202.25260000006529,207.4396638105446,one shared preloaded model
conv-30-qa-69,lexical_only,1.0513638095636408,4.313899997214321,505.711900004826,511.077163811604,one shared preloaded model
conv-30-qa-70,lexical_only,1.0513638095636408,4.367599998658989,521.0170999998809,526.4360638081035,one shared preloaded model
conv-30-qa-71,lexical_only,1.0513638095636408,4.684299994551111,808.7262000044575,814.4618638085723,one shared preloaded model
conv-30-qa-72,lexical_only,1.0513638095636408,5.088999998406507,353.9076999950339,360.0480638030041,one shared preloaded model
conv-30-qa-73,lexical_only,1.0513638095636408,4.933999996865168,182.82449999969685,188.80986380612566,one shared preloaded model
conv-30-qa-74,lexical_only,1.0513638095636408,7.998600005521439,761.8292999977712,770.8792638128563,one shared preloaded model
conv-30-qa-75,lexical_only,1.0513638095636408,4.29249999433523,328.6612999945646,334.0051637984635,one shared preloaded model
conv-30-qa-76,lexical_only,1.0513638095636408,4.413100003148429,197.11789999564644,202.5823638083585,one shared preloaded model
conv-30-qa-77,lexical_only,1.0513638095636408,4.234299995005131,213.58029999828432,218.8659638028531,one shared preloaded model
conv-30-qa-78,lexical_only,1.0513638095636408,4.016499995486811,809.0351999999257,814.1030638049762,one shared preloaded model
conv-30-qa-79,lexical_only,1.0513638095636408,4.287299998395611,157.85099999629892,163.18966380425817,one shared preloaded model
conv-30-qa-80,lexical_only,1.0513638095636408,7.415899999614339,208.79539999441477,217.26266380359274,one shared preloaded model
conv-30-qa-81,lexical_only,1.0513638095636408,4.081800005224068,421.8975000039791,427.0306638187668,one shared preloaded model
conv-30-qa-82,lexical_only,1.0513638095636408,4.1103000039584,214.48969999619294,219.65136380971498,one shared preloaded model
conv-30-qa-83,lexical_only,1.0513638095636408,4.08140000217827,214.36220000032336,219.49496381206527,one shared preloaded model
conv-30-qa-84,lexical_only,1.0513638095636408,4.234200001519639,222.01219999988098,227.29776381096426,one shared preloaded model
conv-30-qa-85,lexical_only,1.0513638095636408,4.046499998366926,789.8485999976401,794.9464638055707,one shared preloaded model
conv-30-qa-86,lexical_only,1.0513638095636408,4.854600003454834,303.6190999991959,309.5250638122144,one shared preloaded model
conv-30-qa-87,lexical_only,1.0513638095636408,4.787400001077913,216.3490000020829,222.18776381272446,one shared preloaded model
conv-30-qa-88,lexical_only,1.0513638095636408,4.567500000121072,324.12180000392254,329.7406638136073,one shared preloaded model
conv-30-qa-89,lexical_only,1.0513638095636408,4.290400000172667,214.63789999688743,219.97966380662373,one shared preloaded model
conv-30-qa-90,lexical_only,1.0513638095636408,4.05289999616798,343.5209000017494,348.62516380748104,one shared preloaded model
conv-30-qa-91,lexical_only,1.0513638095636408,4.7811999975237995,214.644200001203,220.47676380829043,one shared preloaded model
conv-30-qa-92,lexical_only,1.0513638095636408,4.01110000530025,113.76309999468504,118.82556380954892,one shared preloaded model
conv-30-qa-93,lexical_only,1.0513638095636408,7.551700000476558,434.25009999918984,442.85316380923007,one shared preloaded model
conv-30-qa-94,lexical_only,1.0513638095636408,4.3041999961133115,198.30109999747947,203.65666380315642,one shared preloaded model
conv-30-qa-95,lexical_only,1.0513638095636408,4.7553000040352345,311.4748000007239,317.2814638143228,one shared preloaded model
conv-30-qa-96,lexical_only,1.0513638095636408,4.251999998814426,574.3205999970087,579.6239638053868,one shared preloaded model
conv-30-qa-97,lexical_only,1.0513638095636408,4.229800004395656,202.1863999980269,207.4675638119862,one shared preloaded model
conv-30-qa-98,lexical_only,1.0513638095636408,3.9745999965816736,224.8847999944701,229.9107638006154,one shared preloaded model
conv-30-qa-99,lexical_only,1.0513638095636408,4.074099997524172,221.43409999989672,226.55956380698453,one shared preloaded model
conv-30-qa-100,lexical_only,1.0513638095636408,4.9079000018537045,207.18439999473048,213.14366380614783,one shared preloaded model
conv-30-qa-101,lexical_only,1.0513638095636408,3.9667999953962862,222.8218000018387,227.83996380679864,one shared preloaded model
conv-30-qa-102,lexical_only,1.0513638095636408,4.08410000090953,228.09489999781363,233.2303638082868,one shared preloaded model
conv-30-qa-103,lexical_only,1.0513638095636408,4.20999999914784,223.51049999997485,228.77186380868633,one shared preloaded model
conv-30-qa-104,lexical_only,1.0513638095636408,4.378700003144331,215.6503000005614,221.08036381326937,one shared preloaded model
conv-41-qa-0,lexical_only,1.0320709844785163,6.707800006552134,218.6851000005845,226.42497099161514,one shared preloaded model
conv-41-qa-1,lexical_only,1.0320709844785163,4.147200001170859,216.77769999951124,221.9569709851606,one shared preloaded model
conv-41-qa-2,lexical_only,1.0320709844785163,4.0756000016699545,182.49549999745796,187.60317098360642,one shared preloaded model
conv-41-qa-3,lexical_only,1.0320709844785163,7.501500003854744,221.36869999667397,229.90227098500722,one shared preloaded model
conv-41-qa-4,lexical_only,1.0320709844785163,4.054799996083602,199.85969999834197,204.94657097890408,one shared preloaded model
conv-41-qa-5,lexical_only,1.0320709844785163,4.050199997436721,353.8286999973934,358.9109709793087,one shared preloaded model
conv-41-qa-6,lexical_only,1.0320709844785163,4.069100003107451,212.95410000311676,218.05527099070272,one shared preloaded model
conv-41-qa-7,lexical_only,1.0320709844785163,4.533299994363915,218.76049999991665,224.32587097875907,one shared preloaded model
conv-41-qa-8,lexical_only,1.0320709844785163,4.173000001173932,209.5767999999225,214.78187098557495,one shared preloaded model
conv-41-qa-9,lexical_only,1.0320709844785163,4.349000002548564,233.1287999986671,238.50987098569416,one shared preloaded model
conv-41-qa-10,lexical_only,1.0320709844785163,4.663100000470877,497.87859999923967,503.5737709841891,one shared preloaded model
conv-41-qa-11,lexical_only,1.0320709844785163,4.43999999697553,119.647100000293,125.11917098174705,one shared preloaded model
conv-41-qa-12,lexical_only,1.0320709844785163,7.519399994635023,199.43440000497503,207.98587098408856,one shared preloaded model
conv-41-qa-13,lexical_only,1.0320709844785163,4.063199994561728,213.20469999773195,218.2999709767722,one shared preloaded model
conv-41-qa-14,lexical_only,1.0320709844785163,4.146499995840713,206.00130000093486,211.17987098125408,one shared preloaded model
conv-41-qa-15,lexical_only,1.0320709844785163,4.085100001248065,211.75509999739006,216.87227098311664,one shared preloaded model
conv-41-qa-16,lexical_only,1.0320709844785163,4.5776999977533706,208.1841999970493,213.79397097928117,one shared preloaded model
conv-41-qa-17,lexical_only,1.0320709844785163,4.018100000394043,221.34809999988647,226.39827098475902,one shared preloaded model
conv-41-qa-18,lexical_only,1.0320709844785163,4.056800004036631,322.8707000016584,327.9595709901736,one shared preloaded model
conv-41-qa-19,lexical_only,1.0320709844785163,4.142999998293817,182.47739999787882,187.65247098065115,one shared preloaded model
conv-41-qa-20,lexical_only,1.0320709844785163,7.703399998717941,500.55400000564987,509.28947098884635,one shared preloaded model
conv-41-qa-21,lexical_only,1.0320709844785163,4.595099999278318,149.32750000298256,154.9546709867394,one shared preloaded model
conv-41-qa-22,lexical_only,1.0320709844785163,8.131499998853542,480.6144999965909,489.778070979923,one shared preloaded model
conv-41-qa-23,lexical_only,1.0320709844785163,5.005699997127522,241.30419999710284,247.34197097870887,one shared preloaded model
conv-41-qa-24,lexical_only,1.0320709844785163,4.2572999955154955,480.74300000007497,486.032370980069,one shared preloaded model
conv-41-qa-25,lexical_only,1.0320709844785163,5.0762000028043985,225.92399999848567,232.03227098576858,one shared preloaded model
conv-41-qa-26,lexical_only,1.0320709844785163,4.135700000915676,224.30200000235345,229.46977098774764,one shared preloaded model
conv-41-qa-27,lexical_only,1.0320709844785163,3.968700002587866,368.94439999741735,373.94517098448375,one shared preloaded model
conv-41-qa-28,lexical_only,1.0320709844785163,4.831099999137223,113.35870000038994,119.22187098400569,one shared preloaded model
conv-41-qa-29,lexical_only,1.0320709844785163,7.5633000014931895,233.47199999989243,242.06737098586413,one shared preloaded model
conv-41-qa-30,lexical_only,1.0320709844785163,4.58299999445444,229.36140000092564,234.9764709798586,one shared preloaded model
conv-41-qa-31,lexical_only,1.0320709844785163,4.076500001247041,218.34649999800604,223.4550709837316,one shared preloaded model
conv-41-qa-32,lexical_only,1.0320709844785163,4.205799996270798,206.65269999881275,211.89057097956206,one shared preloaded model
conv-41-qa-33,lexical_only,1.0320709844785163,4.0433000031043775,318.13709999551065,323.21247098309357,one shared preloaded model
conv-41-qa-34,lexical_only,1.0320709844785163,4.523800002061762,208.2899000015459,213.84577098808617,one shared preloaded model
conv-41-qa-35,lexical_only,1.0320709844785163,4.496200002904516,166.80510000151116,172.3333709888942,one shared preloaded model
conv-41-qa-36,lexical_only,1.0320709844785163,4.415800001879688,269.8467000009259,275.29457098728415,one shared preloaded model
conv-41-qa-37,lexical_only,1.0320709844785163,4.168300001765601,164.48120000131894,169.68157098756305,one shared preloaded model
conv-41-qa-38,lexical_only,1.0320709844785163,7.405999996990431,353.2028999979957,361.64097097946467,one shared preloaded model
conv-41-qa-39,lexical_only,1.0320709844785163,4.16409999888856,210.38769999722717,215.58387098059424,one shared preloaded model
conv-41-qa-40,lexical_only,1.0320709844785163,4.221899995172862,209.6875999995973,214.94157097924867,one shared preloaded model
conv-41-qa-41,lexical_only,1.0320709844785163,4.00150000496069,238.35359999793582,243.38717098737501,one shared preloaded model
conv-41-qa-42,lexical_only,1.0320709844785163,4.186900005151983,229.6661000000313,234.88507098966178,one shared preloaded model
conv-41-qa-43,lexical_only,1.0320709844785163,4.17629999719793,486.4249000020209,491.63327098369734,one shared preloaded model
conv-41-qa-44,lexical_only,1.0320709844785163,4.30919999780599,779.2733999958728,784.6146709781573,one shared preloaded model
conv-41-qa-45,lexical_only,1.0320709844785163,4.41329999739537,224.30090000125347,229.74627098312735,one shared preloaded model
conv-41-qa-46,lexical_only,1.0320709844785163,7.017000003543217,230.55560000648256,238.6046709945043,one shared preloaded model
conv-41-qa-47,lexical_only,1.0320709844785163,3.9689000041107647,197.1378000016557,202.13877099024498,one shared preloaded model
conv-41-qa-48,lexical_only,1.0320709844785163,5.037000002630521,499.60360000113724,505.6726709882463,one shared preloaded model
conv-41-qa-49,lexical_only,1.0320709844785163,4.187200000160374,218.6329999967711,223.85227098141,one shared preloaded model
conv-41-qa-50,lexical_only,1.0320709844785163,4.242000002705026,243.99780000385363,249.27187099103716,one shared preloaded model
conv-41-qa-51,lexical_only,1.0320709844785163,4.013199999462813,288.1660999992164,293.21137098315774,one shared preloaded model
conv-41-qa-52,lexical_only,1.0320709844785163,4.675899996072985,104.2241000031936,109.9320709837451,one shared preloaded model
conv-41-qa-53,lexical_only,1.0320709844785163,7.514400000218302,318.0544999995618,326.60097098425865,one shared preloaded model
conv-41-qa-54,lexical_only,1.0320709844785163,4.711799992946908,486.33699999481905,492.0808709722445,one shared preloaded model
conv-41-qa-55,lexical_only,1.0320709844785163,4.276600004232023,481.15460000553867,486.4632709942492,one shared preloaded model
conv-41-qa-56,lexical_only,1.0320709844785163,4.616199999873061,480.3209000019706,485.9691709863222,one shared preloaded model
conv-41-qa-57,lexical_only,1.0320709844785163,4.510500002652407,199.17060000443598,204.7131709915669,one shared preloaded model
conv-41-qa-58,lexical_only,1.0320709844785163,4.01879999844823,523.5258999964572,528.5767709793839,one shared preloaded model
conv-41-qa-59,lexical_only,1.0320709844785163,4.308600000513252,528.5261999961222,533.866870981114,one shared preloaded model
conv-41-qa-60,lexical_only,1.0320709844785163,4.179299998213537,102.53259999444708,107.74397097713914,one shared preloaded model
conv-41-qa-61,lexical_only,1.0320709844785163,7.35759999952279,218.32829999766545,226.71797098166675,one shared preloaded model
conv-41-qa-62,lexical_only,1.0320709844785163,4.063600004883483,120.32660000113538,125.42227099049738,one shared preloaded model
conv-41-qa-63,lexical_only,1.0320709844785163,7.641800002602395,94.04690000519622,102.72077099227712,one shared preloaded model
conv-41-qa-64,lexical_only,1.0320709844785163,7.581099998787977,729.8977999962517,738.5109709795182,one shared preloaded model
conv-41-qa-65,lexical_only,1.0320709844785163,4.438699994352646,197.10699999995995,202.5777709787911,one shared preloaded model
conv-41-qa-66,lexical_only,1.0320709844785163,5.411600002844352,516.8948999998975,523.3385709872204,one shared preloaded model
conv-41-qa-67,lexical_only,1.0320709844785163,4.471300002478529,197.1417000022484,202.64507098920544,one shared preloaded model
conv-41-qa-68,lexical_only,1.0320709844785163,4.561100002320018,194.49489999533398,200.0880709821325,one shared preloaded model
conv-41-qa-69,lexical_only,1.0320709844785163,6.574200000613928,826.9422000012128,834.5484709863052,one shared preloaded model
conv-41-qa-70,lexical_only,1.0320709844785163,4.92120000126306,220.62449999793898,226.57777098368055,one shared preloaded model
conv-41-qa-71,lexical_only,1.0320709844785163,4.5336999974097125,155.95659999962663,161.52237098151485,one shared preloaded model
conv-41-qa-72,lexical_only,1.0320709844785163,8.172499998181593,221.69230000145035,230.89687098411045,one shared preloaded model
conv-41-qa-73,lexical_only,1.0320709844785163,3.8292999961413443,158.45919999992475,163.3205709805446,one shared preloaded model
conv-41-qa-74,lexical_only,1.0320709844785163,8.053400000790134,200.98929999949178,210.07477098476042,one shared preloaded model
conv-41-qa-75,lexical_only,1.0320709844785163,3.861299999698531,225.95499999442836,230.8483709786054,one shared preloaded model
conv-41-qa-76,lexical_only,1.0320709844785163,3.9257000025827438,296.8484000011813,301.80617098824257,one shared preloaded model
conv-41-qa-77,lexical_only,1.0320709844785163,4.426300001796335,205.92800000304123,211.38637098931608,one shared preloaded model
conv-41-qa-78,lexical_only,1.0320709844785163,4.44180000340566,215.9578999999212,221.43177098780538,one shared preloaded model
conv-41-qa-79,lexical_only,1.0320709844785163,4.547700002149213,242.08410000574077,247.6638709923685,one shared preloaded model
conv-41-qa-80,lexical_only,1.0320709844785163,4.396199998154771,170.0903000019025,175.51857098453578,one shared preloaded model
conv-41-qa-81,lexical_only,1.0320709844785163,7.977500004926696,115.67930000455817,124.68887099396338,one shared preloaded model
conv-41-qa-82,lexical_only,1.0320709844785163,4.4980000020586886,217.41589999874122,222.94597098527842,one shared preloaded model
conv-41-qa-83,lexical_only,1.0320709844785163,4.509300000790972,262.47670000157086,268.01807098684037,one shared preloaded model
conv-41-qa-84,lexical_only,1.0320709844785163,4.944899999827612,217.66049999860115,223.63747098290727,one shared preloaded model
conv-41-qa-85,lexical_only,1.0320709844785163,4.542999995464925,203.63649999490008,209.2115709748435,one shared preloaded model
conv-41-qa-86,lexical_only,1.0320709844785163,4.536200001894031,230.31749999790918,235.88577098428172,one shared preloaded model
conv-41-qa-87,lexical_only,1.0320709844785163,4.009800002677366,118.2115999981761,123.25347098533199,one shared preloaded model
conv-41-qa-88,lexical_only,1.0320709844785163,7.6432999994722195,237.54449999978533,246.21987098373606,one shared preloaded model
conv-41-qa-89,lexical_only,1.0320709844785163,4.353599993919488,845.3483999983291,850.7340709767271,one shared preloaded model
conv-41-qa-90,lexical_only,1.0320709844785163,5.282699996314477,245.19560000044294,251.51037098123592,one shared preloaded model
conv-41-qa-91,lexical_only,1.0320709844785163,4.072399999131449,211.33740000368562,216.44187098729557,one shared preloaded model
conv-41-qa-92,lexical_only,1.0320709844785163,4.1769999952521175,193.2842000023811,198.49327098211174,one shared preloaded model
conv-41-qa-93,lexical_only,1.0320709844785163,4.284099995857105,1076.8667999946047,1082.1829709749402,one shared preloaded model
conv-41-qa-94,lexical_only,1.0320709844785163,5.106399999931455,734.4918999951915,740.6303709796015,one shared preloaded model
conv-41-qa-95,lexical_only,1.0320709844785163,4.4503000026452355,227.58799999428447,233.07037098140822,one shared preloaded model
conv-41-qa-96,lexical_only,1.0320709844785163,4.006100003607571,256.08740000461694,261.12557099270305,one shared preloaded model
conv-41-qa-97,lexical_only,1.0320709844785163,4.574400001729373,386.71059999614954,392.31707098235745,one shared preloaded model
conv-41-qa-98,lexical_only,1.0320709844785163,4.208099999232218,214.79900000122143,220.03917098493216,one shared preloaded model
conv-41-qa-99,lexical_only,1.0320709844785163,3.916500005288981,429.73120000533527,434.6797709951028,one shared preloaded model
conv-41-qa-100,lexical_only,1.0320709844785163,5.5738000010023825,205.296800006181,211.9026709916619,one shared preloaded model
conv-41-qa-101,lexical_only,1.0320709844785163,4.385400003229734,221.70470000128262,227.12217098899086,one shared preloaded model
conv-41-qa-102,lexical_only,1.0320709844785163,4.508899997745175,121.18750000081491,126.7284709830386,one shared preloaded model
conv-41-qa-103,lexical_only,1.0320709844785163,4.8610000012558885,123.25899999996182,129.1520709856962,one shared preloaded model
conv-41-qa-104,lexical_only,1.0320709844785163,7.679700000153389,149.32940000289818,158.04117098753008,one shared preloaded model
conv-41-qa-105,lexical_only,1.0320709844785163,7.523700005549472,666.1695999937365,674.7253709837645,one shared preloaded model
conv-41-qa-106,lexical_only,1.0320709844785163,4.740600001241546,221.4895999932196,227.26227097893965,one shared preloaded model
conv-41-qa-107,lexical_only,1.0320709844785163,4.7737999993842095,202.59909999731462,208.40497098117734,one shared preloaded model
conv-41-qa-108,lexical_only,1.0320709844785163,4.51700000121491,223.12870000314433,228.67777098883775,one shared preloaded model
conv-41-qa-109,lexical_only,1.0320709844785163,3.964700001233723,329.899900003511,334.89667098922325,one shared preloaded model
conv-41-qa-110,lexical_only,1.0320709844785163,4.25330000143731,208.8240000011865,214.10937098710232,one shared preloaded model
conv-41-qa-111,lexical_only,1.0320709844785163,4.2758999989018776,204.8992999989423,210.20727098232268,one shared preloaded model
conv-41-qa-112,lexical_only,1.0320709844785163,3.8615000012214296,140.07919999858132,144.97277098428125,one shared preloaded model
conv-41-qa-113,lexical_only,1.0320709844785163,8.018099993932992,248.73709999519633,257.78727097360786,one shared preloaded model
conv-41-qa-114,lexical_only,1.0320709844785163,4.547299999103416,126.00560000282712,131.58497098640905,one shared preloaded model
conv-41-qa-115,lexical_only,1.0320709844785163,8.148099994286895,286.07320000446634,295.2533709832318,one shared preloaded model
conv-41-qa-116,lexical_only,1.0320709844785163,4.925299996102694,520.5008999982965,526.4582709788777,one shared preloaded model
conv-41-qa-117,lexical_only,1.0320709844785163,4.934899996442255,210.04820000234758,216.01517098326835,one shared preloaded model
conv-41-qa-118,lexical_only,1.0320709844785163,4.155700000410434,225.43369999766583,230.62147098255477,one shared preloaded model
conv-41-qa-119,lexical_only,1.0320709844785163,4.287099996872712,183.2901000016136,188.60927098296483,one shared preloaded model
conv-41-qa-120,lexical_only,1.0320709844785163,8.06670000019949,166.52949999843258,175.62827098311058,one shared preloaded model
conv-41-qa-121,lexical_only,1.0320709844785163,7.711800004472025,400.1133999990998,408.85727098805035,one shared preloaded model
conv-41-qa-122,lexical_only,1.0320709844785163,5.1162000017939135,224.5561000017915,230.7043709880639,one shared preloaded model
conv-41-qa-123,lexical_only,1.0320709844785163,4.3080000032205135,216.0857000053511,221.42577099305012,one shared preloaded model
conv-41-qa-124,lexical_only,1.0320709844785163,4.5956999965710565,332.1914999978617,337.8192709789113,one shared preloaded model
conv-41-qa-125,lexical_only,1.0320709844785163,4.226799996104091,475.3149999960442,480.57387097662684,one shared preloaded model
conv-41-qa-126,lexical_only,1.0320709844785163,4.827699995075818,419.342900000629,425.20267098018337,one shared preloaded model
conv-41-qa-127,lexical_only,1.0320709844785163,4.833899998629931,791.3962999955402,797.2622709786486,one shared preloaded model
conv-41-qa-128,lexical_only,1.0320709844785163,4.6094999997876585,167.1615000013844,172.80307098565058,one shared preloaded model
conv-41-qa-129,lexical_only,1.0320709844785163,4.683799998019822,609.6638000017265,615.3796709842248,one shared preloaded model
conv-41-qa-130,lexical_only,1.0320709844785163,5.073399996035732,131.4462000009371,137.55167098145134,one shared preloaded model
conv-41-qa-131,lexical_only,1.0320709844785163,8.023100002901629,228.84749999502674,237.90267098240687,one shared preloaded model
conv-41-qa-132,lexical_only,1.0320709844785163,4.627299997082446,180.55869999807328,186.21807097963423,one shared preloaded model
conv-41-qa-133,lexical_only,1.0320709844785163,8.02319999638712,220.09080000134418,229.1460709822098,one shared preloaded model
conv-41-qa-134,lexical_only,1.0320709844785163,4.483999997319188,1177.8360999960569,1183.3521709778545,one shared preloaded model
conv-41-qa-135,lexical_only,1.0320709844785163,4.52180000138469,427.5820999973803,433.1359709832435,one shared preloaded model
conv-41-qa-136,lexical_only,1.0320709844785163,4.38150000263704,412.05010000703624,417.4636709941518,one shared preloaded model
conv-41-qa-137,lexical_only,1.0320709844785163,4.342100000940263,222.24449999339413,227.6186709788129,one shared preloaded model
conv-41-qa-138,lexical_only,1.0320709844785163,4.488799997488968,217.34070000093197,222.86157098289945,one shared preloaded model
conv-41-qa-139,lexical_only,1.0320709844785163,4.542599999695085,380.97130000096513,386.54597098513875,one shared preloaded model
conv-41-qa-140,lexical_only,1.0320709844785163,4.549399993265979,287.1006999994279,292.6821709771724,one shared preloaded model
conv-41-qa-141,lexical_only,1.0320709844785163,4.476200003409758,434.4020999997156,439.91037098760387,one shared preloaded model
conv-41-qa-142,lexical_only,1.0320709844785163,4.252300001098774,215.79490000294754,221.07927098852483,one shared preloaded model
conv-41-qa-143,lexical_only,1.0320709844785163,4.444900005182717,138.74360000045272,144.22057099011394,one shared preloaded model
conv-41-qa-144,lexical_only,1.0320709844785163,7.543100000475533,214.03899999859277,222.6141709835468,one shared preloaded model
conv-41-qa-145,lexical_only,1.0320709844785163,4.432800000358839,578.6955000003218,584.1603709851591,one shared preloaded model
conv-41-qa-146,lexical_only,1.0320709844785163,4.5548999987659045,215.4612000013003,221.04817098454473,one shared preloaded model
conv-41-qa-147,lexical_only,1.0320709844785163,4.245700001774821,160.7157000034931,165.99347098974644,one shared preloaded model
conv-41-qa-148,lexical_only,1.0320709844785163,7.877399999415502,591.4692999940598,600.3787709779539,one shared preloaded model
conv-41-qa-149,lexical_only,1.0320709844785163,4.499000002397224,229.46370000136085,234.99477098823658,one shared preloaded model
conv-41-qa-150,lexical_only,1.0320709844785163,4.184400000667665,327.6590000023134,332.8754709874596,one shared preloaded model
conv-41-qa-151,lexical_only,1.0320709844785163,4.846499999985099,221.8060000013793,227.6845709858429,one shared preloaded model
conv-41-qa-152,lexical_only,1.0320709844785163,4.095399999641813,225.4834999985178,230.61097098263812,one shared preloaded model
conv-41-qa-153,lexical_only,1.0320709844785163,4.162200006248895,216.8256000004476,222.019870991175,one shared preloaded model
conv-41-qa-154,lexical_only,1.0320709844785163,4.247599994414486,116.15299999539275,121.43267097428576,one shared preloaded model
conv-41-qa-155,lexical_only,1.0320709844785163,7.655299996258691,225.7566999978735,234.4440709786107,one shared preloaded model
conv-41-qa-156,lexical_only,1.0320709844785163,4.102800005057361,228.1354000006104,233.27027099014626,one shared preloaded model
conv-41-qa-157,lexical_only,1.0320709844785163,4.356900004495401,98.81879999738885,104.20777098636277,one shared preloaded model
conv-41-qa-158,lexical_only,1.0320709844785163,7.611299995915033,220.3434000039124,228.98677098430593,one shared preloaded model
conv-41-qa-159,lexical_only,1.0320709844785163,4.307600000174716,209.7686999986763,215.10837098332954,one shared preloaded model
conv-41-qa-160,lexical_only,1.0320709844785163,4.326099995523691,120.77230000431882,126.13047098432104,one shared preloaded model
conv-41-qa-161,lexical_only,1.0320709844785163,7.6076000041211955,216.96499999961816,225.60467098821786,one shared preloaded model
conv-41-qa-162,lexical_only,1.0320709844785163,4.049500006658491,219.09819999564206,224.17977098677906,one shared preloaded model
conv-41-qa-163,lexical_only,1.0320709844785163,4.109200002858415,222.8778999997303,228.0191709870672,one shared preloaded model
conv-41-qa-164,lexical_only,1.0320709844785163,4.172000000835396,495.68339999677846,500.8874709820924,one shared preloaded model
conv-41-qa-165,lexical_only,1.0320709844785163,4.039100000227336,213.94409999629715,219.015270981003,one shared preloaded model
conv-41-qa-166,lexical_only,1.0320709844785163,4.647100002330262,215.83380000083707,221.51297098764584,one shared preloaded model
conv-41-qa-167,lexical_only,1.0320709844785163,4.337399994255975,227.76010000234237,233.12957098107685,one shared preloaded model
conv-41-qa-168,lexical_only,1.0320709844785163,4.097400000318885,341.092499998922,346.2219709837194,one shared preloaded model
conv-41-qa-169,lexical_only,1.0320709844785163,4.418299999088049,776.4045000003534,781.85487098392,one shared preloaded model
conv-41-qa-170,lexical_only,1.0320709844785163,4.612799995811656,136.17620000150055,141.8210709817907,one shared preloaded model
conv-41-qa-171,lexical_only,1.0320709844785163,7.481499997084029,700.5946999997832,709.1082709813458,one shared preloaded model
conv-41-qa-172,lexical_only,1.0320709844785163,4.456499998923391,223.71640000346815,229.20497098687005,one shared preloaded model
conv-41-qa-173,lexical_only,1.0320709844785163,4.2505000019446015,217.72740000596968,223.0099709923928,one shared preloaded model
conv-41-qa-174,lexical_only,1.0320709844785163,4.29249999433523,821.1536000017077,826.4781709805214,one shared preloaded model
conv-41-qa-175,lexical_only,1.0320709844785163,4.431900000781752,101.64280000026338,107.10677098552365,one shared preloaded model
conv-41-qa-176,lexical_only,1.0320709844785163,7.963200005178805,230.48879999987548,239.4840709895328,one shared preloaded model
conv-41-qa-177,lexical_only,1.0320709844785163,4.433000001881737,230.56070000166073,236.02577098802098,one shared preloaded model
conv-41-qa-178,lexical_only,1.0320709844785163,4.109000001335517,211.63349999551428,216.7745709813283,one shared preloaded model
conv-41-qa-179,lexical_only,1.0320709844785163,3.9172000033431686,219.96329999819864,224.9125709860203,one shared preloaded model
conv-41-qa-180,lexical_only,1.0320709844785163,4.17369999922812,206.4001000035205,211.60587098722712,one shared preloaded model
conv-41-qa-181,lexical_only,1.0320709844785163,3.9895000008982606,217.42359999916516,222.44517098454193,one shared preloaded model
conv-41-qa-182,lexical_only,1.0320709844785163,4.323000001022592,223.1831000026432,228.5381709881443,one shared preloaded model
conv-41-qa-183,lexical_only,1.0320709844785163,4.026700000395067,191.64869999804068,196.70747098291426,one shared preloaded model
conv-41-qa-184,lexical_only,1.0320709844785163,8.121999999275431,207.50840000255266,216.6624709863066,one shared preloaded model
conv-41-qa-185,lexical_only,1.0320709844785163,4.039899999042973,210.6318000005558,215.7037709840773,one shared preloaded model
conv-41-qa-186,lexical_only,1.0320709844785163,4.072600000654347,190.5415000001085,195.64617098524135,one shared preloaded model
conv-41-qa-187,lexical_only,1.0320709844785163,7.816500001354143,220.88570000050822,229.73427098634087,one shared preloaded model
conv-41-qa-188,lexical_only,1.0320709844785163,4.323799999838229,167.61020000558347,172.9660709899002,one shared preloaded model
conv-41-qa-189,lexical_only,1.0320709844785163,8.780900003330316,174.53820000082487,184.3511709886337,one shared preloaded model
conv-41-qa-190,lexical_only,1.0320709844785163,7.54389999929117,360.79090000566794,369.36687098943764,one shared preloaded model
conv-41-qa-191,lexical_only,1.0320709844785163,4.1255999967688695,213.56289999675937,218.72057097800675,one shared preloaded model
conv-41-qa-192,lexical_only,1.0320709844785163,4.233600004226901,136.9390000036219,142.20467099232732,one shared preloaded model
conv-42-qa-0,lexical_only,0.7491534615557891,7.511399999202695,109.00699999911012,117.26755345986861,one shared preloaded model
conv-42-qa-1,lexical_only,0.7491534615557891,7.551500006229617,245.99389999639243,254.29455346417782,one shared preloaded model
conv-42-qa-2,lexical_only,0.7491534615557891,4.481600000872277,230.61739999684505,235.8481534592731,one shared preloaded model
conv-42-qa-3,lexical_only,0.7491534615557891,4.069399998115841,337.45559999806574,342.2741534577374,one shared preloaded model
conv-42-qa-4,lexical_only,0.7491534615557891,4.76669999625301,218.09490000305232,223.6107534608611,one shared preloaded model
conv-42-qa-5,lexical_only,0.7491534615557891,3.9990000004763715,393.3961000002455,398.1442534622777,one shared preloaded model
conv-42-qa-6,lexical_only,0.7491534615557891,4.774499997438397,227.09430000395514,232.61795346294932,one shared preloaded model
conv-42-qa-7,lexical_only,0.7491534615557891,4.062099993461743,487.3084999999264,492.119753454944,one shared preloaded model
conv-42-qa-8,lexical_only,0.7491534615557891,4.662999999709427,215.36839999316726,220.78055345443246,one shared preloaded model
conv-42-qa-9,lexical_only,0.7491534615557891,4.269700002623722,229.58289999951376,234.60175346369326,one shared preloaded model
conv-42-qa-10,lexical_only,0.7491534615557891,4.437199997482821,297.35559999971883,302.54195345875746,one shared preloaded model
conv-42-qa-11,lexical_only,0.7491534615557891,5.099399997561704,316.77679999847896,322.6253534575965,one shared preloaded model
conv-42-qa-12,lexical_only,0.7491534615557891,4.20480000320822,320.985300000757,325.939253465521,one shared preloaded model
conv-42-qa-13,lexical_only,0.7491534615557891,4.195800000161398,485.84000000118976,490.78495346290697,one shared preloaded model
conv-42-qa-14,lexical_only,0.7491534615557891,4.3917000002693385,217.3865999939153,222.5274534557404,one shared preloaded model
conv-42-qa-15,lexical_only,0.7491534615557891,4.402500002470333,486.0651999988477,491.2168534628738,one shared preloaded model
conv-42-qa-16,lexical_only,0.7491534615557891,4.436700000951532,215.5782999980147,220.764153460522,one shared preloaded model
conv-42-qa-17,lexical_only,0.7491534615557891,4.1339000017615035,223.5930999959237,228.47615345924098,one shared preloaded model
conv-42-qa-18,lexical_only,0.7491534615557891,4.419199998665135,1088.717099999485,1093.885453459706,one shared preloaded model
conv-42-qa-19,lexical_only,0.7491534615557891,4.26109999534674,103.54399999778252,108.55425345468505,one shared preloaded model
conv-42-qa-20,lexical_only,0.7491534615557891,7.481600005121436,473.5796000022674,481.81035346894464,one shared preloaded model
conv-42-qa-21,lexical_only,0.7491534615557891,4.578600004606415,217.76320000208216,223.09095346824435,one shared preloaded model
conv-42-qa-22,lexical_only,0.7491534615557891,4.0932999982032925,500.81329999375157,505.65575345351067,one shared preloaded model
conv-42-qa-23,lexical_only,0.7491534615557891,4.255399995599873,696.809500004747,701.8140534619026,one shared preloaded model
conv-42-qa-24,lexical_only,0.7491534615557891,4.134399998292793,218.21730000374373,223.1008534635923,one shared preloaded model
conv-42-qa-25,lexical_only,0.7491534615557891,4.5523000007960945,456.54110000032233,461.84255346267423,one shared preloaded model
conv-42-qa-26,lexical_only,0.7491534615557891,4.402200000185985,211.11580000433605,216.26715346607781,one shared preloaded model
conv-42-qa-27,lexical_only,0.7491534615557891,3.965199997765012,220.05039999930887,224.76475345862966,one shared preloaded model
conv-42-qa-28,lexical_only,0.7491534615557891,4.616199999873061,520.4491999975289,525.8145534589578,one shared preloaded model
conv-42-qa-29,lexical_only,0.7491534615557891,4.6931999968364835,225.7880000033765,231.23035346176877,one shared preloaded model
conv-42-qa-30,lexical_only,0.7491534615557891,4.105100000742823,146.25810000143247,151.11235346373107,one shared preloaded model
conv-42-qa-31,lexical_only,0.7491534615557891,6.759799995052163,492.08460000227205,499.59355345888,one shared preloaded model
conv-42-qa-32,lexical_only,0.7491534615557891,4.318699997384101,217.07679999963148,222.14465345857136,one shared preloaded model
conv-42-qa-33,lexical_only,0.7491534615557891,4.074899996339809,341.19379999901867,346.0178534569143,one shared preloaded model
conv-42-qa-34,lexical_only,0.7491534615557891,4.387200002383906,531.4131999984966,536.5495534624363,one shared preloaded model
conv-42-qa-35,lexical_only,0.7491534615557891,4.056799996760674,511.947599996347,516.7535534546635,one shared preloaded model
conv-42-qa-36,lexical_only,0.7491534615557891,4.364299995359033,220.2850999965449,225.3985534534597,one shared preloaded model
conv-42-qa-37,lexical_only,0.7491534615557891,3.898399998433888,514.6343000014895,519.2818534614792,one shared preloaded model
conv-42-qa-38,lexical_only,0.7491534615557891,4.432699999597389,357.0854999998119,362.26735346096507,one shared preloaded model
conv-42-qa-39,lexical_only,0.7491534615557891,4.265099996700883,322.6035999978194,327.6178534560761,one shared preloaded model
conv-42-qa-40,lexical_only,0.7491534615557891,4.180000003543682,506.5840999959619,511.51325346106137,one shared preloaded model
conv-42-qa-41,lexical_only,0.7491534615557891,4.06959999963874,363.05309999443125,367.8718534556258,one shared preloaded model
conv-42-qa-42,lexical_only,0.7491534615557891,4.596699996909592,175.28719999972964,180.633053458195,one shared preloaded model
conv-42-qa-43,lexical_only,0.7491534615557891,7.474300000467338,141.978100000415,150.2015534624381,one shared preloaded model
conv-42-qa-44,lexical_only,0.7491534615557891,7.551800001238007,349.1463999962434,357.44735345903723,one shared preloaded model
conv-42-qa-45,lexical_only,0.7491534615557891,4.110000001674052,530.5450000014389,535.4041534646688,one shared preloaded model
conv-42-qa-46,lexical_only,0.7491534615557891,4.255699997884221,155.55980000499403,160.56465346443403,one shared preloaded model
conv-42-qa-47,lexical_only,0.7491534615557891,7.543799998529721,130.4835999981151,138.7765534582006,one shared preloaded model
conv-42-qa-48,lexical_only,0.7491534615557891,7.4794999964069575,497.60170000081416,505.8303534587769,one shared preloaded model
conv-42-qa-49,lexical_only,0.7491534615557891,4.331800002546515,121.23040000005858,126.31135346416089,one shared preloaded model
conv-42-qa-50,lexical_only,0.7491534615557891,7.7851000023656525,216.740399999253,225.27465346317442,one shared preloaded model
conv-42-qa-51,lexical_only,0.7491534615557891,4.097199998795986,211.09769999748096,215.94405345783272,one shared preloaded model
conv-42-qa-52,lexical_only,0.7491534615557891,4.392700000607874,228.73069999332074,233.8725534554844,one shared preloaded model
conv-42-qa-53,lexical_only,0.7491534615557891,4.051399999298155,127.47820000367938,132.2787534645333,one shared preloaded model
conv-42-qa-54,lexical_only,0.7491534615557891,7.622299999638926,221.60399999847868,229.9754534596734,one shared preloaded model
conv-42-qa-55,lexical_only,0.7491534615557891,4.054999997606501,505.19969999731984,510.00385345648215,one shared preloaded model
conv-42-qa-56,lexical_only,0.7491534615557891,4.490299994358793,94.28610000031767,99.52555345623226,one shared preloaded model
conv-42-qa-57,lexical_only,0.7491534615557891,6.6800999993574806,216.38840000377968,223.81765346469294,one shared preloaded model
conv-42-qa-58,lexical_only,0.7491534615557891,4.200400006084237,217.2911000016029,222.24065346924291,one shared preloaded model
conv-42-qa-59,lexical_only,0.7491534615557891,4.4782999975723214,535.7211999944411,540.9486534535692,one shared preloaded model
conv-42-qa-60,lexical_only,0.7491534615557891,4.618700004357379,176.1149000012665,181.48275346717966,one shared preloaded model
conv-42-qa-61,lexical_only,0.7491534615557891,7.477299994206987,164.74680000101216,172.97325345677493,one shared preloaded model
conv-42-qa-62,lexical_only,0.7491534615557891,7.579500001156703,129.16740000218851,137.496053464901,one shared preloaded model
conv-42-qa-63,lexical_only,0.7491534615557891,7.8508000005967915,161.40279999672202,170.0027534588746,one shared preloaded model
conv-42-qa-64,lexical_only,0.7491534615557891,7.593399997858796,238.67099999915808,247.01355345857266,one shared preloaded model
conv-42-qa-65,lexical_only,0.7491534615557891,4.483199998503551,187.2746000008192,192.50695346087852,one shared preloaded model
conv-42-qa-66,lexical_only,0.7491534615557891,7.591000001411885,249.11680000514025,257.45695346810794,one shared preloaded model
conv-42-qa-67,lexical_only,0.7491534615557891,4.299199994420633,119.12909999955446,124.17745345553088,one shared preloaded model
conv-42-qa-68,lexical_only,0.7491534615557891,7.422700000461191,100.75330000108806,108.92515346310505,one shared preloaded model
conv-42-qa-69,lexical_only,0.7491534615557891,7.568500004708767,101.59089999797288,109.90855346423744,one shared preloaded model
conv-42-qa-70,lexical_only,0.7491534615557891,4.631799994967878,924.9654000013834,930.3463534579071,one shared preloaded model
conv-42-qa-71,lexical_only,0.7491534615557891,4.53919999563368,117.91939999966417,123.20775345685364,one shared preloaded model
conv-42-qa-72,lexical_only,0.7491534615557891,8.060799998929724,223.65349999745376,232.46345345793927,one shared preloaded model
conv-42-qa-73,lexical_only,0.7491534615557891,4.262300004484132,217.9649999961839,222.97645346222382,one shared preloaded model
conv-42-qa-74,lexical_only,0.7491534615557891,4.546900003333576,311.50260000140406,316.79865346629344,one shared preloaded model
conv-42-qa-75,lexical_only,0.7491534615557891,4.08410000090953,197.86559999920428,202.6988534616696,one shared preloaded model
conv-42-qa-76,lexical_only,0.7491534615557891,4.935400000249501,665.831900005287,671.5164534670923,one shared preloaded model
conv-42-qa-77,lexical_only,0.7491534615557891,4.249499994330108,511.06090000394033,516.0595534598262,one shared preloaded model
conv-42-qa-78,lexical_only,0.7491534615557891,4.688299995905254,120.96390000078827,126.40135345824932,one shared preloaded model
conv-42-qa-79,lexical_only,0.7491534615557891,7.479400002921466,122.00540000048932,130.23395346496656,one shared preloaded model
conv-42-qa-80,lexical_only,0.7491534615557891,7.582099999126513,96.27969999564812,104.61095345633042,one shared preloaded model
conv-42-qa-81,lexical_only,0.7491534615557891,6.896099999721628,239.27700000058394,246.92225346186135,one shared preloaded model
conv-42-qa-82,lexical_only,0.7491534615557891,3.9615000059711747,205.11119999719085,209.8218534647178,one shared preloaded model
conv-42-qa-83,lexical_only,0.7491534615557891,3.9176999998744577,106.63869999552844,111.30555345695869,one shared preloaded model
conv-42-qa-84,lexical_only,0.7491534615557891,8.211100001062732,223.74710000440245,232.70735346702097,one shared preloaded model
conv-42-qa-85,lexical_only,0.7491534615557891,4.484500001126435,220.91669999645092,226.15035345913313,one shared preloaded model
conv-42-qa-86,lexical_only,0.7491534615557891,4.011000004538801,330.9640000006766,335.7241534667712,one shared preloaded model
conv-42-qa-87,lexical_only,0.7491534615557891,4.184899997198954,215.68889999616658,220.62295345492132,one shared preloaded model
conv-42-qa-88,lexical_only,0.7491534615557891,4.031399999803398,131.95850000192877,136.73905346328795,one shared preloaded model
conv-42-qa-89,lexical_only,0.7491534615557891,7.573599999886937,107.92099999525817,116.2437534567009,one shared preloaded model
conv-42-qa-90,lexical_only,0.7491534615557891,7.5996000014129095,179.78459999721963,188.13335346018832,one shared preloaded model
conv-42-qa-91,lexical_only,0.7491534615557891,7.679199996346142,952.4982000002638,960.9265534581657,one shared preloaded model
conv-42-qa-92,lexical_only,0.7491534615557891,4.390199996123556,198.9151000016136,204.05445345929294,one shared preloaded model
conv-42-qa-93,lexical_only,0.7491534615557891,4.000599998107646,149.3034000013722,154.05315346103563,one shared preloaded model
conv-42-qa-94,lexical_only,0.7491534615557891,7.617199997184798,232.36600000382168,240.73235346256226,one shared preloaded model
conv-42-qa-95,lexical_only,0.7491534615557891,4.2791000014403835,215.93569999822648,220.96395346122264,one shared preloaded model
conv-42-qa-96,lexical_only,0.7491534615557891,4.674999996495899,172.78789999545552,178.2120534535072,one shared preloaded model
conv-42-qa-97,lexical_only,0.7491534615557891,5.097699999168981,482.9070000050706,488.7538534657954,one shared preloaded model
conv-42-qa-98,lexical_only,0.7491534615557891,4.215100001601968,210.4747000048519,215.43895346800966,one shared preloaded model
conv-42-qa-99,lexical_only,0.7491534615557891,4.277599997294601,899.8263999965275,904.8531534553779,one shared preloaded model
conv-42-qa-100,lexical_only,0.7491534615557891,4.287299998395611,214.41600000252947,219.45245346248086,one shared preloaded model
conv-42-qa-101,lexical_only,0.7491534615557891,3.998799998953473,434.68550000397954,439.4334534644888,one shared preloaded model
conv-42-qa-102,lexical_only,0.7491534615557891,4.252400001860224,175.80499999894528,180.80655346236128,one shared preloaded model
conv-42-qa-103,lexical_only,0.7491534615557891,8.051299999351613,235.69919999863487,244.49965345954226,one shared preloaded model
conv-42-qa-104,lexical_only,0.7491534615557891,4.826600001251791,535.3146999987075,540.8904534615151,one shared preloaded model
conv-42-qa-105,lexical_only,0.7491534615557891,4.563400005281437,196.7393999948399,202.05195346167713,one shared preloaded model
conv-42-qa-106,lexical_only,0.7491534615557891,5.1407999999355525,211.4246999990428,217.31465346053412,one shared preloaded model
conv-42-qa-107,lexical_only,0.7491534615557891,4.188299993984401,530.2680000022519,535.2054534577921,one shared preloaded model
conv-42-qa-108,lexical_only,0.7491534615557891,4.113599999982398,167.68629999569384,172.54905345723202,one shared preloaded model
conv-42-qa-109,lexical_only,0.7491534615557891,7.458899999619462,167.41039999760687,175.6184534587821,one shared preloaded model
conv-42-qa-110,lexical_only,0.7491534615557891,8.145400002831593,168.61539999808883,177.5099534624762,one shared preloaded model
conv-42-qa-111,lexical_only,0.7491534615557891,7.767700000840705,194.67639999493258,203.19325345732906,one shared preloaded model
conv-42-qa-112,lexical_only,0.7491534615557891,6.31019999855198,223.0356000000029,230.09495346011064,one shared preloaded model
conv-42-qa-113,lexical_only,0.7491534615557891,4.560000001220033,221.8624999950407,227.17165345781652,one shared preloaded model
conv-42-qa-114,lexical_only,0.7491534615557891,4.6971999981906265,348.25970000383677,353.7060534635832,one shared preloaded model
conv-42-qa-115,lexical_only,0.7491534615557891,4.280699999071658,300.2070000002277,305.2368534608552,one shared preloaded model
conv-42-qa-116,lexical_only,0.7491534615557891,4.866400005994365,202.5945999994292,208.21015346697934,one shared preloaded model
conv-42-qa-117,lexical_only,0.7491534615557891,4.474800000025425,988.6265000022831,993.8504534638644,one shared preloaded model
conv-42-qa-118,lexical_only,0.7491534615557891,4.463900004338939,120.47380000149133,125.68685346738606,one shared preloaded model
conv-42-qa-119,lexical_only,0.7491534615557891,8.078600003500469,231.73230000247713,240.56005346753338,one shared preloaded model
conv-42-qa-120,lexical_only,0.7491534615557891,4.623099994205404,228.5312000021804,233.9034534579416,one shared preloaded model
conv-42-qa-121,lexical_only,0.7491534615557891,4.188700004306156,225.5797999969218,230.51765346278373,one shared preloaded model
conv-42-qa-122,lexical_only,0.7491534615557891,4.499400005443022,439.7037999951863,444.9523534621851,one shared preloaded model
conv-42-qa-123,lexical_only,0.7491534615557891,4.063799999130424,251.20740000420483,256.02035346489106,one shared preloaded model
conv-42-qa-124,lexical_only,0.7491534615557891,4.177399998297915,1518.0125000042608,1522.9390534641145,one shared preloaded model
conv-42-qa-125,lexical_only,0.7491534615557891,4.606200003763661,492.34920000162674,497.7045534669462,one shared preloaded model
conv-42-qa-126,lexical_only,0.7491534615557891,4.627600006642751,173.84120000497205,179.21795347317058,one shared preloaded model
conv-42-qa-127,lexical_only,0.7491534615557891,7.676799999899231,668.4932999996818,676.9192534611368,one shared preloaded model
conv-42-qa-128,lexical_only,0.7491534615557891,4.199399998469744,148.54600000398932,153.49455346401484,one shared preloaded model
conv-42-qa-129,lexical_only,0.7491534615557891,7.478300001821481,175.63439999503316,183.86185345841042,one shared preloaded model
conv-42-qa-130,lexical_only,0.7491534615557891,3.8193000000319444,263.24190000013914,267.8103534617269,one shared preloaded model
conv-42-qa-131,lexical_only,0.7491534615557891,4.324499997892417,543.875700001081,548.9493534605292,one shared preloaded model
conv-42-qa-132,lexical_only,0.7491534615557891,4.169699997873977,212.3697999995784,217.28865345900815,one shared preloaded model
conv-42-qa-133,lexical_only,0.7491534615557891,4.294700003811158,207.7927999998792,212.83665346524614,one shared preloaded model
conv-42-qa-134,lexical_only,0.7491534615557891,4.1416000021854416,109.43080000288319,114.32155346662442,one shared preloaded model
conv-42-qa-135,lexical_only,0.7491534615557891,7.642299999133684,202.8301999962423,211.22165345693176,one shared preloaded model
conv-42-qa-136,lexical_only,0.7491534615557891,4.77590000082273,111.94699999759905,117.47205345997757,one shared preloaded model
conv-42-qa-137,lexical_only,0.7491534615557891,7.463000001735054,204.55139999830863,212.76355346159946,one shared preloaded model
conv-42-qa-138,lexical_only,0.7491534615557891,4.037099999550264,239.3004999976256,244.08675345873164,one shared preloaded model
conv-42-qa-139,lexical_only,0.7491534615557891,4.295600003388245,251.73799999902258,256.7827534639666,one shared preloaded model
conv-42-qa-140,lexical_only,0.7491534615557891,4.5589000001200475,472.96430000278633,478.2723534644622,one shared preloaded model
conv-42-qa-141,lexical_only,0.7491534615557891,6.062899999960791,211.31279999826802,218.1248534597846,one shared preloaded model
conv-42-qa-142,lexical_only,0.7491534615557891,4.131000001507346,291.73359999549575,296.6137534585589,one shared preloaded model
conv-42-qa-143,lexical_only,0.7491534615557891,4.499700000451412,103.47259999980452,108.72145346181172,one shared preloaded model
conv-42-qa-144,lexical_only,0.7491534615557891,7.609000000229571,126.28730000142241,134.64545346320776,one shared preloaded model
conv-42-qa-145,lexical_only,0.7491534615557891,8.046599999943282,234.9426000000676,243.73835346156667,one shared preloaded model
conv-42-qa-146,lexical_only,0.7491534615557891,3.992300000390969,336.4482999968459,341.18975345879267,one shared preloaded model
conv-42-qa-147,lexical_only,0.7491534615557891,4.946100001689047,213.715099998808,219.41035346205283,one shared preloaded model
conv-42-qa-148,lexical_only,0.7491534615557891,4.52930000028573,442.26350000099046,447.541953462832,one shared preloaded model
conv-42-qa-149,lexical_only,0.7491534615557891,5.051100000855513,234.49779999646125,240.29805345887254,one shared preloaded model
conv-42-qa-150,lexical_only,0.7491534615557891,4.680199999711476,235.01790000591427,240.44725346718153,one shared preloaded model
conv-42-qa-151,lexical_only,0.7491534615557891,4.140299999562558,380.0171000038972,384.9065534650156,one shared preloaded model
conv-42-qa-152,lexical_only,0.7491534615557891,4.245299998729024,521.67119999649,526.6656534567749,one shared preloaded model
conv-42-qa-153,lexical_only,0.7491534615557891,4.3590999994194135,284.30870000011055,289.41695346108577,one shared preloaded model
conv-42-qa-154,lexical_only,0.7491534615557891,4.824900002859067,168.84500000014668,174.41905346456153,one shared preloaded model
conv-42-qa-155,lexical_only,0.7491534615557891,7.458600004611071,217.7265999998781,225.93435346604494,one shared preloaded model
conv-42-qa-156,lexical_only,0.7491534615557891,4.811200000403915,206.35009999386966,211.91045345582936,one shared preloaded model
conv-42-qa-157,lexical_only,0.7491534615557891,4.324299996369518,215.26160000212258,220.33505346004787,one shared preloaded model
conv-42-qa-158,lexical_only,0.7491534615557891,4.452100001799408,347.53160000400385,352.73285346735906,one shared preloaded model
conv-42-qa-159,lexical_only,0.7491534615557891,5.078399997728411,241.15759999403963,246.98515345332382,one shared preloaded model
conv-42-qa-160,lexical_only,0.7491534615557891,4.45179999951506,238.67199999949662,243.87295346056746,one shared preloaded model
conv-42-qa-161,lexical_only,0.7491534615557891,4.193100001430139,225.43779999978142,230.38005346276734,one shared preloaded model
conv-42-qa-162,lexical_only,0.7491534615557891,4.266299998562317,272.9347999993479,277.950253459466,one shared preloaded model
conv-42-qa-163,lexical_only,0.7491534615557891,4.5219999956316315,157.08209999866085,162.35325345584826,one shared preloaded model
conv-42-qa-164,lexical_only,0.7491534615557891,8.025700000871439,303.32990000169957,312.1047534641268,one shared preloaded model
conv-42-qa-165,lexical_only,0.7491534615557891,4.2644999994081445,389.10089999990305,394.114553460867,one shared preloaded model
conv-42-qa-166,lexical_only,0.7491534615557891,4.159899996011518,809.6528000023682,814.5618534599355,one shared preloaded model
conv-42-qa-167,lexical_only,0.7491534615557891,4.719299999123905,971.3283000019146,976.7967534625943,one shared preloaded model
conv-42-qa-168,lexical_only,0.7491534615557891,4.758499999297783,656.535400004941,662.0430534657946,one shared preloaded model
conv-42-qa-169,lexical_only,0.7491534615557891,4.064100001414772,1114.0407999992021,1118.8540534621727,one shared preloaded model
conv-42-qa-170,lexical_only,0.7491534615557891,4.212100000586361,1308.3255000019562,1313.2867534640984,one shared preloaded model
conv-42-qa-171,lexical_only,0.7491534615557891,4.358599995612167,370.4180999993696,375.52585345653756,one shared preloaded model
conv-42-qa-172,lexical_only,0.7491534615557891,4.526000004261732,206.70419999805745,211.97935346387496,one shared preloaded model
conv-42-qa-173,lexical_only,0.7491534615557891,4.017100000055507,380.755300000601,385.5215534622123,one shared preloaded model
conv-42-qa-174,lexical_only,0.7491534615557891,4.464899997401517,206.25610000570305,211.47015346466034,one shared preloaded model
conv-42-qa-175,lexical_only,0.7491534615557891,4.100599995581433,119.54649999825051,124.39625345538774,one shared preloaded model
conv-42-qa-176,lexical_only,0.7491534615557891,4.226199998811353,826.1748000004445,831.1501534608117,one shared preloaded model
conv-42-qa-177,lexical_only,0.7491534615557891,4.419299999426585,878.388700002688,883.5571534636704,one shared preloaded model
conv-42-qa-178,lexical_only,0.7491534615557891,4.650499999115709,573.2540000026347,578.6536534633062,one shared preloaded model
conv-42-qa-179,lexical_only,0.7491534615557891,4.6239999937824905,250.8568000048399,256.2299534601782,one shared preloaded model
conv-42-qa-180,lexical_only,0.7491534615557891,4.139299999224022,426.08669999754056,430.9751534583204,one shared preloaded model
conv-42-qa-181,lexical_only,0.7491534615557891,4.605000001902226,200.6312999947113,205.9854534581693,one shared preloaded model
conv-42-qa-182,lexical_only,0.7491534615557891,4.421799996634945,235.44920000131242,240.62015345950314,one shared preloaded model
conv-42-qa-183,lexical_only,0.7491534615557891,4.628699993190821,221.66550000110874,227.04335345585534,one shared preloaded model
conv-42-qa-184,lexical_only,0.7491534615557891,4.2608000003383495,226.78150000137975,231.79145346327388,one shared preloaded model
conv-42-qa-185,lexical_only,0.7491534615557891,4.859900000155903,199.81559999723686,205.42465345894854,one shared preloaded model
conv-42-qa-186,lexical_only,0.7491534615557891,4.042100001242943,219.1540999992867,223.94535346208542,one shared preloaded model
conv-42-qa-187,lexical_only,0.7491534615557891,4.411900001286995,200.0865000009071,205.24755346374988,one shared preloaded model
conv-42-qa-188,lexical_only,0.7491534615557891,4.014999998616986,167.1658999985084,171.93005345868116,one shared preloaded model
conv-42-qa-189,lexical_only,0.7491534615557891,7.557900004030671,1088.6802000022726,1096.987253467859,one shared preloaded model
conv-42-qa-190,lexical_only,0.7491534615557891,4.097500001080334,201.56480000150623,206.41145346414234,one shared preloaded model
conv-42-qa-191,lexical_only,0.7491534615557891,4.087100001925137,856.0969999962253,860.9332534597063,one shared preloaded model
conv-42-qa-192,lexical_only,0.7491534615557891,4.647399997338653,216.78589999646647,222.1824534553609,one shared preloaded model
conv-42-qa-193,lexical_only,0.7491534615557891,4.2893999998341314,216.60209999390645,221.64065345529636,one shared preloaded model
conv-42-qa-194,lexical_only,0.7491534615557891,4.371499999251682,930.42090000381,935.5415534646174,one shared preloaded model
conv-42-qa-195,lexical_only,0.7491534615557891,5.091399994853418,213.584199998877,219.4247534552862,one shared preloaded model
conv-42-qa-196,lexical_only,0.7491534615557891,4.009399999631569,159.29500000493135,164.0535534661187,one shared preloaded model
conv-42-qa-197,lexical_only,0.7491534615557891,7.534999997005798,459.58360000076937,467.86775345933097,one shared preloaded model
conv-42-qa-198,lexical_only,0.7491534615557891,5.047300001024269,389.508799999021,395.30525346160107,one shared preloaded model
conv-42-qa-199,lexical_only,0.7491534615557891,4.542200003925245,208.65129999583587,213.9426534613169,one shared preloaded model
conv-42-qa-200,lexical_only,0.7491534615557891,4.097899996850174,215.1774000012665,220.02445345967246,one shared preloaded model
conv-42-qa-201,lexical_only,0.7491534615557891,4.024100002425257,215.71310000581434,220.48635346979538,one shared preloaded model
conv-42-qa-202,lexical_only,0.7491534615557891,4.534700005024206,195.59079999453388,200.87465346111387,one shared preloaded model
conv-42-qa-203,lexical_only,0.7491534615557891,4.095500000403263,224.2037000032724,229.04835346523143,one shared preloaded model
conv-42-qa-204,lexical_only,0.7491534615557891,3.984300004958641,216.74820000043837,221.4816534669528,one shared preloaded model
conv-42-qa-205,lexical_only,0.7491534615557891,3.860600001644343,234.3232999992324,238.93305346243253,one shared preloaded model
conv-42-qa-206,lexical_only,0.7491534615557891,3.9675000007264316,128.98409999615978,133.700753458442,one shared preloaded model
conv-42-qa-207,lexical_only,0.7491534615557891,7.945699995616451,221.26900000148453,229.96385345865676,one shared preloaded model
conv-42-qa-208,lexical_only,0.7491534615557891,4.131300003791694,218.5176999992109,223.39815346455836,one shared preloaded model
conv-42-qa-209,lexical_only,0.7491534615557891,4.181600001174957,221.44699999626027,226.377753458991,one shared preloaded model
conv-42-qa-210,lexical_only,0.7491534615557891,4.43779999477556,179.49470000166912,184.68165345800045,one shared preloaded model
conv-42-qa-211,lexical_only,0.7491534615557891,7.57020000310149,125.24839999969117,133.56775346434844,one shared preloaded model
conv-42-qa-212,lexical_only,0.7491534615557891,4.525099997408688,637.1515999999247,642.4258534588892,one shared preloaded model
conv-42-qa-213,lexical_only,0.7491534615557891,4.842499998630956,149.45009999792092,155.04175345810765,one shared preloaded model
conv-42-qa-214,lexical_only,0.7491534615557891,7.441100002324674,233.42309999861754,241.613353462498,one shared preloaded model
conv-42-qa-215,lexical_only,0.7491534615557891,4.106399996089749,138.20750000013504,143.06305345778057,one shared preloaded model
conv-42-qa-216,lexical_only,0.7491534615557891,4.771300002175849,217.01360000588465,222.53405346961628,one shared preloaded model
conv-42-qa-217,lexical_only,0.7491534615557891,4.795699998794589,214.16219999809982,219.7070534584502,one shared preloaded model
conv-42-qa-218,lexical_only,0.7491534615557891,4.054099998029415,218.90020000137156,223.70345346095675,one shared preloaded model
conv-42-qa-219,lexical_only,0.7491534615557891,4.051200005051214,206.0769000017899,210.8772534683969,one shared preloaded model
conv-42-qa-220,lexical_only,0.7491534615557891,4.565299997921102,146.50019999680808,151.81465345628496,one shared preloaded model
conv-42-qa-221,lexical_only,0.7491534615557891,7.521999999880791,222.99410000414355,231.26525346558012,one shared preloaded model
conv-42-qa-222,lexical_only,0.7491534615557891,4.37660000170581,213.44200000021374,218.56775346347533,one shared preloaded model
conv-42-qa-223,lexical_only,0.7491534615557891,4.078500001924112,229.0519000016502,233.8795534651301,one shared preloaded model
conv-42-qa-224,lexical_only,0.7491534615557891,4.2208000013488345,214.7906000027433,219.76055346564792,one shared preloaded model
conv-42-qa-225,lexical_only,0.7491534615557891,3.9722000001347624,220.60409999539843,225.32545345708897,one shared preloaded model
conv-42-qa-226,lexical_only,0.7491534615557891,4.892500001005828,199.37600000412203,205.01765346668364,one shared preloaded model
conv-42-qa-227,lexical_only,0.7491534615557891,4.092899995157495,211.29549999750452,216.1375534542178,one shared preloaded model
conv-42-qa-228,lexical_only,0.7491534615557891,4.445500002475455,211.61700000084238,216.81165346487361,one shared preloaded model
conv-42-qa-229,lexical_only,0.7491534615557891,4.1117999935522676,216.14250000129687,221.0034534564049,one shared preloaded model
conv-42-qa-230,lexical_only,0.7491534615557891,3.9882000055513345,230.2793000053498,235.0166534724569,one shared preloaded model
conv-42-qa-231,lexical_only,0.7491534615557891,4.163800003880169,215.6674999932875,220.58045345872344,one shared preloaded model
conv-42-qa-232,lexical_only,0.7491534615557891,4.221099996357225,219.58699999959208,224.55725345750508,one shared preloaded model
conv-42-qa-233,lexical_only,0.7491534615557891,4.003699999884702,229.12799999903655,233.88085346047703,one shared preloaded model
conv-42-qa-234,lexical_only,0.7491534615557891,4.708699998445809,215.93710000161082,221.3949534616124,one shared preloaded model
conv-42-qa-235,lexical_only,0.7491534615557891,4.758399998536333,248.82749999960652,254.33505345969863,one shared preloaded model
conv-42-qa-236,lexical_only,0.7491534615557891,4.74969999777386,221.9492000003811,227.44805345971074,one shared preloaded model
conv-42-qa-237,lexical_only,0.7491534615557891,4.051599993545096,226.6989999989164,231.49975345401728,one shared preloaded model
conv-42-qa-238,lexical_only,0.7491534615557891,4.798900001333095,214.39680000185035,219.94485346473923,one shared preloaded model
conv-42-qa-239,lexical_only,0.7491534615557891,3.9561000012326986,696.2901999941096,700.9954534568981,one shared preloaded model
conv-42-qa-240,lexical_only,0.7491534615557891,4.218300004140474,1528.8288000010652,1533.7962534667615,one shared preloaded model
conv-42-qa-241,lexical_only,0.7491534615557891,4.93119999737246,227.14219999761553,232.82255345654377,one shared preloaded model
conv-42-qa-242,lexical_only,0.7491534615557891,4.144499995163642,211.94980000291253,216.84345345963195,one shared preloaded model
conv-42-qa-243,lexical_only,0.7491534615557891,4.051500000059605,227.61639999953331,232.4170534611487,one shared preloaded model
conv-42-qa-244,lexical_only,0.7491534615557891,4.219199996441603,160.7533999995212,165.7217534575186,one shared preloaded model
conv-42-qa-245,lexical_only,0.7491534615557891,7.394100000965409,219.8430999997072,227.98635346222838,one shared preloaded model
conv-42-qa-246,lexical_only,0.7491534615557891,4.079799997271039,221.2911000024178,226.12005346124462,one shared preloaded model
conv-42-qa-247,lexical_only,0.7491534615557891,4.360200000519399,344.1044999999576,349.21385346203283,one shared preloaded model
conv-42-qa-248,lexical_only,0.7491534615557891,4.877000006672461,201.18960000399966,206.8157534722279,one shared preloaded model
conv-42-qa-249,lexical_only,0.7491534615557891,4.426100000273436,219.47440000076313,224.64965346259234,one shared preloaded model
conv-42-qa-250,lexical_only,0.7491534615557891,4.138100004638545,207.09489999717334,211.98215346336767,one shared preloaded model
conv-42-qa-251,lexical_only,0.7491534615557891,4.419600001710933,158.68599999521393,163.85475345848064,one shared preloaded model
conv-42-qa-252,lexical_only,0.7491534615557891,8.022399997571483,179.4246999997995,188.19625345892675,one shared preloaded model
conv-42-qa-253,lexical_only,0.7491534615557891,7.577800002763979,191.7115999967791,200.03855346109887,one shared preloaded model
conv-42-qa-254,lexical_only,0.7491534615557891,7.4905999936163425,326.81589999992866,335.0556534551008,one shared preloaded model
conv-42-qa-255,lexical_only,0.7491534615557891,4.700699995737523,214.54190000076778,219.99175345806108,one shared preloaded model
conv-42-qa-256,lexical_only,0.7491534615557891,3.908200000296347,216.33399999700487,220.991353458857,one shared preloaded model
conv-42-qa-257,lexical_only,0.7491534615557891,4.185700003290549,271.4119000011124,276.3467534659587,one shared preloaded model
conv-42-qa-258,lexical_only,0.7491534615557891,4.26809999771649,162.58270000253106,167.59995346180332,one shared preloaded model
conv-42-qa-259,lexical_only,0.7491534615557891,7.546299995738082,214.15479999996023,222.4502534572541,one shared preloaded model
conv-43-qa-0,lexical_only,0.8723681818112762,4.574599995976314,1172.3667999976897,1177.8137681754772,one shared preloaded model
conv-43-qa-1,lexical_only,0.8723681818112762,4.66969999979483,199.1528000071412,204.6948681887473,one shared preloaded model
conv-43-qa-2,lexical_only,0.8723681818112762,4.196199995931238,163.76989999844227,168.8384681761848,one shared preloaded model
conv-43-qa-3,lexical_only,0.8723681818112762,8.041100001719315,208.5321999984444,217.445668181975,one shared preloaded model
conv-43-qa-4,lexical_only,0.8723681818112762,3.9723000008962117,268.4071000039694,273.2517681866769,one shared preloaded model
conv-43-qa-5,lexical_only,0.8723681818112762,4.740100004710257,211.409099996672,217.02156818319355,one shared preloaded model
conv-43-qa-6,lexical_only,0.8723681818112762,4.367599998658989,127.45839999843156,132.69836817890183,one shared preloaded model
conv-43-qa-7,lexical_only,0.8723681818112762,7.622699995408766,168.850800000655,177.34586817787505,one shared preloaded model
conv-43-qa-8,lexical_only,0.8723681818112762,7.554000003437977,446.9198000006145,455.34616818586375,one shared preloaded model
conv-43-qa-9,lexical_only,0.8723681818112762,4.138699994655326,852.8651000015088,857.8761681779754,one shared preloaded model
conv-43-qa-10,lexical_only,0.8723681818112762,4.103700004634447,507.20469999942,512.1807681858656,one shared preloaded model
conv-43-qa-11,lexical_only,0.8723681818112762,4.607700000633486,220.24940000119386,225.72946818363863,one shared preloaded model
conv-43-qa-12,lexical_only,0.8723681818112762,3.8548000011360273,119.25719999999274,123.98436818294005,one shared preloaded model
conv-43-qa-13,lexical_only,0.8723681818112762,7.477600003767293,933.3871999988332,941.7371681844118,one shared preloaded model
conv-43-qa-14,lexical_only,0.8723681818112762,4.481200005102437,220.80309999728343,226.15666818419714,one shared preloaded model
conv-43-qa-15,lexical_only,0.8723681818112762,3.8142999983392656,234.30309999821475,238.9897681783653,one shared preloaded model
conv-43-qa-16,lexical_only,0.8723681818112762,4.651099996408448,126.98139999702107,132.5048681752408,one shared preloaded model
conv-43-qa-17,lexical_only,0.8723681818112762,4.056899997522123,99.62570000061532,104.55496817994873,one shared preloaded model
conv-43-qa-18,lexical_only,0.8723681818112762,7.503699998778757,214.67159999883734,223.04766817942738,one shared preloaded model
conv-43-qa-19,lexical_only,0.8723681818112762,4.3701999966287985,223.84349999629194,229.08606817473202,one shared preloaded model
conv-43-qa-20,lexical_only,0.8723681818112762,4.4360000028973445,192.6655999996001,197.97396818430872,one shared preloaded model
conv-43-qa-21,lexical_only,0.8723681818112762,7.477099999960046,190.72089999826858,199.0703681800399,one shared preloaded model
conv-43-qa-22,lexical_only,0.8723681818112762,7.727800002612639,481.7803999976604,490.38056818208435,one shared preloaded model
conv-43-qa-23,lexical_only,0.8723681818112762,4.5825999986846,133.25330000225222,138.7082681827481,one shared preloaded model
conv-43-qa-24,lexical_only,0.8723681818112762,7.765599999402184,211.56389999669045,220.20186817790392,one shared preloaded model
conv-43-qa-25,lexical_only,0.8723681818112762,4.117999997106381,188.8589000009233,193.84926817984098,one shared preloaded model
conv-43-qa-26,lexical_only,0.8723681818112762,7.571399997686967,213.6153000028571,222.05906818235536,one shared preloaded model
conv-43-qa-27,lexical_only,0.8723681818112762,4.040499996335711,251.942599999893,256.85546817804,one shared preloaded model
conv-43-qa-28,lexical_only,0.8723681818112762,5.0505000035627745,213.74449999711942,219.66736818249348,one shared preloaded model
conv-43-qa-29,lexical_only,0.8723681818112762,4.310600001190323,212.43459999823244,217.61756818123405,one shared preloaded model
conv-43-qa-30,lexical_only,0.8723681818112762,4.0569999982835725,174.6108000006643,179.54016818075917,one shared preloaded model
conv-43-qa-31,lexical_only,0.8723681818112762,7.54389999929117,107.52550000324845,115.9417681843509,one shared preloaded model
conv-43-qa-32,lexical_only,0.8723681818112762,8.268000005045906,208.88449999620207,218.02486818305925,one shared preloaded model
conv-43-qa-33,lexical_only,0.8723681818112762,4.149500004132278,147.70639999915147,152.72826818509503,one shared preloaded model
conv-43-qa-34,lexical_only,0.8723681818112762,7.433400001900736,257.510799994634,265.816568178346,one shared preloaded model
conv-43-qa-35,lexical_only,0.8723681818112762,4.195399997115601,158.0448999957298,163.11266817465668,one shared preloaded model
conv-43-qa-36,lexical_only,0.8723681818112762,7.4250000034226105,227.87550000066403,236.17286818589793,one shared preloaded model
conv-43-qa-37,lexical_only,0.8723681818112762,4.1339000017615035,338.1706000000122,343.176868183585,one shared preloaded model
conv-43-qa-38,lexical_only,0.8723681818112762,4.1981999966083094,121.64140000095358,126.71196817937317,one shared preloaded model
conv-43-qa-39,lexical_only,0.8723681818112762,7.571399997686967,225.3220999991754,233.76586817867366,one shared preloaded model
conv-43-qa-40,lexical_only,0.8723681818112762,4.565800001728348,219.62850000272738,225.066668186267,one shared preloaded model
conv-43-qa-41,lexical_only,0.8723681818112762,4.157199997280259,152.6637999995728,157.69336817866434,one shared preloaded model
conv-43-qa-42,lexical_only,0.8723681818112762,7.463599999027792,361.34239999955753,369.6783681803966,one shared preloaded model
conv-43-qa-43,lexical_only,0.8723681818112762,4.358999998657964,424.2593999952078,429.49076817567703,one shared preloaded model
conv-43-qa-44,lexical_only,0.8723681818112762,4.614700003003236,329.83479999529663,335.32186818011115,one shared preloaded model
conv-43-qa-45,lexical_only,0.8723681818112762,4.069199996592943,219.32050000032177,224.262068178726,one shared preloaded model
conv-43-qa-46,lexical_only,0.8723681818112762,4.500700000789948,338.113700003305,343.4867681859062,one shared preloaded model
conv-43-qa-47,lexical_only,0.8723681818112762,4.056899997522123,482.62390000309097,487.5531681824244,one shared preloaded model
conv-43-qa-48,lexical_only,0.8723681818112762,4.512899999099318,522.4481000041123,527.8333681850229,one shared preloaded model
conv-43-qa-49,lexical_only,0.8723681818112762,4.4573999985004775,125.33729999995558,130.66706818026734,one shared preloaded model
conv-43-qa-50,lexical_only,0.8723681818112762,7.521599996834993,248.61510000482667,257.00906818347295,one shared preloaded model
conv-43-qa-51,lexical_only,0.8723681818112762,4.296399994927924,172.94560000300407,178.11436817974328,one shared preloaded model
conv-43-qa-52,lexical_only,0.8723681818112762,7.528900001489092,153.04469999682624,161.4459681801266,one shared preloaded model
conv-43-qa-53,lexical_only,0.8723681818112762,7.531100003689062,173.72969999996712,182.13316818546747,one shared preloaded model
conv-43-qa-54,lexical_only,0.8723681818112762,7.4068999965675175,504.7721000009915,513.0513681793702,one shared preloaded model
conv-43-qa-55,lexical_only,0.8723681818112762,4.211500003293622,198.40370000019902,203.48756818530393,one shared preloaded model
conv-43-qa-56,lexical_only,0.8723681818112762,4.32110000110697,498.5394000032102,503.7328681861284,one shared preloaded model
conv-43-qa-57,lexical_only,0.8723681818112762,4.43480000103591,169.03829999500886,174.34546817785605,one shared preloaded model
conv-43-qa-58,lexical_only,0.8723681818112762,7.554299998446368,507.24500000069384,515.6716681809514,one shared preloaded model
conv-43-qa-59,lexical_only,0.8723681818112762,4.647299996577203,688.7605999945663,694.2802681729547,one shared preloaded model
conv-43-qa-60,lexical_only,0.8723681818112762,4.307999995944556,515.0807999962126,520.2611681739684,one shared preloaded model
conv-43-qa-61,lexical_only,0.8723681818112762,4.1838999968604185,209.41170000151033,214.46796818018203,one shared preloaded model
conv-43-qa-62,lexical_only,0.8723681818112762,4.05960000352934,214.8970000052941,219.82896819063473,one shared preloaded model
conv-43-qa-63,lexical_only,0.8723681818112762,4.116199997952208,517.9796000011265,522.96816818089,one shared preloaded model
conv-43-qa-64,lexical_only,0.8723681818112762,4.632099997252226,119.12679999659304,124.63126817565654,one shared preloaded model
conv-43-qa-65,lexical_only,0.8723681818112762,7.423400005791336,209.76839999639196,218.06416818399458,one shared preloaded model
conv-43-qa-66,lexical_only,0.8723681818112762,4.100199999811593,222.0540999987861,227.026668180409,one shared preloaded model
conv-43-qa-67,lexical_only,0.8723681818112762,4.474999994272366,187.69279999833088,193.04016817441453,one shared preloaded model
conv-43-qa-68,lexical_only,0.8723681818112762,7.586400002765004,485.65850000159116,494.11726818616745,one shared preloaded model
conv-43-qa-69,lexical_only,0.8723681818112762,4.462800003238954,490.783500004909,496.11866818995924,one shared preloaded model
conv-43-qa-70,lexical_only,0.8723681818112762,4.657999998016749,217.9974000027869,223.52776818261492,one shared preloaded model
conv-43-qa-71,lexical_only,0.8723681818112762,4.508299993176479,204.0500000002794,209.43066817526716,one shared preloaded model
conv-43-qa-72,lexical_only,0.8723681818112762,4.082000006746966,232.38519999722484,237.3395681857831,one shared preloaded model
conv-43-qa-73,lexical_only,0.8723681818112762,4.162100005487446,524.0045000027749,529.0389681900735,one shared preloaded model
conv-43-qa-74,lexical_only,0.8723681818112762,4.690699999628123,107.29030000220519,112.85336818364459,one shared preloaded model
conv-43-qa-75,lexical_only,0.8723681818112762,7.516500001656823,210.26800000254298,218.65686818601108,one shared preloaded model
conv-43-qa-76,lexical_only,0.8723681818112762,4.452599998330697,428.75650000496535,434.0814681851073,one shared preloaded model
conv-43-qa-77,lexical_only,0.8723681818112762,4.659500002162531,165.20740000123624,170.73926818521005,one shared preloaded model
conv-43-qa-78,lexical_only,0.8723681818112762,7.493000004615169,816.2336999957915,824.5990681822179,one shared preloaded model
conv-43-qa-79,lexical_only,0.8723681818112762,3.8907999987713993,212.2114999947371,216.97466817531978,one shared preloaded model
conv-43-qa-80,lexical_only,0.8723681818112762,4.0675999989616685,109.39689999941038,114.33686818018333,one shared preloaded model
conv-43-qa-81,lexical_only,0.8723681818112762,7.866299994930159,101.60289999475935,110.3415681715008,one shared preloaded model
conv-43-qa-82,lexical_only,0.8723681818112762,7.6256000029388815,678.7659999972675,687.2639681820176,one shared preloaded model
conv-43-qa-83,lexical_only,0.8723681818112762,4.047100002935622,185.08850000216626,190.00796818691316,one shared preloaded model
conv-43-qa-84,lexical_only,0.8723681818112762,7.55139999819221,398.8147999989451,407.2385681789486,one shared preloaded model
conv-43-qa-85,lexical_only,0.8723681818112762,4.442999997991137,219.2270000014105,224.5423681812129,one shared preloaded model
conv-43-qa-86,lexical_only,0.8723681818112762,4.616400001395959,219.2614000014146,224.75016818462183,one shared preloaded model
conv-43-qa-87,lexical_only,0.8723681818112762,4.160100004810374,467.41949999704957,472.4519681836712,one shared preloaded model
conv-43-qa-88,lexical_only,0.8723681818112762,4.1628000035416335,1599.9665999988792,1605.001768184232,one shared preloaded model
conv-43-qa-89,lexical_only,0.8723681818112762,4.186099999060389,190.69239999953425,195.75086818040592,one shared preloaded model
conv-43-qa-90,lexical_only,0.8723681818112762,7.481900000129826,202.63509999495,210.9893681768911,one shared preloaded model
conv-43-qa-91,lexical_only,0.8723681818112762,4.506899997068103,362.87240000092424,368.25166817980363,one shared preloaded model
conv-43-qa-92,lexical_only,0.8723681818112762,4.80740000057267,219.69399999943562,225.37376818181957,one shared preloaded model
conv-43-qa-93,lexical_only,0.8723681818112762,3.941599999961909,482.328600002802,487.14256818457517,one shared preloaded model
conv-43-qa-94,lexical_only,0.8723681818112762,4.215499997371808,442.51339999755146,447.60126817673455,one shared preloaded model
conv-43-qa-95,lexical_only,0.8723681818112762,4.162899997027125,219.3392000044696,224.374468183308,one shared preloaded model
conv-43-qa-96,lexical_only,0.8723681818112762,4.504899996391032,322.77890000113985,328.15616817934216,one shared preloaded model
conv-43-qa-97,lexical_only,0.8723681818112762,4.888299998128787,316.86269999772776,322.6233681776678,one shared preloaded model
conv-43-qa-98,lexical_only,0.8723681818112762,4.443699996045325,223.7544000017806,229.0704681796372,one shared preloaded model
conv-43-qa-99,lexical_only,0.8723681818112762,4.032600001664832,662.3512000005576,667.2561681840336,one shared preloaded model
conv-43-qa-100,lexical_only,0.8723681818112762,4.28480000118725,205.82270000159042,210.97986818458895,one shared preloaded model
conv-43-qa-101,lexical_only,0.8723681818112762,3.956200001994148,837.3074999981327,842.1360681819381,one shared preloaded model
conv-43-qa-102,lexical_only,0.8723681818112762,4.359500002465211,568.2988999978988,573.5307681821753,one shared preloaded model
conv-43-qa-103,lexical_only,0.8723681818112762,4.163199999311473,195.40450000204146,200.44006818316421,one shared preloaded model
conv-43-qa-104,lexical_only,0.8723681818112762,3.9252999995369464,193.11809999635443,197.91576817770266,one shared preloaded model
conv-43-qa-105,lexical_only,0.8723681818112762,7.419800000207033,236.1079000038444,244.40006818586272,one shared preloaded model
conv-43-qa-106,lexical_only,0.8723681818112762,5.119000001286622,148.63859999604756,154.62996817914546,one shared preloaded model
conv-43-qa-107,lexical_only,0.8723681818112762,7.569900000817142,226.576599998225,235.01886818085342,one shared preloaded model
conv-43-qa-108,lexical_only,0.8723681818112762,4.248299999744631,178.66089999733958,183.7815681788955,one shared preloaded model
conv-43-qa-109,lexical_only,0.8723681818112762,7.446299998264294,1130.5887999988045,1138.90746817888,one shared preloaded model
conv-43-qa-110,lexical_only,0.8723681818112762,4.20519999897806,783.5025999956997,788.580168176489,one shared preloaded model
conv-43-qa-111,lexical_only,0.8723681818112762,4.70820000191452,153.48100000119302,159.06156818491883,one shared preloaded model
conv-43-qa-112,lexical_only,0.8723681818112762,4.9742000046535395,201.06120000127703,206.90776818774185,one shared preloaded model
conv-43-qa-113,lexical_only,0.8723681818112762,3.9067999969120137,232.94880000321427,237.72796818193757,one shared preloaded model
conv-43-qa-114,lexical_only,0.8723681818112762,4.428599997481797,217.77299999666866,223.07396817596174,one shared preloaded model
conv-43-qa-115,lexical_only,0.8723681818112762,3.9170999953057617,688.7217000039527,693.5111681810697,one shared preloaded model
conv-43-qa-116,lexical_only,0.8723681818112762,4.328800001530908,323.90509999822825,329.10626818157044,one shared preloaded model
conv-43-qa-117,lexical_only,0.8723681818112762,4.630799994629342,133.05160000163596,138.55476817807659,one shared preloaded model
conv-43-qa-118,lexical_only,0.8723681818112762,7.539700003690086,653.1462999992073,661.5583681847086,one shared preloaded model
conv-43-qa-119,lexical_only,0.8723681818112762,4.576600003929343,234.90750000200933,240.35646818774995,one shared preloaded model
conv-43-qa-120,lexical_only,0.8723681818112762,4.5754999955534,148.36800000193762,153.8158681793023,one shared preloaded model
conv-43-qa-121,lexical_only,0.8723681818112762,4.564599999866914,385.75159999891184,391.18856818059004,one shared preloaded model
conv-43-qa-122,lexical_only,0.8723681818112762,4.346499998064246,278.2000000006519,283.41886818052745,one shared preloaded model
conv-43-qa-123,lexical_only,0.8723681818112762,4.266699994332157,141.9603000031202,147.09936817926365,one shared preloaded model
conv-43-qa-124,lexical_only,0.8723681818112762,7.575400006317068,231.83810000045924,240.28586818858759,one shared preloaded model
conv-43-qa-125,lexical_only,0.8723681818112762,4.045800000312738,435.63410000206204,440.55226818418606,one shared preloaded model
conv-43-qa-126,lexical_only,0.8723681818112762,4.386000000522472,672.8275999994366,678.0859681817703,one shared preloaded model
conv-43-qa-127,lexical_only,0.8723681818112762,4.302699999243487,149.1115999961039,154.28666817715867,one shared preloaded model
conv-43-qa-128,lexical_only,0.8723681818112762,7.616099996084813,296.8034000004991,305.2918681783952,one shared preloaded model
conv-43-qa-129,lexical_only,0.8723681818112762,4.214600005070679,481.9022000010591,486.98916818794106,one shared preloaded model
conv-43-qa-130,lexical_only,0.8723681818112762,5.644400000164751,223.0282000018633,229.54496818383933,one shared preloaded model
conv-43-qa-131,lexical_only,0.8723681818112762,4.53929999639513,212.24510000320151,217.65676818140793,one shared preloaded model
conv-43-qa-132,lexical_only,0.8723681818112762,4.115000003366731,319.13840000197524,324.12576818715326,one shared preloaded model
conv-43-qa-133,lexical_only,0.8723681818112762,5.3076999975019135,624.9896000008448,631.1696681801579,one shared preloaded model
conv-43-qa-134,lexical_only,0.8723681818112762,6.193599998368882,164.26990000036312,171.3358681805433,one shared preloaded model
conv-43-qa-135,lexical_only,0.8723681818112762,7.484800000383984,407.8131999995094,416.17036818170465,one shared preloaded model
conv-43-qa-136,lexical_only,0.8723681818112762,4.2318999985582195,397.5977000009152,402.7019681812847,one shared preloaded model
conv-43-qa-137,lexical_only,0.8723681818112762,4.358400001365226,230.06129999703262,235.29206818020913,one shared preloaded model
conv-43-qa-138,lexical_only,0.8723681818112762,4.253200000675861,1308.2737999939127,1313.3993681763998,one shared preloaded model
conv-43-qa-139,lexical_only,0.8723681818112762,5.331700005626772,416.6579000011552,422.86196818859327,one shared preloaded model
conv-43-qa-140,lexical_only,0.8723681818112762,4.471200001717079,202.57780000247294,207.9213681860013,one shared preloaded model
conv-43-qa-141,lexical_only,0.8723681818112762,4.302800000004936,226.1110999970697,231.2862681788859,one shared preloaded model
conv-43-qa-142,lexical_only,0.8723681818112762,4.463400000531692,356.0337000017171,361.36946818406005,one shared preloaded model
conv-43-qa-143,lexical_only,0.8723681818112762,4.9044999977923,165.768200000457,171.54506818006058,one shared preloaded model
conv-43-qa-144,lexical_only,0.8723681818112762,7.572399998025503,94.34680000413209,102.79156818396888,one shared preloaded model
conv-43-qa-145,lexical_only,0.8723681818112762,3.9898000031826086,243.72240000229795,248.58456818729184,one shared preloaded model
conv-43-qa-146,lexical_only,0.8723681818112762,4.418399999849498,214.04829999664798,219.33906817830876,one shared preloaded model
conv-43-qa-147,lexical_only,0.8723681818112762,4.102400002011564,145.24579999851994,150.2205681823428,one shared preloaded model
conv-43-qa-148,lexical_only,0.8723681818112762,7.934299996122718,473.64679999736836,482.45346817530236,one shared preloaded model
conv-43-qa-149,lexical_only,0.8723681818112762,4.129300003114622,204.94909999979427,209.95076818472018,one shared preloaded model
conv-43-qa-150,lexical_only,0.8723681818112762,4.65700000495417,211.38870000140741,216.91806818817287,one shared preloaded model
conv-43-qa-151,lexical_only,0.8723681818112762,4.1768000010051765,214.39829999872018,219.44746818153664,one shared preloaded model
conv-43-qa-152,lexical_only,0.8723681818112762,4.394600000523496,265.84030000230996,271.10726818464474,one shared preloaded model
conv-43-qa-153,lexical_only,0.8723681818112762,4.310900003474671,225.26720000314526,230.45046818843122,one shared preloaded model
conv-43-qa-154,lexical_only,0.8723681818112762,4.787500001839362,221.47789999871748,227.13776818236812,one shared preloaded model
conv-43-qa-155,lexical_only,0.8723681818112762,3.813900002569426,588.0165999988094,592.70286818319,one shared preloaded model
conv-43-qa-156,lexical_only,0.8723681818112762,4.398400000354741,214.21769999869866,219.4884681808647,one shared preloaded model
conv-43-qa-157,lexical_only,0.8723681818112762,3.9872999986982904,215.6020000038552,220.46166818436478,one shared preloaded model
conv-43-qa-158,lexical_only,0.8723681818112762,4.0455999987898394,621.721700001217,626.639668181818,one shared preloaded model
conv-43-qa-159,lexical_only,0.8723681818112762,4.164100006164517,175.69310000544647,180.72956819342227,one shared preloaded model
conv-43-qa-160,lexical_only,0.8723681818112762,7.8101999970385805,220.6951999978628,229.37776817671266,one shared preloaded model
conv-43-qa-161,lexical_only,0.8723681818112762,4.806800003279932,266.37420000042766,272.0533681855189,one shared preloaded model
conv-43-qa-162,lexical_only,0.8723681818112762,4.133100002945866,210.46539999952074,215.4708681842779,one shared preloaded model
conv-43-qa-163,lexical_only,0.8723681818112762,4.05999999929918,120.12880000111181,125.06116818222227,one shared preloaded model
conv-43-qa-164,lexical_only,0.8723681818112762,7.707000004302245,120.40200000046752,128.98136818658105,one shared preloaded model
conv-43-qa-165,lexical_only,0.8723681818112762,7.524799999373499,979.23720000108,987.6343681822648,one shared preloaded model
conv-43-qa-166,lexical_only,0.8723681818112762,4.745800004457124,209.93569999700412,215.55386818327253,one shared preloaded model
conv-43-qa-167,lexical_only,0.8723681818112762,4.331000003730878,179.99360000248998,185.19696818803214,one shared preloaded model
conv-43-qa-168,lexical_only,0.8723681818112762,7.619100004376378,826.0488000014448,834.5402681876324,one shared preloaded model
conv-43-qa-169,lexical_only,0.8723681818112762,4.5368999999482185,311.6918000014266,317.1010681831861,one shared preloaded model
conv-43-qa-170,lexical_only,0.8723681818112762,4.460199997993186,266.1512999984552,271.4838681782597,one shared preloaded model
conv-43-qa-171,lexical_only,0.8723681818112762,4.251000005751848,144.60739999776706,149.7307681853302,one shared preloaded model
conv-43-qa-172,lexical_only,0.8723681818112762,7.518299993535038,143.32860000286018,151.7192681782065,one shared preloaded model
conv-43-qa-173,lexical_only,0.8723681818112762,7.42579999496229,146.47869999316754,154.7768681699411,one shared preloaded model
conv-43-qa-174,lexical_only,0.8723681818112762,7.5380999987828545,211.12580000044545,219.5362681810396,one shared preloaded model
conv-43-qa-175,lexical_only,0.8723681818112762,4.133100002945866,214.9148000025889,219.92026818734604,one shared preloaded model
conv-43-qa-176,lexical_only,0.8723681818112762,4.320200001529884,959.3538999979501,964.5464681812912,one shared preloaded model
conv-43-qa-177,lexical_only,0.8723681818112762,4.530999998678453,157.6922000022023,163.09556818269203,one shared preloaded model
conv-43-qa-178,lexical_only,0.8723681818112762,7.660899995244108,126.4893999978085,135.0226681748639,one shared preloaded model
conv-43-qa-179,lexical_only,0.8723681818112762,7.493999997677747,221.96290000283625,230.32926818232528,one shared preloaded model
conv-43-qa-180,lexical_only,0.8723681818112762,4.1152999983751215,226.84380000282545,231.83146818301185,one shared preloaded model
conv-43-qa-181,lexical_only,0.8723681818112762,4.04109999362845,215.5616000018199,220.47506817725963,one shared preloaded model
conv-43-qa-182,lexical_only,0.8723681818112762,4.476899994187988,165.46069999458268,170.80996817058195,one shared preloaded model
conv-43-qa-183,lexical_only,0.8723681818112762,7.578999997349456,321.8399000033969,330.29126818255764,one shared preloaded model
conv-43-qa-184,lexical_only,0.8723681818112762,4.084200001670979,462.26410000235774,467.22066818584,one shared preloaded model
conv-43-qa-185,lexical_only,0.8723681818112762,4.101799997442868,217.04130000580335,222.0154681850575,one shared preloaded model
conv-43-qa-186,lexical_only,0.8723681818112762,4.586999995808583,181.72430000413442,187.18366818175429,one shared preloaded model
conv-43-qa-187,lexical_only,0.8723681818112762,7.782100001350045,218.41739999945275,227.07186818261408,one shared preloaded model
conv-43-qa-188,lexical_only,0.8723681818112762,4.007600000477396,219.36380000261124,224.24376818489992,one shared preloaded model
conv-43-qa-189,lexical_only,0.8723681818112762,3.8915000041015446,214.27969999786,219.04356818377283,one shared preloaded model
conv-43-qa-190,lexical_only,0.8723681818112762,4.074500000569969,219.40860000177054,224.3554681841518,one shared preloaded model
conv-43-qa-191,lexical_only,0.8723681818112762,4.100799997104332,223.2672000027378,228.24036818165342,one shared preloaded model
conv-43-qa-192,lexical_only,0.8723681818112762,4.368499998236075,529.2590000026394,534.4998681826867,one shared preloaded model
conv-43-qa-193,lexical_only,0.8723681818112762,4.709799999545794,218.8109999988228,224.39316818017988,one shared preloaded model
conv-43-qa-194,lexical_only,0.8723681818112762,4.134399998292793,455.06899999600137,460.07576817610544,one shared preloaded model
conv-43-qa-195,lexical_only,0.8723681818112762,4.011099998024292,212.18519999820273,217.0686681780383,one shared preloaded model
conv-43-qa-196,lexical_only,0.8723681818112762,4.065600005560555,230.59370000555646,235.5316681929283,one shared preloaded model
conv-43-qa-197,lexical_only,0.8723681818112762,4.010999997262843,188.78870000480674,193.67206818388087,one shared preloaded model
conv-43-qa-198,lexical_only,0.8723681818112762,7.7158999993116595,223.83289999561384,232.42116817673678,one shared preloaded model
conv-43-qa-199,lexical_only,0.8723681818112762,4.103200000827201,235.85010000533657,240.82566818797505,one shared preloaded model
conv-43-qa-200,lexical_only,0.8723681818112762,4.208000005746726,216.4822999984608,221.5626681860188,one shared preloaded model
conv-43-qa-201,lexical_only,0.8723681818112762,4.104899999219924,190.8012999992934,195.7785681803246,one shared preloaded model
conv-43-qa-202,lexical_only,0.8723681818112762,7.615800001076423,219.32699999888428,227.81516818177198,one shared preloaded model
conv-43-qa-203,lexical_only,0.8723681818112762,3.992500001913868,221.41159999591764,226.2764681796428,one shared preloaded model
conv-43-qa-204,lexical_only,0.8723681818112762,4.3624999962048605,229.63690000324277,234.87176818125891,one shared preloaded model
conv-43-qa-205,lexical_only,0.8723681818112762,4.070399998454377,222.8767999986303,227.81956817889596,one shared preloaded model
conv-43-qa-206,lexical_only,0.8723681818112762,4.38439999561524,235.53220000030706,240.78896817773358,one shared preloaded model
conv-43-qa-207,lexical_only,0.8723681818112762,4.198299997369759,665.1163999995333,670.1870681787143,one shared preloaded model
conv-43-qa-208,lexical_only,0.8723681818112762,4.456500006199349,216.30569999979343,221.63456818780406,one shared preloaded model
conv-43-qa-209,lexical_only,0.8723681818112762,4.3697000000975095,410.7825999963097,416.0246681782185,one shared preloaded model
conv-43-qa-210,lexical_only,0.8723681818112762,4.244799994921777,321.08529999823077,326.2024681749638,one shared preloaded model
conv-43-qa-211,lexical_only,0.8723681818112762,4.149299995333422,206.26079999783542,211.28246817498012,one shared preloaded model
conv-43-qa-212,lexical_only,0.8723681818112762,4.0463999976054765,117.04280000412837,121.96156818354513,one shared preloaded model
conv-43-qa-213,lexical_only,0.8723681818112762,7.702000002609566,695.4763999965508,704.0507681809715,one shared preloaded model
conv-43-qa-214,lexical_only,0.8723681818112762,4.453100002137944,210.91299999534385,216.23846817929308,one shared preloaded model
conv-43-qa-215,lexical_only,0.8723681818112762,4.277299995010253,813.4731000027386,818.6227681795601,one shared preloaded model
conv-43-qa-216,lexical_only,0.8723681818112762,6.1344999994616956,216.25150000181748,223.25836818309045,one shared preloaded model
conv-43-qa-217,lexical_only,0.8723681818112762,4.2644999994081445,234.4295999937458,239.56646817496522,one shared preloaded model
conv-43-qa-218,lexical_only,0.8723681818112762,5.01109999459004,197.38139999390114,203.26486817030246,one shared preloaded model
conv-43-qa-219,lexical_only,0.8723681818112762,4.889099996944424,221.89780000189785,227.65926818065356,one shared preloaded model
conv-43-qa-220,lexical_only,0.8723681818112762,4.299899999750778,217.82279999752063,222.9950681790827,one shared preloaded model
conv-43-qa-221,lexical_only,0.8723681818112762,4.373999996460043,232.8999000019394,238.1462681802107,one shared preloaded model
conv-43-qa-222,lexical_only,0.8723681818112762,4.907500006083865,227.3808999962057,233.16076818410085,one shared preloaded model
conv-43-qa-223,lexical_only,0.8723681818112762,4.452100001799408,173.86589999659918,179.19036818020987,one shared preloaded model
conv-43-qa-224,lexical_only,0.8723681818112762,7.758799998555332,161.85820000100648,170.4893681813731,one shared preloaded model
conv-43-qa-225,lexical_only,0.8723681818112762,7.953499996801838,128.36430000606924,137.19016818468236,one shared preloaded model
conv-43-qa-226,lexical_only,0.8723681818112762,7.4870000025839545,233.90199999994365,242.2613681843389,one shared preloaded model
conv-43-qa-227,lexical_only,0.8723681818112762,4.902100001345389,125.6913999968674,131.46586818002407,one shared preloaded model
conv-43-qa-228,lexical_only,0.8723681818112762,5.0421999985701405,229.97960000066087,235.8941681810423,one shared preloaded model
conv-43-qa-229,lexical_only,0.8723681818112762,4.387100001622457,216.32490000047255,221.5843681839063,one shared preloaded model
conv-43-qa-230,lexical_only,0.8723681818112762,4.855200000747573,227.6170999975875,233.34466818014636,one shared preloaded model
conv-43-qa-231,lexical_only,0.8723681818112762,4.541800000879448,211.20199999859324,216.61616818128397,one shared preloaded model
conv-43-qa-232,lexical_only,0.8723681818112762,4.076799996255431,216.92289999919012,221.87206817725684,one shared preloaded model
conv-43-qa-233,lexical_only,0.8723681818112762,4.3873999966308475,257.2379999983241,262.4977681767662,one shared preloaded model
conv-43-qa-234,lexical_only,0.8723681818112762,4.125700004806276,120.09499999840045,125.09306818501801,one shared preloaded model
conv-43-qa-235,lexical_only,0.8723681818112762,7.97180000517983,216.95069999987027,225.79486818686138,one shared preloaded model
conv-43-qa-236,lexical_only,0.8723681818112762,4.425300001457799,525.6672000032268,530.9648681864958,one shared preloaded model
conv-43-qa-237,lexical_only,0.8723681818112762,4.367900000943337,315.3275000004214,320.56776818317604,one shared preloaded model
conv-43-qa-238,lexical_only,0.8723681818112762,4.413800001202617,190.8225000006496,196.1086681836635,one shared preloaded model
conv-43-qa-239,lexical_only,0.8723681818112762,7.497000005969312,149.90209999814397,158.27146818592456,one shared preloaded model
conv-43-qa-240,lexical_only,0.8723681818112762,7.585999999719206,226.89390000596177,235.35226818749226,one shared preloaded model
conv-43-qa-241,lexical_only,0.8723681818112762,4.807199999049772,225.72060000675265,231.4001681876137,one shared preloaded model
conv-44-qa-0,lexical_only,1.2173765822762441,5.872599998838268,203.22809999925084,210.31807658036536,one shared preloaded model
conv-44-qa-1,lexical_only,1.2173765822762441,4.127399995923042,490.95609999494627,496.30087657314556,one shared preloaded model
conv-44-qa-2,lexical_only,1.2173765822762441,4.794799999217503,241.57649999688147,247.5886765783752,one shared preloaded model
conv-44-qa-3,lexical_only,1.2173765822762441,4.4932000018889084,201.09900000534253,206.80957658950769,one shared preloaded model
conv-44-qa-4,lexical_only,1.2173765822762441,4.5002999977441505,497.6782999947318,503.3959765747522,one shared preloaded model
conv-44-qa-5,lexical_only,1.2173765822762441,4.451599997992162,488.08959999587387,493.7585765761423,one shared preloaded model
conv-44-qa-6,lexical_only,1.2173765822762441,4.432699999597389,493.35110000538407,499.0011765872577,one shared preloaded model
conv-44-qa-7,lexical_only,1.2173765822762441,4.562199996144045,117.72519999794895,123.50477657636924,one shared preloaded model
conv-44-qa-8,lexical_only,1.2173765822762441,7.569399997009896,97.3154000021168,106.10217658140294,one shared preloaded model
conv-44-qa-9,lexical_only,1.2173765822762441,8.091000003332738,227.65649999928428,236.96487658489326,one shared preloaded model
conv-44-qa-10,lexical_only,1.2173765822762441,4.0789999984554015,497.68670000048587,502.9830765812175,one shared preloaded model
conv-44-qa-11,lexical_only,1.2173765822762441,4.161000004387461,337.7338999998756,343.1122765865393,one shared preloaded model
conv-44-qa-12,lexical_only,1.2173765822762441,4.258500004652888,212.6704999973299,218.14637658425903,one shared preloaded model
conv-44-qa-13,lexical_only,1.2173765822762441,4.126300002099015,217.6499999986845,222.99367658305977,one shared preloaded model
conv-44-qa-14,lexical_only,1.2173765822762441,4.20039999880828,235.68879999947967,241.1065765805642,one shared preloaded model
conv-44-qa-15,lexical_only,1.2173765822762441,4.169100000581238,227.47679999883985,232.86327658169733,one shared preloaded model
conv-44-qa-16,lexical_only,1.2173765822762441,4.102500002773013,234.05040000216104,239.3702765872103,one shared preloaded model
conv-44-qa-17,lexical_only,1.2173765822762441,4.092799994396046,220.89560000313213,226.20577657980442,one shared preloaded model
conv-44-qa-18,lexical_only,1.2173765822762441,3.9582000026712194,218.74160000152187,223.91717658646934,one shared preloaded model
conv-44-qa-19,lexical_only,1.2173765822762441,4.153299996687565,233.12759999680566,238.49827657576947,one shared preloaded model
conv-44-qa-20,lexical_only,1.2173765822762441,4.22180000168737,221.70419999747537,227.143376581439,one shared preloaded model
conv-44-qa-21,lexical_only,1.2173765822762441,4.168200001004152,217.879299998458,223.2648765817384,one shared preloaded model
conv-44-qa-22,lexical_only,1.2173765822762441,4.061699997691903,218.56560000014724,223.8446765801154,one shared preloaded model
conv-44-qa-23,lexical_only,1.2173765822762441,4.0825000032782555,218.85720000136644,224.15707658692094,one shared preloaded model
conv-44-qa-24,lexical_only,1.2173765822762441,4.142100005992688,238.85940000036499,244.21887658863392,one shared preloaded model
conv-44-qa-25,lexical_only,1.2173765822762441,4.051799995067995,516.9545000026119,522.2236765799561,one shared preloaded model
conv-44-qa-26,lexical_only,1.2173765822762441,5.041099997470155,228.4566999951494,234.7151765748958,one shared preloaded model
conv-44-qa-27,lexical_only,1.2173765822762441,4.1013000009115785,458.0927999995765,463.41147658276435,one shared preloaded model
conv-44-qa-28,lexical_only,1.2173765822762441,5.152400000952184,167.32860000047367,173.6983765837021,one shared preloaded model
conv-44-qa-29,lexical_only,1.2173765822762441,5.286999999952968,211.84750000247732,218.35187658470653,one shared preloaded model
conv-44-qa-30,lexical_only,1.2173765822762441,4.455100002815016,309.22239999927115,314.8948765843624,one shared preloaded model
conv-44-qa-31,lexical_only,1.2173765822762441,4.420500001288019,149.88240000093356,155.52027658449782,one shared preloaded model
conv-44-qa-32,lexical_only,1.2173765822762441,7.519299993873574,263.51870000507915,272.255376581229,one shared preloaded model
conv-44-qa-33,lexical_only,1.2173765822762441,5.260999998426996,227.59560000122292,234.07397658192616,one shared preloaded model
conv-44-qa-34,lexical_only,1.2173765822762441,4.205400000500958,214.22960000199964,219.65237658477685,one shared preloaded model
conv-44-qa-35,lexical_only,1.2173765822762441,4.072000003361609,230.51980000309413,235.809176588732,one shared preloaded model
conv-44-qa-36,lexical_only,1.2173765822762441,4.0822000009939075,215.90310000465252,221.20267658792267,one shared preloaded model
conv-44-qa-37,lexical_only,1.2173765822762441,4.19300000066869,224.54819999984466,229.9585765827896,one shared preloaded model
conv-44-qa-38,lexical_only,1.2173765822762441,4.469699997571297,536.1163999987184,541.8034765785659,one shared preloaded model
conv-44-qa-39,lexical_only,1.2173765822762441,3.999299995484762,198.53490000241436,203.75157658017537,one shared preloaded model
conv-44-qa-40,lexical_only,1.2173765822762441,4.571799996483605,150.84110000316286,156.63027658192271,one shared preloaded model
conv-44-qa-41,lexical_only,1.2173765822762441,7.578800003102515,198.7585999959265,207.55477658130525,one shared preloaded model
conv-44-qa-42,lexical_only,1.2173765822762441,4.1223999942303635,233.9642000006279,239.3039765771345,one shared preloaded model
conv-44-qa-43,lexical_only,1.2173765822762441,4.081700004462618,217.9152000026079,223.21427658934675,one shared preloaded model
conv-44-qa-44,lexical_only,1.2173765822762441,4.161099997872952,224.4831999996677,229.8616765798169,one shared preloaded model
conv-44-qa-45,lexical_only,1.2173765822762441,4.288000003725756,217.03469999920344,222.54007658520544,one shared preloaded model
conv-44-qa-46,lexical_only,1.2173765822762441,4.582600005960558,215.7703000048059,221.5702765930427,one shared preloaded model
conv-44-qa-47,lexical_only,1.2173765822762441,3.907399994204752,225.13009999966016,230.25487657614116,one shared preloaded model
conv-44-qa-48,lexical_only,1.2173765822762441,4.102099999727216,210.03459999337792,215.35407657538138,one shared preloaded model
conv-44-qa-49,lexical_only,1.2173765822762441,4.513499996392056,124.19450000015786,129.92537657882616,one shared preloaded model
conv-44-qa-50,lexical_only,1.2173765822762441,7.7698999957647175,376.69000000460073,385.6772765826417,one shared preloaded model
conv-44-qa-51,lexical_only,1.2173765822762441,4.292400000849739,234.9982999949134,240.50807657803938,one shared preloaded model
conv-44-qa-52,lexical_only,1.2173765822762441,4.551400001219008,372.2718999997596,378.0406765832549,one shared preloaded model
conv-44-qa-53,lexical_only,1.2173765822762441,4.583599999023136,219.7096000018064,225.51057658310577,one shared preloaded model
conv-44-qa-54,lexical_only,1.2173765822762441,4.789899998286273,460.49240000138525,466.49967658194777,one shared preloaded model
conv-44-qa-55,lexical_only,1.2173765822762441,4.437600000528619,1428.198200002953,1433.8531765857579,one shared preloaded model
conv-44-qa-56,lexical_only,1.2173765822762441,4.099199999473058,219.4208000000799,224.7373765818292,one shared preloaded model
conv-44-qa-57,lexical_only,1.2173765822762441,4.040500003611669,218.478499999037,223.73637658492493,one shared preloaded model
conv-44-qa-58,lexical_only,1.2173765822762441,4.203999997116625,212.89149999938672,218.3128765787796,one shared preloaded model
conv-44-qa-59,lexical_only,1.2173765822762441,4.789499995240476,220.80000000278233,226.80687658029905,one shared preloaded model
conv-44-qa-60,lexical_only,1.2173765822762441,4.749100000481121,214.39899999677436,220.36547657953173,one shared preloaded model
conv-44-qa-61,lexical_only,1.2173765822762441,3.9967999982764013,156.91149999474874,162.12567657530138,one shared preloaded model
conv-44-qa-62,lexical_only,1.2173765822762441,8.595400002377573,211.70760000677546,221.52037659142928,one shared preloaded model
conv-44-qa-63,lexical_only,1.2173765822762441,4.649099995731376,394.71100000082515,400.5774765788328,one shared preloaded model
conv-44-qa-64,lexical_only,1.2173765822762441,4.593199999362696,217.5825000012992,223.39307658293814,one shared preloaded model
conv-44-qa-65,lexical_only,1.2173765822762441,4.149000000325032,531.506499995885,536.8728765784862,one shared preloaded model
conv-44-qa-66,lexical_only,1.2173765822762441,4.351199997472577,219.69220000028145,225.26077658003027,one shared preloaded model
conv-44-qa-67,lexical_only,1.2173765822762441,4.614699995727278,832.6722999991034,838.5043765771069,one shared preloaded model
conv-44-qa-68,lexical_only,1.2173765822762441,4.627700000128243,216.39480000158073,222.23987658398522,one shared preloaded model
conv-44-qa-69,lexical_only,1.2173765822762441,4.116500000236556,228.41279999556718,233.74667657807998,one shared preloaded model
conv-44-qa-70,lexical_only,1.2173765822762441,4.9938000011025,160.08610000426415,166.2972765876429,one shared preloaded model
conv-44-qa-71,lexical_only,1.2173765822762441,7.527800000389107,182.8516000023228,191.59677658498816,one shared preloaded model
conv-44-qa-72,lexical_only,1.2173765822762441,7.6688000044669025,410.17550000105985,419.061676587803,one shared preloaded model
conv-44-qa-73,lexical_only,1.2173765822762441,4.611800002749078,174.10940000263508,179.9385765876604,one shared preloaded model
conv-44-qa-74,lexical_only,1.2173765822762441,7.603099998959806,161.6993999996339,170.51987658086995,one shared preloaded model
conv-44-qa-75,lexical_only,1.2173765822762441,4.583900001307484,262.0494000002509,267.8506765838346,one shared preloaded model
conv-44-qa-76,lexical_only,1.2173765822762441,4.4030999997630715,204.70229999773437,210.3227765797737,one shared preloaded model
conv-44-qa-77,lexical_only,1.2173765822762441,4.673099996580277,217.93320000142558,223.8236765802821,one shared preloaded model
conv-44-qa-78,lexical_only,1.2173765822762441,4.459499999938998,209.42849999846658,215.10537658068182,one shared preloaded model
conv-44-qa-79,lexical_only,1.2173765822762441,4.517299996223301,233.98029999952996,239.7149765780295,one shared preloaded model
conv-44-qa-80,lexical_only,1.2173765822762441,4.511200000706594,1128.9247000022442,1134.653276585227,one shared preloaded model
conv-44-qa-81,lexical_only,1.2173765822762441,4.865800001425669,219.32360000209883,225.40677658580074,one shared preloaded model
conv-44-qa-82,lexical_only,1.2173765822762441,4.395800002384931,227.88159999618074,233.49477658084191,one shared preloaded model
conv-44-qa-83,lexical_only,1.2173765822762441,4.294899998058099,208.0733999973745,213.58567657770885,one shared preloaded model
conv-44-qa-84,lexical_only,1.2173765822762441,4.026799993880559,218.1341999967117,223.3783765728685,one shared preloaded model
conv-44-qa-85,lexical_only,1.2173765822762441,4.53630000265548,222.18070000235457,227.9343765872863,one shared preloaded model
conv-44-qa-86,lexical_only,1.2173765822762441,3.9926000026753172,683.9628999950946,689.1728765800461,one shared preloaded model
conv-44-qa-87,lexical_only,1.2173765822762441,5.660399998305365,143.74129999487195,150.61907657545356,one shared preloaded model
conv-44-qa-88,lexical_only,1.2173765822762441,4.302000001189299,816.8756000013673,822.3949765848328,one shared preloaded model
conv-44-qa-89,lexical_only,1.2173765822762441,5.2092999976594,198.90010000381153,205.32677658374718,one shared preloaded model
conv-44-qa-90,lexical_only,1.2173765822762441,4.303399997297674,212.40159999433672,217.92237657391064,one shared preloaded model
conv-44-qa-91,lexical_only,1.2173765822762441,4.317799997807015,232.51580000214744,238.0509765822307,one shared preloaded model
conv-44-qa-92,lexical_only,1.2173765822762441,4.128500004298985,235.67340000590775,241.01927659248298,one shared preloaded model
conv-44-qa-93,lexical_only,1.2173765822762441,4.0642000021762215,496.7417000007117,502.0232765851642,one shared preloaded model
conv-44-qa-94,lexical_only,1.2173765822762441,4.611999996996019,312.6479999991716,318.47737657844385,one shared preloaded model
conv-44-qa-95,lexical_only,1.2173765822762441,4.860300003201701,232.8016999963438,238.87937658182176,one shared preloaded model
conv-44-qa-96,lexical_only,1.2173765822762441,4.128499997023027,355.42279999936,360.76867657865927,one shared preloaded model
conv-44-qa-97,lexical_only,1.2173765822762441,4.489099999773316,398.7131000030786,404.41957658512814,one shared preloaded model
conv-44-qa-98,lexical_only,1.2173765822762441,4.703800004790537,616.3747000027797,622.2958765898464,one shared preloaded model
conv-44-qa-99,lexical_only,1.2173765822762441,4.947000001266133,233.18010000366485,239.34447658720723,one shared preloaded model
conv-44-qa-100,lexical_only,1.2173765822762441,4.345399996964261,619.7646999935387,625.3274765727791,one shared preloaded model
conv-44-qa-101,lexical_only,1.2173765822762441,4.3876999989151955,188.7572000050568,194.36227658624824,one shared preloaded model
conv-44-qa-102,lexical_only,1.2173765822762441,7.638199997018091,450.1190000009956,458.9745765802899,one shared preloaded model
conv-44-qa-103,lexical_only,1.2173765822762441,4.210499995679129,217.37440000288188,222.80227658083726,one shared preloaded model
conv-44-qa-104,lexical_only,1.2173765822762441,4.119899997022003,226.83169999800157,232.16897657729982,one shared preloaded model
conv-44-qa-105,lexical_only,1.2173765822762441,4.323199995269533,688.7898999993922,694.3304765769379,one shared preloaded model
conv-44-qa-106,lexical_only,1.2173765822762441,5.079700000351295,218.2052999996813,224.50237658230884,one shared preloaded model
conv-44-qa-107,lexical_only,1.2173765822762441,4.034300000057556,373.39069999870844,378.64237658104224,one shared preloaded model
conv-44-qa-108,lexical_only,1.2173765822762441,4.593100005877204,250.6671000010101,256.47757658916356,one shared preloaded model
conv-44-qa-109,lexical_only,1.2173765822762441,4.138100004638545,106.73970000061672,112.09517658753151,one shared preloaded model
conv-44-qa-110,lexical_only,1.2173765822762441,7.582300000649411,126.83819999801926,135.63787658094492,one shared preloaded model
conv-44-qa-111,lexical_only,1.2173765822762441,7.377100002486259,332.57330000196816,341.16777658673067,one shared preloaded model
conv-44-qa-112,lexical_only,1.2173765822762441,4.6285999997053295,222.4657000042498,228.31167658623139,one shared preloaded model
conv-44-qa-113,lexical_only,1.2173765822762441,4.4053999954485334,200.78050000302028,206.40327658074506,one shared preloaded model
conv-44-qa-114,lexical_only,1.2173765822762441,4.441500001121312,160.4116999951657,166.07057657856325,one shared preloaded model
conv-44-qa-115,lexical_only,1.2173765822762441,8.223100005125161,213.90919999976177,223.34967658716317,one shared preloaded model
conv-44-qa-116,lexical_only,1.2173765822762441,4.532400002062786,236.03749999892898,241.787276583268,one shared preloaded model
conv-44-qa-117,lexical_only,1.2173765822762441,4.484500001126435,228.44369999802439,234.14557658142706,one shared preloaded model
conv-44-qa-118,lexical_only,1.2173765822762441,4.441500001121312,108.29859999648761,113.95747657988517,one shared preloaded model
conv-44-qa-119,lexical_only,1.2173765822762441,8.063300003414042,396.3884999975562,405.6691765832465,one shared preloaded model
conv-44-qa-120,lexical_only,1.2173765822762441,4.701699996076059,217.59069999825442,223.50977657660673,one shared preloaded model
conv-44-qa-121,lexical_only,1.2173765822762441,4.239800000505056,280.95179999945685,286.40897658223815,one shared preloaded model
conv-44-qa-122,lexical_only,1.2173765822762441,4.612499993527308,241.05960000451887,246.88947658032242,one shared preloaded model
conv-44-qa-123,lexical_only,1.2173765822762441,4.303499998059124,198.89960000000428,204.42047658033965,one shared preloaded model
conv-44-qa-124,lexical_only,1.2173765822762441,5.029100000683684,215.15459999500308,221.401076577963,one shared preloaded model
conv-44-qa-125,lexical_only,1.2173765822762441,4.311000004236121,226.70830000424758,232.23667659075994,one shared preloaded model
conv-44-qa-126,lexical_only,1.2173765822762441,4.028800001833588,219.4926000011037,224.73877658521354,one shared preloaded model
conv-44-qa-127,lexical_only,1.2173765822762441,4.059700004290789,222.67489999649115,227.95197658305818,one shared preloaded model
conv-44-qa-128,lexical_only,1.2173765822762441,4.463500001293141,221.8256000051042,227.5064765886736,one shared preloaded model
conv-44-qa-129,lexical_only,1.2173765822762441,4.22919999982696,227.41460000543157,232.86117658753477,one shared preloaded model
conv-44-qa-130,lexical_only,1.2173765822762441,4.14479999744799,229.0246999982628,234.38687657798704,one shared preloaded model
conv-44-qa-131,lexical_only,1.2173765822762441,4.029800002172124,248.9729000008083,254.22007658525666,one shared preloaded model
conv-44-qa-132,lexical_only,1.2173765822762441,4.316400001698639,231.48249999940163,237.0162765833765,one shared preloaded model
conv-44-qa-133,lexical_only,1.2173765822762441,4.626800000551157,237.08970000006957,242.93387658289697,one shared preloaded model
conv-44-qa-134,lexical_only,1.2173765822762441,4.346100002294406,213.08989999670302,218.65337658127368,one shared preloaded model
conv-44-qa-135,lexical_only,1.2173765822762441,4.129500004637521,216.13789999537403,221.4847765822878,one shared preloaded model
conv-44-qa-136,lexical_only,1.2173765822762441,4.013099998701364,228.75460000068415,233.98507658166176,one shared preloaded model
conv-44-qa-137,lexical_only,1.2173765822762441,4.385299995192327,203.28409999638097,208.88677657384955,one shared preloaded model
conv-44-qa-138,lexical_only,1.2173765822762441,4.0140999990399,314.84890000137966,320.0803765826958,one shared preloaded model
conv-44-qa-139,lexical_only,1.2173765822762441,4.421199999342207,234.73010000452632,240.36867658614477,one shared preloaded model
conv-44-qa-140,lexical_only,1.2173765822762441,4.508999998506624,237.33969999739202,243.0660765781749,one shared preloaded model
conv-44-qa-141,lexical_only,1.2173765822762441,4.236200002196711,302.08719999791356,307.5407765823865,one shared preloaded model
conv-44-qa-142,lexical_only,1.2173765822762441,4.2179000010946766,218.619100000069,224.05437658343993,one shared preloaded model
conv-44-qa-143,lexical_only,1.2173765822762441,4.005000002507586,169.6317000023555,174.85407658713933,one shared preloaded model
conv-44-qa-144,lexical_only,1.2173765822762441,7.629899999301415,227.9075999977067,236.75487657928437,one shared preloaded model
conv-44-qa-145,lexical_only,1.2173765822762441,4.0899000014178455,216.09620000526775,221.40347658896184,one shared preloaded model
conv-44-qa-146,lexical_only,1.2173765822762441,4.401599995617289,219.7015999990981,225.32057657699164,one shared preloaded model
conv-44-qa-147,lexical_only,1.2173765822762441,4.1339000017615035,207.86429999861866,213.2155765826564,one shared preloaded model
conv-44-qa-148,lexical_only,1.2173765822762441,3.992999998445157,454.6141000028001,459.8244765835215,one shared preloaded model
conv-44-qa-149,lexical_only,1.2173765822762441,4.398400000354741,432.08420000155456,437.69997658418555,one shared preloaded model
conv-44-qa-150,lexical_only,1.2173765822762441,4.327300004661083,223.1711999993422,228.71587658627953,one shared preloaded model
conv-44-qa-151,lexical_only,1.2173765822762441,4.055500001413748,233.8792000009562,239.15207658464618,one shared preloaded model
conv-44-qa-152,lexical_only,1.2173765822762441,4.108400004042778,225.5319000032614,230.85767658958042,one shared preloaded model
conv-44-qa-153,lexical_only,1.2173765822762441,4.251300000760239,242.83650000143098,248.30517658446746,one shared preloaded model
conv-44-qa-154,lexical_only,1.2173765822762441,4.190999999991618,229.48759999417234,234.8959765764402,one shared preloaded model
conv-44-qa-155,lexical_only,1.2173765822762441,4.4785999998566695,217.3079999993206,223.00397658145351,one shared preloaded model
conv-44-qa-156,lexical_only,1.2173765822762441,4.421800003910903,226.04990000399994,231.68907659018709,one shared preloaded model
conv-44-qa-157,lexical_only,1.2173765822762441,4.51700000121491,227.66740000224672,233.40177658573788,one shared preloaded model
conv-47-qa-0,lexical_only,1.1243589473643194,7.505900000978727,216.0206999978982,224.65095894624125,one shared preloaded model
conv-47-qa-1,lexical_only,1.1243589473643194,4.207500001939479,229.94570000446402,235.27755895376782,one shared preloaded model
conv-47-qa-2,lexical_only,1.1243589473643194,4.092200004379265,238.17330000019865,243.38985895194224,one shared preloaded model
conv-47-qa-3,lexical_only,1.1243589473643194,4.19289999990724,121.84690000140108,127.16415894867264,one shared preloaded model
conv-47-qa-4,lexical_only,1.1243589473643194,7.5130000041099265,498.84649999876274,507.483858950237,one shared preloaded model
conv-47-qa-5,lexical_only,1.1243589473643194,4.752500004542526,231.7442000057781,237.62105895768497,one shared preloaded model
conv-47-qa-6,lexical_only,1.1243589473643194,3.9959999994607642,229.31550000066636,234.43585894749145,one shared preloaded model
conv-47-qa-7,lexical_only,1.1243589473643194,4.6025999981793575,221.43209999921964,227.15905894476333,one shared preloaded model
conv-47-qa-8,lexical_only,1.1243589473643194,4.134700000577141,120.28250000003027,125.54155894797172,one shared preloaded model
conv-47-qa-9,lexical_only,1.1243589473643194,7.577099997433834,230.30569999536965,239.0071589401678,one shared preloaded model
conv-47-qa-10,lexical_only,1.1243589473643194,4.163600002357271,504.22640000033425,509.51435895005585,one shared preloaded model
conv-47-qa-11,lexical_only,1.1243589473643194,4.529099998762831,214.27939999557566,219.93285894170282,one shared preloaded model
conv-47-qa-12,lexical_only,1.1243589473643194,5.095000000437722,223.64570000354433,229.86505895134638,one shared preloaded model
conv-47-qa-13,lexical_only,1.1243589473643194,3.9142000023275614,496.4905999950133,501.5291589447052,one shared preloaded model
conv-47-qa-14,lexical_only,1.1243589473643194,4.1695999971125275,339.2578999992111,344.55185894368793,one shared preloaded model
conv-47-qa-15,lexical_only,1.1243589473643194,4.216000001179054,207.6355000026524,212.9758589511958,one shared preloaded model
conv-47-qa-16,lexical_only,1.1243589473643194,4.456099995877594,1633.0312999998569,1638.6117589430987,one shared preloaded model
conv-47-qa-17,lexical_only,1.1243589473643194,5.022800003644079,1616.3748000035412,1622.5219589545495,one shared preloaded model
conv-47-qa-18,lexical_only,1.1243589473643194,4.96230000135256,318.653299997095,324.7399589458119,one shared preloaded model
conv-47-qa-19,lexical_only,1.1243589473643194,4.206300000078045,235.20700000517536,240.53765895261773,one shared preloaded model
conv-47-qa-20,lexical_only,1.1243589473643194,4.209200000332203,109.30839999491582,114.64195894261233,one shared preloaded model
conv-47-qa-21,lexical_only,1.1243589473643194,7.579299999633804,122.8599000023678,131.56355894936593,one shared preloaded model
conv-47-qa-22,lexical_only,1.1243589473643194,8.070199997746386,234.37740000372287,243.57195894883358,one shared preloaded model
conv-47-qa-23,lexical_only,1.1243589473643194,4.228300000249874,477.6622999997926,483.0149589474068,one shared preloaded model
conv-47-qa-24,lexical_only,1.1243589473643194,4.558500004350208,240.98289999528788,246.66575894700242,one shared preloaded model
conv-47-qa-25,lexical_only,1.1243589473643194,4.440900003828574,193.57440000021597,199.13965895140888,one shared preloaded model
conv-47-qa-26,lexical_only,1.1243589473643194,7.135500003641937,290.7240000058664,298.98385895687267,one shared preloaded model
conv-47-qa-27,lexical_only,1.1243589473643194,4.130799999984447,204.68280000204686,209.93795894939564,one shared preloaded model
conv-47-qa-28,lexical_only,1.1243589473643194,4.079699996509589,493.167499997071,498.3715589409449,one shared preloaded model
conv-47-qa-29,lexical_only,1.1243589473643194,4.230999998981133,215.8041000002413,221.15945894658677,one shared preloaded model
conv-47-qa-30,lexical_only,1.1243589473643194,4.068499998538755,119.97729999711737,125.17015894302044,one shared preloaded model
conv-47-qa-31,lexical_only,1.1243589473643194,7.579400000395253,220.54270000080578,229.24645894856536,one shared preloaded model
conv-47-qa-32,lexical_only,1.1243589473643194,3.9550000001327135,211.32710000529187,216.4064589527889,one shared preloaded model
conv-47-qa-33,lexical_only,1.1243589473643194,4.065900000568945,213.7328999961028,218.92315894403606,one shared preloaded model
conv-47-qa-34,lexical_only,1.1243589473643194,4.084200001670979,129.72499999887077,134.93355894790608,one shared preloaded model
conv-47-qa-35,lexical_only,1.1243589473643194,7.463100002496503,148.2599000009941,156.84735895085493,one shared preloaded model
conv-47-qa-36,lexical_only,1.1243589473643194,7.401499999104999,236.69859999790788,245.2244589443772,one shared preloaded model
conv-47-qa-37,lexical_only,1.1243589473643194,4.757100003189407,510.286199998518,516.1676589490717,one shared preloaded model
conv-47-qa-38,lexical_only,1.1243589473643194,4.187999998976011,218.34049999597482,223.65285894231516,one shared preloaded model
conv-47-qa-39,lexical_only,1.1243589473643194,4.60449999809498,212.2469000023557,217.975758947815,one shared preloaded model
conv-47-qa-40,lexical_only,1.1243589473643194,4.103400002350099,473.50169999845093,478.72945894816536,one shared preloaded model
conv-47-qa-41,lexical_only,1.1243589473643194,4.138800002692733,496.2348000044585,501.4979589545156,one shared preloaded model
conv-47-qa-42,lexical_only,1.1243589473643194,4.141700002946891,498.55679999745917,503.8228589477704,one shared preloaded model
conv-47-qa-43,lexical_only,1.1243589473643194,4.941599996527657,211.52769999753218,217.59365894142417,one shared preloaded model
conv-47-qa-44,lexical_only,1.1243589473643194,4.140799996093847,207.97789999778615,213.24305894124433,one shared preloaded model
conv-47-qa-45,lexical_only,1.1243589473643194,4.44920000154525,109.59810000349535,115.17165895240491,one shared preloaded model
conv-47-qa-46,lexical_only,1.1243589473643194,7.765000002109446,219.51519999856828,228.40455894804205,one shared preloaded model
conv-47-qa-47,lexical_only,1.1243589473643194,4.004299997177441,333.6674999954994,338.79615894004115,one shared preloaded model
conv-47-qa-48,lexical_only,1.1243589473643194,4.382099999929778,463.1522000054247,468.6586589527188,one shared preloaded model
conv-47-qa-49,lexical_only,1.1243589473643194,4.206099998555146,142.03669999551494,147.3671589414344,one shared preloaded model
conv-47-qa-50,lexical_only,1.1243589473643194,7.693500003369991,504.64159999683034,513.4594589475646,one shared preloaded model
conv-47-qa-51,lexical_only,1.1243589473643194,4.914299999654759,221.59860000101617,227.63725894803525,one shared preloaded model
conv-47-qa-52,lexical_only,1.1243589473643194,4.4350999960443005,230.89379999873927,236.4532589421479,one shared preloaded model
conv-47-qa-53,lexical_only,1.1243589473643194,4.4829000034951605,230.88380000262987,236.49105895348936,one shared preloaded model
conv-47-qa-54,lexical_only,1.1243589473643194,3.9843999984441325,221.12639999977546,226.23515894558392,one shared preloaded model
conv-47-qa-55,lexical_only,1.1243589473643194,4.1334000052302144,327.8227000046172,333.08045895721176,one shared preloaded model
conv-47-qa-56,lexical_only,1.1243589473643194,4.827100005059037,167.03590000543045,172.98735895785381,one shared preloaded model
conv-47-qa-57,lexical_only,1.1243589473643194,7.5303999983589165,209.54229999915697,218.1970589448802,one shared preloaded model
conv-47-qa-58,lexical_only,1.1243589473643194,4.498200003581587,462.0109999959823,467.6335589469282,one shared preloaded model
conv-47-qa-59,lexical_only,1.1243589473643194,4.334899997047614,297.27590000402415,302.7351589484361,one shared preloaded model
conv-47-qa-60,lexical_only,1.1243589473643194,4.210099999909289,203.18489999772282,208.51935894499644,one shared preloaded model
conv-47-qa-61,lexical_only,1.1243589473643194,4.156800001510419,237.56040000444045,242.8415589533152,one shared preloaded model
conv-47-qa-62,lexical_only,1.1243589473643194,4.598200001055375,229.86929999751737,235.59185894593708,one shared preloaded model
conv-47-qa-63,lexical_only,1.1243589473643194,4.155199996603187,222.7733999970951,228.05295894106263,one shared preloaded model
conv-47-qa-64,lexical_only,1.1243589473643194,4.169699997873977,180.84239999734564,186.13645894258394,one shared preloaded model
conv-47-qa-65,lexical_only,1.1243589473643194,7.583300000987947,457.84200000343844,466.5496589517907,one shared preloaded model
conv-47-qa-66,lexical_only,1.1243589473643194,4.801299997780006,232.26740000245627,238.1930589476006,one shared preloaded model
conv-47-qa-67,lexical_only,1.1243589473643194,4.250599995430093,105.99180000281194,111.36675894560635,one shared preloaded model
conv-47-qa-68,lexical_only,1.1243589473643194,7.530599999881815,204.78130000265082,213.43625894989697,one shared preloaded model
conv-47-qa-69,lexical_only,1.1243589473643194,4.174000001512468,339.43639999779407,344.73475894667087,one shared preloaded model
conv-47-qa-70,lexical_only,1.1243589473643194,4.27029999991646,195.80380000115838,201.19845894843917,one shared preloaded model
conv-47-qa-71,lexical_only,1.1243589473643194,5.842300000949763,229.08180000376888,236.04845895208297,one shared preloaded model
conv-47-qa-72,lexical_only,1.1243589473643194,4.764100005559158,117.54849999852013,123.4369589514436,one shared preloaded model
conv-47-qa-73,lexical_only,1.1243589473643194,7.965900003910065,519.2941999994218,528.3844589506962,one shared preloaded model
conv-47-qa-74,lexical_only,1.1243589473643194,4.399000004923437,208.08479999686824,213.608158949156,one shared preloaded model
conv-47-qa-75,lexical_only,1.1243589473643194,4.443500001798384,202.2988999960944,207.86675894525712,one shared preloaded model
conv-47-qa-76,lexical_only,1.1243589473643194,4.155800001171883,394.36359999672277,399.643758945259,one shared preloaded model
conv-47-qa-77,lexical_only,1.1243589473643194,4.852500002016313,959.1781000053743,965.1549589547549,one shared preloaded model
conv-47-qa-78,lexical_only,1.1243589473643194,4.830700003367383,216.89250000054017,222.84755895127188,one shared preloaded model
conv-47-qa-79,lexical_only,1.1243589473643194,4.153499998210464,156.376500002807,161.6543589483818,one shared preloaded model
conv-47-qa-80,lexical_only,1.1243589473643194,8.227199999964796,823.5418999975082,832.8934589448372,one shared preloaded model
conv-47-qa-81,lexical_only,1.1243589473643194,4.384699997899588,1276.8209999994724,1282.3300589447363,one shared preloaded model
conv-47-qa-82,lexical_only,1.1243589473643194,4.6788999970885925,211.1762999993516,216.97955894380453,one shared preloaded model
conv-47-qa-83,lexical_only,1.1243589473643194,4.372800001874566,1001.7286000002059,1007.2257589494448,one shared preloaded model
conv-47-qa-84,lexical_only,1.1243589473643194,4.394299998239148,290.65819999959785,296.17685894520133,one shared preloaded model
conv-47-qa-85,lexical_only,1.1243589473643194,4.11780000285944,143.8239999988582,149.06615894908197,one shared preloaded model
conv-47-qa-86,lexical_only,1.1243589473643194,7.4290000047767535,152.37929999420885,160.93265894634993,one shared preloaded model
conv-47-qa-87,lexical_only,1.1243589473643194,7.563500003016088,210.0808000031975,218.76865895357793,one shared preloaded model
conv-47-qa-88,lexical_only,1.1243589473643194,4.01879999844823,599.8097000046982,604.9528589505107,one shared preloaded model
conv-47-qa-89,lexical_only,1.1243589473643194,5.058599999756552,331.52500000142027,337.70795894854115,one shared preloaded model
conv-47-qa-90,lexical_only,1.1243589473643194,4.562500005704351,303.86670000007143,309.5535589531401,one shared preloaded model
conv-47-qa-91,lexical_only,1.1243589473643194,4.146800005401019,280.40599999803817,285.6771589508035,one shared preloaded model
conv-47-qa-92,lexical_only,1.1243589473643194,4.613200006133411,206.0574999995879,211.79505895308563,one shared preloaded model
conv-47-qa-93,lexical_only,1.1243589473643194,4.123600003367756,120.07340000127442,125.32135895200649,one shared preloaded model
conv-47-qa-94,lexical_only,1.1243589473643194,5.123899994941894,221.3633999999729,227.61165894227912,one shared preloaded model
conv-47-qa-95,lexical_only,1.1243589473643194,4.144099999393802,112.08919999626232,117.35765894302044,one shared preloaded model
conv-47-qa-96,lexical_only,1.1243589473643194,7.542399995145388,143.72540000476874,152.39215894727846,one shared preloaded model
conv-47-qa-97,lexical_only,1.1243589473643194,7.566400003270246,232.77009999583242,241.460858946467,one shared preloaded model
conv-47-qa-98,lexical_only,1.1243589473643194,4.217200003040489,260.2776000057929,265.61915895619774,one shared preloaded model
conv-47-qa-99,lexical_only,1.1243589473643194,4.641499996068887,215.55020000232616,221.31605894575938,one shared preloaded model
conv-47-qa-100,lexical_only,1.1243589473643194,4.397600001539104,226.68439999688417,232.2063589457876,one shared preloaded model
conv-47-qa-101,lexical_only,1.1243589473643194,4.245700001774821,210.84269999846583,216.21275894760498,one shared preloaded model
conv-47-qa-102,lexical_only,1.1243589473643194,4.140600001846906,212.96779999829596,218.2327589475072,one shared preloaded model
conv-47-qa-103,lexical_only,1.1243589473643194,4.355900004156865,190.96800000261283,196.44825895413402,one shared preloaded model
conv-47-qa-104,lexical_only,1.1243589473643194,4.651800001738593,151.80559999862453,157.58175894772745,one shared preloaded model
conv-47-qa-105,lexical_only,1.1243589473643194,7.514199998695403,311.5386999998009,320.1772589458606,one shared preloaded model
conv-47-qa-106,lexical_only,1.1243589473643194,4.51259999681497,664.1324000011082,669.7693589452874,one shared preloaded model
conv-47-qa-107,lexical_only,1.1243589473643194,4.031999997096136,215.01050000370014,220.1668589481606,one shared preloaded model
conv-47-qa-108,lexical_only,1.1243589473643194,4.147200001170859,222.61620000062976,227.88775894916495,one shared preloaded model
conv-47-qa-109,lexical_only,1.1243589473643194,4.241800001182128,108.23510000045644,113.60125894900288,one shared preloaded model
conv-47-qa-110,lexical_only,1.1243589473643194,7.42020000325283,125.3565000006347,133.90105895125185,one shared preloaded model
conv-47-qa-111,lexical_only,1.1243589473643194,8.282599999802187,866.7292000027373,876.1361589499038,one shared preloaded model
conv-47-qa-112,lexical_only,1.1243589473643194,4.561100002320018,114.26100000244332,119.94645895212766,one shared preloaded model
conv-47-qa-113,lexical_only,1.1243589473643194,7.435599996824749,221.13740000349935,229.69735894768843,one shared preloaded model
conv-47-qa-114,lexical_only,1.1243589473643194,4.239599998982158,122.32400000357302,127.68795894991949,one shared preloaded model
conv-47-qa-115,lexical_only,1.1243589473643194,7.475200000044424,200.70240000495687,209.30195895236562,one shared preloaded model
conv-47-qa-116,lexical_only,1.1243589473643194,4.183700002613477,113.31439999776194,118.62245894773973,one shared preloaded model
conv-47-qa-117,lexical_only,1.1243589473643194,7.634100002178457,96.14639999927022,104.90485894881299,one shared preloaded model
conv-47-qa-118,lexical_only,1.1243589473643194,7.554099996923469,123.42519999947399,132.1036589437618,one shared preloaded model
conv-47-qa-119,lexical_only,1.1243589473643194,4.598799998348113,219.75199999724282,225.47515894295526,one shared preloaded model
conv-47-qa-120,lexical_only,1.1243589473643194,4.144899998209439,234.41379999712808,239.68305894270185,one shared preloaded model
conv-47-qa-121,lexical_only,1.1243589473643194,4.561200003081467,242.49520000012126,248.18075895056705,one shared preloaded model
conv-47-qa-122,lexical_only,1.1243589473643194,4.162900004303083,170.42039999796543,175.70765894963284,one shared preloaded model
conv-47-qa-123,lexical_only,1.1243589473643194,8.04480000078911,216.90099999977974,226.07015894793318,one shared preloaded model
conv-47-qa-124,lexical_only,1.1243589473643194,4.070900002261624,485.9433000019635,491.13855895158946,one shared preloaded model
conv-47-qa-125,lexical_only,1.1243589473643194,4.81479999871226,242.502200002491,248.4413589485676,one shared preloaded model
conv-47-qa-126,lexical_only,1.1243589473643194,4.781399999046698,424.8003999964567,430.7061589428677,one shared preloaded model
conv-47-qa-127,lexical_only,1.1243589473643194,4.407699998409953,224.20640000200365,229.73845894777793,one shared preloaded model
conv-47-qa-128,lexical_only,1.1243589473643194,4.618300001311582,497.6740999991307,503.4167589478066,one shared preloaded model
conv-47-qa-129,lexical_only,1.1243589473643194,4.401500002131797,214.5615999979782,220.08745894747432,one shared preloaded model
conv-47-qa-130,lexical_only,1.1243589473643194,4.10330000158865,158.12849999929313,163.3561589482461,one shared preloaded model
conv-47-qa-131,lexical_only,1.1243589473643194,7.988700002897531,208.710400002019,217.82345895228087,one shared preloaded model
conv-47-qa-132,lexical_only,1.1243589473643194,4.173799999989569,351.01189999841154,356.31005894576543,one shared preloaded model
conv-47-qa-133,lexical_only,1.1243589473643194,4.71520000428427,146.97060000617057,152.81015895781917,one shared preloaded model
conv-47-qa-134,lexical_only,1.1243589473643194,7.515999997849576,195.57889999850886,204.21925894372276,one shared preloaded model
conv-47-qa-135,lexical_only,1.1243589473643194,6.175499998789746,182.86470000020927,190.16455894636334,one shared preloaded model
conv-47-qa-136,lexical_only,1.1243589473643194,8.104000000457745,138.36930000252323,147.5976589503453,one shared preloaded model
conv-47-qa-137,lexical_only,1.1243589473643194,8.493699999235105,221.13030000036815,230.74835894696758,one shared preloaded model
conv-47-qa-138,lexical_only,1.1243589473643194,4.030900003272109,1388.0198999977438,1393.1751589483802,one shared preloaded model
conv-47-qa-139,lexical_only,1.1243589473643194,4.544100003840867,631.0611000008066,636.7295589520118,one shared preloaded model
conv-47-qa-140,lexical_only,1.1243589473643194,4.463799996301532,853.2548000002862,858.842958943952,one shared preloaded model
conv-47-qa-141,lexical_only,1.1243589473643194,4.676199998357333,151.14549999998417,156.94605894570583,one shared preloaded model
conv-47-qa-142,lexical_only,1.1243589473643194,8.283700000902172,281.5188999957172,290.9269589439837,one shared preloaded model
conv-47-qa-143,lexical_only,1.1243589473643194,4.088299996510614,214.66930000315187,219.88195894702682,one shared preloaded model
conv-47-qa-144,lexical_only,1.1243589473643194,4.666099994210526,229.06470000452828,234.85515894610313,one shared preloaded model
conv-47-qa-145,lexical_only,1.1243589473643194,4.023399997095112,202.17889999912586,207.3266589435853,one shared preloaded model
conv-47-qa-146,lexical_only,1.1243589473643194,4.049399998621084,243.17910000536358,248.352858951349,one shared preloaded model
conv-47-qa-147,lexical_only,1.1243589473643194,4.255400002875831,221.80329999537207,227.18305894561223,one shared preloaded model
conv-47-qa-148,lexical_only,1.1243589473643194,4.507199999352451,229.63780000281986,235.26935894953664,one shared preloaded model
conv-47-qa-149,lexical_only,1.1243589473643194,4.187099999398924,239.89450000226498,245.20595894902823,one shared preloaded model
conv-47-qa-150,lexical_only,1.1243589473643194,4.015099999378435,207.45650000026217,212.59595894700493,one shared preloaded model
conv-47-qa-151,lexical_only,1.1243589473643194,4.130599998461548,224.42739999678452,229.6823589426104,one shared preloaded model
conv-47-qa-152,lexical_only,1.1243589473643194,4.0041000029305,215.98639999865554,221.11485894895037,one shared preloaded model
conv-47-qa-153,lexical_only,1.1243589473643194,4.244199997629039,208.34949999698438,213.71805894197774,one shared preloaded model
conv-47-qa-154,lexical_only,1.1243589473643194,4.235000000335276,204.92010000452865,210.27945895222825,one shared preloaded model
conv-47-qa-155,lexical_only,1.1243589473643194,4.590999997162726,439.5766999950865,445.2920589396136,one shared preloaded model
conv-47-qa-156,lexical_only,1.1243589473643194,4.528099998424295,225.3022000004421,230.95465894623072,one shared preloaded model
conv-47-qa-157,lexical_only,1.1243589473643194,4.687300002842676,194.73149999976158,200.54315894996859,one shared preloaded model
conv-47-qa-158,lexical_only,1.1243589473643194,5.5884000030346215,213.99450000171782,220.70725895211677,one shared preloaded model
conv-47-qa-159,lexical_only,1.1243589473643194,3.9019999967422336,209.2694000020856,214.29575894619217,one shared preloaded model
conv-47-qa-160,lexical_only,1.1243589473643194,4.478000002563931,291.0749000002397,296.677258950168,one shared preloaded model
conv-47-qa-161,lexical_only,1.1243589473643194,5.1184999974793755,208.1919000047492,214.4347589495929,one shared preloaded model
conv-47-qa-162,lexical_only,1.1243589473643194,4.326500005845446,227.62959999818122,233.080458951391,one shared preloaded model
conv-47-qa-163,lexical_only,1.1243589473643194,4.748200000904035,224.48889999941457,230.36145894768293,one shared preloaded model
conv-47-qa-164,lexical_only,1.1243589473643194,4.268999997293577,220.24669999518665,225.64005893984455,one shared preloaded model
conv-47-qa-165,lexical_only,1.1243589473643194,4.523000003246125,209.30489999591373,214.95225894652418,one shared preloaded model
conv-47-qa-166,lexical_only,1.1243589473643194,3.933500003768131,225.37220000231173,230.4300589534442,one shared preloaded model
conv-47-qa-167,lexical_only,1.1243589473643194,4.419000004418194,208.77850000397302,214.32185895575554,one shared preloaded model
conv-47-qa-168,lexical_only,1.1243589473643194,4.070399998454377,236.82849999750033,242.02325894331904,one shared preloaded model
conv-47-qa-169,lexical_only,1.1243589473643194,4.170000000158325,205.59250000223983,210.88685894976248,one shared preloaded model
conv-47-qa-170,lexical_only,1.1243589473643194,4.021400003693998,214.02550000493648,219.1712589559948,one shared preloaded model
conv-47-qa-171,lexical_only,1.1243589473643194,4.447400002391078,221.7506999950274,227.3224589447828,one shared preloaded model
conv-47-qa-172,lexical_only,1.1243589473643194,4.731100001663435,208.98619999934454,214.8416589483723,one shared preloaded model
conv-47-qa-173,lexical_only,1.1243589473643194,4.138299998885486,232.98660000000382,238.24925894625363,one shared preloaded model
conv-47-qa-174,lexical_only,1.1243589473643194,4.132699999900069,231.50429999805056,236.76135894531495,one shared preloaded model
conv-47-qa-175,lexical_only,1.1243589473643194,4.5006000000284985,213.64759999414673,219.27255894153956,one shared preloaded model
conv-47-qa-176,lexical_only,1.1243589473643194,3.959500005294103,214.36199999880046,219.4458589514589,one shared preloaded model
conv-47-qa-177,lexical_only,1.1243589473643194,4.354500000772532,225.37839999858988,230.85725894672674,one shared preloaded model
conv-47-qa-178,lexical_only,1.1243589473643194,3.9770000003045425,210.2115000016056,215.31285894927447,one shared preloaded model
conv-47-qa-179,lexical_only,1.1243589473643194,4.348299997218419,674.6760999958497,680.1487589404323,one shared preloaded model
conv-47-qa-180,lexical_only,1.1243589473643194,4.941400002280716,757.78430000355,763.850058953195,one shared preloaded model
conv-47-qa-181,lexical_only,1.1243589473643194,4.280400004063267,195.64749999699416,201.05225894842175,one shared preloaded model
conv-47-qa-182,lexical_only,1.1243589473643194,6.336700003885198,230.14790000161156,237.6089589528611,one shared preloaded model
conv-47-qa-183,lexical_only,1.1243589473643194,4.517199995461851,233.72160000144504,239.36315894427122,one shared preloaded model
conv-47-qa-184,lexical_only,1.1243589473643194,4.044699999212753,231.09860000113258,236.26765894770966,one shared preloaded model
conv-47-qa-185,lexical_only,1.1243589473643194,4.923100001178682,217.9108999989694,223.9583589475124,one shared preloaded model
conv-47-qa-186,lexical_only,1.1243589473643194,3.914900000381749,628.5535999995773,633.5928589473233,one shared preloaded model
conv-47-qa-187,lexical_only,1.1243589473643194,4.327499998908024,205.8783999964362,211.33025894270855,one shared preloaded model
conv-47-qa-188,lexical_only,1.1243589473643194,4.36180000542663,707.4961999969673,712.9823589497582,one shared preloaded model
conv-47-qa-189,lexical_only,1.1243589473643194,4.309699994337279,386.03950000106124,391.47355894276285,one shared preloaded model
conv-48-qa-0,lexical_only,0.869018410043411,7.9370999956154265,227.30659999797354,236.11271840363239,one shared preloaded model
conv-48-qa-1,lexical_only,0.869018410043411,4.037699996843003,603.3247000013944,608.2314184082808,one shared preloaded model
conv-48-qa-2,lexical_only,0.869018410043411,4.307999995944556,503.6723000011989,508.84931840718684,one shared preloaded model
conv-48-qa-3,lexical_only,0.869018410043411,4.278599997633137,200.9221999978763,206.06981840555287,one shared preloaded model
conv-48-qa-4,lexical_only,0.869018410043411,3.9758999992045574,207.49989999603713,212.3448184052851,one shared preloaded model
conv-48-qa-5,lexical_only,0.869018410043411,4.1156000006594695,113.63660000642994,118.62121841713282,one shared preloaded model
conv-48-qa-6,lexical_only,0.869018410043411,7.4717999959830195,208.5672000030172,216.90801840904365,one shared preloaded model
conv-48-qa-7,lexical_only,0.869018410043411,4.007900002761744,207.94679999380605,212.82371840661122,one shared preloaded model
conv-48-qa-8,lexical_only,0.869018410043411,4.245000003720634,489.9537000019336,495.06771841569764,one shared preloaded model
conv-48-qa-9,lexical_only,0.869018410043411,4.682399994635489,519.7504000025219,525.3018184072008,one shared preloaded model
conv-48-qa-10,lexical_only,0.869018410043411,4.414600000018254,207.40039999509463,212.6840184051563,one shared preloaded model
conv-48-qa-11,lexical_only,0.869018410043411,4.040800005896017,91.45110000099521,96.36091841693464,one shared preloaded model
conv-48-qa-12,lexical_only,0.869018410043411,7.774400000926107,224.43380000186153,233.07721841283106,one shared preloaded model
conv-48-qa-13,lexical_only,0.869018410043411,4.055400000652298,1038.7046999967424,1043.6291184074382,one shared preloaded model
conv-48-qa-14,lexical_only,0.869018410043411,4.910000003292225,178.59329999919282,184.37231841252847,one shared preloaded model
conv-48-qa-15,lexical_only,0.869018410043411,7.677800000237767,177.4208999995608,185.96771840984198,one shared preloaded model
conv-48-qa-16,lexical_only,0.869018410043411,4.158799994911533,197.66420000087237,202.69201840582733,one shared preloaded model
conv-48-qa-17,lexical_only,0.869018410043411,4.851700003200676,485.2759999994305,490.99671841267457,one shared preloaded model
conv-48-qa-18,lexical_only,0.869018410043411,4.428699998243246,198.02730000083102,203.3250184091177,one shared preloaded model
conv-48-qa-19,lexical_only,0.869018410043411,4.506700002821162,218.56120000302326,223.93691841588785,one shared preloaded model
conv-48-qa-20,lexical_only,0.869018410043411,3.9201999970828183,105.1718999951845,109.96111840231073,one shared preloaded model
conv-48-qa-21,lexical_only,0.869018410043411,8.126099994115066,141.38739999907557,150.38251840323406,one shared preloaded model
conv-48-qa-22,lexical_only,0.869018410043411,7.4141000004601665,123.24470000021392,131.52781841071752,one shared preloaded model
conv-48-qa-23,lexical_only,0.869018410043411,7.482900000468362,223.99569999834057,232.34761840885236,one shared preloaded model
conv-48-qa-24,lexical_only,0.869018410043411,4.0470000021741726,347.85440000268864,352.7704184149062,one shared preloaded model
conv-48-qa-25,lexical_only,0.869018410043411,4.5919999975012615,211.0843999980716,216.5454184056163,one shared preloaded model
conv-48-qa-26,lexical_only,0.869018410043411,4.157700001087505,229.71880000113742,234.74551841226835,one shared preloaded model
conv-48-qa-27,lexical_only,0.869018410043411,4.247599994414486,220.68810000200756,225.80471840646547,one shared preloaded model
conv-48-qa-28,lexical_only,0.869018410043411,3.976899999543093,217.29929999855813,222.14521840814464,one shared preloaded model
conv-48-qa-29,lexical_only,0.869018410043411,4.349599999841303,235.12420000042766,240.3428184103124,one shared preloaded model
conv-48-qa-30,lexical_only,0.869018410043411,4.258099994331133,486.98699999658857,492.1141184009631,one shared preloaded model
conv-48-qa-31,lexical_only,0.869018410043411,4.001200002676342,180.43329999636626,185.30351840908602,one shared preloaded model
conv-48-qa-32,lexical_only,0.869018410043411,6.79840000520926,265.4174999988754,273.0849184141281,one shared preloaded model
conv-48-qa-33,lexical_only,0.869018410043411,4.281300003640354,211.42850000615,216.57881841983377,one shared preloaded model
conv-48-qa-34,lexical_only,0.869018410043411,4.459899995708838,220.78889999829698,226.11781840404925,one shared preloaded model
conv-48-qa-35,lexical_only,0.869018410043411,4.393800001707859,504.8430000024382,510.10581841418946,one shared preloaded model
conv-48-qa-36,lexical_only,0.869018410043411,4.146599996602163,220.93490000406746,225.95051841071304,one shared preloaded model
conv-48-qa-37,lexical_only,0.869018410043411,4.278299995348789,450.5644999953802,455.71181840077236,one shared preloaded model
conv-48-qa-38,lexical_only,0.869018410043411,4.240200003550854,356.3064000045415,361.41561841813575,one shared preloaded model
conv-48-qa-39,lexical_only,0.869018410043411,4.162099998211488,156.6406999991159,161.6718184073708,one shared preloaded model
conv-48-qa-40,lexical_only,0.869018410043411,7.485699999961071,237.88760000024922,246.24231841025372,one shared preloaded model
conv-48-qa-41,lexical_only,0.869018410043411,4.227299999911338,366.2112000019988,371.30751841195354,one shared preloaded model
conv-48-qa-42,lexical_only,0.869018410043411,4.236200002196711,202.73830000223825,207.84351841447838,one shared preloaded model
conv-48-qa-43,lexical_only,0.869018410043411,4.266600000846665,224.35089999635238,229.48651840724247,one shared preloaded model
conv-48-qa-44,lexical_only,0.869018410043411,4.171699998551048,190.3941000055056,195.43481841410008,one shared preloaded model
conv-48-qa-45,lexical_only,0.869018410043411,7.490900003176648,226.06120000273222,234.4211184159523,one shared preloaded model
conv-48-qa-46,lexical_only,0.869018410043411,4.861800000071526,109.93750000488944,115.66831841500438,one shared preloaded model
conv-48-qa-47,lexical_only,0.869018410043411,7.074000001011882,237.1318000004976,245.0748184115529,one shared preloaded model
conv-48-qa-48,lexical_only,0.869018410043411,4.661799997847993,222.63959999690996,228.17041840480138,one shared preloaded model
conv-48-qa-49,lexical_only,0.869018410043411,4.309399999328889,207.9089999970165,213.08741840638882,one shared preloaded model
conv-48-qa-50,lexical_only,0.869018410043411,4.378499994345475,227.47729999537114,232.72481839976004,one shared preloaded model
conv-48-qa-51,lexical_only,0.869018410043411,3.9191999967442825,323.97559999662917,328.76381840341685,one shared preloaded model
conv-48-qa-52,lexical_only,0.869018410043411,4.492399995797314,217.3003999996581,222.66181840549885,one shared preloaded model
conv-48-qa-53,lexical_only,0.869018410043411,4.196599998977035,303.02640000445535,308.0920184134758,one shared preloaded model
conv-48-qa-54,lexical_only,0.869018410043411,4.561800000374205,212.59350000036648,218.0243184107841,one shared preloaded model
conv-48-qa-55,lexical_only,0.869018410043411,4.343400003563147,190.98680000024615,196.19921841385272,one shared preloaded model
conv-48-qa-56,lexical_only,0.869018410043411,7.48359999852255,237.27239999425365,245.62501840281962,one shared preloaded model
conv-48-qa-57,lexical_only,0.869018410043411,4.712800000561401,209.10860000003595,214.69041841064077,one shared preloaded model
conv-48-qa-58,lexical_only,0.869018410043411,4.054799996083602,210.86169999762205,215.78551840374908,one shared preloaded model
conv-48-qa-59,lexical_only,0.869018410043411,4.114800001843832,223.05929999856744,228.0431184104547,one shared preloaded model
conv-48-qa-60,lexical_only,0.869018410043411,4.833999999391381,512.4125000002095,518.1155184096443,one shared preloaded model
conv-48-qa-61,lexical_only,0.869018410043411,4.1702000016812235,204.98629999929108,210.02551841101572,one shared preloaded model
conv-48-qa-62,lexical_only,0.869018410043411,4.108799999812618,101.41970000404399,106.39751841390002,one shared preloaded model
conv-48-qa-63,lexical_only,0.869018410043411,5.11230000120122,208.58030000090366,214.5616184121483,one shared preloaded model
conv-48-qa-64,lexical_only,0.869018410043411,3.9456999948015437,113.84649999672547,118.66121840157042,one shared preloaded model
conv-48-qa-65,lexical_only,0.869018410043411,5.069599996204488,210.83240000007208,216.77101840632,one shared preloaded model
conv-48-qa-66,lexical_only,0.869018410043411,4.077999998116866,223.01989999687066,227.96691840503095,one shared preloaded model
conv-48-qa-67,lexical_only,0.869018410043411,4.480499999772292,219.43790000659646,224.78741841641218,one shared preloaded model
conv-48-qa-68,lexical_only,0.869018410043411,4.166499995335471,292.59019999881275,297.6257184041916,one shared preloaded model
conv-48-qa-69,lexical_only,0.869018410043411,4.238100002112333,119.64489999809302,124.75201841024877,one shared preloaded model
conv-48-qa-70,lexical_only,0.869018410043411,3.905300000042189,115.47829999472015,120.25261840480574,one shared preloaded model
conv-48-qa-71,lexical_only,0.869018410043411,7.49550000182353,231.51630000211298,239.88081841397994,one shared preloaded model
conv-48-qa-72,lexical_only,0.869018410043411,4.055700002936646,201.65740000084043,206.5821184138205,one shared preloaded model
conv-48-qa-73,lexical_only,0.869018410043411,4.179399998974986,195.3639999992447,200.4124184082631,one shared preloaded model
conv-48-qa-74,lexical_only,0.869018410043411,6.646300003922079,185.0756999992882,192.5910184132537,one shared preloaded model
conv-48-qa-75,lexical_only,0.869018410043411,7.4908999959006906,231.3611999998102,239.7211184057543,one shared preloaded model
conv-48-qa-76,lexical_only,0.869018410043411,4.262399997969624,506.7025999960606,511.8340184040736,one shared preloaded model
conv-48-qa-77,lexical_only,0.869018410043411,4.214300002786331,213.9056999949389,218.98901840776867,one shared preloaded model
conv-48-qa-78,lexical_only,0.869018410043411,4.520700000284705,221.15279999707127,226.5425184073994,one shared preloaded model
conv-48-qa-79,lexical_only,0.869018410043411,4.004300004453398,214.72730000095908,219.6006184154559,one shared preloaded model
conv-48-qa-80,lexical_only,0.869018410043411,3.962400005548261,112.68149999523303,117.5129184108247,one shared preloaded model
conv-48-qa-81,lexical_only,0.869018410043411,7.509800001571421,207.93330000014976,216.3121184117646,one shared preloaded model
conv-48-qa-82,lexical_only,0.869018410043411,3.899999996065162,385.49529999727383,390.2643184033824,one shared preloaded model
conv-48-qa-83,lexical_only,0.869018410043411,4.352500000095461,219.75789999851258,224.97941840865147,one shared preloaded model
conv-48-qa-84,lexical_only,0.869018410043411,4.01150000107009,215.4932000048575,220.373718415971,one shared preloaded model
conv-48-qa-85,lexical_only,0.869018410043411,4.074199998285621,157.03179999400163,161.97501840233068,one shared preloaded model
conv-48-qa-86,lexical_only,0.869018410043411,7.441699999617413,219.08869999606395,227.3994184057248,one shared preloaded model
conv-48-qa-87,lexical_only,0.869018410043411,4.188400002021808,210.5403999958071,215.59781840787232,one shared preloaded model
conv-48-qa-88,lexical_only,0.869018410043411,3.9208000016515143,200.09510000090813,204.88491841260307,one shared preloaded model
conv-48-qa-89,lexical_only,0.869018410043411,4.003900001407601,195.61640000029,200.48931841174104,one shared preloaded model
conv-48-qa-90,lexical_only,0.869018410043411,6.597200001124293,230.06760000134818,237.5338184125159,one shared preloaded model
conv-48-qa-91,lexical_only,0.869018410043411,4.1035999965970404,212.56290000019362,217.5355184068341,one shared preloaded model
conv-48-qa-92,lexical_only,0.869018410043411,4.084699998202268,232.88650000176858,237.84021841001427,one shared preloaded model
conv-48-qa-93,lexical_only,0.869018410043411,3.9318999988608994,217.41689999907976,222.21781840798408,one shared preloaded model
conv-48-qa-94,lexical_only,0.869018410043411,4.489899998588953,117.80929999804357,123.16821840667593,one shared preloaded model
conv-48-qa-95,lexical_only,0.869018410043411,7.392399995296728,203.7586000005831,212.02001840592325,one shared preloaded model
conv-48-qa-96,lexical_only,0.869018410043411,3.9622000040253624,227.98340000008466,232.81461841415344,one shared preloaded model
conv-48-qa-97,lexical_only,0.869018410043411,4.0687000000616536,110.88200000085635,115.81971841096141,one shared preloaded model
conv-48-qa-98,lexical_only,0.869018410043411,4.8314999949070625,215.73889999854146,221.43941840349194,one shared preloaded model
conv-48-qa-99,lexical_only,0.869018410043411,6.94169999769656,180.39329999737674,188.20401840511673,one shared preloaded model
conv-48-qa-100,lexical_only,0.869018410043411,8.238700000219978,224.3633000034606,233.471018413724,one shared preloaded model
conv-48-qa-101,lexical_only,0.869018410043411,4.045400004542898,342.30920000118203,347.2236184157683,one shared preloaded model
conv-48-qa-102,lexical_only,0.869018410043411,4.778299997269642,208.91529999789782,214.56261840521088,one shared preloaded model
conv-48-qa-103,lexical_only,0.869018410043411,3.933699998015072,224.6508000025642,229.4535184106227,one shared preloaded model
conv-48-qa-104,lexical_only,0.869018410043411,4.379999998491257,228.210900000704,233.45991840923867,one shared preloaded model
conv-48-qa-105,lexical_only,0.869018410043411,4.179299998213537,849.4158000030438,854.4641184113008,one shared preloaded model
conv-48-qa-106,lexical_only,0.869018410043411,4.696500000136439,219.09779999987222,224.66331841005209,one shared preloaded model
conv-48-qa-107,lexical_only,0.869018410043411,4.330299998400733,235.0901999961934,240.28951840463756,one shared preloaded model
conv-48-qa-108,lexical_only,0.869018410043411,4.477599999518134,191.62450000294484,196.9711184125064,one shared preloaded model
conv-48-qa-109,lexical_only,0.869018410043411,8.109300004434772,199.27800000004936,208.25631841452756,one shared preloaded model
conv-48-qa-110,lexical_only,0.869018410043411,4.313400000683032,404.5059999989462,409.68841840967264,one shared preloaded model
conv-48-qa-111,lexical_only,0.869018410043411,5.0176000004285015,207.69609999842942,213.58271840890134,one shared preloaded model
conv-48-qa-112,lexical_only,0.869018410043411,4.562500005704351,255.90639999427367,261.3379184100214,one shared preloaded model
conv-48-qa-113,lexical_only,0.869018410043411,4.183900004136376,222.60349999851314,227.65641841269294,one shared preloaded model
conv-48-qa-114,lexical_only,0.869018410043411,4.218000001856126,213.29350000451086,218.3805184164104,one shared preloaded model
conv-48-qa-115,lexical_only,0.869018410043411,4.5552000010502525,182.6400999998441,188.06431841093777,one shared preloaded model
conv-48-qa-116,lexical_only,0.869018410043411,7.608699997945223,232.8605000002426,241.33821840823126,one shared preloaded model
conv-48-qa-117,lexical_only,0.869018410043411,4.344900000432972,232.62520000571385,237.83911841619025,one shared preloaded model
conv-48-qa-118,lexical_only,0.869018410043411,4.1918999995687045,151.70249999937369,156.7634184089858,one shared preloaded model
conv-48-qa-119,lexical_only,0.869018410043411,7.632199994986877,220.72460000345018,229.22581840848048,one shared preloaded model
conv-48-qa-120,lexical_only,0.869018410043411,4.353099997388199,286.77190000598785,291.99401841341944,one shared preloaded model
conv-48-qa-121,lexical_only,0.869018410043411,5.000400000426453,217.65330000198446,223.52271841245434,one shared preloaded model
conv-48-qa-122,lexical_only,0.869018410043411,4.538199995295145,200.91110000066692,206.3183184060055,one shared preloaded model
conv-48-qa-123,lexical_only,0.869018410043411,4.744199999549892,1246.4773999963654,1252.0906184059588,one shared preloaded model
conv-48-qa-124,lexical_only,0.869018410043411,4.347499998402782,646.3691000026301,651.5856184110763,one shared preloaded model
conv-48-qa-125,lexical_only,0.869018410043411,4.213699998217635,194.9986000036006,200.08131841186164,one shared preloaded model
conv-48-qa-126,lexical_only,0.869018410043411,6.248199999390636,336.02460000111023,343.14181841054426,one shared preloaded model
conv-48-qa-127,lexical_only,0.869018410043411,5.388800003856886,211.99060000071768,218.248418414618,one shared preloaded model
conv-48-qa-128,lexical_only,0.869018410043411,4.15699999575736,101.68980000162264,106.71581840742341,one shared preloaded model
conv-48-qa-129,lexical_only,0.869018410043411,7.972700004756916,223.23069999401923,232.07241840881957,one shared preloaded model
conv-48-qa-130,lexical_only,0.869018410043411,4.070700000738725,304.47849999472965,309.41821840551177,one shared preloaded model
conv-48-qa-131,lexical_only,0.869018410043411,4.377799996291287,1045.2598999982001,1050.506718404535,one shared preloaded model
conv-48-qa-132,lexical_only,0.869018410043411,4.609000003256369,205.58030000393046,211.05831841723025,one shared preloaded model
conv-48-qa-133,lexical_only,0.869018410043411,4.2018999956781045,785.3659000029438,790.4368184086653,one shared preloaded model
conv-48-qa-134,lexical_only,0.869018410043411,4.1218999976990744,148.86319999641273,153.85411840415523,one shared preloaded model
conv-48-qa-135,lexical_only,0.869018410043411,7.47620000038296,393.1689000019105,401.51411841233687,one shared preloaded model
conv-48-qa-136,lexical_only,0.869018410043411,4.321700005675666,345.0671000027796,350.2578184184987,one shared preloaded model
conv-48-qa-137,lexical_only,0.869018410043411,4.6162999933585525,110.77820000355132,116.26351840695328,one shared preloaded model
conv-48-qa-138,lexical_only,0.869018410043411,8.19249999767635,203.90000000043074,212.9615184081505,one shared preloaded model
conv-48-qa-139,lexical_only,0.869018410043411,4.5306000029086135,1190.3659000017797,1195.7655184147318,one shared preloaded model
conv-48-qa-140,lexical_only,0.869018410043411,4.205500001262408,384.23660000262316,389.31111841392897,one shared preloaded model
conv-48-qa-141,lexical_only,0.869018410043411,4.117600001336541,161.4657999962219,166.45241840760187,one shared preloaded model
conv-48-qa-142,lexical_only,0.869018410043411,4.978500001016073,350.90109999873675,356.7486184097962,one shared preloaded model
conv-48-qa-143,lexical_only,0.869018410043411,4.7837999954936095,224.8942000005627,230.54701840609974,one shared preloaded model
conv-48-qa-144,lexical_only,0.869018410043411,4.051199997775257,235.8001000029617,240.72031841078038,one shared preloaded model
conv-48-qa-145,lexical_only,0.869018410043411,4.269500001100823,202.41389999864623,207.55241840979048,one shared preloaded model
conv-48-qa-146,lexical_only,0.869018410043411,4.104700004972983,366.23859999963315,371.21231841464953,one shared preloaded model
conv-48-qa-147,lexical_only,0.869018410043411,4.603399996994995,222.3692999978084,227.84171840484683,one shared preloaded model
conv-48-qa-148,lexical_only,0.869018410043411,4.797300003701821,154.6091999989585,160.27551841270375,one shared preloaded model
conv-48-qa-149,lexical_only,0.869018410043411,7.511199997679796,210.24059999763267,218.6208184053559,one shared preloaded model
conv-48-qa-150,lexical_only,0.869018410043411,5.0241999997524545,218.5791000010795,224.47231841087537,one shared preloaded model
conv-48-qa-151,lexical_only,0.869018410043411,4.241000002366491,222.12410000065574,227.23411841306566,one shared preloaded model
conv-48-qa-152,lexical_only,0.869018410043411,4.393600000184961,230.06180000083987,235.32441841106825,one shared preloaded model
conv-48-qa-153,lexical_only,0.869018410043411,4.9699000010150485,580.9606000038912,586.7995184149496,one shared preloaded model
conv-48-qa-154,lexical_only,0.869018410043411,4.337600003054831,151.66199999657692,156.86861840967518,one shared preloaded model
conv-48-qa-155,lexical_only,0.869018410043411,7.503200002247468,215.48059999622637,223.85281840851727,one shared preloaded model
conv-48-qa-156,lexical_only,0.869018410043411,4.85369999660179,545.3715000039665,551.0942184106117,one shared preloaded model
conv-48-qa-157,lexical_only,0.869018410043411,4.868800002441276,208.02549999643816,213.76331840892286,one shared preloaded model
conv-48-qa-158,lexical_only,0.869018410043411,4.458799994608853,267.46600000478793,272.7938184094402,one shared preloaded model
conv-48-qa-159,lexical_only,0.869018410043411,4.5119999995222315,184.95999999868218,190.34101840824783,one shared preloaded model
conv-48-qa-160,lexical_only,0.869018410043411,3.7570999993477017,220.893799996702,225.51991840609313,one shared preloaded model
conv-48-qa-161,lexical_only,0.869018410043411,4.369000002043322,176.1389000021154,181.37691841420215,one shared preloaded model
conv-48-qa-162,lexical_only,0.869018410043411,7.973299994773697,234.1595000034431,243.00181840826022,one shared preloaded model
conv-48-qa-163,lexical_only,0.869018410043411,4.120499994314741,1064.5099999965169,1069.499518400875,one shared preloaded model
conv-48-qa-164,lexical_only,0.869018410043411,4.129000000830274,204.94150000013178,209.93951841100548,one shared preloaded model
conv-48-qa-165,lexical_only,0.869018410043411,4.4573999985004775,150.2699999982724,155.5964184068163,one shared preloaded model
conv-48-qa-166,lexical_only,0.869018410043411,7.546500004536938,166.55729999911273,174.9728184136931,one shared preloaded model
conv-48-qa-167,lexical_only,0.869018410043411,8.012199999939185,504.04790000175126,512.9291184117338,one shared preloaded model
conv-48-qa-168,lexical_only,0.869018410043411,5.195900004764553,345.26090000144904,351.325818416257,one shared preloaded model
conv-48-qa-169,lexical_only,0.869018410043411,4.476499998418149,359.1045000066515,364.45001841511305,one shared preloaded model
conv-48-qa-170,lexical_only,0.869018410043411,4.969800000253599,1604.1321000011521,1609.9709184114492,one shared preloaded model
conv-48-qa-171,lexical_only,0.869018410043411,4.5046000013826415,216.24549999978626,221.61911841121233,one shared preloaded model
conv-48-qa-172,lexical_only,0.869018410043411,4.404700004670303,380.93499999376945,386.20871840848315,one shared preloaded model
conv-48-qa-173,lexical_only,0.869018410043411,4.276699997717515,214.72889999859035,219.8746184063513,one shared preloaded model
conv-48-qa-174,lexical_only,0.869018410043411,4.43000000086613,200.478300001123,205.77731841203254,one shared preloaded model
conv-48-qa-175,lexical_only,0.869018410043411,4.442999997991137,220.37229999841657,225.68431840645113,one shared preloaded model
conv-48-qa-176,lexical_only,0.869018410043411,4.736199996841606,614.392499999667,619.997718406552,one shared preloaded model
conv-48-qa-177,lexical_only,0.869018410043411,4.627099995559547,202.19139999971958,207.68751840532255,one shared preloaded model
conv-48-qa-178,lexical_only,0.869018410043411,4.286299998057075,524.8804000002565,530.035718408357,one shared preloaded model
conv-48-qa-179,lexical_only,0.869018410043411,4.227900004480034,221.59839999949327,226.69531841401673,one shared preloaded model
conv-48-qa-180,lexical_only,0.869018410043411,4.099800004041754,215.20179999788525,220.17061841197042,one shared preloaded model
conv-48-qa-181,lexical_only,0.869018410043411,4.244199997629039,214.53580000525108,219.64901841292354,one shared preloaded model
conv-48-qa-182,lexical_only,0.869018410043411,4.449000000022352,415.8599000002141,421.17791841027986,one shared preloaded model
conv-48-qa-183,lexical_only,0.869018410043411,4.759900002682116,704.176400002325,709.8053184150505,one shared preloaded model
conv-48-qa-184,lexical_only,0.869018410043411,4.536799999186769,202.63230000273325,208.03811841196344,one shared preloaded model
conv-48-qa-185,lexical_only,0.869018410043411,4.2428000015206635,110.24869999528164,115.36051840684571,one shared preloaded model
conv-48-qa-186,lexical_only,0.869018410043411,7.883799997216556,210.63510000385577,219.38791841111575,one shared preloaded model
conv-48-qa-187,lexical_only,0.869018410043411,4.670400005124975,557.6293000049191,563.1687184200874,one shared preloaded model
conv-48-qa-188,lexical_only,0.869018410043411,4.542500006209593,208.1562000021222,213.56771841837522,one shared preloaded model
conv-48-qa-189,lexical_only,0.869018410043411,4.687799999373965,160.95099999802187,166.50781840743926,one shared preloaded model
conv-48-qa-190,lexical_only,0.869018410043411,7.839500001864508,347.3589000059292,356.0674184178371,one shared preloaded model
conv-48-qa-191,lexical_only,0.869018410043411,4.123400001844857,159.9703000028967,164.96271841478497,one shared preloaded model
conv-48-qa-192,lexical_only,0.869018410043411,7.950899998832028,204.39040000201203,213.21031841088748,one shared preloaded model
conv-48-qa-193,lexical_only,0.869018410043411,3.8924999971641228,266.305299999658,271.06681840686554,one shared preloaded model
conv-48-qa-194,lexical_only,0.869018410043411,4.244600000674836,206.5440000005765,211.65761841129475,one shared preloaded model
conv-48-qa-195,lexical_only,0.869018410043411,4.109200002858415,213.46340000309283,218.44161841599467,one shared preloaded model
conv-48-qa-196,lexical_only,0.869018410043411,4.143799997109454,307.46690000523813,312.479718412391,one shared preloaded model
conv-48-qa-197,lexical_only,0.869018410043411,4.5376999987638555,216.82639999926323,222.2331184080705,one shared preloaded model
conv-48-qa-198,lexical_only,0.869018410043411,5.050599997048266,220.01450000243494,225.93411840952663,one shared preloaded model
conv-48-qa-199,lexical_only,0.869018410043411,4.392900002130773,229.88469999836525,235.14661841053945,one shared preloaded model
conv-48-qa-200,lexical_only,0.869018410043411,4.3599999989965,221.0715999972308,226.30061840627073,one shared preloaded model
conv-48-qa-201,lexical_only,0.869018410043411,4.198900001938455,238.10490000323625,243.17281841521813,one shared preloaded model
conv-48-qa-202,lexical_only,0.869018410043411,4.491200001211837,213.51109999523032,218.87131840648559,one shared preloaded model
conv-48-qa-203,lexical_only,0.869018410043411,4.50519999867538,205.5887000024086,210.9629184111274,one shared preloaded model
conv-48-qa-204,lexical_only,0.869018410043411,4.421899997396395,205.08220000192523,210.37311840936505,one shared preloaded model
conv-48-qa-205,lexical_only,0.869018410043411,4.402400001708884,211.23420000367332,216.50561841542563,one shared preloaded model
conv-48-qa-206,lexical_only,0.869018410043411,4.098800003703218,223.38890000537504,228.35671841912168,one shared preloaded model
conv-48-qa-207,lexical_only,0.869018410043411,4.312299999583047,231.04099999909522,236.2223184087217,one shared preloaded model
conv-48-qa-208,lexical_only,0.869018410043411,4.3807999973068945,163.6930000022403,168.94281840959061,one shared preloaded model
conv-48-qa-209,lexical_only,0.869018410043411,7.462500005203765,221.18990000308258,229.52141841832977,one shared preloaded model
conv-48-qa-210,lexical_only,0.869018410043411,4.0069999959087,226.58460000093328,231.4606184068854,one shared preloaded model
conv-48-qa-211,lexical_only,0.869018410043411,4.123099999560509,204.50300000084098,209.49511841044492,one shared preloaded model
conv-48-qa-212,lexical_only,0.869018410043411,4.0319000036106445,225.37849999935133,230.2794184130054,one shared preloaded model
conv-48-qa-213,lexical_only,0.869018410043411,4.346500005340204,209.28480000293348,214.5003184183171,one shared preloaded model
conv-48-qa-214,lexical_only,0.869018410043411,4.244999996444676,219.8452000011457,224.9592184076338,one shared preloaded model
conv-48-qa-215,lexical_only,0.869018410043411,4.194699999061413,567.2309000001405,572.2946184092453,one shared preloaded model
conv-48-qa-216,lexical_only,0.869018410043411,4.293300000426825,228.22570000425912,233.38801841472937,one shared preloaded model
conv-48-qa-217,lexical_only,0.869018410043411,4.180600000836421,150.30120000301395,155.3508184138938,one shared preloaded model
conv-48-qa-218,lexical_only,0.869018410043411,4.603299996233545,235.0215999977081,240.49391840398508,one shared preloaded model
conv-48-qa-219,lexical_only,0.869018410043411,4.425400002219249,204.83909999893513,210.1335184111978,one shared preloaded model
conv-48-qa-220,lexical_only,0.869018410043411,4.406100000778679,208.42759999504779,213.7027184058699,one shared preloaded model
conv-48-qa-221,lexical_only,0.869018410043411,4.284700000425801,226.9979999982752,232.15171840874442,one shared preloaded model
conv-48-qa-222,lexical_only,0.869018410043411,3.9132000019890256,842.448899995361,847.2311184073934,one shared preloaded model
conv-48-qa-223,lexical_only,0.869018410043411,4.476199996133801,218.1717000057688,223.51691841194602,one shared preloaded model
conv-48-qa-224,lexical_only,0.869018410043411,4.463400000531692,203.01010000548558,208.3425184160607,one shared preloaded model
conv-48-qa-225,lexical_only,0.869018410043411,4.13999999727821,232.9466000010143,237.95561840833594,one shared preloaded model
conv-48-qa-226,lexical_only,0.869018410043411,3.982399997767061,429.4903999980306,434.3418184058411,one shared preloaded model
conv-48-qa-227,lexical_only,0.869018410043411,4.600200001732446,231.4078999988851,236.87711841066098,one shared preloaded model
conv-48-qa-228,lexical_only,0.869018410043411,4.11109999549808,214.68190000450704,219.66201841004855,one shared preloaded model
conv-48-qa-229,lexical_only,0.869018410043411,4.460500000277534,1611.7532000062056,1617.0827184165266,one shared preloaded model
conv-48-qa-230,lexical_only,0.869018410043411,4.838799999561161,108.6314999993192,114.33931840892377,one shared preloaded model
conv-48-qa-231,lexical_only,0.869018410043411,7.707400000072084,219.03200000087963,227.60841841099514,one shared preloaded model
conv-48-qa-232,lexical_only,0.869018410043411,4.420500001288019,226.23169999860693,231.52121840993837,one shared preloaded model
conv-48-qa-233,lexical_only,0.869018410043411,4.192599997622892,230.17289999552304,235.23451840318936,one shared preloaded model
conv-48-qa-234,lexical_only,0.869018410043411,4.113199996936601,213.45960000326158,218.4418184102416,one shared preloaded model
conv-48-qa-235,lexical_only,0.869018410043411,4.289199998311233,204.8298000008799,209.98801840923457,one shared preloaded model
conv-48-qa-236,lexical_only,0.869018410043411,4.172100001596846,221.51969999686116,226.56081840850143,one shared preloaded model
conv-48-qa-237,lexical_only,0.869018410043411,4.16409999888856,387.30020000366494,392.3333184125969,one shared preloaded model
conv-48-qa-238,lexical_only,0.869018410043411,4.451599997992162,466.03049999976065,471.3511184077962,one shared preloaded model
conv-49-qa-0,lexical_only,0.7251510204306604,3.7343000003602356,149.98750000086147,154.44695102165238,one shared preloaded model
conv-49-qa-1,lexical_only,0.7251510204306604,7.536799996159971,132.42419999733102,140.68615101392166,one shared preloaded model
conv-49-qa-2,lexical_only,0.7251510204306604,7.612999994307756,143.75619999918854,152.09435101392697,one shared preloaded model
conv-49-qa-3,lexical_only,0.7251510204306604,7.578900003863964,123.60070000431733,131.90475102861197,one shared preloaded model
conv-49-qa-4,lexical_only,0.7251510204306604,7.658600006834604,227.466700001969,235.85045102923428,one shared preloaded model
conv-49-qa-5,lexical_only,0.7251510204306604,4.243499999574851,197.83150000148453,202.80015102149005,one shared preloaded model
conv-49-qa-6,lexical_only,0.7251510204306604,4.294699996535201,123.89290000282926,128.91275101979514,one shared preloaded model
conv-49-qa-7,lexical_only,0.7251510204306604,7.522200001403689,219.18100000038976,227.42835102222412,one shared preloaded model
conv-49-qa-8,lexical_only,0.7251510204306604,3.944199997931719,214.29409999836935,218.96345101673174,one shared preloaded model
conv-49-qa-9,lexical_only,0.7251510204306604,4.093099996680394,471.82129999418976,476.6395510113008,one shared preloaded model
conv-49-qa-10,lexical_only,0.7251510204306604,5.07560000551166,229.79830000258517,235.5990510285275,one shared preloaded model
conv-49-qa-11,lexical_only,0.7251510204306604,3.9491999996243976,214.9340999967535,219.60845101680857,one shared preloaded model
conv-49-qa-12,lexical_only,0.7251510204306604,4.872599994996563,359.8229999988689,365.4207510142961,one shared preloaded model
conv-49-qa-13,lexical_only,0.7251510204306604,4.529400001047179,481.09809999732533,486.35265101880316,one shared preloaded model
conv-49-qa-14,lexical_only,0.7251510204306604,4.141999997955281,219.37919999618316,224.24635101456911,one shared preloaded model
conv-49-qa-15,lexical_only,0.7251510204306604,4.42549999570474,360.0931000037235,365.2437510198589,one shared preloaded model
conv-49-qa-16,lexical_only,0.7251510204306604,4.298299994843546,300.4967999950168,305.52025101029096,one shared preloaded model
conv-49-qa-17,lexical_only,0.7251510204306604,4.065900000568945,327.3486999969464,332.13975101794597,one shared preloaded model
conv-49-qa-18,lexical_only,0.7251510204306604,5.135700004757382,506.0335000016494,511.8943510268374,one shared preloaded model
conv-49-qa-19,lexical_only,0.7251510204306604,4.434900001797359,497.8954000034719,503.0554510256999,one shared preloaded model
conv-49-qa-20,lexical_only,0.7251510204306604,4.8653000048943795,207.40420000220183,212.99465102752688,one shared preloaded model
conv-49-qa-21,lexical_only,0.7251510204306604,4.592400000547059,799.7738999983994,805.0914510193771,one shared preloaded model
conv-49-qa-22,lexical_only,0.7251510204306604,4.213799998979084,482.331899998826,487.2708510182357,one shared preloaded model
conv-49-qa-23,lexical_only,0.7251510204306604,4.356899997219443,511.19679999828804,516.2788510159381,one shared preloaded model
conv-49-qa-24,lexical_only,0.7251510204306604,4.624999994121026,235.64600000099745,240.99615101554915,one shared preloaded model
conv-49-qa-25,lexical_only,0.7251510204306604,3.898700000718236,199.6052000031341,204.229051024283,one shared preloaded model
conv-49-qa-26,lexical_only,0.7251510204306604,4.410100002132822,321.32090000231983,326.4561510248833,one shared preloaded model
conv-49-qa-27,lexical_only,0.7251510204306604,4.740800002764445,161.99970000161557,167.46565102481068,one shared preloaded model
conv-49-qa-28,lexical_only,0.7251510204306604,8.07630000053905,213.17650000128197,221.9779510222517,one shared preloaded model
conv-49-qa-29,lexical_only,0.7251510204306604,4.76630000048317,206.50759999989532,211.99905102080916,one shared preloaded model
conv-49-qa-30,lexical_only,0.7251510204306604,4.1621999989729375,226.60349999932805,231.49085101873166,one shared preloaded model
conv-49-qa-31,lexical_only,0.7251510204306604,4.5706000018981285,215.12449999863748,220.42025102096628,one shared preloaded model
conv-49-qa-32,lexical_only,0.7251510204306604,4.40810000145575,221.41869999904884,226.55195102093526,one shared preloaded model
conv-49-qa-33,lexical_only,0.7251510204306604,4.564900002151262,1038.7030999991111,1043.9931510216932,one shared preloaded model
conv-49-qa-34,lexical_only,0.7251510204306604,4.251600003044587,109.16189999989001,114.13865102336526,one shared preloaded model
conv-49-qa-35,lexical_only,0.7251510204306604,7.42059999902267,353.30850000173086,361.4542510211842,one shared preloaded model
conv-49-qa-36,lexical_only,0.7251510204306604,4.173100001935381,283.8566999998875,288.7549510222535,one shared preloaded model
conv-49-qa-37,lexical_only,0.7251510204306604,4.329900002630893,192.46169999678386,197.51675101984543,one shared preloaded model
conv-49-qa-38,lexical_only,0.7251510204306604,7.73279999702936,155.05290000146488,163.5108510189249,one shared preloaded model
conv-49-qa-39,lexical_only,0.7251510204306604,8.074199999100529,110.06089999864344,118.86025101817462,one shared preloaded model
conv-49-qa-40,lexical_only,0.7251510204306604,7.57730000623269,512.2358000007807,520.5382510274441,one shared preloaded model
conv-49-qa-41,lexical_only,0.7251510204306604,4.556200001388788,211.97660000325413,217.2579510250736,one shared preloaded model
conv-49-qa-42,lexical_only,0.7251510204306604,3.9937000037753023,424.0168999967864,428.7357510209923,one shared preloaded model
conv-49-qa-43,lexical_only,0.7251510204306604,4.317600003560074,201.2451000045985,206.28785102858924,one shared preloaded model
conv-49-qa-44,lexical_only,0.7251510204306604,4.081899998709559,184.93820000003325,189.74525101917348,one shared preloaded model
conv-49-qa-45,lexical_only,0.7251510204306604,7.761299995763693,147.92570000281557,156.41215101900994,one shared preloaded model
conv-49-qa-46,lexical_only,0.7251510204306604,8.13919999927748,223.0379999964498,231.90235101615795,one shared preloaded model
conv-49-qa-47,lexical_only,0.7251510204306604,4.181500000413507,309.0569000050891,313.96355102593327,one shared preloaded model
conv-49-qa-48,lexical_only,0.7251510204306604,4.480600000533741,200.83030000387225,206.03605102483667,one shared preloaded model
conv-49-qa-49,lexical_only,0.7251510204306604,4.099100005987566,217.6091000001179,222.43335102653614,one shared preloaded model
conv-49-qa-50,lexical_only,0.7251510204306604,4.1265000036219135,217.71379999700002,222.5654510210526,one shared preloaded model
conv-49-qa-51,lexical_only,0.7251510204306604,4.426399995281827,213.9450999966357,219.0966510123482,one shared preloaded model
conv-49-qa-52,lexical_only,0.7251510204306604,4.447699997399468,212.1975000045495,217.37035102237965,one shared preloaded model
conv-49-qa-53,lexical_only,0.7251510204306604,4.054600001836661,498.0245000042487,502.804251026516,one shared preloaded model
conv-49-qa-54,lexical_only,0.7251510204306604,4.424999999173451,372.08400000235997,377.23415102196407,one shared preloaded model
conv-49-qa-55,lexical_only,0.7251510204306604,4.208300000755116,224.63499999867054,229.56845101985633,one shared preloaded model
conv-49-qa-56,lexical_only,0.7251510204306604,4.312499993829988,219.34170000167796,224.37935101593862,one shared preloaded model
conv-49-qa-57,lexical_only,0.7251510204306604,4.204499993647914,228.25510000257054,233.18475101664913,one shared preloaded model
conv-49-qa-58,lexical_only,0.7251510204306604,3.9212000046973117,477.20939999999246,481.8557510251204,one shared preloaded model
conv-49-qa-59,lexical_only,0.7251510204306604,4.143100006331224,490.5558000027668,495.42405102952864,one shared preloaded model
conv-49-qa-60,lexical_only,0.7251510204306604,4.27040000067791,410.2733999970951,415.26895101820367,one shared preloaded model
conv-49-qa-61,lexical_only,0.7251510204306604,4.59440000122413,222.59939999639755,227.91895101805235,one shared preloaded model
conv-49-qa-62,lexical_only,0.7251510204306604,4.193100001430139,222.9497000007541,227.8679510226149,one shared preloaded model
conv-49-qa-63,lexical_only,0.7251510204306604,4.2018999956781045,222.85879999981262,227.7858510159214,one shared preloaded model
conv-49-qa-64,lexical_only,0.7251510204306604,4.159900003287476,211.74059999611927,216.62565101983742,one shared preloaded model
conv-49-qa-65,lexical_only,0.7251510204306604,4.128700005821884,222.10530000302242,226.95915102927498,one shared preloaded model
conv-49-qa-66,lexical_only,0.7251510204306604,4.023499997856561,221.61980000237236,226.3684510206596,one shared preloaded model
conv-49-qa-67,lexical_only,0.7251510204306604,4.074199998285621,218.75960000033956,223.55895101905585,one shared preloaded model
conv-49-qa-68,lexical_only,0.7251510204306604,4.073099997185636,199.95880000351463,204.75705102113093,one shared preloaded model
conv-49-qa-69,lexical_only,0.7251510204306604,4.285699993488379,476.49190000083763,481.50275101475665,one shared preloaded model
conv-49-qa-70,lexical_only,0.7251510204306604,4.166499995335471,228.38329999649432,233.27495101226046,one shared preloaded model
conv-49-qa-71,lexical_only,0.7251510204306604,4.106899999896996,200.52450000366662,205.35655102399429,one shared preloaded model
conv-49-qa-72,lexical_only,0.7251510204306604,4.066500005137641,408.97200000472367,413.76365103029195,one shared preloaded model
conv-49-qa-73,lexical_only,0.7251510204306604,4.406699998071417,173.73629999929108,178.86815101779317,one shared preloaded model
conv-49-qa-74,lexical_only,0.7251510204306604,4.019799998786766,328.6320999977761,333.3770510169935,one shared preloaded model
conv-49-qa-75,lexical_only,0.7251510204306604,4.283300004317425,223.37880000122823,228.38725102597633,one shared preloaded model
conv-49-qa-76,lexical_only,0.7251510204306604,4.166799997619819,344.1294000003836,349.0213510184341,one shared preloaded model
conv-49-qa-77,lexical_only,0.7251510204306604,3.95109999954002,222.55389999918407,227.23015101915476,one shared preloaded model
conv-49-qa-78,lexical_only,0.7251510204306604,4.17149999702815,370.6252999982098,375.5219510156686,one shared preloaded model
conv-49-qa-79,lexical_only,0.7251510204306604,4.314500001783017,137.89739999629091,142.9370510185046,one shared preloaded model
conv-49-qa-80,lexical_only,0.7251510204306604,7.571499998448417,537.6211000038893,545.9177510227684,one shared preloaded model
conv-49-qa-81,lexical_only,0.7251510204306604,4.520400005276315,241.20859999675304,246.45415102246002,one shared preloaded model
conv-49-qa-82,lexical_only,0.7251510204306604,4.183700002613477,119.28239999542711,124.19125101847125,one shared preloaded model
conv-49-qa-83,lexical_only,0.7251510204306604,8.094799995888025,170.36350000125822,179.1834510175769,one shared preloaded model
conv-49-qa-84,lexical_only,0.7251510204306604,7.573400005639996,1222.6152000002912,1230.913751026362,one shared preloaded model
conv-49-qa-85,lexical_only,0.7251510204306604,4.509300000790972,216.67620000516763,221.91065102638927,one shared preloaded model
conv-49-qa-86,lexical_only,0.7251510204306604,4.583000001730397,232.00110000470886,237.30925102686993,one shared preloaded model
conv-49-qa-87,lexical_only,0.7251510204306604,4.548400000203401,165.50690000440227,170.78045102503634,one shared preloaded model
conv-49-qa-88,lexical_only,0.7251510204306604,7.536799996159971,208.32079999672715,216.5827510133178,one shared preloaded model
conv-49-qa-89,lexical_only,0.7251510204306604,4.0756000016699545,172.68600000534207,177.4867510274427,one shared preloaded model
conv-49-qa-90,lexical_only,0.7251510204306604,8.108500005619135,245.64799999643583,254.48165102248564,one shared preloaded model
conv-49-qa-91,lexical_only,0.7251510204306604,3.99479999759933,279.3260999969789,284.04605101500886,one shared preloaded model
conv-49-qa-92,lexical_only,0.7251510204306604,4.298200001358055,193.24049999704584,198.26385101883457,one shared preloaded model
conv-49-qa-93,lexical_only,0.7251510204306604,7.237899997562636,289.3266999963089,297.28975101430217,one shared preloaded model
conv-49-qa-94,lexical_only,0.7251510204306604,4.500099996221252,258.27969999954803,263.5049510161999,one shared preloaded model
conv-49-qa-95,lexical_only,0.7251510204306604,4.150400003709365,120.55700000200886,125.43255102614889,one shared preloaded model
conv-49-qa-96,lexical_only,0.7251510204306604,5.594499998551328,117.59230000461685,123.91195102359883,one shared preloaded model
conv-49-qa-97,lexical_only,0.7251510204306604,7.9853999995975755,228.56550000142306,237.2760510214513,one shared preloaded model
conv-49-qa-98,lexical_only,0.7251510204306604,4.020100001071114,123.04530000255909,127.79055102406086,one shared preloaded model
conv-49-qa-99,lexical_only,0.7251510204306604,7.783900000504218,687.8799999976764,696.3890510186112,one shared preloaded model
conv-49-qa-100,lexical_only,0.7251510204306604,4.521700000623241,196.1890000020503,201.43585102310422,one shared preloaded model
conv-49-qa-101,lexical_only,0.7251510204306604,5.707999996957369,142.81530000152998,149.24845101891802,one shared preloaded model
conv-49-qa-102,lexical_only,0.7251510204306604,8.107900001050439,701.4265999969211,710.2596510184022,one shared preloaded model
conv-49-qa-103,lexical_only,0.7251510204306604,4.424699996889103,151.60740000283113,156.7572510201509,one shared preloaded model
conv-49-qa-104,lexical_only,0.7251510204306604,4.862599998887163,331.47699999972247,337.0647510190403,one shared preloaded model
conv-49-qa-105,lexical_only,0.7251510204306604,4.535400003078394,159.27260000171373,164.5331510252228,one shared preloaded model
conv-49-qa-106,lexical_only,0.7251510204306604,8.051200005866122,1595.7600999972783,1604.5364510235752,one shared preloaded model
conv-49-qa-107,lexical_only,0.7251510204306604,4.1555999996489845,165.4125000059139,170.29325102599356,one shared preloaded model
conv-49-qa-108,lexical_only,0.7251510204306604,7.563399994978681,194.61500000033993,202.9035510157493,one shared preloaded model
conv-49-qa-109,lexical_only,0.7251510204306604,4.425400002219249,202.50530000339495,207.65585102604487,one shared preloaded model
conv-49-qa-110,lexical_only,0.7251510204306604,4.097500001080334,174.39289999310859,179.2155510146196,one shared preloaded model
conv-49-qa-111,lexical_only,0.7251510204306604,8.15810000494821,169.2387000002782,178.12195102565707,one shared preloaded model
conv-49-qa-112,lexical_only,0.7251510204306604,7.583600003272295,785.2598000026774,793.5685510263803,one shared preloaded model
conv-49-qa-113,lexical_only,0.7251510204306604,4.253800005244557,205.61920000182,210.59815102749522,one shared preloaded model
conv-49-qa-114,lexical_only,0.7251510204306604,4.585900001984555,127.35799999791197,132.6690510203272,one shared preloaded model
conv-49-qa-115,lexical_only,0.7251510204306604,4.7338000003946945,152.63789999880828,158.09685101963365,one shared preloaded model
conv-49-qa-116,lexical_only,0.7251510204306604,7.605200000398327,205.85959999880288,214.18995101963188,one shared preloaded model
conv-49-qa-117,lexical_only,0.7251510204306604,3.9929000049596652,431.0336999988067,435.751751024197,one shared preloaded model
conv-49-qa-118,lexical_only,0.7251510204306604,3.9505000022472814,202.9015999942203,207.57725101689826,one shared preloaded model
conv-49-qa-119,lexical_only,0.7251510204306604,4.1702000016812235,132.75489999796264,137.65025102007453,one shared preloaded model
conv-49-qa-120,lexical_only,0.7251510204306604,7.359399998676963,492.5966000009794,500.681151020087,one shared preloaded model
conv-49-qa-121,lexical_only,0.7251510204306604,4.096500000741798,397.7307000022847,402.55235102345716,one shared preloaded model
conv-49-qa-122,lexical_only,0.7251510204306604,5.241500002739485,216.49450000404613,222.4611510272163,one shared preloaded model
conv-49-qa-123,lexical_only,0.7251510204306604,4.575699997076299,171.68069999752333,176.9815510150303,one shared preloaded model
conv-49-qa-124,lexical_only,0.7251510204306604,7.561500002339017,490.86659999738913,499.1532510201588,one shared preloaded model
conv-49-qa-125,lexical_only,0.7251510204306604,4.300000000512227,232.18759999872418,237.21275101966708,one shared preloaded model
conv-49-qa-126,lexical_only,0.7251510204306604,3.9863000056357123,222.9977000024519,227.70915102851828,one shared preloaded model
conv-49-qa-127,lexical_only,0.7251510204306604,4.161299999395851,515.5302999992273,520.4167510190538,one shared preloaded model
conv-49-qa-128,lexical_only,0.7251510204306604,4.160299999057315,487.8480000043055,492.73345102379346,one shared preloaded model
conv-49-qa-129,lexical_only,0.7251510204306604,4.691000001912471,171.42969999986235,176.8458510222055,one shared preloaded model
conv-49-qa-130,lexical_only,0.7251510204306604,7.9850999973132275,223.959000002651,232.6692510203949,one shared preloaded model
conv-49-qa-131,lexical_only,0.7251510204306604,4.109699999389704,172.54959999991115,177.38445101973153,one shared preloaded model
conv-49-qa-132,lexical_only,0.7251510204306604,7.775300000503194,434.85990000044694,443.3603510213808,one shared preloaded model
conv-49-qa-133,lexical_only,0.7251510204306604,4.814199994143564,683.7906000000658,689.32995101464,one shared preloaded model
conv-49-qa-134,lexical_only,0.7251510204306604,4.578899999614805,176.11049999686657,181.41455101691204,one shared preloaded model
conv-49-qa-135,lexical_only,0.7251510204306604,7.532199997513089,284.9413000003551,293.19865101829885,one shared preloaded model
conv-49-qa-136,lexical_only,0.7251510204306604,4.907599999569356,213.6707000026945,219.30345102269453,one shared preloaded model
conv-49-qa-137,lexical_only,0.7251510204306604,3.9634999993722886,218.6467999999877,223.33545101979067,one shared preloaded model
conv-49-qa-138,lexical_only,0.7251510204306604,4.149400003370829,224.60059999866644,229.47515102246794,one shared preloaded model
conv-49-qa-139,lexical_only,0.7251510204306604,4.028600000310689,231.7101000007824,236.46385102152377,one shared preloaded model
conv-49-qa-140,lexical_only,0.7251510204306604,4.473599998163991,893.6258999965503,898.8246510151449,one shared preloaded model
conv-49-qa-141,lexical_only,0.7251510204306604,4.829600002267398,215.89079999830574,221.4455510210038,one shared preloaded model
conv-49-qa-142,lexical_only,0.7251510204306604,4.8756000032881275,228.71690000465605,234.31765102837485,one shared preloaded model
conv-49-qa-143,lexical_only,0.7251510204306604,4.253799997968599,229.2622000022675,234.24115102066676,one shared preloaded model
conv-49-qa-144,lexical_only,0.7251510204306604,4.042100001242943,967.881500000658,972.6487510223316,one shared preloaded model
conv-49-qa-145,lexical_only,0.7251510204306604,4.320100000768434,864.1967000003206,869.2419510215196,one shared preloaded model
conv-49-qa-146,lexical_only,0.7251510204306604,4.7561000028508715,314.0225000024657,319.5037510257472,one shared preloaded model
conv-49-qa-147,lexical_only,0.7251510204306604,5.003900005249307,213.23380000103498,218.96285102671496,one shared preloaded model
conv-49-qa-148,lexical_only,0.7251510204306604,4.029700001410674,212.32920000329614,217.08405102513748,one shared preloaded model
conv-49-qa-149,lexical_only,0.7251510204306604,4.1046999976970255,227.12899999896763,231.95885101709533,one shared preloaded model
conv-49-qa-150,lexical_only,0.7251510204306604,4.07959999574814,300.5658000038238,305.3705510200026,one shared preloaded model
conv-49-qa-151,lexical_only,0.7251510204306604,4.3554000003496185,199.05999999900814,204.14055101978843,one shared preloaded model
conv-49-qa-152,lexical_only,0.7251510204306604,4.180600000836421,168.85850000107894,173.76425102234603,one shared preloaded model
conv-49-qa-153,lexical_only,0.7251510204306604,7.105299999238923,436.4378999962355,444.26835101590507,one shared preloaded model
conv-49-qa-154,lexical_only,0.7251510204306604,4.110299996682443,603.1487000000197,607.9841510171328,one shared preloaded model
conv-49-qa-155,lexical_only,0.7251510204306604,5.265699997835327,313.0557999975281,319.04665101579405,one shared preloaded model
conv-49-qa-156,lexical_only,0.7251510204306604,4.655900003854185,204.29049999802373,209.6715510223086,one shared preloaded model
conv-49-qa-157,lexical_only,0.7251510204306604,4.1952999963541515,344.5011999938288,349.4216510106136,one shared preloaded model
conv-49-qa-158,lexical_only,0.7251510204306604,5.414299994299654,215.25309999560704,221.39255101033737,one shared preloaded model
conv-49-qa-159,lexical_only,0.7251510204306604,4.539800000202376,236.42850000032922,241.69345102096227,one shared preloaded model
conv-49-qa-160,lexical_only,0.7251510204306604,4.2505000019446015,222.7569000024232,227.73255102479848,one shared preloaded model
conv-49-qa-161,lexical_only,0.7251510204306604,4.003100002591964,299.467699995148,304.1959510181706,one shared preloaded model
conv-49-qa-162,lexical_only,0.7251510204306604,4.292700003134087,210.02880000014557,215.04665102371033,one shared preloaded model
conv-49-qa-163,lexical_only,0.7251510204306604,4.189999999653082,214.82410000317032,219.73925102325407,one shared preloaded model
conv-49-qa-164,lexical_only,0.7251510204306604,4.032600001664832,230.75659999449272,235.51435101658822,one shared preloaded model
conv-49-qa-165,lexical_only,0.7251510204306604,4.069299997354392,234.2994999999064,239.09395101769147,one shared preloaded model
conv-49-qa-166,lexical_only,0.7251510204306604,4.455300004337914,207.2937999982969,212.47425102306548,one shared preloaded model
conv-49-qa-167,lexical_only,0.7251510204306604,4.093399998964742,240.61369999981252,245.43225101920794,one shared preloaded model
conv-49-qa-168,lexical_only,0.7251510204306604,4.883800000243355,211.7214999962016,217.33045101687563,one shared preloaded model
conv-49-qa-169,lexical_only,0.7251510204306604,4.440500000782777,423.6674000057974,428.8330510270108,one shared preloaded model
conv-49-qa-170,lexical_only,0.7251510204306604,4.7774999984540045,216.04340000340017,221.54605102228484,one shared preloaded model
conv-49-qa-171,lexical_only,0.7251510204306604,4.319499996199738,175.804500002414,180.8491510190444,one shared preloaded model
conv-49-qa-172,lexical_only,0.7251510204306604,7.61169999896083,230.93810000136727,239.27495102075878,one shared preloaded model
conv-49-qa-173,lexical_only,0.7251510204306604,4.655900003854185,160.71630000078585,166.0973510250707,one shared preloaded model
conv-49-qa-174,lexical_only,0.7251510204306604,7.623299999977462,164.27200000180164,172.62045102220978,one shared preloaded model
conv-49-qa-175,lexical_only,0.7251510204306604,7.563899998785928,624.4258000006084,632.714851019825,one shared preloaded model
conv-49-qa-176,lexical_only,0.7251510204306604,4.415099996549543,208.71999999508262,213.86025101206283,one shared preloaded model
conv-49-qa-177,lexical_only,0.7251510204306604,4.625599998689722,207.76049999403767,213.11125101315807,one shared preloaded model
conv-49-qa-178,lexical_only,0.7251510204306604,4.106699998374097,230.13250000076368,234.96435101956845,one shared preloaded model
conv-49-qa-179,lexical_only,0.7251510204306604,3.9417000007233582,197.77549999707844,202.44235101823247,one shared preloaded model
conv-49-qa-180,lexical_only,0.7251510204306604,4.842000002099667,220.83460000430932,226.40175102683966,one shared preloaded model
conv-49-qa-181,lexical_only,0.7251510204306604,4.0283999987877905,222.27879999991274,227.0323510191312,one shared preloaded model
conv-49-qa-182,lexical_only,0.7251510204306604,3.9564000035170466,203.9955000000191,208.6770510239668,one shared preloaded model
conv-49-qa-183,lexical_only,0.7251510204306604,4.439799995452631,234.9921999993967,240.15715101528,one shared preloaded model
conv-49-qa-184,lexical_only,0.7251510204306604,4.48589999723481,214.8142000005464,220.0252510182119,one shared preloaded model
conv-49-qa-185,lexical_only,0.7251510204306604,3.867200000968296,219.18939999886788,223.78175102026685,one shared preloaded model
conv-49-qa-186,lexical_only,0.7251510204306604,3.8884999958099797,162.3987999992096,167.01245101545024,one shared preloaded model
conv-49-qa-187,lexical_only,0.7251510204306604,5.023099998652469,218.02349999779835,223.7717510168815,one shared preloaded model
conv-49-qa-188,lexical_only,0.7251510204306604,4.433299996890128,202.25850000133505,207.41695101865585,one shared preloaded model
conv-49-qa-189,lexical_only,0.7251510204306604,4.438099997059908,213.28060000087135,218.44385101836193,one shared preloaded model
conv-49-qa-190,lexical_only,0.7251510204306604,4.096899996511638,210.37559999967925,215.19765101662156,one shared preloaded model
conv-49-qa-191,lexical_only,0.7251510204306604,4.08150000293972,229.95169999921927,234.75835102258966,one shared preloaded model
conv-49-qa-192,lexical_only,0.7251510204306604,3.9759999999660067,213.37119999952847,218.07235101992515,one shared preloaded model
conv-49-qa-193,lexical_only,0.7251510204306604,4.3154000013601035,201.6836999973748,206.72425101916556,one shared preloaded model
conv-49-qa-194,lexical_only,0.7251510204306604,3.977100001065992,227.41020000103163,232.1124510225283,one shared preloaded model
conv-49-qa-195,lexical_only,0.7251510204306604,4.978400000254624,218.47420000267448,224.17775102335978,one shared preloaded model
conv-50-qa-0,lexical_only,0.859177941189652,7.477799998014234,221.5323000054923,229.86927794469617,one shared preloaded model
conv-50-qa-1,lexical_only,0.859177941189652,4.012800003692973,231.98640000191517,236.8583779467978,one shared preloaded model
conv-50-qa-2,lexical_only,0.859177941189652,4.251899998052977,512.0200000019395,517.1310779411821,one shared preloaded model
conv-50-qa-3,lexical_only,0.859177941189652,4.980300000170246,130.89599999511847,136.73547793647836,one shared preloaded model
conv-50-qa-4,lexical_only,0.859177941189652,7.465700000466313,113.00080000364687,121.32567794530284,one shared preloaded model
conv-50-qa-5,lexical_only,0.859177941189652,7.564500003354624,624.7446999987005,633.1683779432448,one shared preloaded model
conv-50-qa-6,lexical_only,0.859177941189652,4.429000000527594,132.9570000016247,138.24517794334193,one shared preloaded model
conv-50-qa-7,lexical_only,0.859177941189652,7.519999999203719,177.57549999805633,185.9546779384497,one shared preloaded model
conv-50-qa-8,lexical_only,0.859177941189652,5.325099999026861,315.67090000316966,321.8551779433862,one shared preloaded model
conv-50-qa-9,lexical_only,0.859177941189652,4.452099994523451,218.6885000046459,223.999777940359,one shared preloaded model
conv-50-qa-10,lexical_only,0.859177941189652,3.954700005124323,216.00780000153463,220.8216779478486,one shared preloaded model
conv-50-qa-11,lexical_only,0.859177941189652,4.171599997789599,220.33709999959683,225.36787793857607,one shared preloaded model
conv-50-qa-12,lexical_only,0.859177941189652,4.044499997689854,503.24750000436325,508.15117794324277,one shared preloaded model
conv-50-qa-13,lexical_only,0.859177941189652,3.9600000018253922,229.27290000370704,234.09207794672207,one shared preloaded model
conv-50-qa-14,lexical_only,0.859177941189652,4.168399995251093,221.78949999943143,226.81707793587216,one shared preloaded model
conv-50-qa-15,lexical_only,0.859177941189652,3.97480000538053,201.48979999794392,206.3237779445141,one shared preloaded model
conv-50-qa-16,lexical_only,0.859177941189652,3.911399995558895,316.3831999991089,321.1537779358575,one shared preloaded model
conv-50-qa-17,lexical_only,0.859177941189652,4.437299998244271,478.5511999943992,483.84767793383315,one shared preloaded model
conv-50-qa-18,lexical_only,0.859177941189652,4.4169000029796734,95.5000999965705,100.77617794073983,one shared preloaded model
conv-50-qa-19,lexical_only,0.859177941189652,7.739099994068965,225.27719999925466,233.87547793451327,one shared preloaded model
conv-50-qa-20,lexical_only,0.859177941189652,4.119799996260554,191.20500000281027,196.18397794026046,one shared preloaded model
conv-50-qa-21,lexical_only,0.859177941189652,7.440900000801776,216.97239999775775,225.27247793974917,one shared preloaded model
conv-50-qa-22,lexical_only,0.859177941189652,4.080299993802328,212.85830000124406,217.79777793623603,one shared preloaded model
conv-50-qa-23,lexical_only,0.859177941189652,4.057999998622108,226.25949999928707,231.17667793909882,one shared preloaded model
conv-50-qa-24,lexical_only,0.859177941189652,4.123799997614697,101.80400000535883,106.78697794416318,one shared preloaded model
conv-50-qa-25,lexical_only,0.859177941189652,7.638600000063889,492.60900000081165,501.1067779420652,one shared preloaded model
conv-50-qa-26,lexical_only,0.859177941189652,4.207999998470768,225.59600000386126,230.66317794352167,one shared preloaded model
conv-50-qa-27,lexical_only,0.859177941189652,3.8449999992735684,225.38759999588365,230.09177793634686,one shared preloaded model
conv-50-qa-28,lexical_only,0.859177941189652,4.199999995762482,339.0436999980011,344.10287793495326,one shared preloaded model
conv-50-qa-29,lexical_only,0.859177941189652,4.196599998977035,221.27599999657832,226.331777936745,one shared preloaded model
conv-50-qa-30,lexical_only,0.859177941189652,4.55560000409605,169.654499994067,175.0692779393527,one shared preloaded model
conv-50-qa-31,lexical_only,0.859177941189652,7.576600000902545,223.43980000005104,231.87557794214322,one shared preloaded model
conv-50-qa-32,lexical_only,0.859177941189652,4.463799996301532,160.66929999942658,165.99227793691776,one shared preloaded model
conv-50-qa-33,lexical_only,0.859177941189652,7.6943999956711195,214.20149999903515,222.7550779358959,one shared preloaded model
conv-50-qa-34,lexical_only,0.859177941189652,4.061899999214802,208.28140000230633,213.20247794271077,one shared preloaded model
conv-50-qa-35,lexical_only,0.859177941189652,4.024499998195097,485.12009999831207,490.00377793769684,one shared preloaded model
conv-50-qa-36,lexical_only,0.859177941189652,4.1625000012572855,227.61549999995623,232.63717794240316,one shared preloaded model
conv-50-qa-37,lexical_only,0.859177941189652,3.9967999982764013,123.58650000533089,128.44247794479693,one shared preloaded model
conv-50-qa-38,lexical_only,0.859177941189652,7.572099995741155,337.0970000032685,345.5282779401993,one shared preloaded model
conv-50-qa-39,lexical_only,0.859177941189652,4.399199999170378,222.52590000425698,227.784277944617,one shared preloaded model
conv-50-qa-40,lexical_only,0.859177941189652,4.406599997309968,213.68700000311946,218.95277794161908,one shared preloaded model
conv-50-qa-41,lexical_only,0.859177941189652,4.3953999993391335,204.49570000346284,209.75027794399162,one shared preloaded model
conv-50-qa-42,lexical_only,0.859177941189652,4.558699998597149,121.35609999677399,126.7739779365608,one shared preloaded model
conv-50-qa-43,lexical_only,0.859177941189652,6.971800001338124,229.14679999666987,236.97777793919764,one shared preloaded model
conv-50-qa-44,lexical_only,0.859177941189652,4.101400001673028,469.6334999971441,474.5940779400068,one shared preloaded model
conv-50-qa-45,lexical_only,0.859177941189652,4.6505999998771586,109.45820000051754,114.96797794158435,one shared preloaded model
conv-50-qa-46,lexical_only,0.859177941189652,7.6029999981983565,219.5951999965473,228.0573779359353,one shared preloaded model
conv-50-qa-47,lexical_only,0.859177941189652,4.135800001677126,226.1718000008841,231.16677794375087,one shared preloaded model
conv-50-qa-48,lexical_only,0.859177941189652,3.954700005124323,186.57669999811333,191.3905779444273,one shared preloaded model
conv-50-qa-49,lexical_only,0.859177941189652,8.075199999439064,214.02849999867612,222.96287793930483,one shared preloaded model
conv-50-qa-50,lexical_only,0.859177941189652,4.002499998023268,229.5550999988336,234.41677793804652,one shared preloaded model
conv-50-qa-51,lexical_only,0.859177941189652,4.008199997770134,515.1402999981656,520.0076779371253,one shared preloaded model
conv-50-qa-52,lexical_only,0.859177941189652,4.448599996976554,512.1481000023778,517.4558779405439,one shared preloaded model
conv-50-qa-53,lexical_only,0.859177941189652,4.088400004548021,219.67099999892525,224.61857794466292,one shared preloaded model
conv-50-qa-54,lexical_only,0.859177941189652,4.2204999990644865,367.5318999958108,372.611577936065,one shared preloaded model
conv-50-qa-55,lexical_only,0.859177941189652,5.2647999982582405,493.6135000025388,499.7374779419867,one shared preloaded model
conv-50-qa-56,lexical_only,0.859177941189652,4.259399996954016,147.30660000350326,152.42517794164692,one shared preloaded model
conv-50-qa-57,lexical_only,0.859177941189652,7.736100000329316,215.21909999864874,223.8143779401677,one shared preloaded model
conv-50-qa-58,lexical_only,0.859177941189652,4.437299998244271,1105.0653999991482,1110.3618779385822,one shared preloaded model
conv-50-qa-59,lexical_only,0.859177941189652,4.1882000004989095,110.57840000285069,115.62577794453925,one shared preloaded model
conv-50-qa-60,lexical_only,0.859177941189652,7.439599998178892,204.36500000505475,212.6637779444233,one shared preloaded model
conv-50-qa-61,lexical_only,0.859177941189652,4.177200004050974,234.61430000315886,239.65067794839948,one shared preloaded model
conv-50-qa-62,lexical_only,0.859177941189652,4.017599996586796,244.31799999729265,249.19477793506908,one shared preloaded model
conv-50-qa-63,lexical_only,0.859177941189652,4.2314000020269305,210.79129999998258,215.88187794319916,one shared preloaded model
conv-50-qa-64,lexical_only,0.859177941189652,4.146399995079264,226.3020999962464,231.3076779325153,one shared preloaded model
conv-50-qa-65,lexical_only,0.859177941189652,4.150200002186466,532.150900005945,537.1602779493211,one shared preloaded model
conv-50-qa-66,lexical_only,0.859177941189652,4.314899997552857,215.87739999813493,221.05147793687743,one shared preloaded model
conv-50-qa-67,lexical_only,0.859177941189652,4.031199998280499,211.217600000964,216.10797794043415,one shared preloaded model
conv-50-qa-68,lexical_only,0.859177941189652,4.828100005397573,330.03659999667434,335.7238779432616,one shared preloaded model
conv-50-qa-69,lexical_only,0.859177941189652,4.265399998985231,227.9917000050773,233.11627794525216,one shared preloaded model
conv-50-qa-70,lexical_only,0.859177941189652,4.1221999999834225,523.5065000015311,528.4878779427041,one shared preloaded model
conv-50-qa-71,lexical_only,0.859177941189652,4.800199996680021,203.61589999811258,209.27527793598225,one shared preloaded model
conv-50-qa-72,lexical_only,0.859177941189652,4.4353999983286485,202.91790000192123,208.21247794143952,one shared preloaded model
conv-50-qa-73,lexical_only,0.859177941189652,4.059400002006441,337.5000000014552,342.4185779446513,one shared preloaded model
conv-50-qa-74,lexical_only,0.859177941189652,4.323900000599679,219.79869999631774,224.98177793810706,one shared preloaded model
conv-50-qa-75,lexical_only,0.859177941189652,4.33820000034757,232.51239999808604,237.70977793962325,one shared preloaded model
conv-50-qa-76,lexical_only,0.859177941189652,4.164499994658399,1607.1516000010888,1612.175277936937,one shared preloaded model
conv-50-qa-77,lexical_only,0.859177941189652,4.900400002952665,213.01589999347925,218.77547793762156,one shared preloaded model
conv-50-qa-78,lexical_only,0.859177941189652,4.210400002193637,1477.428800004418,1482.4983779478014,one shared preloaded model
conv-50-qa-79,lexical_only,0.859177941189652,4.303800000343472,431.1600000000908,436.32297794162395,one shared preloaded model
conv-50-qa-80,lexical_only,0.859177941189652,4.162900004303083,217.91379999922356,222.93587794471628,one shared preloaded model
conv-50-qa-81,lexical_only,0.859177941189652,4.014899997855537,214.12509999936447,218.99917793840964,one shared preloaded model
conv-50-qa-82,lexical_only,0.859177941189652,4.029499999887776,215.25480000127573,220.14347794235314,one shared preloaded model
conv-50-qa-83,lexical_only,0.859177941189652,4.044000001158565,215.96169999975245,220.86487794210066,one shared preloaded model
conv-50-qa-84,lexical_only,0.859177941189652,4.0380999998888,176.0945999994874,180.99187794056584,one shared preloaded model
conv-50-qa-85,lexical_only,0.859177941189652,7.533000003604684,204.46999999694526,212.8621779417396,one shared preloaded model
conv-50-qa-86,lexical_only,0.859177941189652,4.372100003820378,226.9492999985232,232.18057794353322,one shared preloaded model
conv-50-qa-87,lexical_only,0.859177941189652,4.432499998074491,429.1190000003553,434.41067793961946,one shared preloaded model
conv-50-qa-88,lexical_only,0.859177941189652,4.153499998210464,229.51019999891287,234.52287793831297,one shared preloaded model
conv-50-qa-89,lexical_only,0.859177941189652,4.096500000741798,218.17960000043968,223.13527794237112,one shared preloaded model
conv-50-qa-90,lexical_only,0.859177941189652,4.09590000344906,224.06880000198726,229.02387794662596,one shared preloaded model
conv-50-qa-91,lexical_only,0.859177941189652,4.129000000830274,195.96269999601645,200.95087793803637,one shared preloaded model
conv-50-qa-92,lexical_only,0.859177941189652,5.589699998381548,226.91520000080345,233.36407794037464,one shared preloaded model
conv-50-qa-93,lexical_only,0.859177941189652,3.946400000131689,339.4999999945867,344.30557793590805,one shared preloaded model
conv-50-qa-94,lexical_only,0.859177941189652,4.078400001162663,185.90920000133337,190.84677794368568,one shared preloaded model
conv-50-qa-95,lexical_only,0.859177941189652,8.070800002315082,162.51119999651564,171.44117794002037,one shared preloaded model
conv-50-qa-96,lexical_only,0.859177941189652,7.605399994645268,202.82030000089435,211.28487793672926,one shared preloaded model
conv-50-qa-97,lexical_only,0.859177941189652,4.148299994994886,440.3612999958568,445.3687779320414,one shared preloaded model
conv-50-qa-98,lexical_only,0.859177941189652,4.625599998689722,220.04610000294633,225.5308779428257,one shared preloaded model
conv-50-qa-99,lexical_only,0.859177941189652,4.06670000666054,1292.9609999991953,1297.8868779470456,one shared preloaded model
conv-50-qa-100,lexical_only,0.859177941189652,4.324100002122577,229.2851000020164,234.46837794532863,one shared preloaded model
conv-50-qa-101,lexical_only,0.859177941189652,4.02139999641804,225.99800000170944,230.87857793931713,one shared preloaded model
conv-50-qa-102,lexical_only,0.859177941189652,4.1122000038740225,169.67579999618465,174.64717794124832,one shared preloaded model
conv-50-qa-103,lexical_only,0.859177941189652,4.653100004361477,121.4419000025373,126.95417794808843,one shared preloaded model
conv-50-qa-104,lexical_only,0.859177941189652,7.7443000045605,680.4080000001704,689.0114779459205,one shared preloaded model
conv-50-qa-105,lexical_only,0.859177941189652,4.820999994990416,103.22090000408934,108.90107794026942,one shared preloaded model
conv-50-qa-106,lexical_only,0.859177941189652,8.245299999543931,228.99569999572122,238.1001779364548,one shared preloaded model
conv-50-qa-107,lexical_only,0.859177941189652,4.4397000019671395,156.5483000013046,161.84717794446138,one shared preloaded model
conv-50-qa-108,lexical_only,0.859177941189652,6.804099997680169,207.21960000082618,214.882877939696,one shared preloaded model
conv-50-qa-109,lexical_only,0.859177941189652,4.048699993290938,209.6296000017901,214.53747793627068,one shared preloaded model
conv-50-qa-110,lexical_only,0.859177941189652,4.458800001884811,565.5855000004522,570.9034779435266,one shared preloaded model
conv-50-qa-111,lexical_only,0.859177941189652,4.279900000256021,214.3588000035379,219.49787794498357,one shared preloaded model
conv-50-qa-112,lexical_only,0.859177941189652,4.772500004037283,229.52050000458257,235.1521779498095,one shared preloaded model
conv-50-qa-113,lexical_only,0.859177941189652,4.521100003330503,210.05049999803305,215.4307779425532,one shared preloaded model
conv-50-qa-114,lexical_only,0.859177941189652,4.8460999969393015,903.9183999993838,909.6236779375128,one shared preloaded model
conv-50-qa-115,lexical_only,0.859177941189652,4.379700003482867,229.24430000421125,234.48317794888376,one shared preloaded model
conv-50-qa-116,lexical_only,0.859177941189652,4.189999999653082,227.33409999636933,232.38327793721206,one shared preloaded model
conv-50-qa-117,lexical_only,0.859177941189652,4.549500001303386,353.96059999766294,359.369277940156,one shared preloaded model
conv-50-qa-118,lexical_only,0.859177941189652,5.382000003010035,111.73279999638908,117.97397794058877,one shared preloaded model
conv-50-qa-119,lexical_only,0.859177941189652,7.465299997420516,492.2567999965395,500.58127793514967,one shared preloaded model
conv-50-qa-120,lexical_only,0.859177941189652,4.413599999679718,324.05149999976857,329.32427794063796,one shared preloaded model
conv-50-qa-121,lexical_only,0.859177941189652,4.220200004056096,143.12109999445966,148.2004779397054,one shared preloaded model
conv-50-qa-122,lexical_only,0.859177941189652,7.52469999861205,217.22049999516457,225.60437793496627,one shared preloaded model
conv-50-qa-123,lexical_only,0.859177941189652,4.044200002681464,1030.4037000023527,1035.307077946224,one shared preloaded model
conv-50-qa-124,lexical_only,0.859177941189652,4.608400005963631,333.5743999996339,339.0419779467872,one shared preloaded model
conv-50-qa-125,lexical_only,0.859177941189652,4.276799998478964,153.80910000385484,158.94507794352344,one shared preloaded model
conv-50-qa-126,lexical_only,0.859177941189652,4.6689000009791926,221.28089999750955,226.80897793967839,one shared preloaded model
conv-50-qa-127,lexical_only,0.859177941189652,4.1589999964344315,162.4794999952428,167.49767793286688,one shared preloaded model
conv-50-qa-128,lexical_only,0.859177941189652,7.453300000634044,161.60390000004554,169.91637794186923,one shared preloaded model
conv-50-qa-129,lexical_only,0.859177941189652,7.561800004623365,278.5504999992554,286.97147794506844,one shared preloaded model
conv-50-qa-130,lexical_only,0.859177941189652,4.4093999968026765,226.4967000010074,231.76527793899973,one shared preloaded model
conv-50-qa-131,lexical_only,0.859177941189652,3.980900000897236,551.515200000722,556.3552779428088,one shared preloaded model
conv-50-qa-132,lexical_only,0.859177941189652,4.491100000450388,949.6981000047526,955.0483779463926,one shared preloaded model
conv-50-qa-133,lexical_only,0.859177941189652,4.328299997723661,1133.017899999686,1138.2053779385994,one shared preloaded model
conv-50-qa-134,lexical_only,0.859177941189652,4.212600004393607,309.4751000026008,314.5468779481841,one shared preloaded model
conv-50-qa-135,lexical_only,0.859177941189652,4.688400003942661,987.3366000028909,992.8841779480232,one shared preloaded model
conv-50-qa-136,lexical_only,0.859177941189652,4.23399999999674,214.5678000015323,219.6609779427187,one shared preloaded model
conv-50-qa-137,lexical_only,0.859177941189652,4.0759000039543025,236.80479999893578,241.73987794407972,one shared preloaded model
conv-50-qa-138,lexical_only,0.859177941189652,4.1771000032895245,221.73299999849405,226.76927794297322,one shared preloaded model
conv-50-qa-139,lexical_only,0.859177941189652,3.9443999994546175,195.62189999851398,200.42547793915824,one shared preloaded model
conv-50-qa-140,lexical_only,0.859177941189652,5.943900003330782,233.76350000035018,240.5665779448706,one shared preloaded model
conv-50-qa-141,lexical_only,0.859177941189652,4.506500001298264,134.72639999963576,140.09207794212367,one shared preloaded model
conv-50-qa-142,lexical_only,0.859177941189652,7.668400001421105,225.5275999996229,234.05517794223366,one shared preloaded model
conv-50-qa-143,lexical_only,0.859177941189652,4.000599998107646,154.4521999967401,159.31197793603738,one shared preloaded model
conv-50-qa-144,lexical_only,0.859177941189652,7.620399999723304,227.49979999935022,235.97937794026316,one shared preloaded model
conv-50-qa-145,lexical_only,0.859177941189652,4.216000001179054,225.0869999988936,230.16217794126229,one shared preloaded model
conv-50-qa-146,lexical_only,0.859177941189652,4.047100002935622,155.12429999944288,160.03057794356815,one shared preloaded model
conv-50-qa-147,lexical_only,0.859177941189652,7.430099998600781,201.00169999932405,209.29097793911447,one shared preloaded model
conv-50-qa-148,lexical_only,0.859177941189652,4.377699995529838,810.0820999970892,815.3189779338087,one shared preloaded model
conv-50-qa-149,lexical_only,0.859177941189652,4.678699995565694,158.59490000002552,164.13277793678085,one shared preloaded model
conv-50-qa-150,lexical_only,0.859177941189652,8.039300002565142,232.9816999990726,241.88017794282737,one shared preloaded model
conv-50-qa-151,lexical_only,0.859177941189652,4.175699999905191,217.27739999914775,222.31227794024258,one shared preloaded model
conv-50-qa-152,lexical_only,0.859177941189652,4.077300000062678,427.39330000040354,432.3297779416559,one shared preloaded model
conv-50-qa-153,lexical_only,0.859177941189652,4.290099997888319,377.7464000013424,382.8956779404204,one shared preloaded model
conv-50-qa-154,lexical_only,0.859177941189652,4.121300000406336,178.41239999688696,183.39287793848294,one shared preloaded model
conv-50-qa-155,lexical_only,0.859177941189652,4.623599998012651,223.6436000021058,229.1263779413081,one shared preloaded model
conv-50-qa-156,lexical_only,0.859177941189652,4.279799999494571,425.9271999981138,431.06617793879803,one shared preloaded model
conv-50-qa-157,lexical_only,0.859177941189652,4.168499996012542,738.8070000015432,743.8346779387454,one shared preloaded model
conv-50-qa-158,lexical_only,0.859177941189652,6.151499997940846,228.86989999824436,235.88057793737485,one shared preloaded model
conv-50-qa-159,lexical_only,0.859177941189652,4.035800004203338,226.73699999722885,231.63197794262183,one shared preloaded model
conv-50-qa-160,lexical_only,0.859177941189652,4.381600003398489,221.93500000139466,227.1757779459828,one shared preloaded model
conv-50-qa-161,lexical_only,0.859177941189652,4.047799993713852,210.53800000663614,215.44497794153963,one shared preloaded model
conv-50-qa-162,lexical_only,0.859177941189652,4.031500000564847,227.419100003317,232.3097779450715,one shared preloaded model
conv-50-qa-163,lexical_only,0.859177941189652,4.306399998313282,227.17399999964982,232.33957793915275,one shared preloaded model
conv-50-qa-164,lexical_only,0.859177941189652,4.20039999880828,214.3223000020953,219.3818779420932,one shared preloaded model
conv-50-qa-165,lexical_only,0.859177941189652,4.0140999990399,253.23429999843938,258.10757793866895,one shared preloaded model
conv-50-qa-166,lexical_only,0.859177941189652,4.913199998554774,220.58699999615783,226.35937793590224,one shared preloaded model
conv-50-qa-167,lexical_only,0.859177941189652,4.065900000568945,223.09250000398606,228.01757794574465,one shared preloaded model
conv-50-qa-168,lexical_only,0.859177941189652,4.079099999216851,218.31370000290917,223.25197794331567,one shared preloaded model
conv-50-qa-169,lexical_only,0.859177941189652,4.039999999804422,235.64780000015162,240.54697794114568,one shared preloaded model
conv-50-qa-170,lexical_only,0.859177941189652,4.30929999856744,235.65870000311406,240.82717794287115,one shared preloaded model
conv-50-qa-171,lexical_only,0.859177941189652,4.216899993480183,194.0595999985817,199.13567793325151,one shared preloaded model
conv-50-qa-172,lexical_only,0.859177941189652,6.805599994549993,222.6888000004692,230.35357793620884,one shared preloaded model
conv-50-qa-173,lexical_only,0.859177941189652,4.123500002606306,204.6983000036562,209.68097794745213,one shared preloaded model
conv-50-qa-174,lexical_only,0.859177941189652,4.217200003040489,137.68879999406636,142.7651779382965,one shared preloaded model
conv-50-qa-175,lexical_only,0.859177941189652,5.458400002680719,498.1627000015578,504.4802779454282,one shared preloaded model
conv-50-qa-176,lexical_only,0.859177941189652,4.078600002685562,119.40480000339448,124.3425779472697,one shared preloaded model
conv-50-qa-177,lexical_only,0.859177941189652,4.085399996256456,223.15979999984847,228.10437793729457,one shared preloaded model
conv-50-qa-178,lexical_only,0.859177941189652,4.831199999898672,227.3879000058514,233.07827794693972,one shared preloaded model
conv-50-qa-179,lexical_only,0.859177941189652,4.175199996097945,220.5662000051234,225.60057794241098,one shared preloaded model
conv-50-qa-180,lexical_only,0.859177941189652,4.1621999989729375,234.07910000241827,239.10047794258085,one shared preloaded model
conv-50-qa-181,lexical_only,0.859177941189652,5.278399999951944,209.81580000079703,215.9533779419386,one shared preloaded model
conv-50-qa-182,lexical_only,0.859177941189652,4.444600002898369,152.71430000575492,158.01807794984293,one shared preloaded model
conv-50-qa-183,lexical_only,0.859177941189652,7.796900004905183,239.94599999423372,248.60207794032854,one shared preloaded model
conv-50-qa-184,lexical_only,0.859177941189652,4.248700002790429,233.2131000002846,238.32097794426468,one shared preloaded model
conv-50-qa-185,lexical_only,0.859177941189652,4.069000002346002,222.70169999683276,227.6298779403684,one shared preloaded model
conv-50-qa-186,lexical_only,0.859177941189652,3.9967999982764013,221.1137999984203,225.96977793788633,one shared preloaded model
conv-50-qa-187,lexical_only,0.859177941189652,4.167700004472863,222.61850000359118,227.64537794925369,one shared preloaded model
conv-50-qa-188,lexical_only,0.859177941189652,4.547399999864865,184.74789999891073,190.15447793996523,one shared preloaded model
conv-50-qa-189,lexical_only,0.859177941189652,4.653899995901156,208.78459999948973,214.29767793658053,one shared preloaded model
conv-50-qa-190,lexical_only,0.859177941189652,3.915699999197386,223.7438000011025,228.51867794148953,one shared preloaded model
conv-50-qa-191,lexical_only,0.859177941189652,4.126600004383363,233.07159999967553,238.05737794524853,one shared preloaded model
conv-50-qa-192,lexical_only,0.859177941189652,4.171799999312498,221.76970000145957,226.8006779419617,one shared preloaded model
conv-50-qa-193,lexical_only,0.859177941189652,4.233500003465451,211.52299999812385,216.61567794277894,one shared preloaded model
conv-50-qa-194,lexical_only,0.859177941189652,3.9279999982682057,214.2284000001382,219.01557793959606,one shared preloaded model
conv-50-qa-195,lexical_only,0.859177941189652,4.142400001001079,206.0946999990847,211.09627794127542,one shared preloaded model
conv-50-qa-196,lexical_only,0.859177941189652,4.20999999914784,123.33950000174809,128.40867794208557,one shared preloaded model
conv-50-qa-197,lexical_only,0.859177941189652,5.454400001326576,215.7011999952374,222.01477793775362,one shared preloaded model
conv-50-qa-198,lexical_only,0.859177941189652,4.330600000685081,206.2348000035854,211.42457794546013,one shared preloaded model
conv-50-qa-199,lexical_only,0.859177941189652,4.338800004916266,225.2375000025495,230.4354779486554,one shared preloaded model
conv-50-qa-200,lexical_only,0.859177941189652,3.862899997329805,214.45399999356596,219.1760779320854,one shared preloaded model
conv-50-qa-201,lexical_only,0.859177941189652,4.49289999960456,377.247600001283,382.5996779420772,one shared preloaded model
conv-50-qa-202,lexical_only,0.859177941189652,4.446800005098339,435.7453999982681,441.0513779445561,one shared preloaded model
conv-50-qa-203,lexical_only,0.859177941189652,4.124999999476131,425.46109999966575,430.44527794033155,one shared preloaded model
