example_id,agent,horizon,update_ms,read_ms,generation_ms,end_to_end_ms,model_loading_policy
syn-a6ba61c7f6022987,centered_zero,100,251.41889999940759,11.974600001849467,418.3085000004212,681.7020000016782,one shared preloaded model
syn-38eedc2c95f8c5b4,centered_zero,100,69.99410000207718,6.910200001584599,231.0795000012149,307.9838000048767,one shared preloaded model
syn-07d41f0782d8a3ec,centered_zero,100,98.91869999773917,10.537500002101297,330.74499999929685,440.2011999991373,one shared preloaded model
syn-fa271021cce39036,centered_zero,100,101.39049999997951,10.61919999847305,313.4740999994392,425.48379999789177,one shared preloaded model
syn-8632fc6b28ce057a,centered_zero,100,99.26270000141812,10.250300001644064,480.0404999987222,589.5535000017844,one shared preloaded model
syn-227faaf725799aff,centered_zero,100,102.24379999999655,10.35319999937201,821.2482000017189,933.8452000010875,one shared preloaded model
syn-c819b70cc3b711b6,centered_zero,100,74.8265000001993,10.8317000012903,203.79469999897992,289.4529000004695,one shared preloaded model
syn-f8dc00112ec91804,centered_zero,100,72.13100000080885,6.832899998698849,253.98330000098213,332.94720000048983,one shared preloaded model
syn-f97808cf18e3bdc1,centered_zero,100,86.88330000222777,10.20069999867701,1044.741100002284,1141.8251000031887,one shared preloaded model
syn-1ba0ad3803fd1aab,centered_zero,100,67.59600000077626,10.204400001384784,257.7462999979616,335.54670000012266,one shared preloaded model
syn-e89134deef96d28b,centered_zero,100,86.14689999740222,6.749899999704212,287.49669999888283,380.39349999598926,one shared preloaded model
syn-d3aec67bcbee5e27,centered_zero,100,99.33910000108881,10.397199999715667,301.5005999986897,411.2368999994942,one shared preloaded model
syn-c403dc8c5bbec2b6,centered_zero,100,71.97820000146748,6.908700001076795,233.76199999984237,312.64890000238665,one shared preloaded model
syn-928aaad0bd5f085f,centered_zero,100,92.41340000153286,6.6107000020565465,334.56809999916004,433.59220000274945,one shared preloaded model
syn-36b88d15de85d49d,centered_zero,100,86.20750000045518,10.13059999968391,435.6902999970771,532.0283999972162,one shared preloaded model
syn-ef8755c246c631fe,centered_zero,100,102.09219999887864,10.428599998704158,710.5251000029966,823.0459000005794,one shared preloaded model
syn-f8cdd1253dc96ca6,centered_zero,100,101.57020000042394,10.467299998708768,203.91100000051665,315.94849999964936,one shared preloaded model
syn-99f1a940ce32e3de,centered_zero,100,60.65440000020317,7.066000001941575,911.6946000031021,979.4150000052468,one shared preloaded model
syn-ae830d10e3e44454,centered_zero,100,78.89290000093752,7.39640000028885,477.06149999794434,563.3507999991707,one shared preloaded model
syn-7aec429f0ba8958c,centered_zero,100,100.3089000005275,10.21059999766294,626.9237999986217,737.4432999968121,one shared preloaded model
syn-7574e07600322df1,centered_zero,100,70.77289999870118,6.588600001123268,267.49869999912335,344.8601999989478,one shared preloaded model
syn-6596d6fb03744adc,centered_zero,100,84.69320000222069,10.29230000131065,324.7296000008646,419.71510000439594,one shared preloaded model
syn-8028bcd88896f9af,centered_zero,100,73.98059999832185,6.527900000946829,296.1879999966186,376.6964999958873,one shared preloaded model
syn-5b04b918e5d2f043,centered_zero,100,100.6876999999804,10.736000000179047,259.2346000019461,370.65830000210553,one shared preloaded model
syn-344d41a9584f8be4,centered_zero,100,100.23139999975683,9.762199999386212,450.0442999997176,560.0378999988607,one shared preloaded model
syn-1c50e11cb54a9a7c,centered_zero,100,74.99789999928907,7.166100000176812,608.2735000018147,690.4375000012806,one shared preloaded model
syn-d8bfd6728ae9bb83,centered_zero,100,101.59850000127335,10.74009999865666,353.3720999985235,465.7106999984535,one shared preloaded model
syn-9ac94e465129e6ee,centered_zero,100,71.79790000009234,6.771600001229672,764.1029000005801,842.6724000019021,one shared preloaded model
syn-8e5a6b17392849e9,centered_zero,100,78.03079999939655,6.676199998764787,508.2280999995419,592.9350999977032,one shared preloaded model
syn-6dfbc0e6fffb86d6,centered_zero,100,85.50180000020191,6.213599997863639,226.92359999928158,318.6389999973471,one shared preloaded model
syn-d95d1076f16608cf,centered_zero,100,79.02869999816176,6.871500001579989,590.2175000010175,676.1177000007592,one shared preloaded model
syn-67085f28c8a345d9,centered_zero,100,98.82500000094296,10.65309999830788,275.6370999995852,385.11519999883603,one shared preloaded model
syn-8b88cb5fd4c5e6fc,centered_zero,100,101.72719999900437,10.184800001297845,295.31670000142185,407.22870000172406,one shared preloaded model
syn-42df0ee7d8018963,centered_zero,100,67.94350000200211,6.74789999902714,292.2297000004619,366.92110000149114,one shared preloaded model
syn-e8acbc2c88369e51,centered_zero,100,61.642699998628814,7.364200002484722,480.9026000002632,549.9095000013767,one shared preloaded model
syn-a642a7089d9f162f,centered_zero,100,100.35920000154874,10.617699997965246,693.9987999976438,804.9756999971578,one shared preloaded model
syn-3f6a98eceeaf476b,centered_zero,100,75.93099999940023,9.942200002114987,188.43900000138092,274.31220000289613,one shared preloaded model
syn-bfb5882d7330d97f,centered_zero,100,83.87939999738592,7.46889999936684,696.7611000000034,788.1093999967561,one shared preloaded model
syn-cfa98bda62d92f7f,centered_zero,100,66.53979999828152,6.659499998932006,1055.000000000291,1128.1992999975046,one shared preloaded model
syn-534d1ab71809b51f,centered_zero,100,93.13079999992624,6.880599998112302,318.26839999848744,418.279799996526,one shared preloaded model
syn-76a54b251d992dd4,centered_zero,100,82.56640000035986,6.409999998140847,267.7774999974645,356.7538999959652,one shared preloaded model
syn-6f12022c8819f717,centered_zero,100,88.04799999779789,10.303899998689303,290.2185000020836,388.5703999985708,one shared preloaded model
syn-30a75d6754134879,centered_zero,100,97.71999999793479,10.17110000248067,322.1211999989464,430.01229999936186,one shared preloaded model
syn-a6ff96ac61f7c6c1,centered_zero,100,97.48400000171387,10.103100001288112,348.15639999942505,455.743500002427,one shared preloaded model
syn-91323a0ae9a650e7,centered_zero,100,79.22560000224621,6.565399999090005,381.05069999801344,466.84169999934966,one shared preloaded model
syn-9d9ad34b79849f2d,centered_zero,100,72.86029999886523,10.050099997897632,669.3721000010555,752.2824999978184,one shared preloaded model
syn-36b5b8f6c6bbf2cc,centered_zero,100,62.72579999858863,6.436899999243906,139.45860000239918,208.6213000002317,one shared preloaded model
syn-96244de128be170e,centered_zero,100,62.215999998443294,6.77949999953853,254.778599999554,323.7740999975358,one shared preloaded model
syn-3e8dcebdc4767103,centered_zero,100,72.82399999894551,8.78490000104648,506.36239999948884,587.9712999994808,one shared preloaded model
syn-8f7fdf0bdfb10d4a,centered_zero,100,62.13890000071842,10.073400000692345,616.617600000609,688.8299000020197,one shared preloaded model
syn-d4fda360fe6fdd4f,centered_zero,100,87.13740000166581,6.849900000815978,343.1075000007695,437.0948000032513,one shared preloaded model
syn-42ee4c7254b57eb8,centered_zero,100,100.27710000213119,10.80040000306326,297.30949999793665,408.3870000031311,one shared preloaded model
syn-feccf5e27bea7518,centered_zero,100,66.96720000036294,6.417799999326235,269.81270000032964,343.1977000000188,one shared preloaded model
syn-c01e14c5c8c50d03,centered_zero,100,101.02680000272812,10.976499997923383,303.69900000005146,415.70230000070296,one shared preloaded model
syn-cb15ba714ba5ec8f,centered_zero,100,101.45349999947939,10.84429999900749,427.86460000206716,540.162400000554,one shared preloaded model
syn-615f495f59b50927,centered_zero,100,63.691899998957524,6.516800000099465,637.3213000006217,707.5299999996787,one shared preloaded model
syn-a6cbf0e1e86a6450,centered_zero,100,99.46080000008806,10.694699998566648,150.15929999935906,260.31479999801377,one shared preloaded model
syn-57b966091e7ec699,centered_zero,100,74.63749999806168,7.233500000438653,262.800900000002,344.67189999850234,one shared preloaded model
syn-89f8450f6e93be24,centered_zero,100,93.3456999991904,7.513799999287585,520.23040000131,621.089899999788,one shared preloaded model
syn-e4cf69e50674883c,centered_zero,100,100.25599999789847,10.379299998021452,221.55689999999595,332.19219999591587,one shared preloaded model
syn-52dd73e2d68a5917,centered_zero,100,98.0146000001696,10.245899997244123,336.9157000015548,445.1761999989685,one shared preloaded model
syn-1a7e4a2f4f0fe9c6,centered_zero,100,63.7018999987049,6.67299999986426,272.4698999991233,342.84479999769246,one shared preloaded model
syn-e8ee9cee31093b93,centered_zero,100,100.44650000054389,10.33119999920018,302.4368999977014,413.2145999974455,one shared preloaded model
syn-1546004190558953,centered_zero,100,101.05549999934738,10.32889999987674,291.0974999977043,402.4818999969284,one shared preloaded model
syn-7858be5eb774eb5b,centered_zero,100,78.55550000022049,6.647199999861186,487.483599998086,572.6862999981677,one shared preloaded model
syn-fd59ad3a4d996680,centered_zero,100,99.974699998711,10.288500001479406,660.5103000001691,770.7735000003595,one shared preloaded model
syn-fc9a9858781e0d3a,centered_zero,100,99.79430000021239,10.3917000014917,395.77579999968293,505.961800001387,one shared preloaded model
syn-324d7fc5d16391c8,centered_zero,100,98.00900000118418,10.970999999699416,753.5338999987289,862.5138999996125,one shared preloaded model
syn-6e90d8e0c38e9334,centered_zero,100,100.4149000000325,10.291899998264853,256.59620000078576,367.3029999990831,one shared preloaded model
syn-8e5f564bbff2ec81,centered_zero,100,101.09620000002906,10.26570000249194,227.5444000006246,338.9063000031456,one shared preloaded model
syn-ad377a0c752a987e,centered_zero,100,99.12679999979446,10.191800000029616,320.96899999669404,430.2875999965181,one shared preloaded model
syn-fd23e7842d0bf088,centered_zero,100,99.56370000145398,10.37499999802094,348.6118000000715,458.55049999954645,one shared preloaded model
syn-9dce3e031398985d,centered_zero,100,63.5374999983469,9.245400000509107,393.9022999984445,466.6851999973005,one shared preloaded model
syn-cb9495248ba394a9,centered_zero,100,67.01299999986077,6.7975000019941945,226.49919999821577,300.30970000007073,one shared preloaded model
syn-d45c12362eae6b90,centered_zero,100,101.0113000011188,10.382200001913588,463.0211000003328,574.4146000033652,one shared preloaded model
syn-fe3b30dd29d66256,centered_zero,100,99.04569999707746,10.25370000206749,685.3297999987262,794.6291999978712,one shared preloaded model
syn-0f420473e95734a2,centered_zero,100,68.74339999922086,10.652200002368772,202.52869999967515,281.9243000012648,one shared preloaded model
syn-14c34fb5209acd83,centered_zero,100,77.39120000042021,7.40820000282838,340.78149999913876,425.58090000238735,one shared preloaded model
syn-323bc307f3b8489c,centered_zero,100,87.35439999873051,10.246600002574269,214.26249999785796,311.86349999916274,one shared preloaded model
syn-d1a98c9ebc2b2b63,centered_zero,100,96.45210000235238,10.29960000232677,584.6545000022161,691.4062000068952,one shared preloaded model
syn-8b8261103d0d9683,centered_zero,100,100.85069999695406,10.173399998166133,257.1734999983164,368.1975999934366,one shared preloaded model
syn-73911e04a0932499,centered_zero,100,99.64219999892521,10.497400002350332,322.84460000300896,432.9842000042845,one shared preloaded model
syn-85c77c5469482f47,centered_zero,100,64.18940000003204,6.41650000034133,313.6878000004799,384.2937000008533,one shared preloaded model
syn-1725a6155d089dde,centered_zero,100,98.44389999852865,7.040000000415603,252.85420000000158,358.33809999894584,one shared preloaded model
syn-fc05e77b7c242574,centered_zero,100,97.99290000228211,10.055999999167398,469.49970000059693,577.5486000020464,one shared preloaded model
syn-86308b042f251696,centered_zero,100,99.44570000152453,10.206299997662427,737.2786000014457,846.9306000006327,one shared preloaded model
syn-434e7ed49b935751,centered_zero,100,69.13880000138306,6.391399998392444,473.5813999977836,549.1115999975591,one shared preloaded model
syn-530c2c738f789d98,centered_zero,100,69.8967000025732,6.875499999296153,851.4527000006638,928.2249000025331,one shared preloaded model
syn-0c19d7397f14e5b6,centered_zero,100,73.58530000055907,10.085299996717367,487.34479999984615,571.0153999971226,one shared preloaded model
syn-a1612d852aaaaac3,centered_zero,100,65.54510000205482,6.692499999189749,520.3846999975212,592.6222999987658,one shared preloaded model
syn-c0220289c4182645,centered_zero,100,82.66849999927217,7.175999999162741,596.4292999997269,686.2737999981618,one shared preloaded model
syn-9e6843c042c117d6,centered_zero,100,85.11840000210213,6.537600002047839,323.5836999992898,415.2397000034398,one shared preloaded model
syn-0ac0bff8c97627a3,centered_zero,100,99.25259999727132,10.312800000974676,296.9942000017909,406.5596000000369,one shared preloaded model
syn-2125020456ee5ce0,centered_zero,100,67.26460000209045,6.556500000442611,317.0465000002878,390.86760000282084,one shared preloaded model
syn-2caa699fccb66b00,centered_zero,100,68.4627000009641,9.895499999402091,454.47499999863794,532.8331999990041,one shared preloaded model
syn-861af0982b3de585,centered_zero,100,62.36910000006901,6.294599999819184,628.231800001231,696.8955000011192,one shared preloaded model
syn-608838df8784d01b,centered_zero,100,63.445099996897625,6.338600000162842,181.46989999877405,251.25359999583452,one shared preloaded model
syn-114b81595c7d762a,centered_zero,100,99.0256999975827,10.818299997481517,826.3669000007212,936.2108999957854,one shared preloaded model
syn-4a863129f2275dc1,centered_zero,100,101.47760000108974,10.360300002503209,492.7149000031932,604.5528000067861,one shared preloaded model
syn-d2ca3d27b15e9657,centered_zero,100,101.27699999793549,10.11849999849801,320.15450000108103,431.54999999751453,one shared preloaded model
syn-0c9fef436275cdd9,centered_zero,100,63.29809999806457,6.325700000161305,290.7405000005383,360.3642999987642,one shared preloaded model
syn-f1d5d22bd7ee481d,centered_zero,100,99.43100000236882,9.99000000228989,320.32970000000205,429.75070000466076,one shared preloaded model
syn-a575cf643cb1c076,centered_zero,100,67.88610000148765,7.378999998763902,358.4235999987868,433.68869999903836,one shared preloaded model
syn-ee742f0c9f76781d,centered_zero,100,100.60890000022482,10.2149999984249,336.8692000003648,447.6930999990145,one shared preloaded model
syn-da5dd03ecb643f4d,centered_zero,100,103.34950000105891,10.65780000135419,476.1813999975857,590.1886999999988,one shared preloaded model
syn-326d673969961656,centered_zero,100,94.17000000030384,7.900399999925867,684.6699000016088,786.7403000018385,one shared preloaded model
syn-962a3810f04e9097,centered_zero,100,96.06250000069849,10.346499999286607,138.75890000053914,245.16790000052424,one shared preloaded model
syn-f0aad1f13f69b874,centered_zero,100,98.66640000109328,11.123099997348618,874.5589999998629,984.3484999983048,one shared preloaded model
syn-c2a05483a856b3ef,centered_zero,100,69.87500000104774,10.241399999358691,1022.227199999179,1102.3435999995854,one shared preloaded model
syn-e0cedd9b0e32d085,centered_zero,100,96.78989999883925,10.293600000295555,269.16780000101426,376.25130000014906,one shared preloaded model
syn-29a180ad2143328a,centered_zero,100,97.58019999935641,10.332199999538716,341.8149999997695,449.7273999986646,one shared preloaded model
syn-735f77503b2ba024,centered_zero,100,101.82630000053905,10.895999999775086,323.5077999997884,436.23010000010254,one shared preloaded model
syn-148ccbd3316665a4,centered_zero,100,69.8262000005343,6.822700001066551,241.62749999959487,318.2764000011957,one shared preloaded model
syn-3c75ee23c6f50e1b,centered_zero,100,97.97690000050352,10.230399999272777,272.2615999991831,380.4688999989594,one shared preloaded model
syn-f4dbe8e18b96050d,centered_zero,100,62.978000001749024,6.531499999255175,431.9190999995044,501.4286000005086,one shared preloaded model
syn-da9774599d83a1b5,centered_zero,100,74.45000000006985,6.444300001021475,703.3054999992601,784.1998000003514,one shared preloaded model
syn-2ef399e82e449faf,centered_zero,100,64.24889999834704,6.571800000529038,201.3120000010531,272.1326999999292,one shared preloaded model
syn-eb0f5ee31c508a61,centered_zero,100,99.31690000303206,10.763300000689924,748.777799999516,858.858000003238,one shared preloaded model
syn-cda71c350602bddf,centered_zero,100,100.50689999843598,10.392299998784438,1039.3766999986838,1150.2758999959042,one shared preloaded model
syn-28fa6f2fe12641b3,centered_zero,100,95.38990000146441,6.719599998177728,321.0105000034673,423.12000000310945,one shared preloaded model
syn-c20dfce1d761b522,centered_zero,100,97.64020000147866,9.992899998906069,299.65249999804655,407.2855999984313,one shared preloaded model
syn-7df1c817de9a1ea1,centered_zero,100,65.82890000208863,7.416100001137238,344.98399999938556,418.22900000261143,one shared preloaded model
syn-3c57b67fca1c10a3,centered_zero,100,97.18380000049365,6.441000001359498,290.6464000006963,394.27120000254945,one shared preloaded model
syn-0cbb31a1498b5e27,centered_zero,100,68.43540000045323,6.824799998867093,256.4716999986558,331.73189999797614,one shared preloaded model
syn-c69bdbfce61e9f10,centered_zero,100,100.90280000076746,10.400399998616194,413.6572999996133,524.960499998997,one shared preloaded model
syn-9129e328d0e87e58,centered_zero,100,98.55249999964144,10.22220000231755,322.88469999912195,431.65940000108094,one shared preloaded model
syn-c3a845f6f37328df,centered_zero,100,99.58459999688785,10.71099999899161,250.1138000006904,360.40939999656985,one shared preloaded model
syn-af9227c03b96e947,centered_zero,100,97.58069999952568,10.755100000096718,786.4262000002782,894.7619999999006,one shared preloaded model
syn-d30db6602c5e7bcf,centered_zero,100,64.08490000103484,6.463200003054226,534.6572999987984,605.2054000028875,one shared preloaded model
syn-2bcd2d10bf252a88,centered_zero,100,94.96080000099028,7.079400002112379,322.42179999957443,424.4620000026771,one shared preloaded model
syn-e69fbacb0ad339d8,centered_zero,100,63.13650000083726,6.516500001453096,315.0486999984423,384.70170000073267,one shared preloaded model
syn-f7dee247f844b523,centered_zero,100,79.9455999986094,7.1662999980617315,256.2359000003198,343.34779999699094,one shared preloaded model
syn-218ffaef8da3d8da,centered_zero,100,101.2592000006407,10.206299997662427,297.8244000005361,409.28989999883925,one shared preloaded model
syn-a31eb202acdba085,centered_zero,100,82.69039999868255,6.600500000786269,235.94349999984843,325.23439999931725,one shared preloaded model
syn-4dfded52a9bb2c90,centered_zero,100,63.52639999749954,6.703999999444932,403.7456999976712,473.97609999461565,one shared preloaded model
syn-cd947d2b8e2144b0,centered_zero,100,68.97810000009486,9.864400002697948,698.5870999997132,777.429600002506,one shared preloaded model
syn-6abe44228638f132,centered_zero,100,63.234199998987606,9.881899997708388,133.49939999898197,206.61549999567796,one shared preloaded model
syn-1258eab437601206,centered_zero,100,98.61019999880227,10.712799998145783,379.44380000044475,488.7667999973928,one shared preloaded model
syn-4d8e6dbc90583d69,centered_zero,100,98.28749999724096,10.71109999975306,747.7539999999863,856.7525999969803,one shared preloaded model
syn-a1a8b545941a8915,centered_zero,100,99.2766000017582,10.133499999938067,329.44839999981923,438.8585000015155,one shared preloaded model
syn-c0a5d6164a143c21,centered_zero,100,99.49249999772292,10.059899999760091,249.05520000174874,358.60759999923175,one shared preloaded model
syn-911a5b307c155365,centered_zero,100,99.48460000305204,10.48850000006496,339.6778999995149,449.6510000026319,one shared preloaded model
syn-bcca1bb50f9b9cef,centered_zero,100,99.1305999996257,10.428100002172869,327.53450000018347,437.09320000198204,one shared preloaded model
syn-c9e69c66406cd3b1,centered_zero,100,94.91649999836227,6.585099999938393,347.2790999985591,448.78069999685977,one shared preloaded model
syn-2becd65beee0364a,centered_zero,100,97.79580000031274,10.356500002671964,356.3369999974384,464.4893000004231,one shared preloaded model
syn-4dd85348c38c0357,centered_zero,100,73.10909999796422,6.616200000280514,670.9000000009837,750.6252999992284,one shared preloaded model
syn-f242b8cc2cb723b5,centered_zero,100,80.81700000184355,6.740099997841753,191.16280000162078,278.7199000013061,one shared preloaded model
syn-fbc447c0fcb7cfc8,centered_zero,100,91.33780000047409,7.245100001455285,791.5208999984316,890.1038000003609,one shared preloaded model
syn-a9f156119ea9fcd1,centered_zero,100,99.46660000059637,10.183999998844229,515.043199997308,624.6937999967486,one shared preloaded model
syn-a90c99e2e79a45d4,centered_zero,100,63.20849999974598,6.032999997842126,674.4891999987885,743.7306999963766,one shared preloaded model
syn-c5a2eb58a93f472f,centered_zero,100,99.57829999984824,10.55139999880339,598.4819000004791,708.6115999991307,one shared preloaded model
syn-ea7b327ba9b080c9,centered_zero,100,99.3945000009262,10.358899999118876,307.3380999994697,417.0914999995148,one shared preloaded model
syn-92715b9aee29e997,centered_zero,100,91.48309999727644,7.404700001643505,306.7373000012594,405.6251000001794,one shared preloaded model
syn-b766696c0d786013,centered_zero,100,66.06789999932516,10.422400002426002,318.05480000184616,394.5451000035973,one shared preloaded model
syn-d3d77d74b12e306a,centered_zero,100,84.03829999951995,11.21160000184318,498.8649999977497,594.1148999991128,one shared preloaded model
syn-48230ce25b5de2fa,centered_zero,100,83.62499999930151,6.658199999947101,328.52120000097784,418.80440000022645,one shared preloaded model
syn-7f6bff1d2ac7c3f3,centered_zero,100,97.6026999996975,10.273199997755,161.1518999998225,269.027799997275,one shared preloaded model
syn-f37c1fc0c7eaae06,centered_zero,100,87.6057999994373,7.225900000776164,780.042800000956,874.8745000011695,one shared preloaded model
syn-915a70d70da9799e,centered_zero,100,68.53829999818117,6.616499998926884,991.9849000034446,1067.1397000005527,one shared preloaded model
syn-2c4f2b37f5b601c4,centered_zero,100,99.20599999895785,10.25849999859929,298.4120000000985,407.8764999976556,one shared preloaded model
syn-27269f1dafd012f5,centered_zero,100,98.14600000026985,10.332900001230882,296.801399999822,405.28030000132276,one shared preloaded model
syn-fc4e5b6a2ef2e383,centered_zero,100,63.238999999157386,6.462299999839161,290.4223000005004,360.12359999949695,one shared preloaded model
syn-5d4106eaf2ee51c8,centered_zero,100,98.29430000172579,10.240600000543054,304.65019999974174,413.1851000020106,one shared preloaded model
syn-81331bee65710972,centered_zero,100,100.0333000010869,10.225399997580098,312.8039999974135,423.0626999960805,one shared preloaded model
syn-6795425cf8dabbc9,centered_zero,100,98.48440000132541,10.01170000017737,549.8546000017086,658.3507000032114,one shared preloaded model
syn-67983f23f948cb13,centered_zero,100,98.92970000146306,10.56359999711276,652.4045000005572,761.897799999133,one shared preloaded model
syn-312d206fb59e358d,centered_zero,100,99.56980000060867,10.305799998604925,390.7221000008576,500.5977000000712,one shared preloaded model
syn-b374ae5f8bdeb59c,centered_zero,100,98.79459999865503,10.759000000689412,919.3978000002971,1028.9513999996416,one shared preloaded model
syn-c4e2cf0cbaef3cc6,centered_zero,100,101.1106000005384,10.590800000500167,1380.2103999987594,1491.911799999798,one shared preloaded model
syn-e1486ac132d09f0e,centered_zero,100,99.16689999954542,10.36970000131987,636.1132000020007,745.649800002866,one shared preloaded model
syn-7863c0207b8e2373,centered_zero,100,88.60650000133319,7.381200000963872,618.8352999997733,714.8230000020703,one shared preloaded model
syn-9cbbfa64d29cb813,centered_zero,100,99.64749999926426,10.26350000029197,254.92599999779486,364.8369999973511,one shared preloaded model
syn-a65473d1d46ed2c6,centered_zero,100,76.07069999721716,6.900899999891408,290.28119999929913,373.2527999964077,one shared preloaded model
syn-2b046916be0cd392,centered_zero,100,99.80600000199047,10.335200000554323,299.9900999966485,410.1312999991933,one shared preloaded model
syn-72b8f748d5763fa5,centered_zero,100,63.63209999835817,10.060500000690809,329.03349999833154,402.7260999973805,one shared preloaded model
syn-9e74ef31f1615b66,centered_zero,100,88.58999999938533,6.749199998012045,679.0584000009403,774.3975999983377,one shared preloaded model
syn-00b96c3bac38cc42,centered_zero,100,106.50189999796567,11.03270000021439,204.15730000240728,321.69190000058734,one shared preloaded model
syn-952b966eee3f8c13,centered_zero,100,76.19029999841587,6.951900002604816,251.32350000058068,334.46570000160136,one shared preloaded model
syn-c8f1cb75a43de506,centered_zero,100,66.72790000084206,6.521700001030695,541.3503999989189,614.6000000007916,one shared preloaded model
syn-34a4a1cf2545d780,centered_zero,100,93.0530000005092,6.713499999023043,569.0155000011146,668.7820000006468,one shared preloaded model
syn-f36a532a7f829e27,centered_zero,100,87.52549999917392,6.565399999090005,254.83689999964554,348.92779999790946,one shared preloaded model
syn-3f66f6fab4661265,centered_zero,100,100.00349999972968,10.607600001094397,328.1648000011046,438.7759000019287,one shared preloaded model
syn-be86febc4b2804a6,centered_zero,100,98.45389999827603,10.446500000398373,227.07760000048438,335.9779999991588,one shared preloaded model
syn-eb0aba33a8e92d25,centered_zero,100,78.043899997283,9.98280000203522,299.9881000032474,388.0148000025656,one shared preloaded model
syn-de9cccc7c153bbf4,centered_zero,100,100.07920000134618,10.192899997491622,436.2497000001895,546.5217999990273,one shared preloaded model
syn-28812aeb523a4ea3,centered_zero,100,96.70439999899827,10.647299997799564,669.7568999989016,777.1085999956995,one shared preloaded model
syn-071e5a31b62e0a3b,centered_zero,100,63.80630000057863,6.595700000616489,387.51810000030673,457.92010000150185,one shared preloaded model
syn-c5f347691e4f1189,centered_zero,100,100.48549999919487,11.310000001685694,735.2472999991733,847.0428000000538,one shared preloaded model
syn-2541ac3e0cf6ae0f,centered_zero,100,78.1911999984004,7.242499999847496,550.5185000001802,635.9521999984281,one shared preloaded model
syn-1a12965cf6e9620a,centered_zero,100,65.27119999736897,6.539300000440562,250.54929999896558,322.3597999967751,one shared preloaded model
syn-833ee80d2a35282c,centered_zero,100,87.58780000061961,10.370500000135507,561.8693999967945,659.8276999975496,one shared preloaded model
syn-d71cb3ea0a850053,centered_zero,100,102.48429999774089,10.279400001309114,252.12639999881503,364.89009999786504,one shared preloaded model
syn-b58eb0dc1a3b98a9,centered_zero,100,98.47430000081658,10.400699997262564,298.14360000091256,407.0185999989917,one shared preloaded model
syn-f547811aa164f77c,centered_zero,100,98.98640000028536,10.254599998006597,242.718599998625,351.95959999691695,one shared preloaded model
syn-c2a992a405ca2108,centered_zero,100,89.72219999850495,10.307399999874178,444.13660000282107,544.1662000012002,one shared preloaded model
syn-ce2c8b075853cedc,centered_zero,100,98.16000000137137,6.556000000273343,715.2648999981466,819.9808999997913,one shared preloaded model
syn-687fc71335d706d6,centered_zero,100,65.76569999742787,6.918700000824174,131.37920000008307,204.06359999833512,one shared preloaded model
syn-6aece6dd34a4454c,centered_zero,100,101.10680000070715,11.008499997842591,744.4494000010309,856.5646999995806,one shared preloaded model
syn-b9f4fa3de270243b,centered_zero,100,97.98790000058943,10.392199998022988,1044.0631000019494,1152.4432000005618,one shared preloaded model
syn-7a9964e8147076b4,centered_zero,100,104.56580000027316,10.540399998717476,672.7779999964696,787.8841999954602,one shared preloaded model
syn-5afa3fb6102c079e,centered_zero,100,100.94030000254861,10.10630000018864,376.57819999731146,487.6248000000487,one shared preloaded model
syn-741bd6aa659cbb3a,centered_zero,100,98.33540000181529,10.395000001153676,347.00770000199554,455.7381000049645,one shared preloaded model
syn-e2066c5ef4eaa754,centered_zero,100,67.23829999828013,6.573099999513943,225.80569999990985,299.6170999977039,one shared preloaded model
syn-9ad6a91dae6541b0,centered_zero,100,99.25760000260198,10.46880000285455,269.52479999818024,379.25120000363677,one shared preloaded model
syn-0cc07eac74fee68f,centered_zero,100,101.28769999937504,10.741699999925913,304.4415000003937,416.47089999969467,one shared preloaded model
syn-06f1746d73db3d7a,centered_zero,100,63.68970000039553,6.452100002206862,665.6618000015442,735.8036000041466,one shared preloaded model
syn-af7777b30c76fe8f,centered_zero,100,98.71430000202963,10.451800000737421,202.97629999913624,312.1424000019033,one shared preloaded model
syn-a3df3702910d82c8,centered_zero,100,99.30789999998524,10.790399999677902,693.6083000000508,803.706599999714,one shared preloaded model
syn-1b32176f8ab0ad0d,centered_zero,100,69.42619999972521,6.5777999989222735,467.66180000122404,543.6657999998715,one shared preloaded model
syn-3c9a56c51e114ae8,centered_zero,100,61.94750000213389,6.390999998984626,257.7677999979642,326.1062999990827,one shared preloaded model
syn-4dc80c16468d7ae3,centered_zero,100,100.59570000157692,8.200000000215368,587.9313000004913,696.7270000022836,one shared preloaded model
syn-635cc36e60ec9abe,centered_zero,100,101.19669999767211,10.390300001745345,300.4341000014392,412.0211000008567,one shared preloaded model
syn-166e4d8638667138,centered_zero,100,97.94369999872288,10.078200000862125,301.19769999873824,409.21959999832325,one shared preloaded model
syn-4b2e3c750d96faf1,centered_zero,100,63.23510000220267,9.29300000279909,314.37910000022384,386.9072000052256,one shared preloaded model
syn-5c60aa247e7da516,centered_zero,100,91.06900000188034,6.649599999946076,176.8341999995755,274.5528000014019,one shared preloaded model
syn-363ae45960cbd6ea,centered_zero,100,80.77480000065407,7.687000001169508,695.4703999981575,783.9321999999811,one shared preloaded model
syn-202a222301f9a6d4,centered_zero,100,101.17969999919296,9.97329999881913,341.08199999900535,452.23499999701744,one shared preloaded model
syn-7cf12316980709f6,centered_zero,100,65.61449999935576,6.933100001333514,794.1844999986643,866.7320999993535,one shared preloaded model
syn-728e33df6904e39f,centered_zero,100,98.38590000072145,10.297000000718981,469.6994999976596,578.3823999991,one shared preloaded model
syn-5bd3e7c2aa979761,centered_zero,100,100.11500000109663,10.006500000599772,249.96570000075735,360.08720000245376,one shared preloaded model
syn-9f5692455ac5f9eb,centered_zero,100,68.69450000158395,8.512299998983508,283.0391999996209,360.24600000018836,one shared preloaded model
syn-d0e73d43fc27e780,centered_zero,100,101.20479999750387,10.42059999963385,298.8798999977007,410.5052999948384,one shared preloaded model
syn-70ea21787462e8bb,centered_zero,100,98.30570000121952,10.221599997748854,337.0152000024973,445.54250000146567,one shared preloaded model
syn-93ebae83f12babde,centered_zero,100,106.08140000113053,10.548400001425762,305.7102000020677,422.340000004624,one shared preloaded model
syn-80b5fa71901fb209,centered_zero,100,100.49110000181827,10.42310000048019,255.44299999819486,366.3572000004933,one shared preloaded model
syn-31a023f7ba9bc6ca,centered_zero,100,99.7693999997864,10.525700003199745,744.2768000000797,854.5719000030658,one shared preloaded model
syn-86c7f5c14844a928,centered_zero,100,98.32559999995283,10.81230000272626,250.72089999957825,359.85880000225734,one shared preloaded model
syn-a86b2bf35ce487cf,centered_zero,100,100.02700000040932,10.774300000775838,321.2039999998524,432.00530000103754,one shared preloaded model
syn-a191dd5bc4522c3f,centered_zero,100,81.47610000014538,7.07459999830462,483.94570000164094,572.496400000091,one shared preloaded model
syn-24c6eb89fa9bc77a,centered_zero,100,99.492299999838,10.46190000124625,296.53680000046734,406.4910000015516,one shared preloaded model
syn-7e9cddfe26e96d08,centered_zero,100,98.31760000088252,10.289199999533594,304.1260999998485,412.73290000026464,one shared preloaded model
syn-79244b5ea6e26a35,centered_zero,100,69.62120000025607,10.351799999625655,347.5548999995226,427.5278999994043,one shared preloaded model
syn-351b1f137e4c70f0,centered_zero,100,97.42990000086138,10.258800000883639,298.6211999996158,406.3099000013608,one shared preloaded model
syn-fe81b916e846f8e6,centered_zero,100,99.99709999829065,10.392799998953706,282.8589999990072,393.24889999625157,one shared preloaded model
syn-890454ea84307ccf,centered_zero,100,67.72370000180672,6.603400001040427,437.7662999977474,512.0934000005946,one shared preloaded model
syn-38ffd1c0f969d3ce,centered_zero,100,60.19459999879473,6.51349999679951,696.5143000015814,763.2223999971757,one shared preloaded model
syn-449f78fee2e31323,centered_zero,100,63.64480000047479,6.767500002752058,242.70700000124634,313.1193000044732,one shared preloaded model
syn-386d7fabe68c0b51,centered_zero,100,89.55480000076932,10.84419999824604,751.7340999984299,852.1330999974452,one shared preloaded model
syn-a53e008f5352ab7c,centered_zero,100,76.80540000001201,6.362500000250293,503.7333000000217,586.901200000284,one shared preloaded model
syn-2d7332919d82acd7,centered_zero,100,100.46570000122301,10.334599999623606,576.3470999991114,687.147399999958,one shared preloaded model
syn-4b43eb5a0d3f5e34,centered_zero,100,100.42619999876479,10.387000002083369,311.9583000006969,422.77150000154506,one shared preloaded model
syn-1c8165dfe7849318,centered_zero,100,65.21609999981592,6.5647999981592875,227.23490000134916,299.0157999993244,one shared preloaded model
syn-d3b9785b73055c98,centered_zero,100,100.72109999964596,10.155799998756265,348.7853000005998,459.66219999900204,one shared preloaded model
syn-eb6fed3bb3f62d98,centered_zero,100,74.98779999878025,9.892699999909382,316.9285000003583,401.80899999904796,one shared preloaded model
syn-413d807574a54fac,centered_zero,100,87.92069999981322,6.649300001299707,481.41449999820907,575.984499999322,one shared preloaded model
syn-8be08b3c364210f6,centered_zero,100,68.52419999995618,10.750499997811858,697.4988000001758,776.7734999979439,one shared preloaded model
syn-c73284e558f60ee0,centered_zero,100,89.090400000714,6.916499998624204,202.36909999948693,298.37599999882514,one shared preloaded model
syn-af7cdb39cb252396,centered_zero,100,79.99589999963064,8.375699999305652,719.0721999977541,807.4437999966904,one shared preloaded model
syn-6cb7e0329cf51091,centered_zero,100,98.73940000034054,10.09899999917252,551.7655000003288,660.6038999998418,one shared preloaded model
syn-7ff503cc87bf6b72,centered_zero,100,98.52379999938421,10.663799999747425,321.5416999992158,430.7292999983474,one shared preloaded model
syn-6409e2246567d47d,centered_zero,100,95.5221000003803,7.233099997392856,295.3955000011774,398.1506999989506,one shared preloaded model
syn-56a9578b1ca629d6,centered_zero,100,98.20740000213846,10.467200001585297,335.38250000128755,444.0571000050113,one shared preloaded model
syn-96125f8027ab183e,centered_zero,100,61.20389999705367,6.273800001508789,324.1093999968143,391.5870999953768,one shared preloaded model
syn-d108a25e35d2aec2,centered_zero,100,86.98050000020885,10.555000000749715,298.9472000008391,396.48270000179764,one shared preloaded model
syn-e505f665edac12f5,centered_zero,100,98.95950000282028,10.392599997430807,454.84790000045905,564.2000000007101,one shared preloaded model
syn-227123dfbfb3b60b,centered_zero,100,75.6708000008075,6.524000000354135,638.452099999995,720.6469000011566,one shared preloaded model
syn-a3509d974e84be76,centered_zero,100,98.92229999968549,10.397100002592197,210.7107999981963,320.030200000474,one shared preloaded model
syn-4db0fdc492341150,centered_zero,100,71.71960000050603,7.160799999837764,769.220199999836,848.1006000001798,one shared preloaded model
syn-ad343e5861a42f48,centered_zero,100,71.40910000089207,6.582999998499872,472.35229999932926,550.3443999987212,one shared preloaded model
syn-98938f2a750732e3,centered_zero,100,65.00080000114394,6.57130000035977,295.9539000003133,367.526000001817,one shared preloaded model
syn-588e0cf52a62ad07,centered_zero,100,76.80030000119586,6.655299999692943,320.13719999667956,403.59279999756836,one shared preloaded model
syn-3a2b16f76aac64a3,centered_zero,100,87.73020000080578,10.146500000701053,307.5721000022895,405.44880000379635,one shared preloaded model
syn-771747a46595b170,centered_zero,100,88.30870000019786,7.32639999841922,293.9678000002459,389.602899998863,one shared preloaded model
syn-b862e71029dd1141,centered_zero,100,96.95780000038212,10.249700000713347,360.19650000162073,467.4040000027162,one shared preloaded model
syn-ab82b68526b31cc1,centered_zero,100,98.20840000247699,7.062600001518149,475.2985000013723,580.5695000053674,one shared preloaded model
syn-0972954b0101952a,centered_zero,100,98.61450000244076,10.371100001066225,720.819099999062,829.804700002569,one shared preloaded model
syn-8e233e6259a3ff93,centered_zero,100,89.09179999682237,10.264000000461238,204.184999998688,303.5407999959716,one shared preloaded model
syn-d72c9b6d1c8b544c,centered_zero,100,88.49019999979646,10.754000002634712,679.5816999983799,778.8259000008111,one shared preloaded model
syn-2473152ac1131384,centered_zero,100,88.54849999988801,7.276499996805796,503.3817999974417,599.2067999941355,one shared preloaded model
syn-99c8100852c041ab,centered_zero,100,94.3152999971062,6.7559000017354265,216.40649999972084,317.47769999856246,one shared preloaded model
syn-c072bb6c30501eb5,centered_zero,100,101.02709999773651,10.445800002344185,299.050100002205,410.5230000022857,one shared preloaded model
syn-6ceaf5097ce9c759,centered_zero,100,64.77430000086315,6.413200000679353,325.7444000009855,396.931900002528,one shared preloaded model
syn-b22dac7d46c56ef7,centered_zero,100,67.5005000011879,6.398999998054933,250.64959999872372,324.54909999796655,one shared preloaded model
syn-a820901274815962,centered_zero,100,99.8381999997946,10.349999996833503,376.2626999996428,486.4508999962709,one shared preloaded model
syn-4d0c462a9611104c,centered_zero,100,73.9742000005208,6.50830000085989,467.3164999985602,547.7989999999409,one shared preloaded model
syn-966462fdc64001cb,centered_zero,100,100.34739999900921,10.296599997673184,724.4528999981412,835.0968999948236,one shared preloaded model
syn-aab7f6253fc3371c,centered_zero,100,101.433799998631,10.340500000893371,148.9027999996324,260.6770999991568,one shared preloaded model
syn-6cd597ee81f40259,centered_zero,100,65.69339999987278,7.042400000500493,683.4321999995154,756.1679999998887,one shared preloaded model
syn-ac63a94c62bb28b0,centered_zero,100,86.30780000021332,10.448299999552546,531.304000000091,628.0600999998569,one shared preloaded model
syn-caaf77c3bc556729,centered_zero,100,86.25690000189934,7.051399999909336,723.9740000004531,817.2823000022618,one shared preloaded model
syn-be57cd78365e7d1a,centered_zero,100,97.05759999997099,10.081500000524102,566.1141000018688,673.2532000023639,one shared preloaded model
syn-f8666490bec6d369,centered_zero,100,100.73600000032457,10.59960000202409,324.7283000018797,436.06390000422834,one shared preloaded model
syn-60ede6f62c127051,centered_zero,100,68.61629999912111,6.9908999976178166,322.2835999986273,397.89079999536625,one shared preloaded model
syn-3ca2daab899324eb,centered_zero,100,85.90059999914956,10.724700001446763,321.5761999999813,418.20150000057765,one shared preloaded model
syn-751ad704e49319a5,centered_zero,100,100.12139999889769,10.227599999780068,459.07979999901727,569.428799997695,one shared preloaded model
syn-1def9112232df49c,centered_zero,100,82.16619999802788,6.674399999610614,604.8098999999638,693.6504999976023,one shared preloaded model
syn-6d9bfb9f846bec63,centered_zero,100,100.99390000323183,10.286700002325233,179.79290000221226,291.0735000077693,one shared preloaded model
syn-6743c3c7d98bfc0e,centered_zero,100,82.73929999995744,6.936499998118961,305.45920000076876,395.13499999884516,one shared preloaded model
syn-01d7e9b6955f7473,centered_zero,100,97.00160000284086,7.254700001794845,1097.4550000028103,1201.711300007446,one shared preloaded model
syn-2e85e9170d30ba71,centered_zero,100,99.7934000006353,10.145300002477597,607.4743999997736,717.4131000028865,one shared preloaded model
syn-37671ca7cf5c1eb5,centered_zero,100,97.36619999966933,10.69659999848227,322.7573999974993,430.8201999956509,one shared preloaded model
syn-f4e3f903987f6c89,centered_zero,100,89.15849999903003,10.03859999764245,324.2017000011401,423.3987999978126,one shared preloaded model
syn-0baea2d67907d7b5,centered_zero,100,92.31280000312836,10.33129999996163,286.9492999998329,389.59340000292286,one shared preloaded model
syn-64b6c1ab320dbe67,centered_zero,100,101.50880000219331,10.472800000570714,315.8235999981116,427.80520000087563,one shared preloaded model
syn-ebbfd3d64aa3659e,centered_zero,100,99.59510000044247,10.087400001793867,436.3840000005439,546.0665000027802,one shared preloaded model
syn-9ba4c01860d01716,centered_zero,100,66.60349999947357,10.244500001135748,793.7012000002142,870.5492000008235,one shared preloaded model
syn-30ea2cdf2f968903,centered_zero,100,100.13809999873047,10.308299999451265,203.08099999965634,313.5273999978381,one shared preloaded model
syn-8c64fa1f197773be,centered_zero,100,95.81369999796152,9.318000000348547,733.1802000007883,838.3118999990984,one shared preloaded model
syn-73c6ca9be338f033,centered_zero,100,63.89830000262009,6.508999998914078,1051.67849999998,1122.0858000015141,one shared preloaded model
syn-6ecbb1c08f82c937,centered_zero,100,101.03279999748338,10.388399998191744,289.2165000012028,400.6376999968779,one shared preloaded model
syn-8353478fbb4bce27,centered_zero,500,364.22719999973197,13.433600001008017,340.92369999780203,718.584499998542,one shared preloaded model
syn-8067a297457aadf1,centered_zero,500,410.58200000043144,13.46660000126576,230.4294999994454,654.4781000011426,one shared preloaded model
syn-9e8353cffd162bec,centered_zero,500,427.9458999990311,13.099600000714418,254.63420000232873,695.6797000020742,one shared preloaded model
syn-1e2c00e04982df2b,centered_zero,500,461.481599999388,9.849099998973543,301.1855000004289,772.5161999987904,one shared preloaded model
syn-e2a2467ecd547dda,centered_zero,500,364.7737000028428,8.817600002657855,445.557999999437,819.1493000049377,one shared preloaded model
syn-bc62c7abfaca5c09,centered_zero,500,386.46890000018175,9.42869999926188,227.89470000134315,623.7923000007868,one shared preloaded model
syn-12612434405c931a,centered_zero,500,414.4483999989461,13.41600000159815,242.05870000150753,669.9231000020518,one shared preloaded model
syn-5a8a3408720382be,centered_zero,500,354.6169999972335,9.684200002084253,711.6733000002569,1075.9744999995746,one shared preloaded model
syn-59ea7db674f489a6,centered_zero,500,456.0106999997515,13.473099999828264,505.19550000171876,974.6793000012985,one shared preloaded model
syn-51d379101a7163b5,centered_zero,500,359.3271999998251,12.81590000144206,184.62130000261823,556.7644000038854,one shared preloaded model
syn-663a7412abfb842b,centered_zero,500,447.35639999998966,151.81550000124844,314.4925999986299,913.664499999868,one shared preloaded model
syn-0bd707dc615b2bc5,centered_zero,500,421.59320000064326,13.179700003092876,300.3424999988056,735.1154000025417,one shared preloaded model
syn-0ca214b154606a6d,centered_zero,500,424.2756999992707,13.371699998970143,312.80550000155927,750.4528999998001,one shared preloaded model
syn-1ad21a31a11954b1,centered_zero,500,318.98350000119535,11.901900001248578,301.18399999992107,632.069400002365,one shared preloaded model
syn-405db96ad499aad6,centered_zero,500,440.19739999930607,13.129100003425265,394.0001000009943,847.3266000037256,one shared preloaded model
syn-c73a7d7f2efdabea,centered_zero,500,456.3688000016555,13.240199998108437,661.8547999969451,1131.463799996709,one shared preloaded model
syn-d4551df4fe2ef435,centered_zero,500,358.84360000272864,9.325099999841768,128.65230000170413,496.82100000427454,one shared preloaded model
syn-f81cc5743ea53e86,centered_zero,500,441.03899999754503,13.797899999190122,816.9585999967239,1271.795499993459,one shared preloaded model
syn-4f19931c9987dbda,centered_zero,500,408.81460000309744,11.996000001090579,538.7234999980137,959.5341000022017,one shared preloaded model
syn-92c86a223d786491,centered_zero,500,439.5985000010114,13.277000001835404,262.7147999992303,715.5903000020771,one shared preloaded model
syn-2bb893798ac2dfa5,centered_zero,500,424.35159999877214,12.162099999841303,232.9293000002508,669.4429999988643,one shared preloaded model
syn-aa1bcd4e3305659c,centered_zero,500,431.14520000017365,10.174700000789016,324.7047000004386,766.0246000014013,one shared preloaded model
syn-0954cc37fabc8be3,centered_zero,500,394.3245000009483,13.250600000901613,287.36299999945913,694.9381000013091,one shared preloaded model
syn-6bb06c622660e647,centered_zero,500,389.0086000028532,10.156200001802063,329.8088999981701,728.9737000028254,one shared preloaded model
syn-0b1a59bdb0ab570e,centered_zero,500,459.01469999807887,12.988999998924555,459.41409999795724,931.4177999949607,one shared preloaded model
syn-23a203eef7bafa9b,centered_zero,500,453.10669999889797,13.276900001073955,776.0815000001458,1242.4651000001177,one shared preloaded model
syn-3b06b4335ee79d9c,centered_zero,500,384.97170000118786,13.1282000002102,165.77650000181166,563.8764000032097,one shared preloaded model
syn-ec94bad4956c840e,centered_zero,500,455.15639999939594,13.993000000482425,889.1363000002457,1358.285700000124,one shared preloaded model
syn-bc1c23717d0dfea3,centered_zero,500,435.0174999999581,13.220699998782948,491.3754000008339,939.613599999575,one shared preloaded model
syn-67712a9f8996e2e8,centered_zero,500,444.7637000012037,13.402399999904446,282.63089999745716,740.7969999985653,one shared preloaded model
syn-595c1a876191c126,centered_zero,500,431.832399997802,12.964199999260018,298.0394000005617,742.8359999976237,one shared preloaded model
syn-6467888e031efe81,centered_zero,500,380.5121000004874,9.357099999760976,288.8596000011603,678.7288000014087,one shared preloaded model
syn-bbf31960b39c5ee4,centered_zero,500,451.12109999899985,13.356299998122267,319.57990000228165,784.0572999994038,one shared preloaded model
syn-0a76bff023524251,centered_zero,500,447.50050000220654,13.344599999982165,323.5404999977618,784.3855999999505,one shared preloaded model
syn-ba162ae568464f78,centered_zero,500,389.3607999998494,8.951899999374291,467.8185000011581,866.1312000003818,one shared preloaded model
syn-b042f0c9791d9008,centered_zero,500,378.00440000137314,13.690600000700215,667.533399999229,1059.2284000013024,one shared preloaded model
syn-ea3960770a2ca4a7,centered_zero,500,420.1768999992055,9.535699999105418,127.05920000007609,556.771799998387,one shared preloaded model
syn-38219515a508a5d7,centered_zero,500,418.20109999753186,14.067500000237487,277.0636999994167,709.332299997186,one shared preloaded model
syn-d4c28ece94fb3953,centered_zero,500,369.6090999983426,13.273599997774,1347.563800001808,1730.4464999979245,one shared preloaded model
syn-f60a4dd25af4bf20,centered_zero,500,342.98320000016247,13.33620000150404,299.0792999989935,655.39870000066,one shared preloaded model
syn-f82cf59916809524,centered_zero,500,396.095800002513,13.187100001232466,299.86709999866434,709.1500000024098,one shared preloaded model
syn-8e294cf8f86f5d12,centered_zero,500,448.89270000203396,13.172900002246024,332.56799999799114,794.6336000022711,one shared preloaded model
syn-040517cd90cc897c,centered_zero,500,332.36439999745926,9.502900000370573,296.5483000007225,638.4155999985524,one shared preloaded model
syn-411fce6ee866bbb8,centered_zero,500,456.7093000005116,13.54429999992135,323.08539999939967,793.3389999998326,one shared preloaded model
syn-268c1d0c81c87f4b,centered_zero,500,411.52510000028997,13.095399997837376,296.8259000008402,721.4463999989675,one shared preloaded model
syn-b306cf68395776dd,centered_zero,500,458.09509999889997,13.606799999251962,325.7721000009042,797.4739999990561,one shared preloaded model
syn-689442af0e6a410d,centered_zero,500,398.9986999986286,9.249900002032518,203.22270000178833,611.4713000024494,one shared preloaded model
syn-313805301f447ead,centered_zero,500,450.3221000013582,13.687999999092426,276.7055000003893,740.7156000008399,one shared preloaded model
syn-38d674321a5aca1b,centered_zero,500,430.6094999992638,13.13529999970342,1066.616399999475,1510.3611999984423,one shared preloaded model
syn-213d87e5e07c8519,centered_zero,500,424.36889999953564,12.932500001625158,320.1962999992247,757.4977000003855,one shared preloaded model
syn-05a9edcf64ee42de,centered_zero,500,456.51509999879636,13.155999997252366,297.34889999963343,767.0199999956822,one shared preloaded model
syn-0475ce3a7577d7da,centered_zero,500,388.0617000031634,9.185800001432654,316.7732000001706,714.0207000047667,one shared preloaded model
syn-e08c5c69e450c217,centered_zero,500,293.0680999998003,9.311300000263145,324.1701999977522,626.5495999978157,one shared preloaded model
syn-436852fe9abb7dc5,centered_zero,500,455.2408999988984,13.483100003213622,242.459000000963,711.183000003075,one shared preloaded model
syn-271d5a470da86f7f,centered_zero,500,454.0848999968148,12.970299998414703,252.04219999795896,719.0973999931884,one shared preloaded model
syn-970a5b6630f65725,centered_zero,500,371.0871999974188,13.50319999983185,319.0763999991759,703.6667999964266,one shared preloaded model
syn-8a75ed949ee596bd,centered_zero,500,328.79220000177156,9.176399998978013,183.0960999977833,521.0646999985329,one shared preloaded model
syn-56c64830d8d53ebc,centered_zero,500,446.8373000017891,13.622799997392576,720.8487999996578,1181.3088999988395,one shared preloaded model
syn-811fbe3866bccdf8,centered_zero,500,357.92769999898155,9.105799999815645,969.3573000004108,1336.390799999208,one shared preloaded model
syn-d42090286816856c,centered_zero,500,405.7509999984177,13.864500000636326,749.9831999994058,1169.5986999984598,one shared preloaded model
syn-ffd8865e73eeab0e,centered_zero,500,342.6906000022427,8.83609999800683,497.0240000002377,848.5507000004873,one shared preloaded model
syn-784fd5d93b24c4f6,centered_zero,500,453.368300000875,13.314600000740029,258.25410000106785,724.9370000026829,one shared preloaded model
syn-ea8d41b6d999d548,centered_zero,500,335.7603000004019,12.985800000024028,335.70200000031036,684.4481000007363,one shared preloaded model
syn-d909cdb8cfcc9eb8,centered_zero,500,408.58859999934793,13.796900002489565,265.308099998947,687.6936000007845,one shared preloaded model
syn-23c6931c183f4ac9,centered_zero,500,460.48810000138474,13.145699998858618,376.4129999981378,850.0467999983812,one shared preloaded model
syn-d3743cb521c05762,centered_zero,500,450.4056000005221,13.142599997081561,297.28109999996377,760.8292999975674,one shared preloaded model
syn-c6956e0b7b8bbe93,centered_zero,500,450.86649999939254,13.330599998880643,250.3088999983447,714.5059999966179,one shared preloaded model
syn-2c235f94902c2fbd,centered_zero,500,370.1099999998405,10.298900000634603,843.2479000002786,1223.6568000007537,one shared preloaded model
syn-5c84268454890acb,centered_zero,500,303.03469999853405,13.003100000787526,1063.7863000010839,1379.8241000004055,one shared preloaded model
syn-4d04fd9eb9e444fa,centered_zero,500,410.2160000002186,9.182600002532126,609.4597000010253,1028.858300003776,one shared preloaded model
syn-6acbf48ac4868565,centered_zero,500,420.6311000016285,8.985299999039853,299.67799999940326,729.2944000000716,one shared preloaded model
syn-cb4f29b8d39beaf7,centered_zero,500,365.81529999966733,13.26379999954952,318.7331999979506,697.8122999971674,one shared preloaded model
syn-bdecfe39479ce931,centered_zero,500,405.1255999984278,13.037400000030175,324.1105000015523,742.2735000000102,one shared preloaded model
syn-07d4c2689189fd19,centered_zero,500,439.27629999961937,13.462499999150168,231.48639999999432,684.2251999987639,one shared preloaded model
syn-b0094bd3bc25f838,centered_zero,500,442.7192000002833,13.022400002228096,428.5181000013836,884.259700003895,one shared preloaded model
syn-c576d54a7fdd7ade,centered_zero,500,452.4060000003374,13.174600000638748,698.6944999989646,1164.2750999999407,one shared preloaded model
syn-ca1da64f4b7250ab,centered_zero,500,448.69420000031823,13.272500000311993,203.09850000194274,665.065200002573,one shared preloaded model
syn-400d16042183536f,centered_zero,500,412.78260000035516,13.996399997267872,718.2874999998603,1145.0664999974833,one shared preloaded model
syn-2fe6bde59301602d,centered_zero,500,432.50389999957406,9.425599997484824,507.22659999883035,949.1560999958892,one shared preloaded model
syn-e4e5255b50b15865,centered_zero,500,445.9558999988076,9.111999999731779,176.8378999986453,631.9057999971847,one shared preloaded model
syn-8e029986a2e4be7e,centered_zero,500,377.90859999950044,13.030999998591142,322.4668000002566,713.4063999983482,one shared preloaded model
syn-d460ec92ff2d1e65,centered_zero,500,372.8990999989037,13.323399998625973,304.55240000082995,690.7748999983596,one shared preloaded model
syn-c7b7f75556d5e436,centered_zero,500,452.24059999964084,13.090599997667596,302.11120000240044,767.4423999997089,one shared preloaded model
syn-729b066ef4e121a1,centered_zero,500,453.2881000013731,13.289599999552593,298.75429999810876,765.3319999990345,one shared preloaded model
syn-383ddb0c41c5feef,centered_zero,500,438.42899999799556,13.224099999206373,437.6907999976538,889.3438999948557,one shared preloaded model
syn-50d0f73de6cd03fd,centered_zero,500,454.2064000015671,13.225399998191278,740.8331000006001,1208.2649000003585,one shared preloaded model
syn-49216263546f83c9,centered_zero,500,456.52680000057444,13.337100001081126,180.0796999996237,649.9436000012793,one shared preloaded model
syn-3d8ea15d71265a5d,centered_zero,500,457.73800000097253,13.704200002393918,320.8916000003228,792.3338000036892,one shared preloaded model
syn-e71f9cfdd7e12520,centered_zero,500,454.1180999985954,13.107700000546174,531.7241999982798,998.9499999974214,one shared preloaded model
syn-db387682b1226cfa,centered_zero,500,414.33780000079423,13.206300001911586,306.9361000016215,734.4802000043273,one shared preloaded model
syn-57cbb0340d075fa2,centered_zero,500,381.29290000142646,13.283800002682256,262.07939999949303,656.6561000036018,one shared preloaded model
syn-9df98212cdc08358,centered_zero,500,456.5957000013441,13.189299999794457,326.181299999007,795.9663000001456,one shared preloaded model
syn-a1d1ea15e7221800,centered_zero,500,408.3502000030421,7.540099999459926,298.21290000109,714.1032000035921,one shared preloaded model
syn-2f4dce5ad69b3fa1,centered_zero,500,281.8412000015087,8.666999998240499,263.2432999998855,553.7514999996347,one shared preloaded model
syn-7094b0e8de069d3a,centered_zero,500,386.8442999992112,9.152099999482743,377.59379999988596,773.5901999985799,one shared preloaded model
syn-97802e05ca9a2d1c,centered_zero,500,415.4936999984784,9.680899998784298,661.7914999987988,1086.9660999960615,one shared preloaded model
syn-d604fecf4b0498cd,centered_zero,500,304.3188999981794,13.288099999044789,367.45929999960936,685.0662999968335,one shared preloaded model
syn-64c1006806b1711d,centered_zero,500,450.46480000019073,13.410499999736203,756.9103999994695,1220.7856999993965,one shared preloaded model
syn-4a8e3cff5312d6b5,centered_zero,500,307.91769999996177,8.832000003167195,419.8337999987416,736.5835000018706,one shared preloaded model
syn-f940283a7af1f768,centered_zero,500,425.2057000012428,9.888000000501052,336.9027000007918,771.9964000025357,one shared preloaded model
syn-00d8e9ad93855ab3,centered_zero,500,341.16399999766145,9.045800001331372,253.226499997254,603.4362999962468,one shared preloaded model
syn-b66b18aeb0ff8c75,centered_zero,500,454.5295999996597,13.261500000226079,277.0442999972147,744.8353999971005,one shared preloaded model
syn-689eaa13f442395a,centered_zero,500,402.93540000129724,13.229000000137603,272.28570000079344,688.4501000022283,one shared preloaded model
syn-47679c7bc2515e7e,centered_zero,500,452.6694000014686,13.400100000581006,346.727699998155,812.7972000002046,one shared preloaded model
syn-8defe53d696d1e04,centered_zero,500,456.0925999976462,13.263499997265171,448.7531000013405,918.1091999962518,one shared preloaded model
syn-958fef865bbe0110,centered_zero,500,388.9684000023408,9.010500001750188,634.1946999964421,1032.173600000533,one shared preloaded model
syn-4b17cac63cc0fd2e,centered_zero,500,368.7692999992578,13.28799999828334,203.2744999996794,585.3317999972205,one shared preloaded model
syn-c81b135ce954f21d,centered_zero,500,371.35660000058124,13.749400000961032,799.0024000027915,1184.1084000043338,one shared preloaded model
syn-a4421f1dbd3fdf53,centered_zero,500,427.7541999981622,13.135900000634138,497.2063999994134,938.0964999982098,one shared preloaded model
syn-007bd7d84108708c,centered_zero,500,343.2162999997672,11.557599998923251,261.1739999993006,615.947899997991,one shared preloaded model
syn-33695a5bdb03a768,centered_zero,500,428.9161000015156,13.068000000203028,249.7204999999667,691.7046000016853,one shared preloaded model
syn-338c6b26a5bc1a7c,centered_zero,500,453.7330000021029,13.381100001424784,268.9815000012459,736.0956000047736,one shared preloaded model
syn-e228218af7df0e27,centered_zero,500,416.75199999735923,13.22029999937513,261.7771000004723,691.7493999972066,one shared preloaded model
syn-fcc74b53a32d5340,centered_zero,500,378.915400000551,9.306500000093365,351.9441000025836,740.166000003228,one shared preloaded model
syn-6f04fd80b4ec7429,centered_zero,500,448.7059999992198,13.132500000210712,422.10659999909694,883.9450999985274,one shared preloaded model
syn-5a2a82ec7118aced,centered_zero,500,411.27509999932954,13.30210000014631,735.5373999998847,1160.1145999993605,one shared preloaded model
syn-929180aaf784df2d,centered_zero,500,462.2879999988072,12.365200000203913,202.48349999747006,677.1366999964812,one shared preloaded model
syn-cb551660c3041446,centered_zero,500,315.4815000016242,13.643099999171682,781.6470000034315,1110.7716000042274,one shared preloaded model
syn-791a724e1d728c02,centered_zero,500,369.65199999758624,13.134900000295602,1066.6216999998142,1449.408599997696,one shared preloaded model
syn-bbb931a8ac8328af,centered_zero,500,411.44079999867245,13.20050000140327,663.5662000007869,1088.2075000008626,one shared preloaded model
syn-ebdd58edff7c66b4,centered_zero,500,337.3780000001716,8.937000002333662,320.01040000250214,666.3254000050074,one shared preloaded model
syn-dafad97333e5b987,centered_zero,500,457.0778999986942,13.318599998456193,409.9160000005213,880.3124999976717,one shared preloaded model
syn-0b201ce7670c1977,centered_zero,500,403.5939000023063,13.047299999016104,295.9649000003992,712.6061000017216,one shared preloaded model
syn-54b9cd4289abb716,centered_zero,500,454.86109999910695,13.186699998186668,335.2113000000827,803.2590999973763,one shared preloaded model
syn-8bf1c6019e2fc30d,centered_zero,500,425.8321999986947,13.392000000749249,447.0737999981793,886.2979999976233,one shared preloaded model
syn-f6299fe4338ea2f7,centered_zero,500,456.35979999860865,13.001899998926092,688.8409000021056,1158.2025999996404,one shared preloaded model
syn-38e61cc36ea3e36e,centered_zero,500,401.43040000111796,13.189000001148088,202.79699999809964,617.4164000003657,one shared preloaded model
syn-197dc5be6d7f183f,centered_zero,500,445.82249999803025,13.982500000565778,838.9581999981601,1298.7631999967562,one shared preloaded model
syn-3ce9a38483b121d8,centered_zero,500,384.612300000299,13.238099996669916,249.9835999988136,647.8339999957825,one shared preloaded model
syn-47583ae995fed3de,centered_zero,500,434.3189999999595,9.783599998627324,309.2359000002034,753.3384999987902,one shared preloaded model
syn-84f146205390e1cd,centered_zero,500,412.8168999995978,9.273100000427803,352.41900000255555,774.5090000025812,one shared preloaded model
syn-028e71b6f78ee786,centered_zero,500,455.60569999724976,13.38699999905657,268.97079999980633,737.9634999961127,one shared preloaded model
syn-4bc94b80a83ab669,centered_zero,500,445.84780000150204,13.122899999871152,300.9118000009039,759.8825000022771,one shared preloaded model
syn-18c20066c2cb823b,centered_zero,500,428.8495000000694,13.34579999820562,371.37190000066767,813.5671999989427,one shared preloaded model
syn-9897592c844df47a,centered_zero,500,393.719499999861,8.950200000981567,208.38809999986552,611.0578000007081,one shared preloaded model
syn-f1a339235669aeb9,centered_zero,500,368.8341000015498,9.533600001304876,321.0696000023745,699.4373000052292,one shared preloaded model
syn-cfdf94c12c6fc750,centered_zero,500,336.7352999994182,7.977900000696536,165.85750000012922,510.57070000024396,one shared preloaded model
syn-d74d75f2f11faece,centered_zero,500,362.63639999742736,13.8611000002129,880.1674999995157,1256.664999997156,one shared preloaded model
syn-783c82d75d29289f,centered_zero,500,407.1492000002763,9.09259999752976,505.73420000000624,921.9759999978123,one shared preloaded model
syn-59238d3be02262dc,centered_zero,500,461.17149999918183,13.122100001055514,319.4731999974465,793.7667999976838,one shared preloaded model
syn-5a59b3e48be3ebf3,centered_zero,500,365.85229999764124,9.004899999126792,486.90519999945536,861.7623999962234,one shared preloaded model
syn-ff213c8fcd806780,centered_zero,500,422.9503999995359,8.972200001153396,280.93900000021677,712.861600000906,one shared preloaded model
syn-b53133f7f8a9ffec,centered_zero,500,417.91460000240477,8.702200000698213,234.7723999992013,661.3892000023043,one shared preloaded model
syn-e35eabac503525f5,centered_zero,500,400.52529999957187,13.434199998300755,258.05380000019795,672.0132999980706,one shared preloaded model
syn-f06e91bb302cec90,centered_zero,500,416.1243000016839,12.968900002306327,498.03780000002007,927.1310000040103,one shared preloaded model
syn-8e0605a240c5d9de,centered_zero,500,403.5401999972237,13.238000003184425,652.8730000027281,1069.6512000031362,one shared preloaded model
syn-e187101b9c61e6e0,centered_zero,500,438.04679999811924,13.161499999114312,202.86049999776878,654.0687999950023,one shared preloaded model
syn-0adbc4dcb9081517,centered_zero,500,457.8715999996348,14.10799999939627,764.473100000032,1236.452699999063,one shared preloaded model
syn-950a8c7f7b083c05,centered_zero,500,438.2402999981423,13.692299999092938,535.6480000009469,987.5805999981822,one shared preloaded model
syn-c33b261bc5974ad6,centered_zero,500,378.11320000037085,13.107000002491986,652.3673999981838,1043.5876000010467,one shared preloaded model
syn-5ae41b4c78656072,centered_zero,500,436.8828000006033,12.902400001621572,318.4127999993507,768.1980000015756,one shared preloaded model
syn-5e6cea10982a3491,centered_zero,500,433.85570000100415,13.437400000839261,242.2167000004265,689.5098000022699,one shared preloaded model
syn-393c8d17ecc49c08,centered_zero,500,447.92319999760366,8.837099998345366,235.04459999821847,691.8048999941675,one shared preloaded model
syn-ea7a1a0f2c892d07,centered_zero,500,426.006800000323,13.08489999792073,338.7019000001601,777.7935999984038,one shared preloaded model
syn-0e782853a7ea3314,centered_zero,500,332.6366000001144,8.928299997933209,422.547800000757,764.1126999988046,one shared preloaded model
syn-960381de09bea452,centered_zero,500,455.21350000126404,13.204299997596536,679.6223999990616,1148.0401999979222,one shared preloaded model
syn-6e1920560ba226cf,centered_zero,500,406.0191000025952,13.294500000483822,431.92609999823617,851.2397000013152,one shared preloaded model
syn-51d5124dceba73dc,centered_zero,500,304.3266999993648,13.877400000637863,746.0355000002892,1064.2396000002918,one shared preloaded model
syn-3eb2443275ddd447,centered_zero,500,342.9318999988027,9.480500000790926,422.1073000007891,774.5197000003827,one shared preloaded model
syn-8614bcc399988fce,centered_zero,500,352.73360000064713,8.865799998602597,244.3725999983144,605.9719999975641,one shared preloaded model
syn-3cdf107cfd43e0fd,centered_zero,500,354.52710000026855,9.036899999046,266.70110000122804,630.2651000005426,one shared preloaded model
syn-288492c196f1e57d,centered_zero,500,404.7415000022738,9.007399999973131,307.6775000008638,721.4264000031108,one shared preloaded model
syn-6aeddd7478f8dad1,centered_zero,500,302.4046999998973,8.83080000130576,232.9440000030445,544.1795000042475,one shared preloaded model
syn-f7ce21c285c45a2e,centered_zero,500,459.1439999967406,13.535899997805245,297.94549999860465,770.6253999931505,one shared preloaded model
syn-e3f6ba4e5a28c2de,centered_zero,500,375.0497000000905,9.207799997966504,406.61679999902844,790.8742999970855,one shared preloaded model
syn-b660cc0eacfc23b6,centered_zero,500,442.88500000038766,13.092299999698298,681.0411000005843,1137.0184000006702,one shared preloaded model
syn-b50f9f7062eca05f,centered_zero,500,436.63939999896684,9.962000000086846,198.32339999993565,644.9247999989893,one shared preloaded model
syn-0fc1f31ae9a93aa7,centered_zero,500,418.34039999957895,9.978899997804547,714.181200000894,1142.5004999982775,one shared preloaded model
syn-d2aeb79af2c427b5,centered_zero,500,442.51900000017486,13.247200000478188,250.49849999777507,706.2646999984281,one shared preloaded model
syn-62826ec1b9b4a016,centered_zero,500,453.2863999993424,12.99510000171722,274.50390000012703,740.7854000011866,one shared preloaded model
syn-d29f5aeb7170134e,centered_zero,500,364.81219999768655,13.071699999272823,565.4520000025514,943.3358999995107,one shared preloaded model
syn-a38b4624e16666f7,centered_zero,500,374.4187000011152,13.398399998550303,369.8218999998062,757.6389999994717,one shared preloaded model
syn-75b1ed43bc65fd9e,centered_zero,500,394.4966999988537,9.207600000081584,228.4561999986181,632.1604999975534,one shared preloaded model
syn-8494bae6d11ac2e7,centered_zero,500,379.08909999896423,9.292299997468945,286.56039999987115,674.9417999963043,one shared preloaded model
syn-7ee1f42a5629174b,centered_zero,500,373.7879000000248,9.080699997866759,304.03170000136015,686.9002999992517,one shared preloaded model
syn-3fe4991bf0c2ad44,centered_zero,500,379.3151999998372,13.20099999793456,685.158299998875,1077.6744999966468,one shared preloaded model
syn-1e2ecfd6d2f82460,centered_zero,500,371.8565999988641,13.273599997774,251.0217000017292,636.1518999983673,one shared preloaded model
syn-64cd3953dfea1b8a,centered_zero,500,294.6678999978758,9.747400003107032,313.2690000020375,617.6843000030203,one shared preloaded model
syn-8baac05c82412799,centered_zero,500,431.80410000059055,9.036899999046,478.71269999814103,919.5536999977776,one shared preloaded model
syn-6d1ad2459478a841,centered_zero,500,363.24039999817614,13.037600001553074,324.0431999984139,700.3211999981431,one shared preloaded model
syn-67f82b8b4f21c426,centered_zero,500,459.5408999994106,13.209000000642845,278.44769999865093,751.1975999987044,one shared preloaded model
syn-28a468ec5ccd074e,centered_zero,500,347.74149999793735,9.038199998030905,354.11820000081207,710.8978999967803,one shared preloaded model
syn-22ae75de761a6523,centered_zero,500,449.53869999881135,13.30989999769372,321.3458999998693,784.1944999963744,one shared preloaded model
syn-438d58bc4faa40a6,centered_zero,500,328.8441000004241,13.40639999762061,291.30410000288975,633.5546000009344,one shared preloaded model
syn-00b33be7e49faf14,centered_zero,500,344.3933999988076,9.158599998045247,404.91470000051777,758.4666999973706,one shared preloaded model
syn-0de255f30bd2a43b,centered_zero,500,457.02199999868753,13.110699997923803,677.1416999981739,1147.2743999947852,one shared preloaded model
syn-5b8adc69152415ba,centered_zero,500,436.73520000083954,13.29009999972186,203.8548999989871,653.8801999995485,one shared preloaded model
syn-7294b757a8e851e2,centered_zero,500,322.9103999983636,9.4429000018863,744.5937999982561,1076.947099998506,one shared preloaded model
syn-044b82cb725cda4f,centered_zero,500,452.58089999697404,13.216000003012596,847.8998999999021,1313.6967999998888,one shared preloaded model
syn-318d78f2ab7b3615,centered_zero,500,411.1049999992247,13.399000003119,296.4180999988457,720.9221000011894,one shared preloaded model
syn-6abf77247fcceec9,centered_zero,500,381.83720000233734,13.281700001243735,296.8509999991511,691.9699000027322,one shared preloaded model
syn-d820c6a8ffaad975,centered_zero,500,383.45919999846956,7.811100000253646,309.3823000017437,700.6526000004669,one shared preloaded model
syn-35e6eeacf4a5b0e7,centered_zero,500,413.2649000021047,7.725700001174118,345.89280000000144,766.8834000032803,one shared preloaded model
syn-5f13f7d39a6f9dd2,centered_zero,500,394.7779000009177,13.4909999978845,309.5611999997345,717.8300999985368,one shared preloaded model
syn-d79f56bbac52b78f,centered_zero,500,427.49449999973876,8.84530000257655,412.9983999991964,849.3382000015117,one shared preloaded model
syn-d94f9f88e7330cf3,centered_zero,500,453.81320000160486,13.222800000221469,333.93579999756184,800.9717999993882,one shared preloaded model
syn-9af8470ca231317c,centered_zero,500,441.02379999822006,9.428599998500431,154.89080000043032,605.3431999971508,one shared preloaded model
syn-016a620ea89d026c,centered_zero,500,433.06379999921774,9.506999998848187,365.15789999975823,807.7286999978242,one shared preloaded model
syn-0ab4f7c4f93101df,centered_zero,500,441.24250000095344,9.378700000524987,206.5230000007432,657.1442000022216,one shared preloaded model
syn-673ad9a7a3815527,centered_zero,500,347.28349999932107,13.167199998861179,280.3950999987137,640.845799996896,one shared preloaded model
syn-9637d112539c2596,centered_zero,500,399.6069000022544,12.260300001798896,298.37140000017826,710.2386000042316,one shared preloaded model
syn-9efd28a908d96377,centered_zero,500,424.13930000111577,13.245199999801116,321.7323999997461,759.116900000663,one shared preloaded model
syn-b5fd479043a1f5f0,centered_zero,500,435.91489999744226,7.62860000031651,254.71720000132336,698.2606999990821,one shared preloaded model
syn-b31097c5f8432523,centered_zero,500,456.4788999996381,13.197999996918952,323.7751000015123,793.4519999980694,one shared preloaded model
syn-e3988356cb634b76,centered_zero,500,337.3027000016009,9.109700000408338,432.74190000011004,779.1543000021193,one shared preloaded model
syn-b93d2fbde0d87e43,centered_zero,500,386.46540000263485,13.360600001760758,640.2024000017263,1040.028400006122,one shared preloaded model
syn-e6bb0f45ecff59ec,centered_zero,500,405.08690000206116,13.242699998954777,406.1941999971168,824.5237999981327,one shared preloaded model
syn-5de10839a991bd18,centered_zero,500,451.5481999987969,13.80559999961406,301.10939999940456,766.4631999978155,one shared preloaded model
syn-1d26b78349295a8c,centered_zero,500,445.7642000015767,9.338799998658942,470.25049999865587,925.3534999988915,one shared preloaded model
syn-13a80fedd9f32081,centered_zero,500,455.8842000005825,12.9806999975699,300.43619999923976,769.3010999973922,one shared preloaded model
syn-fc5e97f03a0bdaea,centered_zero,500,445.50579999850015,13.154399999621091,292.2495000020717,750.909700000193,one shared preloaded model
syn-05d8cf96104d2a05,centered_zero,500,394.78580000286456,8.824500000628177,288.75369999877876,692.3640000022715,one shared preloaded model
syn-10f60f169ff33d8a,centered_zero,500,355.23509999984526,9.335200000350596,302.69160000170814,667.261900001904,one shared preloaded model
syn-92e00dc4ce0b433f,centered_zero,500,429.10029999984545,13.278300000820309,325.37690000026487,767.7555000009306,one shared preloaded model
syn-8b04cba97d6011be,centered_zero,500,439.47320000006584,12.87390000288724,414.6623999986332,867.0095000015863,one shared preloaded model
syn-d5d82482f42433eb,centered_zero,500,399.7973000005004,13.187600001401734,749.1451999994752,1162.1301000013773,one shared preloaded model
syn-c11b77eb7b11634e,centered_zero,500,297.8564000004553,8.857299999363022,142.6327000008314,449.34640000064974,one shared preloaded model
syn-45838d23bff0c54b,centered_zero,500,404.6223999976064,13.66539999798988,819.1587000001164,1237.4464999957127,one shared preloaded model
syn-59a6301268ac351a,centered_zero,500,391.7728000014904,9.12859999880311,1112.1621999991476,1513.063599999441,one shared preloaded model
syn-51f7894767e333b4,centered_zero,500,435.82819999937783,13.125199999194592,595.7525999983773,1044.7059999969497,one shared preloaded model
syn-b2383b732780e64c,centered_zero,500,440.76459999996587,12.971500000276137,552.594600001612,1006.330700001854,one shared preloaded model
syn-8b0cbb2202ca8bee,centered_zero,500,402.4375000008149,9.138700002949918,319.2080000007991,730.7842000045639,one shared preloaded model
syn-3c99834715dc06fe,centered_zero,500,385.08469999942463,7.730799999990268,305.54660000052536,698.3620999999403,one shared preloaded model
syn-bbb693659e15d4a8,centered_zero,500,407.1003999997629,12.56439999997383,312.46180000016466,732.1265999999014,one shared preloaded model
syn-ae370afd87dce67b,centered_zero,500,405.56849999848055,13.058699998509837,445.91240000227117,864.5395999992616,one shared preloaded model
syn-d9bb103e78d1ea00,centered_zero,1000,689.9288999993587,8.854499999870313,286.7785999987973,985.5619999980263,one shared preloaded model
syn-6ce2e118d31157fe,centered_zero,1000,586.8451999995159,13.388800001848722,299.44459999751416,899.6785999988788,one shared preloaded model
syn-042dd477cdf0308a,centered_zero,1000,847.5073000008706,13.801199998852098,299.8814000020502,1161.189900001773,one shared preloaded model
syn-281283cfabfbdcea,centered_zero,1000,787.7986999992572,13.548300001275493,291.73850000006496,1093.0855000005977,one shared preloaded model
syn-8efa4ab49e1a80d2,centered_zero,1000,796.474799997668,13.202699999965262,400.73470000061207,1210.4121999982453,one shared preloaded model
syn-b17fc4077a328a69,centered_zero,1000,749.8889999988023,13.492000001861015,656.2795999998343,1419.6606000004977,one shared preloaded model
syn-7e6f50b922375dde,centered_zero,1000,590.1754000005894,13.701299998501781,250.73559999873396,854.6122999978252,one shared preloaded model
syn-fc2eb6d5aff91ebe,centered_zero,1000,615.4806000013195,14.176599997881567,742.0581999977003,1371.7153999969014,one shared preloaded model
syn-938ad03c92c97011,centered_zero,1000,579.8310000027413,13.213999998697545,541.8609000007564,1134.9059000021953,one shared preloaded model
syn-f6b8e9d890741e55,centered_zero,1000,765.3619000011531,13.623799997731112,255.4349000020011,1034.4206000008853,one shared preloaded model
syn-b36a5940cf945a14,centered_zero,1000,713.3355000005395,14.129300001513911,340.3571999988344,1067.8220000008878,one shared preloaded model
syn-0ed7b68c61dbfde9,centered_zero,1000,690.8273000008194,9.33660000009695,201.61749999897438,901.7813999998907,one shared preloaded model
syn-5fae0fa10fdf31d3,centered_zero,1000,851.3109999985318,9.664500001235865,329.4837000030384,1190.459200002806,one shared preloaded model
syn-dba8ca745e0a3cdc,centered_zero,1000,594.6764000000258,9.274100000766339,258.46349999847007,862.4139999992622,one shared preloaded model
syn-fcfb5732ec54f0c8,centered_zero,1000,739.0294000033464,13.271899999381276,387.6505000007455,1139.9518000034732,one shared preloaded model
syn-08effc2a25c11f9c,centered_zero,1000,793.8558999994711,7.932200001960155,283.8073999992048,1085.595500000636,one shared preloaded model
syn-9e6381dab1dfdb96,centered_zero,1000,810.1137000012386,13.521799999580253,251.1512999990373,1074.7867999998562,one shared preloaded model
syn-dca5cb7288e8636e,centered_zero,1000,714.0418999988469,8.568100001866696,322.35080000100425,1044.9608000017179,one shared preloaded model
syn-f4ff0a2d232530ca,centered_zero,1000,734.6600999990187,9.524799999780953,1069.8983000002045,1814.0831999990041,one shared preloaded model
syn-5f1b8d8a7822fd7e,centered_zero,1000,771.4627000023029,13.795399998343782,311.7607999993197,1097.0188999999664,one shared preloaded model
syn-94aba5b9e5062a27,centered_zero,1000,831.5225000005739,13.300300000992138,310.6176000001142,1155.4404000016802,one shared preloaded model
syn-3e6c511cd2b560d8,centered_zero,1000,705.0844000004872,13.374599999224301,316.6204999979527,1035.0794999976642,one shared preloaded model
syn-ac20d91143a0590b,centered_zero,1000,671.3846999991802,13.137399997503962,320.50709999748506,1005.0291999941692,one shared preloaded model
syn-0efffe40eebe4463,centered_zero,1000,695.382800000516,13.528700001188554,320.94830000278307,1029.8598000044876,one shared preloaded model
syn-b83885bc9e64ce19,centered_zero,1000,797.0322000001033,13.361000001168577,394.1460999994888,1204.5393000007607,one shared preloaded model
syn-ee19c3767fd74bed,centered_zero,1000,746.5167000009387,9.385400000610389,609.3177999973705,1365.2198999989196,one shared preloaded model
syn-7c2d788567f6ca4c,centered_zero,1000,879.4256000001042,8.92079999903217,160.2552000003925,1048.6015999995288,one shared preloaded model
syn-3a8019f3d5dc68c0,centered_zero,1000,843.4211000021605,14.015499997185543,831.0391999984859,1688.475799997832,one shared preloaded model
syn-e8c65398929f4acf,centered_zero,1000,826.5030999973533,13.55640000110725,767.9260999975668,1607.9855999960273,one shared preloaded model
syn-3f66ed559cedc115,centered_zero,1000,829.353600001923,13.523399997211527,251.70689999868046,1094.583899997815,one shared preloaded model
syn-12ccf1fda7a5ba55,centered_zero,1000,832.695799999783,13.41350000075181,318.01310000082594,1164.1224000013608,one shared preloaded model
syn-a12f2b7d49824e38,centered_zero,1000,649.844599996868,9.28139999814448,310.0028000008024,969.1287999958149,one shared preloaded model
syn-391e97cd74ab7f0a,centered_zero,1000,662.4310999977752,13.376599999901373,322.0205999969039,997.8282999945804,one shared preloaded model
syn-e720b237f4f6f0d3,centered_zero,1000,806.0186000002432,13.629100001708139,267.1525000005204,1086.8002000024717,one shared preloaded model
syn-8de662f9190a975f,centered_zero,1000,736.8955000019923,9.371899999678135,449.15000000037253,1195.417400002043,one shared preloaded model
syn-887cf2e03d326777,centered_zero,1000,842.2620999990613,13.381700002355501,710.9082999995735,1566.5521000009903,one shared preloaded model
syn-89035a06fe530ebf,centered_zero,1000,842.1130999995512,12.98750000205473,440.58369999766,1295.684299999266,one shared preloaded model
syn-cb5f2c3f5795cde4,centered_zero,1000,849.2770999982895,13.988599999720464,725.6827999990492,1588.9484999970591,one shared preloaded model
syn-81dc91cf54ed73d1,centered_zero,1000,845.7809999999881,13.399600000411738,557.6043000000936,1416.7849000004935,one shared preloaded model
syn-72347d36c62375b2,centered_zero,1000,776.0531000021729,13.290599999891128,322.9500999987067,1112.2938000007707,one shared preloaded model
syn-4bae06c6c4fc1f14,centered_zero,1000,639.029500001925,9.297600001445971,256.22889999795007,904.5560000013211,one shared preloaded model
syn-45a3475be0025375,centered_zero,1000,665.8181999991939,13.636400002724258,249.66529999801423,929.1198999999324,one shared preloaded model
syn-c5a53c1e41ca2f77,centered_zero,1000,723.9341999993485,13.431499999569496,332.79009999750997,1070.155799996428,one shared preloaded model
syn-f6773edb4955f847,centered_zero,1000,631.7693999990297,13.525300000765128,296.55349999666214,941.848199996457,one shared preloaded model
syn-58b316290cd24af7,centered_zero,1000,575.2310999996553,12.599499998032115,388.7877000015578,976.6182999992452,one shared preloaded model
syn-d48e529b99148b62,centered_zero,1000,643.8672000003862,13.47660000101314,762.5576999998884,1419.9015000012878,one shared preloaded model
syn-c59f2789c582ce72,centered_zero,1000,819.3099999989499,13.605000000097789,391.1713999987114,1224.0863999977591,one shared preloaded model
syn-439f1c31894cda85,centered_zero,1000,725.4319999992731,14.32579999891459,796.4733999979217,1536.2311999961094,one shared preloaded model
syn-bc315d39ab7b8d07,centered_zero,1000,582.1149000003061,9.61029999962193,1065.2346000024409,1656.9598000023689,one shared preloaded model
syn-ff528767efd5ed85,centered_zero,1000,807.3089999998047,13.363399997615488,650.9888000000501,1471.6611999974702,one shared preloaded model
syn-65c7958efb0596b8,centered_zero,1000,699.4196999985434,9.176300001854543,257.50170000173966,966.0977000021376,one shared preloaded model
syn-54f9c57cabda9bb7,centered_zero,1000,798.1978000025265,103.41189999962808,336.5295999974478,1238.1392999996024,one shared preloaded model
syn-b667d2c320a8600f,centered_zero,1000,814.782199999172,13.549600000260398,299.0163999966171,1127.3481999960495,one shared preloaded model
syn-a179f0ac6d5bd80b,centered_zero,1000,588.3228000020608,9.399499998835381,340.200200000254,937.9225000011502,one shared preloaded model
syn-0837b68c448c02ef,centered_zero,1000,821.2434999986726,13.786999999865657,484.46980000153417,1319.5003000000725,one shared preloaded model
syn-4cb03cf39f71f86d,centered_zero,1000,769.1035999996529,9.367700000439072,630.9054999983346,1409.3767999984266,one shared preloaded model
syn-81ff57e4c3f23708,centered_zero,1000,721.406399999978,13.490299999830313,197.30100000015227,932.1976999999606,one shared preloaded model
syn-d4eee0faf98bee16,centered_zero,1000,722.2379999984696,11.693700002069818,822.5549000017054,1556.4866000022448,one shared preloaded model
syn-8ccf977ded1bf95e,centered_zero,1000,761.7277999997896,13.773700000456301,566.4788999965822,1341.980399996828,one shared preloaded model
syn-aa50f0aa293375df,centered_zero,1000,804.2777999980899,13.359500000660773,602.9439000012644,1420.581200000015,one shared preloaded model
syn-3024acb3548890e1,centered_zero,1000,612.6951000005647,9.630600001401035,320.87289999981294,943.1986000017787,one shared preloaded model
syn-466bce93c4ee97a9,centered_zero,1000,817.2545999987051,13.84449999750359,349.23320000234526,1180.332299998554,one shared preloaded model
syn-ea86488068c8be5d,centered_zero,1000,666.7935000004945,9.579899997333996,304.6668999995745,981.040299997403,one shared preloaded model
syn-c93a303ba2cb0a5e,centered_zero,1000,814.1976999977487,9.541600000375183,320.47120000061113,1144.210499998735,one shared preloaded model
syn-39bd187f8d495145,centered_zero,1000,662.6160999985586,9.036899999046,381.25440000294475,1052.9074000005494,one shared preloaded model
syn-eacb4ffcbb2d86d7,centered_zero,1000,873.6070000013569,12.75530000202707,710.4153000000224,1596.7776000034064,one shared preloaded model
syn-5b845e0d83ffe943,centered_zero,1000,804.0989000000991,13.737400000536582,204.14030000029015,1021.9766000009258,one shared preloaded model
syn-67da6153707a7cf3,centered_zero,1000,759.4284000006155,8.895200000551995,740.2454999973997,1508.5690999985673,one shared preloaded model
syn-208a5f0e612e75dc,centered_zero,1000,751.7603000014788,9.499200001300778,180.4907000005187,941.7502000032982,one shared preloaded model
syn-3f0a998814cff481,centered_zero,1000,761.9948999999906,13.41849999880651,713.2144999995944,1488.6278999983915,one shared preloaded model
syn-bbf2766c5553d357,centered_zero,1000,632.0890000024519,13.189799999963725,300.3375000007509,945.6163000031665,one shared preloaded model
syn-28c5f4952dec1158,centered_zero,1000,663.7642999994569,13.76689999960945,347.23250000024564,1024.763699999312,one shared preloaded model
syn-f0710eb347d7f49f,centered_zero,1000,647.7122000032978,9.299100001953775,276.5241999986756,933.5355000039272,one shared preloaded model
syn-fae97a6c6007ca4b,centered_zero,1000,663.63519999868,13.80070000232081,252.4081000010483,929.8440000020491,one shared preloaded model
syn-26da2551ebdb99b0,centered_zero,1000,738.7062000016158,9.478600000875304,435.57549999968614,1183.7603000021772,one shared preloaded model
syn-d6a3c849308efc93,centered_zero,1000,708.70069999728,13.68960000036168,645.1587000010477,1367.5489999986894,one shared preloaded model
syn-5e831158aecf073c,centered_zero,1000,801.310700000613,14.031800001248484,252.10670000160462,1067.449200003466,one shared preloaded model
syn-0df1020fb1cfac7b,centered_zero,1000,846.4523000002373,14.278999999078223,749.5692999982566,1610.3005999975721,one shared preloaded model
syn-14895e28ff83d627,centered_zero,1000,763.9624000003096,9.422899998753564,567.447400000674,1340.832699999737,one shared preloaded model
syn-280893883faff475,centered_zero,1000,780.1581999992777,13.57310000094003,295.68429999926593,1089.4155999994837,one shared preloaded model
syn-64c9f4524a637e29,centered_zero,1000,679.5353999987128,13.344999999389984,325.9571999988111,1018.8375999969139,one shared preloaded model
syn-a059274c871b0476,centered_zero,1000,669.9224000003596,13.43789999737055,389.23520000025746,1072.5954999979876,one shared preloaded model
syn-62d3ee9ce3d7c7ac,centered_zero,1000,689.5317000016803,9.108100002777064,184.01510000330745,882.6549000077648,one shared preloaded model
syn-a3ab9227eebf5a53,centered_zero,1000,826.0858000030566,13.315000000147847,233.67770000186283,1073.0785000050673,one shared preloaded model
syn-eae30fdc794e4b34,centered_zero,1000,841.5006999966863,13.32909999837284,497.78909999804455,1352.6188999931037,one shared preloaded model
syn-48ca6ad89fc59895,centered_zero,1000,799.7513000009349,8.479099997202866,613.7048000018694,1421.9352000000072,one shared preloaded model
syn-500f7069b993394b,centered_zero,1000,682.7373000014632,9.542899999360088,182.4384999999893,874.7187000008125,one shared preloaded model
syn-9b96067dc9ef5446,centered_zero,1000,692.5974000005226,14.324699997814605,307.8788999991957,1014.8009999975329,one shared preloaded model
syn-7a3b2bb542adde01,centered_zero,1000,724.5058000007703,13.599400001112372,646.7415999977675,1384.84679999965,one shared preloaded model
syn-f7c0ebbe60722761,centered_zero,1000,650.442699999985,13.431699997454416,670.0754999983474,1333.9498999957868,one shared preloaded model
syn-dac579b4ce47aca7,centered_zero,1000,736.8160999976681,12.559399998281151,342.6322000013897,1092.007699997339,one shared preloaded model
syn-bcbefb9be90d6a25,centered_zero,1000,806.949199999508,13.484400002198527,352.2905999998329,1172.7242000015394,one shared preloaded model
syn-2695661d1bea2959,centered_zero,1000,740.4911000012362,13.27579999997397,321.7454999976326,1075.5123999988427,one shared preloaded model
syn-1b898866130111e0,centered_zero,1000,657.2736999987683,9.338799998658942,254.31409999873722,920.9265999961644,one shared preloaded model
syn-1a1996e4100eeaad,centered_zero,1000,709.4027000021015,13.306500000908272,439.32430000131717,1162.033500004327,one shared preloaded model
syn-8d77e003873ed40a,centered_zero,1000,763.8538999999582,9.471400000620633,697.1707999982755,1470.4960999988543,one shared preloaded model
syn-cdc296dc9c776cdb,centered_zero,1000,767.0854999996664,13.34859999769833,463.9504000006127,1244.3844999979774,one shared preloaded model
syn-8327f78363600d81,centered_zero,1000,776.5626000000339,13.923800001066411,299.5219000003999,1090.0083000015002,one shared preloaded model
syn-5e6ee2f73290048f,centered_zero,1000,809.1697999989265,13.377600000239909,229.91469999760739,1052.4620999967738,one shared preloaded model
syn-23e8742860b2a62a,centered_zero,1000,769.4189999965602,13.580800001363968,234.06600000089384,1017.065799998818,one shared preloaded model
syn-f04d6c7f370e4a29,centered_zero,1000,705.9305000002496,13.236099999630824,270.54320000024745,989.7098000001279,one shared preloaded model
syn-b80b2e97a4db7a97,centered_zero,1000,793.358700000681,13.514700000087032,301.05299999922863,1107.9263999999966,one shared preloaded model
syn-ba2a7ef9baa4b877,centered_zero,1000,714.2461000003095,9.268099998735124,273.0587999976706,996.5729999967152,one shared preloaded model
syn-71222cfc29e9341b,centered_zero,1000,848.9053999983298,13.470199999574106,301.25179999959073,1163.6273999974946,one shared preloaded model
syn-c28e151e0a17cca4,centered_zero,1000,754.1894999994838,13.289300000906223,415.1477999985218,1182.6265999989118,one shared preloaded model
syn-f146e261fff2b363,centered_zero,1000,591.6494999983115,13.45959999889601,264.8665999986406,869.9756999958481,one shared preloaded model
syn-bcc90fb9386303b5,centered_zero,1000,731.9538999981887,9.498300001723692,326.9427999985055,1068.394999998418,one shared preloaded model
syn-543acec00104d069,centered_zero,1000,755.7214999978896,14.11519999965094,729.3585000006715,1499.195199998212,one shared preloaded model
syn-a777a0449ca3fb5f,centered_zero,1000,743.9970999985235,13.357100000575883,513.6869999987539,1271.0411999978533,one shared preloaded model
syn-c06a91abc63c98c7,centered_zero,1000,703.6936000004061,9.075099998881342,594.3898000004992,1307.1584999997867,one shared preloaded model
syn-b99931850336a20f,centered_zero,1000,600.5237999997917,13.28529999955208,313.8561000014306,927.6652000007743,one shared preloaded model
syn-59385e24e872000c,centered_zero,1000,658.2206999992195,9.151999998721294,264.53740000215475,931.9101000000956,one shared preloaded model
syn-0892a57b654e40e8,centered_zero,1000,784.0895000008459,13.24679999743239,240.3544000007969,1037.6906999990752,one shared preloaded model
syn-fb34245e0892cc7a,centered_zero,1000,617.4019999998563,13.429300001007505,319.5813999991515,950.4127000000153,one shared preloaded model
syn-b08ae709b1c9d822,centered_zero,1000,849.5621000001847,9.376599999086466,419.4680000000517,1278.4066999993229,one shared preloaded model
syn-e2db30e7d5c4dde6,centered_zero,1000,730.1741000010225,13.638000000355532,694.9050000002899,1438.7171000016679,one shared preloaded model
syn-dd60639750ea62b4,centered_zero,1000,606.1509999999544,13.48869999856106,255.86200000179815,875.5017000003136,one shared preloaded model
syn-cbaa4569873ac834,centered_zero,1000,758.0625000009604,13.853099997504614,741.9325000009849,1513.84809999945,one shared preloaded model
syn-520903a645d5ecfb,centered_zero,1000,601.267199999711,13.302199997269781,516.811500001495,1131.3808999984758,one shared preloaded model
syn-5e9fd87a5016cddd,centered_zero,1000,663.1417999997211,13.490100001945393,294.13089999798103,970.7627999996475,one shared preloaded model
syn-f1b52658363e3b92,centered_zero,1000,776.2186999971163,13.375200000155019,623.3933000003162,1412.9871999975876,one shared preloaded model
syn-18b9d6ac9e7049fb,centered_zero,1000,740.4432999974233,13.527600000088569,321.86860000001616,1075.839499997528,one shared preloaded model
syn-008384cdd30eea44,centered_zero,1000,843.3390999998664,13.259899998956826,552.9697999991185,1409.5687999979418,one shared preloaded model
syn-ab404be3043d317f,centered_zero,1000,730.7354000004125,9.163499998976476,338.0777999991551,1077.976699998544,one shared preloaded model
syn-172454acf1cf66e2,centered_zero,1000,774.0076999980374,13.077799998427508,441.43220000114525,1228.5176999976102,one shared preloaded model
syn-27d81a44d9d7eb1d,centered_zero,1000,833.1618000011076,13.574499997048406,655.3578000020934,1502.0941000002495,one shared preloaded model
syn-d07f7ebc6d1de23b,centered_zero,1000,739.1743999978644,14.125900001090486,471.9938000016555,1225.2941000006103,one shared preloaded model
syn-a2663843442b6cc3,centered_zero,1000,871.6385999978229,9.586200001649559,673.3681000005163,1554.5928999999887,one shared preloaded model
syn-1cdee48c3989dff6,centered_zero,1000,760.0405999983195,13.306499997270294,531.1965000000782,1304.543599995668,one shared preloaded model
syn-c3e03635fe54efbb,centered_zero,1000,655.1596999997855,7.952299998578383,591.6288000007626,1254.7407999991265,one shared preloaded model
syn-f145453cd704f938,centered_zero,1000,755.1407999999356,10.408800000732299,329.82540000011795,1095.3750000007858,one shared preloaded model
syn-19a39e333ceb7176,centered_zero,1000,738.7721000013698,13.481699999829289,323.81270000041695,1076.066500001616,one shared preloaded model
syn-b2af4633bfb40235,centered_zero,1000,664.7615000001679,13.177900000300724,336.66599999924074,1014.6053999997093,one shared preloaded model
syn-2c55a3011f2a0d9a,centered_zero,1000,838.1140999990748,13.46229999762727,309.23710000206484,1160.813499998767,one shared preloaded model
syn-01c5f8e95e41a7a5,centered_zero,1000,700.6202999982634,12.6659000015934,423.11830000107875,1136.4045000009355,one shared preloaded model
syn-791e007bcf48f98c,centered_zero,1000,770.3312999983609,9.228899998561246,231.85370000283,1011.4138999997522,one shared preloaded model
syn-259b9d737befeb57,centered_zero,1000,674.3710000009742,9.294800001953263,406.0948999976972,1089.7607000006246,one shared preloaded model
syn-54b5a6194fc6fd8e,centered_zero,1000,605.5196999986947,13.969299998279894,802.9314999985218,1422.4204999954964,one shared preloaded model
syn-8f4277d9948d448f,centered_zero,1000,776.1525999994774,13.233599998784484,468.6031000019284,1257.9893000001903,one shared preloaded model
syn-e049688b82633c17,centered_zero,1000,740.0933999997505,10.583300001599127,663.8142000010703,1414.49090000242,one shared preloaded model
syn-50f7efbbd3b49e8b,centered_zero,1000,833.5055999996257,13.216200000897516,251.44120000186376,1098.163000002387,one shared preloaded model
syn-99e12498445b1b0e,centered_zero,1000,610.8577999984846,9.36350000120001,263.8253999975859,884.0466999972705,one shared preloaded model
syn-4af231d1b0ca07c3,centered_zero,1000,638.0194000012125,13.436400000500726,332.5877000024775,984.0435000041907,one shared preloaded model
syn-cf0443c64c602685,centered_zero,1000,642.8310000010242,13.4089999992284,236.40030000024126,892.6403000004939,one shared preloaded model
syn-0aa6427cb87ebeec,centered_zero,1000,653.4557000013592,13.368100000661798,464.96489999844925,1131.7887000004703,one shared preloaded model
syn-64d492d82aa73da9,centered_zero,1000,854.6007000004465,9.955600002285792,671.7083000003186,1536.2646000030509,one shared preloaded model
syn-a88929ba4de8e497,centered_zero,1000,727.3118999983126,9.545600001729326,181.19189999924856,918.0493999992905,one shared preloaded model
syn-82a7fca2c31d20c0,centered_zero,1000,820.0692999998864,10.90239999757614,256.0942000018258,1087.0658999992884,one shared preloaded model
syn-9c7c1e30084b964c,centered_zero,1000,842.487699999765,13.470099998812657,458.3271000010427,1314.2848999996204,one shared preloaded model
syn-2ca355b2ac8634a8,centered_zero,1000,699.9968000018271,13.318700002855621,549.8273000011977,1263.1428000058804,one shared preloaded model
syn-aa93861de0aaf495,centered_zero,5000,4111.579699998401,10.521999996853992,301.73540000032517,4423.8370999955805,one shared preloaded model
syn-1992f86a3e86fc6a,centered_zero,5000,3878.994499998953,14.035900003364077,298.98859999957494,4192.019000001892,one shared preloaded model
syn-04083234f85709e1,centered_zero,5000,4005.1321999999345,13.487500000337604,300.6414000010409,4319.261100001313,one shared preloaded model
syn-cb01db0eb7a2edd2,centered_zero,5000,3705.76599999913,13.753499999438645,302.46619999888935,4021.985699997458,one shared preloaded model
syn-621d2f30954c345e,centered_zero,5000,3854.4838999987405,13.541300002543721,447.0374000011361,4315.06260000242,one shared preloaded model
syn-283fe4a44583ec8e,centered_zero,5000,3783.853500000987,13.833599998179125,618.7728999975661,4416.459999996732,one shared preloaded model
syn-e1d8ea4b52f7b86c,centered_zero,5000,3661.9651000000886,9.288700002798578,426.7111000008299,4097.964900003717,one shared preloaded model
syn-b277d625d17584f5,centered_zero,5000,3865.6985000015993,14.304499996796949,907.6454999994894,4787.648499997886,one shared preloaded model
syn-feae35cacba6a43a,centered_zero,5000,3427.6890000001004,9.383100001286948,420.0641000024916,3857.136200003879,one shared preloaded model
syn-1c7e5d6f21986a25,centered_zero,5000,3738.9552000022377,11.80709999971441,325.88749999922584,4076.649800001178,one shared preloaded model
syn-834533c926250190,centered_zero,5000,3920.5862000017078,13.474399998813169,313.55009999970207,4247.610700000223,one shared preloaded model
syn-0a63273f5477a591,centered_zero,5000,3507.49359999827,9.485999999014894,271.7546999992919,3788.7342999965767,one shared preloaded model
syn-52610bf62333d9cb,centered_zero,5000,3683.6081000001286,13.520399999833899,329.8229000029096,4026.951400002872,one shared preloaded model
syn-821964f5a271aa9e,centered_zero,5000,3753.0285000029835,9.705399999802466,309.9755000002915,4072.7094000030775,one shared preloaded model
syn-084b033a28301180,centered_zero,5000,3706.3181000012264,9.386199999426026,385.4477999993833,4101.152100000036,one shared preloaded model
syn-bb91366853342eae,centered_zero,5000,3958.30819999901,13.74049999867566,673.9229000013438,4645.971599999029,one shared preloaded model
syn-c70d6c456e1f3caf,centered_zero,5000,3848.796099999163,10.220399999525398,204.3456999999762,4063.3621999986644,one shared preloaded model
syn-4b7b4e4e7cda9cdd,centered_zero,5000,3407.3210999995354,14.1951000005065,738.9731000002939,4160.489300000336,one shared preloaded model
syn-05a3818e49a3d01c,centered_zero,5000,3531.247099999746,9.081399999558926,187.60420000035083,3727.9326999996556,one shared preloaded model
syn-45a189501aa64aff,centered_zero,5000,3594.354299999395,13.664199999766424,300.932099999045,3908.9505999982066,one shared preloaded model
syn-8e55dab6334193ac,centered_zero,5000,3682.1170000002894,9.404799999174429,300.68129999926896,3992.203099998733,one shared preloaded model
syn-7078daef9fc885d5,centered_zero,5000,3329.8867999983486,9.586299998773029,266.8690999998944,3606.342199997016,one shared preloaded model
syn-30a8cdce438a3478,centered_zero,5000,3770.640099999582,13.58790000085719,233.47049999938463,4017.698499999824,one shared preloaded model
syn-c8ec446f9f1407cc,centered_zero,5000,4116.131399998267,13.790999997581821,323.79459999719984,4453.716999993048,one shared preloaded model
syn-1eea891acae77cae,centered_zero,5000,3733.803999999509,13.550600000598934,437.8988999997091,4185.253499999817,one shared preloaded model
syn-41f888c23d96d157,centered_zero,5000,3561.0407999993186,13.775499999610474,743.7442000009469,4318.560499999876,one shared preloaded model
syn-f845857e039afa6c,centered_zero,5000,3500.364499999705,10.093400000187103,202.8941999997187,3713.352099999611,one shared preloaded model
syn-ac6dfe3b37e5a013,centered_zero,5000,3847.207899998466,9.966200002963888,756.4549000016996,4613.6290000031295,one shared preloaded model
syn-15dd01e778ff5a78,centered_zero,5000,3551.190999998653,9.468899999774294,184.5939000013459,3745.253799999773,one shared preloaded model
syn-87378b8e75e2dd6a,centered_zero,5000,3858.091300000524,13.600499998574378,321.3396000028297,4193.031400001928,one shared preloaded model
syn-061b3d97b8960738,centered_zero,5000,3590.426099999604,13.471300000674091,300.87920000005397,3904.776600000332,one shared preloaded model
syn-490b8d010f4490c5,centered_zero,5000,3737.5111000001198,9.700200000224868,288.558500000363,4035.7698000007076,one shared preloaded model
syn-fe76d6c8fe9751ff,centered_zero,5000,3667.4949000007473,13.599300000350922,328.5744999993767,4009.668700000475,one shared preloaded model
syn-00a89a4a45a4d877,centered_zero,5000,3948.6882999990485,9.343300000182353,271.17640000142273,4229.208000000654,one shared preloaded model
syn-4732a0f163a6f5e5,centered_zero,5000,3443.9334999988205,13.477899999998044,490.412600000127,3947.8239999989455,one shared preloaded model
syn-81ea53ade157ad42,centered_zero,5000,3578.74890000312,13.711700001294957,725.4341999978351,4317.89480000225,one shared preloaded model
syn-3a0dace1bee727c3,centered_zero,5000,3816.728600002534,13.724000000365777,252.31750000239117,4082.770100005291,one shared preloaded model
syn-3d3cb10c80061638,centered_zero,5000,3557.248000000982,10.1280000017141,892.4457999964943,4459.82179999919,one shared preloaded model
syn-2a09864e418663ff,centered_zero,5000,3198.546700001316,9.593999999196967,185.64730000070995,3393.788000001223,one shared preloaded model
syn-ec6ef79969cd8dc7,centered_zero,5000,4038.211600000068,13.415699999313802,432.9276000025857,4484.554900001967,one shared preloaded model
syn-f77621b915dd593f,centered_zero,5000,3472.897399999056,9.560400001646485,259.84779999998864,3742.305600000691,one shared preloaded model
syn-151c38901bd6a67f,centered_zero,5000,3988.615199999913,13.654700000188313,245.8535000005213,4248.1234000006225,one shared preloaded model
syn-db951997c8dd6571,centered_zero,5000,3695.773300001747,9.335900002042763,260.65440000093076,3965.7636000047205,one shared preloaded model
syn-8b89503a51b386ea,centered_zero,5000,3135.9467999973276,9.397700003319187,185.1067999996303,3330.451300000277,one shared preloaded model
syn-63205549e97719a8,centered_zero,5000,3691.446500000893,13.617800002975855,434.5705000014277,4139.634800005297,one shared preloaded model
syn-c748ba52ac994805,centered_zero,5000,3867.8368000000773,13.675900001544505,1017.3141999985091,4898.826900000131,one shared preloaded model
syn-905cd0149f85c44d,centered_zero,5000,3501.7353000002913,9.788100000150735,530.6386000011116,4042.1620000015537,one shared preloaded model
syn-c1e6d9a8d1426ccd,centered_zero,5000,3582.4573999998393,9.686199999123346,964.6417999974801,4556.785399996443,one shared preloaded model
syn-5a60149bb7d0d331,centered_zero,5000,3513.018199999351,13.629700002638856,443.9420999988215,3970.5900000008114,one shared preloaded model
syn-085b48c1c01765d8,centered_zero,5000,3861.056000001554,13.607500000944128,298.80580000099144,4173.4693000034895,one shared preloaded model
syn-983ee8cd7cfab2b2,centered_zero,5000,3254.6514999994542,9.47239999732119,306.5391999989515,3570.663099995727,one shared preloaded model
syn-62914c9ecfadb05c,centered_zero,5000,3774.6409000028507,9.657499998866115,234.96109999905457,4019.2595000007714,one shared preloaded model
syn-d33602a2444f791a,centered_zero,5000,3682.64740000086,13.559400002122857,340.61530000326457,4036.8221000062476,one shared preloaded model
syn-84c0416f23825ae8,centered_zero,5000,3785.6597999998485,9.417900000698864,274.646699999721,4069.7244000002684,one shared preloaded model
syn-91feb287d382e59b,centered_zero,5000,3696.6882000015175,13.739099998929305,477.47639999943203,4187.903699999879,one shared preloaded model
syn-0238640a9f4d82ca,centered_zero,5000,3885.774599999422,13.813900000968715,751.223300001584,4650.811800001975,one shared preloaded model
syn-63b0f61512efcc7b,centered_zero,5000,3449.8482000017248,9.411399998498382,203.59090000056312,3662.8505000007863,one shared preloaded model
syn-7b60a34c510e7d77,centered_zero,5000,3483.804200001032,14.223199999833014,837.578400001803,4335.605800002668,one shared preloaded model
syn-aef5fcb957e2b2ae,centered_zero,5000,3339.3578000031994,9.386500001710374,327.2176999998919,3675.9620000048017,one shared preloaded model
syn-89e193275b5f85b9,centered_zero,5000,3525.253399999201,13.69890000205487,558.1977999972878,4097.150099998544,one shared preloaded model
syn-723cfc0a3cdbbe70,centered_zero,5000,3620.1567000025534,13.42339999973774,292.0310999979847,3925.611200000276,one shared preloaded model
syn-b497e7cf4d12d853,centered_zero,5000,3696.441299998696,14.278999999078223,250.85799999942537,3961.5782999972,one shared preloaded model
syn-cab61fd9ea43be50,centered_zero,5000,3694.68930000221,9.35639999806881,296.85889999745996,4000.904599997739,one shared preloaded model
syn-d2adedac796b42a4,centered_zero,5000,3821.5999999993073,13.821000000461936,303.9520000020275,4139.373000001797,one shared preloaded model
syn-81c6eeb87fa8b65a,centered_zero,5000,3785.394999998971,9.343699999590172,381.72040000063134,4176.459099999192,one shared preloaded model
syn-a34560479904d293,centered_zero,5000,3601.942200002668,13.719599999603815,705.3247000003466,4320.986500002618,one shared preloaded model
syn-175fb0b9c9912f1d,centered_zero,5000,3683.077500001673,13.639500000863336,193.95979999899282,3890.676800001529,one shared preloaded model
syn-da09d28e9f3d5d8d,centered_zero,5000,3304.4340000014927,14.265699999668868,1025.5816999997478,4344.281400000909,one shared preloaded model
syn-ba4fd9131d17eb5c,centered_zero,5000,3210.7384000009915,9.633099998609396,190.66970000130823,3411.041200000909,one shared preloaded model
syn-68ead23b13d3ca2c,centered_zero,5000,4097.672399999283,9.63449999835575,535.6369000000996,4642.943799997738,one shared preloaded model
syn-6e554c5058644670,centered_zero,5000,3579.6578000008594,13.535900001443224,340.8183999999892,3934.012100002292,one shared preloaded model
syn-25700fcf3ed93c36,centered_zero,5000,3747.4896000021545,10.035399998741923,271.46369999900344,4028.9886999999,one shared preloaded model
syn-a5ee09e7314def43,centered_zero,5000,3642.199800000526,13.486600000760518,272.1748999974807,3927.861299998767,one shared preloaded model
syn-2b6abd30a60a5e04,centered_zero,5000,3301.3491000019712,9.647800001403084,360.6169000013324,3671.6138000047067,one shared preloaded model
syn-8dfeb642ddbee07c,centered_zero,5000,3963.8992000000144,13.710299997910624,446.41799999953946,4424.0274999974645,one shared preloaded model
syn-eb06dec63064b043,centered_zero,5000,3417.176599999948,13.625999999931082,646.3006999983918,4077.103299998271,one shared preloaded model
syn-0488d9fbd767427e,centered_zero,5000,3492.783000001509,9.552799998346018,373.08289999782573,3875.418699997681,one shared preloaded model
syn-ed2d05fab8ac8fe4,centered_zero,5000,3816.847999998572,14.463900002738228,767.4791999997979,4598.791100001108,one shared preloaded model
syn-8f9f957317f7d25c,centered_zero,5000,3682.8655999997864,13.544999997975538,250.37090000114404,3946.781499998906,one shared preloaded model
syn-501740773c0e41a8,centered_zero,5000,3698.5023000015644,9.260899998480454,571.3259000003745,4279.089100000419,one shared preloaded model
syn-7e7b412841f6c1f7,centered_zero,5000,3312.3737999994773,8.084600001893705,495.22560000332305,3815.684000004694,one shared preloaded model
syn-2318f08daa17b1d9,centered_zero,5000,3831.1828000005335,13.946000002761139,348.514499997691,4193.643300000986,one shared preloaded model
syn-444440373a79774e,centered_zero,5000,3515.5774999984715,13.77159999901778,589.0522999980021,4118.401399995491,one shared preloaded model
syn-c09d16bc1d1a2e55,centered_zero,5000,3548.7977000011597,14.022200000908924,304.1902000004484,3867.010100002517,one shared preloaded model
syn-41397c03bd43fa20,centered_zero,5000,3665.216400000645,9.521100000711158,469.6566000020539,4144.39410000341,one shared preloaded model
syn-2f881f63e4a9ee5b,centered_zero,5000,3524.1752000001725,13.700600000447594,636.1476999991282,4174.023499999748,one shared preloaded model
syn-5f5e815c982ee27e,centered_zero,5000,3974.5444000000134,13.735799999267329,491.2819999990461,4479.562199998327,one shared preloaded model
syn-9d71ed841863197e,centered_zero,5000,3558.571999998094,14.211500001692912,769.996799997898,4342.780299997685,one shared preloaded model
syn-7fdfd00ab52cb0a4,centered_zero,5000,3685.934900000575,9.698599998955615,264.07629999812343,3959.709799997654,one shared preloaded model
syn-ad6a49391bbc7ec8,centered_zero,5000,3524.785300000076,13.69199999680859,259.90490000185673,3798.3821999987413,one shared preloaded model
syn-1b1c065cb1f625b9,centered_zero,5000,3307.6471999993373,9.26420000178041,340.63700000115205,3657.54840000227,one shared preloaded model
syn-b6a49a33030fa3f8,centered_zero,5000,3781.063300000824,13.71369999833405,301.312899999175,4096.089899998333,one shared preloaded model
syn-a8d2f52e7f079d88,centered_zero,5000,3796.4441000003717,10.022799997386755,284.42440000071656,4090.891299998475,one shared preloaded model
syn-4c3b3bb15e85d708,centered_zero,5000,3605.61979999693,10.831600000528852,326.22359999732,3942.674999994779,one shared preloaded model
syn-5711ba27a03e1d37,centered_zero,5000,3890.9620999984327,14.118700000835815,455.1136000009137,4360.194400000182,one shared preloaded model
syn-0524cfaed31c16ea,centered_zero,5000,3367.6234999984445,9.47470000028261,309.4264999999723,3686.5246999986994,one shared preloaded model
syn-e15762ae99c08a2e,centered_zero,5000,3530.8795999990252,13.703399999940302,205.5937000004633,3750.176699999429,one shared preloaded model
syn-d1c2ea5489a8c93f,centered_zero,5000,3916.3831000005302,14.527299998007948,788.0810999995447,4718.991499998083,one shared preloaded model
syn-fecb508b9a8cd0d7,centered_zero,5000,3551.369299999351,13.688700000784593,626.7632999988564,4191.821299998992,one shared preloaded model
syn-c3610b2dfdf17488,centered_zero,5000,3859.7143000006326,9.168699998554075,588.6910999979591,4457.574099997146,one shared preloaded model
syn-d387b7117ab37cfe,centered_zero,5000,3163.8635999988765,13.592200000857702,322.29350000125123,3499.7493000009854,one shared preloaded model
syn-8d9d118f41b1a227,centered_zero,5000,3844.7596000005433,13.679399999091402,253.30730000132462,4111.746300000959,one shared preloaded model
syn-ff0767eb4ac46b9f,centered_zero,5000,3726.86419999809,13.515900001948467,316.83999999950174,4057.2200999995403,one shared preloaded model
syn-1d16ca78cf5f285e,centered_zero,5000,3315.715699998691,13.567099998908816,332.71030000105384,3661.9930999986536,one shared preloaded model
syn-9195cade3f4252b5,centered_zero,5000,3843.987999996898,13.7207000007038,383.83859999885317,4241.547299996455,one shared preloaded model
syn-359afa05afb48b2c,centered_zero,5000,3714.5610000006855,13.716600002226187,720.1533000006748,4448.430900003586,one shared preloaded model
syn-6b61ed0aca632b5c,centered_zero,5000,3882.180900000094,9.971600000426406,134.19940000312636,4026.3519000036467,one shared preloaded model
syn-0adb661c494753d6,centered_zero,5000,3642.6907999994,14.285099998232909,709.8103999996965,4366.7862999973295,one shared preloaded model
syn-6927e3c74ff525fb,centered_zero,5000,3783.6161000013817,9.783800000150222,222.8534000023501,4016.253300003882,one shared preloaded model
syn-0a18b81ca32a8ca7,centered_zero,5000,3845.1229999991483,13.54689999789116,624.5296999986749,4483.199599995714,one shared preloaded model
syn-0c1d110466abf51c,centered_zero,5000,3696.869899999001,13.614299998153001,548.0444999993779,4258.528699996532,one shared preloaded model
syn-97d2d586514f8cca,centered_zero,5000,3279.5138000001316,10.625700000673532,306.44070000198553,3596.5802000027907,one shared preloaded model
syn-6f7e2eb87f7f3302,centered_zero,5000,3696.579899999051,13.730900001974078,236.8395999983477,3947.150399999373,one shared preloaded model
syn-fea661b4b15b0e74,centered_zero,5000,3544.7124000020267,9.546500001306413,293.35920000085025,3847.6181000041834,one shared preloaded model
syn-fe239bde6ca96941,centered_zero,5000,3682.313899997098,13.482900001690723,255.55380000150762,3951.3506000002963,one shared preloaded model
syn-9912a67973413584,centered_zero,5000,3659.313000000111,13.765800002147444,660.559200001444,4333.6380000037025,one shared preloaded model
syn-196bc61cd9f71b17,centered_zero,5000,3440.2846000011778,9.45030000002589,193.73279999854276,3643.4676999997464,one shared preloaded model
syn-58d280179ba06842,centered_zero,5000,3399.7982000000775,9.792400000151247,731.9815000009839,4141.572100001213,one shared preloaded model
syn-92401515ca3d9d95,centered_zero,5000,3889.06450000286,13.534499998058891,507.5942000003124,4410.193200001231,one shared preloaded model
syn-346cd6a91974029e,centered_zero,5000,3532.409600000392,9.400599999935366,610.604699999385,4152.414899999712,one shared preloaded model
syn-d61561dea81b4354,centered_zero,5000,3546.9028999978036,13.922999998612795,320.4152999969665,3881.241199993383,one shared preloaded model
syn-63ea34aca9f01719,centered_zero,5000,3447.4394000026223,13.836899997841101,299.8327999994217,3761.109099999885,one shared preloaded model
syn-e84106f112541156,centered_zero,5000,3356.2774999991234,13.640400000440422,622.7811999997357,3992.6990999992995,one shared preloaded model
syn-6efde579ff231d80,centered_zero,5000,3882.696399999986,11.642199999187142,358.36729999937234,4252.705899998546,one shared preloaded model
syn-0d04f3e770c59888,centered_zero,5000,3596.3931000005687,13.538399998651585,551.7480000016803,4161.679500000901,one shared preloaded model
syn-43d0843223dd74b3,centered_zero,5000,4183.069099999557,13.802699999359902,957.4153000030492,5154.287100001966,one shared preloaded model
syn-53cc44bad0b99782,centered_zero,5000,3537.0133999967948,13.730200000281911,204.3271000002278,3755.0706999973045,one shared preloaded model
syn-68d50118e4b184cf,centered_zero,5000,3403.653499997745,14.08870000159368,787.8982999973232,4205.640499996662,one shared preloaded model
syn-c909e6f301674d74,centered_zero,5000,3519.0600999994786,9.6875999988697,481.8565999994462,4010.6042999977944,one shared preloaded model
syn-b15708cedb31ffb2,centered_zero,5000,3832.111600000644,13.87350000004517,318.8582000002498,4164.843300000939,one shared preloaded model
syn-beb9b27d8478562e,centered_zero,5000,4030.584500000259,13.55379999949946,322.1724999966682,4366.310799996427,one shared preloaded model
syn-a4fa3217b0299eb9,centered_zero,5000,3572.160099996836,13.778299999103183,308.0785999991349,3894.016999995074,one shared preloaded model
syn-5d93fdd68c7b9336,centered_zero,5000,3642.5267000013264,13.470900001266273,389.7863000020152,4045.783900004608,one shared preloaded model
syn-b4e07914bae9b1c7,centered_zero,5000,3739.8450000000594,13.766200001555262,354.15049999937764,4107.761700000992,one shared preloaded model
syn-a122df2c9c14fdfd,centered_zero,5000,3829.1086999997788,9.544300002744421,421.0634000010032,4259.716400003526,one shared preloaded model
syn-1679b733dc99bd02,centered_zero,5000,3756.8326000000525,13.653599999088328,753.6160000017844,4524.102200000925,one shared preloaded model
syn-0644357cd6e5c8fb,centered_zero,5000,3670.141099999455,15.159200000198325,205.22600000185776,3890.526300001511,one shared preloaded model
syn-01a1d9a589e21fc8,centered_zero,5000,3448.6579000003985,14.182599999912782,763.5069999996631,4226.347499999974,one shared preloaded model
syn-fe7bdb4996e9bd80,centered_zero,5000,3814.3296999987797,13.60729999942123,190.18660000074306,4018.123599998944,one shared preloaded model
syn-e7494dd18cf451d4,centered_zero,5000,3522.29879999868,9.59050000165007,531.0024999998859,4062.891800000216,one shared preloaded model
syn-bcd904aadce2351d,centered_zero,5000,3667.6738999994996,10.851800001546508,322.2143999992113,4000.7401000002574,one shared preloaded model
syn-9490279b808fab68,centered_zero,5000,3313.5178000011365,9.603700000297977,236.15529999733553,3559.27679999877,one shared preloaded model
syn-a2c82421fafdb0f4,centered_zero,5000,3544.172500001878,10.009099998569582,262.9312999997637,3817.112900000211,one shared preloaded model
syn-36ff68425e3d3176,centered_zero,5000,3596.0133999979007,13.892000002670102,260.76430000102846,3870.6697000015993,one shared preloaded model
syn-707216e7a24847b3,centered_zero,5000,3830.3659000011976,13.93620000089868,485.2137000016228,4329.515800003719,one shared preloaded model
syn-c502f85d01f649e4,centered_zero,5000,3558.472200002143,13.737599998421501,671.2078999989899,4243.417699999554,one shared preloaded model
syn-939e6166b3b0c850,centered_zero,5000,3506.8592999996326,13.660799999342998,190.61409999994794,3711.1341999989236,one shared preloaded model
syn-34fc56e181bfc98e,centered_zero,5000,3689.3182000021625,14.340099998662481,353.38839999894844,4057.0466999997734,one shared preloaded model
syn-d27aaf9556c73b9d,centered_zero,5000,3581.7437000005157,9.378399998240639,248.39689999862458,3839.518999997381,one shared preloaded model
syn-99bc78b27a981c11,centered_zero,5000,3592.7970000011555,12.652800000068964,597.5294999989273,4202.979300000152,one shared preloaded model
