example_id,agent,horizon,update_ms,read_ms,generation_ms,end_to_end_ms,model_loading_policy
syn-a6ba61c7f6022987,chalm,100,257.1101999965322,12.986699999601115,470.819099999062,740.9159999951953,one shared preloaded model
syn-38eedc2c95f8c5b4,chalm,100,104.6505000012985,11.809900002845097,296.354699999938,412.8151000040816,one shared preloaded model
syn-07d41f0782d8a3ec,chalm,100,103.75539999949979,11.793900001066504,283.24240000074496,398.79170000131126,one shared preloaded model
syn-fa271021cce39036,chalm,100,67.81030000274768,7.567199998447904,305.8939000002283,381.2714000014239,one shared preloaded model
syn-8632fc6b28ce057a,chalm,100,100.26049999942188,11.39089999924181,102.11669999989681,213.7680999985605,one shared preloaded model
syn-227faaf725799aff,chalm,100,66.13239999933285,7.708299999649171,651.4723000000231,725.3129999990051,one shared preloaded model
syn-c819b70cc3b711b6,chalm,100,80.90149999770802,7.881300000008196,150.92599999843515,239.70879999615136,one shared preloaded model
syn-f8dc00112ec91804,chalm,100,88.86050000000978,11.949299998377683,254.81890000082785,355.6286999992153,one shared preloaded model
syn-f97808cf18e3bdc1,chalm,100,79.58260000305017,7.869599998230115,525.3957999993872,612.8480000006675,one shared preloaded model
syn-1ba0ad3803fd1aab,chalm,100,66.40690000131144,7.879999997385312,246.1156999997911,320.40259999848786,one shared preloaded model
syn-e89134deef96d28b,chalm,100,102.71500000089873,12.09739999831072,329.80660000248463,444.6190000016941,one shared preloaded model
syn-d3aec67bcbee5e27,chalm,100,68.32650000069407,7.666899997275323,303.99129999932484,379.98469999729423,one shared preloaded model
syn-c403dc8c5bbec2b6,chalm,100,97.7707999991253,11.394299999665236,296.34269999951357,405.5077999983041,one shared preloaded model
syn-928aaad0bd5f085f,chalm,100,100.31069999968167,11.394900000595953,349.55450000052224,461.26010000079987,one shared preloaded model
syn-36b88d15de85d49d,chalm,100,64.24219999826164,7.750400000077207,100.38790000180597,172.38050000014482,one shared preloaded model
syn-ef8755c246c631fe,chalm,100,101.19620000114082,11.264799999480601,327.8223999986949,440.2833999993163,one shared preloaded model
syn-f8cdd1253dc96ca6,chalm,100,83.99289999942994,11.51920000120299,198.59030000225175,294.1024000028847,one shared preloaded model
syn-99f1a940ce32e3de,chalm,100,99.50390000085463,12.26440000027651,320.7518999988679,432.520199999999,one shared preloaded model
syn-ae830d10e3e44454,chalm,100,70.4786000023887,7.229099999676691,296.0564999993949,373.76420000146027,one shared preloaded model
syn-7aec429f0ba8958c,chalm,100,97.54999999859137,7.796300000336487,319.05919999917387,424.40549999810173,one shared preloaded model
syn-7574e07600322df1,chalm,100,99.27350000361912,11.645999999018386,336.2636999991082,447.1832000017457,one shared preloaded model
syn-6596d6fb03744adc,chalm,100,87.64870000231895,7.630400003108662,280.75170000010985,376.03080000553746,one shared preloaded model
syn-8028bcd88896f9af,chalm,100,65.68350000088685,7.861499998398358,311.7090999985521,385.25409999783733,one shared preloaded model
syn-5b04b918e5d2f043,chalm,100,99.8436000008951,11.61599999977625,327.92630000039935,439.3859000010707,one shared preloaded model
syn-344d41a9584f8be4,chalm,100,84.83399999749963,11.387300000933465,78.13080000050832,174.3520999989414,one shared preloaded model
syn-1c50e11cb54a9a7c,chalm,100,96.94170000148006,11.623799997323658,368.0327000001853,476.598199998989,one shared preloaded model
syn-d8bfd6728ae9bb83,chalm,100,84.45560000109253,7.872700000007171,102.38839999874472,194.71669999984442,one shared preloaded model
syn-9ac94e465129e6ee,chalm,100,95.56399999928544,8.04229999994277,704.7622000027332,808.3685000019614,one shared preloaded model
syn-8e5a6b17392849e9,chalm,100,98.83030000128201,11.81659999929252,469.1934999973455,579.84039999792,one shared preloaded model
syn-6dfbc0e6fffb86d6,chalm,100,74.38440000260016,8.065600002737483,257.49050000013085,339.9405000054685,one shared preloaded model
syn-d95d1076f16608cf,chalm,100,98.51309999794466,11.45120000001043,339.13059999758843,449.0948999955435,one shared preloaded model
syn-67085f28c8a345d9,chalm,100,96.35330000310205,11.362400000507478,286.95479999805684,394.67050000166637,one shared preloaded model
syn-8b88cb5fd4c5e6fc,chalm,100,95.2992999991693,9.147300002950942,291.65350000039325,396.1001000025135,one shared preloaded model
syn-42df0ee7d8018963,chalm,100,73.86840000253869,11.508199997479096,284.36209999927087,369.73869999928866,one shared preloaded model
syn-e8acbc2c88369e51,chalm,100,97.6048999982595,11.716899996827124,104.08040000038454,213.40219999547116,one shared preloaded model
syn-a642a7089d9f162f,chalm,100,79.29109999895445,8.040499997150619,269.97560000017984,357.3071999962849,one shared preloaded model
syn-3f6a98eceeaf476b,chalm,100,75.94089999838616,11.336500003380934,203.8723999976355,291.1497999994026,one shared preloaded model
syn-bfb5882d7330d97f,chalm,100,74.773099997401,7.933099997899262,235.82320000059553,318.5293999958958,one shared preloaded model
syn-cfa98bda62d92f7f,chalm,100,100.18130000025849,11.530200001288904,298.2437000027858,409.95520000433316,one shared preloaded model
syn-534d1ab71809b51f,chalm,100,95.33530000044266,11.405799999920418,347.8991000010865,454.64020000144956,one shared preloaded model
syn-76a54b251d992dd4,chalm,100,99.09369999877526,11.740499998268206,297.6124000015261,408.4465999985696,one shared preloaded model
syn-6f12022c8819f717,chalm,100,62.50780000118539,7.378199999948265,256.9997999999032,326.88580000103684,one shared preloaded model
syn-30a75d6754134879,chalm,100,75.90760000312002,7.9307999985758215,262.5798000008217,346.41820000251755,one shared preloaded model
syn-a6ff96ac61f7c6c1,chalm,100,88.24389999790583,11.585899999772664,306.11900000076275,405.94879999844125,one shared preloaded model
syn-91323a0ae9a650e7,chalm,100,83.44080000097165,11.28469999821391,102.35269999975571,197.07819999894127,one shared preloaded model
syn-9d9ad34b79849f2d,chalm,100,99.49710000000778,11.433499999839114,255.7751999993343,366.7057999991812,one shared preloaded model
syn-36b5b8f6c6bbf2cc,chalm,100,61.48180000309367,7.717600001342362,150.9010000008857,220.10040000532172,one shared preloaded model
syn-96244de128be170e,chalm,100,87.30040000227746,8.480500000587199,220.00180000031833,315.782700003183,one shared preloaded model
syn-3e8dcebdc4767103,chalm,100,81.2264000014693,8.01560000036261,232.48080000121263,321.72280000304454,one shared preloaded model
syn-8f7fdf0bdfb10d4a,chalm,100,94.80419999817968,11.268000002019107,282.4920999992173,388.5642999994161,one shared preloaded model
syn-d4fda360fe6fdd4f,chalm,100,98.58929999973043,11.569499998586252,235.3383000008762,345.49709999919287,one shared preloaded model
syn-42ee4c7254b57eb8,chalm,100,72.53779999882681,6.783000000723405,268.6801000018022,348.0009000013524,one shared preloaded model
syn-feccf5e27bea7518,chalm,100,99.76889999961713,11.898500000825152,269.5802999987791,381.24769999922137,one shared preloaded model
syn-c01e14c5c8c50d03,chalm,100,87.65449999918928,11.529399998835288,561.1563999991631,660.3402999971877,one shared preloaded model
syn-cb15ba714ba5ec8f,chalm,100,66.73559999762801,7.479200001398567,79.50320000236388,153.71800000139046,one shared preloaded model
syn-615f495f59b50927,chalm,100,66.1422000011953,7.894999998825369,258.74950000070385,332.7867000007245,one shared preloaded model
syn-a6cbf0e1e86a6450,chalm,100,99.30470000108471,12.811600001441548,155.08500000214553,267.2013000046718,one shared preloaded model
syn-57b966091e7ec699,chalm,100,100.10120000151801,12.16270000077202,233.5263999993913,345.7903000016813,one shared preloaded model
syn-89f8450f6e93be24,chalm,100,74.41240000116522,11.586500000703381,504.62090000291937,590.619800004788,one shared preloaded model
syn-e4cf69e50674883c,chalm,100,97.75979999903939,11.674500001390697,320.24010000168346,429.67440000211354,one shared preloaded model
syn-52dd73e2d68a5917,chalm,100,100.07439999753842,11.376800001016818,324.3106000008993,435.7617999994545,one shared preloaded model
syn-1a7e4a2f4f0fe9c6,chalm,100,69.27249999716878,11.286299999483163,322.2934000004898,402.8521999971417,one shared preloaded model
syn-e8ee9cee31093b93,chalm,100,89.46619999915129,7.487300001230324,228.0168999968737,324.9703999972553,one shared preloaded model
syn-1546004190558953,chalm,100,96.62460000254214,11.66670000020531,380.0663000001805,488.35760000292794,one shared preloaded model
syn-7858be5eb774eb5b,chalm,100,67.570600000181,7.83439999941038,73.2906000012008,148.69560000079218,one shared preloaded model
syn-fd59ad3a4d996680,chalm,100,76.18989999900805,7.927200000267476,253.87950000003912,337.99659999931464,one shared preloaded model
syn-fc9a9858781e0d3a,chalm,100,72.45980000152485,7.827800000086427,134.81319999846164,215.10080000007292,one shared preloaded model
syn-324d7fc5d16391c8,chalm,100,66.53529999675811,8.185500002582557,252.8550000024552,327.57580000179587,one shared preloaded model
syn-6e90d8e0c38e9334,chalm,100,62.73169999985839,7.837400000425987,249.79549999989104,320.3646000001754,one shared preloaded model
syn-8e5f564bbff2ec81,chalm,100,102.8982999996515,11.23590000133845,250.30830000105198,364.4425000020419,one shared preloaded model
syn-ad377a0c752a987e,chalm,100,98.4716999992088,11.583499999687774,321.6175000015937,431.6727000004903,one shared preloaded model
syn-fd23e7842d0bf088,chalm,100,98.91670000070008,11.63289999749395,310.39079999754904,420.94039999574306,one shared preloaded model
syn-9dce3e031398985d,chalm,100,101.4976000005845,11.70790000105626,380.3797000000486,493.5852000016894,one shared preloaded model
syn-cb9495248ba394a9,chalm,100,100.5020999982662,8.440699999482604,297.1913000001223,406.1340999978711,one shared preloaded model
syn-d45c12362eae6b90,chalm,100,70.86679999702028,7.664500000828411,73.49130000147852,152.0225999993272,one shared preloaded model
syn-fe3b30dd29d66256,chalm,100,99.66310000163503,11.432600000262028,353.68799999923795,464.783700001135,one shared preloaded model
syn-0f420473e95734a2,chalm,100,98.08659999907832,11.900699999387143,100.32850000061444,210.3157999990799,one shared preloaded model
syn-14c34fb5209acd83,chalm,100,73.03820000015548,8.200000000215368,184.48200000057113,265.720200000942,one shared preloaded model
syn-323bc307f3b8489c,chalm,100,102.30690000025788,12.357799998426344,306.28649999925983,420.95119999794406,one shared preloaded model
syn-d1a98c9ebc2b2b63,chalm,100,86.52869999787072,12.419999999110587,302.35109999921406,401.29979999619536,one shared preloaded model
syn-8b8261103d0d9683,chalm,100,79.19440000114264,7.593099999212427,289.1931999984081,375.98069999876316,one shared preloaded model
syn-73911e04a0932499,chalm,100,102.38200000094366,11.297799999738345,317.1464000006381,430.8262000013201,one shared preloaded model
syn-85c77c5469482f47,chalm,100,94.27139999752399,8.016600000701146,282.57250000024214,384.8604999984673,one shared preloaded model
syn-1725a6155d089dde,chalm,100,99.38690000126371,11.500100001285318,272.62400000108755,383.5110000036366,one shared preloaded model
syn-fc05e77b7c242574,chalm,100,64.15019999985816,7.349499999691034,72.73499999791966,144.23469999746885,one shared preloaded model
syn-86308b042f251696,chalm,100,99.67789999791421,11.479699998744763,260.1959999992687,371.35359999592765,one shared preloaded model
syn-434e7ed49b935751,chalm,100,101.30799999751616,11.736699998436961,122.95929999891086,236.003999994864,one shared preloaded model
syn-530c2c738f789d98,chalm,100,100.6770999993023,12.283399999432731,249.5956999991904,362.55619999792543,one shared preloaded model
syn-0c19d7397f14e5b6,chalm,100,98.72909999830881,11.698400001478149,897.9232999990927,1008.3507999988797,one shared preloaded model
syn-a1612d852aaaaac3,chalm,100,98.89070000281208,12.14809999873978,257.51739999759593,368.5561999991478,one shared preloaded model
syn-c0220289c4182645,chalm,100,92.14059999794699,10.720199999923352,299.40979999810224,402.2705999959726,one shared preloaded model
syn-9e6843c042c117d6,chalm,100,99.52899999916553,11.488299998745788,359.8524000008183,470.86969999872963,one shared preloaded model
syn-0ac0bff8c97627a3,chalm,100,99.09559999869089,11.5165999995952,328.0696000001626,438.6817999984487,one shared preloaded model
syn-2125020456ee5ce0,chalm,100,97.80229999887524,11.326600000757026,318.98240000009537,428.11129999972763,one shared preloaded model
syn-2caa699fccb66b00,chalm,100,97.52080000180285,11.662299999443348,103.86749999815947,213.05059999940568,one shared preloaded model
syn-861af0982b3de585,chalm,100,88.11509999941336,8.427999997365987,329.61259999865433,426.1556999954337,one shared preloaded model
syn-608838df8784d01b,chalm,100,97.1903999998176,7.7881999968667515,97.17660000023898,202.15519999692333,one shared preloaded model
syn-114b81595c7d762a,chalm,100,98.59599999981583,11.895400002686074,258.85720000223955,369.34860000474146,one shared preloaded model
syn-4a863129f2275dc1,chalm,100,95.42420000070706,11.687300000630785,322.88019999759854,429.9916999989364,one shared preloaded model
syn-d2ca3d27b15e9657,chalm,100,98.89359999942826,11.304399999062298,242.80670000007376,353.0046999985643,one shared preloaded model
syn-0c9fef436275cdd9,chalm,100,96.11880000011297,11.317499996948754,297.5373999979638,404.9736999950255,one shared preloaded model
syn-f1d5d22bd7ee481d,chalm,100,67.5532999994175,11.33760000084294,304.35470000156783,383.2456000018283,one shared preloaded model
syn-a575cf643cb1c076,chalm,100,92.69129999665893,7.796899997629225,264.85350000075414,365.3416999950423,one shared preloaded model
syn-ee742f0c9f76781d,chalm,100,97.83830000014859,11.83130000208621,315.03280000106315,424.70240000329795,one shared preloaded model
syn-da5dd03ecb643f4d,chalm,100,98.11089999857359,11.052699999709148,99.14650000064285,208.31009999892558,one shared preloaded model
syn-326d673969961656,chalm,100,81.95160000104806,8.440300000074785,285.3028000026825,375.69470000380534,one shared preloaded model
syn-962a3810f04e9097,chalm,100,88.09540000220295,10.766100000182632,138.63119999950868,237.49270000189426,one shared preloaded model
syn-f0aad1f13f69b874,chalm,100,77.18600000225706,12.440300000889692,250.7579999983136,340.38430000146036,one shared preloaded model
syn-c2a05483a856b3ef,chalm,100,102.55320000214851,11.422600000514649,341.21280000181287,455.18860000447603,one shared preloaded model
syn-e0cedd9b0e32d085,chalm,100,102.07090000039898,11.686900001222966,252.2169000003487,365.97470000197063,one shared preloaded model
syn-29a180ad2143328a,chalm,100,99.85640000013518,11.76090000080876,321.40099999742233,433.0182999983663,one shared preloaded model
syn-735f77503b2ba024,chalm,100,62.23809999937657,7.669399998121662,301.11930000202847,371.0267999995267,one shared preloaded model
syn-148ccbd3316665a4,chalm,100,63.33470000026864,7.565500000055181,289.7848000029626,360.6850000032864,one shared preloaded model
syn-3c75ee23c6f50e1b,chalm,100,99.01979999995092,11.63770000130171,351.0394000004453,461.69690000169794,one shared preloaded model
syn-f4dbe8e18b96050d,chalm,100,102.18220000024303,11.45639999958803,103.17849999773898,216.81709999757004,one shared preloaded model
syn-da9774599d83a1b5,chalm,100,99.51319999890984,11.789399999543093,319.98460000249906,431.287200000952,one shared preloaded model
syn-2ef399e82e449faf,chalm,100,62.99370000124327,7.7056000009179115,99.61420000036014,170.31350000252132,one shared preloaded model
syn-eb0f5ee31c508a61,chalm,100,100.30059999917285,12.09509999898728,259.460899997066,371.85659999522613,one shared preloaded model
syn-cda71c350602bddf,chalm,100,67.23670000064885,11.285799999313895,580.0166000008176,658.5391000007803,one shared preloaded model
syn-28fa6f2fe12641b3,chalm,100,99.41409999737516,11.750300000130665,280.9235999993689,392.0879999968747,one shared preloaded model
syn-c20dfce1d761b522,chalm,100,91.17049999986193,11.687000001984416,354.80789999928675,457.6654000011331,one shared preloaded model
syn-7df1c817de9a1ea1,chalm,100,62.9454000008991,7.758799998555332,362.64379999920493,433.34799999865936,one shared preloaded model
syn-3c57b67fca1c10a3,chalm,100,94.17519999988144,8.532700001524063,321.85430000026827,424.5622000016738,one shared preloaded model
syn-0cbb31a1498b5e27,chalm,100,65.83599999794387,11.510000000271248,336.5123000003223,413.8582999985374,one shared preloaded model
syn-c69bdbfce61e9f10,chalm,100,100.20689999873866,11.610400000790833,102.10899999947287,213.92629999900237,one shared preloaded model
syn-9129e328d0e87e58,chalm,100,87.49309999984689,11.912100002518855,329.1757000006328,428.58090000299853,one shared preloaded model
syn-c3a845f6f37328df,chalm,100,84.4293000009202,7.975600001373095,111.86040000029607,204.26530000258936,one shared preloaded model
syn-af9227c03b96e947,chalm,100,70.3140000005078,11.787000003096182,255.83600000027218,337.93700000387616,one shared preloaded model
syn-d30db6602c5e7bcf,chalm,100,99.85479999886593,11.603900002228329,480.84970000127214,592.3084000023664,one shared preloaded model
syn-2bcd2d10bf252a88,chalm,100,100.28070000043954,11.581000002479414,320.9145000000717,432.77620000299066,one shared preloaded model
syn-e69fbacb0ad339d8,chalm,100,98.925500002224,11.317300002701813,318.62919999912265,428.87200000404846,one shared preloaded model
syn-f7dee247f844b523,chalm,100,95.11099999872386,7.7391999984683935,318.08599999931175,420.936199996504,one shared preloaded model
syn-218ffaef8da3d8da,chalm,100,66.57979999727104,7.4258000022382475,287.5880999999936,361.59369999950286,one shared preloaded model
syn-a31eb202acdba085,chalm,100,96.7335000023013,11.484599999675993,299.20639999909326,407.42450000107056,one shared preloaded model
syn-4dfded52a9bb2c90,chalm,100,80.397499998071,7.547799999883864,98.53329999896232,186.47859999691718,one shared preloaded model
syn-cd947d2b8e2144b0,chalm,100,71.79440000254544,8.260800001153257,268.1966000018292,348.2518000055279,one shared preloaded model
syn-6abe44228638f132,chalm,100,97.21609999905922,7.895999999163905,160.48700000101235,265.5990999992355,one shared preloaded model
syn-1258eab437601206,chalm,100,65.67879999784054,8.201299999200273,204.66359999772976,278.5436999947706,one shared preloaded model
syn-4d8e6dbc90583d69,chalm,100,82.2587000002386,11.74170000012964,283.50719999798457,377.5075999983528,one shared preloaded model
syn-a1a8b545941a8915,chalm,100,66.60140000167303,7.991700000275159,253.66850000136765,328.26160000331583,one shared preloaded model
syn-c0a5d6164a143c21,chalm,100,97.1750000026077,11.419100002967753,320.16640000074403,428.7605000063195,one shared preloaded model
syn-911a5b307c155365,chalm,100,81.08030000221333,7.829800000763498,277.828899997985,366.7390000009618,one shared preloaded model
syn-bcca1bb50f9b9cef,chalm,100,79.93699999860837,7.390300001134165,297.7742000002763,385.10150000001886,one shared preloaded model
syn-c9e69c66406cd3b1,chalm,100,100.59249999903841,11.684000000968808,322.933200000989,435.20970000099624,one shared preloaded model
syn-2becd65beee0364a,chalm,100,97.80200000022887,11.412300002120901,105.5597000013222,214.77400000367197,one shared preloaded model
syn-4dd85348c38c0357,chalm,100,99.7287000027427,11.300299996946706,337.12179999929504,448.15079999898444,one shared preloaded model
syn-f242b8cc2cb723b5,chalm,100,100.84229999847594,11.40060000034282,125.0514999992447,237.29439999806345,one shared preloaded model
syn-fbc447c0fcb7cfc8,chalm,100,97.86739999981364,12.027500000840519,252.0905000019411,361.98540000259527,one shared preloaded model
syn-a9f156119ea9fcd1,chalm,100,75.14639999862993,12.72390000303858,488.609500000166,576.4798000018345,one shared preloaded model
syn-a90c99e2e79a45d4,chalm,100,99.93889999896055,11.70769999953336,256.7075000006298,368.3540999991237,one shared preloaded model
syn-c5a2eb58a93f472f,chalm,100,101.03190000154427,11.777199997595744,341.9715999989421,454.7806999980821,one shared preloaded model
syn-ea7b327ba9b080c9,chalm,100,98.1376999989152,11.623599999438738,318.913999999495,428.6752999978489,one shared preloaded model
syn-92715b9aee29e997,chalm,100,101.30479999861564,11.912400001165224,336.4655999976094,449.68279999739025,one shared preloaded model
syn-b766696c0d786013,chalm,100,101.40300000057323,11.88209999963874,339.55860000060056,452.84370000081253,one shared preloaded model
syn-d3d77d74b12e306a,chalm,100,99.2404999997234,11.230599997361423,102.58419999809121,213.05529999517603,one shared preloaded model
syn-48230ce25b5de2fa,chalm,100,102.11200000048848,11.771699999371776,392.16510000187554,506.0488000017358,one shared preloaded model
syn-7f6bff1d2ac7c3f3,chalm,100,69.47829999990063,7.683699997869553,158.646800002316,235.8088000000862,one shared preloaded model
syn-f37c1fc0c7eaae06,chalm,100,77.71090000096592,11.63569999698666,301.2937999992573,390.6403999972099,one shared preloaded model
syn-915a70d70da9799e,chalm,100,99.48140000051353,11.578199999348726,441.55660000251373,552.616200002376,one shared preloaded model
syn-2c4f2b37f5b601c4,chalm,100,103.20770000180346,11.457700002210913,296.777600000496,411.4430000045104,one shared preloaded model
syn-27269f1dafd012f5,chalm,100,62.30209999921499,7.959300000948133,290.95199999937904,361.21339999954216,one shared preloaded model
syn-fc4e5b6a2ef2e383,chalm,100,73.9601000022958,11.63549999910174,318.29060000018217,403.8862000015797,one shared preloaded model
syn-5d4106eaf2ee51c8,chalm,100,64.87070000002859,7.709999998041894,249.63949999801116,322.22019999608165,one shared preloaded model
syn-81331bee65710972,chalm,100,82.04730000215932,11.537599999428494,348.8104000025487,442.3953000041365,one shared preloaded model
syn-6795425cf8dabbc9,chalm,100,97.01340000174241,11.5990000012971,103.13759999917238,211.7500000022119,one shared preloaded model
syn-67983f23f948cb13,chalm,100,101.17349999927683,11.671899999782909,306.42900000020745,419.2743999992672,one shared preloaded model
syn-312d206fb59e358d,chalm,100,98.38769999987562,11.665799996990245,110.7676999999967,220.82119999686256,one shared preloaded model
syn-b374ae5f8bdeb59c,chalm,100,90.29999999984284,11.834299999463838,251.91759999870555,354.05189999801223,one shared preloaded model
syn-c4e2cf0cbaef3cc6,chalm,100,67.83899999936693,7.9384999989997596,433.20369999855757,508.98119999692426,one shared preloaded model
syn-e1486ac132d09f0e,chalm,100,95.20170000178041,11.551700001291465,236.83600000003935,343.5894000031112,one shared preloaded model
syn-7863c0207b8e2373,chalm,100,64.24200000037672,11.537499998667045,320.0098000015714,395.7893000006152,one shared preloaded model
syn-9cbbfa64d29cb813,chalm,100,67.75349999952596,7.609699998283759,309.89109999791253,385.25429999572225,one shared preloaded model
syn-a65473d1d46ed2c6,chalm,100,89.12689999851864,11.762299996917136,295.9956000013335,396.8847999967693,one shared preloaded model
syn-2b046916be0cd392,chalm,100,99.94839999853866,11.568199999601347,234.34909999923548,345.8656999973755,one shared preloaded model
syn-72b8f748d5763fa5,chalm,100,100.16639999957988,11.430700000346405,85.2402999989863,196.8373999989126,one shared preloaded model
syn-9e74ef31f1615b66,chalm,100,99.16359999988344,11.630099998001242,327.4127000004228,438.20639999830746,one shared preloaded model
syn-00b96c3bac38cc42,chalm,100,92.49400000044261,8.086800000455696,203.03380000041216,303.61460000131046,one shared preloaded model
syn-952b966eee3f8c13,chalm,100,90.94650000042748,8.132999999361346,249.165000001085,348.2445000008738,one shared preloaded model
syn-c8f1cb75a43de506,chalm,100,64.31249999877764,11.607700002059573,294.6214000003238,370.541600001161,one shared preloaded model
syn-34a4a1cf2545d780,chalm,100,63.851599999907194,7.4507000026642345,231.7304000025615,303.03270000513294,one shared preloaded model
syn-f36a532a7f829e27,chalm,100,99.01929999978165,11.715799999365117,322.8138000013132,433.54890000046,one shared preloaded model
syn-3f66f6fab4661265,chalm,100,99.86460000072839,11.38859999991837,315.8441000014136,427.09730000206036,one shared preloaded model
syn-be86febc4b2804a6,chalm,100,78.65029999811668,7.987099997990299,235.99900000044727,322.63639999655425,one shared preloaded model
syn-eb0aba33a8e92d25,chalm,100,95.9231999986514,11.527099999511847,298.701899999287,406.1521999974502,one shared preloaded model
syn-de9cccc7c153bbf4,chalm,100,73.11709999703453,11.149900001328206,81.37110000097891,165.63809999934165,one shared preloaded model
syn-28812aeb523a4ea3,chalm,100,90.20299999974668,7.862700000259792,180.51489999925252,278.580599999259,one shared preloaded model
syn-071e5a31b62e0a3b,chalm,100,70.67680000182008,6.857399999717018,153.5970000004454,231.1312000019825,one shared preloaded model
syn-c5f347691e4f1189,chalm,100,98.84149999925285,12.413799999194453,250.7179999993241,361.9732999977714,one shared preloaded model
syn-2541ac3e0cf6ae0f,chalm,100,98.57700000065961,11.494400001538452,356.47619999872404,466.5476000009221,one shared preloaded model
syn-1a12965cf6e9620a,chalm,100,101.31070000352338,11.546499998075888,367.8674000002502,480.72460000184947,one shared preloaded model
syn-833ee80d2a35282c,chalm,100,100.29060000306345,12.19169999967562,326.16150000103517,438.64380000377423,one shared preloaded model
syn-d71cb3ea0a850053,chalm,100,101.46399999939604,11.34019999881275,351.2852000021667,464.08940000037546,one shared preloaded model
syn-b58eb0dc1a3b98a9,chalm,100,99.36099999686121,12.125100001867395,318.51340000139317,429.99950000012177,one shared preloaded model
syn-f547811aa164f77c,chalm,100,95.44570000070962,7.906300001195632,286.62310000072466,389.9751000026299,one shared preloaded model
syn-c2a992a405ca2108,chalm,100,76.46279999971739,8.187299998098752,101.6137999977218,186.26389999553794,one shared preloaded model
syn-ce2c8b075853cedc,chalm,100,102.89170000032755,12.667000002693385,296.0230999997293,411.58180000275024,one shared preloaded model
syn-687fc71335d706d6,chalm,100,96.53329999855487,11.671899999782909,154.75379999770666,262.95899999604444,one shared preloaded model
syn-6aece6dd34a4454c,chalm,100,87.67989999978454,11.854899999889312,333.6861999996472,433.22099999932107,one shared preloaded model
syn-b9f4fa3de270243b,chalm,100,93.15309999874444,11.67640000130632,520.3067000002193,625.13620000027,one shared preloaded model
syn-7a9964e8147076b4,chalm,100,99.09799999877578,11.60389999859035,297.24740000165184,407.94929999901797,one shared preloaded model
syn-5afa3fb6102c079e,chalm,100,87.55729999757023,7.542499999544816,274.18589999797405,369.2856999950891,one shared preloaded model
syn-741bd6aa659cbb3a,chalm,100,94.29129999989527,11.69350000054692,353.2101999990118,459.194999999454,one shared preloaded model
syn-e2066c5ef4eaa754,chalm,100,98.30819999842788,11.464900002465583,341.18300000045565,450.9561000013491,one shared preloaded model
syn-9ad6a91dae6541b0,chalm,100,99.00990000096499,11.436500000854721,319.9239999994461,430.3704000012658,one shared preloaded model
syn-0cc07eac74fee68f,chalm,100,64.03420000060578,7.690599999477854,100.60099999827798,172.32579999836162,one shared preloaded model
syn-06f1746d73db3d7a,chalm,100,70.12880000183941,11.951600001339102,307.10589999944204,389.18630000262056,one shared preloaded model
syn-af7777b30c76fe8f,chalm,100,100.02890000032494,11.667099999613129,202.1729999978561,313.86899999779416,one shared preloaded model
syn-a3df3702910d82c8,chalm,100,99.66480000002775,12.175899999419926,249.07180000082008,360.91250000026776,one shared preloaded model
syn-1b32176f8ab0ad0d,chalm,100,99.47739999915939,11.817599999631057,520.7159999990836,632.010999997874,one shared preloaded model
syn-3c9a56c51e114ae8,chalm,100,62.50679999720887,7.876299998315517,316.15750000128173,386.5405999968061,one shared preloaded model
syn-4dc80c16468d7ae3,chalm,100,98.96340000341297,11.41030000144383,282.9402999996091,393.3140000044659,one shared preloaded model
syn-635cc36e60ec9abe,chalm,100,94.4138999984716,7.873599999584258,298.51760000019567,400.80509999825153,one shared preloaded model
syn-166e4d8638667138,chalm,100,91.70610000001034,7.644999997864943,294.07290000017383,393.4239999980491,one shared preloaded model
syn-4b2e3c750d96faf1,chalm,100,99.2779000007431,11.725799999112496,304.8264000026393,415.8301000024949,one shared preloaded model
syn-5c60aa247e7da516,chalm,100,61.81809999907273,7.633699999132659,195.28080000236514,264.7326000005705,one shared preloaded model
syn-363ae45960cbd6ea,chalm,100,89.4358999976248,7.900099997641519,367.5283999982639,464.86439999353024,one shared preloaded model
syn-202a222301f9a6d4,chalm,100,72.35490000311984,11.580700000195066,207.6003000001947,291.5359000035096,one shared preloaded model
syn-7cf12316980709f6,chalm,100,96.78279999934603,11.938400002691196,249.73339999996824,358.45460000200546,one shared preloaded model
syn-728e33df6904e39f,chalm,100,64.9556999997003,7.698499997786712,475.4907999995339,548.1449999970209,one shared preloaded model
syn-5bd3e7c2aa979761,chalm,100,103.07739999916521,11.841299998195609,320.2979999987292,435.21669999609003,one shared preloaded model
syn-9f5692455ac5f9eb,chalm,100,74.74089999959688,7.047300001431722,254.15409999914118,335.9423000001698,one shared preloaded model
syn-d0e73d43fc27e780,chalm,100,92.32590000101482,7.633100001839921,290.61560000263853,390.57460000549327,one shared preloaded model
syn-70ea21787462e8bb,chalm,100,102.7566000011575,11.732700000720797,313.07310000192956,427.56240000380785,one shared preloaded model
syn-93ebae83f12babde,chalm,100,87.21320000040578,7.681300001422642,240.6833999993978,335.5779000012262,one shared preloaded model
syn-80b5fa71901fb209,chalm,100,99.33710000041174,11.562200001208112,102.54770000028657,213.44700000190642,one shared preloaded model
syn-31a023f7ba9bc6ca,chalm,100,72.68859999749111,7.751599998300662,251.0218999996141,331.4620999954059,one shared preloaded model
syn-86c7f5c14844a928,chalm,100,98.9884999980859,12.027700002363417,152.69359999729204,263.70979999774136,one shared preloaded model
syn-a86b2bf35ce487cf,chalm,100,100.64500000225962,11.9209000004048,255.40380000165896,367.9697000043234,one shared preloaded model
syn-a191dd5bc4522c3f,chalm,100,99.8089999993681,11.377100003301166,522.3254000011366,633.5115000038058,one shared preloaded model
syn-24c6eb89fa9bc77a,chalm,100,100.28729999976349,11.449799996626098,302.6396000022942,414.37669999868376,one shared preloaded model
syn-7e9cddfe26e96d08,chalm,100,59.07229999866104,6.50350000069011,342.513700001291,408.08950000064215,one shared preloaded model
syn-79244b5ea6e26a35,chalm,100,92.40399999907822,12.039799999911338,387.1297000005143,491.57349999950384,one shared preloaded model
syn-351b1f137e4c70f0,chalm,100,99.86399999979767,11.492099998577032,407.43899999870337,518.7950999970781,one shared preloaded model
syn-fe81b916e846f8e6,chalm,100,77.54859999840846,11.5819000020565,320.84780000150204,409.978300001967,one shared preloaded model
syn-890454ea84307ccf,chalm,100,53.23829999906593,7.788099999743281,75.73319999937667,136.75959999818588,one shared preloaded model
syn-38ffd1c0f969d3ce,chalm,100,98.9426000014646,11.656899998342851,256.00349999876926,366.6029999985767,one shared preloaded model
syn-449f78fee2e31323,chalm,100,67.1567999997933,7.715399999142392,100.07109999787644,174.94329999681213,one shared preloaded model
syn-386d7fabe68c0b51,chalm,100,100.09490000084043,11.670400002913084,267.5971999997273,379.3625000034808,one shared preloaded model
syn-a53e008f5352ab7c,chalm,100,85.88989999771002,12.041599999065511,297.0547000004444,394.98619999721996,one shared preloaded model
syn-2d7332919d82acd7,chalm,100,63.1031000011717,8.202500001061708,295.8459000001312,367.1515000023646,one shared preloaded model
syn-4b43eb5a0d3f5e34,chalm,100,65.04319999658037,8.099299997411435,258.6158999984036,331.7583999923954,one shared preloaded model
syn-1c8165dfe7849318,chalm,100,69.20199999876786,7.785699999658391,300.16710000199964,377.1548000004259,one shared preloaded model
syn-d3b9785b73055c98,chalm,100,85.80939999956172,11.035899999114918,329.10090000223136,425.946200000908,one shared preloaded model
syn-eb6fed3bb3f62d98,chalm,100,105.02510000151233,11.893899998540292,298.7920999985363,415.7110999985889,one shared preloaded model
syn-413d807574a54fac,chalm,100,70.54979999884381,8.682799998496193,100.95839999848977,180.19099999582977,one shared preloaded model
syn-8be08b3c364210f6,chalm,100,98.38070000114385,11.344399998051813,296.16990000067744,405.8949999998731,one shared preloaded model
syn-c73284e558f60ee0,chalm,100,103.23350000180653,11.593600000196602,155.0625999989279,269.88970000093104,one shared preloaded model
syn-af7cdb39cb252396,chalm,100,99.02019999935874,11.938800002099015,297.33829999895534,408.2973000004131,one shared preloaded model
syn-6cb7e0329cf51091,chalm,100,67.70870000036666,8.23080000191112,533.186199998454,609.1257000007317,one shared preloaded model
syn-7ff503cc87bf6b72,chalm,100,90.92009999949369,12.00770000286866,321.21099999858416,424.1388000009465,one shared preloaded model
syn-6409e2246567d47d,chalm,100,100.16220000034082,11.500600001454586,269.48540000012144,381.14820000191685,one shared preloaded model
syn-56a9578b1ca629d6,chalm,100,86.93979999952717,11.479500000859844,318.17189999856055,416.59119999894756,one shared preloaded model
syn-96125f8027ab183e,chalm,100,67.65280000036,11.033499999030028,309.78590000086115,388.4722000002512,one shared preloaded model
syn-d108a25e35d2aec2,chalm,100,68.61619999835966,8.20219999877736,296.0954000009224,372.9137999980594,one shared preloaded model
syn-e505f665edac12f5,chalm,100,85.44199999960256,7.612899997184286,75.37170000068727,168.4265999974741,one shared preloaded model
syn-227123dfbfb3b60b,chalm,100,99.58740000001853,11.577500001294538,249.5493999995233,360.7143000008364,one shared preloaded model
syn-a3509d974e84be76,chalm,100,101.480299999821,11.840499999379972,153.0361000004632,266.35689999966417,one shared preloaded model
syn-4db0fdc492341150,chalm,100,99.15859999819077,12.042700000165496,240.87860000145156,352.0798999998078,one shared preloaded model
syn-ad343e5861a42f48,chalm,100,76.2700000013865,8.267900000646478,627.6545000000624,712.1924000020954,one shared preloaded model
syn-98938f2a750732e3,chalm,100,87.24210000218591,11.419200000091223,299.0276000018639,397.68890000414103,one shared preloaded model
syn-588e0cf52a62ad07,chalm,100,65.25590000092052,7.584099999803584,320.14170000184095,392.98170000256505,one shared preloaded model
syn-3a2b16f76aac64a3,chalm,100,98.30280000096536,11.762900001485832,274.863099999493,384.9288000019442,one shared preloaded model
syn-771747a46595b170,chalm,100,100.66509999887785,11.793099998612888,296.70420000184095,409.1623999993317,one shared preloaded model
syn-b862e71029dd1141,chalm,100,99.85239999878104,11.528300001373282,334.74849999765866,446.129199997813,one shared preloaded model
syn-ab82b68526b31cc1,chalm,100,84.47979999982635,7.948100002977299,102.59619999851566,195.0241000013193,one shared preloaded model
syn-0972954b0101952a,chalm,100,95.24959999907878,8.486900002026232,329.07889999842155,432.81539999952656,one shared preloaded model
syn-8e233e6259a3ff93,chalm,100,64.52010000066366,8.32060000175261,129.3998000001011,202.24050000251736,one shared preloaded model
syn-d72c9b6d1c8b544c,chalm,100,100.975199999084,12.355200000456534,298.2317999994848,411.5621999990253,one shared preloaded model
syn-2473152ac1131384,chalm,100,72.10780000241357,7.648400001926348,259.1634999989765,338.9197000033164,one shared preloaded model
syn-99c8100852c041ab,chalm,100,74.91310000114026,7.586799998534843,213.4790999989491,295.9789999986242,one shared preloaded model
syn-c072bb6c30501eb5,chalm,100,88.45760000258451,8.025900002394337,264.75119999668095,361.2347000016598,one shared preloaded model
syn-6ceaf5097ce9c759,chalm,100,100.4495000015595,11.750099998607766,320.3652999982296,432.56489999839687,one shared preloaded model
syn-b22dac7d46c56ef7,chalm,100,63.290199999755714,8.126400000037393,325.9435999971174,397.3601999969105,one shared preloaded model
syn-a820901274815962,chalm,100,83.16749999721651,7.647799997357652,345.2216000005137,436.0368999950879,one shared preloaded model
syn-4d0c462a9611104c,chalm,100,61.187399998743786,7.655200002773199,101.95740000199294,170.80000000350992,one shared preloaded model
syn-966462fdc64001cb,chalm,100,86.84859999993932,7.67949999863049,328.93239999975776,423.4604999983276,one shared preloaded model
syn-aab7f6253fc3371c,chalm,100,100.29639999993378,11.972399999649497,202.38169999720412,314.6504999967874,one shared preloaded model
syn-6cd597ee81f40259,chalm,100,98.76099999746657,12.251400003151502,345.79909999956726,456.81150000018533,one shared preloaded model
syn-ac63a94c62bb28b0,chalm,100,70.39219999933266,11.6109000009601,482.2926000015286,564.2957000018214,one shared preloaded model
syn-caaf77c3bc556729,chalm,100,98.70250000312808,11.832199998025317,311.32390000129817,421.85860000245157,one shared preloaded model
syn-be57cd78365e7d1a,chalm,100,88.7618000015209,7.849899997381726,294.28270000062184,390.89439999952447,one shared preloaded model
syn-f8666490bec6d369,chalm,100,98.01210000296123,8.11969999995199,335.8405999970273,441.97239999994054,one shared preloaded model
syn-60ede6f62c127051,chalm,100,100.01619999820832,11.509700001624878,320.1798999980383,431.7057999978715,one shared preloaded model
syn-3ca2daab899324eb,chalm,100,86.33420000114711,7.870900000852998,274.53590000004624,368.74100000204635,one shared preloaded model
syn-751ad704e49319a5,chalm,100,70.14279999930295,7.745300001261057,76.6176999968593,154.5057999974233,one shared preloaded model
syn-1def9112232df49c,chalm,100,70.49180000103661,7.934199998999247,226.9562000001315,305.38220000016736,one shared preloaded model
syn-6d9bfb9f846bec63,chalm,100,100.59030000047642,11.998400001175469,201.45440000123926,314.04310000289115,one shared preloaded model
syn-6743c3c7d98bfc0e,chalm,100,63.849099999060854,8.19499999852269,191.47090000114986,263.5149999987334,one shared preloaded model
syn-01d7e9b6955f7473,chalm,100,99.50649999882444,11.52640000145766,460.1606000032916,571.1935000035737,one shared preloaded model
syn-2e85e9170d30ba71,chalm,100,98.27380000206176,11.568300000362797,321.3525999999547,431.19470000237925,one shared preloaded model
syn-37671ca7cf5c1eb5,chalm,100,94.87269999954151,7.645700003195088,310.31050000092364,412.82890000366024,one shared preloaded model
syn-f4e3f903987f6c89,chalm,100,99.0258999991056,11.297499997453997,324.42209999862825,434.74549999518786,one shared preloaded model
syn-0baea2d67907d7b5,chalm,100,100.28249999959371,11.382699998648604,295.66849999901024,407.33369999725255,one shared preloaded model
syn-64b6c1ab320dbe67,chalm,100,99.41090000211261,11.357399998814799,274.2060999989917,384.9743999999191,one shared preloaded model
syn-ebbfd3d64aa3659e,chalm,100,97.22489999694517,11.991400002443697,102.23559999940335,211.45189999879221,one shared preloaded model
syn-9ba4c01860d01716,chalm,100,100.13439999966067,11.628900003415765,206.05430000068736,317.8176000037638,one shared preloaded model
syn-30ea2cdf2f968903,chalm,100,98.38519999902928,11.880800000653835,203.18489999772282,313.45089999740594,one shared preloaded model
syn-8c64fa1f197773be,chalm,100,61.60010000166949,7.7688999990641605,196.86540000111563,266.2344000018493,one shared preloaded model
syn-73c6ca9be338f033,chalm,100,80.66870000038762,11.697599999024533,498.612299998058,590.9785999974702,one shared preloaded model
syn-6ecbb1c08f82c937,chalm,100,95.1078000034613,11.50950000010198,263.1906999995408,369.8080000031041,one shared preloaded model
syn-8353478fbb4bce27,chalm,500,403.44899999763584,13.789799999358365,276.82560000175727,694.0643999987515,one shared preloaded model
syn-8067a297457aadf1,chalm,500,420.860400001402,14.633400001912378,286.23570000127074,721.7295000045851,one shared preloaded model
syn-9e8353cffd162bec,chalm,500,308.76610000268556,10.003899998991983,301.01009999998496,619.7801000016625,one shared preloaded model
syn-1e2c00e04982df2b,chalm,500,358.00229999949806,10.613000002194894,239.16989999997895,607.7852000016719,one shared preloaded model
syn-e2a2467ecd547dda,chalm,500,339.77969999978086,10.232900000119116,76.92220000171801,426.934800001618,one shared preloaded model
syn-bc62c7abfaca5c09,chalm,500,394.0430999973614,10.417399997095345,249.47709999833023,653.937599992787,one shared preloaded model
syn-12612434405c931a,chalm,500,413.0579000011494,14.570999999705236,161.99150000102236,589.620400001877,one shared preloaded model
syn-5a8a3408720382be,chalm,500,408.1286000000546,15.746599998237798,253.41100000150618,677.2861999997986,one shared preloaded model
syn-59ea7db674f489a6,chalm,500,416.8610000015178,14.667499999632128,496.8602999979339,928.3887999990839,one shared preloaded model
syn-51d379101a7163b5,chalm,500,389.1217999989749,10.026600000855979,298.7613000004785,697.9097000003094,one shared preloaded model
syn-663a7412abfb842b,chalm,500,446.59580000006827,151.50050000011106,242.37799999900744,840.4742999991868,one shared preloaded model
syn-0bd707dc615b2bc5,chalm,500,343.3896000024106,10.528400001931004,272.4887999975181,626.4068000018597,one shared preloaded model
syn-0ca214b154606a6d,chalm,500,460.58179999818094,13.224599999375641,318.5540000013134,792.36039999887,one shared preloaded model
syn-1ad21a31a11954b1,chalm,500,323.5995000031835,9.84959999914281,298.8999999979569,632.3491000002832,one shared preloaded model
syn-405db96ad499aad6,chalm,500,373.79179999697953,10.95060000079684,76.72039999670233,461.4627999944787,one shared preloaded model
syn-c73a7d7f2efdabea,chalm,500,458.219399999507,14.324899999337504,332.48740000271937,805.0317000015639,one shared preloaded model
syn-d4551df4fe2ef435,chalm,500,464.1135999991093,14.633700000558747,157.16780000002473,635.9150999996928,one shared preloaded model
syn-f81cc5743ea53e86,chalm,500,338.01060000041616,14.905600000929553,251.77180000173394,604.6880000030797,one shared preloaded model
syn-4f19931c9987dbda,chalm,500,417.89760000028764,14.732999999978347,322.9629000015848,755.5935000018508,one shared preloaded model
syn-92c86a223d786491,chalm,500,283.12430000005406,10.410599999886472,246.57639999713865,540.1112999970792,one shared preloaded model
syn-2bb893798ac2dfa5,chalm,500,366.48670000067796,14.929900000424823,296.5779999976803,677.9945999987831,one shared preloaded model
syn-aa1bcd4e3305659c,chalm,500,461.00330000263057,14.489199998934055,305.9428000015032,781.4353000030678,one shared preloaded model
syn-0954cc37fabc8be3,chalm,500,338.63430000201333,14.447900000959635,321.0865000000922,674.1687000030652,one shared preloaded model
syn-6bb06c622660e647,chalm,500,364.7576000003028,10.312700000213226,314.6768999977212,689.7471999982372,one shared preloaded model
syn-0b1a59bdb0ab570e,chalm,500,454.6829999999318,14.533300000039162,103.41929999776767,572.6355999977386,one shared preloaded model
syn-23a203eef7bafa9b,chalm,500,320.1277000007394,10.877799999434501,318.1228999965242,649.1283999966981,one shared preloaded model
syn-3b06b4335ee79d9c,chalm,500,341.169200000877,10.106500001711538,157.40350000123726,508.6792000038258,one shared preloaded model
syn-ec94bad4956c840e,chalm,500,436.9741999980761,15.192399998340989,251.13430000055814,703.3008999969752,one shared preloaded model
syn-bc1c23717d0dfea3,chalm,500,430.9923000000708,10.368600000219885,476.7820999986725,918.1429999989632,one shared preloaded model
syn-67712a9f8996e2e8,chalm,500,395.16960000037216,14.439099999435712,229.96710000006715,639.575799999875,one shared preloaded model
syn-595c1a876191c126,chalm,500,349.98040000209585,14.448400001128903,300.73650000122143,665.1653000044462,one shared preloaded model
syn-6467888e031efe81,chalm,500,453.2199999994191,14.574500000890112,297.88919999919017,765.6836999994994,one shared preloaded model
syn-bbf31960b39c5ee4,chalm,500,446.2185000011232,14.482099999440834,395.9395999991102,856.6401999996742,one shared preloaded model
syn-0a76bff023524251,chalm,500,287.45640000124695,9.670300001744181,256.79650000165566,553.9232000046468,one shared preloaded model
syn-ba162ae568464f78,chalm,500,382.00850000066566,10.259500002575805,76.7171999978018,468.98520000104327,one shared preloaded model
syn-b042f0c9791d9008,chalm,500,405.24250000089523,9.567699999024626,297.46370000066236,712.2739000005822,one shared preloaded model
syn-ea3960770a2ca4a7,chalm,500,455.87049999812734,15.630800000508316,202.83810000182712,674.3394000004628,one shared preloaded model
syn-38219515a508a5d7,chalm,500,450.7268999986991,15.084299997397466,228.09700000289013,693.9081999989867,one shared preloaded model
syn-d4c28ece94fb3953,chalm,500,330.793299999641,14.327000000776025,563.4631000029913,908.5834000034083,one shared preloaded model
syn-f60a4dd25af4bf20,chalm,500,363.5905000010098,14.54609999927925,294.69699999754084,672.8335999978299,one shared preloaded model
syn-f82cf59916809524,chalm,500,293.6850999976741,9.899900000164052,272.628499998973,576.2134999968112,one shared preloaded model
syn-8e294cf8f86f5d12,chalm,500,453.4653000009712,15.019700000266312,323.45400000122027,791.9390000024578,one shared preloaded model
syn-040517cd90cc897c,chalm,500,430.2610000013374,14.557399998011533,346.5305999998236,791.3489999991725,one shared preloaded model
syn-411fce6ee866bbb8,chalm,500,406.6973000008147,14.469400000962196,312.38890000167885,733.5556000034558,one shared preloaded model
syn-268c1d0c81c87f4b,chalm,500,372.17839999721036,10.035399998741923,76.84489999883226,459.05869999478455,one shared preloaded model
syn-b306cf68395776dd,chalm,500,442.61989999722573,10.358100000303239,256.1983000014152,709.1762999989442,one shared preloaded model
syn-689442af0e6a410d,chalm,500,438.829299997451,11.516099999425933,153.1412000003911,603.4865999972681,one shared preloaded model
syn-313805301f447ead,chalm,500,369.16280000150437,15.411200001835823,252.68059999871184,637.254600002052,one shared preloaded model
syn-38d674321a5aca1b,chalm,500,448.41319999977713,10.261299998092,327.2725000024366,785.9470000003057,one shared preloaded model
syn-213d87e5e07c8519,chalm,500,384.0439999985392,14.451999999437248,325.0822000009066,723.5781999988831,one shared preloaded model
syn-05a9edcf64ee42de,chalm,500,415.6927000003634,14.49539999885019,267.62109999981476,697.8091999990284,one shared preloaded model
syn-0475ce3a7577d7da,chalm,500,450.9140000009211,10.179600001720246,239.3491000002541,700.4427000028954,one shared preloaded model
syn-e08c5c69e450c217,chalm,500,392.0064000012644,14.321399998152629,333.30949999799486,739.6372999974119,one shared preloaded model
syn-436852fe9abb7dc5,chalm,500,458.32700000028126,14.584399999876041,322.20479999887175,795.116199999029,one shared preloaded model
syn-271d5a470da86f7f,chalm,500,353.94779999842285,9.748599997692509,248.99160000131815,612.6879999974335,one shared preloaded model
syn-970a5b6630f65725,chalm,500,363.3501000003889,10.13779999993858,184.86459999985527,558.3525000001828,one shared preloaded model
syn-8a75ed949ee596bd,chalm,500,338.8496999978088,10.131099999853177,138.8504999995348,487.83129999719677,one shared preloaded model
syn-56c64830d8d53ebc,chalm,500,453.1275999979698,15.454200001840945,181.22850000145263,649.8103000012634,one shared preloaded model
syn-811fbe3866bccdf8,chalm,500,286.74250000040047,9.767900002771057,479.32199999922886,775.8324000024004,one shared preloaded model
syn-d42090286816856c,chalm,500,452.8558999991219,14.47080000070855,331.9774999981746,799.3041999980051,one shared preloaded model
syn-ffd8865e73eeab0e,chalm,500,394.7468999976991,14.220299999578856,288.5060999979032,697.4732999951812,one shared preloaded model
syn-784fd5d93b24c4f6,chalm,500,453.2407999977295,14.810299999226118,275.8979999998701,743.9490999968257,one shared preloaded model
syn-ea8d41b6d999d548,chalm,500,411.37410000010277,14.331499998661457,327.85539999895263,753.5609999977169,one shared preloaded model
syn-d909cdb8cfcc9eb8,chalm,500,388.8890000016545,14.718399997946108,301.568099999713,705.1754999993136,one shared preloaded model
syn-23c6931c183f4ac9,chalm,500,371.11580000055255,14.095599999564001,252.4105000011332,637.6219000012497,one shared preloaded model
syn-d3743cb521c05762,chalm,500,456.2025999985053,14.507699997921009,299.4479000008141,770.1581999972404,one shared preloaded model
syn-c6956e0b7b8bbe93,chalm,500,452.3288999989745,14.462700000876794,155.07290000095963,621.864500000811,one shared preloaded model
syn-2c235f94902c2fbd,chalm,500,456.64339999711956,14.961399996536784,261.05119999920134,732.6559999928577,one shared preloaded model
syn-5c84268454890acb,chalm,500,454.2406000000483,14.493099999526748,485.13420000017504,953.8678999997501,one shared preloaded model
syn-4d04fd9eb9e444fa,chalm,500,445.02749999810476,12.25720000002184,305.8400000008987,763.1246999990253,one shared preloaded model
syn-6acbf48ac4868565,chalm,500,434.18599999859,14.318900000944268,294.2462999999407,742.7511999994749,one shared preloaded model
syn-cb4f29b8d39beaf7,chalm,500,453.3661999994365,14.818200001172954,239.930199997616,708.1145999982255,one shared preloaded model
syn-bdecfe39479ce931,chalm,500,377.9684000000998,14.426999998249812,370.50710000039544,762.902499998745,one shared preloaded model
syn-07d4c2689189fd19,chalm,500,387.56199999988894,10.063400000944966,285.1031999998668,682.7286000007007,one shared preloaded model
syn-b0094bd3bc25f838,chalm,500,412.11010000188253,14.6061000014015,102.93629999796394,529.652500001248,one shared preloaded model
syn-c576d54a7fdd7ade,chalm,500,407.9679999995278,14.299400001618778,296.36089999985415,718.6283000010008,one shared preloaded model
syn-ca1da64f4b7250ab,chalm,500,456.99940000122297,14.418599999771686,132.67679999989923,604.0948000008939,one shared preloaded model
syn-400d16042183536f,chalm,500,363.00870000195573,10.5199999998149,190.3639000011026,563.8926000028732,one shared preloaded model
syn-2fe6bde59301602d,chalm,500,443.3226000001014,14.970500000345055,532.735099997808,991.0281999982544,one shared preloaded model
syn-e4e5255b50b15865,chalm,500,453.42259999961243,14.540100000886014,250.52270000014687,718.4854000006453,one shared preloaded model
syn-8e029986a2e4be7e,chalm,500,358.13909999706084,14.21430000118562,321.8029999989085,694.156399997155,one shared preloaded model
syn-d460ec92ff2d1e65,chalm,500,452.8123999989475,14.456700002483558,324.50189999872237,791.7710000001534,one shared preloaded model
syn-c7b7f75556d5e436,chalm,500,412.49039999820525,9.158999997453066,321.2980999996944,742.9474999953527,one shared preloaded model
syn-729b066ef4e121a1,chalm,500,442.5386000002618,14.460599999438273,304.783799998404,761.7829999981041,one shared preloaded model
syn-383ddb0c41c5feef,chalm,500,457.65599999867845,14.263599998230347,103.50219999963883,575.4217999965476,one shared preloaded model
syn-50d0f73de6cd03fd,chalm,500,411.987900002714,14.421399999264395,284.1611000003468,710.5704000023252,one shared preloaded model
syn-49216263546f83c9,chalm,500,428.49009999918053,14.309599999251077,203.466799997841,646.2664999962726,one shared preloaded model
syn-3d8ea15d71265a5d,chalm,500,437.9843000024266,15.086799998243805,278.7052000021504,731.7763000028208,one shared preloaded model
syn-e71f9cfdd7e12520,chalm,500,355.24549999900046,14.830700001766672,515.171899998677,885.2480999994441,one shared preloaded model
syn-db387682b1226cfa,chalm,500,361.49569999906817,10.190299999521812,214.69639999850187,586.3823999970919,one shared preloaded model
syn-57cbb0340d075fa2,chalm,500,410.65379999781726,10.250999999698251,240.96239999926183,661.8671999967773,one shared preloaded model
syn-9df98212cdc08358,chalm,500,324.3877999993856,10.27780000003986,274.3487000007008,609.0143000001262,one shared preloaded model
syn-a1d1ea15e7221800,chalm,500,322.24889999997686,14.846100002614548,332.6243000010436,669.719300003635,one shared preloaded model
syn-2f4dce5ad69b3fa1,chalm,500,349.9663000002329,14.419600000110222,302.3482000025979,666.734100002941,one shared preloaded model
syn-7094b0e8de069d3a,chalm,500,391.8200000007346,14.589800000976538,103.21829999884358,509.6281000005547,one shared preloaded model
syn-97802e05ca9a2d1c,chalm,500,454.68130000153906,14.761600003112108,281.13350000057835,750.5764000052295,one shared preloaded model
syn-d604fecf4b0498cd,chalm,500,419.67060000024503,10.36029999886523,127.62669999938225,557.6575999984925,one shared preloaded model
syn-64c1006806b1711d,chalm,500,346.5353999999934,15.258200000971556,746.2339999983669,1108.0275999993319,one shared preloaded model
syn-4a8e3cff5312d6b5,chalm,500,461.95600000282866,14.738400001078844,468.7874000010197,945.4818000049272,one shared preloaded model
syn-f940283a7af1f768,chalm,500,354.34670000176993,14.22889999957988,224.51640000144835,593.0920000027982,one shared preloaded model
syn-00d8e9ad93855ab3,chalm,500,421.8639999999141,14.65979999920819,272.97379999799887,709.4975999971211,one shared preloaded model
syn-b66b18aeb0ff8c75,chalm,500,414.77780000059283,10.497299997950904,262.54880000124103,687.8238999997848,one shared preloaded model
syn-689eaa13f442395a,chalm,500,332.7334999994491,10.410200000478653,294.7831000019505,637.9268000018783,one shared preloaded model
syn-47679c7bc2515e7e,chalm,500,454.88810000097146,14.774699997360585,287.3576999991201,757.0204999974521,one shared preloaded model
syn-8defe53d696d1e04,chalm,500,405.58690000034403,14.234099999157479,79.34349999777623,499.16449999727774,one shared preloaded model
syn-958fef865bbe0110,chalm,500,400.27959999861196,14.268800001445925,236.42260000269744,650.9710000027553,one shared preloaded model
syn-4b17cac63cc0fd2e,chalm,500,422.46259999956237,14.36170000306447,203.6346000022604,640.4589000048873,one shared preloaded model
syn-c81b135ce954f21d,chalm,500,412.3005000001285,14.77829999930691,337.3506999996607,764.4294999990962,one shared preloaded model
syn-a4421f1dbd3fdf53,chalm,500,447.39169999957085,14.376899998751469,445.8667999970203,907.6353999953426,one shared preloaded model
syn-007bd7d84108708c,chalm,500,450.6349000002956,14.457099998253398,295.82059999665944,760.9125999952084,one shared preloaded model
syn-33695a5bdb03a768,chalm,500,420.1831000027596,10.28490000317106,229.33869999906165,659.8067000049923,one shared preloaded model
syn-338c6b26a5bc1a7c,chalm,500,392.8968000000168,14.42700000188779,339.278600000398,746.6024000023026,one shared preloaded model
syn-e228218af7df0e27,chalm,500,426.2038999986544,14.626899999711895,354.2493999993894,795.0801999977557,one shared preloaded model
syn-fcc74b53a32d5340,chalm,500,413.53710000112187,14.750300000741845,268.840699998691,697.1281000005547,one shared preloaded model
syn-6f04fd80b4ec7429,chalm,500,453.9301000004343,14.336000000184868,103.41020000123535,571.6763000018545,one shared preloaded model
syn-5a2a82ec7118aced,chalm,500,428.9699999972072,14.576000001397915,331.6292000017711,775.1752000003762,one shared preloaded model
syn-929180aaf784df2d,chalm,500,365.59139999735635,9.968099999241531,126.49909999890951,502.0585999955074,one shared preloaded model
syn-cb551660c3041446,chalm,500,310.89829999837093,14.822599998296937,322.02110000071116,647.741999997379,one shared preloaded model
syn-791a724e1d728c02,chalm,500,405.0578999995196,14.353399998071836,485.97700000027544,905.3882999978669,one shared preloaded model
syn-bbb931a8ac8328af,chalm,500,452.65719999952125,14.355800001794705,296.91929999899,763.932300000306,one shared preloaded model
syn-ebdd58edff7c66b4,chalm,500,371.1118000028364,13.936999999714317,319.2336000029172,704.2824000054679,one shared preloaded model
syn-dafad97333e5b987,chalm,500,336.27569999953266,10.141099999600556,289.0621000005922,635.4788999997254,one shared preloaded model
syn-0b201ce7670c1977,chalm,500,393.00790000197594,11.965600002440624,297.9653000002145,702.938800004631,one shared preloaded model
syn-54b9cd4289abb716,chalm,500,300.52319999958854,11.081900000135647,286.7697000001499,598.3747999998741,one shared preloaded model
syn-8bf1c6019e2fc30d,chalm,500,410.51860000152374,14.107099999819184,102.5675000018964,527.1932000032393,one shared preloaded model
syn-f6299fe4338ea2f7,chalm,500,404.36699999918346,10.03130000026431,258.4480000004987,672.8462999999465,one shared preloaded model
syn-38e61cc36ea3e36e,chalm,500,451.88129999951343,14.54359999843291,203.64530000006198,670.0701999980083,one shared preloaded model
syn-197dc5be6d7f183f,chalm,500,456.23799999884795,14.9983000010252,208.2059999993362,679.4422999992094,one shared preloaded model
syn-3ce9a38483b121d8,chalm,500,454.169800003001,14.57749999826774,335.6002999971679,804.3475999984366,one shared preloaded model
syn-47583ae995fed3de,chalm,500,452.7727999993658,14.648899999883724,297.89309999978286,765.3147999990324,one shared preloaded model
syn-84f146205390e1cd,chalm,500,453.6504999996396,14.205999999830965,315.809799998533,783.6662999980035,one shared preloaded model
syn-028e71b6f78ee786,chalm,500,423.6810999973386,14.239500000257976,315.1402000003145,753.0607999979111,one shared preloaded model
syn-4bc94b80a83ab669,chalm,500,459.32449999963865,14.205300001776777,298.00450000038836,771.5343000018038,one shared preloaded model
syn-18c20066c2cb823b,chalm,500,404.97599999798695,10.436900000058813,263.09799999944516,678.5108999974909,one shared preloaded model
syn-9897592c844df47a,chalm,500,452.97690000006696,15.120000000024447,77.71250000223517,545.8094000023266,one shared preloaded model
syn-f1a339235669aeb9,chalm,500,434.11989999731304,14.944300000934163,323.1310000010126,772.1951999992598,one shared preloaded model
syn-cfdf94c12c6fc750,chalm,500,367.3272999985784,10.770699998829514,130.61919999745442,508.7171999948623,one shared preloaded model
syn-d74d75f2f11faece,chalm,500,442.1924999987823,14.979299998231,312.6425000009476,769.8142999979609,one shared preloaded model
syn-783c82d75d29289f,chalm,500,409.48460000072373,10.129500002221903,497.4289999991015,917.0431000020471,one shared preloaded model
syn-59238d3be02262dc,chalm,500,367.66029999853345,14.78329999736161,250.4412999987835,632.8848999946786,one shared preloaded model
syn-5a59b3e48be3ebf3,chalm,500,405.25569999954314,14.351900001202011,297.19310000291443,716.8007000036596,one shared preloaded model
syn-ff213c8fcd806780,chalm,500,426.887199999328,14.972400000260677,325.0217999993765,766.8813999989652,one shared preloaded model
syn-b53133f7f8a9ffec,chalm,500,419.9211000013747,14.46409999698517,283.87130000191974,718.2565000002796,one shared preloaded model
syn-e35eabac503525f5,chalm,500,452.85389999844483,14.655300001322757,191.64350000210106,659.1527000018687,one shared preloaded model
syn-f06e91bb302cec90,chalm,500,307.67330000162474,10.208399999100948,76.93730000028154,394.8190000010072,one shared preloaded model
syn-8e0605a240c5d9de,chalm,500,379.41099999807193,10.396000001492212,297.06330000044545,686.8703000000096,one shared preloaded model
syn-e187101b9c61e6e0,chalm,500,451.46139999997104,14.856100002361927,159.85060000093654,626.1681000032695,one shared preloaded model
syn-0adbc4dcb9081517,chalm,500,410.6567000017094,15.301799998269416,187.53400000059628,613.4925000005751,one shared preloaded model
syn-950a8c7f7b083c05,chalm,500,409.3892999990203,8.801600000879262,449.4303999999829,867.6212999998825,one shared preloaded model
syn-c33b261bc5974ad6,chalm,500,430.5071000017051,14.326500000606757,328.6610000031942,773.4946000055061,one shared preloaded model
syn-5ae41b4c78656072,chalm,500,435.5068000004394,10.336200000892859,288.8410000014119,734.6840000027441,one shared preloaded model
syn-5e6cea10982a3491,chalm,500,413.6280999991868,13.294600001245271,300.00400000062655,726.9267000010586,one shared preloaded model
syn-393c8d17ecc49c08,chalm,500,356.66739999942365,14.649099997768644,237.23919999974896,608.5556999969413,one shared preloaded model
syn-ea7a1a0f2c892d07,chalm,500,432.4430000015127,14.596000000892673,351.34690000268165,798.385900005087,one shared preloaded model
syn-0e782853a7ea3314,chalm,500,387.1024000000034,14.21670000127051,103.70130000228528,505.0204000035592,one shared preloaded model
syn-960381de09bea452,chalm,500,455.8612999971956,14.634799998020753,274.611000000732,745.1070999959484,one shared preloaded model
syn-6e1920560ba226cf,chalm,500,405.17430000181776,14.606900000217138,202.97209999989718,622.7533000019321,one shared preloaded model
syn-51d5124dceba73dc,chalm,500,380.71990000025835,15.112400000361959,230.02379999888944,625.8560999995098,one shared preloaded model
syn-3eb2443275ddd447,chalm,500,294.30610000054,10.276199998770608,484.9400999992213,789.5223999985319,one shared preloaded model
syn-8614bcc399988fce,chalm,500,384.47050000104355,10.55850000193459,265.1737000014691,660.2027000044473,one shared preloaded model
syn-3cdf107cfd43e0fd,chalm,500,451.38560000123107,14.626199998019729,194.62339999881806,660.6351999980689,one shared preloaded model
syn-288492c196f1e57d,chalm,500,382.7177000021038,10.271999999531545,233.19809999884455,626.1878000004799,one shared preloaded model
syn-6aeddd7478f8dad1,chalm,500,460.57999999902677,14.613399998779641,288.30509999897913,763.4984999967855,one shared preloaded model
syn-f7ce21c285c45a2e,chalm,500,393.3007000014186,14.599400001316098,301.9149000028847,709.8150000056194,one shared preloaded model
syn-e3f6ba4e5a28c2de,chalm,500,452.63949999934994,14.255999998567859,103.46420000132639,570.3596999992442,one shared preloaded model
syn-b660cc0eacfc23b6,chalm,500,385.76150000153575,14.528600000630831,297.68350000085775,697.9736000030243,one shared preloaded model
syn-b50f9f7062eca05f,chalm,500,434.09930000052555,14.569200000551064,126.7550000011397,575.4235000022163,one shared preloaded model
syn-0fc1f31ae9a93aa7,chalm,500,426.8771999995806,11.05729999835603,251.61500000103842,689.5494999989751,one shared preloaded model
syn-d2aeb79af2c427b5,chalm,500,421.3980000022275,14.274299999669893,326.7439999981434,762.4163000000408,one shared preloaded model
syn-62826ec1b9b4a016,chalm,500,434.8787999988417,12.654000001930399,237.60910000055446,685.1419000013266,one shared preloaded model
syn-d29f5aeb7170134e,chalm,500,446.5697000014188,14.351800000440562,295.724199997494,756.6456999993534,one shared preloaded model
syn-a38b4624e16666f7,chalm,500,338.2865999992646,10.406400000647409,257.7244999993127,606.4174999992247,one shared preloaded model
syn-75b1ed43bc65fd9e,chalm,500,359.38739999983227,10.296299999026814,233.49159999997937,603.1752999988385,one shared preloaded model
syn-8494bae6d11ac2e7,chalm,500,452.20989999870653,14.658200001576915,263.79300000189687,730.6611000021803,one shared preloaded model
syn-7ee1f42a5629174b,chalm,500,356.9637000000512,10.151100002985913,92.42340000128024,459.53820000431733,one shared preloaded model
syn-3fe4991bf0c2ad44,chalm,500,392.55899999989197,10.05809999696794,318.04790000023786,720.6649999970978,one shared preloaded model
syn-1e2ecfd6d2f82460,chalm,500,371.9407999997202,14.457699999184115,153.51620000001276,539.9146999989171,one shared preloaded model
syn-64cd3953dfea1b8a,chalm,500,458.1597000033071,15.137600003072293,246.88339999920572,720.1807000055851,one shared preloaded model
syn-8baac05c82412799,chalm,500,396.3585999990755,11.49269999950775,499.25720000101137,907.1084999995946,one shared preloaded model
syn-6d1ad2459478a841,chalm,500,429.5142000009946,15.736699999251869,345.39829999994254,790.649200000189,one shared preloaded model
syn-67f82b8b4f21c426,chalm,500,438.6750000012398,14.295900000433903,299.56529999981285,752.5362000014866,one shared preloaded model
syn-28a468ec5ccd074e,chalm,500,422.6682000007713,14.727700003277278,387.5655000010738,824.9614000051224,one shared preloaded model
syn-22ae75de761a6523,chalm,500,397.3084999997809,10.376800000813091,308.1362999982957,715.8215999988897,one shared preloaded model
syn-438d58bc4faa40a6,chalm,500,280.01769999900716,9.067499999218853,245.96670000028098,535.051899998507,one shared preloaded model
syn-00b33be7e49faf14,chalm,500,437.95980000140844,14.000299997860566,76.81580000280519,528.7759000020742,one shared preloaded model
syn-0de255f30bd2a43b,chalm,500,370.6732999999076,14.338799999677576,245.63409999973373,630.6461999993189,one shared preloaded model
syn-5b8adc69152415ba,chalm,500,455.89230000041425,14.53369999944698,203.36179999867454,673.7877999985358,one shared preloaded model
syn-7294b757a8e851e2,chalm,500,421.81949999940116,10.72320000093896,249.84519999998156,682.3879000003217,one shared preloaded model
syn-044b82cb725cda4f,chalm,500,447.53449999916484,12.43379999868921,265.30089999869233,725.2691999965464,one shared preloaded model
syn-318d78f2ab7b3615,chalm,500,399.68539999972563,15.683400000852998,189.0096999995876,604.3785000001662,one shared preloaded model
syn-6abf77247fcceec9,chalm,500,354.8878000001423,10.470199998962926,307.41459999990184,672.7725999990071,one shared preloaded model
syn-d820c6a8ffaad975,chalm,500,409.7282000002451,14.604899999540066,234.87629999726778,659.209399997053,one shared preloaded model
syn-35e6eeacf4a5b0e7,chalm,500,357.2908999994979,14.097200000833254,356.3888000026054,727.7769000029366,one shared preloaded model
syn-5f13f7d39a6f9dd2,chalm,500,427.9891999976826,10.138300000107847,321.23069999943255,759.358199997223,one shared preloaded model
syn-d79f56bbac52b78f,chalm,500,356.2050000000454,10.616399998980341,75.19649999812827,442.017899997154,one shared preloaded model
syn-d94f9f88e7330cf3,chalm,500,318.89500000033877,10.160499998164596,293.70099999869126,622.7564999971946,one shared preloaded model
syn-9af8470ca231317c,chalm,500,395.20830000037677,14.699999999720603,154.59909999844967,564.507399998547,one shared preloaded model
syn-016a620ea89d026c,chalm,500,415.62940000221715,15.248000003339257,238.03459999908227,668.9120000046387,one shared preloaded model
syn-0ab4f7c4f93101df,chalm,500,408.8597000009031,15.312199997424614,250.32179999834625,674.493699996674,one shared preloaded model
syn-673ad9a7a3815527,chalm,500,442.2000999984448,14.518699998006923,262.27250000010827,718.99129999656,one shared preloaded model
syn-9637d112539c2596,chalm,500,356.7288999984157,10.746599997219164,265.381699999125,632.8571999947599,one shared preloaded model
syn-9efd28a908d96377,chalm,500,356.50879999957397,14.482399998087203,289.4801999973424,660.4713999950036,one shared preloaded model
syn-b5fd479043a1f5f0,chalm,500,363.0960000009509,11.28679999965243,326.0688000009395,700.4516000015428,one shared preloaded model
syn-b31097c5f8432523,chalm,500,445.31719999940833,15.105900001799455,284.6917000024405,745.1148000036483,one shared preloaded model
syn-e3988356cb634b76,chalm,500,447.1750000011525,10.096199999679811,101.09839999859105,558.3695999994234,one shared preloaded model
syn-b93d2fbde0d87e43,chalm,500,451.39100000233157,15.152700001635822,319.05149999874993,785.5952000027173,one shared preloaded model
syn-e6bb0f45ecff59ec,chalm,500,413.8842000029399,14.283600001363084,202.41019999957643,630.5780000038794,one shared preloaded model
syn-5de10839a991bd18,chalm,500,366.92150000089896,11.002100000041537,258.7262999986706,636.6498999996111,one shared preloaded model
syn-1d26b78349295a8c,chalm,500,457.42210000025807,14.603100000385894,521.9623999983014,993.9875999989454,one shared preloaded model
syn-13a80fedd9f32081,chalm,500,431.48800000199117,14.590899998438545,312.30499999946915,758.3838999998989,one shared preloaded model
syn-fc5e97f03a0bdaea,chalm,500,417.9961000008916,14.197800002875738,316.94169999900623,749.1356000027736,one shared preloaded model
syn-05d8cf96104d2a05,chalm,500,342.3465000014403,14.54580000063288,340.5772000005527,697.4695000026259,one shared preloaded model
syn-10f60f169ff33d8a,chalm,500,449.83639999918523,14.251199998398079,352.381200002128,816.4687999997113,one shared preloaded model
syn-92e00dc4ce0b433f,chalm,500,443.78669999787235,14.402099997823825,300.25770000065677,758.4464999963529,one shared preloaded model
syn-8b04cba97d6011be,chalm,500,343.73910000067553,10.13740000053076,75.27549999940675,429.15200000061304,one shared preloaded model
syn-d5d82482f42433eb,chalm,500,371.5627999990829,14.486000000033528,327.12940000055823,713.1781999996747,one shared preloaded model
syn-c11b77eb7b11634e,chalm,500,274.77879999787547,8.914599999116035,100.86969999974826,384.56309999673977,one shared preloaded model
syn-45838d23bff0c54b,chalm,500,453.76430000032997,14.939900000172202,252.0970000005036,720.8012000010058,one shared preloaded model
syn-59a6301268ac351a,chalm,500,392.65850000083447,14.374499998666579,511.7270999980974,918.7600999975984,one shared preloaded model
syn-51f7894767e333b4,chalm,500,436.3271000001987,9.887799998978153,182.85029999969993,629.0651999988768,one shared preloaded model
syn-b2383b732780e64c,chalm,500,345.57520000089426,14.401899999938905,299.3477999989409,659.3248999997741,one shared preloaded model
syn-8b0cbb2202ca8bee,chalm,500,339.23429999777,14.516200000798563,311.5360000010696,665.2864999996382,one shared preloaded model
syn-3c99834715dc06fe,chalm,500,432.3088999990432,14.374999998835847,329.975699998613,776.659599996492,one shared preloaded model
syn-bbb693659e15d4a8,chalm,500,418.2085000029474,15.345499999966705,281.39800000280957,714.9520000057237,one shared preloaded model
syn-ae370afd87dce67b,chalm,500,444.7660999976506,14.354300001286902,103.35659999691416,562.4769999958517,one shared preloaded model
syn-d9bb103e78d1ea00,chalm,1000,641.9929000003322,14.352099999086931,312.4317000001611,968.7766999995802,one shared preloaded model
syn-6ce2e118d31157fe,chalm,1000,700.946600001771,10.571999999228865,262.3951000023226,973.9137000033224,one shared preloaded model
syn-042dd477cdf0308a,chalm,1000,632.0572000004177,14.328799999930197,298.7734999987879,945.1594999991357,one shared preloaded model
syn-281283cfabfbdcea,chalm,1000,844.17509999912,14.598300000216113,287.264899998263,1146.038299997599,one shared preloaded model
syn-8efa4ab49e1a80d2,chalm,1000,771.38449999984,14.46600000053877,1813.3248000012827,2599.1753000016615,one shared preloaded model
syn-b17fc4077a328a69,chalm,1000,729.0524000018195,14.994199998909608,294.21349999756785,1038.260099998297,one shared preloaded model
syn-7e6f50b922375dde,chalm,1000,839.2244999995455,14.573000000382308,184.02010000136215,1037.81760000129,one shared preloaded model
syn-fc2eb6d5aff91ebe,chalm,1000,771.632199997839,11.74890000038431,318.6530999992101,1102.0341999974335,one shared preloaded model
syn-938ad03c92c97011,chalm,1000,650.596499999665,10.306100000889273,450.59979999859934,1111.5023999991536,one shared preloaded model
syn-f6b8e9d890741e55,chalm,1000,719.7090999979991,10.103100001288112,300.4473000000871,1030.2594999993744,one shared preloaded model
syn-b36a5940cf945a14,chalm,1000,637.512000001152,10.280299997248221,559.4654000014998,1207.2576999999,one shared preloaded model
syn-0ed7b68c61dbfde9,chalm,1000,790.1308000000427,13.135699999111239,343.98829999918235,1147.2547999983362,one shared preloaded model
syn-5fae0fa10fdf31d3,chalm,1000,658.8725000001432,14.861900002870243,1748.8099000001966,2422.54430000321,one shared preloaded model
syn-dba8ca745e0a3cdc,chalm,1000,865.8419999992475,14.856499998131767,322.1515000004729,1202.8499999978521,one shared preloaded model
syn-fcfb5732ec54f0c8,chalm,1000,722.6364999987709,14.494500002911082,514.5776999997906,1251.7087000014726,one shared preloaded model
syn-08effc2a25c11f9c,chalm,1000,628.1980999992811,10.315600000467384,257.8375999983109,896.3512999980594,one shared preloaded model
syn-9e6381dab1dfdb96,chalm,1000,707.0791000005556,10.457599997607758,154.8012999992352,872.3379999973986,one shared preloaded model
syn-dca5cb7288e8636e,chalm,1000,789.3570000014734,15.545799997198628,324.30999999996857,1129.2127999986405,one shared preloaded model
syn-f4ff0a2d232530ca,chalm,1000,677.4082999982056,15.943500002322253,455.28159999958007,1148.633400000108,one shared preloaded model
syn-5f1b8d8a7822fd7e,chalm,1000,784.4660999980988,10.948800001642667,1061.6607000010845,1857.075600000826,one shared preloaded model
syn-94aba5b9e5062a27,chalm,1000,656.6397999995388,10.439300000143703,1297.3300000012387,1964.4091000009212,one shared preloaded model
syn-3e6c511cd2b560d8,chalm,1000,653.3450999995694,14.736000000993954,306.75679999694694,974.8378999975102,one shared preloaded model
syn-ac20d91143a0590b,chalm,1000,899.1955000019516,14.676299997518072,1639.419099999941,2553.2908999994106,one shared preloaded model
syn-0efffe40eebe4463,chalm,1000,789.8420999990776,14.898500001436332,328.7004999983765,1133.4410999988904,one shared preloaded model
syn-b83885bc9e64ce19,chalm,1000,655.68759999951,10.24659999893629,1132.192799999757,1798.1269999982032,one shared preloaded model
syn-ee19c3767fd74bed,chalm,1000,740.9221999987494,14.7977999986324,263.21829999869806,1018.9382999960799,one shared preloaded model
syn-7c2d788567f6ca4c,chalm,1000,692.0043999998597,14.895500000420725,202.76640000156476,909.6663000018452,one shared preloaded model
syn-3a8019f3d5dc68c0,chalm,1000,816.9548000005307,15.685000002122251,287.24720000172965,1119.8870000043826,one shared preloaded model
syn-e8c65398929f4acf,chalm,1000,765.3357000017422,10.967099999106722,440.7672999986971,1217.070099999546,one shared preloaded model
syn-3f66ed559cedc115,chalm,1000,693.823200002953,14.56020000114222,217.11649999997462,925.4999000040698,one shared preloaded model
syn-12ccf1fda7a5ba55,chalm,1000,701.0449000008521,14.339100001961924,250.34339999911026,965.7274000019243,one shared preloaded model
syn-a12f2b7d49824e38,chalm,1000,583.4222999983467,10.464999999385327,286.5167999989353,880.4040999966674,one shared preloaded model
syn-391e97cd74ab7f0a,chalm,1000,720.1819000001706,14.750099999218946,366.02059999859193,1100.9525999979815,one shared preloaded model
syn-e720b237f4f6f0d3,chalm,1000,575.9166999996523,10.292999999364838,244.2284999997355,830.4381999987527,one shared preloaded model
syn-8de662f9190a975f,chalm,1000,705.541399998765,10.410700000647921,184.81570000221836,900.7678000016313,one shared preloaded model
syn-887cf2e03d326777,chalm,1000,739.6507000012207,14.973800000007031,320.8195000006526,1075.4440000018803,one shared preloaded model
syn-89035a06fe530ebf,chalm,1000,821.9687000018894,15.024799999082461,199.40909999786527,1036.402599998837,one shared preloaded model
syn-cb5f2c3f5795cde4,chalm,1000,724.7281999989355,10.893599999690196,331.3933999997971,1067.0151999984228,one shared preloaded model
syn-81dc91cf54ed73d1,chalm,1000,732.5201999992714,14.738300000317395,563.9120999985607,1311.1705999981496,one shared preloaded model
syn-72347d36c62375b2,chalm,1000,688.7768000015058,10.309000001143431,319.9830000012298,1019.068800003879,one shared preloaded model
syn-4bae06c6c4fc1f14,chalm,1000,788.9192000002367,10.51779999761493,1109.7845999975107,1909.2215999953623,one shared preloaded model
syn-45a3475be0025375,chalm,1000,816.7561999980535,15.020599999843398,295.0378000023193,1126.8146000002162,one shared preloaded model
syn-c5a53c1e41ca2f77,chalm,1000,694.8970000012196,14.554599998518825,340.47329999884823,1049.9248999985866,one shared preloaded model
syn-f6773edb4955f847,chalm,1000,865.2898000000278,14.635700001235818,311.8797999995877,1191.8053000008513,one shared preloaded model
syn-58b316290cd24af7,chalm,1000,859.2627999969409,14.593100000638515,1756.145600000309,2630.0014999978885,one shared preloaded model
syn-d48e529b99148b62,chalm,1000,741.6746999988391,14.785100000153761,331.7471000009391,1088.206899999932,one shared preloaded model
syn-c59f2789c582ce72,chalm,1000,789.8980999998457,15.081499997904757,204.21409999835305,1009.1936999961035,one shared preloaded model
syn-439f1c31894cda85,chalm,1000,808.4390000003623,10.849600002984516,239.0376000003016,1058.3262000036484,one shared preloaded model
syn-bc315d39ab7b8d07,chalm,1000,787.7665999985766,11.840299997857073,436.9905999992625,1236.5974999956961,one shared preloaded model
syn-ff528767efd5ed85,chalm,1000,715.942200000427,14.766899999813177,249.32410000110394,980.0332000013441,one shared preloaded model
syn-65c7958efb0596b8,chalm,1000,713.6471999983769,14.308000001619803,707.3103999973682,1435.265599997365,one shared preloaded model
syn-54f9c57cabda9bb7,chalm,1000,862.3561999993399,14.871299998048926,282.66309999889927,1159.890599996288,one shared preloaded model
syn-b667d2c320a8600f,chalm,1000,657.6026999973692,14.397400002053473,597.284800001944,1269.2849000013666,one shared preloaded model
syn-a179f0ac6d5bd80b,chalm,1000,689.8913000004541,14.687200000480516,360.68729999897187,1065.2657999999064,one shared preloaded model
syn-0837b68c448c02ef,chalm,1000,839.3055999986245,14.639100001659244,241.95759999929578,1095.9022999995796,one shared preloaded model
syn-4cb03cf39f71f86d,chalm,1000,802.4350999985472,14.370699998835335,333.83470000262605,1150.6405000000086,one shared preloaded model
syn-81ff57e4c3f23708,chalm,1000,583.286400000361,10.560700000496581,131.74620000063442,725.593300001492,one shared preloaded model
syn-d4eee0faf98bee16,chalm,1000,601.8767999994452,11.057900002924725,755.7906000001822,1368.725300002552,one shared preloaded model
syn-8ccf977ded1bf95e,chalm,1000,698.5727999999654,10.664099998393795,486.1882000004698,1195.425099998829,one shared preloaded model
syn-aa50f0aa293375df,chalm,1000,780.7830000019749,14.804099999309983,305.6963999988511,1101.283500000136,one shared preloaded model
syn-3024acb3548890e1,chalm,1000,842.3215000002529,14.745299999049166,253.09919999926933,1110.1659999985714,one shared preloaded model
syn-466bce93c4ee97a9,chalm,1000,864.7901999975147,15.04930000010063,324.04049999968265,1203.879999997298,one shared preloaded model
syn-ea86488068c8be5d,chalm,1000,780.9262000009767,10.42809999853489,1212.655300001643,2004.0096000011545,one shared preloaded model
syn-c93a303ba2cb0a5e,chalm,1000,662.3843000015768,14.902399998391047,313.77859999702196,991.0652999969898,one shared preloaded model
syn-39bd187f8d495145,chalm,1000,659.2310999985784,14.398700001038378,250.7545000007667,924.3843000003835,one shared preloaded model
syn-eacb4ffcbb2d86d7,chalm,1000,786.1462000000756,14.672899997094646,294.66369999863673,1095.482799995807,one shared preloaded model
syn-5b845e0d83ffe943,chalm,1000,816.0830999986501,10.475999999471242,130.40080000064336,956.9598999987647,one shared preloaded model
syn-67da6153707a7cf3,chalm,1000,717.3800999989908,10.766499999590451,322.3779999971157,1050.524599995697,one shared preloaded model
syn-208a5f0e612e75dc,chalm,1000,834.8092000014731,14.637399999628542,372.04449999990175,1221.4911000010034,one shared preloaded model
syn-3f0a998814cff481,chalm,1000,575.3874000001815,10.376799997175112,277.0357999979751,862.7999999953317,one shared preloaded model
syn-bbf2766c5553d357,chalm,1000,888.2851999987906,14.567499998520361,293.9157000000705,1196.7683999973815,one shared preloaded model
syn-28c5f4952dec1158,chalm,1000,858.8880999996036,14.911900001607137,294.7898999991594,1168.58990000037,one shared preloaded model
syn-f0710eb347d7f49f,chalm,1000,658.587499998248,10.950299998512492,1974.7882999981812,2644.3260999949416,one shared preloaded model
syn-fae97a6c6007ca4b,chalm,1000,720.4113000007055,10.248099999444094,234.22360000040499,964.8830000005546,one shared preloaded model
syn-26da2551ebdb99b0,chalm,1000,616.5929000017059,10.530900002777344,305.7851000012306,932.9089000057138,one shared preloaded model
syn-d6a3c849308efc93,chalm,1000,654.0980999998283,10.495399998035282,276.6120999986015,941.205599996465,one shared preloaded model
syn-5e831158aecf073c,chalm,1000,872.0847000004142,15.590299997711554,202.5848000012047,1090.2597999993304,one shared preloaded model
syn-0df1020fb1cfac7b,chalm,1000,908.5067000014533,15.44090000243159,302.24860000089393,1226.1962000047788,one shared preloaded model
syn-14895e28ff83d627,chalm,1000,626.528300002974,10.366599999542814,531.8699000017659,1168.7648000042827,one shared preloaded model
syn-280893883faff475,chalm,1000,822.7568000002066,14.777200001844903,343.1626000019605,1180.696600004012,one shared preloaded model
syn-64c9f4524a637e29,chalm,1000,814.1451999981655,14.84340000024531,368.82580000019516,1197.814399998606,one shared preloaded model
syn-a059274c871b0476,chalm,1000,777.026300002035,14.504399998259032,307.1330999991915,1098.6637999994855,one shared preloaded model
syn-62d3ee9ce3d7c7ac,chalm,1000,832.1933000006538,10.545500001171604,306.7283000018506,1149.467100003676,one shared preloaded model
syn-a3ab9227eebf5a53,chalm,1000,752.2781000006944,10.34060000165482,194.09900000027847,956.7177000026277,one shared preloaded model
syn-eae30fdc794e4b34,chalm,1000,780.5716999973811,10.345399998186622,178.710799998953,969.6278999945207,one shared preloaded model
syn-48ca6ad89fc59895,chalm,1000,715.621999999712,10.411399998702109,285.1366000031703,1011.1700000015844,one shared preloaded model
syn-500f7069b993394b,chalm,1000,705.9082000014314,10.260399998514913,102.15950000201701,818.3281000019633,one shared preloaded model
syn-9b96067dc9ef5446,chalm,1000,760.4984999998123,15.323800002079224,314.66569999975036,1090.488000001642,one shared preloaded model
syn-7a3b2bb542adde01,chalm,1000,808.7125999991258,10.908199998084456,543.8835999993898,1363.5043999966001,one shared preloaded model
syn-f7c0ebbe60722761,chalm,1000,798.7099000019953,14.967899998737266,304.7089000028791,1118.3867000036116,one shared preloaded model
syn-dac579b4ce47aca7,chalm,1000,799.6746999997413,13.853499996912433,572.9433999986213,1386.471599995275,one shared preloaded model
syn-bcbefb9be90d6a25,chalm,1000,725.4561000008835,11.892499998793937,353.7328999991587,1091.081499998836,one shared preloaded model
syn-2695661d1bea2959,chalm,1000,674.5976999991399,14.667499999632128,321.78360000034445,1011.0487999991165,one shared preloaded model
syn-1b898866130111e0,chalm,1000,733.1115000015416,9.394000000611413,321.0670000007667,1063.5725000029197,one shared preloaded model
syn-1a1996e4100eeaad,chalm,1000,782.3437000006379,15.047100001538638,554.3924000012339,1351.7832000034105,one shared preloaded model
syn-8d77e003873ed40a,chalm,1000,741.008500001044,10.435899999720277,320.633799998177,1072.0781999989413,one shared preloaded model
syn-cdc296dc9c776cdb,chalm,1000,902.0647999968787,14.999000002717366,155.29249999963213,1072.3562999992282,one shared preloaded model
syn-8327f78363600d81,chalm,1000,874.9628000005032,15.5086000013398,298.68050000004587,1189.1519000018889,one shared preloaded model
syn-5e6ee2f73290048f,chalm,1000,798.6922999989474,15.278899998520501,306.81660000118427,1120.7877999986522,one shared preloaded model
syn-23e8742860b2a62a,chalm,1000,857.8259999994771,15.143799999350449,325.1211000024341,1198.0909000012616,one shared preloaded model
syn-f04d6c7f370e4a29,chalm,1000,786.8891999969492,14.750199999980396,224.47100000135833,1026.110399998288,one shared preloaded model
syn-b80b2e97a4db7a97,chalm,1000,582.1781000013289,10.484499998710817,316.5356999998039,909.1982999998436,one shared preloaded model
syn-ba2a7ef9baa4b877,chalm,1000,596.8652999981714,14.428400001634145,601.0903999995207,1212.3840999993263,one shared preloaded model
syn-71222cfc29e9341b,chalm,1000,612.4517000025662,14.586000001145294,305.43020000186516,932.4679000055767,one shared preloaded model
syn-c28e151e0a17cca4,chalm,1000,723.8113999992493,10.434799998620292,1051.5591000003042,1785.8052999981737,one shared preloaded model
syn-f146e261fff2b363,chalm,1000,698.3392000001913,14.74170000074082,321.77799999772105,1034.8588999986532,one shared preloaded model
syn-bcc90fb9386303b5,chalm,1000,694.5302000021911,14.602100000047358,204.10209999681683,913.2343999990553,one shared preloaded model
syn-543acec00104d069,chalm,1000,852.691700001742,15.359500001068227,299.55420000260347,1167.6054000054137,one shared preloaded model
syn-a777a0449ca3fb5f,chalm,1000,763.6184000002686,14.87730000008014,579.2982999992091,1357.7939999995579,one shared preloaded model
syn-c06a91abc63c98c7,chalm,1000,687.7164999968954,10.422100000141654,256.0663000003842,954.2048999974213,one shared preloaded model
syn-b99931850336a20f,chalm,1000,777.6529000002483,14.457100001891376,298.8484999987122,1090.958500000852,one shared preloaded model
syn-59385e24e872000c,chalm,1000,776.9442999997409,14.094400001340546,325.6020999979228,1116.6407999990042,one shared preloaded model
syn-0892a57b654e40e8,chalm,1000,701.2556999980006,10.382500000559958,228.3185999986017,939.9567999971623,one shared preloaded model
syn-fb34245e0892cc7a,chalm,1000,579.58409999992,11.51899999968009,304.19869999968796,895.301799999288,one shared preloaded model
syn-b08ae709b1c9d822,chalm,1000,690.9847999995691,14.70569999946747,250.70500000219909,956.3955000012356,one shared preloaded model
syn-e2db30e7d5c4dde6,chalm,1000,736.1359999995329,10.544700002355967,305.43930000203545,1052.1200000039244,one shared preloaded model
syn-dd60639750ea62b4,chalm,1000,704.081199997745,14.83130000269739,176.44750000181375,895.3600000022561,one shared preloaded model
syn-cbaa4569873ac834,chalm,1000,651.05400000175,15.126199999940582,298.8947999983793,965.0750000000698,one shared preloaded model
syn-520903a645d5ecfb,chalm,1000,832.6696999974956,14.66670000081649,486.6470999986632,1333.9834999969753,one shared preloaded model
syn-5e9fd87a5016cddd,chalm,1000,808.5864000022411,14.71780000065337,278.7127000010514,1102.016900003946,one shared preloaded model
syn-f1b52658363e3b92,chalm,1000,649.6695999994699,10.600300000078278,1423.8872999994783,2084.1571999990265,one shared preloaded model
syn-18b9d6ac9e7049fb,chalm,1000,642.4694999986968,10.40389999980107,257.37909999952535,910.2524999980233,one shared preloaded model
syn-008384cdd30eea44,chalm,1000,817.1464000006381,14.62099999844213,1625.345100001141,2457.112500000221,one shared preloaded model
syn-ab404be3043d317f,chalm,1000,735.9050999984902,14.700399999128422,297.7484999973967,1048.3539999950153,one shared preloaded model
syn-172454acf1cf66e2,chalm,1000,726.9532999998773,14.701200001582038,811.3722999987658,1553.0268000002252,one shared preloaded model
syn-27d81a44d9d7eb1d,chalm,1000,668.0177999987791,14.64979999946081,360.6080999998085,1043.2756999980484,one shared preloaded model
syn-d07f7ebc6d1de23b,chalm,1000,709.6453999984078,15.452200001163874,200.37710000178777,925.4747000013595,one shared preloaded model
syn-a2663843442b6cc3,chalm,1000,748.0337000015425,15.196000000287313,248.75740000061342,1011.9871000024432,one shared preloaded model
syn-1cdee48c3989dff6,chalm,1000,750.80589999925,14.79240000116988,621.3153999997303,1386.9137000001501,one shared preloaded model
syn-c3e03635fe54efbb,chalm,1000,693.8928999989002,14.542900000378722,283.4995000011986,991.9353000004776,one shared preloaded model
syn-f145453cd704f938,chalm,1000,787.5118000010843,10.37240000005113,2470.325199999934,3268.2094000010693,one shared preloaded model
syn-19a39e333ceb7176,chalm,1000,816.0459999999148,14.600499998778105,355.1104000034684,1185.7569000021613,one shared preloaded model
syn-b2af4633bfb40235,chalm,1000,837.3012000010931,14.63050000165822,52.39430000074208,904.3260000034934,one shared preloaded model
syn-2c55a3011f2a0d9a,chalm,1000,738.2706999997026,10.680300001695286,245.2195000005304,994.1705000019283,one shared preloaded model
syn-01c5f8e95e41a7a5,chalm,1000,615.0812999985646,14.469599998847116,468.8538999980665,1098.4047999954782,one shared preloaded model
syn-791e007bcf48f98c,chalm,1000,727.7433000017481,14.687599999888334,360.410099998262,1102.8409999998985,one shared preloaded model
syn-259b9d737befeb57,chalm,1000,665.4297999994014,10.554399999818997,130.0866000019596,806.07080000118,one shared preloaded model
syn-54b5a6194fc6fd8e,chalm,1000,723.2475999990129,10.542899999563815,293.0290000003879,1026.8194999989646,one shared preloaded model
syn-8f4277d9948d448f,chalm,1000,692.1640999971714,10.413899999548448,424.12550000153715,1126.703499998257,one shared preloaded model
syn-e049688b82633c17,chalm,1000,832.5167000002693,14.920000001438893,299.8920999998518,1147.32880000156,one shared preloaded model
syn-50f7efbbd3b49e8b,chalm,1000,699.3737000011606,10.479699998541037,1150.9861000013188,1860.8395000010205,one shared preloaded model
syn-99e12498445b1b0e,chalm,1000,711.291200001142,14.713399999891408,323.7632000018493,1049.7678000028827,one shared preloaded model
syn-4af231d1b0ca07c3,chalm,1000,652.0025999998325,11.00640000004205,1648.8212000003841,2311.8302000002586,one shared preloaded model
syn-cf0443c64c602685,chalm,1000,658.0675000004703,14.97449999806122,309.1137000010349,982.1556999995664,one shared preloaded model
syn-0aa6427cb87ebeec,chalm,1000,777.3794999993697,14.467600001808023,510.2941999975883,1302.141299998766,one shared preloaded model
syn-64d492d82aa73da9,chalm,1000,861.9050000015704,10.57040000159759,301.86759999924107,1174.343000002409,one shared preloaded model
syn-a88929ba4de8e497,chalm,1000,734.2440000029455,14.758299999812152,146.3000000003376,895.3023000030953,one shared preloaded model
syn-82a7fca2c31d20c0,chalm,1000,681.6964999998163,16.000300001905998,326.56800000040676,1024.264800002129,one shared preloaded model
syn-9c7c1e30084b964c,chalm,1000,844.7277000013855,14.736500001163222,532.8591999968921,1392.3233999994409,one shared preloaded model
syn-2ca355b2ac8634a8,chalm,1000,721.1162999992666,14.888300000166055,297.0069000002695,1033.0114999997022,one shared preloaded model
syn-aa93861de0aaf495,chalm,5000,3630.4648999976052,14.834300000075018,310.50930000128574,3955.808499998966,one shared preloaded model
syn-1992f86a3e86fc6a,chalm,5000,3591.818400000193,10.607600001094397,338.8943999998446,3941.320400001132,one shared preloaded model
syn-04083234f85709e1,chalm,5000,3433.273200000258,10.69669999924372,265.7875000004424,3709.757399999944,one shared preloaded model
syn-cb01db0eb7a2edd2,chalm,5000,3259.2256999996607,15.011399998911656,265.89590000003227,3540.1329999986046,one shared preloaded model
syn-621d2f30954c345e,chalm,5000,3726.3653999980306,10.7304999983171,252.09250000261818,3989.188399998966,one shared preloaded model
syn-283fe4a44583ec8e,chalm,5000,3955.838699999731,14.961899996706052,293.6656000019866,4264.466199998424,one shared preloaded model
syn-e1d8ea4b52f7b86c,chalm,5000,3746.658899999602,10.822000000189291,131.3560000016878,3888.836900001479,one shared preloaded model
syn-b277d625d17584f5,chalm,5000,3735.675899999478,12.256099998921854,304.87490000086837,4052.8068999992684,one shared preloaded model
syn-feae35cacba6a43a,chalm,5000,3651.9176000001607,14.900599999236874,496.3116999970225,4163.12989999642,one shared preloaded model
syn-1c7e5d6f21986a25,chalm,5000,3831.108200000017,15.016699999250704,323.80410000041593,4169.928999999684,one shared preloaded model
syn-834533c926250190,chalm,5000,3761.6930000003777,14.639900000474881,371.48900000102003,4147.821900001873,one shared preloaded model
syn-0a63273f5477a591,chalm,5000,3486.1826000014844,14.94299999831128,326.3112999993609,3827.4368999991566,one shared preloaded model
syn-52610bf62333d9cb,chalm,5000,3432.70819999816,14.857099999062484,332.78510000309325,3780.350400000316,one shared preloaded model
syn-821964f5a271aa9e,chalm,5000,3379.6504999991157,11.145600001327693,282.19320000062,3672.9893000010634,one shared preloaded model
syn-084b033a28301180,chalm,5000,3444.9289000003773,14.073799997277092,970.548699999199,4429.551399996853,one shared preloaded model
syn-bb91366853342eae,chalm,5000,3550.6371000010404,15.367399999377085,325.8635000020149,3891.8680000024324,one shared preloaded model
syn-c70d6c456e1f3caf,chalm,5000,3246.6533000006166,10.988099998940015,133.30280000081984,3390.9442000003764,one shared preloaded model
syn-4b7b4e4e7cda9cdd,chalm,5000,3775.998499997513,11.720700000296347,238.84520000137854,4026.564399999188,one shared preloaded model
syn-05a3818e49a3d01c,chalm,5000,3575.784000000567,10.74990000051912,260.1035999978194,3846.6374999989057,one shared preloaded model
syn-45a189501aa64aff,chalm,5000,3883.2680999985314,14.828100000158884,315.7506999996258,4213.846899998316,one shared preloaded model
syn-8e55dab6334193ac,chalm,5000,3690.473999999085,10.475200000655605,280.3886000001512,3981.337799999892,one shared preloaded model
syn-7078daef9fc885d5,chalm,5000,3681.307700000616,15.27429999987362,328.2727000005252,4024.854700001015,one shared preloaded model
syn-30a8cdce438a3478,chalm,5000,3346.785000001546,10.823600001458544,296.86020000008284,3654.4688000030874,one shared preloaded model
syn-c8ec446f9f1407cc,chalm,5000,3495.4484999980195,14.996499998233048,310.8319000020856,3821.276899998338,one shared preloaded model
syn-1eea891acae77cae,chalm,5000,3657.6929000002565,10.685700002795784,230.752699997538,3899.1313000005903,one shared preloaded model
syn-41f888c23d96d157,chalm,5000,3534.880899998825,10.379700001067249,387.36169999901904,3932.6222999989113,one shared preloaded model
syn-f845857e039afa6c,chalm,5000,3613.6779000007664,15.576499998132931,205.37250000052154,3834.626899999421,one shared preloaded model
syn-ac6dfe3b37e5a013,chalm,5000,3533.0241000010574,15.51130000007106,326.55030000023544,3875.085700001364,one shared preloaded model
syn-15dd01e778ff5a78,chalm,5000,3595.624699999462,15.170599999692058,331.6021999999066,3942.3974999990605,one shared preloaded model
syn-87378b8e75e2dd6a,chalm,5000,3599.835199998779,14.919200002623256,322.9207000003953,3937.6751000017975,one shared preloaded model
syn-061b3d97b8960738,chalm,5000,3473.7753000008524,10.464599999977509,236.30119999870658,3720.5410999995365,one shared preloaded model
syn-490b8d010f4490c5,chalm,5000,3894.312699998409,15.077000000019325,300.3788000023633,4209.768500000791,one shared preloaded model
syn-fe76d6c8fe9751ff,chalm,5000,3464.5735999984026,10.608299999148585,240.43439999877592,3715.616299996327,one shared preloaded model
syn-00a89a4a45a4d877,chalm,5000,3609.6636000002036,14.970799998991424,324.088400000619,3948.722799999814,one shared preloaded model
syn-4732a0f163a6f5e5,chalm,5000,3836.805800001457,14.924000002793036,480.76360000050045,4332.493400004751,one shared preloaded model
syn-81ea53ade157ad42,chalm,5000,3420.285399999557,13.026299999182811,233.51490000277408,3666.8266000015137,one shared preloaded model
syn-3a0dace1bee727c3,chalm,5000,3563.5344999973313,11.15139999819803,109.52810000162572,3684.213999997155,one shared preloaded model
syn-3d3cb10c80061638,chalm,5000,3709.106599999359,15.488599998207064,330.5977999989409,4055.192999996507,one shared preloaded model
syn-2a09864e418663ff,chalm,5000,3420.6771999997727,15.033600000606384,327.54990000103135,3763.2607000014104,one shared preloaded model
syn-ec6ef79969cd8dc7,chalm,5000,3492.4633000009635,13.723700001719408,311.71530000210623,3817.902300004789,one shared preloaded model
syn-f77621b915dd593f,chalm,5000,3827.5487999999314,14.35249999849475,305.2476000011666,4147.148899999593,one shared preloaded model
syn-151c38901bd6a67f,chalm,5000,3399.559599998611,14.991500000178348,323.3806000025652,3737.9317000013543,one shared preloaded model
syn-db951997c8dd6571,chalm,5000,3596.4700000004086,14.676900002086768,334.0491999988444,3945.19610000134,one shared preloaded model
syn-8b89503a51b386ea,chalm,5000,3733.442799999466,10.465000003023306,348.8640000032319,4092.771800005721,one shared preloaded model
syn-63205549e97719a8,chalm,5000,3737.778200000321,10.505000002012821,1110.2126000005228,4858.495800002856,one shared preloaded model
syn-c748ba52ac994805,chalm,5000,3278.7678000022424,10.902699999860488,272.09959999891,3561.770100001013,one shared preloaded model
syn-905cd0149f85c44d,chalm,5000,3362.6758999998856,14.266099999076687,206.07380000001285,3583.015799998975,one shared preloaded model
syn-c1e6d9a8d1426ccd,chalm,5000,3448.158200000762,15.599599999404745,340.96389999831445,3804.721699998481,one shared preloaded model
syn-5a60149bb7d0d331,chalm,5000,3521.543799997744,10.330399996746564,567.8937000011501,4099.767899995641,one shared preloaded model
syn-085b48c1c01765d8,chalm,5000,3660.8832999991137,10.72079999721609,238.5601999994833,3910.164299995813,one shared preloaded model
syn-983ee8cd7cfab2b2,chalm,5000,3651.857100001507,14.866199999232776,240.8865999968839,3907.609899997624,one shared preloaded model
syn-62914c9ecfadb05c,chalm,5000,4182.331599997269,15.646100000594743,311.3505000001169,4509.328199997981,one shared preloaded model
syn-d33602a2444f791a,chalm,5000,3861.690499998076,14.824900001258356,326.45619999675546,4202.97159999609,one shared preloaded model
syn-84c0416f23825ae8,chalm,5000,3498.47679999948,15.147699999943143,289.0629000030458,3802.687400002469,one shared preloaded model
syn-91feb287d382e59b,chalm,5000,3762.587599998369,14.85060000049998,236.1547000000428,4013.592899998912,one shared preloaded model
syn-0238640a9f4d82ca,chalm,5000,3767.4837000013213,15.071499998157378,343.7951999985671,4126.350399998046,one shared preloaded model
syn-63b0f61512efcc7b,chalm,5000,3985.1723999963724,10.732399998232722,190.62549999944167,4186.530299994047,one shared preloaded model
syn-7b60a34c510e7d77,chalm,5000,3865.641600001254,15.521299999818439,322.95849999718484,4204.121399998257,one shared preloaded model
syn-aef5fcb957e2b2ae,chalm,5000,3498.186299999361,14.922200000000885,333.43840000088676,3846.5469000002486,one shared preloaded model
syn-89e193275b5f85b9,chalm,5000,3753.380099999049,14.189000001351815,289.5362000017485,4057.1053000021493,one shared preloaded model
syn-723cfc0a3cdbbe70,chalm,5000,3552.582299998903,14.767400003620423,298.80229999980656,3866.15200000233,one shared preloaded model
syn-b497e7cf4d12d853,chalm,5000,3665.5031999980565,14.404499997908715,302.7671999989252,3982.6748999948904,one shared preloaded model
syn-cab61fd9ea43be50,chalm,5000,3593.1942999995954,14.81459999922663,303.0450000005658,3911.053899999388,one shared preloaded model
syn-d2adedac796b42a4,chalm,5000,3874.8775999993086,15.212199999950826,293.993600000249,4184.083399999508,one shared preloaded model
syn-81c6eeb87fa8b65a,chalm,5000,3824.5975999998336,14.735900000232505,252.00169999880018,4091.3351999988663,one shared preloaded model
syn-a34560479904d293,chalm,5000,3487.723600002937,15.127800001209835,363.4232000003976,3866.2746000045445,one shared preloaded model
syn-175fb0b9c9912f1d,chalm,5000,3436.4758000010625,15.139999999519205,204.97460000115098,3656.5904000017326,one shared preloaded model
syn-da09d28e9f3d5d8d,chalm,5000,3756.5614999984973,16.14519999930053,303.4418999995978,4076.1485999973956,one shared preloaded model
syn-ba4fd9131d17eb5c,chalm,5000,3575.0909999987925,9.216400001605507,319.75380000221776,3904.061200002616,one shared preloaded model
syn-68ead23b13d3ca2c,chalm,5000,3647.2395999990113,14.77560000057565,300.3052999993088,3962.3204999988957,one shared preloaded model
syn-6e554c5058644670,chalm,5000,3836.59070000067,14.40589999765507,261.72549999682815,4112.722099995153,one shared preloaded model
syn-25700fcf3ed93c36,chalm,5000,3722.6576000030036,14.982400000008056,300.5851000016264,4038.225100004638,one shared preloaded model
syn-a5ee09e7314def43,chalm,5000,3472.577700002148,14.807800002017757,296.1880000002566,3783.5735000044224,one shared preloaded model
syn-2b6abd30a60a5e04,chalm,5000,3505.1872999974876,15.033100000437116,350.93419999975595,3871.1545999976806,one shared preloaded model
syn-8dfeb642ddbee07c,chalm,5000,3516.816300001665,15.223700000206009,1045.4046999984712,4577.444700000342,one shared preloaded model
syn-eb06dec63064b043,chalm,5000,3764.587900001061,15.125499998248415,673.5187000012957,4453.232100000605,one shared preloaded model
syn-0488d9fbd767427e,chalm,5000,3796.380499999941,15.04949999798555,204.4242000010854,4015.854199999012,one shared preloaded model
syn-ed2d05fab8ac8fe4,chalm,5000,3506.1196999995445,11.512500001117587,323.0896999994002,3840.7219000000623,one shared preloaded model
syn-8f9f957317f7d25c,chalm,5000,4131.495699999505,15.053799997986061,251.3211000004958,4397.870599997987,one shared preloaded model
syn-501740773c0e41a8,chalm,5000,3570.468499998242,14.933599999494618,329.49029999872437,3914.892399996461,one shared preloaded model
syn-7e7b412841f6c1f7,chalm,5000,3501.983999998629,14.929600001778454,269.9675000003481,3786.8811000007554,one shared preloaded model
syn-2318f08daa17b1d9,chalm,5000,3530.6329000013648,11.417199999414152,270.33509999819216,3812.385199998971,one shared preloaded model
syn-444440373a79774e,chalm,5000,3512.203900001623,14.203800001268974,266.4949999998498,3792.9027000027418,one shared preloaded model
syn-c09d16bc1d1a2e55,chalm,5000,3558.658699999796,15.292699998099124,301.10679999779677,3875.058199995692,one shared preloaded model
syn-41397c03bd43fa20,chalm,5000,3605.256599999848,14.888900001096772,245.1517999979842,3865.297299998929,one shared preloaded model
syn-2f881f63e4a9ee5b,chalm,5000,3350.4883000023256,15.002000000094995,320.52939999994123,3686.019700002362,one shared preloaded model
syn-5f5e815c982ee27e,chalm,5000,3888.474799998221,14.996699999755947,170.11439999987488,4073.585899997852,one shared preloaded model
syn-9d71ed841863197e,chalm,5000,3270.129699998506,11.454300001787487,295.2389999991283,3576.822999999422,one shared preloaded model
syn-7fdfd00ab52cb0a4,chalm,5000,3424.8232999998436,15.064899998833425,291.96000000229105,3731.848200000968,one shared preloaded model
syn-ad6a49391bbc7ec8,chalm,5000,3912.2740999991947,14.754799998627277,265.32599999700324,4192.354899994825,one shared preloaded model
syn-1b1c065cb1f625b9,chalm,5000,3733.5019999991346,10.448599998198915,325.67659999767784,4069.6271999950113,one shared preloaded model
syn-b6a49a33030fa3f8,chalm,5000,3862.1564999994007,15.144299999519717,301.4170999995258,4178.717899998446,one shared preloaded model
syn-a8d2f52e7f079d88,chalm,5000,3954.7306999993452,14.811199998803204,349.3975999990653,4318.939499997214,one shared preloaded model
syn-4c3b3bb15e85d708,chalm,5000,3762.237200000527,10.592900001938688,329.0185999976529,4101.848700000119,one shared preloaded model
syn-5711ba27a03e1d37,chalm,5000,3641.506100000697,14.773899998544948,1123.3931999995548,4779.673199998797,one shared preloaded model
syn-0524cfaed31c16ea,chalm,5000,3452.3735999973724,15.098299998498987,364.267100001598,3831.7389999974694,one shared preloaded model
syn-e15762ae99c08a2e,chalm,5000,3819.544699999824,10.75680000212742,205.69740000064485,4035.998900002596,one shared preloaded model
syn-d1c2ea5489a8c93f,chalm,5000,3783.854799999972,11.09829999768408,389.50739999927464,4184.460499996931,one shared preloaded model
syn-fecb508b9a8cd0d7,chalm,5000,3861.59090000001,14.93809999738005,368.82889999833424,4245.357899995724,one shared preloaded model
syn-c3610b2dfdf17488,chalm,5000,3264.416199999687,14.805899998464156,298.1371999994735,3577.3592999976245,one shared preloaded model
syn-d387b7117ab37cfe,chalm,5000,3644.492799998261,14.659399999800371,307.38389999896754,3966.536099997029,one shared preloaded model
syn-8d9d118f41b1a227,chalm,5000,3526.5676000017265,10.505700000067009,264.1546000013477,3801.2279000031413,one shared preloaded model
syn-ff0767eb4ac46b9f,chalm,5000,3599.0609000000404,14.837599999736995,400.5637000009301,4014.4622000007075,one shared preloaded model
syn-1d16ca78cf5f285e,chalm,5000,3674.8215000006894,10.862499999348074,330.8820000020205,4016.566000002058,one shared preloaded model
syn-9195cade3f4252b5,chalm,5000,3602.2076000008383,15.28390000021318,1065.098200000648,4682.589700001699,one shared preloaded model
syn-359afa05afb48b2c,chalm,5000,3760.143599996809,15.192499999102438,336.65880000262405,4111.994899998535,one shared preloaded model
syn-6b61ed0aca632b5c,chalm,5000,3750.2607999995234,10.446200001752004,177.48570000185282,3938.1927000031283,one shared preloaded model
syn-0adb661c494753d6,chalm,5000,3501.521000001958,15.519900000072084,333.37609999944107,3850.417000001471,one shared preloaded model
syn-6927e3c74ff525fb,chalm,5000,3895.159899999271,10.887199998251162,257.47839999894495,4163.525499996467,one shared preloaded model
syn-0a18b81ca32a8ca7,chalm,5000,3483.307499998773,10.27539999995497,297.2790999992867,3790.8619999980147,one shared preloaded model
syn-0c1d110466abf51c,chalm,5000,3602.0569000029354,14.86060000024736,299.5870999984618,3916.5046000016446,one shared preloaded model
syn-97d2d586514f8cca,chalm,5000,3491.526800000429,14.37889999942854,305.0014000000374,3810.907099999895,one shared preloaded model
syn-6f7e2eb87f7f3302,chalm,5000,3518.0364999978337,14.79529999778606,307.54800000067917,3840.379799996299,one shared preloaded model
syn-fea661b4b15b0e74,chalm,5000,3439.5524999999907,10.761400000774302,299.60919999939506,3749.92310000016,one shared preloaded model
syn-fe239bde6ca96941,chalm,5000,3231.1560999987705,10.626700001012068,232.5053000022308,3474.2881000020134,one shared preloaded model
syn-9912a67973413584,chalm,5000,3715.8495000003313,15.099199998076074,693.6642000000575,4424.612899998465,one shared preloaded model
syn-196bc61cd9f71b17,chalm,5000,3902.5638999992225,14.957799998228438,204.30800000031013,4121.829699997761,one shared preloaded model
syn-58d280179ba06842,chalm,5000,3683.417600001121,15.457000001333654,491.3985000021057,4190.273100004561,one shared preloaded model
syn-92401515ca3d9d95,chalm,5000,3921.1972000011883,10.799199997563846,464.53720000135945,4396.533600000112,one shared preloaded model
syn-346cd6a91974029e,chalm,5000,3448.5781000003044,10.687499998311978,267.85970000128145,3727.125299999898,one shared preloaded model
syn-d61561dea81b4354,chalm,5000,3612.56670000148,14.713600001414306,364.7439000014856,3992.02420000438,one shared preloaded model
syn-63ea34aca9f01719,chalm,5000,3572.480999999243,9.391700001287973,243.72240000229795,3825.595100002829,one shared preloaded model
syn-e84106f112541156,chalm,5000,3763.669199997821,13.008199999603676,343.79859999899054,4120.475999996415,one shared preloaded model
syn-6efde579ff231d80,chalm,5000,3829.3649000006553,13.287300000229152,334.8637000017334,4177.515900002618,one shared preloaded model
syn-0d04f3e770c59888,chalm,5000,3788.689000000886,14.844200002698926,250.84090000018477,4054.37410000377,one shared preloaded model
syn-43d0843223dd74b3,chalm,5000,3740.8630999998422,9.166800002276432,258.59370000034687,4008.6236000024655,one shared preloaded model
syn-53cc44bad0b99782,chalm,5000,3793.232599997282,15.69519999975455,142.0326000006753,3950.9603999977116,one shared preloaded model
syn-68d50118e4b184cf,chalm,5000,3456.8948000014643,15.600200000335462,341.86269999918295,3814.3577000009827,one shared preloaded model
syn-c909e6f301674d74,chalm,5000,3713.141899999755,15.70250000077067,479.62250000273343,4208.466900003259,one shared preloaded model
syn-b15708cedb31ffb2,chalm,5000,3388.5592000006,10.850800001207972,260.9167999980855,3660.3267999998934,one shared preloaded model
syn-beb9b27d8478562e,chalm,5000,3515.116400001716,12.176200001704274,337.5789000019722,3864.8715000053926,one shared preloaded model
syn-a4fa3217b0299eb9,chalm,5000,3552.520599998388,15.105399997992208,294.0690999967046,3861.695099993085,one shared preloaded model
syn-5d93fdd68c7b9336,chalm,5000,3227.188099997875,14.82910000049742,381.6410999970685,3623.6582999954408,one shared preloaded model
syn-b4e07914bae9b1c7,chalm,5000,3629.3456999992486,15.06120000340161,329.16150000164635,3973.5684000042966,one shared preloaded model
syn-a122df2c9c14fdfd,chalm,5000,3330.1414999987173,14.81200000125682,242.00520000158576,3586.95870000156,one shared preloaded model
syn-1679b733dc99bd02,chalm,5000,3752.5048999996216,15.086299998074537,685.3808000014396,4452.971999999136,one shared preloaded model
syn-0644357cd6e5c8fb,chalm,5000,3529.028000000835,15.118999999685911,203.83900000160793,3747.986000002129,one shared preloaded model
syn-01a1d9a589e21fc8,chalm,5000,3490.584099999978,13.300200000230689,242.29919999925187,3746.1834999994608,one shared preloaded model
syn-fe7bdb4996e9bd80,chalm,5000,3437.13790000038,10.671799998817733,233.96069999944302,3681.7703999986406,one shared preloaded model
syn-e7494dd18cf451d4,chalm,5000,3505.3805000025022,14.842800002952572,312.3599999998987,3832.5833000053535,one shared preloaded model
syn-bcd904aadce2351d,chalm,5000,3543.8372999997227,10.44480000200565,256.5221000004385,3810.804200002167,one shared preloaded model
syn-9490279b808fab68,chalm,5000,3691.569900001923,12.867900000856025,315.1235000004817,4019.561300003261,one shared preloaded model
syn-a2c82421fafdb0f4,chalm,5000,3798.0400000014924,10.161300000618212,297.4231999978656,4105.624499999976,one shared preloaded model
syn-36ff68425e3d3176,chalm,5000,3676.985900001455,10.060799999337178,240.21559999891906,3927.262299999711,one shared preloaded model
syn-707216e7a24847b3,chalm,5000,3797.2100999977556,15.159700000367593,466.8941999989329,4279.263999997056,one shared preloaded model
syn-c502f85d01f649e4,chalm,5000,3877.635699998791,14.956099999835715,328.98999999815715,4221.581799996784,one shared preloaded model
syn-939e6166b3b0c850,chalm,5000,3330.1232999983768,15.084900001966162,160.06390000256943,3505.2721000029123,one shared preloaded model
syn-34fc56e181bfc98e,chalm,5000,4024.816799999826,15.410300002258737,307.97510000047623,4348.202200002561,one shared preloaded model
syn-d27aaf9556c73b9d,chalm,5000,3480.5658999976004,14.864699998724973,296.9450999989931,3792.3756999953184,one shared preloaded model
syn-99bc78b27a981c11,chalm,5000,3782.729599999584,10.730000001785811,316.9186000013724,4110.378200002742,one shared preloaded model
