example_id,agent,update_ms,read_ms,generation_ms,end_to_end_ms,model_loading_policy
conv-26-qa-0,bm25_cache,1.4034246231122738,15.135300003748853,436.04050000431016,452.5792246311713,one shared preloaded model
conv-26-qa-1,bm25_cache,1.4034246231122738,11.90140000107931,469.31889999541454,482.62372461960615,one shared preloaded model
conv-26-qa-2,bm25_cache,1.4034246231122738,13.284799999382813,216.92309999343706,231.61132461593215,one shared preloaded model
conv-26-qa-3,bm25_cache,1.4034246231122738,11.770800003432669,298.5205999939353,311.6948246204803,one shared preloaded model
conv-26-qa-4,bm25_cache,1.4034246231122738,10.181800003920216,229.27570000319974,240.86092463023223,one shared preloaded model
conv-26-qa-5,bm25_cache,1.4034246231122738,9.761599998455495,491.12640000385,502.2914246254178,one shared preloaded model
conv-26-qa-6,bm25_cache,1.4034246231122738,10.126000001037028,499.5582000046852,511.08762462883453,one shared preloaded model
conv-26-qa-7,bm25_cache,1.4034246231122738,10.876299995288718,218.2087999972282,230.4885246156292,one shared preloaded model
conv-26-qa-8,bm25_cache,1.4034246231122738,12.168000001111068,196.50299999921117,210.0744246234345,one shared preloaded model
conv-26-qa-9,bm25_cache,1.4034246231122738,11.493199999677017,492.4624999985099,505.3591246212992,one shared preloaded model
conv-26-qa-10,bm25_cache,1.4034246231122738,13.919700002588797,217.50750000501284,232.8306246307139,one shared preloaded model
conv-26-qa-11,bm25_cache,1.4034246231122738,10.372900003858376,213.38499999546912,225.16132462243976,one shared preloaded model
conv-26-qa-12,bm25_cache,1.4034246231122738,9.701199996925425,207.9539000042132,219.0585246242509,one shared preloaded model
conv-26-qa-13,bm25_cache,1.4034246231122738,9.818999998969957,193.04009999905247,204.2625246211347,one shared preloaded model
conv-26-qa-14,bm25_cache,1.4034246231122738,11.082300006819423,231.5697000012733,244.055424631205,one shared preloaded model
conv-26-qa-15,bm25_cache,1.4034246231122738,12.998499994864687,214.03509999800008,228.43702461597704,one shared preloaded model
conv-26-qa-16,bm25_cache,1.4034246231122738,11.321799996949267,493.46849999710685,506.1937246171684,one shared preloaded model
conv-26-qa-17,bm25_cache,1.4034246231122738,9.770700002263766,474.1229999999632,485.2971246253393,one shared preloaded model
conv-26-qa-18,bm25_cache,1.4034246231122738,9.69049999548588,220.33160000137286,231.42552461997101,one shared preloaded model
conv-26-qa-19,bm25_cache,1.4034246231122738,9.992100000090431,206.3867000033497,217.7822246265524,one shared preloaded model
conv-26-qa-20,bm25_cache,1.4034246231122738,9.82790000125533,466.62629999627825,477.8576246206459,one shared preloaded model
conv-26-qa-21,bm25_cache,1.4034246231122738,9.729199999128468,514.6565000031842,525.789124625425,one shared preloaded model
conv-26-qa-22,bm25_cache,1.4034246231122738,10.155100004340056,232.66719999810448,244.2257246255568,one shared preloaded model
conv-26-qa-23,bm25_cache,1.4034246231122738,12.947299997904338,110.4159000024083,124.76662462342492,one shared preloaded model
conv-26-qa-24,bm25_cache,1.4034246231122738,16.131299998960458,539.0540000007604,556.5887246228332,one shared preloaded model
conv-26-qa-25,bm25_cache,1.4034246231122738,13.407400001597125,292.3140999992029,307.1249246239123,one shared preloaded model
conv-26-qa-26,bm25_cache,1.4034246231122738,13.349200002267025,184.85320000036154,199.60582462574084,one shared preloaded model
conv-26-qa-27,bm25_cache,1.4034246231122738,14.128299997537397,220.31910000077914,235.8508246214288,one shared preloaded model
conv-26-qa-28,bm25_cache,1.4034246231122738,9.76220000302419,508.54249999974854,519.708124625885,one shared preloaded model
conv-26-qa-29,bm25_cache,1.4034246231122738,9.651799999119248,336.9667000006302,348.0219246228618,one shared preloaded model
conv-26-qa-30,bm25_cache,1.4034246231122738,11.580799997318536,106.2621000019135,119.2463246223443,one shared preloaded model
conv-26-qa-31,bm25_cache,1.4034246231122738,16.350099998817313,225.198599997384,242.9521246193136,one shared preloaded model
conv-26-qa-32,bm25_cache,1.4034246231122738,12.753700000757817,266.5603999994346,280.7175246233047,one shared preloaded model
conv-26-qa-33,bm25_cache,1.4034246231122738,14.073600003030151,332.5635000001057,348.04052462624816,one shared preloaded model
conv-26-qa-34,bm25_cache,1.4034246231122738,10.270499995385762,202.76140000351006,214.4353246220081,one shared preloaded model
conv-26-qa-35,bm25_cache,1.4034246231122738,9.623300000384916,97.39870000339579,108.42542462689298,one shared preloaded model
conv-26-qa-36,bm25_cache,1.4034246231122738,16.207199994823895,331.11859999917215,348.72922461710834,one shared preloaded model
conv-26-qa-37,bm25_cache,1.4034246231122738,10.09630000044126,299.9420999985887,311.44182462214224,one shared preloaded model
conv-26-qa-38,bm25_cache,1.4034246231122738,10.902699999860488,231.26480000064475,243.57092462361751,one shared preloaded model
conv-26-qa-39,bm25_cache,1.4034246231122738,10.450599998875987,1623.5588999988977,1635.4129246208859,one shared preloaded model
conv-26-qa-40,bm25_cache,1.4034246231122738,13.70370000222465,118.09370000264607,133.200824627983,one shared preloaded model
conv-26-qa-41,bm25_cache,1.4034246231122738,16.4020999945933,484.84820000157924,502.65372461928484,one shared preloaded model
conv-26-qa-42,bm25_cache,1.4034246231122738,15.045400003145915,224.716199998511,241.1650246247692,one shared preloaded model
conv-26-qa-43,bm25_cache,1.4034246231122738,9.913900001265574,398.31319999939296,409.63052462377084,one shared preloaded model
conv-26-qa-44,bm25_cache,1.4034246231122738,13.687500002561137,338.4153000006336,353.506224626307,one shared preloaded model
conv-26-qa-45,bm25_cache,1.4034246231122738,10.325200004444923,516.0289999985253,527.7576246260825,one shared preloaded model
conv-26-qa-46,bm25_cache,1.4034246231122738,10.602499998640269,180.70730000181356,192.7132246235661,one shared preloaded model
conv-26-qa-47,bm25_cache,1.4034246231122738,16.42899999569636,143.26669999718433,161.09912461599296,one shared preloaded model
conv-26-qa-48,bm25_cache,1.4034246231122738,16.646500000206288,316.2014000045019,334.2513246278205,one shared preloaded model
conv-26-qa-49,bm25_cache,1.4034246231122738,11.440800000855234,225.39449999749195,238.23872462145945,one shared preloaded model
conv-26-qa-50,bm25_cache,1.4034246231122738,9.608599997591227,214.19269999751123,225.20472461821473,one shared preloaded model
conv-26-qa-51,bm25_cache,1.4034246231122738,11.66180000291206,126.1917999945581,139.25702462058243,one shared preloaded model
conv-26-qa-52,bm25_cache,1.4034246231122738,12.909699995361734,151.7844999980298,166.0976246165038,one shared preloaded model
conv-26-qa-53,bm25_cache,1.4034246231122738,16.616000000794884,484.8312000031001,502.8506246270073,one shared preloaded model
conv-26-qa-54,bm25_cache,1.4034246231122738,10.244999997667037,340.3193999984069,351.9678246191862,one shared preloaded model
conv-26-qa-55,bm25_cache,1.4034246231122738,13.425199998891912,194.9005999995279,209.7292246215321,one shared preloaded model
conv-26-qa-56,bm25_cache,1.4034246231122738,11.212100005650427,229.93860000133282,242.55412463009552,one shared preloaded model
conv-26-qa-57,bm25_cache,1.4034246231122738,13.457500004733447,197.05550000071526,211.91642462856097,one shared preloaded model
conv-26-qa-58,bm25_cache,1.4034246231122738,9.690500002761837,492.9282999946736,504.0222246205477,one shared preloaded model
conv-26-qa-59,bm25_cache,1.4034246231122738,13.183099996240344,209.34480000141775,223.93132462077037,one shared preloaded model
conv-26-qa-60,bm25_cache,1.4034246231122738,9.65369999903487,133.09969999681925,144.1568246189664,one shared preloaded model
conv-26-qa-61,bm25_cache,1.4034246231122738,11.794699996244162,232.1416999984649,245.33982461782134,one shared preloaded model
conv-26-qa-62,bm25_cache,1.4034246231122738,9.806900001422036,200.4914999997709,211.7018246243052,one shared preloaded model
conv-26-qa-63,bm25_cache,1.4034246231122738,9.930299995176028,160.99499999836553,172.32872461665383,one shared preloaded model
conv-26-qa-64,bm25_cache,1.4034246231122738,17.056400000001304,215.01790000183973,233.4777246249533,one shared preloaded model
conv-26-qa-65,bm25_cache,1.4034246231122738,9.642500001064036,638.8191000005463,649.8650246247227,one shared preloaded model
conv-26-qa-66,bm25_cache,1.4034246231122738,12.69999999931315,226.39960000378778,240.5030246262132,one shared preloaded model
conv-26-qa-67,bm25_cache,1.4034246231122738,9.477799998421688,207.79089999996359,218.67212462149755,one shared preloaded model
conv-26-qa-68,bm25_cache,1.4034246231122738,13.33879999583587,202.82459999725688,217.56682461620503,one shared preloaded model
conv-26-qa-69,bm25_cache,1.4034246231122738,13.4911999994074,211.18570000544423,226.0803246279639,one shared preloaded model
conv-26-qa-70,bm25_cache,1.4034246231122738,10.620200002449565,211.04179999383632,223.06542461939816,one shared preloaded model
conv-26-qa-71,bm25_cache,1.4034246231122738,10.56649999372894,207.71719999902416,219.68712461586537,one shared preloaded model
conv-26-qa-72,bm25_cache,1.4034246231122738,12.945300004503224,210.42129999841563,224.77002462603113,one shared preloaded model
conv-26-qa-73,bm25_cache,1.4034246231122738,9.497699997154996,139.33080000424525,150.23192462451252,one shared preloaded model
conv-26-qa-74,bm25_cache,1.4034246231122738,15.625599997292738,489.47279999993043,506.50182462033547,one shared preloaded model
conv-26-qa-75,bm25_cache,1.4034246231122738,12.418300000717863,219.45409999898402,233.27582462281416,one shared preloaded model
conv-26-qa-76,bm25_cache,1.4034246231122738,13.18840000021737,198.7922999978764,213.38412462120604,one shared preloaded model
conv-26-qa-77,bm25_cache,1.4034246231122738,9.751300000061747,232.72450000513345,243.87922462830747,one shared preloaded model
conv-26-qa-78,bm25_cache,1.4034246231122738,10.954199999105185,314.67759999941336,327.03522462163085,one shared preloaded model
conv-26-qa-79,bm25_cache,1.4034246231122738,10.717899996961933,225.3599000032409,237.48122462331511,one shared preloaded model
conv-26-qa-80,bm25_cache,1.4034246231122738,10.635099999490194,192.23829999828013,204.2768246208826,one shared preloaded model
conv-26-qa-81,bm25_cache,1.4034246231122738,10.28000000223983,209.72740000433987,221.41082462969197,one shared preloaded model
conv-26-qa-82,bm25_cache,1.4034246231122738,9.298200006014667,145.63949999865144,156.34112462777838,one shared preloaded model
conv-26-qa-83,bm25_cache,1.4034246231122738,15.546799993899185,145.8825999943656,162.83282461137705,one shared preloaded model
conv-26-qa-84,bm25_cache,1.4034246231122738,15.561399995931424,223.46410000318429,240.42892462222798,one shared preloaded model
conv-26-qa-85,bm25_cache,1.4034246231122738,9.61700000334531,786.6305000061402,797.6509246325978,one shared preloaded model
conv-26-qa-86,bm25_cache,1.4034246231122738,10.016100000939332,235.468500002753,246.8880246268046,one shared preloaded model
conv-26-qa-87,bm25_cache,1.4034246231122738,11.726700002327561,222.37150000000838,235.50162462544822,one shared preloaded model
conv-26-qa-88,bm25_cache,1.4034246231122738,9.645499994803686,267.2030000030645,278.2519246209805,one shared preloaded model
conv-26-qa-89,bm25_cache,1.4034246231122738,9.61980000283802,522.5611999994726,533.5844246254229,one shared preloaded model
conv-26-qa-90,bm25_cache,1.4034246231122738,13.335399999050424,473.59120000328403,488.33002462544675,one shared preloaded model
conv-26-qa-91,bm25_cache,1.4034246231122738,12.676500002271496,591.5434999988065,605.6234246241903,one shared preloaded model
conv-26-qa-92,bm25_cache,1.4034246231122738,10.785800004669,121.7012999986764,133.89052462645768,one shared preloaded model
conv-26-qa-93,bm25_cache,1.4034246231122738,12.214400005177595,174.43890000140527,188.05672462969514,one shared preloaded model
conv-26-qa-94,bm25_cache,1.4034246231122738,14.98639999772422,195.57730000087759,211.96712462171408,one shared preloaded model
conv-26-qa-95,bm25_cache,1.4034246231122738,10.635400001774542,195.73560000571888,207.7744246306057,one shared preloaded model
conv-26-qa-96,bm25_cache,1.4034246231122738,12.406800000462681,527.5771999949939,541.3874246185688,one shared preloaded model
conv-26-qa-97,bm25_cache,1.4034246231122738,12.388100003590807,219.09800000139512,232.8895246280982,one shared preloaded model
conv-26-qa-98,bm25_cache,1.4034246231122738,9.367799997562543,379.9314999996568,390.70272462033165,one shared preloaded model
conv-26-qa-99,bm25_cache,1.4034246231122738,9.251700001186691,473.99749999749474,484.65262462179373,one shared preloaded model
conv-26-qa-100,bm25_cache,1.4034246231122738,12.324499999522232,332.6614999969024,346.38942461953695,one shared preloaded model
conv-26-qa-101,bm25_cache,1.4034246231122738,9.281800004828256,94.99559999676421,105.68082462470474,one shared preloaded model
conv-26-qa-102,bm25_cache,1.4034246231122738,15.655499999411404,583.4395999991102,600.4985246216339,one shared preloaded model
conv-26-qa-103,bm25_cache,1.4034246231122738,9.801699998206459,199.0296000003582,210.23472462167692,one shared preloaded model
conv-26-qa-104,bm25_cache,1.4034246231122738,9.647399994719308,287.46289999980945,298.51372461764106,one shared preloaded model
conv-26-qa-105,bm25_cache,1.4034246231122738,9.434200001123827,520.0231999988318,530.860824623068,one shared preloaded model
conv-26-qa-106,bm25_cache,1.4034246231122738,13.176600004953798,298.701899999287,313.2819246273531,one shared preloaded model
conv-26-qa-107,bm25_cache,1.4034246231122738,11.038999997253995,542.7197000026354,555.1621246230017,one shared preloaded model
conv-26-qa-108,bm25_cache,1.4034246231122738,9.33410000288859,429.2395000011311,439.977024627132,one shared preloaded model
conv-26-qa-109,bm25_cache,1.4034246231122738,9.592599999450613,152.08669999992708,163.08272462248996,one shared preloaded model
conv-26-qa-110,bm25_cache,1.4034246231122738,16.199999998207204,221.05929999816,238.66272461947946,one shared preloaded model
conv-26-qa-111,bm25_cache,1.4034246231122738,10.900599998421967,150.68820000306005,162.9922246245943,one shared preloaded model
conv-26-qa-112,bm25_cache,1.4034246231122738,16.829000000143424,214.18200000334764,232.41442462660333,one shared preloaded model
conv-26-qa-113,bm25_cache,1.4034246231122738,10.903000002144836,832.0539999986067,844.3604246238639,one shared preloaded model
conv-26-qa-114,bm25_cache,1.4034246231122738,15.247599993017502,194.53659999999218,211.18762461612195,one shared preloaded model
conv-26-qa-115,bm25_cache,1.4034246231122738,10.670300005585887,453.59999999345746,465.67372462215565,one shared preloaded model
conv-26-qa-116,bm25_cache,1.4034246231122738,9.196900005917996,607.2256999977981,617.8260246268284,one shared preloaded model
conv-26-qa-117,bm25_cache,1.4034246231122738,9.820700004638638,262.3243999987608,273.5485246265117,one shared preloaded model
conv-26-qa-118,bm25_cache,1.4034246231122738,11.71460000477964,243.6784000019543,256.79642462984623,one shared preloaded model
conv-26-qa-119,bm25_cache,1.4034246231122738,12.29089999833377,508.50550000177464,522.1998246232207,one shared preloaded model
conv-26-qa-120,bm25_cache,1.4034246231122738,9.439900000870693,216.22339999885298,227.06672462283595,one shared preloaded model
conv-26-qa-121,bm25_cache,1.4034246231122738,9.328899999673013,203.9091999977245,214.64152462050978,one shared preloaded model
conv-26-qa-122,bm25_cache,1.4034246231122738,10.818299997481517,948.5012000004645,960.7229246210583,one shared preloaded model
conv-26-qa-123,bm25_cache,1.4034246231122738,9.282800005166791,223.28530000231694,233.971524630596,one shared preloaded model
conv-26-qa-124,bm25_cache,1.4034246231122738,10.801500000525266,208.39459999842802,220.59952462206556,one shared preloaded model
conv-26-qa-125,bm25_cache,1.4034246231122738,10.363300003518816,571.7168999981368,583.4836246247679,one shared preloaded model
conv-26-qa-126,bm25_cache,1.4034246231122738,10.404699998616707,164.18680000060704,175.99492462233601,one shared preloaded model
conv-26-qa-127,bm25_cache,1.4034246231122738,13.068300002487376,235.86730000533862,250.33902463093827,one shared preloaded model
conv-26-qa-128,bm25_cache,1.4034246231122738,9.434599996893667,210.52910000435077,221.3671246243567,one shared preloaded model
conv-26-qa-129,bm25_cache,1.4034246231122738,9.114799999224488,308.6658999964129,319.1841246187497,one shared preloaded model
conv-26-qa-130,bm25_cache,1.4034246231122738,12.306999997235835,258.7268999996013,272.43732461994944,one shared preloaded model
conv-26-qa-131,bm25_cache,1.4034246231122738,12.773399997968227,224.4072999965283,238.5841246176088,one shared preloaded model
conv-26-qa-132,bm25_cache,1.4034246231122738,9.889599998132326,207.93330000014976,219.22632462139435,one shared preloaded model
conv-26-qa-133,bm25_cache,1.4034246231122738,9.117399997194298,201.65930000075605,212.18012462106262,one shared preloaded model
conv-26-qa-134,bm25_cache,1.4034246231122738,9.312800000770949,214.7116999985883,225.42792462247152,one shared preloaded model
conv-26-qa-135,bm25_cache,1.4034246231122738,9.222799999406561,209.10980000189738,219.73602462441622,one shared preloaded model
conv-26-qa-136,bm25_cache,1.4034246231122738,10.134399999515153,391.24379999702796,402.7816246196554,one shared preloaded model
conv-26-qa-137,bm25_cache,1.4034246231122738,9.217099999659695,212.85830000124406,223.47882462401603,one shared preloaded model
conv-26-qa-138,bm25_cache,1.4034246231122738,12.752099995850585,203.02259999880334,217.1781246177662,one shared preloaded model
conv-26-qa-139,bm25_cache,1.4034246231122738,10.620499997457955,436.00549999973737,448.0294246203076,one shared preloaded model
conv-26-qa-140,bm25_cache,1.4034246231122738,12.539499999547843,222.87279999727616,236.81572461993628,one shared preloaded model
conv-26-qa-141,bm25_cache,1.4034246231122738,9.353299996291753,287.9421999969054,298.69892461630945,one shared preloaded model
conv-26-qa-142,bm25_cache,1.4034246231122738,11.01829999970505,688.1577000021935,700.5794246250108,one shared preloaded model
conv-26-qa-143,bm25_cache,1.4034246231122738,9.39509999443544,491.2057999972603,502.00432461480807,one shared preloaded model
conv-26-qa-144,bm25_cache,1.4034246231122738,12.714199998299591,147.5750000026892,161.69262462410106,one shared preloaded model
conv-26-qa-145,bm25_cache,1.4034246231122738,15.99770000029821,383.8102999943658,401.2114246177763,one shared preloaded model
conv-26-qa-146,bm25_cache,1.4034246231122738,12.65399999829242,202.47700000618352,216.5344246275882,one shared preloaded model
conv-26-qa-147,bm25_cache,1.4034246231122738,9.795799996936694,223.2263999976567,234.42562461770567,one shared preloaded model
conv-26-qa-148,bm25_cache,1.4034246231122738,10.88270000036573,231.42879999795696,243.71492462143496,one shared preloaded model
conv-26-qa-149,bm25_cache,1.4034246231122738,12.731900002108887,94.4967000032193,108.63202462844046,one shared preloaded model
conv-26-qa-150,bm25_cache,1.4034246231122738,15.694499998062383,198.8772999975481,215.97522461872276,one shared preloaded model
conv-26-qa-151,bm25_cache,1.4034246231122738,11.274299999058712,800.9275999938836,813.6053246160546,one shared preloaded model
conv-26-qa-152,bm25_cache,1.4034246231122738,12.46979999996256,161.74909999972442,175.62232462279925,one shared preloaded model
conv-26-qa-153,bm25_cache,1.4034246231122738,9.639099997002631,209.7810000050231,220.823524625138,one shared preloaded model
conv-26-qa-154,bm25_cache,1.4034246231122738,10.856799999601208,225.98849999485537,238.24872461756885,one shared preloaded model
conv-26-qa-155,bm25_cache,1.4034246231122738,9.557600002153777,226.01399999985006,236.9750246251161,one shared preloaded model
conv-26-qa-156,bm25_cache,1.4034246231122738,12.416699995810632,215.03909999591997,228.85922461484287,one shared preloaded model
conv-26-qa-157,bm25_cache,1.4034246231122738,9.256199999072123,210.26790000178153,220.92752462396592,one shared preloaded model
conv-26-qa-158,bm25_cache,1.4034246231122738,9.889900000416674,118.92529999749968,130.21862462102862,one shared preloaded model
conv-26-qa-159,bm25_cache,1.4034246231122738,14.073400001507252,654.8784999977215,670.3553246223411,one shared preloaded model
conv-26-qa-160,bm25_cache,1.4034246231122738,12.395899997500237,1013.4225000001607,1027.221824620773,one shared preloaded model
conv-26-qa-161,bm25_cache,1.4034246231122738,12.50630000140518,175.1466999994591,189.05642462397654,one shared preloaded model
conv-26-qa-162,bm25_cache,1.4034246231122738,15.975499998603482,218.58780000184197,235.96672462355772,one shared preloaded model
conv-26-qa-163,bm25_cache,1.4034246231122738,9.603900005458854,227.69249999691965,238.69982462549078,one shared preloaded model
conv-26-qa-164,bm25_cache,1.4034246231122738,9.418200002983212,209.0639000016381,219.8855246277336,one shared preloaded model
conv-26-qa-165,bm25_cache,1.4034246231122738,11.346500003128313,218.06040000228677,230.81032462852735,one shared preloaded model
conv-26-qa-166,bm25_cache,1.4034246231122738,10.479299999133218,210.6984999991255,222.58122462137098,one shared preloaded model
conv-26-qa-167,bm25_cache,1.4034246231122738,9.332800000265706,94.43219999957364,105.16842462295162,one shared preloaded model
conv-26-qa-168,bm25_cache,1.4034246231122738,16.182500003196765,295.074100002239,312.66002462854806,one shared preloaded model
conv-26-qa-169,bm25_cache,1.4034246231122738,9.249900002032518,226.82060000079218,237.47392462593697,one shared preloaded model
conv-26-qa-170,bm25_cache,1.4034246231122738,10.357200000726152,484.16980000183685,495.9304246256753,one shared preloaded model
conv-26-qa-171,bm25_cache,1.4034246231122738,9.679300004791003,215.783100000408,226.8658246283113,one shared preloaded model
conv-26-qa-172,bm25_cache,1.4034246231122738,9.01470000098925,203.37010000366718,213.7882246277687,one shared preloaded model
conv-26-qa-173,bm25_cache,1.4034246231122738,10.317799999029376,211.318299996492,223.03952461863364,one shared preloaded model
conv-26-qa-174,bm25_cache,1.4034246231122738,11.199100001249462,291.0513999959221,303.6539246202839,one shared preloaded model
conv-26-qa-175,bm25_cache,1.4034246231122738,10.07489999756217,224.28199999558274,235.76032461625718,one shared preloaded model
conv-26-qa-176,bm25_cache,1.4034246231122738,9.306400002969895,202.1362000014051,212.84602462748725,one shared preloaded model
conv-26-qa-177,bm25_cache,1.4034246231122738,9.962800002540462,226.7539000022225,238.12012462787524,one shared preloaded model
conv-26-qa-178,bm25_cache,1.4034246231122738,12.306399999943096,93.53360000386601,107.24342462692138,one shared preloaded model
conv-26-qa-179,bm25_cache,1.4034246231122738,15.417499998875428,209.99529999971855,226.81622462170625,one shared preloaded model
conv-26-qa-180,bm25_cache,1.4034246231122738,9.321400000771973,222.91959999711253,233.64442462099677,one shared preloaded model
conv-26-qa-181,bm25_cache,1.4034246231122738,9.434999999939464,240.29919999884441,251.13762462189615,one shared preloaded model
conv-26-qa-182,bm25_cache,1.4034246231122738,13.088400002743583,231.52820000541396,246.02002463126982,one shared preloaded model
conv-26-qa-183,bm25_cache,1.4034246231122738,9.557600002153777,301.7333999960101,312.6944246212762,one shared preloaded model
conv-26-qa-184,bm25_cache,1.4034246231122738,10.212299996055663,434.88379999325844,446.4995246124264,one shared preloaded model
conv-26-qa-185,bm25_cache,1.4034246231122738,12.713299998722505,221.76870000112103,235.8854246229558,one shared preloaded model
conv-26-qa-186,bm25_cache,1.4034246231122738,9.326799998234492,210.41220000188332,221.14242462323008,one shared preloaded model
conv-26-qa-187,bm25_cache,1.4034246231122738,9.201699998811819,152.7231000000029,163.32822462192698,one shared preloaded model
conv-26-qa-188,bm25_cache,1.4034246231122738,15.550800002529286,210.1215000002412,227.07572462588277,one shared preloaded model
conv-26-qa-189,bm25_cache,1.4034246231122738,10.849900005268864,373.9815000008093,386.2348246291905,one shared preloaded model
conv-26-qa-190,bm25_cache,1.4034246231122738,9.762399997271132,453.9758999962942,465.1417246166776,one shared preloaded model
conv-26-qa-191,bm25_cache,1.4034246231122738,12.460500001907349,675.8145000057993,689.678424630819,one shared preloaded model
conv-26-qa-192,bm25_cache,1.4034246231122738,13.127300000633113,280.376000002434,294.9067246261794,one shared preloaded model
conv-26-qa-193,bm25_cache,1.4034246231122738,10.767000007035676,375.34559999767225,387.51602462782023,one shared preloaded model
conv-26-qa-194,bm25_cache,1.4034246231122738,12.149299996963236,369.9426000021049,383.4953246221804,one shared preloaded model
conv-26-qa-195,bm25_cache,1.4034246231122738,12.709800001175608,224.26260000065668,238.37582462494456,one shared preloaded model
conv-26-qa-196,bm25_cache,1.4034246231122738,11.123499993118457,218.76930000144057,231.2962246176713,one shared preloaded model
conv-26-qa-197,bm25_cache,1.4034246231122738,10.734499999671243,312.4141999942367,324.55212461702024,one shared preloaded model
conv-26-qa-198,bm25_cache,1.4034246231122738,9.07119999465067,265.98780000495026,276.46242462271323,one shared preloaded model
conv-30-qa-0,bm25_cache,1.0326114285687384,11.5529000031529,505.9555999978329,518.5411114295546,one shared preloaded model
conv-30-qa-1,bm25_cache,1.0326114285687384,11.144800002512056,728.5493000017595,740.7267114328404,one shared preloaded model
conv-30-qa-2,bm25_cache,1.0326114285687384,11.559000005945563,304.01159999746596,316.60321143198024,one shared preloaded model
conv-30-qa-3,bm25_cache,1.0326114285687384,11.45610000094166,94.98199999507051,107.47071142458091,one shared preloaded model
conv-30-qa-4,bm25_cache,1.0326114285687384,13.836400001309812,223.0922000017017,237.96121143158027,one shared preloaded model
conv-30-qa-5,bm25_cache,1.0326114285687384,8.401099999900907,1225.891900001443,1235.3256114299127,one shared preloaded model
conv-30-qa-6,bm25_cache,1.0326114285687384,11.37419999577105,166.563100006897,178.9699114312368,one shared preloaded model
conv-30-qa-7,bm25_cache,1.0326114285687384,11.77060000190977,494.2964000001666,507.0996114306451,one shared preloaded model
conv-30-qa-8,bm25_cache,1.0326114285687384,10.784099999000318,483.4040999994613,495.22081142703036,one shared preloaded model
conv-30-qa-9,bm25_cache,1.0326114285687384,11.413399995944928,217.29310000227997,229.73911142679364,one shared preloaded model
conv-30-qa-10,bm25_cache,1.0326114285687384,8.87450000300305,323.184199995012,333.0913114265838,one shared preloaded model
conv-30-qa-11,bm25_cache,1.0326114285687384,8.869900004356168,210.83160000125645,220.73411143418136,one shared preloaded model
conv-30-qa-12,bm25_cache,1.0326114285687384,8.264299998700153,477.146500001254,486.4434114285229,one shared preloaded model
conv-30-qa-13,bm25_cache,1.0326114285687384,8.771799999522045,315.1214000026812,324.92581143077194,one shared preloaded model
conv-30-qa-14,bm25_cache,1.0326114285687384,10.525600002438296,274.38989999791374,285.94811142892075,one shared preloaded model
conv-30-qa-15,bm25_cache,1.0326114285687384,11.219400003028568,207.7172999997856,219.96931143138292,one shared preloaded model
conv-30-qa-16,bm25_cache,1.0326114285687384,8.80689999758033,211.81970000179717,221.65921142794625,one shared preloaded model
conv-30-qa-17,bm25_cache,1.0326114285687384,8.326800001668744,319.53129999601515,328.8907114262526,one shared preloaded model
conv-30-qa-18,bm25_cache,1.0326114285687384,10.049299999081995,211.40419999574078,222.48611142339152,one shared preloaded model
conv-30-qa-19,bm25_cache,1.0326114285687384,10.65280000329949,483.40559999633115,495.09101142819935,one shared preloaded model
conv-30-qa-20,bm25_cache,1.0326114285687384,10.643299996445421,494.8134000005666,506.48931142558075,one shared preloaded model
conv-30-qa-21,bm25_cache,1.0326114285687384,9.11659999837866,498.42229999921983,508.5715114261672,one shared preloaded model
conv-30-qa-22,bm25_cache,1.0326114285687384,11.40030000533443,483.5263999993913,495.95931143329443,one shared preloaded model
conv-30-qa-23,bm25_cache,1.0326114285687384,9.110300001339056,218.65380000235746,228.79671143226525,one shared preloaded model
conv-30-qa-24,bm25_cache,1.0326114285687384,8.496199996443465,214.85840000241296,224.38721142742517,one shared preloaded model
conv-30-qa-25,bm25_cache,1.0326114285687384,9.12640000024112,185.8942000035313,196.05321143234116,one shared preloaded model
conv-30-qa-26,bm25_cache,1.0326114285687384,14.15149999957066,211.34470000106376,226.52881142920316,one shared preloaded model
conv-30-qa-27,bm25_cache,1.0326114285687384,10.492000001249835,113.70299999543931,125.22761142525789,one shared preloaded model
conv-30-qa-28,bm25_cache,1.0326114285687384,12.18209999933606,142.36030000029132,155.57501142819612,one shared preloaded model
conv-30-qa-29,bm25_cache,1.0326114285687384,13.772500002232846,196.3441999978386,211.14931142864017,one shared preloaded model
conv-30-qa-30,bm25_cache,1.0326114285687384,8.574100000259932,495.78630000178237,505.393011430611,one shared preloaded model
conv-30-qa-31,bm25_cache,1.0326114285687384,10.819199997058604,199.34310000098776,211.1949114266151,one shared preloaded model
conv-30-qa-32,bm25_cache,1.0326114285687384,8.504600002197549,332.9625999976997,342.499811428466,one shared preloaded model
conv-30-qa-33,bm25_cache,1.0326114285687384,10.920300002908334,496.87409999751253,508.8270114289896,one shared preloaded model
conv-30-qa-34,bm25_cache,1.0326114285687384,8.244399999966845,488.9411999974982,498.21821142603375,one shared preloaded model
conv-30-qa-35,bm25_cache,1.0326114285687384,8.324800000991672,488.423499999044,497.7809114286044,one shared preloaded model
conv-30-qa-36,bm25_cache,1.0326114285687384,10.763999998744112,468.30729999783216,480.103911425145,one shared preloaded model
conv-30-qa-37,bm25_cache,1.0326114285687384,10.934199999610428,468.55430000141496,480.5211114295941,one shared preloaded model
conv-30-qa-38,bm25_cache,1.0326114285687384,9.270000002288725,508.7868999980856,519.0895114289431,one shared preloaded model
conv-30-qa-39,bm25_cache,1.0326114285687384,11.058800002501812,208.3652000001166,220.45661143118716,one shared preloaded model
conv-30-qa-40,bm25_cache,1.0326114285687384,7.927300001028925,218.33190000324976,227.29181143284742,one shared preloaded model
conv-30-qa-41,bm25_cache,1.0326114285687384,8.014000006369315,301.41569999977946,310.4623114347175,one shared preloaded model
conv-30-qa-42,bm25_cache,1.0326114285687384,11.348699998052325,120.27279999892926,132.65411142555033,one shared preloaded model
conv-30-qa-43,bm25_cache,1.0326114285687384,13.786200004687998,324.91619999927934,339.73501143253606,one shared preloaded model
conv-30-qa-44,bm25_cache,1.0326114285687384,11.579300000448711,234.39869999856455,247.010611427582,one shared preloaded model
conv-30-qa-45,bm25_cache,1.0326114285687384,8.633299999928568,208.6245999962557,218.29051142475302,one shared preloaded model
conv-30-qa-46,bm25_cache,1.0326114285687384,8.476700000755955,180.98659999668598,190.49591142601068,one shared preloaded model
conv-30-qa-47,bm25_cache,1.0326114285687384,14.629700002842583,208.10959999653278,223.7719114279441,one shared preloaded model
conv-30-qa-48,bm25_cache,1.0326114285687384,8.264299998700153,220.37220000493107,229.66911143219997,one shared preloaded model
conv-30-qa-49,bm25_cache,1.0326114285687384,8.192400004190858,407.6758000010159,416.90081143377546,one shared preloaded model
conv-30-qa-50,bm25_cache,1.0326114285687384,11.179100001754705,210.3251000007731,222.53681143109654,one shared preloaded model
conv-30-qa-51,bm25_cache,1.0326114285687384,10.67680000414839,1184.7739000004367,1196.4833114331539,one shared preloaded model
conv-30-qa-52,bm25_cache,1.0326114285687384,11.504299996886402,682.710599998245,695.2475114237002,one shared preloaded model
conv-30-qa-53,bm25_cache,1.0326114285687384,10.674800003471319,758.2174000053783,769.9248114374184,one shared preloaded model
conv-30-qa-54,bm25_cache,1.0326114285687384,7.968699996126816,123.24370000715135,132.2450114318469,one shared preloaded model
conv-30-qa-55,bm25_cache,1.0326114285687384,13.184199997340329,336.5808000016841,350.79761142759315,one shared preloaded model
conv-30-qa-56,bm25_cache,1.0326114285687384,11.481199995614588,207.32270000007702,219.83651142426035,one shared preloaded model
conv-30-qa-57,bm25_cache,1.0326114285687384,9.548000001814216,203.75629999762168,214.33691142800464,one shared preloaded model
conv-30-qa-58,bm25_cache,1.0326114285687384,8.143799997924361,226.71059999993304,235.88701142642614,one shared preloaded model
conv-30-qa-59,bm25_cache,1.0326114285687384,8.091700001386926,219.1649999949732,228.28931142492885,one shared preloaded model
conv-30-qa-60,bm25_cache,1.0326114285687384,8.248600002843887,265.2058000021498,274.4870114335624,one shared preloaded model
conv-30-qa-61,bm25_cache,1.0326114285687384,10.873699997318909,168.68870000325842,180.59501142914607,one shared preloaded model
conv-30-qa-62,bm25_cache,1.0326114285687384,11.203599999134894,210.07830000598915,222.3145114336928,one shared preloaded model
conv-30-qa-63,bm25_cache,1.0326114285687384,8.692900002643,195.79910000175005,205.5246114329618,one shared preloaded model
conv-30-qa-64,bm25_cache,1.0326114285687384,8.786300000792835,212.64890000020387,222.46781142956544,one shared preloaded model
conv-30-qa-65,bm25_cache,1.0326114285687384,8.462300000246614,224.59560000424972,234.09051143306507,one shared preloaded model
conv-30-qa-66,bm25_cache,1.0326114285687384,8.36919999710517,692.4388999977964,701.8407114234703,one shared preloaded model
conv-30-qa-67,bm25_cache,1.0326114285687384,9.11679999990156,221.08180000213906,231.23121143060936,one shared preloaded model
conv-30-qa-68,bm25_cache,1.0326114285687384,9.321699995780364,171.16600000008475,181.52031142443386,one shared preloaded model
conv-30-qa-69,bm25_cache,1.0326114285687384,14.27220000186935,477.4410000027274,492.74581143316544,one shared preloaded model
conv-30-qa-70,bm25_cache,1.0326114285687384,11.020699996151961,198.65199999912875,210.70531142384945,one shared preloaded model
conv-30-qa-71,bm25_cache,1.0326114285687384,8.958400001574773,224.03359999589156,234.02461142603508,one shared preloaded model
conv-30-qa-72,bm25_cache,1.0326114285687384,10.162499995203689,364.48980000568554,375.68491142945794,one shared preloaded model
conv-30-qa-73,bm25_cache,1.0326114285687384,8.423299994319677,165.9215999970911,175.37751141997953,one shared preloaded model
conv-30-qa-74,bm25_cache,1.0326114285687384,15.043200000945944,319.22879999910947,335.3046114286241,one shared preloaded model
conv-30-qa-75,bm25_cache,1.0326114285687384,11.116300003777724,324.7921000001952,336.94101143254164,one shared preloaded model
conv-30-qa-76,bm25_cache,1.0326114285687384,11.129600003187079,331.5610999998171,343.7233114315729,one shared preloaded model
conv-30-qa-77,bm25_cache,1.0326114285687384,10.666199996194337,143.19599999726051,154.8948114220236,one shared preloaded model
conv-30-qa-78,bm25_cache,1.0326114285687384,14.474100004008505,400.06540000467794,415.57211143725516,one shared preloaded model
conv-30-qa-79,bm25_cache,1.0326114285687384,8.218299997679424,1592.84050000133,1602.0914114275781,one shared preloaded model
conv-30-qa-80,bm25_cache,1.0326114285687384,8.600500004831702,374.50060000264784,384.13371143604826,one shared preloaded model
conv-30-qa-81,bm25_cache,1.0326114285687384,8.330600001499988,431.3469999979134,440.7102114279821,one shared preloaded model
conv-30-qa-82,bm25_cache,1.0326114285687384,10.484400001587346,188.41579999570968,199.93281142586576,one shared preloaded model
conv-30-qa-83,bm25_cache,1.0326114285687384,10.34559999970952,768.3083999945666,779.6866114228449,one shared preloaded model
conv-30-qa-84,bm25_cache,1.0326114285687384,11.420499999076128,144.53850000427337,156.99161143191824,one shared preloaded model
conv-30-qa-85,bm25_cache,1.0326114285687384,11.99089999863645,155.38639999431325,168.40991142151844,one shared preloaded model
conv-30-qa-86,bm25_cache,1.0326114285687384,12.878200002887752,194.35490000614664,208.26571143760313,one shared preloaded model
conv-30-qa-87,bm25_cache,1.0326114285687384,10.464800005138386,217.60969999741064,229.10711143111777,one shared preloaded model
conv-30-qa-88,bm25_cache,1.0326114285687384,9.139800000411924,207.94829999795184,218.1207114269325,one shared preloaded model
conv-30-qa-89,bm25_cache,1.0326114285687384,8.195300004445016,327.9428000023472,337.17071143536094,one shared preloaded model
conv-30-qa-90,bm25_cache,1.0326114285687384,9.540999999444466,1074.8593000025721,1085.4329114305854,one shared preloaded model
conv-30-qa-91,bm25_cache,1.0326114285687384,9.202799999911804,148.6600999996881,158.89551142816865,one shared preloaded model
conv-30-qa-92,bm25_cache,1.0326114285687384,13.11600000190083,366.5116999982274,380.66031142869696,one shared preloaded model
conv-30-qa-93,bm25_cache,1.0326114285687384,10.617899999488145,215.982100002293,227.6326114303499,one shared preloaded model
conv-30-qa-94,bm25_cache,1.0326114285687384,8.430699999735225,196.4506000003894,205.91391142869335,one shared preloaded model
conv-30-qa-95,bm25_cache,1.0326114285687384,9.41140000213636,172.02329999417998,182.46731142488508,one shared preloaded model
conv-30-qa-96,bm25_cache,1.0326114285687384,10.620999993989244,211.4882000023499,223.1418114249079,one shared preloaded model
conv-30-qa-97,bm25_cache,1.0326114285687384,8.992799994302914,233.8125000023865,243.83791142525817,one shared preloaded model
conv-30-qa-98,bm25_cache,1.0326114285687384,10.556799999903888,234.20639999676496,245.7958114252376,one shared preloaded model
conv-30-qa-99,bm25_cache,1.0326114285687384,8.89879999886034,224.833000000217,234.76441142764608,one shared preloaded model
conv-30-qa-100,bm25_cache,1.0326114285687384,11.76090000080876,211.62940000067465,224.42291143005215,one shared preloaded model
conv-30-qa-101,bm25_cache,1.0326114285687384,8.42670000565704,208.14640000025975,217.60571143448553,one shared preloaded model
conv-30-qa-102,bm25_cache,1.0326114285687384,8.106000001134817,204.06789999833563,213.2065114280392,one shared preloaded model
conv-30-qa-103,bm25_cache,1.0326114285687384,8.536699999240227,224.87630000250647,234.44561143031544,one shared preloaded model
conv-30-qa-104,bm25_cache,1.0326114285687384,9.281500002543908,214.5782000006875,224.89231143180015,one shared preloaded model
conv-41-qa-0,bm25_cache,1.0529404145380763,12.785899998561945,222.63119999843184,236.47004041153187,one shared preloaded model
conv-41-qa-1,bm25_cache,1.0529404145380763,10.67979999788804,228.25400000147056,239.98674041389668,one shared preloaded model
conv-41-qa-2,bm25_cache,1.0529404145380763,12.90819999849191,230.31759999867063,244.27874041170062,one shared preloaded model
conv-41-qa-3,bm25_cache,1.0529404145380763,11.754500003007706,279.9656999995932,292.77314041713896,one shared preloaded model
conv-41-qa-4,bm25_cache,1.0529404145380763,14.821299999312032,201.52410000446253,217.39834041831264,one shared preloaded model
conv-41-qa-5,bm25_cache,1.0529404145380763,12.835300003644079,222.31440000177827,236.20264041996043,one shared preloaded model
conv-41-qa-6,bm25_cache,1.0529404145380763,11.718100002326537,227.2607999984757,240.03184041534033,one shared preloaded model
conv-41-qa-7,bm25_cache,1.0529404145380763,11.101399999461137,204.8142999992706,216.9686404132698,one shared preloaded model
conv-41-qa-8,bm25_cache,1.0529404145380763,11.234600002353545,225.65790000226116,237.9454404191528,one shared preloaded model
conv-41-qa-9,bm25_cache,1.0529404145380763,12.875999993411824,186.17670000094222,200.10564040889213,one shared preloaded model
conv-41-qa-10,bm25_cache,1.0529404145380763,12.381299995467998,167.4219999986235,180.8562404086296,one shared preloaded model
conv-41-qa-11,bm25_cache,1.0529404145380763,17.78539999941131,212.82630000496283,231.66464041891223,one shared preloaded model
conv-41-qa-12,bm25_cache,1.0529404145380763,12.396400001307484,249.3737999975565,262.82314041340203,one shared preloaded model
conv-41-qa-13,bm25_cache,1.0529404145380763,10.266799996315967,213.09370000381023,224.41344041466428,one shared preloaded model
conv-41-qa-14,bm25_cache,1.0529404145380763,11.606300002313219,211.41850000276463,224.07774041961594,one shared preloaded model
conv-41-qa-15,bm25_cache,1.0529404145380763,11.689600003592204,157.04289999848697,169.78544041661726,one shared preloaded model
conv-41-qa-16,bm25_cache,1.0529404145380763,17.35259999986738,109.38770000211662,127.79324041652208,one shared preloaded model
conv-41-qa-17,bm25_cache,1.0529404145380763,17.614200005482417,220.67840000090655,239.34554042092705,one shared preloaded model
conv-41-qa-18,bm25_cache,1.0529404145380763,14.167200002702884,214.81639999547042,230.0365404127114,one shared preloaded model
conv-41-qa-19,bm25_cache,1.0529404145380763,10.458500000822823,485.2848000009544,496.7962404163153,one shared preloaded model
conv-41-qa-20,bm25_cache,1.0529404145380763,15.034299998660572,311.30259999918053,327.38984041237916,one shared preloaded model
conv-41-qa-21,bm25_cache,1.0529404145380763,15.563099994324148,158.3807000060915,174.99674041495373,one shared preloaded model
conv-41-qa-22,bm25_cache,1.0529404145380763,17.98430000053486,475.39880000113044,494.43604041620335,one shared preloaded model
conv-41-qa-23,bm25_cache,1.0529404145380763,10.835499997483566,257.8616999962833,269.7501404083049,one shared preloaded model
conv-41-qa-24,bm25_cache,1.0529404145380763,12.933199999679346,465.2314000049955,479.2175404192129,one shared preloaded model
conv-41-qa-25,bm25_cache,1.0529404145380763,10.51319999533007,213.33620000223164,224.9023404120998,one shared preloaded model
conv-41-qa-26,bm25_cache,1.0529404145380763,11.476700005005114,244.16850000125123,256.6981404207944,one shared preloaded model
conv-41-qa-27,bm25_cache,1.0529404145380763,10.522700002184138,493.9209000003757,505.4965404170979,one shared preloaded model
conv-41-qa-28,bm25_cache,1.0529404145380763,15.324200001487043,394.69430000463035,411.07144042065545,one shared preloaded model
conv-41-qa-29,bm25_cache,1.0529404145380763,15.158100002736319,216.98949999699835,233.20054041427275,one shared preloaded model
conv-41-qa-30,bm25_cache,1.0529404145380763,10.50750000285916,202.2512999974424,213.81174041483965,one shared preloaded model
conv-41-qa-31,bm25_cache,1.0529404145380763,11.791800003265962,196.61259999702452,209.45734041482856,one shared preloaded model
conv-41-qa-32,bm25_cache,1.0529404145380763,10.713299998315051,225.93459999916377,237.7008404120169,one shared preloaded model
conv-41-qa-33,bm25_cache,1.0529404145380763,10.944699999527074,244.7111999936169,256.70884040768203,one shared preloaded model
conv-41-qa-34,bm25_cache,1.0529404145380763,12.68819999677362,205.46050000120886,219.20164041252056,one shared preloaded model
conv-41-qa-35,bm25_cache,1.0529404145380763,10.679599996365141,217.0884000006481,228.82094041155133,one shared preloaded model
conv-41-qa-36,bm25_cache,1.0529404145380763,10.18130000011297,224.51359999831766,235.7478404129687,one shared preloaded model
conv-41-qa-37,bm25_cache,1.0529404145380763,12.171599999419414,208.46000000165077,221.68454041560827,one shared preloaded model
conv-41-qa-38,bm25_cache,1.0529404145380763,10.288100005709566,489.11650000081863,500.45754042106626,one shared preloaded model
conv-41-qa-39,bm25_cache,1.0529404145380763,14.60149999911664,221.41910000209464,237.07354041574936,one shared preloaded model
conv-41-qa-40,bm25_cache,1.0529404145380763,10.129900001629721,211.82270000281278,223.0055404189806,one shared preloaded model
conv-41-qa-41,bm25_cache,1.0529404145380763,11.405199998989701,226.73740000027465,239.19554041380243,one shared preloaded model
conv-41-qa-42,bm25_cache,1.0529404145380763,11.886200001754332,160.98390000115614,173.92304041744856,one shared preloaded model
conv-41-qa-43,bm25_cache,1.0529404145380763,17.651599999226164,461.968200004776,480.67274041854023,one shared preloaded model
conv-41-qa-44,bm25_cache,1.0529404145380763,14.870799997879658,771.3959000029718,787.3196404153895,one shared preloaded model
conv-41-qa-45,bm25_cache,1.0529404145380763,14.58229999843752,221.5792999995756,237.2145404125512,one shared preloaded model
conv-41-qa-46,bm25_cache,1.0529404145380763,12.212000001454726,315.57669999892823,328.841640414921,one shared preloaded model
conv-41-qa-47,bm25_cache,1.0529404145380763,10.623200003465172,224.44059999543242,236.11674041343568,one shared preloaded model
conv-41-qa-48,bm25_cache,1.0529404145380763,10.54390000354033,171.28760000196053,182.88444042003894,one shared preloaded model
conv-41-qa-49,bm25_cache,1.0529404145380763,10.126399996806867,209.3096999960835,220.48904040742846,one shared preloaded model
conv-41-qa-50,bm25_cache,1.0529404145380763,11.089300001913216,389.7364000004018,401.87864041685305,one shared preloaded model
conv-41-qa-51,bm25_cache,1.0529404145380763,10.630400000081863,487.2497000033036,498.9330404179235,one shared preloaded model
conv-41-qa-52,bm25_cache,1.0529404145380763,10.951100004604086,293.7294000003021,305.73344041944426,one shared preloaded model
conv-41-qa-53,bm25_cache,1.0529404145380763,14.314699998067226,303.91129999770783,319.2789404103131,one shared preloaded model
conv-41-qa-54,bm25_cache,1.0529404145380763,15.184000003500842,219.35469999880297,235.5916404168419,one shared preloaded model
conv-41-qa-55,bm25_cache,1.0529404145380763,14.929500001017004,461.39049999328563,477.3729404088407,one shared preloaded model
conv-41-qa-56,bm25_cache,1.0529404145380763,11.750600002415013,460.89329999813344,473.6968404150865,one shared preloaded model
conv-41-qa-57,bm25_cache,1.0529404145380763,13.293800002429634,220.24640000017826,234.59314041714597,one shared preloaded model
conv-41-qa-58,bm25_cache,1.0529404145380763,10.189100001298357,195.76989999768557,207.011940413522,one shared preloaded model
conv-41-qa-59,bm25_cache,1.0529404145380763,10.777900002722163,142.70789999864064,154.5387404159009,one shared preloaded model
conv-41-qa-60,bm25_cache,1.0529404145380763,17.691900000500027,212.6695999977528,231.41444041279092,one shared preloaded model
conv-41-qa-61,bm25_cache,1.0529404145380763,11.259999999310821,225.209399999585,237.5223404134339,one shared preloaded model
conv-41-qa-62,bm25_cache,1.0529404145380763,11.99590000032913,121.2390000000596,134.28784041492682,one shared preloaded model
conv-41-qa-63,bm25_cache,1.0529404145380763,11.689799997839145,123.06970000645379,135.81244041883102,one shared preloaded model
conv-41-qa-64,bm25_cache,1.0529404145380763,10.458999997354113,207.64259999850765,219.15454041039985,one shared preloaded model
conv-41-qa-65,bm25_cache,1.0529404145380763,12.027600001601968,255.2992000055383,268.3797404216783,one shared preloaded model
conv-41-qa-66,bm25_cache,1.0529404145380763,10.913699996308424,220.87789999932284,232.84454041016934,one shared preloaded model
conv-41-qa-67,bm25_cache,1.0529404145380763,12.325999996392056,456.48500000243075,469.86394041336087,one shared preloaded model
conv-41-qa-68,bm25_cache,1.0529404145380763,10.775499998999294,174.97220000223024,186.80064041576762,one shared preloaded model
conv-41-qa-69,bm25_cache,1.0529404145380763,13.19859999784967,217.74739999818848,231.99894041057624,one shared preloaded model
conv-41-qa-70,bm25_cache,1.0529404145380763,10.878699999011587,145.31390000047395,157.24554041402362,one shared preloaded model
conv-41-qa-71,bm25_cache,1.0529404145380763,17.64750000438653,184.4266999978572,203.12714041678183,one shared preloaded model
conv-41-qa-72,bm25_cache,1.0529404145380763,15.439900002093054,220.76589999778662,237.25874041441776,one shared preloaded model
conv-41-qa-73,bm25_cache,1.0529404145380763,10.500299998966511,136.2373999945703,147.7906404080749,one shared preloaded model
conv-41-qa-74,bm25_cache,1.0529404145380763,16.304699995089322,229.5421999951941,246.8998404048215,one shared preloaded model
conv-41-qa-75,bm25_cache,1.0529404145380763,12.016399996355176,210.86859999923036,223.93794041012362,one shared preloaded model
conv-41-qa-76,bm25_cache,1.0529404145380763,11.267800000496209,546.4648999986821,558.7856404137164,one shared preloaded model
conv-41-qa-77,bm25_cache,1.0529404145380763,14.65489999827696,212.93030000379076,228.6381404166058,one shared preloaded model
conv-41-qa-78,bm25_cache,1.0529404145380763,10.914600003161468,114.00980000325944,125.97734042095898,one shared preloaded model
conv-41-qa-79,bm25_cache,1.0529404145380763,17.910000002302695,223.49899999971967,242.46194041656045,one shared preloaded model
conv-41-qa-80,bm25_cache,1.0529404145380763,10.861900002055336,161.80240000539925,173.71724042199267,one shared preloaded model
conv-41-qa-81,bm25_cache,1.0529404145380763,15.517799998633564,299.1863999995985,315.7571404127701,one shared preloaded model
conv-41-qa-82,bm25_cache,1.0529404145380763,14.74420000158716,219.91780000098515,235.7149404171104,one shared preloaded model
conv-41-qa-83,bm25_cache,1.0529404145380763,10.535300003539305,235.77210000075866,247.36034041883605,one shared preloaded model
conv-41-qa-84,bm25_cache,1.0529404145380763,12.272100000700448,194.37720000132686,207.7022404165654,one shared preloaded model
conv-41-qa-85,bm25_cache,1.0529404145380763,10.569699996267445,150.25369999784743,161.87634040865296,one shared preloaded model
conv-41-qa-86,bm25_cache,1.0529404145380763,17.652199996518902,527.0577000046615,545.7628404157184,one shared preloaded model
conv-41-qa-87,bm25_cache,1.0529404145380763,10.57520000176737,108.15359999833163,119.78174041463707,one shared preloaded model
conv-41-qa-88,bm25_cache,1.0529404145380763,13.70679999672575,255.7980999990832,270.557840410347,one shared preloaded model
conv-41-qa-89,bm25_cache,1.0529404145380763,10.82489999680547,893.154900004447,905.0327404157905,one shared preloaded model
conv-41-qa-90,bm25_cache,1.0529404145380763,11.312700000416953,213.4010000008857,225.76664041584073,one shared preloaded model
conv-41-qa-91,bm25_cache,1.0529404145380763,11.162199996761046,233.60220000176923,245.81734041306837,one shared preloaded model
conv-41-qa-92,bm25_cache,1.0529404145380763,10.581400005321484,214.0992999993614,225.73364041922096,one shared preloaded model
conv-41-qa-93,bm25_cache,1.0529404145380763,11.81479999650037,224.26570000243373,237.1334404134722,one shared preloaded model
conv-41-qa-94,bm25_cache,1.0529404145380763,12.962699998752214,208.4751000002143,222.4907404135046,one shared preloaded model
conv-41-qa-95,bm25_cache,1.0529404145380763,10.795199996209703,470.0561999998172,481.90434041056494,one shared preloaded model
conv-41-qa-96,bm25_cache,1.0529404145380763,10.296300002664793,467.41049999400275,478.7597404112056,one shared preloaded model
conv-41-qa-97,bm25_cache,1.0529404145380763,11.549499999091495,601.7771999977413,614.3796404113708,one shared preloaded model
conv-41-qa-98,bm25_cache,1.0529404145380763,14.775100004044361,217.1336000028532,232.96164042143565,one shared preloaded model
conv-41-qa-99,bm25_cache,1.0529404145380763,11.95480000023963,320.70240000030026,333.71014041507794,one shared preloaded model
conv-41-qa-100,bm25_cache,1.0529404145380763,14.657400002761278,168.34430000017164,184.054640417471,one shared preloaded model
conv-41-qa-101,bm25_cache,1.0529404145380763,18.988900003023446,231.35980000370182,251.40164042126335,one shared preloaded model
conv-41-qa-102,bm25_cache,1.0529404145380763,15.283300002920441,218.84100000170292,235.17724041916145,one shared preloaded model
conv-41-qa-103,bm25_cache,1.0529404145380763,12.93219999934081,119.88089999795193,133.86604041183082,one shared preloaded model
conv-41-qa-104,bm25_cache,1.0529404145380763,17.562300003191922,158.30319999804487,176.91844041577488,one shared preloaded model
conv-41-qa-105,bm25_cache,1.0529404145380763,18.524699997215066,649.1998000055901,668.7774404173432,one shared preloaded model
conv-41-qa-106,bm25_cache,1.0529404145380763,14.820000003965106,208.5436000052141,224.4165404237173,one shared preloaded model
conv-41-qa-107,bm25_cache,1.0529404145380763,11.999200003629085,219.78320000198437,232.83534042015154,one shared preloaded model
conv-41-qa-108,bm25_cache,1.0529404145380763,12.611899997864384,221.7369999998482,235.40184041225066,one shared preloaded model
conv-41-qa-109,bm25_cache,1.0529404145380763,11.114899993117433,803.0272999967565,815.195140404412,one shared preloaded model
conv-41-qa-110,bm25_cache,1.0529404145380763,10.571600003459025,190.9497000015108,202.5742404195079,one shared preloaded model
conv-41-qa-111,bm25_cache,1.0529404145380763,11.92789999913657,241.85239999496844,254.8332404086431,one shared preloaded model
conv-41-qa-112,bm25_cache,1.0529404145380763,13.947700004791841,206.58940000430448,221.5900404236344,one shared preloaded model
conv-41-qa-113,bm25_cache,1.0529404145380763,13.879999998607673,212.64130000054138,227.57424041368714,one shared preloaded model
conv-41-qa-114,bm25_cache,1.0529404145380763,10.937099999864586,741.0479000027408,753.0379404171434,one shared preloaded model
conv-41-qa-115,bm25_cache,1.0529404145380763,11.256800004048273,1448.5100999954739,1460.8198404140603,one shared preloaded model
conv-41-qa-116,bm25_cache,1.0529404145380763,11.749400000553578,914.3084000024828,927.1107404175744,one shared preloaded model
conv-41-qa-117,bm25_cache,1.0529404145380763,13.887399996747263,174.71890000160784,189.65924041289318,one shared preloaded model
conv-41-qa-118,bm25_cache,1.0529404145380763,18.382700000074692,1318.8872999962769,1338.3229404108897,one shared preloaded model
conv-41-qa-119,bm25_cache,1.0529404145380763,15.246399998432025,480.86029999831226,497.15964041128234,one shared preloaded model
conv-41-qa-120,bm25_cache,1.0529404145380763,15.478099994652439,156.94929999881424,173.48034040800476,one shared preloaded model
conv-41-qa-121,bm25_cache,1.0529404145380763,17.109300002630334,435.69460000435356,453.85684042152195,one shared preloaded model
conv-41-qa-122,bm25_cache,1.0529404145380763,15.059900004416704,784.4843999992008,800.5972404181556,one shared preloaded model
conv-41-qa-123,bm25_cache,1.0529404145380763,15.235999999276828,323.454600002151,339.74354041596587,one shared preloaded model
conv-41-qa-124,bm25_cache,1.0529404145380763,14.891300001181662,202.62199999706354,218.5662404127833,one shared preloaded model
conv-41-qa-125,bm25_cache,1.0529404145380763,10.446699998283293,455.7146000006469,467.21424041346825,one shared preloaded model
conv-41-qa-126,bm25_cache,1.0529404145380763,14.102000001003034,892.831400000432,907.9863404159731,one shared preloaded model
conv-41-qa-127,bm25_cache,1.0529404145380763,15.624000006937422,204.23590000427794,220.91284042575344,one shared preloaded model
conv-41-qa-128,bm25_cache,1.0529404145380763,10.735999996541068,777.3574000020744,789.1463404131536,one shared preloaded model
conv-41-qa-129,bm25_cache,1.0529404145380763,15.328399997088127,744.0033000020776,760.3846404137038,one shared preloaded model
conv-41-qa-130,bm25_cache,1.0529404145380763,14.733399999386165,158.08349999861093,173.86984041253518,one shared preloaded model
conv-41-qa-131,bm25_cache,1.0529404145380763,19.0675000048941,214.7802999970736,234.90074041650578,one shared preloaded model
conv-41-qa-132,bm25_cache,1.0529404145380763,12.318100001721177,199.73200000094948,213.10304041720875,one shared preloaded model
conv-41-qa-133,bm25_cache,1.0529404145380763,12.083699999493547,193.43320000189124,206.56984041592287,one shared preloaded model
conv-41-qa-134,bm25_cache,1.0529404145380763,10.612500002025627,219.58590000576805,231.25134042233177,one shared preloaded model
conv-41-qa-135,bm25_cache,1.0529404145380763,14.722500003699679,435.5905999982497,451.3660404164874,one shared preloaded model
conv-41-qa-136,bm25_cache,1.0529404145380763,11.750599995139055,206.37019999412587,219.173740403803,one shared preloaded model
conv-41-qa-137,bm25_cache,1.0529404145380763,11.535099998582155,526.2625999966986,538.8506404098188,one shared preloaded model
conv-41-qa-138,bm25_cache,1.0529404145380763,11.615600000368431,160.82490000553662,173.49344042044314,one shared preloaded model
conv-41-qa-139,bm25_cache,1.0529404145380763,18.088600001647137,783.9332000003196,803.0747404165048,one shared preloaded model
conv-41-qa-140,bm25_cache,1.0529404145380763,14.798900003370363,221.52099999948405,237.3728404173925,one shared preloaded model
conv-41-qa-141,bm25_cache,1.0529404145380763,10.763400001451373,342.8453000014997,354.66164041748914,one shared preloaded model
conv-41-qa-142,bm25_cache,1.0529404145380763,11.292199997114949,921.1892999956035,933.5344404072565,one shared preloaded model
conv-41-qa-143,bm25_cache,1.0529404145380763,11.371000000508502,171.92050000448944,184.34444041953603,one shared preloaded model
conv-41-qa-144,bm25_cache,1.0529404145380763,12.655699996685144,138.31699999718694,152.02564040841017,one shared preloaded model
conv-41-qa-145,bm25_cache,1.0529404145380763,17.364499995892402,754.0673999974388,772.4848404078692,one shared preloaded model
conv-41-qa-146,bm25_cache,1.0529404145380763,11.581499995372724,214.00780000112718,226.642240411038,one shared preloaded model
conv-41-qa-147,bm25_cache,1.0529404145380763,10.402599997178186,203.01659999677213,214.4721404084884,one shared preloaded model
conv-41-qa-148,bm25_cache,1.0529404145380763,10.320700006559491,203.46409999910975,214.83774042020733,one shared preloaded model
conv-41-qa-149,bm25_cache,1.0529404145380763,12.135000004491303,195.69810000393772,208.8860404229671,one shared preloaded model
conv-41-qa-150,bm25_cache,1.0529404145380763,12.473899994802196,316.1878999962937,329.71474040563396,one shared preloaded model
conv-41-qa-151,bm25_cache,1.0529404145380763,12.15550000051735,203.6934000061592,216.90184042121464,one shared preloaded model
conv-41-qa-152,bm25_cache,1.0529404145380763,10.371799995482434,187.27109999599634,198.69584040601686,one shared preloaded model
conv-41-qa-153,bm25_cache,1.0529404145380763,13.85179999488173,208.14310000423575,223.04784041365556,one shared preloaded model
conv-41-qa-154,bm25_cache,1.0529404145380763,10.26580000325339,108.82810000475729,120.14684042254875,one shared preloaded model
conv-41-qa-155,bm25_cache,1.0529404145380763,17.678100004559383,540.6225000042468,559.3535404233443,one shared preloaded model
conv-41-qa-156,bm25_cache,1.0529404145380763,14.86559999466408,205.36010000068927,221.27864040989144,one shared preloaded model
conv-41-qa-157,bm25_cache,1.0529404145380763,10.63599999906728,218.55009999853792,230.23904041214328,one shared preloaded model
conv-41-qa-158,bm25_cache,1.0529404145380763,10.380799998529255,220.81730000354582,232.25104041661317,one shared preloaded model
conv-41-qa-159,bm25_cache,1.0529404145380763,12.353499994787853,203.85209999949438,217.25854040882032,one shared preloaded model
conv-41-qa-160,bm25_cache,1.0529404145380763,14.5699999993667,321.22930000332417,336.8522404172289,one shared preloaded model
conv-41-qa-161,bm25_cache,1.0529404145380763,11.213300000235904,231.6242000015336,243.8904404163076,one shared preloaded model
conv-41-qa-162,bm25_cache,1.0529404145380763,10.533699998632073,227.76940000039758,239.35604041356774,one shared preloaded model
conv-41-qa-163,bm25_cache,1.0529404145380763,14.169400004902855,874.7033999970881,889.925740416529,one shared preloaded model
conv-41-qa-164,bm25_cache,1.0529404145380763,14.988099996116944,216.2042999989353,232.24534040959034,one shared preloaded model
conv-41-qa-165,bm25_cache,1.0529404145380763,11.068500003602821,216.50399999634828,228.6254404144892,one shared preloaded model
conv-41-qa-166,bm25_cache,1.0529404145380763,12.67560000269441,200.81470000150148,214.54324041873397,one shared preloaded model
conv-41-qa-167,bm25_cache,1.0529404145380763,12.713700001768302,192.36500000261003,206.13164041891642,one shared preloaded model
conv-41-qa-168,bm25_cache,1.0529404145380763,10.592999999062158,251.9943000006606,263.6402404142608,one shared preloaded model
conv-41-qa-169,bm25_cache,1.0529404145380763,12.894599996798206,219.5237000050838,233.4712404164201,one shared preloaded model
conv-41-qa-170,bm25_cache,1.0529404145380763,11.946500002522953,146.35390000330517,159.3533404203662,one shared preloaded model
conv-41-qa-171,bm25_cache,1.0529404145380763,18.09030000003986,539.2294999983278,558.3727404129057,one shared preloaded model
conv-41-qa-172,bm25_cache,1.0529404145380763,15.078999997058418,157.84369999892078,173.9756404105173,one shared preloaded model
conv-41-qa-173,bm25_cache,1.0529404145380763,17.814099999668542,220.45929999876535,239.32634041297197,one shared preloaded model
conv-41-qa-174,bm25_cache,1.0529404145380763,14.435199998843018,847.6232000029995,863.1113404163806,one shared preloaded model
conv-41-qa-175,bm25_cache,1.0529404145380763,15.457299996342044,211.61399999982677,228.1242404107069,one shared preloaded model
conv-41-qa-176,bm25_cache,1.0529404145380763,11.164199997438118,196.11629999417346,208.33344040614966,one shared preloaded model
conv-41-qa-177,bm25_cache,1.0529404145380763,11.190500001248438,883.6358999978984,895.8793404136849,one shared preloaded model
conv-41-qa-178,bm25_cache,1.0529404145380763,15.29090000258293,213.54600000631763,229.88984042343864,one shared preloaded model
conv-41-qa-179,bm25_cache,1.0529404145380763,12.74280000507133,221.22160000435542,235.01734042396484,one shared preloaded model
conv-41-qa-180,bm25_cache,1.0529404145380763,12.075099999492522,218.19860000687186,231.32664042090246,one shared preloaded model
conv-41-qa-181,bm25_cache,1.0529404145380763,12.858400004915893,206.1792999957106,220.0906404151646,one shared preloaded model
conv-41-qa-182,bm25_cache,1.0529404145380763,13.874999996914994,203.9221999948495,218.8501404063026,one shared preloaded model
conv-41-qa-183,bm25_cache,1.0529404145380763,12.933699996210635,201.32509999530157,215.3117404060503,one shared preloaded model
conv-41-qa-184,bm25_cache,1.0529404145380763,12.70949999889126,227.0386000018334,240.80104041526275,one shared preloaded model
conv-41-qa-185,bm25_cache,1.0529404145380763,13.030399997660425,213.20330000162357,227.28664041382208,one shared preloaded model
conv-41-qa-186,bm25_cache,1.0529404145380763,10.877300002903212,284.60269999777665,296.5329404152179,one shared preloaded model
conv-41-qa-187,bm25_cache,1.0529404145380763,10.56780000362778,213.54319999954896,225.16394041771483,one shared preloaded model
conv-41-qa-188,bm25_cache,1.0529404145380763,10.65010000456823,200.28560000355355,211.98864042265987,one shared preloaded model
conv-41-qa-189,bm25_cache,1.0529404145380763,13.16489999589976,153.45320000051288,167.67104041095072,one shared preloaded model
conv-41-qa-190,bm25_cache,1.0529404145380763,15.618299999914598,759.7212999971816,776.3925404116343,one shared preloaded model
conv-41-qa-191,bm25_cache,1.0529404145380763,14.886199998727534,206.82059999671765,222.75974040998327,one shared preloaded model
conv-41-qa-192,bm25_cache,1.0529404145380763,13.756500004092231,212.79369999683695,227.60314041546727,one shared preloaded model
conv-42-qa-0,bm25_cache,0.7481534615250823,11.44469999417197,107.87990000244463,120.07275345814168,one shared preloaded model
conv-42-qa-1,bm25_cache,0.7481534615250823,16.48890000069514,136.2991999994847,153.53625346170492,one shared preloaded model
conv-42-qa-2,bm25_cache,0.7481534615250823,16.494600000442006,218.4694000025047,235.71215346447178,one shared preloaded model
conv-42-qa-3,bm25_cache,0.7481534615250823,11.872400005813688,325.6963000021642,338.316853469503,one shared preloaded model
conv-42-qa-4,bm25_cache,0.7481534615250823,13.468700002704281,211.53659999981755,225.7534534640469,one shared preloaded model
conv-42-qa-5,bm25_cache,0.7481534615250823,10.6554000012693,261.90820000192616,273.31175346472054,one shared preloaded model
conv-42-qa-6,bm25_cache,0.7481534615250823,11.360100004822016,214.68280000408413,226.79105347043122,one shared preloaded model
conv-42-qa-7,bm25_cache,0.7481534615250823,11.659999996481929,479.20560000056867,491.6137534585757,one shared preloaded model
conv-42-qa-8,bm25_cache,0.7481534615250823,10.136999997484963,477.3321999964537,488.21735345546375,one shared preloaded model
conv-42-qa-9,bm25_cache,0.7481534615250823,13.44549999339506,206.16859999427106,220.3622534491912,one shared preloaded model
conv-42-qa-10,bm25_cache,0.7481534615250823,11.561500003153924,288.2032999987132,300.5129534633922,one shared preloaded model
conv-42-qa-11,bm25_cache,0.7481534615250823,11.071900000388268,393.0504000018118,404.87045346372514,one shared preloaded model
conv-42-qa-12,bm25_cache,0.7481534615250823,13.976200003526174,194.61809999484103,209.34245345989228,one shared preloaded model
conv-42-qa-13,bm25_cache,0.7481534615250823,9.708400000818074,496.6171000050963,507.07365346743944,one shared preloaded model
conv-42-qa-14,bm25_cache,0.7481534615250823,12.147500005085021,216.31389999674866,229.20955346335876,one shared preloaded model
conv-42-qa-15,bm25_cache,0.7481534615250823,9.627700004784856,470.71839999989606,481.094253466206,one shared preloaded model
conv-42-qa-16,bm25_cache,0.7481534615250823,14.802199999394361,535.1070999968215,550.657453457741,one shared preloaded model
conv-42-qa-17,bm25_cache,0.7481534615250823,12.931600002048071,217.9173000040464,231.59705346761956,one shared preloaded model
conv-42-qa-18,bm25_cache,0.7481534615250823,13.27060000039637,409.5009999946342,423.51975345655563,one shared preloaded model
conv-42-qa-19,bm25_cache,0.7481534615250823,9.964999997464474,103.62010000244481,114.33325346143437,one shared preloaded model
conv-42-qa-20,bm25_cache,0.7481534615250823,16.234099995926954,485.7300000003306,502.71225345778265,one shared preloaded model
conv-42-qa-21,bm25_cache,0.7481534615250823,14.160099999571685,162.76030000153696,177.66855346263372,one shared preloaded model
conv-42-qa-22,bm25_cache,0.7481534615250823,11.634400005277712,211.08319999621017,223.46575346301296,one shared preloaded model
conv-42-qa-23,bm25_cache,0.7481534615250823,12.088600000424776,344.50180000567343,357.3385534676233,one shared preloaded model
conv-42-qa-24,bm25_cache,0.7481534615250823,13.047099993855227,204.2044999980135,217.9997534533938,one shared preloaded model
conv-42-qa-25,bm25_cache,0.7481534615250823,9.869900000921916,467.4403000026359,478.0583534650829,one shared preloaded model
conv-42-qa-26,bm25_cache,0.7481534615250823,13.516799997887574,213.10320000338834,227.368153462801,one shared preloaded model
conv-42-qa-27,bm25_cache,0.7481534615250823,9.734999999636784,213.34439999918686,223.82755346034872,one shared preloaded model
conv-42-qa-28,bm25_cache,0.7481534615250823,10.434099996928126,515.3349000029266,526.5171534613798,one shared preloaded model
conv-42-qa-29,bm25_cache,0.7481534615250823,10.44710000132909,536.0541000045487,547.2493534674029,one shared preloaded model
conv-42-qa-30,bm25_cache,0.7481534615250823,13.240499996754806,184.8893999995198,198.8780534577997,one shared preloaded model
conv-42-qa-31,bm25_cache,0.7481534615250823,12.401100000715815,344.3416000009165,357.4908534631574,one shared preloaded model
conv-42-qa-32,bm25_cache,0.7481534615250823,13.684700003068428,209.41199999651872,223.84485346111222,one shared preloaded model
conv-42-qa-33,bm25_cache,0.7481534615250823,10.177200005273335,508.18750000325963,519.1128534700581,one shared preloaded model
conv-42-qa-34,bm25_cache,0.7481534615250823,10.10120000137249,224.57429999485612,235.4236534577537,one shared preloaded model
conv-42-qa-35,bm25_cache,0.7481534615250823,9.722700000565965,521.0733000058099,531.544153467901,one shared preloaded model
conv-42-qa-36,bm25_cache,0.7481534615250823,9.759200002008583,533.0997000055504,543.6070534690841,one shared preloaded model
conv-42-qa-37,bm25_cache,0.7481534615250823,13.26820000394946,536.944699997548,550.9610534630226,one shared preloaded model
conv-42-qa-38,bm25_cache,0.7481534615250823,12.626299998373725,329.0164999998524,342.3909534597512,one shared preloaded model
conv-42-qa-39,bm25_cache,0.7481534615250823,9.630599997763056,329.91730000503594,340.2960534643241,one shared preloaded model
conv-42-qa-40,bm25_cache,0.7481534615250823,9.802300002775155,496.98840000201017,507.5388534663104,one shared preloaded model
conv-42-qa-41,bm25_cache,0.7481534615250823,13.102099997922778,220.8120999930543,234.66235345250215,one shared preloaded model
conv-42-qa-42,bm25_cache,0.7481534615250823,9.717500004626345,218.87189999688417,229.3375534630356,one shared preloaded model
conv-42-qa-43,bm25_cache,0.7481534615250823,11.97890000184998,210.55609999893932,223.28315346231437,one shared preloaded model
conv-42-qa-44,bm25_cache,0.7481534615250823,10.214699999778531,341.7626000009477,352.7254534622513,one shared preloaded model
conv-42-qa-45,bm25_cache,0.7481534615250823,13.226600000052713,202.62060000095516,216.59535346253296,one shared preloaded model
conv-42-qa-46,bm25_cache,0.7481534615250823,10.341300003346987,150.42949999769917,161.51895346257123,one shared preloaded model
conv-42-qa-47,bm25_cache,0.7481534615250823,16.228300002694596,473.0466999972123,490.02315346143195,one shared preloaded model
conv-42-qa-48,bm25_cache,0.7481534615250823,10.970600000291597,504.22140000591753,515.9401534677343,one shared preloaded model
conv-42-qa-49,bm25_cache,0.7481534615250823,13.713899999856949,102.5870000012219,117.04905346260392,one shared preloaded model
conv-42-qa-50,bm25_cache,0.7481534615250823,17.198000001371838,161.3022000019555,179.2483534648524,one shared preloaded model
conv-42-qa-51,bm25_cache,0.7481534615250823,12.170699999842327,207.43260000017472,220.35145346154212,one shared preloaded model
conv-42-qa-52,bm25_cache,0.7481534615250823,10.456500000145752,107.62300000351388,118.82765346518471,one shared preloaded model
conv-42-qa-53,bm25_cache,0.7481534615250823,16.47479999519419,129.53749999724096,146.76045345396022,one shared preloaded model
conv-42-qa-54,bm25_cache,0.7481534615250823,12.607100004970562,495.4003999955603,508.75565346205593,one shared preloaded model
conv-42-qa-55,bm25_cache,0.7481534615250823,13.03139999799896,346.7584000027273,360.5379534622513,one shared preloaded model
conv-42-qa-56,bm25_cache,0.7481534615250823,13.65510000323411,203.00490000227,217.4081534670292,one shared preloaded model
conv-42-qa-57,bm25_cache,0.7481534615250823,10.503400000743568,289.0066000036313,300.25815346589997,one shared preloaded model
conv-42-qa-58,bm25_cache,0.7481534615250823,13.23689999844646,193.3184000008623,207.30345346083385,one shared preloaded model
conv-42-qa-59,bm25_cache,0.7481534615250823,9.579000005032867,518.6879999964731,529.0151534630311,one shared preloaded model
conv-42-qa-60,bm25_cache,0.7481534615250823,13.369299995247275,210.71649999794317,224.83395345471553,one shared preloaded model
conv-42-qa-61,bm25_cache,0.7481534615250823,10.029999997641426,154.23369999916758,165.0118534583341,one shared preloaded model
conv-42-qa-62,bm25_cache,0.7481534615250823,16.177999998035375,112.34600000170758,129.27215346126803,one shared preloaded model
conv-42-qa-63,bm25_cache,0.7481534615250823,16.473600000608712,140.36189999751514,157.58365345964893,one shared preloaded model
conv-42-qa-64,bm25_cache,0.7481534615250823,16.538600000785664,219.9082000006456,237.19495346295633,one shared preloaded model
conv-42-qa-65,bm25_cache,0.7481534615250823,13.695499997993466,198.5394000002998,212.98305345981834,one shared preloaded model
conv-42-qa-66,bm25_cache,0.7481534615250823,9.395300003234297,244.19119999947725,254.33465346423662,one shared preloaded model
conv-42-qa-67,bm25_cache,0.7481534615250823,9.989400001359172,210.30849999806378,221.04605346094803,one shared preloaded model
conv-42-qa-68,bm25_cache,0.7481534615250823,13.031700000283308,213.62119999685092,227.4010534586593,one shared preloaded model
conv-42-qa-69,bm25_cache,0.7481534615250823,11.589500005356967,98.60100000514649,110.93865347202853,one shared preloaded model
conv-42-qa-70,bm25_cache,0.7481534615250823,16.837999995914288,471.09580000687856,488.6819534643179,one shared preloaded model
conv-42-qa-71,bm25_cache,0.7481534615250823,13.366099999984726,104.67619999690214,118.79045345841195,one shared preloaded model
conv-42-qa-72,bm25_cache,0.7481534615250823,15.474799998628441,476.5363999977126,492.7593534578661,one shared preloaded model
conv-42-qa-73,bm25_cache,0.7481534615250823,9.915899994666688,209.8448999968241,220.50895345301586,one shared preloaded model
conv-42-qa-74,bm25_cache,0.7481534615250823,9.6174999998766,642.8061999977217,653.1718534591234,one shared preloaded model
conv-42-qa-75,bm25_cache,0.7481534615250823,10.431300004711375,418.30900000059046,429.4884534668269,one shared preloaded model
conv-42-qa-76,bm25_cache,0.7481534615250823,13.388299994403496,206.43240000208607,220.56885345801464,one shared preloaded model
conv-42-qa-77,bm25_cache,0.7481534615250823,9.96129999839468,305.72579999716254,316.4352534570823,one shared preloaded model
conv-42-qa-78,bm25_cache,0.7481534615250823,13.73050000256626,97.13959999498911,111.61825345908045,one shared preloaded model
conv-42-qa-79,bm25_cache,0.7481534615250823,16.484500003571156,166.28990000026533,183.52255346536157,one shared preloaded model
conv-42-qa-80,bm25_cache,0.7481534615250823,16.396399994846433,123.77050000213785,140.91505345850936,one shared preloaded model
conv-42-qa-81,bm25_cache,0.7481534615250823,14.72759999887785,226.56380000262288,242.0395534630258,one shared preloaded model
conv-42-qa-82,bm25_cache,0.7481534615250823,9.609799999452662,205.2867999955197,215.64475345649743,one shared preloaded model
conv-42-qa-83,bm25_cache,0.7481534615250823,9.82270000531571,210.24659999966389,220.81745346650467,one shared preloaded model
conv-42-qa-84,bm25_cache,0.7481534615250823,10.901199995714705,227.69890000199666,239.34825345923645,one shared preloaded model
conv-42-qa-85,bm25_cache,0.7481534615250823,11.747500000637956,211.8999000012991,224.39555346346214,one shared preloaded model
conv-42-qa-86,bm25_cache,0.7481534615250823,11.161200003698468,342.16749999905005,354.0768534642736,one shared preloaded model
conv-42-qa-87,bm25_cache,0.7481534615250823,12.770900000759866,196.49370000115596,210.0127534634409,one shared preloaded model
conv-42-qa-88,bm25_cache,0.7481534615250823,10.430900001665577,199.738499999512,210.91755346270264,one shared preloaded model
conv-42-qa-89,bm25_cache,0.7481534615250823,10.667399998055771,101.30519999802345,112.7207534576043,one shared preloaded model
conv-42-qa-90,bm25_cache,0.7481534615250823,16.49050000560237,453.43449999927543,470.6731534664029,one shared preloaded model
conv-42-qa-91,bm25_cache,0.7481534615250823,9.724299998197239,785.1264999990235,795.5989534587459,one shared preloaded model
conv-42-qa-92,bm25_cache,0.7481534615250823,14.087800002016593,224.39640000084182,239.2323534643835,one shared preloaded model
conv-42-qa-93,bm25_cache,0.7481534615250823,11.665000005450565,211.2180000040098,223.63115347098545,one shared preloaded model
conv-42-qa-94,bm25_cache,0.7481534615250823,11.649399995803833,194.0429000023869,206.4404534597158,one shared preloaded model
conv-42-qa-95,bm25_cache,0.7481534615250823,9.91720000456553,161.83590000582626,172.50125347191687,one shared preloaded model
conv-42-qa-96,bm25_cache,0.7481534615250823,16.85159999760799,208.13440000347327,225.73415346260634,one shared preloaded model
conv-42-qa-97,bm25_cache,0.7481534615250823,9.942800003045704,365.038399999321,375.72935346389175,one shared preloaded model
conv-42-qa-98,bm25_cache,0.7481534615250823,12.99299999664072,209.2343999975128,222.9755534556786,one shared preloaded model
conv-42-qa-99,bm25_cache,0.7481534615250823,10.30229999742005,895.4263999985415,906.4768534574866,one shared preloaded model
conv-42-qa-100,bm25_cache,0.7481534615250823,13.787500000034925,454.7383000026457,469.2739534642057,one shared preloaded model
conv-42-qa-101,bm25_cache,0.7481534615250823,9.716900000057649,215.13440000126138,225.5994534628441,one shared preloaded model
conv-42-qa-102,bm25_cache,0.7481534615250823,9.426900003745686,459.0347999983351,469.20985346360584,one shared preloaded model
conv-42-qa-103,bm25_cache,0.7481534615250823,11.495999999169726,206.0321000026306,218.27625346332542,one shared preloaded model
conv-42-qa-104,bm25_cache,0.7481534615250823,11.347900006512646,522.3039999982575,534.4000534662953,one shared preloaded model
conv-42-qa-105,bm25_cache,0.7481534615250823,13.773599996056873,216.73510000255192,231.25685346013387,one shared preloaded model
conv-42-qa-106,bm25_cache,0.7481534615250823,10.04300000204239,211.9899000026635,222.78105346623096,one shared preloaded model
conv-42-qa-107,bm25_cache,0.7481534615250823,11.90130000031786,205.36019999417476,218.0096534560177,one shared preloaded model
conv-42-qa-108,bm25_cache,0.7481534615250823,11.45659999747295,463.3781000011368,475.5828534601348,one shared preloaded model
conv-42-qa-109,bm25_cache,0.7481534615250823,12.74839999678079,605.7963000057498,619.2928534640557,one shared preloaded model
conv-42-qa-110,bm25_cache,0.7481534615250823,13.750599995546509,208.1183000045712,222.6170534616428,one shared preloaded model
conv-42-qa-111,bm25_cache,0.7481534615250823,9.926300001097843,195.42409999849042,206.09855346111334,one shared preloaded model
conv-42-qa-112,bm25_cache,0.7481534615250823,10.24889999825973,162.86889999901177,173.86595345879658,one shared preloaded model
conv-42-qa-113,bm25_cache,0.7481534615250823,16.230600005656015,114.07219999819063,131.05095346537172,one shared preloaded model
conv-42-qa-114,bm25_cache,0.7481534615250823,16.460699996969197,207.9643999968539,225.17325345534817,one shared preloaded model
conv-42-qa-115,bm25_cache,0.7481534615250823,9.475300001213327,223.3676000032574,233.5910534659958,one shared preloaded model
conv-42-qa-116,bm25_cache,0.7481534615250823,9.997099994507153,167.94780000054743,178.69305345657966,one shared preloaded model
conv-42-qa-117,bm25_cache,0.7481534615250823,15.528700001596007,127.30710000323597,143.58395346635706,one shared preloaded model
conv-42-qa-118,bm25_cache,0.7481534615250823,17.26079999934882,206.07900000322843,224.08795346410233,one shared preloaded model
conv-42-qa-119,bm25_cache,0.7481534615250823,11.369700005161576,436.9294999996782,449.0473534663649,one shared preloaded model
conv-42-qa-120,bm25_cache,0.7481534615250823,10.591400001430884,204.94890000554733,216.2884534685033,one shared preloaded model
conv-42-qa-121,bm25_cache,0.7481534615250823,10.186899999098387,163.69380000105593,174.6288534616794,one shared preloaded model
conv-42-qa-122,bm25_cache,0.7481534615250823,16.48410000052536,216.50899999804096,233.7412534600914,one shared preloaded model
conv-42-qa-123,bm25_cache,0.7481534615250823,9.655000001657754,409.0150999982143,419.4182534613971,one shared preloaded model
conv-42-qa-124,bm25_cache,0.7481534615250823,13.501600005838554,185.5437999984133,199.79355346577694,one shared preloaded model
conv-42-qa-125,bm25_cache,0.7481534615250823,12.725100001262035,171.52209999767365,184.99535346046076,one shared preloaded model
conv-42-qa-126,bm25_cache,0.7481534615250823,10.000800000852905,213.63750000455184,224.38645346692982,one shared preloaded model
conv-42-qa-127,bm25_cache,0.7481534615250823,11.229299998376518,212.31629999965662,224.29375345955822,one shared preloaded model
conv-42-qa-128,bm25_cache,0.7481534615250823,9.647700004279613,123.21949999750359,133.61535346330828,one shared preloaded model
conv-42-qa-129,bm25_cache,0.7481534615250823,16.97289999719942,131.12929999624612,148.85035345497062,one shared preloaded model
conv-42-qa-130,bm25_cache,0.7481534615250823,16.968400006589945,95.09329999855254,112.80985346666756,one shared preloaded model
conv-42-qa-131,bm25_cache,0.7481534615250823,16.854900000907946,525.077300000703,542.680353463136,one shared preloaded model
conv-42-qa-132,bm25_cache,0.7481534615250823,13.893499999539927,202.53210000373656,217.17375346480156,one shared preloaded model
conv-42-qa-133,bm25_cache,0.7481534615250823,11.65690000198083,120.42490000021644,132.82995346372235,one shared preloaded model
conv-42-qa-134,bm25_cache,0.7481534615250823,11.590699999942444,1082.1179999984452,1094.4568534599127,one shared preloaded model
conv-42-qa-135,bm25_cache,0.7481534615250823,13.766500000201631,192.66990000323858,207.1845534649653,one shared preloaded model
conv-42-qa-136,bm25_cache,0.7481534615250823,10.151399997994304,117.05439999786904,127.95395345738842,one shared preloaded model
conv-42-qa-137,bm25_cache,0.7481534615250823,16.763299994636327,323.2036999979755,340.7151534541369,one shared preloaded model
conv-42-qa-138,bm25_cache,0.7481534615250823,13.508299998647999,442.9201000020839,457.176553462257,one shared preloaded model
conv-42-qa-139,bm25_cache,0.7481534615250823,9.820300001592841,173.8684000010835,184.43685346420142,one shared preloaded model
conv-42-qa-140,bm25_cache,0.7481534615250823,16.545300000871066,1065.7539000021643,1083.0473534645605,one shared preloaded model
conv-42-qa-141,bm25_cache,0.7481534615250823,10.084400004416239,980.8688999983133,991.7014534642547,one shared preloaded model
conv-42-qa-142,bm25_cache,0.7481534615250823,11.600600002566352,291.12739999982296,303.4761534639144,one shared preloaded model
conv-42-qa-143,bm25_cache,0.7481534615250823,11.762900001485832,119.98049999965588,132.4915534626668,one shared preloaded model
conv-42-qa-144,bm25_cache,0.7481534615250823,12.456199998268858,468.8268000027165,482.0311534625104,one shared preloaded model
conv-42-qa-145,bm25_cache,0.7481534615250823,13.56099999975413,288.79560000495985,303.10475346623906,one shared preloaded model
conv-42-qa-146,bm25_cache,0.7481534615250823,13.402100004896056,845.4292000023997,859.5794534688209,one shared preloaded model
conv-42-qa-147,bm25_cache,0.7481534615250823,10.351199998694938,176.54480000055628,187.6441534607763,one shared preloaded model
conv-42-qa-148,bm25_cache,0.7481534615250823,17.19349999621045,434.9856999979238,452.92735345565933,one shared preloaded model
conv-42-qa-149,bm25_cache,0.7481534615250823,9.8230000003241,210.92659999703756,221.49775345888673,one shared preloaded model
conv-42-qa-150,bm25_cache,0.7481534615250823,11.257599995587952,221.83270000095945,233.83845345807248,one shared preloaded model
conv-42-qa-151,bm25_cache,0.7481534615250823,11.323400001856498,207.7583999998751,219.8299534632567,one shared preloaded model
conv-42-qa-152,bm25_cache,0.7481534615250823,9.875899995677173,270.4976000022725,281.12165345947477,one shared preloaded model
conv-42-qa-153,bm25_cache,0.7481534615250823,13.615600000775885,308.1138000052306,322.47755346753155,one shared preloaded model
conv-42-qa-154,bm25_cache,0.7481534615250823,14.169499998388346,767.9729000010411,782.8905534609546,one shared preloaded model
conv-42-qa-155,bm25_cache,0.7481534615250823,14.049599994905293,205.78119999845512,220.5789534548855,one shared preloaded model
conv-42-qa-156,bm25_cache,0.7481534615250823,10.92140000400832,277.9091000047629,289.5786534702963,one shared preloaded model
conv-42-qa-157,bm25_cache,0.7481534615250823,10.606399999232963,214.81979999953182,226.17435346028986,one shared preloaded model
conv-42-qa-158,bm25_cache,0.7481534615250823,10.303399998520035,256.09350000013364,267.14505346017876,one shared preloaded model
conv-42-qa-159,bm25_cache,0.7481534615250823,11.233700002776459,226.45210000337102,238.43395346767255,one shared preloaded model
conv-42-qa-160,bm25_cache,0.7481534615250823,13.041500002145767,211.0945000022184,224.88415346588926,one shared preloaded model
conv-42-qa-161,bm25_cache,0.7481534615250823,9.939999996277038,201.91560000239406,212.60375346019617,one shared preloaded model
conv-42-qa-162,bm25_cache,0.7481534615250823,10.186699997575488,129.0523999996367,139.98725345873726,one shared preloaded model
conv-42-qa-163,bm25_cache,0.7481534615250823,10.4496999992989,157.77060000255005,168.96845346337403,one shared preloaded model
conv-42-qa-164,bm25_cache,0.7481534615250823,18.734900004346855,302.18130000139354,321.66435346726547,one shared preloaded model
conv-42-qa-165,bm25_cache,0.7481534615250823,13.580599996203091,412.39069999573985,426.719453453468,one shared preloaded model
conv-42-qa-166,bm25_cache,0.7481534615250823,13.483299997460563,653.0077999996138,667.2392534585995,one shared preloaded model
conv-42-qa-167,bm25_cache,0.7481534615250823,13.672199995198753,216.82090000103926,231.2412534577631,one shared preloaded model
conv-42-qa-168,bm25_cache,0.7481534615250823,9.944300007191487,164.32749999512453,175.0199534638411,one shared preloaded model
conv-42-qa-169,bm25_cache,0.7481534615250823,16.339499998139217,227.248299997882,244.33595345754628,one shared preloaded model
conv-42-qa-170,bm25_cache,0.7481534615250823,11.813000004622154,1304.448399998364,1317.0095534645113,one shared preloaded model
conv-42-qa-171,bm25_cache,0.7481534615250823,13.632800000777934,242.55100000300445,256.93195346530746,one shared preloaded model
conv-42-qa-172,bm25_cache,0.7481534615250823,13.19859999784967,672.2061999971629,686.1529534565377,one shared preloaded model
conv-42-qa-173,bm25_cache,0.7481534615250823,9.664900004281662,236.4683999985573,246.88145346436403,one shared preloaded model
conv-42-qa-174,bm25_cache,0.7481534615250823,13.37529999727849,140.0532999978168,154.17675345662036,one shared preloaded model
conv-42-qa-175,bm25_cache,0.7481534615250823,16.18610000150511,175.72220000147354,192.65645346450373,one shared preloaded model
conv-42-qa-176,bm25_cache,0.7481534615250823,18.07080000435235,156.47829999943497,175.2972534653124,one shared preloaded model
conv-42-qa-177,bm25_cache,0.7481534615250823,16.543999998248182,868.5078999988036,885.8000534585769,one shared preloaded model
conv-42-qa-178,bm25_cache,0.7481534615250823,10.262100004183594,583.8540999975521,594.8643534632608,one shared preloaded model
conv-42-qa-179,bm25_cache,0.7481534615250823,14.661100001831073,478.4485000054701,493.8577534688263,one shared preloaded model
conv-42-qa-180,bm25_cache,0.7481534615250823,13.2344000012381,396.2690999978804,410.2516534606436,one shared preloaded model
conv-42-qa-181,bm25_cache,0.7481534615250823,14.218399999663234,199.2519999985234,214.2185534597117,one shared preloaded model
conv-42-qa-182,bm25_cache,0.7481534615250823,10.455700001330115,214.01820000028238,225.22205346313757,one shared preloaded model
conv-42-qa-183,bm25_cache,0.7481534615250823,10.159199999179691,241.69640000036452,252.6037534610693,one shared preloaded model
conv-42-qa-184,bm25_cache,0.7481534615250823,10.427200002595782,177.60300000372808,188.77835346784894,one shared preloaded model
conv-42-qa-185,bm25_cache,0.7481534615250823,17.177300003822893,161.250299999665,179.17575346501297,one shared preloaded model
conv-42-qa-186,bm25_cache,0.7481534615250823,11.787000003096182,218.11149999848567,230.64665346310693,one shared preloaded model
conv-42-qa-187,bm25_cache,0.7481534615250823,10.101400002895389,205.63079999556066,216.48035345998113,one shared preloaded model
conv-42-qa-188,bm25_cache,0.7481534615250823,9.775800004717894,182.73069999850122,193.2546534647442,one shared preloaded model
conv-42-qa-189,bm25_cache,0.7481534615250823,11.74159999936819,845.5170000015642,858.0067534624575,one shared preloaded model
conv-42-qa-190,bm25_cache,0.7481534615250823,10.262499999953434,199.23260000359733,210.24325346507584,one shared preloaded model
conv-42-qa-191,bm25_cache,0.7481534615250823,9.959799994248897,847.9817999977968,858.6897534535708,one shared preloaded model
conv-42-qa-192,bm25_cache,0.7481534615250823,10.115400000358932,219.72009999444708,230.5836534563311,one shared preloaded model
conv-42-qa-193,bm25_cache,0.7481534615250823,10.433700001158286,196.46609999472275,207.64795345740612,one shared preloaded model
conv-42-qa-194,bm25_cache,0.7481534615250823,9.506900001724716,188.240900002711,198.49595346596078,one shared preloaded model
conv-42-qa-195,bm25_cache,0.7481534615250823,13.136800000211224,292.3391000003903,306.2240534621266,one shared preloaded model
conv-42-qa-196,bm25_cache,0.7481534615250823,9.783699999388773,117.03129999659723,127.56315345751108,one shared preloaded model
conv-42-qa-197,bm25_cache,0.7481534615250823,16.611400002148002,862.0330000048853,879.3925534685584,one shared preloaded model
conv-42-qa-198,bm25_cache,0.7481534615250823,14.539199997670949,219.23489999608137,234.5222534552774,one shared preloaded model
conv-42-qa-199,bm25_cache,0.7481534615250823,10.523899996769615,211.26389999699313,222.53595345528782,one shared preloaded model
conv-42-qa-200,bm25_cache,0.7481534615250823,10.02199999493314,188.45909999799915,199.22925345445736,one shared preloaded model
conv-42-qa-201,bm25_cache,0.7481534615250823,12.443400002666749,372.38230000366457,385.5738534678564,one shared preloaded model
conv-42-qa-202,bm25_cache,0.7481534615250823,10.751800000434741,227.01600000436883,238.51595346632865,one shared preloaded model
conv-42-qa-203,bm25_cache,0.7481534615250823,11.19539999490371,225.31419999722857,237.25775345365736,one shared preloaded model
conv-42-qa-204,bm25_cache,0.7481534615250823,13.157900000805967,198.3923000007053,212.29835346303634,one shared preloaded model
conv-42-qa-205,bm25_cache,0.7481534615250823,9.945400001015514,213.27609999570996,223.96965345825055,one shared preloaded model
conv-42-qa-206,bm25_cache,0.7481534615250823,12.460099998861551,204.38740000099642,217.59565346138305,one shared preloaded model
conv-42-qa-207,bm25_cache,0.7481534615250823,11.134899999888148,713.1477000002633,725.0307534616766,one shared preloaded model
conv-42-qa-208,bm25_cache,0.7481534615250823,12.911999998323154,212.6602999996976,226.32045345954583,one shared preloaded model
conv-42-qa-209,bm25_cache,0.7481534615250823,10.674000004655682,220.278300002974,231.70045346915475,one shared preloaded model
conv-42-qa-210,bm25_cache,0.7481534615250823,11.713899999449495,229.79739999573212,242.2594534567067,one shared preloaded model
conv-42-qa-211,bm25_cache,0.7481534615250823,9.393300002557226,154.6885999996448,164.8300534637271,one shared preloaded model
conv-42-qa-212,bm25_cache,0.7481534615250823,13.4330000000773,615.3332999965642,629.5144534581666,one shared preloaded model
conv-42-qa-213,bm25_cache,0.7481534615250823,10.046800001873635,218.62270000565331,229.41765346905203,one shared preloaded model
conv-42-qa-214,bm25_cache,0.7481534615250823,9.538799997244496,215.39230000053067,225.67925345930024,one shared preloaded model
conv-42-qa-215,bm25_cache,0.7481534615250823,13.409999999566935,157.84220000205096,172.00035346314297,one shared preloaded model
conv-42-qa-216,bm25_cache,0.7481534615250823,16.933200000494253,143.94499999616528,161.6263534581846,one shared preloaded model
conv-42-qa-217,bm25_cache,0.7481534615250823,17.288099996221717,772.2333999990951,790.269653456842,one shared preloaded model
conv-42-qa-218,bm25_cache,0.7481534615250823,10.005000003729947,213.28420000645565,224.03735347171067,one shared preloaded model
conv-42-qa-219,bm25_cache,0.7481534615250823,11.937299997953232,212.93580000201473,225.62125346149304,one shared preloaded model
conv-42-qa-220,bm25_cache,0.7481534615250823,11.366300001100171,142.1524999968824,154.26695345950765,one shared preloaded model
conv-42-qa-221,bm25_cache,0.7481534615250823,12.999099999433383,202.79399999708403,216.5412534580425,one shared preloaded model
conv-42-qa-222,bm25_cache,0.7481534615250823,11.902800004463643,120.9281000046758,133.57905347066452,one shared preloaded model
conv-42-qa-223,bm25_cache,0.7481534615250823,10.018200002377853,496.541000000434,507.3073534643369,one shared preloaded model
conv-42-qa-224,bm25_cache,0.7481534615250823,14.291699997556861,211.3335999965784,226.37345345566035,one shared preloaded model
conv-42-qa-225,bm25_cache,0.7481534615250823,9.78680000116583,208.99419999477686,219.52915345746777,one shared preloaded model
conv-42-qa-226,bm25_cache,0.7481534615250823,10.506200000236277,213.14510000229347,224.39945346405483,one shared preloaded model
conv-42-qa-227,bm25_cache,0.7481534615250823,9.880600002361462,231.52010000194423,242.14885346583077,one shared preloaded model
conv-42-qa-228,bm25_cache,0.7481534615250823,11.818300001323223,216.85660000366624,229.42305346651455,one shared preloaded model
conv-42-qa-229,bm25_cache,0.7481534615250823,10.076099999423604,195.23109999863664,206.05535345958532,one shared preloaded model
conv-42-qa-230,bm25_cache,0.7481534615250823,12.962200002220925,208.99810000264551,222.70845346639152,one shared preloaded model
conv-42-qa-231,bm25_cache,0.7481534615250823,11.722999995981809,203.42820000223583,215.8993534597427,one shared preloaded model
conv-42-qa-232,bm25_cache,0.7481534615250823,13.908300003095064,140.01879999705125,154.6752534616714,one shared preloaded model
conv-42-qa-233,bm25_cache,0.7481534615250823,16.898699999728706,185.1812000022619,202.8280534635157,one shared preloaded model
conv-42-qa-234,bm25_cache,0.7481534615250823,13.696099995286204,232.9154999970342,247.35975345384549,one shared preloaded model
conv-42-qa-235,bm25_cache,0.7481534615250823,14.03829999617301,246.12879999767756,260.91525345537565,one shared preloaded model
conv-42-qa-236,bm25_cache,0.7481534615250823,10.576399996352848,216.45469999930356,227.77925345718148,one shared preloaded model
conv-42-qa-237,bm25_cache,0.7481534615250823,9.788399998797104,134.25619999907212,144.7927534593943,one shared preloaded model
conv-42-qa-238,bm25_cache,0.7481534615250823,17.651499998464715,225.52680000080727,243.92645346079706,one shared preloaded model
conv-42-qa-239,bm25_cache,0.7481534615250823,9.791700002097059,187.98780000361148,198.52765346723362,one shared preloaded model
conv-42-qa-240,bm25_cache,0.7481534615250823,13.122199998178985,516.4157999970485,530.2861534567526,one shared preloaded model
conv-42-qa-241,bm25_cache,0.7481534615250823,13.766399999440182,181.1392000017804,195.65375346274567,one shared preloaded model
conv-42-qa-242,bm25_cache,0.7481534615250823,16.29759999923408,214.5278000025428,231.57355346330195,one shared preloaded model
conv-42-qa-243,bm25_cache,0.7481534615250823,12.905299998237751,222.44070000306237,236.0941534628252,one shared preloaded model
conv-42-qa-244,bm25_cache,0.7481534615250823,9.816500001761597,196.17830000061076,206.74295346389744,one shared preloaded model
conv-42-qa-245,bm25_cache,0.7481534615250823,10.608500000671484,106.92530000233091,118.28195346452748,one shared preloaded model
conv-42-qa-246,bm25_cache,0.7481534615250823,16.770899994298816,197.34399999288144,214.86305344870533,one shared preloaded model
conv-42-qa-247,bm25_cache,0.7481534615250823,13.218200001574587,412.5233000013395,426.4896534644392,one shared preloaded model
conv-42-qa-248,bm25_cache,0.7481534615250823,10.713700001360849,210.6123999983538,222.07425346123972,one shared preloaded model
conv-42-qa-249,bm25_cache,0.7481534615250823,10.222900004009716,199.7890999991796,210.7601534647144,one shared preloaded model
conv-42-qa-250,bm25_cache,0.7481534615250823,9.87390000227606,152.91159999469528,163.53365345849642,one shared preloaded model
conv-42-qa-251,bm25_cache,0.7481534615250823,10.129100002814084,178.89129999821307,189.76855346255223,one shared preloaded model
conv-42-qa-252,bm25_cache,0.7481534615250823,17.51440000225557,223.2499999954598,241.51255345924045,one shared preloaded model
conv-42-qa-253,bm25_cache,0.7481534615250823,12.54509999853326,164.35120000096504,177.64445346102337,one shared preloaded model
conv-42-qa-254,bm25_cache,0.7481534615250823,12.078800005838275,844.7761000061291,857.6030534734925,one shared preloaded model
conv-42-qa-255,bm25_cache,0.7481534615250823,10.163300001295283,207.36240000405814,218.2738534668785,one shared preloaded model
conv-42-qa-256,bm25_cache,0.7481534615250823,10.233100001642015,215.17250000033528,226.15375346350237,one shared preloaded model
conv-42-qa-257,bm25_cache,0.7481534615250823,9.4048999962979,210.8248000004096,220.97785345823257,one shared preloaded model
conv-42-qa-258,bm25_cache,0.7481534615250823,11.180900000908878,204.93859999987762,216.86765346231158,one shared preloaded model
conv-42-qa-259,bm25_cache,0.7481534615250823,10.430700000142679,201.5056000018376,212.68445346350535,one shared preloaded model
conv-43-qa-0,bm25_cache,0.936252479341645,16.30229999864241,202.80550000461517,220.04405248259923,one shared preloaded model
conv-43-qa-1,bm25_cache,0.936252479341645,15.281799998774659,208.056099996611,224.27415247472732,one shared preloaded model
conv-43-qa-2,bm25_cache,0.936252479341645,10.703200001444202,167.3783999940497,179.01785247483554,one shared preloaded model
conv-43-qa-3,bm25_cache,0.936252479341645,18.679399996472057,209.18939999683062,228.80505247264432,one shared preloaded model
conv-43-qa-4,bm25_cache,0.936252479341645,10.480000004463363,866.2394999992102,877.6557524830152,one shared preloaded model
conv-43-qa-5,bm25_cache,0.936252479341645,12.986200003069825,217.42340000491822,231.3458524873297,one shared preloaded model
conv-43-qa-6,bm25_cache,0.936252479341645,11.69359999767039,126.81139999767765,139.4412524746897,one shared preloaded model
conv-43-qa-7,bm25_cache,0.936252479341645,18.10950000071898,94.9585999987903,114.00435247885093,one shared preloaded model
conv-43-qa-8,bm25_cache,0.936252479341645,17.176500005007256,221.4319000049727,239.5446524893216,one shared preloaded model
conv-43-qa-9,bm25_cache,0.936252479341645,11.683099997753743,239.99589999584714,252.61525247294253,one shared preloaded model
conv-43-qa-10,bm25_cache,0.936252479341645,10.453599999891594,484.1709999964223,495.56085247565557,one shared preloaded model
conv-43-qa-11,bm25_cache,0.936252479341645,15.013399999588728,208.82350000465522,224.7731524835856,one shared preloaded model
conv-43-qa-12,bm25_cache,0.936252479341645,12.08020000194665,209.14170000469312,222.15815248598142,one shared preloaded model
conv-43-qa-13,bm25_cache,0.936252479341645,14.276099995186087,588.796199997887,604.0085524724147,one shared preloaded model
conv-43-qa-14,bm25_cache,0.936252479341645,14.532799999869894,1197.9221000001417,1213.3911524793532,one shared preloaded model
conv-43-qa-15,bm25_cache,0.936252479341645,14.242800003557932,197.3682000025292,212.54725248542877,one shared preloaded model
conv-43-qa-16,bm25_cache,0.936252479341645,11.554799995792564,154.45000000181608,166.9410524769503,one shared preloaded model
conv-43-qa-17,bm25_cache,0.936252479341645,17.888399997900706,210.3257000053418,229.15035248258414,one shared preloaded model
conv-43-qa-18,bm25_cache,0.936252479341645,14.66709999658633,96.02499999891734,111.62835247484531,one shared preloaded model
conv-43-qa-19,bm25_cache,0.936252479341645,18.933800005470403,359.80600000038976,379.6760524852018,one shared preloaded model
conv-43-qa-20,bm25_cache,0.936252479341645,13.288599999214057,229.79290000512265,244.01775248367835,one shared preloaded model
conv-43-qa-21,bm25_cache,0.936252479341645,10.49520000378834,227.4877000018023,238.91915248493228,one shared preloaded model
conv-43-qa-22,bm25_cache,0.936252479341645,13.236500002676621,194.7747000012896,208.94745248330787,one shared preloaded model
conv-43-qa-23,bm25_cache,0.936252479341645,13.301200000569224,164.6422000048915,178.87965248480236,one shared preloaded model
conv-43-qa-24,bm25_cache,0.936252479341645,18.18039999488974,228.1306000004406,247.247252474672,one shared preloaded model
conv-43-qa-25,bm25_cache,0.936252479341645,12.518299998191651,208.25809999951161,221.7126524770449,one shared preloaded model
conv-43-qa-26,bm25_cache,0.936252479341645,12.20850000390783,150.7793999990099,163.9241524822594,one shared preloaded model
conv-43-qa-27,bm25_cache,0.936252479341645,17.36680000612978,224.64619999664137,242.9492524821128,one shared preloaded model
conv-43-qa-28,bm25_cache,0.936252479341645,12.57169999735197,206.37379999971017,219.8817524764038,one shared preloaded model
conv-43-qa-29,bm25_cache,0.936252479341645,15.20600000367267,223.6847000021953,239.82695248520963,one shared preloaded model
conv-43-qa-30,bm25_cache,0.936252479341645,12.407500005792826,109.57809999672463,122.9218524818591,one shared preloaded model
conv-43-qa-31,bm25_cache,0.936252479341645,18.168499998864718,80.48019999841927,99.58495247662563,one shared preloaded model
conv-43-qa-32,bm25_cache,0.936252479341645,13.627500004076865,209.41840000159573,223.98215248501424,one shared preloaded model
conv-43-qa-33,bm25_cache,0.936252479341645,13.282699997944292,173.16650000429945,187.3854524815854,one shared preloaded model
conv-43-qa-34,bm25_cache,0.936252479341645,15.14129999850411,224.1303999981028,240.20795247594856,one shared preloaded model
conv-43-qa-35,bm25_cache,0.936252479341645,10.430400005134288,211.02570000221021,222.39235248668615,one shared preloaded model
conv-43-qa-36,bm25_cache,0.936252479341645,11.001099999703001,211.0850999961258,223.02245247517044,one shared preloaded model
conv-43-qa-37,bm25_cache,0.936252479341645,15.173500003584195,212.62839999690186,228.7381524798277,one shared preloaded model
conv-43-qa-38,bm25_cache,0.936252479341645,11.18529999803286,182.29620000056457,194.41775247793908,one shared preloaded model
conv-43-qa-39,bm25_cache,0.936252479341645,17.779800000425894,208.82189999974798,227.53795247951552,one shared preloaded model
conv-43-qa-40,bm25_cache,0.936252479341645,11.133400003018323,225.63789999549044,237.7075524778504,one shared preloaded model
conv-43-qa-41,bm25_cache,0.936252479341645,11.879300000146031,200.98699999653036,213.80255247601804,one shared preloaded model
conv-43-qa-42,bm25_cache,0.936252479341645,12.065599999914411,213.8053000016953,226.80715248095134,one shared preloaded model
conv-43-qa-43,bm25_cache,0.936252479341645,12.098899998818524,641.3308999981382,654.3660524762984,one shared preloaded model
conv-43-qa-44,bm25_cache,0.936252479341645,11.024899999029003,493.6548999976367,505.6160524760073,one shared preloaded model
conv-43-qa-45,bm25_cache,0.936252479341645,14.726000001246575,118.31589999928838,133.9781524798766,one shared preloaded model
conv-43-qa-46,bm25_cache,0.936252479341645,15.875999997660983,221.58610000042245,238.39835247742508,one shared preloaded model
conv-43-qa-47,bm25_cache,0.936252479341645,12.17690000339644,511.6074999968987,524.7206524796368,one shared preloaded model
conv-43-qa-48,bm25_cache,0.936252479341645,10.738500001025386,215.39320000010775,227.0679524804748,one shared preloaded model
conv-43-qa-49,bm25_cache,0.936252479341645,10.48649999574991,95.3120000049239,106.73475248001546,one shared preloaded model
conv-43-qa-50,bm25_cache,0.936252479341645,18.352799997956026,192.34770000184653,211.6367524791442,one shared preloaded model
conv-43-qa-51,bm25_cache,0.936252479341645,10.566699995251838,265.2877000000444,276.7906524746379,one shared preloaded model
conv-43-qa-52,bm25_cache,0.936252479341645,11.416199995437637,222.29950000473764,234.65195247951692,one shared preloaded model
conv-43-qa-53,bm25_cache,0.936252479341645,12.485699997341726,217.96739999990677,231.38935247659015,one shared preloaded model
conv-43-qa-54,bm25_cache,0.936252479341645,12.423400003171992,468.15369999967515,481.5133524821888,one shared preloaded model
conv-43-qa-55,bm25_cache,0.936252479341645,14.150900002277922,271.2715000016033,286.35865248322284,one shared preloaded model
conv-43-qa-56,bm25_cache,0.936252479341645,10.39429999946151,457.70189999893773,469.0324524777409,one shared preloaded model
conv-43-qa-57,bm25_cache,0.936252479341645,15.37580000149319,210.13510000193492,226.44715248276975,one shared preloaded model
conv-43-qa-58,bm25_cache,0.936252479341645,11.543600005097687,461.61449999635806,474.0943524807974,one shared preloaded model
conv-43-qa-59,bm25_cache,0.936252479341645,14.770200003113132,261.84700000158045,277.55345248403523,one shared preloaded model
conv-43-qa-60,bm25_cache,0.936252479341645,14.493599999696016,475.61709999718005,491.0469524762177,one shared preloaded model
conv-43-qa-61,bm25_cache,0.936252479341645,14.660799999546725,126.92889999743784,142.5259524763262,one shared preloaded model
conv-43-qa-62,bm25_cache,0.936252479341645,18.399400003545452,188.7231000000611,208.0587524829482,one shared preloaded model
conv-43-qa-63,bm25_cache,0.936252479341645,10.560199996689335,503.90429999970365,515.4007524757346,one shared preloaded model
conv-43-qa-64,bm25_cache,0.936252479341645,12.28100000298582,106.7680999985896,119.98535248091707,one shared preloaded model
conv-43-qa-65,bm25_cache,0.936252479341645,17.45669999945676,148.9739999960875,167.36695247488592,one shared preloaded model
conv-43-qa-66,bm25_cache,0.936252479341645,15.32009999937145,208.79409999906784,225.05045247778094,one shared preloaded model
conv-43-qa-67,bm25_cache,0.936252479341645,11.983099997451063,148.01099999749567,160.93035247428838,one shared preloaded model
conv-43-qa-68,bm25_cache,0.936252479341645,10.560399998212233,464.8568999982672,476.35355247582106,one shared preloaded model
conv-43-qa-69,bm25_cache,0.936252479341645,15.574200006085448,463.47550000064075,479.98595248606784,one shared preloaded model
conv-43-qa-70,bm25_cache,0.936252479341645,15.726199999335222,208.08869999746094,224.7511524761378,one shared preloaded model
conv-43-qa-71,bm25_cache,0.936252479341645,10.695199998735916,206.20380000036675,217.83525247844432,one shared preloaded model
conv-43-qa-72,bm25_cache,0.936252479341645,12.330100005783606,203.2208000018727,216.48715248699796,one shared preloaded model
conv-43-qa-73,bm25_cache,0.936252479341645,11.980399998719804,503.94230000529205,516.8589524833535,one shared preloaded model
conv-43-qa-74,bm25_cache,0.936252479341645,17.05000000220025,546.2037999968743,564.1900524784162,one shared preloaded model
conv-43-qa-75,bm25_cache,0.936252479341645,14.32869999553077,294.07699999865144,309.34195247352386,one shared preloaded model
conv-43-qa-76,bm25_cache,0.936252479341645,15.83569999638712,426.1919999989914,442.96395247472014,one shared preloaded model
conv-43-qa-77,bm25_cache,0.936252479341645,12.840600000345148,152.97149999969406,166.74835247938086,one shared preloaded model
conv-43-qa-78,bm25_cache,0.936252479341645,18.311300002096687,1562.0961999957217,1581.34375247716,one shared preloaded model
conv-43-qa-79,bm25_cache,0.936252479341645,15.12409999850206,750.8020000022952,766.862352480139,one shared preloaded model
conv-43-qa-80,bm25_cache,0.936252479341645,11.432899998908397,218.7783000044874,231.14745248273744,one shared preloaded model
conv-43-qa-81,bm25_cache,0.936252479341645,11.944100006076042,132.85399999585934,145.73435248127703,one shared preloaded model
conv-43-qa-82,bm25_cache,0.936252479341645,17.458399997849483,160.36820000590524,178.76285248309637,one shared preloaded model
conv-43-qa-83,bm25_cache,0.936252479341645,17.936399999598507,151.63739999843528,170.51005247737544,one shared preloaded model
conv-43-qa-84,bm25_cache,0.936252479341645,18.020700001216028,111.8302999966545,130.78725247721218,one shared preloaded model
conv-43-qa-85,bm25_cache,0.936252479341645,17.929200002981815,196.85940000636037,215.72485248868384,one shared preloaded model
conv-43-qa-86,bm25_cache,0.936252479341645,10.244100005365908,1161.165899997286,1172.3462524819936,one shared preloaded model
conv-43-qa-87,bm25_cache,0.936252479341645,14.785999999730848,479.63439999875845,495.35665247783095,one shared preloaded model
conv-43-qa-88,bm25_cache,0.936252479341645,10.99650000105612,205.91950000380166,217.85225248419943,one shared preloaded model
conv-43-qa-89,bm25_cache,0.936252479341645,10.676599995349534,386.18400000268593,397.7968524773771,one shared preloaded model
conv-43-qa-90,bm25_cache,0.936252479341645,13.891399998101406,355.78890000033425,370.6165524777773,one shared preloaded model
conv-43-qa-91,bm25_cache,0.936252479341645,15.780999994603917,164.13350000220817,180.85075247615373,one shared preloaded model
conv-43-qa-92,bm25_cache,0.936252479341645,18.599800001538824,251.32369999482762,270.8597524757081,one shared preloaded model
conv-43-qa-93,bm25_cache,0.936252479341645,10.550500002864283,789.0182999981334,800.5050524803394,one shared preloaded model
conv-43-qa-94,bm25_cache,0.936252479341645,10.644299996783957,312.071600004856,323.6521524809816,one shared preloaded model
conv-43-qa-95,bm25_cache,0.936252479341645,14.70339999650605,199.9236000046949,215.5632524805426,one shared preloaded model
conv-43-qa-96,bm25_cache,0.936252479341645,11.167399999976624,260.38580000022193,272.4894524795402,one shared preloaded model
conv-43-qa-97,bm25_cache,0.936252479341645,11.026600004697684,364.5948999983375,376.5577524823768,one shared preloaded model
conv-43-qa-98,bm25_cache,0.936252479341645,15.418599999975413,172.99249999632593,189.347352475643,one shared preloaded model
conv-43-qa-99,bm25_cache,0.936252479341645,14.56060000055004,709.9118999976781,725.4087524775698,one shared preloaded model
conv-43-qa-100,bm25_cache,0.936252479341645,15.027900000859518,166.3734999965527,182.33765247675387,one shared preloaded model
conv-43-qa-101,bm25_cache,0.936252479341645,18.147000002500135,343.5529999987921,362.63625248063386,one shared preloaded model
conv-43-qa-102,bm25_cache,0.936252479341645,14.91350000287639,568.669400003273,584.5191524854911,one shared preloaded model
conv-43-qa-103,bm25_cache,0.936252479341645,13.429999999061693,1231.4336999988882,1245.7999524772915,one shared preloaded model
conv-43-qa-104,bm25_cache,0.936252479341645,15.155600005527958,121.09110000164947,137.18295248651907,one shared preloaded model
conv-43-qa-105,bm25_cache,0.936252479341645,18.03239999571815,212.45539999654284,231.42405247160264,one shared preloaded model
conv-43-qa-106,bm25_cache,0.936252479341645,14.200199999322649,196.9124000024749,212.0488524811392,one shared preloaded model
conv-43-qa-107,bm25_cache,0.936252479341645,11.103500000899658,218.993300004513,231.0330524847543,one shared preloaded model
conv-43-qa-108,bm25_cache,0.936252479341645,10.482599995157216,183.28539999492932,194.70425246942818,one shared preloaded model
conv-43-qa-109,bm25_cache,0.936252479341645,18.186400004196912,1101.643400004832,1120.7660524883706,one shared preloaded model
conv-43-qa-110,bm25_cache,0.936252479341645,11.047500003769528,528.7965000024997,540.7802524856108,one shared preloaded model
conv-43-qa-111,bm25_cache,0.936252479341645,15.543700006674044,159.61909999896307,176.09905248497876,one shared preloaded model
conv-43-qa-112,bm25_cache,0.936252479341645,17.834799997217488,199.29359999514418,218.0646524717033,one shared preloaded model
conv-43-qa-113,bm25_cache,0.936252479341645,11.147199998958968,218.1224000014481,230.20585247974873,one shared preloaded model
conv-43-qa-114,bm25_cache,0.936252479341645,11.309399997116998,147.94640000036452,160.19205247682316,one shared preloaded model
conv-43-qa-115,bm25_cache,0.936252479341645,18.054400003165938,674.6844999943278,693.6751524768354,one shared preloaded model
conv-43-qa-116,bm25_cache,0.936252479341645,10.641499997291248,687.4431000032928,699.0208524799257,one shared preloaded model
conv-43-qa-117,bm25_cache,0.936252479341645,11.466299998573959,364.0838999999687,376.4864524778843,one shared preloaded model
conv-43-qa-118,bm25_cache,0.936252479341645,10.922299996309448,219.3044000014197,231.1629524770708,one shared preloaded model
conv-43-qa-119,bm25_cache,0.936252479341645,12.578000001667533,154.6100999985356,168.12435247954477,one shared preloaded model
conv-43-qa-120,bm25_cache,0.936252479341645,18.81370000046445,168.17550000268966,187.92545248249576,one shared preloaded model
conv-43-qa-121,bm25_cache,0.936252479341645,18.02999999927124,320.3748000014457,339.3410524800586,one shared preloaded model
conv-43-qa-122,bm25_cache,0.936252479341645,10.719500001869164,297.59509999712463,309.25085247833545,one shared preloaded model
conv-43-qa-123,bm25_cache,0.936252479341645,10.74019999941811,136.9187000018428,148.59515248060256,one shared preloaded model
conv-43-qa-124,bm25_cache,0.936252479341645,18.01800000248477,1448.069799997029,1467.0240524788553,one shared preloaded model
conv-43-qa-125,bm25_cache,0.936252479341645,14.432200005103368,432.9336000009789,448.3020524854239,one shared preloaded model
conv-43-qa-126,bm25_cache,0.936252479341645,14.79749999998603,261.06650000292575,276.8002524822534,one shared preloaded model
conv-43-qa-127,bm25_cache,0.936252479341645,11.183800001163036,131.40739999653306,143.52745247703774,one shared preloaded model
conv-43-qa-128,bm25_cache,0.936252479341645,18.040800001472235,217.70019999530632,236.6772524761202,one shared preloaded model
conv-43-qa-129,bm25_cache,0.936252479341645,12.572999999974854,215.24560000398196,228.75485248329846,one shared preloaded model
conv-43-qa-130,bm25_cache,0.936252479341645,15.781299996888265,1087.1957999988808,1103.9133524751107,one shared preloaded model
conv-43-qa-131,bm25_cache,0.936252479341645,11.09599999472266,288.4312999958638,300.4635524699281,one shared preloaded model
conv-43-qa-132,bm25_cache,0.936252479341645,10.858000001462642,300.266999998712,312.06125247951627,one shared preloaded model
conv-43-qa-133,bm25_cache,0.936252479341645,11.086999998951796,595.431900001131,607.4551524794244,one shared preloaded model
conv-43-qa-134,bm25_cache,0.936252479341645,11.970699997618794,117.05520000396064,129.96215248092108,one shared preloaded model
conv-43-qa-135,bm25_cache,0.936252479341645,17.791300000681076,266.14530000369996,284.8728524837227,one shared preloaded model
conv-43-qa-136,bm25_cache,0.936252479341645,14.598200003092643,413.77009999996517,429.30455248239946,one shared preloaded model
conv-43-qa-137,bm25_cache,0.936252479341645,15.529299998888746,541.2513999981456,557.716952476376,one shared preloaded model
conv-43-qa-138,bm25_cache,0.936252479341645,14.857200003461912,599.9452999967616,615.7387524795652,one shared preloaded model
conv-43-qa-139,bm25_cache,0.936252479341645,15.597799996612594,224.8911999995471,241.42525247550134,one shared preloaded model
conv-43-qa-140,bm25_cache,0.936252479341645,12.096800004655961,488.1275000007008,501.1605524846984,one shared preloaded model
conv-43-qa-141,bm25_cache,0.936252479341645,15.563699998892844,218.8737000033143,235.3736524815488,one shared preloaded model
conv-43-qa-142,bm25_cache,0.936252479341645,13.139199996658135,531.9058000022778,545.9812524782776,one shared preloaded model
conv-43-qa-143,bm25_cache,0.936252479341645,15.766099997563288,1633.502700002282,1650.2050524791869,one shared preloaded model
conv-43-qa-144,bm25_cache,0.936252479341645,11.835400000563823,229.30449999694247,242.07615247684794,one shared preloaded model
conv-43-qa-145,bm25_cache,0.936252479341645,12.196199997561052,344.76100000028964,357.89345247719234,one shared preloaded model
conv-43-qa-146,bm25_cache,0.936252479341645,14.350800003740005,201.06019999366254,216.3472524767442,one shared preloaded model
conv-43-qa-147,bm25_cache,0.936252479341645,10.673400000086986,260.51100000040606,272.1206524798347,one shared preloaded model
conv-43-qa-148,bm25_cache,0.936252479341645,11.312000002362765,140.27029999851948,152.5185524802239,one shared preloaded model
conv-43-qa-149,bm25_cache,0.936252479341645,18.084600000292994,255.2919000008842,274.31275248051884,one shared preloaded model
conv-43-qa-150,bm25_cache,0.936252479341645,13.50310000270838,235.0762999994913,249.51565248154134,one shared preloaded model
conv-43-qa-151,bm25_cache,0.936252479341645,11.045899998862296,205.48889999918174,217.47105247738568,one shared preloaded model
conv-43-qa-152,bm25_cache,0.936252479341645,14.927099997294135,277.89669999765465,293.76005247429043,one shared preloaded model
conv-43-qa-153,bm25_cache,0.936252479341645,15.374099995824508,726.5526999981375,742.8630524733037,one shared preloaded model
conv-43-qa-154,bm25_cache,0.936252479341645,15.243600006215274,151.19509999931324,167.37495248487016,one shared preloaded model
conv-43-qa-155,bm25_cache,0.936252479341645,18.02060000045458,594.6801000027335,613.6369524825298,one shared preloaded model
conv-43-qa-156,bm25_cache,0.936252479341645,16.29809999576537,190.5213999998523,207.7557524749593,one shared preloaded model
conv-43-qa-157,bm25_cache,0.936252479341645,11.224800000491086,159.20090000145137,171.3619524812841,one shared preloaded model
conv-43-qa-158,bm25_cache,0.936252479341645,13.145299999450799,134.13500000024214,148.2165524790346,one shared preloaded model
conv-43-qa-159,bm25_cache,0.936252479341645,17.68129999982193,122.93080000381451,141.5483524829781,one shared preloaded model
conv-43-qa-160,bm25_cache,0.936252479341645,16.640299996652175,210.2188999997452,227.795452475739,one shared preloaded model
conv-43-qa-161,bm25_cache,0.936252479341645,14.481899997917935,271.95409999694675,287.37225247420633,one shared preloaded model
conv-43-qa-162,bm25_cache,0.936252479341645,14.338400003907736,195.11709999642335,210.39175247967273,one shared preloaded model
conv-43-qa-163,bm25_cache,0.936252479341645,11.038399999961257,149.71309999964433,161.68775247894723,one shared preloaded model
conv-43-qa-164,bm25_cache,0.936252479341645,15.687099999922793,114.8176999995485,131.44105247881294,one shared preloaded model
conv-43-qa-165,bm25_cache,0.936252479341645,18.199600002844818,212.28870000049938,231.42455248268584,one shared preloaded model
conv-43-qa-166,bm25_cache,0.936252479341645,10.358899999118876,215.89839999796823,227.19355247642875,one shared preloaded model
conv-43-qa-167,bm25_cache,0.936252479341645,13.370900000154506,172.82909999630647,187.13625247580262,one shared preloaded model
conv-43-qa-168,bm25_cache,0.936252479341645,18.425700000079814,788.5830999948666,807.9450524742881,one shared preloaded model
conv-43-qa-169,bm25_cache,0.936252479341645,14.461700004176237,312.14490000274964,327.5428524862675,one shared preloaded model
conv-43-qa-170,bm25_cache,0.936252479341645,11.547100002644584,249.43070000153966,261.9140524835259,one shared preloaded model
conv-43-qa-171,bm25_cache,0.936252479341645,10.752800000773277,362.8857999938191,374.574852473934,one shared preloaded model
conv-43-qa-172,bm25_cache,0.936252479341645,11.766299998271279,116.54089999501593,129.24345247262886,one shared preloaded model
conv-43-qa-173,bm25_cache,0.936252479341645,18.140399995900225,215.59229999547824,234.66895247072011,one shared preloaded model
conv-43-qa-174,bm25_cache,0.936252479341645,13.303399995493237,230.9781000003568,245.21775247519167,one shared preloaded model
conv-43-qa-175,bm25_cache,0.936252479341645,11.388200000510551,211.37520000047516,223.69965248032736,one shared preloaded model
conv-43-qa-176,bm25_cache,0.936252479341645,12.767000000167172,611.4293999999063,625.1326524794151,one shared preloaded model
conv-43-qa-177,bm25_cache,0.936252479341645,15.05679999536369,179.08869999519084,195.08175246989617,one shared preloaded model
conv-43-qa-178,bm25_cache,0.936252479341645,17.805800001951866,1276.8388999975286,1295.5809524788222,one shared preloaded model
conv-43-qa-179,bm25_cache,0.936252479341645,15.13090000662487,206.8552999990061,222.9224524849726,one shared preloaded model
conv-43-qa-180,bm25_cache,0.936252479341645,11.629499997070525,531.5281000002869,544.0938524766991,one shared preloaded model
conv-43-qa-181,bm25_cache,0.936252479341645,15.164300006290432,208.75779999914812,224.8583524847802,one shared preloaded model
conv-43-qa-182,bm25_cache,0.936252479341645,11.426999997638632,219.88750000309665,232.25075248007693,one shared preloaded model
conv-43-qa-183,bm25_cache,0.936252479341645,11.024000006727874,227.2376999972039,239.1979524832734,one shared preloaded model
conv-43-qa-184,bm25_cache,0.936252479341645,11.02270000410499,221.90039999986766,233.8593524833143,one shared preloaded model
conv-43-qa-185,bm25_cache,0.936252479341645,12.26219999807654,285.1202999954694,298.3187524728876,one shared preloaded model
conv-43-qa-186,bm25_cache,0.936252479341645,10.944900001049973,223.1430999963777,235.02425247676933,one shared preloaded model
conv-43-qa-187,bm25_cache,0.936252479341645,11.206600000150502,212.97250000498025,225.1153524844724,one shared preloaded model
conv-43-qa-188,bm25_cache,0.936252479341645,12.469499997678213,1027.2637000016402,1040.66945247866,one shared preloaded model
conv-43-qa-189,bm25_cache,0.936252479341645,15.08540000213543,346.07469999900786,362.09635248048494,one shared preloaded model
conv-43-qa-190,bm25_cache,0.936252479341645,14.321999995445367,215.73910000006435,230.99735247485137,one shared preloaded model
conv-43-qa-191,bm25_cache,0.936252479341645,12.352899997495115,211.79950000077952,225.08865247761628,one shared preloaded model
conv-43-qa-192,bm25_cache,0.936252479341645,13.016099997912534,241.35800000658492,255.3103524838391,one shared preloaded model
conv-43-qa-193,bm25_cache,0.936252479341645,12.582999996084254,507.14249999873573,520.6617524741616,one shared preloaded model
conv-43-qa-194,bm25_cache,0.936252479341645,12.734600000840146,179.71140000008745,193.38225248026924,one shared preloaded model
conv-43-qa-195,bm25_cache,0.936252479341645,17.638999997870997,198.2678999993368,216.84315247654945,one shared preloaded model
conv-43-qa-196,bm25_cache,0.936252479341645,10.501500000827946,185.56209999951534,196.99985247968493,one shared preloaded model
conv-43-qa-197,bm25_cache,0.936252479341645,18.33279999846127,221.29929999937303,240.56835247717595,one shared preloaded model
conv-43-qa-198,bm25_cache,0.936252479341645,11.643999998341314,214.96469999692636,227.54495247460932,one shared preloaded model
conv-43-qa-199,bm25_cache,0.936252479341645,10.565900003712159,182.33989999862388,193.84205248167768,one shared preloaded model
conv-43-qa-200,bm25_cache,0.936252479341645,17.8479000023799,148.58939999976428,167.37355248148583,one shared preloaded model
conv-43-qa-201,bm25_cache,0.936252479341645,18.173700002080295,136.64319999952568,155.75315248094762,one shared preloaded model
conv-43-qa-202,bm25_cache,0.936252479341645,17.67489999474492,221.77170000213664,240.3828524762232,one shared preloaded model
conv-43-qa-203,bm25_cache,0.936252479341645,11.406300000089686,216.53139999398263,228.87395247341396,one shared preloaded model
conv-43-qa-204,bm25_cache,0.936252479341645,10.588500001176726,322.6215000031516,334.14625248366997,one shared preloaded model
conv-43-qa-205,bm25_cache,0.936252479341645,14.960599997721147,201.2934000013047,217.19025247836748,one shared preloaded model
conv-43-qa-206,bm25_cache,0.936252479341645,14.91389999864623,210.43090000603115,226.28105248401903,one shared preloaded model
conv-43-qa-207,bm25_cache,0.936252479341645,14.744599997357,238.7259000024642,254.40675247916283,one shared preloaded model
conv-43-qa-208,bm25_cache,0.936252479341645,11.292900002445094,198.8813999996637,211.11055248145044,one shared preloaded model
conv-43-qa-209,bm25_cache,0.936252479341645,14.738000005309004,409.8768000039854,425.55105248863606,one shared preloaded model
conv-43-qa-210,bm25_cache,0.936252479341645,12.094500001694541,590.7826999973622,603.8134524783984,one shared preloaded model
conv-43-qa-211,bm25_cache,0.936252479341645,14.867400001094211,205.93619999999646,221.73985248043232,one shared preloaded model
conv-43-qa-212,bm25_cache,0.936252479341645,12.303099996643141,225.0519000008353,238.2912524768201,one shared preloaded model
conv-43-qa-213,bm25_cache,0.936252479341645,10.731300004408695,262.21609999629436,273.8836524800447,one shared preloaded model
conv-43-qa-214,bm25_cache,0.936252479341645,11.493999998492654,234.29049999685958,246.72075247469388,one shared preloaded model
conv-43-qa-215,bm25_cache,0.936252479341645,14.365600000019185,201.2237000017194,216.52555248108024,one shared preloaded model
conv-43-qa-216,bm25_cache,0.936252479341645,12.42669999919599,224.17180000047665,237.5347524790143,one shared preloaded model
conv-43-qa-217,bm25_cache,0.936252479341645,12.716400000499561,226.9254999991972,240.5781524790384,one shared preloaded model
conv-43-qa-218,bm25_cache,0.936252479341645,12.064099995768629,225.11579999991227,238.11615247502255,one shared preloaded model
conv-43-qa-219,bm25_cache,0.936252479341645,10.92400000197813,1585.87709999847,1597.7373524797897,one shared preloaded model
conv-43-qa-220,bm25_cache,0.936252479341645,15.387499995995313,193.32020000001648,209.64395247535344,one shared preloaded model
conv-43-qa-221,bm25_cache,0.936252479341645,12.528500003099907,211.1559999975725,224.62075248001406,one shared preloaded model
conv-43-qa-222,bm25_cache,0.936252479341645,15.592900002957322,136.1479999977746,152.67715248007357,one shared preloaded model
conv-43-qa-223,bm25_cache,0.936252479341645,19.2758999983198,226.09319999901345,246.3053524766749,one shared preloaded model
conv-43-qa-224,bm25_cache,0.936252479341645,10.61160000244854,220.23430000263033,231.78215248442052,one shared preloaded model
conv-43-qa-225,bm25_cache,0.936252479341645,11.60840000375174,167.45120000268798,179.99585248578137,one shared preloaded model
conv-43-qa-226,bm25_cache,0.936252479341645,17.998900002567098,216.5318000043044,235.46695248621313,one shared preloaded model
conv-43-qa-227,bm25_cache,0.936252479341645,11.419999995268881,487.1888999987277,499.54515247333825,one shared preloaded model
conv-43-qa-228,bm25_cache,0.936252479341645,13.230699994892348,195.06410000030883,209.23105247454282,one shared preloaded model
conv-43-qa-229,bm25_cache,0.936252479341645,12.748900000588037,189.49350000184495,203.17865248177463,one shared preloaded model
conv-43-qa-230,bm25_cache,0.936252479341645,15.317299999878742,213.8764999981504,230.13005247737078,one shared preloaded model
conv-43-qa-231,bm25_cache,0.936252479341645,11.98850000218954,183.9137999995728,196.838552481104,one shared preloaded model
conv-43-qa-232,bm25_cache,0.936252479341645,14.386099996045232,228.5113000034471,243.83365247883398,one shared preloaded model
conv-43-qa-233,bm25_cache,0.936252479341645,14.319900001282804,248.0453000025591,263.30145248318354,one shared preloaded model
conv-43-qa-234,bm25_cache,0.936252479341645,10.208100000454579,103.64530000515515,114.78965248495138,one shared preloaded model
conv-43-qa-235,bm25_cache,0.936252479341645,18.65179999731481,216.68119999958435,236.2692524762408,one shared preloaded model
conv-43-qa-236,bm25_cache,0.936252479341645,14.649400000052992,229.16129999794066,244.7469524773353,one shared preloaded model
conv-43-qa-237,bm25_cache,0.936252479341645,11.013199997250922,308.939399998053,320.88885247464555,one shared preloaded model
conv-43-qa-238,bm25_cache,0.936252479341645,15.47009999922011,219.2947000003187,235.70105247888046,one shared preloaded model
conv-43-qa-239,bm25_cache,0.936252479341645,10.714299998653587,217.61130000231788,229.2618524803131,one shared preloaded model
conv-43-qa-240,bm25_cache,0.936252479341645,13.003499996557366,217.25519999745302,231.19495247335203,one shared preloaded model
conv-43-qa-241,bm25_cache,0.936252479341645,10.779199998069089,221.636899994337,233.35235247174774,one shared preloaded model
conv-44-qa-0,bm25_cache,1.3671411392743158,15.775899999425747,206.65789999475237,223.80094113345243,one shared preloaded model
conv-44-qa-1,bm25_cache,1.3671411392743158,11.086799997428898,505.73889999941457,518.1928411361177,one shared preloaded model
conv-44-qa-2,bm25_cache,1.3671411392743158,10.318000000552274,217.77819999988424,229.46334113971082,one shared preloaded model
conv-44-qa-3,bm25_cache,1.3671411392743158,13.782100002572406,220.21849999873666,235.36774114058338,one shared preloaded model
conv-44-qa-4,bm25_cache,1.3671411392743158,11.723800002073403,503.19309999758843,516.2840411389361,one shared preloaded model
conv-44-qa-5,bm25_cache,1.3671411392743158,14.210900000762194,461.2612999990233,476.83934113905985,one shared preloaded model
conv-44-qa-6,bm25_cache,1.3671411392743158,14.096800005063415,186.24840000120457,201.7123411455423,one shared preloaded model
conv-44-qa-7,bm25_cache,1.3671411392743158,12.198500000522472,222.2260999988066,235.79174113860338,one shared preloaded model
conv-44-qa-8,bm25_cache,1.3671411392743158,10.672199998225551,220.84130000439472,232.88064114189459,one shared preloaded model
conv-44-qa-9,bm25_cache,1.3671411392743158,11.212799996428657,227.58759999851463,240.1675411342176,one shared preloaded model
conv-44-qa-10,bm25_cache,1.3671411392743158,11.110399995232001,500.09270000009565,512.5702411346019,one shared preloaded model
conv-44-qa-11,bm25_cache,1.3671411392743158,13.686500002222601,501.13129999954253,516.1849411410394,one shared preloaded model
conv-44-qa-12,bm25_cache,1.3671411392743158,12.010299993562512,145.32260000123642,158.70004113407325,one shared preloaded model
conv-44-qa-13,bm25_cache,1.3671411392743158,17.164500000944827,334.7271000020555,353.2587411422747,one shared preloaded model
conv-44-qa-14,bm25_cache,1.3671411392743158,14.619400004448835,232.4767999962205,248.46334113994365,one shared preloaded model
conv-44-qa-15,bm25_cache,1.3671411392743158,11.121600000478793,225.81089999584947,238.29964113560257,one shared preloaded model
conv-44-qa-16,bm25_cache,1.3671411392743158,12.371400000120047,468.6184000020148,482.3569411414092,one shared preloaded model
conv-44-qa-17,bm25_cache,1.3671411392743158,14.757400000235066,199.22670000232756,215.35124114183694,one shared preloaded model
conv-44-qa-18,bm25_cache,1.3671411392743158,12.139800004661083,214.93710000504507,228.44404114898046,one shared preloaded model
conv-44-qa-19,bm25_cache,1.3671411392743158,15.204399998765439,231.646100000944,248.21764113898374,one shared preloaded model
conv-44-qa-20,bm25_cache,1.3671411392743158,10.20530000096187,212.4956999978167,224.06814113805288,one shared preloaded model
conv-44-qa-21,bm25_cache,1.3671411392743158,9.99489999958314,218.85750000365078,230.21954114250823,one shared preloaded model
conv-44-qa-22,bm25_cache,1.3671411392743158,10.04079999984242,220.91489999729674,232.32284113641347,one shared preloaded model
conv-44-qa-23,bm25_cache,1.3671411392743158,10.486899998795707,225.28869999950984,237.14274113757986,one shared preloaded model
conv-44-qa-24,bm25_cache,1.3671411392743158,10.177900003327522,215.73429999989457,227.2793411424964,one shared preloaded model
conv-44-qa-25,bm25_cache,1.3671411392743158,12.568799997097813,506.4341000033892,520.3700411397613,one shared preloaded model
conv-44-qa-26,bm25_cache,1.3671411392743158,10.82499999756692,223.9899999985937,236.18214113543493,one shared preloaded model
conv-44-qa-27,bm25_cache,1.3671411392743158,11.18270000006305,204.4596999985515,217.00954113788887,one shared preloaded model
conv-44-qa-28,bm25_cache,1.3671411392743158,10.417199999210425,223.35089999978663,235.13524113827137,one shared preloaded model
conv-44-qa-29,bm25_cache,1.3671411392743158,10.354400001233444,266.11270000285003,277.8342411433578,one shared preloaded model
conv-44-qa-30,bm25_cache,1.3671411392743158,10.766999999759719,459.75000000180444,471.8841411408385,one shared preloaded model
conv-44-qa-31,bm25_cache,1.3671411392743158,10.015099993324839,196.1793000009493,207.56154113354845,one shared preloaded model
conv-44-qa-32,bm25_cache,1.3671411392743158,13.88310000038473,251.9003999987035,267.1506411383626,one shared preloaded model
conv-44-qa-33,bm25_cache,1.3671411392743158,13.367600004130509,255.25609999749577,269.9908411409006,one shared preloaded model
conv-44-qa-34,bm25_cache,1.3671411392743158,14.04710000497289,226.70660000585485,242.12084115010205,one shared preloaded model
conv-44-qa-35,bm25_cache,1.3671411392743158,10.090299998410046,288.58369999943534,300.0411411371197,one shared preloaded model
conv-44-qa-36,bm25_cache,1.3671411392743158,13.992499996675178,221.40629999921657,236.76594113516606,one shared preloaded model
conv-44-qa-37,bm25_cache,1.3671411392743158,11.83840000157943,499.836700000742,513.0422411415957,one shared preloaded model
conv-44-qa-38,bm25_cache,1.3671411392743158,10.358100000303239,525.5688999968697,537.2941411364473,one shared preloaded model
conv-44-qa-39,bm25_cache,1.3671411392743158,10.48629999422701,225.03230000438634,236.88574113788766,one shared preloaded model
conv-44-qa-40,bm25_cache,1.3671411392743158,15.271299998858012,171.29099999874597,187.9294411368783,one shared preloaded model
conv-44-qa-41,bm25_cache,1.3671411392743158,17.08840000355849,679.0178000010201,697.4733411438528,one shared preloaded model
conv-44-qa-42,bm25_cache,1.3671411392743158,10.492399997019675,216.37919999920996,228.23874113550394,one shared preloaded model
conv-44-qa-43,bm25_cache,1.3671411392743158,10.399600003438536,174.02160000347067,185.7883411461835,one shared preloaded model
conv-44-qa-44,bm25_cache,1.3671411392743158,10.247899997921195,192.1306999938679,203.7457411310634,one shared preloaded model
conv-44-qa-45,bm25_cache,1.3671411392743158,11.14660000166623,228.07530000136467,240.5890411423052,one shared preloaded model
conv-44-qa-46,bm25_cache,1.3671411392743158,14.15679999627173,212.231099998462,227.75504113400805,one shared preloaded model
conv-44-qa-47,bm25_cache,1.3671411392743158,10.437099997943733,165.40489999897545,177.2091411361935,one shared preloaded model
conv-44-qa-48,bm25_cache,1.3671411392743158,16.984099995170254,201.58200000150828,219.93324113595284,one shared preloaded model
conv-44-qa-49,bm25_cache,1.3671411392743158,11.688599995977711,238.06530000001658,251.1210411352686,one shared preloaded model
conv-44-qa-50,bm25_cache,1.3671411392743158,14.19309999619145,244.7489000041969,260.3091411396627,one shared preloaded model
conv-44-qa-51,bm25_cache,1.3671411392743158,13.508399999409448,178.1498999989708,193.02544113765455,one shared preloaded model
conv-44-qa-52,bm25_cache,1.3671411392743158,19.265899994934443,403.58109999942826,424.21414113363704,one shared preloaded model
conv-44-qa-53,bm25_cache,1.3671411392743158,12.29810000222642,201.2539999996079,214.91924114110864,one shared preloaded model
conv-44-qa-54,bm25_cache,1.3671411392743158,14.675699996587355,665.6960999971488,681.7389411330105,one shared preloaded model
conv-44-qa-55,bm25_cache,1.3671411392743158,14.396300000953488,197.73710000299616,213.50054114322396,one shared preloaded model
conv-44-qa-56,bm25_cache,1.3671411392743158,10.673400000086986,200.16279999981634,212.20334113917764,one shared preloaded model
conv-44-qa-57,bm25_cache,1.3671411392743158,11.406899997382425,218.29159999469994,231.06564113135667,one shared preloaded model
conv-44-qa-58,bm25_cache,1.3671411392743158,13.942099998530466,197.85160000174074,213.1608411395455,one shared preloaded model
conv-44-qa-59,bm25_cache,1.3671411392743158,10.706300003221259,205.1190999991377,217.19254114163326,one shared preloaded model
conv-44-qa-60,bm25_cache,1.3671411392743158,9.798200000659563,180.18880000454374,191.3541411444776,one shared preloaded model
conv-44-qa-61,bm25_cache,1.3671411392743158,17.136100002971943,232.35790000035195,250.8611411425982,one shared preloaded model
conv-44-qa-62,bm25_cache,1.3671411392743158,14.562900003511459,617.091200001596,633.0212411443817,one shared preloaded model
conv-44-qa-63,bm25_cache,1.3671411392743158,10.783800003991928,510.77389999409206,522.9248411373583,one shared preloaded model
conv-44-qa-64,bm25_cache,1.3671411392743158,15.015700002550147,161.4354999983334,177.81834114015786,one shared preloaded model
conv-44-qa-65,bm25_cache,1.3671411392743158,15.211400001135189,353.16749999765307,369.7460411380626,one shared preloaded model
conv-44-qa-66,bm25_cache,1.3671411392743158,15.816300001461059,138.66910000069765,155.85254114143302,one shared preloaded model
conv-44-qa-67,bm25_cache,1.3671411392743158,18.21870000276249,243.07250000128988,262.6583411433267,one shared preloaded model
conv-44-qa-68,bm25_cache,1.3671411392743158,10.416699995403178,303.52359999960754,315.30744113428506,one shared preloaded model
conv-44-qa-69,bm25_cache,1.3671411392743158,10.2852999989409,217.98600000329316,229.63844114150837,one shared preloaded model
conv-44-qa-70,bm25_cache,1.3671411392743158,15.353100003267173,174.15539999637986,190.87564113892134,one shared preloaded model
conv-44-qa-71,bm25_cache,1.3671411392743158,18.17740000115009,214.96640000259504,234.51094114301944,one shared preloaded model
conv-44-qa-72,bm25_cache,1.3671411392743158,11.658199997327756,842.1396999983699,855.165041134972,one shared preloaded model
conv-44-qa-73,bm25_cache,1.3671411392743158,11.20449999871198,223.70650000084424,236.27814113883053,one shared preloaded model
conv-44-qa-74,bm25_cache,1.3671411392743158,10.416299999633338,184.7150999965379,196.49854113544555,one shared preloaded model
conv-44-qa-75,bm25_cache,1.3671411392743158,16.21980000345502,212.1469999983674,229.73394114109672,one shared preloaded model
conv-44-qa-76,bm25_cache,1.3671411392743158,11.681800002406817,384.8658000060823,397.91474114776344,one shared preloaded model
conv-44-qa-77,bm25_cache,1.3671411392743158,10.661000000254717,673.6187999995309,685.6469411390599,one shared preloaded model
conv-44-qa-78,bm25_cache,1.3671411392743158,15.164299999014474,277.522799995495,294.0542411337838,one shared preloaded model
conv-44-qa-79,bm25_cache,1.3671411392743158,10.675999998056795,177.1154000016395,189.1585411389706,one shared preloaded model
conv-44-qa-80,bm25_cache,1.3671411392743158,18.948599994473625,1440.758700002334,1461.074441136082,one shared preloaded model
conv-44-qa-81,bm25_cache,1.3671411392743158,16.507299995282665,201.0344999944209,218.9089411289779,one shared preloaded model
conv-44-qa-82,bm25_cache,1.3671411392743158,13.921900004788768,122.66339999769116,137.95244114175424,one shared preloaded model
conv-44-qa-83,bm25_cache,1.3671411392743158,17.670699999143835,373.5995000024559,392.63734114087407,one shared preloaded model
conv-44-qa-84,bm25_cache,1.3671411392743158,10.839700000360608,221.1821000018972,233.38894114153211,one shared preloaded model
conv-44-qa-85,bm25_cache,1.3671411392743158,10.972900003253017,145.15379999647848,157.4938411390058,one shared preloaded model
conv-44-qa-86,bm25_cache,1.3671411392743158,17.578600003616884,224.6266000001924,243.5723411430836,one shared preloaded model
conv-44-qa-87,bm25_cache,1.3671411392743158,11.255099998379592,212.61040000536013,225.23264114301404,one shared preloaded model
conv-44-qa-88,bm25_cache,1.3671411392743158,11.77309999911813,818.349399996805,831.4896411351974,one shared preloaded model
conv-44-qa-89,bm25_cache,1.3671411392743158,14.297699999588076,355.74910000286764,371.41394114173005,one shared preloaded model
conv-44-qa-90,bm25_cache,1.3671411392743158,10.426699998788536,231.79019999952288,243.58404113758573,one shared preloaded model
conv-44-qa-91,bm25_cache,1.3671411392743158,12.57209999312181,1057.896400001482,1071.8356411338782,one shared preloaded model
conv-44-qa-92,bm25_cache,1.3671411392743158,14.217100004316308,1057.9867999986163,1073.571041142207,one shared preloaded model
conv-44-qa-93,bm25_cache,1.3671411392743158,14.840700001514051,510.417099998449,526.6249411392373,one shared preloaded model
conv-44-qa-94,bm25_cache,1.3671411392743158,10.114899996551685,660.7101999979932,672.1922411338192,one shared preloaded model
conv-44-qa-95,bm25_cache,1.3671411392743158,10.557299996435177,208.34350000222912,220.2679411379386,one shared preloaded model
conv-44-qa-96,bm25_cache,1.3671411392743158,14.022000003024004,205.16779999888968,220.556941141188,one shared preloaded model
conv-44-qa-97,bm25_cache,1.3671411392743158,10.266500001307577,417.673999996623,429.30764113720494,one shared preloaded model
conv-44-qa-98,bm25_cache,1.3671411392743158,10.428599998704158,164.5829000044614,176.37864114243988,one shared preloaded model
conv-44-qa-99,bm25_cache,1.3671411392743158,17.98899999994319,1101.3333999944734,1120.689541133691,one shared preloaded model
conv-44-qa-100,bm25_cache,1.3671411392743158,10.805099998833612,210.59560000139754,222.76784113950546,one shared preloaded model
conv-44-qa-101,bm25_cache,1.3671411392743158,11.217500003112946,196.98979999520816,209.57444113759541,one shared preloaded model
conv-44-qa-102,bm25_cache,1.3671411392743158,11.849100003018975,461.8842999989283,475.10054114122164,one shared preloaded model
conv-44-qa-103,bm25_cache,1.3671411392743158,10.264900003676303,162.17260000121314,173.80464114416375,one shared preloaded model
conv-44-qa-104,bm25_cache,1.3671411392743158,17.232199999853037,168.20829999778653,186.80764113691387,one shared preloaded model
conv-44-qa-105,bm25_cache,1.3671411392743158,16.814800001156982,194.03580000653164,212.21774114696294,one shared preloaded model
conv-44-qa-106,bm25_cache,1.3671411392743158,13.703199998417404,139.00960000319174,154.07994114088345,one shared preloaded model
conv-44-qa-107,bm25_cache,1.3671411392743158,17.089900000428315,292.78200000408106,311.2390411437837,one shared preloaded model
conv-44-qa-108,bm25_cache,1.3671411392743158,14.110900003288407,220.78310000506463,236.26114114762734,one shared preloaded model
conv-44-qa-109,bm25_cache,1.3671411392743158,10.38929999776883,207.7320000025793,219.48844113962244,one shared preloaded model
conv-44-qa-110,bm25_cache,1.3671411392743158,12.017900000500958,318.95559999975376,332.34064113952905,one shared preloaded model
conv-44-qa-111,bm25_cache,1.3671411392743158,14.40790000197012,191.73549999686657,207.510541138111,one shared preloaded model
conv-44-qa-112,bm25_cache,1.3671411392743158,10.201400000369176,130.33619999623625,141.90474113587973,one shared preloaded model
conv-44-qa-113,bm25_cache,1.3671411392743158,18.386600000667386,121.96949999633944,141.72324113628113,one shared preloaded model
conv-44-qa-114,bm25_cache,1.3671411392743158,13.98900000640424,157.77930000331253,173.13544114899108,one shared preloaded model
conv-44-qa-115,bm25_cache,1.3671411392743158,13.315999996848404,579.1577999989386,593.8409411350613,one shared preloaded model
conv-44-qa-116,bm25_cache,1.3671411392743158,9.988500001782086,204.95739999751095,216.31304113856734,one shared preloaded model
conv-44-qa-117,bm25_cache,1.3671411392743158,13.27599999785889,208.06620000075782,222.70934113789102,one shared preloaded model
conv-44-qa-118,bm25_cache,1.3671411392743158,11.256499994487967,177.07789999985835,189.70154113362062,one shared preloaded model
conv-44-qa-119,bm25_cache,1.3671411392743158,17.443400000047404,344.1002999970806,362.9108411364023,one shared preloaded model
conv-44-qa-120,bm25_cache,1.3671411392743158,14.295699998911005,562.0267999984208,577.689641136606,one shared preloaded model
conv-44-qa-121,bm25_cache,1.3671411392743158,14.28719999967143,365.7999999995809,381.4543411385267,one shared preloaded model
conv-44-qa-122,bm25_cache,1.3671411392743158,12.730400005239062,205.47809999698075,219.57564114149412,one shared preloaded model
conv-44-qa-123,bm25_cache,1.3671411392743158,12.123200001951773,223.46900000411551,236.9593411453416,one shared preloaded model
conv-44-qa-124,bm25_cache,1.3671411392743158,11.943099998461548,233.37929999979679,246.68954113753264,one shared preloaded model
conv-44-qa-125,bm25_cache,1.3671411392743158,15.184099996986333,204.4772000008379,221.02844113709855,one shared preloaded model
conv-44-qa-126,bm25_cache,1.3671411392743158,10.385100002167746,210.80880000226898,222.56104114371104,one shared preloaded model
conv-44-qa-127,bm25_cache,1.3671411392743158,10.04740000644233,203.31839999562362,214.73294114134026,one shared preloaded model
conv-44-qa-128,bm25_cache,1.3671411392743158,11.144900003273506,164.03040000295732,176.54244114550514,one shared preloaded model
conv-44-qa-129,bm25_cache,1.3671411392743158,17.83360000263201,218.4759000010672,237.67664114297352,one shared preloaded model
conv-44-qa-130,bm25_cache,1.3671411392743158,10.29230000131065,231.27979999844683,242.9392411390318,one shared preloaded model
conv-44-qa-131,bm25_cache,1.3671411392743158,10.697000005166046,214.1736000048695,226.23774114930987,one shared preloaded model
conv-44-qa-132,bm25_cache,1.3671411392743158,11.124399999971502,654.60379999422,667.0953411334658,one shared preloaded model
conv-44-qa-133,bm25_cache,1.3671411392743158,14.726800000062212,230.06429999804823,246.15824113738475,one shared preloaded model
conv-44-qa-134,bm25_cache,1.3671411392743158,12.128499998652842,111.2208999984432,124.71654113637035,one shared preloaded model
conv-44-qa-135,bm25_cache,1.3671411392743158,17.438700000639074,449.0998000037507,467.9056411436641,one shared preloaded model
conv-44-qa-136,bm25_cache,1.3671411392743158,10.468699998455122,228.5942000016803,240.43004113940972,one shared preloaded model
conv-44-qa-137,bm25_cache,1.3671411392743158,11.86329999472946,219.93559999827994,233.1660411322837,one shared preloaded model
conv-44-qa-138,bm25_cache,1.3671411392743158,10.406999994302168,336.301999996067,348.07614112964353,one shared preloaded model
conv-44-qa-139,bm25_cache,1.3671411392743158,10.563299998466391,219.96750000107568,231.89794113881638,one shared preloaded model
conv-44-qa-140,bm25_cache,1.3671411392743158,10.71840000076918,1131.7950999946333,1143.8806411346768,one shared preloaded model
conv-44-qa-141,bm25_cache,1.3671411392743158,14.101900000241585,515.5831999945804,531.0522411340962,one shared preloaded model
conv-44-qa-142,bm25_cache,1.3671411392743158,13.898800003516953,221.5317000009236,236.79764114371486,one shared preloaded model
conv-44-qa-143,bm25_cache,1.3671411392743158,12.019599998893682,213.13690000533825,226.52364114350624,one shared preloaded model
conv-44-qa-144,bm25_cache,1.3671411392743158,10.150000001885928,216.56390000134706,228.0810411425073,one shared preloaded model
conv-44-qa-145,bm25_cache,1.3671411392743158,11.706400000548456,220.81100000650622,233.88454114632898,one shared preloaded model
conv-44-qa-146,bm25_cache,1.3671411392743158,11.06430000072578,466.9807000027504,479.4121411427505,one shared preloaded model
conv-44-qa-147,bm25_cache,1.3671411392743158,13.601699996797834,188.50229999952717,203.4711411355993,one shared preloaded model
conv-44-qa-148,bm25_cache,1.3671411392743158,11.167500000738073,818.7589000008302,831.2935411408425,one shared preloaded model
conv-44-qa-149,bm25_cache,1.3671411392743158,11.489999997138511,350.5507999943802,363.40794113079306,one shared preloaded model
conv-44-qa-150,bm25_cache,1.3671411392743158,15.04900000145426,155.33850000065286,171.75464114138143,one shared preloaded model
conv-44-qa-151,bm25_cache,1.3671411392743158,16.79139999760082,213.7046999996528,231.86324113652793,one shared preloaded model
conv-44-qa-152,bm25_cache,1.3671411392743158,10.01890000043204,206.80300000094576,218.1890411406521,one shared preloaded model
conv-44-qa-153,bm25_cache,1.3671411392743158,11.71769999928074,225.27139999874635,238.3562411373014,one shared preloaded model
conv-44-qa-154,bm25_cache,1.3671411392743158,11.405800003558397,300.3977999978815,313.17074114071426,one shared preloaded model
conv-44-qa-155,bm25_cache,1.3671411392743158,12.197900003229734,217.47370000230148,231.03874114480553,one shared preloaded model
conv-44-qa-156,bm25_cache,1.3671411392743158,12.4162000065553,216.06189999874914,229.84524114457875,one shared preloaded model
conv-44-qa-157,bm25_cache,1.3671411392743158,10.63859999703709,226.08849999960512,238.09424113591652,one shared preloaded model
conv-47-qa-0,bm25_cache,1.125594736827464,17.03799999813782,206.28440000291448,224.44799473787975,one shared preloaded model
conv-47-qa-1,bm25_cache,1.125594736827464,10.168499997234903,214.26619999692775,225.5602947309901,one shared preloaded model
conv-47-qa-2,bm25_cache,1.125594736827464,10.049899996374734,221.84569999808446,233.02119473128664,one shared preloaded model
conv-47-qa-3,bm25_cache,1.125594736827464,10.054899998067413,103.76559999713209,114.94609473202696,one shared preloaded model
conv-47-qa-4,bm25_cache,1.125594736827464,17.310199997154996,169.7308999937377,188.16669472772014,one shared preloaded model
conv-47-qa-5,bm25_cache,1.125594736827464,16.879100003279746,174.39520000334596,192.39989474345316,one shared preloaded model
conv-47-qa-6,bm25_cache,1.125594736827464,17.053700001270045,224.66300000087358,242.84229473897108,one shared preloaded model
conv-47-qa-7,bm25_cache,1.125594736827464,10.766600003989879,198.45419999910519,210.34639473992252,one shared preloaded model
conv-47-qa-8,bm25_cache,1.125594736827464,11.403600001358427,209.4758000021102,222.00499474029607,one shared preloaded model
conv-47-qa-9,bm25_cache,1.125594736827464,13.479699999152217,207.0326000030036,221.63789473898328,one shared preloaded model
conv-47-qa-10,bm25_cache,1.125594736827464,13.276100005896296,313.5829000020749,327.98459474479864,one shared preloaded model
conv-47-qa-11,bm25_cache,1.125594736827464,11.59159999951953,224.9496000004001,237.66679473674708,one shared preloaded model
conv-47-qa-12,bm25_cache,1.125594736827464,13.651900000695605,226.61240000161342,241.38989473913648,one shared preloaded model
conv-47-qa-13,bm25_cache,1.125594736827464,9.805800000322051,309.9071999968146,320.8385947339641,one shared preloaded model
conv-47-qa-14,bm25_cache,1.125594736827464,14.351999998325482,495.26179999520537,510.7393947303583,one shared preloaded model
conv-47-qa-15,bm25_cache,1.125594736827464,14.37889999942854,209.85120000113966,225.35569473739565,one shared preloaded model
conv-47-qa-16,bm25_cache,1.125594736827464,12.245600002643187,347.5451999984216,360.91639473789223,one shared preloaded model
conv-47-qa-17,bm25_cache,1.125594736827464,15.125500001886394,221.46709999651648,237.71819473523033,one shared preloaded model
conv-47-qa-18,bm25_cache,1.125594736827464,10.186599996814039,208.48380000097677,219.79599473461826,one shared preloaded model
conv-47-qa-19,bm25_cache,1.125594736827464,13.06990000011865,185.95579999964684,200.15129473659294,one shared preloaded model
conv-47-qa-20,bm25_cache,1.125594736827464,12.790399996447377,104.32109999965178,118.23709473292662,one shared preloaded model
conv-47-qa-21,bm25_cache,1.125594736827464,17.6114999994752,211.14220000163186,229.87929473793452,one shared preloaded model
conv-47-qa-22,bm25_cache,1.125594736827464,10.305899995728396,213.92480000213254,225.3562947346884,one shared preloaded model
conv-47-qa-23,bm25_cache,1.125594736827464,10.24650000181282,495.6211999960942,506.9932947347345,one shared preloaded model
conv-47-qa-24,bm25_cache,1.125594736827464,10.021900001447648,202.75589999801014,213.90339473628524,one shared preloaded model
conv-47-qa-25,bm25_cache,1.125594736827464,10.712099996453617,83.26019999367418,95.09789472695526,one shared preloaded model
conv-47-qa-26,bm25_cache,1.125594736827464,17.0529999959399,215.27749999950174,233.4560947322691,one shared preloaded model
conv-47-qa-27,bm25_cache,1.125594736827464,9.788399998797104,179.65279999771155,190.5667947333361,one shared preloaded model
conv-47-qa-28,bm25_cache,1.125594736827464,13.892200004193,462.2300999981235,477.24789473914393,one shared preloaded model
conv-47-qa-29,bm25_cache,1.125594736827464,10.903300004429184,216.67560000059893,228.70449474185557,one shared preloaded model
conv-47-qa-30,bm25_cache,1.125594736827464,12.460199999623,150.09659999486757,163.68239473131803,one shared preloaded model
conv-47-qa-31,bm25_cache,1.125594736827464,17.626700006076135,222.6033999977517,241.35569474065528,one shared preloaded model
conv-47-qa-32,bm25_cache,1.125594736827464,10.23150000401074,204.38170000124956,215.73879474208775,one shared preloaded model
conv-47-qa-33,bm25_cache,1.125594736827464,15.525900002103299,201.8785999971442,218.53009473607494,one shared preloaded model
conv-47-qa-34,bm25_cache,1.125594736827464,13.56899999518646,145.60530000017025,160.29989473218416,one shared preloaded model
conv-47-qa-35,bm25_cache,1.125594736827464,12.327999997069128,108.97400000249036,122.42759473638695,one shared preloaded model
conv-47-qa-36,bm25_cache,1.125594736827464,16.619800000626128,216.4682999937213,234.21369473117488,one shared preloaded model
conv-47-qa-37,bm25_cache,1.125594736827464,11.546299996552989,455.84680000320077,468.5186947365812,one shared preloaded model
conv-47-qa-38,bm25_cache,1.125594736827464,13.53699999890523,663.0637999987812,677.7263947345139,one shared preloaded model
conv-47-qa-39,bm25_cache,1.125594736827464,13.60660000500502,219.72549999918556,234.45769474101803,one shared preloaded model
conv-47-qa-40,bm25_cache,1.125594736827464,11.612499998591375,211.4450000008219,224.18309473624072,one shared preloaded model
conv-47-qa-41,bm25_cache,1.125594736827464,9.936200003721751,196.45029999810504,207.51209473865424,one shared preloaded model
conv-47-qa-42,bm25_cache,1.125594736827464,10.420700004033279,474.3894999992335,485.93579474009425,one shared preloaded model
conv-47-qa-43,bm25_cache,1.125594736827464,13.457799999741837,502.5582000016584,517.1415947382277,one shared preloaded model
conv-47-qa-44,bm25_cache,1.125594736827464,11.468800003058277,198.37899999401998,210.9733947339057,one shared preloaded model
conv-47-qa-45,bm25_cache,1.125594736827464,11.744099996576551,130.99209999927552,143.86179473267953,one shared preloaded model
conv-47-qa-46,bm25_cache,1.125594736827464,16.622200004348997,498.8409999932628,516.5887947344393,one shared preloaded model
conv-47-qa-47,bm25_cache,1.125594736827464,13.990300001751166,466.8692999985069,481.9851947370855,one shared preloaded model
conv-47-qa-48,bm25_cache,1.125594736827464,14.447000001382548,476.8303999953787,492.4029947335887,one shared preloaded model
conv-47-qa-49,bm25_cache,1.125594736827464,13.396499998634681,212.3481000016909,226.87019473715304,one shared preloaded model
conv-47-qa-50,bm25_cache,1.125594736827464,9.838900004979223,469.5833000005223,480.54779474232896,one shared preloaded model
conv-47-qa-51,bm25_cache,1.125594736827464,14.392099998076446,215.48719999555033,231.00489473045423,one shared preloaded model
conv-47-qa-52,bm25_cache,1.125594736827464,10.401400002592709,231.63539999950444,243.1623947389246,one shared preloaded model
conv-47-qa-53,bm25_cache,1.125594736827464,13.039899997238535,227.18329999770503,241.34879473177102,one shared preloaded model
conv-47-qa-54,bm25_cache,1.125594736827464,13.601200000266545,917.5249999971129,932.2517947342069,one shared preloaded model
conv-47-qa-55,bm25_cache,1.125594736827464,11.40750000195112,792.1724999978323,804.7055947366109,one shared preloaded model
conv-47-qa-56,bm25_cache,1.125594736827464,13.10879999800818,189.67800000245916,203.9123947372948,one shared preloaded model
conv-47-qa-57,bm25_cache,1.125594736827464,13.601500002550893,459.73119999689516,474.4582947362735,one shared preloaded model
conv-47-qa-58,bm25_cache,1.125594736827464,13.4570000009262,474.8611000031815,489.44369474093514,one shared preloaded model
conv-47-qa-59,bm25_cache,1.125594736827464,13.644300001033116,493.9303999999538,508.7002947378144,one shared preloaded model
conv-47-qa-60,bm25_cache,1.125594736827464,13.95090000005439,218.2840000023134,233.36049473919525,one shared preloaded model
conv-47-qa-61,bm25_cache,1.125594736827464,11.150099999213126,204.25539999996545,216.53109473600603,one shared preloaded model
conv-47-qa-62,bm25_cache,1.125594736827464,11.09569999971427,208.12090000254102,220.34219473908274,one shared preloaded model
conv-47-qa-63,bm25_cache,1.125594736827464,12.209500004246365,462.46929999324493,475.80439473431875,one shared preloaded model
conv-47-qa-64,bm25_cache,1.125594736827464,10.140799997316208,226.89630000240868,238.16269473655234,one shared preloaded model
conv-47-qa-65,bm25_cache,1.125594736827464,11.900199999217875,301.21840000356315,314.2441947396085,one shared preloaded model
conv-47-qa-66,bm25_cache,1.125594736827464,13.81530000071507,450.89330000337213,465.83419474091465,one shared preloaded model
conv-47-qa-67,bm25_cache,1.125594736827464,10.652699995262083,216.74440000060713,228.52269473269666,one shared preloaded model
conv-47-qa-68,bm25_cache,1.125594736827464,12.8645000004326,194.32450000022072,208.31459473748077,one shared preloaded model
conv-47-qa-69,bm25_cache,1.125594736827464,10.01939999696333,210.51129999978002,221.6562947335708,one shared preloaded model
conv-47-qa-70,bm25_cache,1.125594736827464,11.75140000123065,210.9866000027978,223.8635947408559,one shared preloaded model
conv-47-qa-71,bm25_cache,1.125594736827464,11.828699993202463,210.7698999971035,223.7241947271334,one shared preloaded model
conv-47-qa-72,bm25_cache,1.125594736827464,12.711499999568332,218.92289999959758,232.75999473599336,one shared preloaded model
conv-47-qa-73,bm25_cache,1.125594736827464,14.266099999076687,193.2059999962803,208.59769473218444,one shared preloaded model
conv-47-qa-74,bm25_cache,1.125594736827464,14.676700004201848,192.08510000316892,207.88739474419822,one shared preloaded model
conv-47-qa-75,bm25_cache,1.125594736827464,10.925299997325055,213.14490000077058,225.19579473492308,one shared preloaded model
conv-47-qa-76,bm25_cache,1.125594736827464,11.619600001722574,370.01299999974435,382.7581947382944,one shared preloaded model
conv-47-qa-77,bm25_cache,1.125594736827464,10.442099999636412,218.50000000267755,230.06769473914142,one shared preloaded model
conv-47-qa-78,bm25_cache,1.125594736827464,10.006399999838322,219.93599999404978,231.06799473071555,one shared preloaded model
conv-47-qa-79,bm25_cache,1.125594736827464,13.881999999284744,145.77550000103656,160.78309473714876,one shared preloaded model
conv-47-qa-80,bm25_cache,1.125594736827464,15.267200004018378,426.7781000016839,443.17089474252975,one shared preloaded model
conv-47-qa-81,bm25_cache,1.125594736827464,14.663200003269594,1601.138300000457,1616.9270947405541,one shared preloaded model
conv-47-qa-82,bm25_cache,1.125594736827464,13.725199998589233,211.5260999999009,226.3768947353176,one shared preloaded model
conv-47-qa-83,bm25_cache,1.125594736827464,11.23360000201501,997.0975999967777,1009.4567947356202,one shared preloaded model
conv-47-qa-84,bm25_cache,1.125594736827464,15.134699999180157,214.15829999750713,230.41859473351474,one shared preloaded model
conv-47-qa-85,bm25_cache,1.125594736827464,11.38100000389386,166.38290000264533,178.88949474336664,one shared preloaded model
conv-47-qa-86,bm25_cache,1.125594736827464,14.834800000244286,183.0601999972714,199.02059473434315,one shared preloaded model
conv-47-qa-87,bm25_cache,1.125594736827464,17.034099997545127,201.48880000488134,219.64849473925392,one shared preloaded model
conv-47-qa-88,bm25_cache,1.125594736827464,10.058100000605918,187.9599000021699,199.14359473960326,one shared preloaded model
conv-47-qa-89,bm25_cache,1.125594736827464,15.126199999940582,335.9307999999146,352.18259473668263,one shared preloaded model
conv-47-qa-90,bm25_cache,1.125594736827464,11.561900006199721,301.3195000021369,314.0069947451641,one shared preloaded model
conv-47-qa-91,bm25_cache,1.125594736827464,13.841300002241042,257.62180000310764,272.58869474217613,one shared preloaded model
conv-47-qa-92,bm25_cache,1.125594736827464,10.387900001660455,199.94340000266675,211.45689474115466,one shared preloaded model
conv-47-qa-93,bm25_cache,1.125594736827464,14.009999998961575,95.29639999527717,110.43199473106621,one shared preloaded model
conv-47-qa-94,bm25_cache,1.125594736827464,12.38040000316687,216.67620000516763,230.18219474516195,one shared preloaded model
conv-47-qa-95,bm25_cache,1.125594736827464,12.1796000021277,209.82399999775225,223.1291947367074,one shared preloaded model
conv-47-qa-96,bm25_cache,1.125594736827464,11.815500001830515,212.71659999911208,225.65769473777004,one shared preloaded model
conv-47-qa-97,bm25_cache,1.125594736827464,10.26300000376068,208.9265999966301,220.31519473721823,one shared preloaded model
conv-47-qa-98,bm25_cache,1.125594736827464,10.339699998439755,330.40219999384135,341.86749472910856,one shared preloaded model
conv-47-qa-99,bm25_cache,1.125594736827464,14.056600004551001,441.13089999882504,456.3130947402035,one shared preloaded model
conv-47-qa-100,bm25_cache,1.125594736827464,14.829599997028708,110.9403000009479,126.89549473480407,one shared preloaded model
conv-47-qa-101,bm25_cache,1.125594736827464,17.67449999897508,205.01839999633376,223.8184947321363,one shared preloaded model
conv-47-qa-102,bm25_cache,1.125594736827464,10.322000001906417,595.2115000036429,606.6590947423767,one shared preloaded model
conv-47-qa-103,bm25_cache,1.125594736827464,14.637300002505071,148.51639999687904,164.27929473621157,one shared preloaded model
conv-47-qa-104,bm25_cache,1.125594736827464,16.927999997278675,111.04029999842169,129.09389473252781,one shared preloaded model
conv-47-qa-105,bm25_cache,1.125594736827464,17.356099997414276,468.84200000204146,487.3236947362832,one shared preloaded model
conv-47-qa-106,bm25_cache,1.125594736827464,10.145599997485988,605.0716000027023,616.3427947370158,one shared preloaded model
conv-47-qa-107,bm25_cache,1.125594736827464,13.314700001501478,320.63149999885354,335.0717947371825,one shared preloaded model
conv-47-qa-108,bm25_cache,1.125594736827464,10.227799997664988,219.64390000357525,230.9972947380677,one shared preloaded model
conv-47-qa-109,bm25_cache,1.125594736827464,11.653000001388136,748.1103999962215,760.8889947344371,one shared preloaded model
conv-47-qa-110,bm25_cache,1.125594736827464,13.691000000108033,120.02090000169119,134.83749473862667,one shared preloaded model
conv-47-qa-111,bm25_cache,1.125594736827464,16.835800000990275,405.23250000114786,423.1938947389656,one shared preloaded model
conv-47-qa-112,bm25_cache,1.125594736827464,12.361900000541937,129.8328000048059,143.3202947421753,one shared preloaded model
conv-47-qa-113,bm25_cache,1.125594736827464,17.100099998060614,211.67509999941103,229.9007947342991,one shared preloaded model
conv-47-qa-114,bm25_cache,1.125594736827464,10.534000000916421,249.470000002475,261.12959474021886,one shared preloaded model
conv-47-qa-115,bm25_cache,1.125594736827464,14.06239999778336,313.0133000013302,328.201294735941,one shared preloaded model
conv-47-qa-116,bm25_cache,1.125594736827464,13.85879999725148,100.41590000037104,115.40029473444999,one shared preloaded model
conv-47-qa-117,bm25_cache,1.125594736827464,17.455200002586935,431.52700000064215,450.10779474005653,one shared preloaded model
conv-47-qa-118,bm25_cache,1.125594736827464,14.217700001609046,85.12689999770373,100.47019473614024,one shared preloaded model
conv-47-qa-119,bm25_cache,1.125594736827464,17.090299996198155,575.6536000044434,593.869494737469,one shared preloaded model
conv-47-qa-120,bm25_cache,1.125594736827464,14.243399993574712,186.00720000540605,201.3761947358082,one shared preloaded model
conv-47-qa-121,bm25_cache,1.125594736827464,12.158200006524567,174.5770999987144,187.86089474206642,one shared preloaded model
conv-47-qa-122,bm25_cache,1.125594736827464,17.15219999459805,170.07900000317022,188.35679473459572,one shared preloaded model
conv-47-qa-123,bm25_cache,1.125594736827464,18.624299998919014,164.2890000002808,184.03889473602726,one shared preloaded model
conv-47-qa-124,bm25_cache,1.125594736827464,16.236499999649823,558.6957999985316,576.0578947350089,one shared preloaded model
conv-47-qa-125,bm25_cache,1.125594736827464,14.351500001794193,227.654900001653,243.13199474027465,one shared preloaded model
conv-47-qa-126,bm25_cache,1.125594736827464,10.858499997993931,207.25600000150735,219.24009473632873,one shared preloaded model
conv-47-qa-127,bm25_cache,1.125594736827464,10.283999996318016,214.0274999983376,225.43709473148306,one shared preloaded model
conv-47-qa-128,bm25_cache,1.125594736827464,12.312699996982701,205.52699999825563,218.9652947320658,one shared preloaded model
conv-47-qa-129,bm25_cache,1.125594736827464,9.905999999318738,525.5010999972001,536.5326947333463,one shared preloaded model
conv-47-qa-130,bm25_cache,1.125594736827464,14.653799997176975,161.01519999938319,176.7945947333876,one shared preloaded model
conv-47-qa-131,bm25_cache,1.125594736827464,15.539799998805393,127.10450000304263,143.76989473867548,one shared preloaded model
conv-47-qa-132,bm25_cache,1.125594736827464,17.174300002807286,433.2891000012751,451.5889947409098,one shared preloaded model
conv-47-qa-133,bm25_cache,1.125594736827464,14.148400005069561,106.93460000038613,122.20859474228315,one shared preloaded model
conv-47-qa-134,bm25_cache,1.125594736827464,12.2717999984161,221.20519999589305,234.6025947311366,one shared preloaded model
conv-47-qa-135,bm25_cache,1.125594736827464,11.466600000858307,207.70379999885336,220.29599473653911,one shared preloaded model
conv-47-qa-136,bm25_cache,1.125594736827464,14.4466999990982,535.962499998277,551.5347947342027,one shared preloaded model
conv-47-qa-137,bm25_cache,1.125594736827464,14.85530000354629,192.9896000001463,208.97049474052005,one shared preloaded model
conv-47-qa-138,bm25_cache,1.125594736827464,10.421099999803118,356.14950000308454,367.6961947397151,one shared preloaded model
conv-47-qa-139,bm25_cache,1.125594736827464,12.349100004939828,1598.2214999967255,1611.6961947384927,one shared preloaded model
conv-47-qa-140,bm25_cache,1.125594736827464,14.203999999153893,223.96630000002915,239.2958947360105,one shared preloaded model
conv-47-qa-141,bm25_cache,1.125594736827464,10.43529999878956,215.96819999831496,227.52909473393197,one shared preloaded model
conv-47-qa-142,bm25_cache,1.125594736827464,10.518499999307096,294.3355999959749,305.97969473210946,one shared preloaded model
conv-47-qa-143,bm25_cache,1.125594736827464,13.91460000013467,178.90060000354424,193.94079474050636,one shared preloaded model
conv-47-qa-144,bm25_cache,1.125594736827464,14.107099996181205,211.19989999715472,226.43259473016337,one shared preloaded model
conv-47-qa-145,bm25_cache,1.125594736827464,10.33610000013141,411.2075000011828,422.66919473814164,one shared preloaded model
conv-47-qa-146,bm25_cache,1.125594736827464,10.649499999999534,237.4056999979075,249.1807947347345,one shared preloaded model
conv-47-qa-147,bm25_cache,1.125594736827464,11.039299999538343,192.12179999885848,204.28669473522427,one shared preloaded model
conv-47-qa-148,bm25_cache,1.125594736827464,11.632599998847581,945.2479000028688,958.0060947385439,one shared preloaded model
conv-47-qa-149,bm25_cache,1.125594736827464,13.850100003764965,141.2322000032873,156.2078947438797,one shared preloaded model
conv-47-qa-150,bm25_cache,1.125594736827464,16.81090000056429,207.5713000012911,225.50779473868283,one shared preloaded model
conv-47-qa-151,bm25_cache,1.125594736827464,10.409299997263588,139.6323000008124,151.16719473490343,one shared preloaded model
conv-47-qa-152,bm25_cache,1.125594736827464,17.377299998770468,213.12130000296747,231.6241947385654,one shared preloaded model
conv-47-qa-153,bm25_cache,1.125594736827464,9.875299998384435,203.51279999886174,214.51369473407362,one shared preloaded model
conv-47-qa-154,bm25_cache,1.125594736827464,12.955300000612624,220.00360000674846,234.08449474418853,one shared preloaded model
conv-47-qa-155,bm25_cache,1.125594736827464,12.497399999119807,340.1789999988978,353.80199473484504,one shared preloaded model
conv-47-qa-156,bm25_cache,1.125594736827464,10.750800000096206,217.76699999463744,229.6433947315611,one shared preloaded model
conv-47-qa-157,bm25_cache,1.125594736827464,11.257099999056663,199.08030000078725,211.46299473667136,one shared preloaded model
conv-47-qa-158,bm25_cache,1.125594736827464,10.635300001013093,197.93480000225827,209.69569474009882,one shared preloaded model
conv-47-qa-159,bm25_cache,1.125594736827464,11.557400001038332,206.8656000046758,219.54859474254158,one shared preloaded model
conv-47-qa-160,bm25_cache,1.125594736827464,10.032400001364294,285.8862000066438,297.0441947448355,one shared preloaded model
conv-47-qa-161,bm25_cache,1.125594736827464,14.616699998441618,222.61189999699127,238.35419473226034,one shared preloaded model
conv-47-qa-162,bm25_cache,1.125594736827464,12.088999996194616,765.3095999994548,778.5241947324769,one shared preloaded model
conv-47-qa-163,bm25_cache,1.125594736827464,14.875499997287989,177.63299999933224,193.63409473344768,one shared preloaded model
conv-47-qa-164,bm25_cache,1.125594736827464,17.327699999441393,200.42239999747835,218.8756947337472,one shared preloaded model
conv-47-qa-165,bm25_cache,1.125594736827464,10.036699997726828,214.3794000003254,225.54169473487968,one shared preloaded model
conv-47-qa-166,bm25_cache,1.125594736827464,10.0897999946028,214.0413000015542,225.25669473298444,one shared preloaded model
conv-47-qa-167,bm25_cache,1.125594736827464,10.534199995163362,209.71579999604728,221.3755947280381,one shared preloaded model
conv-47-qa-168,bm25_cache,1.125594736827464,11.002500003087334,206.7659000022104,218.8939947421252,one shared preloaded model
conv-47-qa-169,bm25_cache,1.125594736827464,12.299999994866084,629.0029000010691,642.4284947327626,one shared preloaded model
conv-47-qa-170,bm25_cache,1.125594736827464,13.672900000528898,294.14060000272,308.93909474007637,one shared preloaded model
conv-47-qa-171,bm25_cache,1.125594736827464,13.520900000003166,210.1357000065036,224.78219474333423,one shared preloaded model
conv-47-qa-172,bm25_cache,1.125594736827464,10.358399995311629,206.54139999533072,218.0253947274698,one shared preloaded model
conv-47-qa-173,bm25_cache,1.125594736827464,13.63419999688631,187.87180000072112,202.63159473443488,one shared preloaded model
conv-47-qa-174,bm25_cache,1.125594736827464,12.651199998799711,244.41729999671225,258.1940947323394,one shared preloaded model
conv-47-qa-175,bm25_cache,1.125594736827464,14.711799994984176,210.15940000506816,225.9967947368798,one shared preloaded model
conv-47-qa-176,bm25_cache,1.125594736827464,12.291300001379568,1595.712000002095,1609.128894740302,one shared preloaded model
conv-47-qa-177,bm25_cache,1.125594736827464,14.934099999663886,162.32389999640873,178.38359473290006,one shared preloaded model
conv-47-qa-178,bm25_cache,1.125594736827464,17.273500001465436,188.82250000024214,207.22159473853503,one shared preloaded model
conv-47-qa-179,bm25_cache,1.125594736827464,14.754600000742357,202.26549999642884,218.14569473399865,one shared preloaded model
conv-47-qa-180,bm25_cache,1.125594736827464,10.792499997478444,728.3185999986017,740.2366947329076,one shared preloaded model
conv-47-qa-181,bm25_cache,1.125594736827464,14.277700000093319,203.11950000177603,218.5227947386968,one shared preloaded model
conv-47-qa-182,bm25_cache,1.125594736827464,10.538300004554912,200.17170000210172,211.83559474348408,one shared preloaded model
conv-47-qa-183,bm25_cache,1.125594736827464,14.299700000265148,273.6425999974017,289.0678947344943,one shared preloaded model
conv-47-qa-184,bm25_cache,1.125594736827464,14.276800000516232,201.45619999675546,216.85859473409914,one shared preloaded model
conv-47-qa-185,bm25_cache,1.125594736827464,12.268300000869203,202.83249999920372,216.22639473690037,one shared preloaded model
conv-47-qa-186,bm25_cache,1.125594736827464,10.416999997687526,206.69700000144076,218.23959473595573,one shared preloaded model
conv-47-qa-187,bm25_cache,1.125594736827464,11.10099999641534,229.53019999840762,241.75679473165042,one shared preloaded model
conv-47-qa-188,bm25_cache,1.125594736827464,10.926800001470838,886.3112000035471,898.3635947418454,one shared preloaded model
conv-47-qa-189,bm25_cache,1.125594736827464,14.827699997113086,171.27869999967515,187.2319947336157,one shared preloaded model
conv-48-qa-0,bm25_cache,0.8325096234147316,18.164300003263634,213.60489999642596,232.6017096231043,one shared preloaded model
conv-48-qa-1,bm25_cache,0.8325096234147316,10.105300003488082,227.3397000026307,238.2775096295335,one shared preloaded model
conv-48-qa-2,bm25_cache,0.8325096234147316,10.343599999032449,503.30029999895487,514.476409621402,one shared preloaded model
conv-48-qa-3,bm25_cache,0.8325096234147316,10.182499994698446,217.93340000294847,228.94840962106164,one shared preloaded model
conv-48-qa-4,bm25_cache,0.8325096234147316,10.096199999679811,216.48860000277637,227.4173096258709,one shared preloaded model
conv-48-qa-5,bm25_cache,0.8325096234147316,9.86189999821363,107.88700000557583,118.5814096272042,one shared preloaded model
conv-48-qa-6,bm25_cache,0.8325096234147316,14.097399995080195,201.19479999993928,216.1247096184342,one shared preloaded model
conv-48-qa-7,bm25_cache,0.8325096234147316,10.31910000165226,230.37740000290796,241.52900962797494,one shared preloaded model
conv-48-qa-8,bm25_cache,0.8325096234147316,11.89130000420846,153.11669999937294,165.84050962699612,one shared preloaded model
conv-48-qa-9,bm25_cache,0.8325096234147316,16.555800000787713,207.12370000546798,224.51200962967042,one shared preloaded model
conv-48-qa-10,bm25_cache,0.8325096234147316,9.878900003968738,216.8177999992622,227.52920962664567,one shared preloaded model
conv-48-qa-11,bm25_cache,0.8325096234147316,9.966899997380096,230.06059999897843,240.86000961977325,one shared preloaded model
conv-48-qa-12,bm25_cache,0.8325096234147316,9.882199999992736,216.6912000029697,227.40590962637717,one shared preloaded model
conv-48-qa-13,bm25_cache,0.8325096234147316,10.129499998583924,151.24370000557974,162.2057096275784,one shared preloaded model
conv-48-qa-14,bm25_cache,0.8325096234147316,16.475000003993046,222.26729999965755,239.57480962706532,one shared preloaded model
conv-48-qa-15,bm25_cache,0.8325096234147316,12.78910000110045,184.92630000400823,198.5479096285234,one shared preloaded model
conv-48-qa-16,bm25_cache,0.8325096234147316,12.689800001680851,223.04730000178097,236.56960962687654,one shared preloaded model
conv-48-qa-17,bm25_cache,0.8325096234147316,13.234199999715202,293.2250999947428,307.29180961787273,one shared preloaded model
conv-48-qa-18,bm25_cache,0.8325096234147316,13.942400000814814,215.2256999979727,230.00060962220223,one shared preloaded model
conv-48-qa-19,bm25_cache,0.8325096234147316,10.357099999964703,212.3559999963618,223.5456096197412,one shared preloaded model
conv-48-qa-20,bm25_cache,0.8325096234147316,14.11309999821242,128.5714999976335,143.51710961926065,one shared preloaded model
conv-48-qa-21,bm25_cache,0.8325096234147316,17.705099999147933,153.78619999682996,172.32380961939262,one shared preloaded model
conv-48-qa-22,bm25_cache,0.8325096234147316,16.420699997979682,204.61120000254596,221.86440962394036,one shared preloaded model
conv-48-qa-23,bm25_cache,0.8325096234147316,11.487900002975948,208.83709999907296,221.15750962546363,one shared preloaded model
conv-48-qa-24,bm25_cache,0.8325096234147316,10.020800000347663,330.90480000100797,341.7581096247704,one shared preloaded model
conv-48-qa-25,bm25_cache,0.8325096234147316,13.287199995829724,198.38969999545952,212.50940961470397,one shared preloaded model
conv-48-qa-26,bm25_cache,0.8325096234147316,10.030699995695613,223.8597999967169,234.72300961582724,one shared preloaded model
conv-48-qa-27,bm25_cache,0.8325096234147316,11.256600002525374,322.0443999962299,334.13350962217004,one shared preloaded model
conv-48-qa-28,bm25_cache,0.8325096234147316,13.734000000113156,218.1551000030595,232.72160962658737,one shared preloaded model
conv-48-qa-29,bm25_cache,0.8325096234147316,14.134000004560221,222.07840000191936,237.0449096298943,one shared preloaded model
conv-48-qa-30,bm25_cache,0.8325096234147316,13.39919999736594,234.41760000423528,248.64930962501595,one shared preloaded model
conv-48-qa-31,bm25_cache,0.8325096234147316,10.84170000103768,489.0579999992042,500.7322096236566,one shared preloaded model
conv-48-qa-32,bm25_cache,0.8325096234147316,13.434200001938734,315.28480000270065,329.55150962805413,one shared preloaded model
conv-48-qa-33,bm25_cache,0.8325096234147316,16.634699997666758,223.87809999781894,241.34530961890042,one shared preloaded model
conv-48-qa-34,bm25_cache,0.8325096234147316,11.695600005623419,231.46870000346098,243.99680963249912,one shared preloaded model
conv-48-qa-35,bm25_cache,0.8325096234147316,11.995599998044781,337.612999996054,350.4411096175135,one shared preloaded model
conv-48-qa-36,bm25_cache,0.8325096234147316,9.88379999762401,226.3057000018307,237.02200962286943,one shared preloaded model
conv-48-qa-37,bm25_cache,0.8325096234147316,10.189300002821255,472.550799997407,483.572609623643,one shared preloaded model
conv-48-qa-38,bm25_cache,0.8325096234147316,13.969399995403364,287.8844000006211,302.6863096194392,one shared preloaded model
conv-48-qa-39,bm25_cache,0.8325096234147316,11.838200000056531,592.9407999938121,605.6115096172833,one shared preloaded model
conv-48-qa-40,bm25_cache,0.8325096234147316,13.997900001413655,214.4417999952566,229.27220962008496,one shared preloaded model
conv-48-qa-41,bm25_cache,0.8325096234147316,11.021300000720657,435.4537999970489,447.3076096211843,one shared preloaded model
conv-48-qa-42,bm25_cache,0.8325096234147316,14.108800001849886,194.16629999614088,209.1076096214055,one shared preloaded model
conv-48-qa-43,bm25_cache,0.8325096234147316,9.84020000032615,223.57889999693725,234.25160962067812,one shared preloaded model
conv-48-qa-44,bm25_cache,0.8325096234147316,12.826599995605648,221.963500000129,235.62260961914936,one shared preloaded model
conv-48-qa-45,bm25_cache,0.8325096234147316,13.566200002969708,210.9383999995771,225.33710962596152,one shared preloaded model
conv-48-qa-46,bm25_cache,0.8325096234147316,11.384299999917857,233.62239999551093,245.8392096188435,one shared preloaded model
conv-48-qa-47,bm25_cache,0.8325096234147316,10.18589999875985,469.4062000053236,480.4246096274982,one shared preloaded model
conv-48-qa-48,bm25_cache,0.8325096234147316,13.97010000073351,212.87219999794615,227.6748096220944,one shared preloaded model
conv-48-qa-49,bm25_cache,0.8325096234147316,12.724300002446398,1066.5423999962513,1080.0992096221125,one shared preloaded model
conv-48-qa-50,bm25_cache,0.8325096234147316,13.470999998389743,216.45790000184206,230.76140962364653,one shared preloaded model
conv-48-qa-51,bm25_cache,0.8325096234147316,9.76440000522416,154.4337999948766,165.0307096235155,one shared preloaded model
conv-48-qa-52,bm25_cache,0.8325096234147316,16.96349999838276,229.8168000052101,247.61280962700758,one shared preloaded model
conv-48-qa-53,bm25_cache,0.8325096234147316,9.68270000157645,192.48220000008587,202.99740962507704,one shared preloaded model
conv-48-qa-54,bm25_cache,0.8325096234147316,13.013399999181274,151.2460999947507,165.0920096173467,one shared preloaded model
conv-48-qa-55,bm25_cache,0.8325096234147316,17.791400001442526,192.25990000268212,210.88380962753936,one shared preloaded model
conv-48-qa-56,bm25_cache,0.8325096234147316,12.010999998892657,496.5379999994184,509.3815096217258,one shared preloaded model
conv-48-qa-57,bm25_cache,0.8325096234147316,13.321700003871229,177.83909999707248,191.99330962435843,one shared preloaded model
conv-48-qa-58,bm25_cache,0.8325096234147316,11.899800003448036,213.73820000007981,226.47050962694257,one shared preloaded model
conv-48-qa-59,bm25_cache,0.8325096234147316,10.309899997082539,312.70080000103917,323.84320962153646,one shared preloaded model
conv-48-qa-60,bm25_cache,0.8325096234147316,14.16600000084145,335.3854000015417,350.3839096257979,one shared preloaded model
conv-48-qa-61,bm25_cache,0.8325096234147316,13.401700001850259,215.1981999995769,229.43240962484188,one shared preloaded model
conv-48-qa-62,bm25_cache,0.8325096234147316,9.710900005302392,450.5968000012217,461.14020962993885,one shared preloaded model
conv-48-qa-63,bm25_cache,0.8325096234147316,13.884100000723265,443.69390000065323,458.41050962479125,one shared preloaded model
conv-48-qa-64,bm25_cache,0.8325096234147316,13.792899997497443,110.91339999984484,125.53880962075702,one shared preloaded model
conv-48-qa-65,bm25_cache,0.8325096234147316,17.296599995461293,195.01569999556523,213.14480961444124,one shared preloaded model
conv-48-qa-66,bm25_cache,0.8325096234147316,10.119500002474524,537.3354999974254,548.2875096233146,one shared preloaded model
conv-48-qa-67,bm25_cache,0.8325096234147316,13.617699994938448,246.21789999946486,260.66810961781806,one shared preloaded model
conv-48-qa-68,bm25_cache,0.8325096234147316,10.951700001896825,210.94650000304682,222.73070962835837,one shared preloaded model
conv-48-qa-69,bm25_cache,0.8325096234147316,10.1931000026525,119.88149999524467,130.9071096213119,one shared preloaded model
conv-48-qa-70,bm25_cache,0.8325096234147316,10.91870000527706,106.38889999972889,118.14010962842069,one shared preloaded model
conv-48-qa-71,bm25_cache,0.8325096234147316,16.740999999456108,471.39379999862285,488.9673096214937,one shared preloaded model
conv-48-qa-72,bm25_cache,0.8325096234147316,9.749799995915964,469.4655999992392,480.0479096185699,one shared preloaded model
conv-48-qa-73,bm25_cache,0.8325096234147316,14.764399995328858,196.9325000027311,212.52940962147468,one shared preloaded model
conv-48-qa-74,bm25_cache,0.8325096234147316,14.149999995424878,506.49669999984326,521.4792096186828,one shared preloaded model
conv-48-qa-75,bm25_cache,0.8325096234147316,13.954100002592895,165.6557000023895,180.4423096283971,one shared preloaded model
conv-48-qa-76,bm25_cache,0.8325096234147316,17.212999999173917,493.841200004681,511.8867096272697,one shared preloaded model
conv-48-qa-77,bm25_cache,0.8325096234147316,13.900300000386778,420.521899999585,435.25470962338653,one shared preloaded model
conv-48-qa-78,bm25_cache,0.8325096234147316,13.83440000063274,220.9928000011132,235.65970962516067,one shared preloaded model
conv-48-qa-79,bm25_cache,0.8325096234147316,10.313099999621045,87.47769999899901,98.6233096220348,one shared preloaded model
conv-48-qa-80,bm25_cache,0.8325096234147316,16.255700000328943,96.1135000034119,113.20170962715558,one shared preloaded model
conv-48-qa-81,bm25_cache,0.8325096234147316,16.696899998351,214.39180000015767,231.9212096219234,one shared preloaded model
conv-48-qa-82,bm25_cache,0.8325096234147316,9.882700003799982,107.03969999303808,117.7549096202528,one shared preloaded model
conv-48-qa-83,bm25_cache,0.8325096234147316,17.767299999832176,847.9375000024447,866.5373096256916,one shared preloaded model
conv-48-qa-84,bm25_cache,0.8325096234147316,13.993200002005324,224.3799999996554,239.20570962507546,one shared preloaded model
conv-48-qa-85,bm25_cache,0.8325096234147316,11.042099999031052,198.91479999932926,210.78940962177504,one shared preloaded model
conv-48-qa-86,bm25_cache,0.8325096234147316,13.691599997400772,221.90899999986868,236.43310962068418,one shared preloaded model
conv-48-qa-87,bm25_cache,0.8325096234147316,10.372600001574028,210.29909999924712,221.50420962423587,one shared preloaded model
conv-48-qa-88,bm25_cache,0.8325096234147316,10.595900006592274,238.5954999990645,250.02390962907148,one shared preloaded model
conv-48-qa-89,bm25_cache,0.8325096234147316,13.756299995293375,212.09029999590712,226.67910961461521,one shared preloaded model
conv-48-qa-90,bm25_cache,0.8325096234147316,10.507099999813363,209.39919999364065,220.73880961686874,one shared preloaded model
conv-48-qa-91,bm25_cache,0.8325096234147316,10.786900005768985,208.25410000543343,219.87350963461714,one shared preloaded model
conv-48-qa-92,bm25_cache,0.8325096234147316,10.14969999960158,221.2712000036845,232.2534096267008,one shared preloaded model
conv-48-qa-93,bm25_cache,0.8325096234147316,10.225199999695178,219.35970000049565,230.41740962360555,one shared preloaded model
conv-48-qa-94,bm25_cache,0.8325096234147316,9.661700001743156,464.83850000367966,475.33270962883756,one shared preloaded model
conv-48-qa-95,bm25_cache,0.8325096234147316,13.475399995513726,454.1953000007197,468.5032096196482,one shared preloaded model
conv-48-qa-96,bm25_cache,0.8325096234147316,13.964400000986643,277.543299998797,292.3402096231984,one shared preloaded model
conv-48-qa-97,bm25_cache,0.8325096234147316,13.737299996137153,101.65330000018002,116.22310961973191,one shared preloaded model
conv-48-qa-98,bm25_cache,0.8325096234147316,16.656699997838587,455.4901000010432,472.9793096222965,one shared preloaded model
conv-48-qa-99,bm25_cache,0.8325096234147316,14.711799994984176,512.1081000033882,527.6524096217871,one shared preloaded model
conv-48-qa-100,bm25_cache,0.8325096234147316,13.883800005714875,196.36600000376347,211.08230963289307,one shared preloaded model
conv-48-qa-101,bm25_cache,0.8325096234147316,10.32370000029914,199.67929999984335,210.83550962355721,one shared preloaded model
conv-48-qa-102,bm25_cache,0.8325096234147316,11.803499997768085,1577.7609000069788,1590.3969096281617,one shared preloaded model
conv-48-qa-103,bm25_cache,0.8325096234147316,11.04279999708524,399.814399999741,411.689709620241,one shared preloaded model
conv-48-qa-104,bm25_cache,0.8325096234147316,16.015000001061708,196.70459999906598,213.5521096235424,one shared preloaded model
conv-48-qa-105,bm25_cache,0.8325096234147316,13.58750000508735,142.86009999341331,157.2801096219154,one shared preloaded model
conv-48-qa-106,bm25_cache,0.8325096234147316,17.67380000092089,234.37389999890001,252.88020962323563,one shared preloaded model
conv-48-qa-107,bm25_cache,0.8325096234147316,10.639799998898525,152.4920999945607,163.96440961687395,one shared preloaded model
conv-48-qa-108,bm25_cache,0.8325096234147316,17.540699998789933,205.36279999942053,223.7360096216252,one shared preloaded model
conv-48-qa-109,bm25_cache,0.8325096234147316,10.95280000299681,944.6955000021262,956.4808096285377,one shared preloaded model
conv-48-qa-110,bm25_cache,0.8325096234147316,11.412999992899131,366.9251999963308,379.17070961264466,one shared preloaded model
conv-48-qa-111,bm25_cache,0.8325096234147316,10.625399998389184,583.9804999995977,595.4384096214015,one shared preloaded model
conv-48-qa-112,bm25_cache,0.8325096234147316,14.516100003675092,241.15200000233017,256.50060962942,one shared preloaded model
conv-48-qa-113,bm25_cache,0.8325096234147316,11.418999994930346,224.29760000522947,236.54910962357454,one shared preloaded model
conv-48-qa-114,bm25_cache,0.8325096234147316,11.419499998737592,337.28590000100667,349.537909623159,one shared preloaded model
conv-48-qa-115,bm25_cache,0.8325096234147316,10.658400002284907,271.02570000715787,282.5166096328575,one shared preloaded model
conv-48-qa-116,bm25_cache,0.8325096234147316,13.744200005021412,194.6886000005179,209.26530962895404,one shared preloaded model
conv-48-qa-117,bm25_cache,0.8325096234147316,10.555900000326801,371.0055999981705,382.39400962191206,one shared preloaded model
conv-48-qa-118,bm25_cache,0.8325096234147316,11.280900005658623,158.94859999389155,171.0620096229649,one shared preloaded model
conv-48-qa-119,bm25_cache,0.8325096234147316,12.641100001928862,340.48859999893466,353.9622096242783,one shared preloaded model
conv-48-qa-120,bm25_cache,0.8325096234147316,10.768699998152442,279.66539999761153,291.2666096191787,one shared preloaded model
conv-48-qa-121,bm25_cache,0.8325096234147316,10.407300003862474,203.23110000026645,214.47090962754365,one shared preloaded model
conv-48-qa-122,bm25_cache,0.8325096234147316,14.109600000665523,223.94470000290312,238.88680962698336,one shared preloaded model
conv-48-qa-123,bm25_cache,0.8325096234147316,10.013200000685174,388.6784000060288,399.52410963012875,one shared preloaded model
conv-48-qa-124,bm25_cache,0.8325096234147316,14.103199995588511,219.74909999698866,234.6848096159919,one shared preloaded model
conv-48-qa-125,bm25_cache,0.8325096234147316,10.145899999770336,145.52589999948395,156.504309622669,one shared preloaded model
conv-48-qa-126,bm25_cache,0.8325096234147316,17.753499996615574,340.785300002608,359.3713096226383,one shared preloaded model
conv-48-qa-127,bm25_cache,0.8325096234147316,11.689799997839145,382.579999997688,395.1023096189419,one shared preloaded model
conv-48-qa-128,bm25_cache,0.8325096234147316,10.610199999064207,120.97959999664454,132.42230961912347,one shared preloaded model
conv-48-qa-129,bm25_cache,0.8325096234147316,16.511800000444055,140.68069999484578,158.02500961870456,one shared preloaded model
conv-48-qa-130,bm25_cache,0.8325096234147316,16.854900000907946,649.0494999961811,666.7369096205038,one shared preloaded model
conv-48-qa-131,bm25_cache,0.8325096234147316,10.047899995697662,341.7935999968904,352.6740096160028,one shared preloaded model
conv-48-qa-132,bm25_cache,0.8325096234147316,13.741499999014195,186.5410999962478,201.1151096186767,one shared preloaded model
conv-48-qa-133,bm25_cache,0.8325096234147316,11.936900002183393,317.43079999432666,330.2002096199248,one shared preloaded model
conv-48-qa-134,bm25_cache,0.8325096234147316,13.598500001535285,147.94949999486562,162.38050961981563,one shared preloaded model
conv-48-qa-135,bm25_cache,0.8325096234147316,17.026900000928435,179.32719999953406,197.18660962387722,one shared preloaded model
conv-48-qa-136,bm25_cache,0.8325096234147316,16.73760000267066,321.20169999689097,338.7718096229764,one shared preloaded model
conv-48-qa-137,bm25_cache,0.8325096234147316,13.392300003033597,160.28000000369502,174.50480963014334,one shared preloaded model
conv-48-qa-138,bm25_cache,0.8325096234147316,17.692600005830172,375.4910999996355,394.0162096288804,one shared preloaded model
conv-48-qa-139,bm25_cache,0.8325096234147316,13.849200004187878,605.4564000005485,620.138109628151,one shared preloaded model
conv-48-qa-140,bm25_cache,0.8325096234147316,10.238800001388881,228.01780000008876,239.08910962489236,one shared preloaded model
conv-48-qa-141,bm25_cache,0.8325096234147316,9.707900004286785,222.57399999944028,233.11440962714178,one shared preloaded model
conv-48-qa-142,bm25_cache,0.8325096234147316,12.904699993669055,1194.3317999975989,1208.0690096146827,one shared preloaded model
conv-48-qa-143,bm25_cache,0.8325096234147316,10.745599996880628,784.3711999958032,795.9493096160985,one shared preloaded model
conv-48-qa-144,bm25_cache,0.8325096234147316,9.706900003948249,1597.075700003188,1607.6151096305512,one shared preloaded model
conv-48-qa-145,bm25_cache,0.8325096234147316,13.689500003238209,453.1243000019458,467.6463096285988,one shared preloaded model
conv-48-qa-146,bm25_cache,0.8325096234147316,13.159500005713198,223.39369999826886,237.38570962739678,one shared preloaded model
conv-48-qa-147,bm25_cache,0.8325096234147316,11.22360000590561,254.504900003667,266.56100963298735,one shared preloaded model
conv-48-qa-148,bm25_cache,0.8325096234147316,10.367700000642799,160.64709999773186,171.84730962178938,one shared preloaded model
conv-48-qa-149,bm25_cache,0.8325096234147316,17.188600002555177,258.459299999231,276.48040962520093,one shared preloaded model
conv-48-qa-150,bm25_cache,0.8325096234147316,11.81679999717744,217.40069999941625,230.0500096200084,one shared preloaded model
conv-48-qa-151,bm25_cache,0.8325096234147316,10.211599998001475,427.94619999767747,438.9903096190937,one shared preloaded model
conv-48-qa-152,bm25_cache,0.8325096234147316,13.95770000090124,313.9299000031315,328.72010962744747,one shared preloaded model
conv-48-qa-153,bm25_cache,0.8325096234147316,13.256099999125581,686.6297000015038,700.7183096240441,one shared preloaded model
conv-48-qa-154,bm25_cache,0.8325096234147316,10.939399995550048,120.61779999930877,132.38970961827354,one shared preloaded model
conv-48-qa-155,bm25_cache,0.8325096234147316,16.53709999663988,192.58439999975963,209.95400961981423,one shared preloaded model
conv-48-qa-156,bm25_cache,0.8325096234147316,12.113199998566415,210.1215000002412,223.06720962222235,one shared preloaded model
conv-48-qa-157,bm25_cache,0.8325096234147316,11.103900003945455,1279.5582999970065,1291.4947096243668,one shared preloaded model
conv-48-qa-158,bm25_cache,0.8325096234147316,11.88479999837,188.17009999474976,200.88740961653448,one shared preloaded model
conv-48-qa-159,bm25_cache,0.8325096234147316,10.786899998493027,1561.2503000011202,1572.869709623028,one shared preloaded model
conv-48-qa-160,bm25_cache,0.8325096234147316,13.456100001349114,144.90050000313204,159.18910962789587,one shared preloaded model
conv-48-qa-161,bm25_cache,0.8325096234147316,18.07859999826178,200.11599999997998,219.02710962165648,one shared preloaded model
conv-48-qa-162,bm25_cache,0.8325096234147316,14.184400002704933,220.7882000002428,235.80510962636245,one shared preloaded model
conv-48-qa-163,bm25_cache,0.8325096234147316,9.840799997618888,361.33069999777945,372.0040096188131,one shared preloaded model
conv-48-qa-164,bm25_cache,0.8325096234147316,10.061699998914264,199.09139999799663,209.98560962032562,one shared preloaded model
conv-48-qa-165,bm25_cache,0.8325096234147316,13.186700001824647,656.5712000010535,670.5904096262929,one shared preloaded model
conv-48-qa-166,bm25_cache,0.8325096234147316,13.355199997022282,184.75210000178777,198.93980962222477,one shared preloaded model
conv-48-qa-167,bm25_cache,0.8325096234147316,13.839999999618158,163.00980000232812,177.682309625361,one shared preloaded model
conv-48-qa-168,bm25_cache,0.8325096234147316,18.111400000634603,176.22560000017984,195.16950962422916,one shared preloaded model
conv-48-qa-169,bm25_cache,0.8325096234147316,16.618599998764694,262.1406999969622,279.59180961914166,one shared preloaded model
conv-48-qa-170,bm25_cache,0.8325096234147316,14.606900003855117,384.5145000013872,399.9539096286571,one shared preloaded model
conv-48-qa-171,bm25_cache,0.8325096234147316,10.171099995204713,221.31389999412932,232.31750961274875,one shared preloaded model
conv-48-qa-172,bm25_cache,0.8325096234147316,11.947499995585531,209.66719999705674,222.447209616057,one shared preloaded model
conv-48-qa-173,bm25_cache,0.8325096234147316,10.506500002520625,1327.6623000056134,1339.0013096315488,one shared preloaded model
conv-48-qa-174,bm25_cache,0.8325096234147316,14.678300001833122,218.7885000021197,234.29930962736753,one shared preloaded model
conv-48-qa-175,bm25_cache,0.8325096234147316,11.054800001147669,173.2317999994848,185.11910962404718,one shared preloaded model
conv-48-qa-176,bm25_cache,0.8325096234147316,17.760999995516613,391.1504999996396,409.74400961857094,one shared preloaded model
conv-48-qa-177,bm25_cache,0.8325096234147316,14.204700004484039,225.80089999974007,240.83810962763883,one shared preloaded model
conv-48-qa-178,bm25_cache,0.8325096234147316,10.163099999772385,160.83570000046166,171.83130962364876,one shared preloaded model
conv-48-qa-179,bm25_cache,0.8325096234147316,11.883999999554362,214.63180000137072,227.3483096243398,one shared preloaded model
conv-48-qa-180,bm25_cache,0.8325096234147316,11.242499997024424,132.91000000026543,144.98500962070457,one shared preloaded model
conv-48-qa-181,bm25_cache,0.8325096234147316,16.281700001854915,343.1345999997575,360.24880962502715,one shared preloaded model
conv-48-qa-182,bm25_cache,0.8325096234147316,13.386500002525281,217.04809999937424,231.26710962531425,one shared preloaded model
conv-48-qa-183,bm25_cache,0.8325096234147316,13.186799995310139,208.40389999648323,222.4232096152081,one shared preloaded model
conv-48-qa-184,bm25_cache,0.8325096234147316,10.780799995700363,231.29340000014054,242.90670961925562,one shared preloaded model
conv-48-qa-185,bm25_cache,0.8325096234147316,10.00719999865396,381.15039999684086,391.99010961890957,one shared preloaded model
conv-48-qa-186,bm25_cache,0.8325096234147316,13.737399996898603,209.41250000032596,223.9824096206393,one shared preloaded model
conv-48-qa-187,bm25_cache,0.8325096234147316,14.077799998631235,230.1703000048292,245.08060962687514,one shared preloaded model
conv-48-qa-188,bm25_cache,0.8325096234147316,13.826299997163005,205.2899999980582,219.94880961863592,one shared preloaded model
conv-48-qa-189,bm25_cache,0.8325096234147316,11.214999998628628,218.89540000120178,230.94290962324513,one shared preloaded model
conv-48-qa-190,bm25_cache,0.8325096234147316,10.19339999766089,254.85939999634866,265.8853096174243,one shared preloaded model
conv-48-qa-191,bm25_cache,0.8325096234147316,13.506600000255276,215.06719999888446,229.40630962255446,one shared preloaded model
conv-48-qa-192,bm25_cache,0.8325096234147316,11.556500001461245,230.6170000010752,243.00600962595118,one shared preloaded model
conv-48-qa-193,bm25_cache,0.8325096234147316,9.718100001919083,204.9630999972578,215.51370962259162,one shared preloaded model
conv-48-qa-194,bm25_cache,0.8325096234147316,10.099599996465258,218.89920000103302,229.831309620913,one shared preloaded model
conv-48-qa-195,bm25_cache,0.8325096234147316,9.985900003812276,218.05989999847952,228.87830962570652,one shared preloaded model
conv-48-qa-196,bm25_cache,0.8325096234147316,9.654500005126465,191.54189999972004,202.02890962826123,one shared preloaded model
conv-48-qa-197,bm25_cache,0.8325096234147316,14.476700001978315,203.34469999943394,218.65390962482698,one shared preloaded model
conv-48-qa-198,bm25_cache,0.8325096234147316,10.239099996397272,213.56979999836767,224.64140961817967,one shared preloaded model
conv-48-qa-199,bm25_cache,0.8325096234147316,11.891499998455402,210.50410000316333,223.22810962503345,one shared preloaded model
conv-48-qa-200,bm25_cache,0.8325096234147316,12.241399999766145,601.0404999979073,614.1144096210882,one shared preloaded model
conv-48-qa-201,bm25_cache,0.8325096234147316,10.421300001326017,216.12059999461053,227.37440961935127,one shared preloaded model
conv-48-qa-202,bm25_cache,0.8325096234147316,11.505599999509286,220.74630000133766,233.08440962426167,one shared preloaded model
conv-48-qa-203,bm25_cache,0.8325096234147316,10.230699997919146,214.4339000005857,225.49710962191958,one shared preloaded model
conv-48-qa-204,bm25_cache,0.8325096234147316,12.880999995104503,273.9570000048843,287.6705096234036,one shared preloaded model
conv-48-qa-205,bm25_cache,0.8325096234147316,14.646299998275936,195.3217999980552,210.80060961974587,one shared preloaded model
conv-48-qa-206,bm25_cache,0.8325096234147316,10.040300003311131,206.71080000465736,217.5836096313832,one shared preloaded model
conv-48-qa-207,bm25_cache,0.8325096234147316,14.12220000202069,223.84140000212938,238.7961096275648,one shared preloaded model
conv-48-qa-208,bm25_cache,0.8325096234147316,12.193399998068344,402.61199999804376,415.63790961952685,one shared preloaded model
conv-48-qa-209,bm25_cache,0.8325096234147316,10.523100005229935,196.4159999988624,207.77160962750705,one shared preloaded model
conv-48-qa-210,bm25_cache,0.8325096234147316,13.745600001129787,218.93469999486115,233.51280961940566,one shared preloaded model
conv-48-qa-211,bm25_cache,0.8325096234147316,9.876999996777158,198.40759999351576,209.11710961370764,one shared preloaded model
conv-48-qa-212,bm25_cache,0.8325096234147316,11.630799999693409,191.4558999997098,203.91920962281793,one shared preloaded model
conv-48-qa-213,bm25_cache,0.8325096234147316,12.32519999757642,324.56139999703737,337.71910961802854,one shared preloaded model
conv-48-qa-214,bm25_cache,0.8325096234147316,14.44189999892842,203.52349999302533,218.79790961536847,one shared preloaded model
conv-48-qa-215,bm25_cache,0.8325096234147316,9.77749999583466,649.0015000017593,659.6115096210086,one shared preloaded model
conv-48-qa-216,bm25_cache,0.8325096234147316,13.66299999790499,136.99559999804478,151.4911096193645,one shared preloaded model
conv-48-qa-217,bm25_cache,0.8325096234147316,12.293799998587929,213.80139999382664,226.9277096158293,one shared preloaded model
conv-48-qa-218,bm25_cache,0.8325096234147316,10.320699999283534,217.65189999860013,228.80510962129839,one shared preloaded model
conv-48-qa-219,bm25_cache,0.8325096234147316,10.399999999208376,232.22290000558132,243.45540962820442,one shared preloaded model
conv-48-qa-220,bm25_cache,0.8325096234147316,13.487599993823096,305.14290000428446,319.4630096215223,one shared preloaded model
conv-48-qa-221,bm25_cache,0.8325096234147316,10.62860000092769,215.2261000010185,226.6872096253609,one shared preloaded model
conv-48-qa-222,bm25_cache,0.8325096234147316,10.022499998740386,417.61699999915436,428.4720096213095,one shared preloaded model
conv-48-qa-223,bm25_cache,0.8325096234147316,9.853700001258403,409.0511000031256,419.73730962779877,one shared preloaded model
conv-48-qa-224,bm25_cache,0.8325096234147316,14.915899999323301,188.63219999911962,204.38060962185764,one shared preloaded model
conv-48-qa-225,bm25_cache,0.8325096234147316,9.991500002797693,179.7084999998333,190.5325096260457,one shared preloaded model
conv-48-qa-226,bm25_cache,0.8325096234147316,11.953599998378195,351.60329999780515,364.3894096195981,one shared preloaded model
conv-48-qa-227,bm25_cache,0.8325096234147316,12.78440000169212,671.2530000004335,684.8699096255403,one shared preloaded model
conv-48-qa-228,bm25_cache,0.8325096234147316,13.656999995873775,202.2378000037861,216.7273096230746,one shared preloaded model
conv-48-qa-229,bm25_cache,0.8325096234147316,12.02729999931762,234.0357000066433,246.89550962937565,one shared preloaded model
conv-48-qa-230,bm25_cache,0.8325096234147316,10.400399994978216,847.2374999983003,858.4704096166932,one shared preloaded model
conv-48-qa-231,bm25_cache,0.8325096234147316,14.991099997132551,226.65020000567893,242.4738096262262,one shared preloaded model
conv-48-qa-232,bm25_cache,0.8325096234147316,10.341700006392784,180.83179999666754,192.00600962647505,one shared preloaded model
conv-48-qa-233,bm25_cache,0.8325096234147316,15.237300001899712,164.342600000964,180.41240962627845,one shared preloaded model
conv-48-qa-234,bm25_cache,0.8325096234147316,16.573199995036703,211.95609999995213,229.36180961840356,one shared preloaded model
conv-48-qa-235,bm25_cache,0.8325096234147316,10.421799997857306,225.4607000068063,236.71500962807832,one shared preloaded model
conv-48-qa-236,bm25_cache,0.8325096234147316,10.579599998891354,210.4347999993479,221.84690962165396,one shared preloaded model
conv-48-qa-237,bm25_cache,0.8325096234147316,11.753099999623373,226.6081000052509,239.19370962828899,one shared preloaded model
conv-48-qa-238,bm25_cache,0.8325096234147316,14.220600001863204,212.99749999889173,228.05060962416965,one shared preloaded model
conv-49-qa-0,bm25_cache,0.6913066326331095,16.288899998471607,216.76759999536444,233.74780662646916,one shared preloaded model
conv-49-qa-1,bm25_cache,0.6913066326331095,12.273000000277534,196.63500000024214,209.5993066331528,one shared preloaded model
conv-49-qa-2,bm25_cache,0.6913066326331095,9.396599998581223,161.40460000315215,171.4925066343665,one shared preloaded model
conv-49-qa-3,bm25_cache,0.6913066326331095,16.610899998340756,214.2636999997194,231.56590663069326,one shared preloaded model
conv-49-qa-4,bm25_cache,0.6913066326331095,11.378799994417932,222.06930000538705,234.1394066324381,one shared preloaded model
conv-49-qa-5,bm25_cache,0.6913066326331095,11.104099998192396,216.20669999538222,228.00210662620773,one shared preloaded model
conv-49-qa-6,bm25_cache,0.6913066326331095,9.927000006427988,215.86029999889433,226.47860663795544,one shared preloaded model
conv-49-qa-7,bm25_cache,0.6913066326331095,12.907500000437722,123.72390000382438,137.32270663689522,one shared preloaded model
conv-49-qa-8,bm25_cache,0.6913066326331095,16.829299995151814,129.37180000153603,146.89240662932096,one shared preloaded model
conv-49-qa-9,bm25_cache,0.6913066326331095,14.712099997268524,503.4289000032004,518.832306633102,one shared preloaded model
conv-49-qa-10,bm25_cache,0.6913066326331095,14.45590000366792,192.98390000039944,208.13110663670048,one shared preloaded model
conv-49-qa-11,bm25_cache,0.6913066326331095,10.693000003811903,223.1885000001057,234.57280663655072,one shared preloaded model
conv-49-qa-12,bm25_cache,0.6913066326331095,11.996900000667665,211.49339999828953,224.1816066315903,one shared preloaded model
conv-49-qa-13,bm25_cache,0.6913066326331095,10.968000002321787,469.0016000022297,480.66090663718455,one shared preloaded model
conv-49-qa-14,bm25_cache,0.6913066326331095,13.72819999960484,193.75199999922188,208.17150663145983,one shared preloaded model
conv-49-qa-15,bm25_cache,0.6913066326331095,9.789999996428378,219.8865999962436,230.3679066253051,one shared preloaded model
conv-49-qa-16,bm25_cache,0.6913066326331095,11.126400000648573,307.1961999958148,319.0139066290965,one shared preloaded model
conv-49-qa-17,bm25_cache,0.6913066326331095,10.835499997483566,208.11520000279415,219.64200663291084,one shared preloaded model
conv-49-qa-18,bm25_cache,0.6913066326331095,10.429399997519795,185.86140000115847,196.98210663131138,one shared preloaded model
conv-49-qa-19,bm25_cache,0.6913066326331095,17.78720000584144,659.3700000012177,677.8485066396922,one shared preloaded model
conv-49-qa-20,bm25_cache,0.6913066326331095,14.768199995160103,193.88499999331543,209.34450662110865,one shared preloaded model
conv-49-qa-21,bm25_cache,0.6913066326331095,10.93879999825731,227.3808000027202,239.01090663361063,one shared preloaded model
conv-49-qa-22,bm25_cache,0.6913066326331095,10.668499999155756,210.5678000007174,221.92760663250627,one shared preloaded model
conv-49-qa-23,bm25_cache,0.6913066326331095,10.146699998585973,515.5645999984699,526.402606629689,one shared preloaded model
conv-49-qa-24,bm25_cache,0.6913066326331095,10.057399995275773,214.95230000437004,225.70100663227893,one shared preloaded model
conv-49-qa-25,bm25_cache,0.6913066326331095,9.781100001418963,204.8547000013059,215.32710663535798,one shared preloaded model
conv-49-qa-26,bm25_cache,0.6913066326331095,9.679399998276494,473.3468999984325,483.7176066293421,one shared preloaded model
conv-49-qa-27,bm25_cache,0.6913066326331095,11.289699999906588,203.44439999462338,215.42540662716308,one shared preloaded model
conv-49-qa-28,bm25_cache,0.6913066326331095,10.25889999436913,225.7054000001517,236.65560662715396,one shared preloaded model
conv-49-qa-29,bm25_cache,0.6913066326331095,10.321299996576272,195.30759999906877,206.32020662827816,one shared preloaded model
conv-49-qa-30,bm25_cache,0.6913066326331095,9.733200000482611,577.8014000024996,588.2259066356153,one shared preloaded model
conv-49-qa-31,bm25_cache,0.6913066326331095,10.576900000160094,217.4799999993411,228.7482066321343,one shared preloaded model
conv-49-qa-32,bm25_cache,0.6913066326331095,10.278899993863888,207.98479999939445,218.95500662589146,one shared preloaded model
conv-49-qa-33,bm25_cache,0.6913066326331095,11.475899998913519,1036.082600003283,1048.2498066348296,one shared preloaded model
conv-49-qa-34,bm25_cache,0.6913066326331095,13.541100001020823,576.4973000041209,590.7297066377748,one shared preloaded model
conv-49-qa-35,bm25_cache,0.6913066326331095,13.765099996817298,343.6654000033741,358.1218066328245,one shared preloaded model
conv-49-qa-36,bm25_cache,0.6913066326331095,13.753100000030827,220.2603999976418,234.70480663030574,one shared preloaded model
conv-49-qa-37,bm25_cache,0.6913066326331095,11.791899996751454,221.18659999978263,233.6698066291672,one shared preloaded model
conv-49-qa-38,bm25_cache,0.6913066326331095,12.476500000047963,169.77880000195,182.94660663463108,one shared preloaded model
conv-49-qa-39,bm25_cache,0.6913066326331095,17.578099999809638,213.70639999804553,231.97580663048828,one shared preloaded model
conv-49-qa-40,bm25_cache,0.6913066326331095,13.09169999876758,484.9121000006562,498.6951066320569,one shared preloaded model
conv-49-qa-41,bm25_cache,0.6913066326331095,13.861900006304495,178.0704999982845,192.6237066372221,one shared preloaded model
conv-49-qa-42,bm25_cache,0.6913066326331095,13.981999996758532,210.89970000321046,225.5730066326021,one shared preloaded model
conv-49-qa-43,bm25_cache,0.6913066326331095,12.347100004262757,216.48500000446802,229.5234066413639,one shared preloaded model
conv-49-qa-44,bm25_cache,0.6913066326331095,10.157299999264069,330.14510000066366,340.9937066325608,one shared preloaded model
conv-49-qa-45,bm25_cache,0.6913066326331095,9.997300003306009,206.05580000119517,216.7444066371343,one shared preloaded model
conv-49-qa-46,bm25_cache,0.6913066326331095,12.054200000420678,226.4084999987972,239.154006631851,one shared preloaded model
conv-49-qa-47,bm25_cache,0.6913066326331095,10.286600001563784,311.07959999644663,322.0575066306435,one shared preloaded model
conv-49-qa-48,bm25_cache,0.6913066326331095,13.243800000054762,404.91170000314014,418.846806635828,one shared preloaded model
conv-49-qa-49,bm25_cache,0.6913066326331095,9.647600003518164,209.85769999970216,220.19660663585344,one shared preloaded model
conv-49-qa-50,bm25_cache,0.6913066326331095,10.550500002864283,607.8656999961822,619.1075066316796,one shared preloaded model
conv-49-qa-51,bm25_cache,0.6913066326331095,14.16859999881126,203.70830000319984,218.5682066346442,one shared preloaded model
conv-49-qa-52,bm25_cache,0.6913066326331095,10.170199995627627,161.20790000422858,172.06940663248932,one shared preloaded model
conv-49-qa-53,bm25_cache,0.6913066326331095,16.683399997418746,492.364899997483,509.73960662753484,one shared preloaded model
conv-49-qa-54,bm25_cache,0.6913066326331095,11.747700002160855,211.84830000129296,224.28730663608692,one shared preloaded model
conv-49-qa-55,bm25_cache,0.6913066326331095,10.570200000074692,221.15299999859417,232.41450663130198,one shared preloaded model
conv-49-qa-56,bm25_cache,0.6913066326331095,9.31490000220947,218.04720000363886,228.05340663848145,one shared preloaded model
conv-49-qa-57,bm25_cache,0.6913066326331095,11.40280000254279,222.44349999527913,234.53760663045503,one shared preloaded model
conv-49-qa-58,bm25_cache,0.6913066326331095,10.556300003372598,202.9188000014983,214.16640663750402,one shared preloaded model
conv-49-qa-59,bm25_cache,0.6913066326331095,9.931599997798912,479.67720000451664,490.30010663494863,one shared preloaded model
conv-49-qa-60,bm25_cache,0.6913066326331095,10.573199993814342,202.91790000192123,214.18240662836868,one shared preloaded model
conv-49-qa-61,bm25_cache,0.6913066326331095,9.551299997838214,571.8285999973887,582.07120662786,one shared preloaded model
conv-49-qa-62,bm25_cache,0.6913066326331095,11.007500004780013,204.6325999981491,216.33140663556222,one shared preloaded model
conv-49-qa-63,bm25_cache,0.6913066326331095,9.918899995682295,495.1467999999295,505.7570066282449,one shared preloaded model
conv-49-qa-64,bm25_cache,0.6913066326331095,11.595600000873674,230.03330000210553,242.32020663561232,one shared preloaded model
conv-49-qa-65,bm25_cache,0.6913066326331095,10.021399997640401,140.1549000001978,150.86760663047133,one shared preloaded model
conv-49-qa-66,bm25_cache,0.6913066326331095,16.119300002173986,202.467399998568,219.2780066333751,one shared preloaded model
conv-49-qa-67,bm25_cache,0.6913066326331095,9.869599998637568,221.5068000004976,232.0677066317683,one shared preloaded model
conv-49-qa-68,bm25_cache,0.6913066326331095,9.703200004878454,223.83600000466686,234.23050664217843,one shared preloaded model
conv-49-qa-69,bm25_cache,0.6913066326331095,12.086499998986255,255.3316999983508,268.10950662997016,one shared preloaded model
conv-49-qa-70,bm25_cache,0.6913066326331095,13.272699994558934,209.89900000131456,223.8630066285066,one shared preloaded model
conv-49-qa-71,bm25_cache,0.6913066326331095,11.88199999887729,319.3720999988727,331.9454066303831,one shared preloaded model
conv-49-qa-72,bm25_cache,0.6913066326331095,10.34570000047097,215.84879999863915,226.88580663174324,one shared preloaded model
conv-49-qa-73,bm25_cache,0.6913066326331095,10.881900001550093,155.21789999911562,166.79110663329882,one shared preloaded model
conv-49-qa-74,bm25_cache,0.6913066326331095,16.96799999626819,468.71139999711886,486.37070662602014,one shared preloaded model
conv-49-qa-75,bm25_cache,0.6913066326331095,14.242199998989236,312.0695000034175,327.0030066350398,one shared preloaded model
conv-49-qa-76,bm25_cache,0.6913066326331095,15.051800000946969,489.01109999860637,504.7542066321864,one shared preloaded model
conv-49-qa-77,bm25_cache,0.6913066326331095,13.562600004661363,217.09589999954915,231.34980663684362,one shared preloaded model
conv-49-qa-78,bm25_cache,0.6913066326331095,11.411100000259466,108.66019999957643,120.76260663246902,one shared preloaded model
conv-49-qa-79,bm25_cache,0.6913066326331095,16.682199995557312,161.3193000011961,178.69280662938652,one shared preloaded model
conv-49-qa-80,bm25_cache,0.6913066326331095,17.007499998726416,331.7631999962032,349.4620066275627,one shared preloaded model
conv-49-qa-81,bm25_cache,0.6913066326331095,9.759699998539872,160.6988999992609,171.1499066304339,one shared preloaded model
conv-49-qa-82,bm25_cache,0.6913066326331095,16.487300003063865,131.435600000259,148.61420663595598,one shared preloaded model
conv-49-qa-83,bm25_cache,0.6913066326331095,17.189799997140653,206.59629999863682,224.4774066284106,one shared preloaded model
conv-49-qa-84,bm25_cache,0.6913066326331095,11.011200003849808,462.2056000007433,473.9081066372262,one shared preloaded model
conv-49-qa-85,bm25_cache,0.6913066326331095,14.070999997784384,176.7182999974466,191.4806066278641,one shared preloaded model
conv-49-qa-86,bm25_cache,0.6913066326331095,16.71640000131447,208.8030999948387,226.2108066287863,one shared preloaded model
conv-49-qa-87,bm25_cache,0.6913066326331095,10.562199997366406,173.50920000171755,184.76270663171707,one shared preloaded model
conv-49-qa-88,bm25_cache,0.6913066326331095,16.983599998638965,222.37920000043232,240.0541066317044,one shared preloaded model
conv-49-qa-89,bm25_cache,0.6913066326331095,9.779899999557529,298.17719999846304,308.64840663065365,one shared preloaded model
conv-49-qa-90,bm25_cache,0.6913066326331095,10.296799999196082,332.8602999972645,343.8484066290937,one shared preloaded model
conv-49-qa-91,bm25_cache,0.6913066326331095,13.763900002231821,274.2394000015338,288.6946066363987,one shared preloaded model
conv-49-qa-92,bm25_cache,0.6913066326331095,10.461300000315532,1142.0416999972076,1153.1943066301562,one shared preloaded model
conv-49-qa-93,bm25_cache,0.6913066326331095,10.9941999980947,252.41300000197953,264.0985066327073,one shared preloaded model
conv-49-qa-94,bm25_cache,0.6913066326331095,13.956800001324154,230.62729999946896,245.27540663342623,one shared preloaded model
conv-49-qa-95,bm25_cache,0.6913066326331095,10.28740000037942,215.8250000065891,226.80370663960164,one shared preloaded model
conv-49-qa-96,bm25_cache,0.6913066326331095,9.891800000332296,407.50060000573285,418.08370663869823,one shared preloaded model
conv-49-qa-97,bm25_cache,0.6913066326331095,10.044499998912215,217.18629999668337,227.9221066282287,one shared preloaded model
conv-49-qa-98,bm25_cache,0.6913066326331095,10.31409999995958,92.74030000233324,103.74570663492594,one shared preloaded model
conv-49-qa-99,bm25_cache,0.6913066326331095,16.853399996762164,256.9820999997319,274.5268066291271,one shared preloaded model
conv-49-qa-100,bm25_cache,0.6913066326331095,14.036200002010446,212.20239999820478,226.92990663284834,one shared preloaded model
conv-49-qa-101,bm25_cache,0.6913066326331095,10.114800003066193,201.77349999721628,212.57960663291558,one shared preloaded model
conv-49-qa-102,bm25_cache,0.6913066326331095,10.426299995742738,654.5631000044523,665.6807066328281,one shared preloaded model
conv-49-qa-103,bm25_cache,0.6913066326331095,11.637299998255912,460.26789999450557,472.59650662539457,one shared preloaded model
conv-49-qa-104,bm25_cache,0.6913066326331095,10.690400005842093,381.996900003287,393.3786066417622,one shared preloaded model
conv-49-qa-105,bm25_cache,0.6913066326331095,13.611099995614495,131.95380000252044,146.25620663076805,one shared preloaded model
conv-49-qa-106,bm25_cache,0.6913066326331095,17.397299998265225,946.9373000029009,965.0259066337992,one shared preloaded model
conv-49-qa-107,bm25_cache,0.6913066326331095,13.450500002363697,192.8812999976799,207.0231066326767,one shared preloaded model
conv-49-qa-108,bm25_cache,0.6913066326331095,9.86900000134483,199.49060000362806,210.050906637606,one shared preloaded model
conv-49-qa-109,bm25_cache,0.6913066326331095,11.787399998866022,219.4277000016882,231.90640663318734,one shared preloaded model
conv-49-qa-110,bm25_cache,0.6913066326331095,10.845099997823127,207.57269999739947,219.1091066278557,one shared preloaded model
conv-49-qa-111,bm25_cache,0.6913066326331095,11.930799999390729,152.17119999579154,164.79330662781538,one shared preloaded model
conv-49-qa-112,bm25_cache,0.6913066326331095,12.231100001372397,626.9384000042919,639.8608066382974,one shared preloaded model
conv-49-qa-113,bm25_cache,0.6913066326331095,10.682300002372358,240.34409999876516,251.71770663377063,one shared preloaded model
conv-49-qa-114,bm25_cache,0.6913066326331095,9.799400002520997,133.09550000121817,143.58620663637228,one shared preloaded model
conv-49-qa-115,bm25_cache,0.6913066326331095,14.104200003203005,738.2835000025807,753.0790066384168,one shared preloaded model
conv-49-qa-116,bm25_cache,0.6913066326331095,13.673200002813246,402.4219999992056,416.7865066346519,one shared preloaded model
conv-49-qa-117,bm25_cache,0.6913066326331095,14.348299999255687,293.13359999650856,308.17320662839734,one shared preloaded model
conv-49-qa-118,bm25_cache,0.6913066326331095,13.04849999723956,262.2218000033172,275.96160663318983,one shared preloaded model
conv-49-qa-119,bm25_cache,0.6913066326331095,9.754300001077354,148.00390000164043,158.4495066353509,one shared preloaded model
conv-49-qa-120,bm25_cache,0.6913066326331095,16.55639999808045,924.8077000011108,942.0554066318243,one shared preloaded model
conv-49-qa-121,bm25_cache,0.6913066326331095,13.876199998776428,348.07540000474546,362.642906636155,one shared preloaded model
conv-49-qa-122,bm25_cache,0.6913066326331095,10.68469999881927,206.44190000166418,217.81790663311656,one shared preloaded model
conv-49-qa-123,bm25_cache,0.6913066326331095,11.900000004970934,143.25629999802914,155.84760663563318,one shared preloaded model
conv-49-qa-124,bm25_cache,0.6913066326331095,16.722400003345683,1239.4388000029721,1256.852506638951,one shared preloaded model
conv-49-qa-125,bm25_cache,0.6913066326331095,10.441099999297876,730.9678999954485,742.1003066273795,one shared preloaded model
conv-49-qa-126,bm25_cache,0.6913066326331095,10.947199996735435,500.5925000004936,512.2310066298621,one shared preloaded model
conv-49-qa-127,bm25_cache,0.6913066326331095,9.923300000082236,750.1426999951946,760.7573066279099,one shared preloaded model
conv-49-qa-128,bm25_cache,0.6913066326331095,10.304199997335672,479.8231999957352,490.81870662570395,one shared preloaded model
conv-49-qa-129,bm25_cache,0.6913066326331095,10.462900005222764,217.22469999804161,228.3789066358975,one shared preloaded model
conv-49-qa-130,bm25_cache,0.6913066326331095,11.996900000667665,223.15530000196304,235.84350663526382,one shared preloaded model
conv-49-qa-131,bm25_cache,0.6913066326331095,11.25579999643378,161.099999997532,173.0471066265989,one shared preloaded model
conv-49-qa-132,bm25_cache,0.6913066326331095,11.839500002679415,178.17449999711243,190.70530663242496,one shared preloaded model
conv-49-qa-133,bm25_cache,0.6913066326331095,17.261799999687355,822.8124000015669,840.7655066338873,one shared preloaded model
conv-49-qa-134,bm25_cache,0.6913066326331095,13.82700000249315,180.97109999507666,195.48940663020292,one shared preloaded model
conv-49-qa-135,bm25_cache,0.6913066326331095,16.983300003630575,220.12359999644104,237.79820663270473,one shared preloaded model
conv-49-qa-136,bm25_cache,0.6913066326331095,11.357800001860596,818.2362999941688,830.2854066286625,one shared preloaded model
conv-49-qa-137,bm25_cache,0.6913066326331095,14.017300003615674,606.8058000018937,621.5144066381424,one shared preloaded model
conv-49-qa-138,bm25_cache,0.6913066326331095,13.745399999606889,106.20439999911468,120.64110663135469,one shared preloaded model
conv-49-qa-139,bm25_cache,0.6913066326331095,11.262299994996283,467.2331000037957,479.18670663142507,one shared preloaded model
conv-49-qa-140,bm25_cache,0.6913066326331095,14.401200001884717,218.50819999963278,233.6007066341506,one shared preloaded model
conv-49-qa-141,bm25_cache,0.6913066326331095,11.979299997619819,225.9667999969679,238.63740662722083,one shared preloaded model
conv-49-qa-142,bm25_cache,0.6913066326331095,11.832899996079504,857.6438000018243,870.1680066305369,one shared preloaded model
conv-49-qa-143,bm25_cache,0.6913066326331095,10.400599996501114,616.8658000024152,627.9577066315494,one shared preloaded model
conv-49-qa-144,bm25_cache,0.6913066326331095,13.120099996740464,233.29779999767197,247.10920662704555,one shared preloaded model
conv-49-qa-145,bm25_cache,0.6913066326331095,12.454799994884524,131.46649999544024,144.61260662295788,one shared preloaded model
conv-49-qa-146,bm25_cache,0.6913066326331095,17.799100001866464,1283.124300003692,1301.6147066381916,one shared preloaded model
conv-49-qa-147,bm25_cache,0.6913066326331095,13.593899995612446,257.21380000322824,271.4990066314738,one shared preloaded model
conv-49-qa-148,bm25_cache,0.6913066326331095,13.332499998796266,210.67739999853075,224.70120662996013,one shared preloaded model
conv-49-qa-149,bm25_cache,0.6913066326331095,10.320599998522084,717.0198000021628,728.031706633318,one shared preloaded model
conv-49-qa-150,bm25_cache,0.6913066326331095,11.608200002228841,296.87969999940833,309.17920663427026,one shared preloaded model
conv-49-qa-151,bm25_cache,0.6913066326331095,12.498899995989632,197.8434000047855,211.03360663340825,one shared preloaded model
conv-49-qa-152,bm25_cache,0.6913066326331095,11.937399998714682,178.85849999584025,191.48720662718804,one shared preloaded model
conv-49-qa-153,bm25_cache,0.6913066326331095,17.62600000074599,432.73390000103973,451.0512066344188,one shared preloaded model
conv-49-qa-154,bm25_cache,0.6913066326331095,14.279500006523449,602.1120000004885,617.082806639645,one shared preloaded model
conv-49-qa-155,bm25_cache,0.6913066326331095,13.978199996927287,201.09509999747388,215.76460662703428,one shared preloaded model
conv-49-qa-156,bm25_cache,0.6913066326331095,11.792099998274352,163.68729999521747,176.17070662612494,one shared preloaded model
conv-49-qa-157,bm25_cache,0.6913066326331095,11.798499996075407,1220.486099999107,1232.9759066278154,one shared preloaded model
conv-49-qa-158,bm25_cache,0.6913066326331095,11.550900002475828,203.44479999766918,215.68700663277812,one shared preloaded model
conv-49-qa-159,bm25_cache,0.6913066326331095,10.626299997966271,166.51709999860032,177.8347066291997,one shared preloaded model
conv-49-qa-160,bm25_cache,0.6913066326331095,11.45869999891147,214.53939999628346,226.68940662782805,one shared preloaded model
conv-49-qa-161,bm25_cache,0.6913066326331095,10.60190000134753,214.34329999465263,225.63650662863327,one shared preloaded model
conv-49-qa-162,bm25_cache,0.6913066326331095,10.309999997843988,567.7301000032458,578.7314066337228,one shared preloaded model
conv-49-qa-163,bm25_cache,0.6913066326331095,10.921100001723971,236.72629999782657,248.33870663218366,one shared preloaded model
conv-49-qa-164,bm25_cache,0.6913066326331095,13.371799999731593,221.86040000087814,235.92350663324285,one shared preloaded model
conv-49-qa-165,bm25_cache,0.6913066326331095,11.396000001695938,213.17909999925178,225.26640663358083,one shared preloaded model
conv-49-qa-166,bm25_cache,0.6913066326331095,12.361900000541937,207.24929999414599,220.30250662732104,one shared preloaded model
conv-49-qa-167,bm25_cache,0.6913066326331095,10.429599999042694,1613.9708000046085,1625.0917066362842,one shared preloaded model
conv-49-qa-168,bm25_cache,0.6913066326331095,10.578900000837166,220.53109999978915,231.80130663325943,one shared preloaded model
conv-49-qa-169,bm25_cache,0.6913066326331095,11.7513000004692,225.45800000079907,237.9006066339014,one shared preloaded model
conv-49-qa-170,bm25_cache,0.6913066326331095,11.198100000910927,221.08139999909326,232.9708066326373,one shared preloaded model
conv-49-qa-171,bm25_cache,0.6913066326331095,9.839300000749063,170.3877999971155,180.91840663049769,one shared preloaded model
conv-49-qa-172,bm25_cache,0.6913066326331095,16.835399997944478,224.47839999949792,242.00510663007552,one shared preloaded model
conv-49-qa-173,bm25_cache,0.6913066326331095,11.324200000672136,224.7981999971671,236.81370663047235,one shared preloaded model
conv-49-qa-174,bm25_cache,0.6913066326331095,9.849100002611522,267.89979999739444,278.44020663263905,one shared preloaded model
conv-49-qa-175,bm25_cache,0.6913066326331095,13.910800000303425,424.35850000038045,438.96060663331696,one shared preloaded model
conv-49-qa-176,bm25_cache,0.6913066326331095,10.156899996218272,227.41539999697125,238.26360662582263,one shared preloaded model
conv-49-qa-177,bm25_cache,0.6913066326331095,10.283499999786727,203.79819999652682,214.77300662894666,one shared preloaded model
conv-49-qa-178,bm25_cache,0.6913066326331095,13.234999998530839,208.4751000002143,222.40140663137825,one shared preloaded model
conv-49-qa-179,bm25_cache,0.6913066326331095,10.014799998316448,199.69599999603815,210.40210662698772,one shared preloaded model
conv-49-qa-180,bm25_cache,0.6913066326331095,11.350100001436658,197.63209999655373,209.6735066306235,one shared preloaded model
conv-49-qa-181,bm25_cache,0.6913066326331095,9.827599998970982,159.85480000381358,170.37370663541768,one shared preloaded model
conv-49-qa-182,bm25_cache,0.6913066326331095,15.092200002982281,465.7061999969301,481.48970663254545,one shared preloaded model
conv-49-qa-183,bm25_cache,0.6913066326331095,13.55659999535419,206.33839999936754,220.58630662735484,one shared preloaded model
conv-49-qa-184,bm25_cache,0.6913066326331095,10.156199998164084,469.5523999980651,480.39990662886225,one shared preloaded model
conv-49-qa-185,bm25_cache,0.6913066326331095,9.804299996176269,224.58740000001853,235.08300662882792,one shared preloaded model
conv-49-qa-186,bm25_cache,0.6913066326331095,10.528600003453903,162.8603999997722,174.08030663585922,one shared preloaded model
conv-49-qa-187,bm25_cache,0.6913066326331095,17.74719999957597,224.41600000456674,242.85450663677582,one shared preloaded model
conv-49-qa-188,bm25_cache,0.6913066326331095,11.899500001163688,415.1454000020749,427.73620663587167,one shared preloaded model
conv-49-qa-189,bm25_cache,0.6913066326331095,10.380300001997966,223.18719999748282,234.2588066321139,one shared preloaded model
conv-49-qa-190,bm25_cache,0.6913066326331095,9.629000000131782,246.57750000187661,256.8978066346415,one shared preloaded model
conv-49-qa-191,bm25_cache,0.6913066326331095,10.67749999492662,222.2191999971983,233.58800662475804,one shared preloaded model
conv-49-qa-192,bm25_cache,0.6913066326331095,9.993699997721706,206.34940000309143,217.03440663344625,one shared preloaded model
conv-49-qa-193,bm25_cache,0.6913066326331095,10.710399998060893,179.55210000218358,190.9538066328776,one shared preloaded model
conv-49-qa-194,bm25_cache,0.6913066326331095,11.797600003774278,206.44980000361102,218.9387066400184,one shared preloaded model
conv-49-qa-195,bm25_cache,0.6913066326331095,10.6454000051599,426.87909999949625,438.21580663728923,one shared preloaded model
conv-50-qa-0,bm25_cache,0.8413230392333764,16.846200000145473,514.291499996034,531.9790230354129,one shared preloaded model
conv-50-qa-1,bm25_cache,0.8413230392333764,13.68400000501424,200.6247999961488,215.1501230403964,one shared preloaded model
conv-50-qa-2,bm25_cache,0.8413230392333764,10.834100001375191,506.6510999968159,518.3265230374245,one shared preloaded model
conv-50-qa-3,bm25_cache,0.8413230392333764,12.142200001107994,199.9327000012272,212.91622304156857,one shared preloaded model
conv-50-qa-4,bm25_cache,0.8413230392333764,10.595899999316316,136.70550000097137,148.14272303952106,one shared preloaded model
conv-50-qa-5,bm25_cache,0.8413230392333764,17.195799999171868,213.9859000017168,232.02302304012204,one shared preloaded model
conv-50-qa-6,bm25_cache,0.8413230392333764,14.882999996189028,211.64519999729237,227.36952303271477,one shared preloaded model
conv-50-qa-7,bm25_cache,0.8413230392333764,12.14369999797782,218.80239999882178,231.78742303603298,one shared preloaded model
conv-50-qa-8,bm25_cache,0.8413230392333764,10.371100004704203,473.45200000563636,484.66442304957394,one shared preloaded model
conv-50-qa-9,bm25_cache,0.8413230392333764,12.088199997378979,342.1816999980365,355.11122303464884,one shared preloaded model
conv-50-qa-10,bm25_cache,0.8413230392333764,14.398799998161849,203.41860000189627,218.6587230392915,one shared preloaded model
conv-50-qa-11,bm25_cache,0.8413230392333764,10.338199994293973,223.07610000279965,234.255623036327,one shared preloaded model
conv-50-qa-12,bm25_cache,0.8413230392333764,10.352799996326212,531.5273999949568,542.7215230305164,one shared preloaded model
conv-50-qa-13,bm25_cache,0.8413230392333764,14.477500000793952,206.63030000287108,221.9491230428984,one shared preloaded model
conv-50-qa-14,bm25_cache,0.8413230392333764,12.293400002818089,462.5568999981624,475.69162304021387,one shared preloaded model
conv-50-qa-15,bm25_cache,0.8413230392333764,10.947800001304131,206.17759999731788,217.9667230378554,one shared preloaded model
conv-50-qa-16,bm25_cache,0.8413230392333764,11.096700000052806,306.64509999769507,318.58312303698125,one shared preloaded model
conv-50-qa-17,bm25_cache,0.8413230392333764,10.583900002529845,207.50170000246726,218.92692304423048,one shared preloaded model
conv-50-qa-18,bm25_cache,0.8413230392333764,10.908899996138643,136.44660000136355,148.19682303673557,one shared preloaded model
conv-50-qa-19,bm25_cache,0.8413230392333764,18.09460000367835,422.87589999614283,441.81182303905456,one shared preloaded model
conv-50-qa-20,bm25_cache,0.8413230392333764,13.19369999691844,207.86650000081863,221.90152303697045,one shared preloaded model
conv-50-qa-21,bm25_cache,0.8413230392333764,10.81250000424916,231.47289999906207,243.1267230425446,one shared preloaded model
conv-50-qa-22,bm25_cache,0.8413230392333764,10.51309999456862,116.97400000412017,128.32842303792216,one shared preloaded model
conv-50-qa-23,bm25_cache,0.8413230392333764,17.677299998467788,421.0374999966007,439.55612303430183,one shared preloaded model
conv-50-qa-24,bm25_cache,0.8413230392333764,14.035100000910461,126.70929999876535,141.58572303890918,one shared preloaded model
conv-50-qa-25,bm25_cache,0.8413230392333764,17.84090000001015,228.2141000032425,246.89632304248602,one shared preloaded model
conv-50-qa-26,bm25_cache,0.8413230392333764,14.914999999746215,347.79449999768985,363.55082303666944,one shared preloaded model
conv-50-qa-27,bm25_cache,0.8413230392333764,10.657099999662023,156.73720000631874,168.23562304521414,one shared preloaded model
conv-50-qa-28,bm25_cache,0.8413230392333764,17.476200002420228,297.377900002175,315.6954230438286,one shared preloaded model
conv-50-qa-29,bm25_cache,0.8413230392333764,15.425400000822265,214.16689999750815,230.4336230375638,one shared preloaded model
conv-50-qa-30,bm25_cache,0.8413230392333764,12.338599997747224,147.31680000113556,160.49672303811616,one shared preloaded model
conv-50-qa-31,bm25_cache,0.8413230392333764,18.06879999639932,210.81260000210023,229.72272303773292,one shared preloaded model
conv-50-qa-32,bm25_cache,0.8413230392333764,11.193099999218248,162.43329999997513,174.46772303842675,one shared preloaded model
conv-50-qa-33,bm25_cache,0.8413230392333764,17.615400000067893,444.1737000015564,462.6304230408577,one shared preloaded model
conv-50-qa-34,bm25_cache,0.8413230392333764,10.662900000170339,472.1179999978631,483.6222230372668,one shared preloaded model
conv-50-qa-35,bm25_cache,0.8413230392333764,10.81710000289604,462.7983000027598,474.4567230448892,one shared preloaded model
conv-50-qa-36,bm25_cache,0.8413230392333764,14.19529999839142,337.2077000021818,352.2443230398066,one shared preloaded model
conv-50-qa-37,bm25_cache,0.8413230392333764,14.791499997954816,226.68780000094557,242.32062303813376,one shared preloaded model
conv-50-qa-38,bm25_cache,0.8413230392333764,10.937899998680223,304.1279000026407,315.90712304055427,one shared preloaded model
conv-50-qa-39,bm25_cache,0.8413230392333764,11.694600005284883,215.8153999989736,228.35132304349185,one shared preloaded model
conv-50-qa-40,bm25_cache,0.8413230392333764,13.30690000031609,215.90480000304524,230.0530230425947,one shared preloaded model
conv-50-qa-41,bm25_cache,0.8413230392333764,12.750900001265109,103.75710000516847,117.34932304566695,one shared preloaded model
conv-50-qa-42,bm25_cache,0.8413230392333764,19.673399998282548,106.13420000299811,126.64892304051403,one shared preloaded model
conv-50-qa-43,bm25_cache,0.8413230392333764,15.902899998764042,168.26959999889368,185.0138230368911,one shared preloaded model
conv-50-qa-44,bm25_cache,0.8413230392333764,18.106699993950315,303.6590999981854,322.6071230313691,one shared preloaded model
conv-50-qa-45,bm25_cache,0.8413230392333764,10.90459999977611,159.7304999959306,171.47642303494007,one shared preloaded model
conv-50-qa-46,bm25_cache,0.8413230392333764,12.285299999348354,224.9775000018417,238.10412304042342,one shared preloaded model
conv-50-qa-47,bm25_cache,0.8413230392333764,11.481200002890546,126.48369999806164,138.80622304018556,one shared preloaded model
conv-50-qa-48,bm25_cache,0.8413230392333764,11.535999998159241,231.45479999948293,243.83212303687554,one shared preloaded model
conv-50-qa-49,bm25_cache,0.8413230392333764,14.36910000484204,245.15660000179196,260.36702304586737,one shared preloaded model
conv-50-qa-50,bm25_cache,0.8413230392333764,10.606099996948615,206.17540000239387,217.62282303857586,one shared preloaded model
conv-50-qa-51,bm25_cache,0.8413230392333764,10.438300007081125,219.3288000053144,230.6084230516289,one shared preloaded model
conv-50-qa-52,bm25_cache,0.8413230392333764,14.90639999974519,468.2170000014594,483.96472304043795,one shared preloaded model
conv-50-qa-53,bm25_cache,0.8413230392333764,12.073999998392537,103.32190000190167,116.23722303952758,one shared preloaded model
conv-50-qa-54,bm25_cache,0.8413230392333764,17.800100002205,665.0465999991866,683.688023040625,one shared preloaded model
conv-50-qa-55,bm25_cache,0.8413230392333764,18.89379999920493,500.7705000025453,520.5056230409837,one shared preloaded model
conv-50-qa-56,bm25_cache,0.8413230392333764,14.274300003307872,205.7529000012437,220.86852304378493,one shared preloaded model
conv-50-qa-57,bm25_cache,0.8413230392333764,10.431499998958316,210.12820000032661,221.4010230385183,one shared preloaded model
conv-50-qa-58,bm25_cache,0.8413230392333764,12.278099995455705,222.3606000043219,235.48002303901097,one shared preloaded model
conv-50-qa-59,bm25_cache,0.8413230392333764,14.944300004572142,203.99210000323365,219.77772304703916,one shared preloaded model
conv-50-qa-60,bm25_cache,0.8413230392333764,10.719199999584816,222.55540000332985,234.11592304214804,one shared preloaded model
conv-50-qa-61,bm25_cache,0.8413230392333764,11.057700001401827,501.96779999532737,513.8668230359626,one shared preloaded model
conv-50-qa-62,bm25_cache,0.8413230392333764,12.048999997205101,226.26470000250265,239.15502303894112,one shared preloaded model
conv-50-qa-63,bm25_cache,0.8413230392333764,11.677399998006877,224.43590000330005,236.9546230405403,one shared preloaded model
conv-50-qa-64,bm25_cache,0.8413230392333764,10.784199999761768,227.03069999988656,238.6562230388817,one shared preloaded model
conv-50-qa-65,bm25_cache,0.8413230392333764,12.807899998733774,500.05049999890616,513.6997230368734,one shared preloaded model
conv-50-qa-66,bm25_cache,0.8413230392333764,15.663499994843733,203.68849999795202,220.19332303202913,one shared preloaded model
conv-50-qa-67,bm25_cache,0.8413230392333764,11.46310000331141,155.30479999870295,167.60922304124773,one shared preloaded model
conv-50-qa-68,bm25_cache,0.8413230392333764,142.63299999583978,167.62929999822518,311.10362303329833,one shared preloaded model
conv-50-qa-69,bm25_cache,0.8413230392333764,14.246800004912075,194.6172000025399,209.70532304668535,one shared preloaded model
conv-50-qa-70,bm25_cache,0.8413230392333764,12.773199996445328,514.4067000001087,528.0212230357874,one shared preloaded model
conv-50-qa-71,bm25_cache,0.8413230392333764,15.081099998496938,175.9230000025127,191.84542304024302,one shared preloaded model
conv-50-qa-72,bm25_cache,0.8413230392333764,18.57200000085868,214.23569999751635,233.6490230376084,one shared preloaded model
conv-50-qa-73,bm25_cache,0.8413230392333764,12.28360000095563,221.3532000023406,234.4781230425296,one shared preloaded model
conv-50-qa-74,bm25_cache,0.8413230392333764,14.836900001682807,282.997999995132,298.67622303604816,one shared preloaded model
conv-50-qa-75,bm25_cache,0.8413230392333764,11.079299998527858,197.69539999833796,209.6160230360992,one shared preloaded model
conv-50-qa-76,bm25_cache,0.8413230392333764,10.867700002563652,224.49159999814583,236.20062303994285,one shared preloaded model
conv-50-qa-77,bm25_cache,0.8413230392333764,10.829399994690903,210.69680000073276,222.36752303465704,one shared preloaded model
conv-50-qa-78,bm25_cache,0.8413230392333764,13.09410000249045,587.966500002949,601.9019230446729,one shared preloaded model
conv-50-qa-79,bm25_cache,0.8413230392333764,12.087699993571732,220.2335999973002,233.1626230301053,one shared preloaded model
conv-50-qa-80,bm25_cache,0.8413230392333764,11.132799998449627,220.95460000127787,232.92872303896087,one shared preloaded model
conv-50-qa-81,bm25_cache,0.8413230392333764,12.441500002751127,234.40069999924162,247.68352304122612,one shared preloaded model
conv-50-qa-82,bm25_cache,0.8413230392333764,13.736400003836025,136.91390000167303,151.49162304474243,one shared preloaded model
conv-50-qa-83,bm25_cache,0.8413230392333764,18.014399996900465,212.3546000002534,231.21032303638725,one shared preloaded model
conv-50-qa-84,bm25_cache,0.8413230392333764,12.591999999131076,196.18419999460457,209.61752303296902,one shared preloaded model
conv-50-qa-85,bm25_cache,0.8413230392333764,10.450599998875987,209.57220000127563,220.864123039385,one shared preloaded model
conv-50-qa-86,bm25_cache,0.8413230392333764,11.719699999957811,222.82950000226265,235.39052304145383,one shared preloaded model
conv-50-qa-87,bm25_cache,0.8413230392333764,13.067100000625942,218.97029999672668,232.878723036586,one shared preloaded model
conv-50-qa-88,bm25_cache,0.8413230392333764,11.880999998538755,233.68720000144094,246.40952303921307,one shared preloaded model
conv-50-qa-89,bm25_cache,0.8413230392333764,12.810799998987932,174.84720000356901,188.49932304179032,one shared preloaded model
conv-50-qa-90,bm25_cache,0.8413230392333764,18.398200001684017,283.4512999979779,302.6908230388953,one shared preloaded model
conv-50-qa-91,bm25_cache,0.8413230392333764,10.46150000183843,230.3234999999404,241.6263230410122,one shared preloaded model
conv-50-qa-92,bm25_cache,0.8413230392333764,14.035399995918851,267.90610000171,282.7828230368622,one shared preloaded model
conv-50-qa-93,bm25_cache,0.8413230392333764,11.394699999073055,356.9675999970059,369.2036230353123,one shared preloaded model
conv-50-qa-94,bm25_cache,0.8413230392333764,11.858500001835637,150.17749999969965,162.87732304076866,one shared preloaded model
conv-50-qa-95,bm25_cache,0.8413230392333764,18.442799999320414,445.6017000047723,464.88582304332607,one shared preloaded model
conv-50-qa-96,bm25_cache,0.8413230392333764,15.694199995778035,244.9934000032954,261.5289230383068,one shared preloaded model
conv-50-qa-97,bm25_cache,0.8413230392333764,14.917200001946185,205.01769999827957,220.77622303945913,one shared preloaded model
conv-50-qa-98,bm25_cache,0.8413230392333764,10.979700004099868,693.898800003808,705.7198230471413,one shared preloaded model
conv-50-qa-99,bm25_cache,0.8413230392333764,11.166399999638088,776.3440000053379,788.3517230442094,one shared preloaded model
conv-50-qa-100,bm25_cache,0.8413230392333764,10.43490000301972,176.69670000032056,187.97292304257365,one shared preloaded model
conv-50-qa-101,bm25_cache,0.8413230392333764,18.32529999956023,856.4230000047246,875.5896230435183,one shared preloaded model
conv-50-qa-102,bm25_cache,0.8413230392333764,14.765300002181903,147.46919999743113,163.0758230388464,one shared preloaded model
conv-50-qa-103,bm25_cache,0.8413230392333764,17.92589999968186,380.06660000246484,398.83382304138007,one shared preloaded model
conv-50-qa-104,bm25_cache,0.8413230392333764,15.163700001721736,659.2120999994222,675.2171230403774,one shared preloaded model
conv-50-qa-105,bm25_cache,0.8413230392333764,10.594399995170534,107.53979999572039,118.9755230301243,one shared preloaded model
conv-50-qa-106,bm25_cache,0.8413230392333764,17.15120000153547,212.70630000071833,230.69882304148717,one shared preloaded model
conv-50-qa-107,bm25_cache,0.8413230392333764,14.78320000023814,226.7585000008694,242.3830230403409,one shared preloaded model
conv-50-qa-108,bm25_cache,0.8413230392333764,10.74460000381805,211.89639999647625,223.48232303952767,one shared preloaded model
conv-50-qa-109,bm25_cache,0.8413230392333764,10.276399996655528,138.08330000028946,149.20102303617836,one shared preloaded model
conv-50-qa-110,bm25_cache,0.8413230392333764,18.539299999247305,939.0729000006104,958.4535230390911,one shared preloaded model
conv-50-qa-111,bm25_cache,0.8413230392333764,10.453999995661434,209.85010000003967,221.14542303493448,one shared preloaded model
conv-50-qa-112,bm25_cache,0.8413230392333764,13.183500006562099,186.54370000149356,200.56852304728903,one shared preloaded model
conv-50-qa-113,bm25_cache,0.8413230392333764,12.653300000238232,199.72609999967972,213.22072303915132,one shared preloaded model
conv-50-qa-114,bm25_cache,0.8413230392333764,15.715599998657126,889.2245999959414,905.781523033832,one shared preloaded model
conv-50-qa-115,bm25_cache,0.8413230392333764,10.646499998983927,380.01219999569,391.5000230339073,one shared preloaded model
conv-50-qa-116,bm25_cache,0.8413230392333764,10.72530000237748,156.0590000008233,167.62562304243414,one shared preloaded model
conv-50-qa-117,bm25_cache,0.8413230392333764,17.477000001235865,226.5123000033782,244.83062304384742,one shared preloaded model
conv-50-qa-118,bm25_cache,0.8413230392333764,15.683700003137346,183.58189999707974,200.10692303945046,one shared preloaded model
conv-50-qa-119,bm25_cache,0.8413230392333764,12.837200003559701,717.6860999970813,731.3646230398745,one shared preloaded model
conv-50-qa-120,bm25_cache,0.8413230392333764,12.511500004620757,422.7731999999378,436.1260230437919,one shared preloaded model
conv-50-qa-121,bm25_cache,0.8413230392333764,11.135799999465235,323.4308999963105,335.4080230350091,one shared preloaded model
conv-50-qa-122,bm25_cache,0.8413230392333764,10.763199999928474,194.32339999912074,205.9279230382826,one shared preloaded model
conv-50-qa-123,bm25_cache,0.8413230392333764,11.608900000283029,1188.6424999975134,1201.0927230370298,one shared preloaded model
conv-50-qa-124,bm25_cache,0.8413230392333764,15.850399999180809,189.3597000016598,206.05142304007398,one shared preloaded model
conv-50-qa-125,bm25_cache,0.8413230392333764,14.475199997832533,163.72580000461312,179.04232304167903,one shared preloaded model
conv-50-qa-126,bm25_cache,0.8413230392333764,18.750099996395875,215.40939999977127,235.00082303540051,one shared preloaded model
conv-50-qa-127,bm25_cache,0.8413230392333764,11.627800005953759,231.90489999979036,244.3740230449775,one shared preloaded model
conv-50-qa-128,bm25_cache,0.8413230392333764,13.966799997433554,392.03299999644514,406.84112303311207,one shared preloaded model
conv-50-qa-129,bm25_cache,0.8413230392333764,13.979799994558562,141.58469999529188,156.40582302908382,one shared preloaded model
conv-50-qa-130,bm25_cache,0.8413230392333764,17.907399997056928,490.77519999991637,509.52392303620667,one shared preloaded model
conv-50-qa-131,bm25_cache,0.8413230392333764,14.127800001006108,875.2196999994339,890.1888230396735,one shared preloaded model
conv-50-qa-132,bm25_cache,0.8413230392333764,11.827399997855537,891.2987000003341,903.967423037423,one shared preloaded model
conv-50-qa-133,bm25_cache,0.8413230392333764,14.33309999993071,394.49830000376096,409.67272304292504,one shared preloaded model
conv-50-qa-134,bm25_cache,0.8413230392333764,12.994600001547951,343.21189999900525,357.0478230397866,one shared preloaded model
conv-50-qa-135,bm25_cache,0.8413230392333764,15.147199999773875,153.79780000512255,169.7863230441298,one shared preloaded model
conv-50-qa-136,bm25_cache,0.8413230392333764,18.17010000377195,220.10969999973895,239.12112304274427,one shared preloaded model
conv-50-qa-137,bm25_cache,0.8413230392333764,10.428800000227056,214.56639999814797,225.8365230376084,one shared preloaded model
conv-50-qa-138,bm25_cache,0.8413230392333764,12.8642999989097,137.84560000203783,151.5512230401809,one shared preloaded model
conv-50-qa-139,bm25_cache,0.8413230392333764,18.205599997600075,218.46039999945788,237.50732303629133,one shared preloaded model
conv-50-qa-140,bm25_cache,0.8413230392333764,10.974099997838493,682.1301999952993,693.9456230323713,one shared preloaded model
conv-50-qa-141,bm25_cache,0.8413230392333764,12.917000000015832,135.59620000160066,149.35452304084987,one shared preloaded model
conv-50-qa-142,bm25_cache,0.8413230392333764,18.10509999631904,835.9213000003365,854.867723035889,one shared preloaded model
conv-50-qa-143,bm25_cache,0.8413230392333764,15.527300005487632,291.4556000032462,307.8242230479672,one shared preloaded model
conv-50-qa-144,bm25_cache,0.8413230392333764,13.040599995292723,150.77459999884013,164.65652303336623,one shared preloaded model
conv-50-qa-145,bm25_cache,0.8413230392333764,15.836499995202757,219.87309999531135,236.55092302974748,one shared preloaded model
conv-50-qa-146,bm25_cache,0.8413230392333764,11.22419999592239,155.05169999960344,167.1172230347592,one shared preloaded model
conv-50-qa-147,bm25_cache,0.8413230392333764,12.384599998767953,417.7756999997655,431.0016230377668,one shared preloaded model
conv-50-qa-148,bm25_cache,0.8413230392333764,13.736499997321516,192.02129999757744,206.59912303413233,one shared preloaded model
conv-50-qa-149,bm25_cache,0.8413230392333764,11.087199993198738,459.66259999840986,471.59112303084197,one shared preloaded model
conv-50-qa-150,bm25_cache,0.8413230392333764,13.725400000112131,120.11809999967227,134.68482303901777,one shared preloaded model
conv-50-qa-151,bm25_cache,0.8413230392333764,16.179799997189548,100.67309999431018,117.6942230307331,one shared preloaded model
conv-50-qa-152,bm25_cache,0.8413230392333764,17.678899996099062,323.8484999965294,342.36872303186186,one shared preloaded model
conv-50-qa-153,bm25_cache,0.8413230392333764,11.2407999986317,218.9698000001954,231.05192303806047,one shared preloaded model
conv-50-qa-154,bm25_cache,0.8413230392333764,10.247099999105558,213.79020000313176,224.8786230414707,one shared preloaded model
conv-50-qa-155,bm25_cache,0.8413230392333764,14.46109999960754,196.634299994912,211.9367230337529,one shared preloaded model
conv-50-qa-156,bm25_cache,0.8413230392333764,11.134399996080901,410.92480000224896,422.90052303756323,one shared preloaded model
conv-50-qa-157,bm25_cache,0.8413230392333764,15.063099999679253,563.4938000002876,579.3982230392003,one shared preloaded model
conv-50-qa-158,bm25_cache,0.8413230392333764,14.930299999832641,227.99550000490854,243.76712304397455,one shared preloaded model
conv-50-qa-159,bm25_cache,0.8413230392333764,12.782899997546338,216.28700000292156,229.91122303970127,one shared preloaded model
conv-50-qa-160,bm25_cache,0.8413230392333764,12.809800005925354,222.4796000009519,236.13072304611063,one shared preloaded model
conv-50-qa-161,bm25_cache,0.8413230392333764,10.676099998818245,211.75249999942025,223.26992303747187,one shared preloaded model
conv-50-qa-162,bm25_cache,0.8413230392333764,10.672500000509899,210.59290000266628,222.10672304240956,one shared preloaded model
conv-50-qa-163,bm25_cache,0.8413230392333764,12.163899998995475,236.60400000517257,249.6092230434014,one shared preloaded model
conv-50-qa-164,bm25_cache,0.8413230392333764,11.172600003192201,225.935100002971,237.9490230453966,one shared preloaded model
conv-50-qa-165,bm25_cache,0.8413230392333764,10.846599994692951,172.4642999979551,184.15222303188142,one shared preloaded model
conv-50-qa-166,bm25_cache,0.8413230392333764,13.946000006399117,226.6823000027216,241.4696230483541,one shared preloaded model
conv-50-qa-167,bm25_cache,0.8413230392333764,11.793300000135787,220.77030000218656,233.40492304155572,one shared preloaded model
conv-50-qa-168,bm25_cache,0.8413230392333764,10.504899997613393,226.22019999835175,237.5664230351985,one shared preloaded model
conv-50-qa-169,bm25_cache,0.8413230392333764,13.14000000274973,147.79219999763882,161.77352303962192,one shared preloaded model
conv-50-qa-170,bm25_cache,0.8413230392333764,19.17179999873042,226.4906999989762,246.50382303694,one shared preloaded model
conv-50-qa-171,bm25_cache,0.8413230392333764,10.863800001970958,155.92210000613704,167.62722304734137,one shared preloaded model
conv-50-qa-172,bm25_cache,0.8413230392333764,17.184800002723932,831.7775999967125,849.8037230386699,one shared preloaded model
conv-50-qa-173,bm25_cache,0.8413230392333764,15.406099999381695,146.25689999957103,162.5043230381861,one shared preloaded model
conv-50-qa-174,bm25_cache,0.8413230392333764,18.154699995648116,165.03989999910118,184.03592303398267,one shared preloaded model
conv-50-qa-175,bm25_cache,0.8413230392333764,18.177800004195888,740.4141000006348,759.4332230440641,one shared preloaded model
conv-50-qa-176,bm25_cache,0.8413230392333764,15.493100007006433,89.21679999912158,105.55122304536138,one shared preloaded model
conv-50-qa-177,bm25_cache,0.8413230392333764,13.32179999735672,216.08150000247406,230.24462303906415,one shared preloaded model
conv-50-qa-178,bm25_cache,0.8413230392333764,11.67689999419963,222.95909999957075,235.47732303300376,one shared preloaded model
conv-50-qa-179,bm25_cache,0.8413230392333764,11.568900001293514,466.4671999998973,478.87742304042416,one shared preloaded model
conv-50-qa-180,bm25_cache,0.8413230392333764,15.84720000391826,210.3867999976501,227.07532304080172,one shared preloaded model
conv-50-qa-181,bm25_cache,0.8413230392333764,12.456500000553206,888.4924999947543,901.790323034541,one shared preloaded model
conv-50-qa-182,bm25_cache,0.8413230392333764,13.18629999877885,101.12610000214772,115.15372304015995,one shared preloaded model
conv-50-qa-183,bm25_cache,0.8413230392333764,17.86980000179028,218.1364999996731,236.84762304069676,one shared preloaded model
conv-50-qa-184,bm25_cache,0.8413230392333764,13.422700001683552,218.27830000256654,232.54232304348346,one shared preloaded model
conv-50-qa-185,bm25_cache,0.8413230392333764,10.543199998210184,201.49839999794494,212.8829230353885,one shared preloaded model
conv-50-qa-186,bm25_cache,0.8413230392333764,12.475600000470877,193.66730000183452,206.98422304153877,one shared preloaded model
conv-50-qa-187,bm25_cache,0.8413230392333764,12.485700004617684,203.73629999812692,217.06332304197798,one shared preloaded model
conv-50-qa-188,bm25_cache,0.8413230392333764,12.685400004556868,208.40820000012172,221.93492304391197,one shared preloaded model
conv-50-qa-189,bm25_cache,0.8413230392333764,10.544899996602908,212.71469999919645,224.10092303503274,one shared preloaded model
conv-50-qa-190,bm25_cache,0.8413230392333764,14.522999998007435,201.9637999983388,217.3281230355796,one shared preloaded model
conv-50-qa-191,bm25_cache,0.8413230392333764,12.105499998142477,200.03370000631548,212.98052304369133,one shared preloaded model
conv-50-qa-192,bm25_cache,0.8413230392333764,10.589600002276711,222.26180000143358,233.69272304294367,one shared preloaded model
conv-50-qa-193,bm25_cache,0.8413230392333764,13.838599996233825,215.89839999796823,230.57832303343542,one shared preloaded model
conv-50-qa-194,bm25_cache,0.8413230392333764,12.410499999532476,139.7242000020924,152.97602304085825,one shared preloaded model
conv-50-qa-195,bm25_cache,0.8413230392333764,18.008999999437947,203.93040000635665,222.78072304502797,one shared preloaded model
conv-50-qa-196,bm25_cache,0.8413230392333764,12.204999999084976,143.86620000004768,156.91252303836603,one shared preloaded model
conv-50-qa-197,bm25_cache,0.8413230392333764,14.128399998298846,206.7255000001751,221.6952230377073,one shared preloaded model
conv-50-qa-198,bm25_cache,0.8413230392333764,11.346100000082515,197.9356000010739,210.1230230403898,one shared preloaded model
conv-50-qa-199,bm25_cache,0.8413230392333764,11.179100001754705,148.0777999968268,160.09822303781488,one shared preloaded model
conv-50-qa-200,bm25_cache,0.8413230392333764,18.125199996575247,203.98759999807226,222.95412303388088,one shared preloaded model
conv-50-qa-201,bm25_cache,0.8413230392333764,10.962000000290573,384.6560000019963,396.45932304152024,one shared preloaded model
conv-50-qa-202,bm25_cache,0.8413230392333764,15.38359999540262,214.5918999958667,230.8168230305027,one shared preloaded model
conv-50-qa-203,bm25_cache,0.8413230392333764,12.069299998984206,392.8144000019529,405.72502304017047,one shared preloaded model
