example_id,agent,update_ms,read_ms,generation_ms,end_to_end_ms,model_loading_policy
conv-26-qa-0,chalm,2.198136683413642,26.262899991706945,463.9937000029022,492.45473667802275,one shared preloaded model
conv-26-qa-1,chalm,2.198136683413642,13.207899988628924,176.14640000101645,191.55243667305902,one shared preloaded model
conv-26-qa-2,chalm,2.198136683413642,17.976699993596412,214.95029999641702,235.12513667342708,one shared preloaded model
conv-26-qa-3,chalm,2.198136683413642,12.97300000442192,180.18929999379907,195.36043668163464,one shared preloaded model
conv-26-qa-4,chalm,2.198136683413642,15.056499993079342,221.3114000041969,238.5660366806899,one shared preloaded model
conv-26-qa-5,chalm,2.198136683413642,13.665400008903816,167.08919999655336,182.95273668887083,one shared preloaded model
conv-26-qa-6,chalm,2.198136683413642,13.608099994598888,159.34610000113025,175.1523366791428,one shared preloaded model
conv-26-qa-7,chalm,2.198136683413642,18.959100008942187,205.9203999961028,227.07763668845863,one shared preloaded model
conv-26-qa-8,chalm,2.198136683413642,12.520399992354214,211.85669999977108,226.57523667553895,one shared preloaded model
conv-26-qa-9,chalm,2.198136683413642,14.675500002340414,480.0238000025274,496.89743668828146,one shared preloaded model
conv-26-qa-10,chalm,2.198136683413642,16.261699987808242,148.79990000918042,167.2597366804023,one shared preloaded model
conv-26-qa-11,chalm,2.198136683413642,19.646800006739795,213.00099999643862,234.84593668659207,one shared preloaded model
conv-26-qa-12,chalm,2.198136683413642,12.216299990541302,209.39829999406356,223.81273666801852,one shared preloaded model
conv-26-qa-13,chalm,2.198136683413642,13.904800012824126,215.9512999933213,232.05423668955908,one shared preloaded model
conv-26-qa-14,chalm,2.198136683413642,15.145199999096803,242.03639999905135,259.3797366815618,one shared preloaded model
conv-26-qa-15,chalm,2.198136683413642,13.357599993469194,156.424100001459,171.97983667834185,one shared preloaded model
conv-26-qa-16,chalm,2.198136683413642,19.8985999886645,495.12390000745654,517.2206366795347,one shared preloaded model
conv-26-qa-17,chalm,2.198136683413642,16.445199988083914,514.3403999973089,532.9837366688064,one shared preloaded model
conv-26-qa-18,chalm,2.198136683413642,12.99819999258034,206.07260000542738,221.26893668142137,one shared preloaded model
conv-26-qa-19,chalm,2.198136683413642,13.741399990976788,206.6849000111688,222.62443668555923,one shared preloaded model
conv-26-qa-20,chalm,2.198136683413642,12.430499991751276,479.12950000318233,493.7581366783472,one shared preloaded model
conv-26-qa-21,chalm,2.198136683413642,13.12119999784045,487.11300001014024,502.4323366913943,one shared preloaded model
conv-26-qa-22,chalm,2.198136683413642,13.547300011850893,219.18420000292826,234.9296366981928,one shared preloaded model
conv-26-qa-23,chalm,2.198136683413642,13.838500002748333,231.62340000271797,247.66003668887996,one shared preloaded model
conv-26-qa-24,chalm,2.198136683413642,12.415100005455315,233.88749999867287,248.50073668754183,one shared preloaded model
conv-26-qa-25,chalm,2.198136683413642,12.688900009379722,196.04339999204967,210.93043668484304,one shared preloaded model
conv-26-qa-26,chalm,2.198136683413642,14.635799991083331,211.3577999989502,228.1917366734472,one shared preloaded model
conv-26-qa-27,chalm,2.198136683413642,12.536700000055134,239.63170000934042,254.3665366928092,one shared preloaded model
conv-26-qa-28,chalm,2.198136683413642,13.936199989984743,508.11090000206605,524.2452366754644,one shared preloaded model
conv-26-qa-29,chalm,2.198136683413642,16.17039999109693,331.54230000218377,349.9108366766943,one shared preloaded model
conv-26-qa-30,chalm,2.198136683413642,13.431700004730374,119.78369999269489,135.41353668083892,one shared preloaded model
conv-26-qa-31,chalm,2.198136683413642,12.90030000382103,161.23779999907129,176.33623668630597,one shared preloaded model
conv-26-qa-32,chalm,2.198136683413642,18.50759999069851,212.08880000631325,232.7945366804254,one shared preloaded model
conv-26-qa-33,chalm,2.198136683413642,12.448599998606369,234.8976999928709,249.54443667489093,one shared preloaded model
conv-26-qa-34,chalm,2.198136683413642,13.249099996755831,230.64790001080837,246.09513669097785,one shared preloaded model
conv-26-qa-35,chalm,2.198136683413642,13.026100001297891,317.39670000388287,332.6209366885944,one shared preloaded model
conv-26-qa-36,chalm,2.198136683413642,16.614399995887652,336.7557999881683,355.56833666746957,one shared preloaded model
conv-26-qa-37,chalm,2.198136683413642,13.614600000437349,142.30920000409242,158.12193668794342,one shared preloaded model
conv-26-qa-38,chalm,2.198136683413642,16.165599998203106,278.5460999875795,296.90983666919624,one shared preloaded model
conv-26-qa-39,chalm,2.198136683413642,14.270800005760975,298.6659000016516,315.1348366908262,one shared preloaded model
conv-26-qa-40,chalm,2.198136683413642,14.009300008183345,124.96040000405628,141.16783669565328,one shared preloaded model
conv-26-qa-41,chalm,2.198136683413642,19.118199998047203,319.74810000974685,341.0644366912077,one shared preloaded model
conv-26-qa-42,chalm,2.198136683413642,17.25980000628624,205.0234000053024,224.48133669500228,one shared preloaded model
conv-26-qa-43,chalm,2.198136683413642,13.06559999648016,120.18840000382625,135.45213668372006,one shared preloaded model
conv-26-qa-44,chalm,2.198136683413642,19.88330000312999,336.2524999974994,358.333936684043,one shared preloaded model
conv-26-qa-45,chalm,2.198136683413642,16.316099994583055,234.44220000237692,252.95643668037363,one shared preloaded model
conv-26-qa-46,chalm,2.198136683413642,16.153799995663576,116.43280000134837,134.7847366804256,one shared preloaded model
conv-26-qa-47,chalm,2.198136683413642,20.136000006459653,159.6785000001546,182.0126366900279,one shared preloaded model
conv-26-qa-48,chalm,2.198136683413642,16.952499994658865,179.28179999580607,198.43243667387858,one shared preloaded model
conv-26-qa-49,chalm,2.198136683413642,20.435400001588278,333.5574000084307,356.1909366934326,one shared preloaded model
conv-26-qa-50,chalm,2.198136683413642,13.969899999210611,219.02580000460148,235.19383668722574,one shared preloaded model
conv-26-qa-51,chalm,2.198136683413642,12.293199994019233,207.95429999998305,222.44563667741593,one shared preloaded model
conv-26-qa-52,chalm,2.198136683413642,12.407499991240911,221.27639999962412,235.88203667427868,one shared preloaded model
conv-26-qa-53,chalm,2.198136683413642,12.651800003368407,151.89930000633467,166.74923669311673,one shared preloaded model
conv-26-qa-54,chalm,2.198136683413642,19.548999989638105,495.65669998992234,517.4038366629741,one shared preloaded model
conv-26-qa-55,chalm,2.198136683413642,16.098100008093752,162.38379999413155,180.68003668563895,one shared preloaded model
conv-26-qa-56,chalm,2.198136683413642,19.55189999716822,149.87799999653362,171.6280366771155,one shared preloaded model
conv-26-qa-57,chalm,2.198136683413642,20.006199993076734,504.13459999253973,526.3389366690301,one shared preloaded model
conv-26-qa-58,chalm,2.198136683413642,12.480799996410497,113.61059999035206,128.2895366701762,one shared preloaded model
conv-26-qa-59,chalm,2.198136683413642,19.07690000371076,219.63500000128988,240.9100366884143,one shared preloaded model
conv-26-qa-60,chalm,2.198136683413642,12.705299988738261,144.00250000471715,158.90593667686906,one shared preloaded model
conv-26-qa-61,chalm,2.198136683413642,19.49409999360796,212.45999999518972,234.15223667221133,one shared preloaded model
conv-26-qa-62,chalm,2.198136683413642,14.10270000633318,160.6311000068672,176.93193669661403,one shared preloaded model
conv-26-qa-63,chalm,2.198136683413642,12.514100002590567,163.50950000924058,178.2217366952448,one shared preloaded model
conv-26-qa-64,chalm,2.198136683413642,14.821599994320422,226.43090000201482,243.4506366797489,one shared preloaded model
conv-26-qa-65,chalm,2.198136683413642,13.1070999923395,246.8968000030145,262.2020366787676,one shared preloaded model
conv-26-qa-66,chalm,2.198136683413642,14.085899994825013,218.1986999930814,234.48273667132005,one shared preloaded model
conv-26-qa-67,chalm,2.198136683413642,11.881300000823103,168.8819999981206,182.96143668235734,one shared preloaded model
conv-26-qa-68,chalm,2.198136683413642,19.029700008104555,216.16690000519156,237.39473669670977,one shared preloaded model
conv-26-qa-69,chalm,2.198136683413642,12.790399996447377,177.81940000713803,192.80793668699906,one shared preloaded model
conv-26-qa-70,chalm,2.198136683413642,18.946399999549612,225.87580000981688,247.02033669278015,one shared preloaded model
conv-26-qa-71,chalm,2.198136683413642,15.416399997775443,188.8957999908598,206.5103366720489,one shared preloaded model
conv-26-qa-72,chalm,2.198136683413642,19.628099995316006,219.960300004459,241.78653668318864,one shared preloaded model
conv-26-qa-73,chalm,2.198136683413642,14.40399998682551,214.88820000377018,231.49033667400934,one shared preloaded model
conv-26-qa-74,chalm,2.198136683413642,12.997800004086457,342.5993999990169,357.795336686517,one shared preloaded model
conv-26-qa-75,chalm,2.198136683413642,16.15009999659378,129.2403999977978,147.58863667780523,one shared preloaded model
conv-26-qa-76,chalm,2.198136683413642,17.777899993234314,101.6791000001831,121.65513667683106,one shared preloaded model
conv-26-qa-77,chalm,2.198136683413642,18.972300007590093,224.55829998943955,245.7287366804433,one shared preloaded model
conv-26-qa-78,chalm,2.198136683413642,13.356100011151284,185.38540000736248,200.9396367019274,one shared preloaded model
conv-26-qa-79,chalm,2.198136683413642,15.27899999928195,150.03980000619777,167.51693668889337,one shared preloaded model
conv-26-qa-80,chalm,2.198136683413642,19.094600007520057,495.01450000389013,516.3072366948238,one shared preloaded model
conv-26-qa-81,chalm,2.198136683413642,16.72569999936968,225.2874999976484,244.21133668043174,one shared preloaded model
conv-26-qa-82,chalm,2.198136683413642,13.81450000917539,152.68260000448208,168.69523669707112,one shared preloaded model
conv-26-qa-83,chalm,2.198136683413642,19.24759999383241,282.0574000070337,303.50313668427975,one shared preloaded model
conv-26-qa-84,chalm,2.198136683413642,15.844499997911043,225.09490000084043,243.13753668216512,one shared preloaded model
conv-26-qa-85,chalm,2.198136683413642,12.556399989989586,224.545200006105,239.29973667950824,one shared preloaded model
conv-26-qa-86,chalm,2.198136683413642,11.963700002525002,246.05259999225382,260.21443667819244,one shared preloaded model
conv-26-qa-87,chalm,2.198136683413642,13.85219999065157,285.9975999890594,302.0479366631246,one shared preloaded model
conv-26-qa-88,chalm,2.198136683413642,13.29819999227766,232.68719999759924,248.18353667329055,one shared preloaded model
conv-26-qa-89,chalm,2.198136683413642,13.75289999123197,215.13620000041556,231.08723667506118,one shared preloaded model
conv-26-qa-90,chalm,2.198136683413642,11.870200003613718,151.12009999575093,165.1884366827783,one shared preloaded model
conv-26-qa-91,chalm,2.198136683413642,18.958899992867373,241.28600000403821,262.4430366803192,one shared preloaded model
conv-26-qa-92,chalm,2.198136683413642,12.231100001372397,107.18709998764098,121.61633667242701,one shared preloaded model
conv-26-qa-93,chalm,2.198136683413642,13.833600009093061,173.61040000105277,189.64213669355948,one shared preloaded model
conv-26-qa-94,chalm,2.198136683413642,19.100799996522255,260.75760000094306,282.05653668087893,one shared preloaded model
conv-26-qa-95,chalm,2.198136683413642,15.751499988255091,236.48449999745935,254.4341366691281,one shared preloaded model
conv-26-qa-96,chalm,2.198136683413642,16.60750000155531,270.57930000592023,289.38493669088916,one shared preloaded model
conv-26-qa-97,chalm,2.198136683413642,13.06700000714045,214.10759999707807,229.37273668763217,one shared preloaded model
conv-26-qa-98,chalm,2.198136683413642,12.39299999724608,407.3274999973364,421.9186366779961,one shared preloaded model
conv-26-qa-99,chalm,2.198136683413642,13.833899996825494,268.5689999925671,284.60103667280623,one shared preloaded model
conv-26-qa-100,chalm,2.198136683413642,12.411799994879402,228.1007999990834,242.71073667737645,one shared preloaded model
conv-26-qa-101,chalm,2.198136683413642,13.020300000789575,121.00089999148622,136.21933667568945,one shared preloaded model
conv-26-qa-102,chalm,2.198136683413642,12.489399989135563,443.9807999879122,458.66833666046136,one shared preloaded model
conv-26-qa-103,chalm,2.198136683413642,12.48920000216458,202.68669999495614,217.37403668053437,one shared preloaded model
conv-26-qa-104,chalm,2.198136683413642,15.595100005157292,243.6024000053294,261.3956366939003,one shared preloaded model
conv-26-qa-105,chalm,2.198136683413642,14.489399996818975,538.3189999993192,555.0065366795518,one shared preloaded model
conv-26-qa-106,chalm,2.198136683413642,15.38559999607969,141.20469999033958,158.78843666983292,one shared preloaded model
conv-26-qa-107,chalm,2.198136683413642,19.187400001101196,235.80840000067838,257.1939366851932,one shared preloaded model
conv-26-qa-108,chalm,2.198136683413642,11.933200003113598,202.69780000671744,216.8291366932447,one shared preloaded model
conv-26-qa-109,chalm,2.198136683413642,12.669800009462051,150.10939999774564,164.97733669062134,one shared preloaded model
conv-26-qa-110,chalm,2.198136683413642,19.57629999378696,164.6881999913603,186.46263666856092,one shared preloaded model
conv-26-qa-111,chalm,2.198136683413642,14.142300002276897,163.25680000591092,179.59723669160147,one shared preloaded model
conv-26-qa-112,chalm,2.198136683413642,16.845300007844344,248.07220000366215,267.1156366949201,one shared preloaded model
conv-26-qa-113,chalm,2.198136683413642,12.666100010392256,417.3000000009779,432.16423669478377,one shared preloaded model
conv-26-qa-114,chalm,2.198136683413642,15.331100003095344,213.454400000046,230.983636686555,one shared preloaded model
conv-26-qa-115,chalm,2.198136683413642,15.105300000868738,575.4000000015367,592.703436685819,one shared preloaded model
conv-26-qa-116,chalm,2.198136683413642,15.65689999551978,261.70199998887256,279.55703666780596,one shared preloaded model
conv-26-qa-117,chalm,2.198136683413642,12.128200003644451,268.5337000002619,282.86003668731996,one shared preloaded model
conv-26-qa-118,chalm,2.198136683413642,12.743799990857951,439.03390000923537,453.97583668350694,one shared preloaded model
conv-26-qa-119,chalm,2.198136683413642,16.09489999827929,233.5826999915298,251.87573667322275,one shared preloaded model
conv-26-qa-120,chalm,2.198136683413642,12.591199993039481,157.3420999920927,172.13143666854583,one shared preloaded model
conv-26-qa-121,chalm,2.198136683413642,19.140099990181625,223.77929999493062,245.1175366685259,one shared preloaded model
conv-26-qa-122,chalm,2.198136683413642,12.219800002640113,361.4042999979574,375.82223668401116,one shared preloaded model
conv-26-qa-123,chalm,2.198136683413642,12.556799993035384,206.6820999898482,221.43703666629725,one shared preloaded model
conv-26-qa-124,chalm,2.198136683413642,12.835399989853613,214.78059999935795,229.8141366726252,one shared preloaded model
conv-26-qa-125,chalm,2.198136683413642,11.931999993976206,415.36359999736305,429.4937366747529,one shared preloaded model
conv-26-qa-126,chalm,2.198136683413642,13.108699989970773,174.74659999425057,190.053436667635,one shared preloaded model
conv-26-qa-127,chalm,2.198136683413642,19.08739999635145,121.09200000122655,142.37753668099165,one shared preloaded model
conv-26-qa-128,chalm,2.198136683413642,19.08890000777319,200.03610001003835,221.3231367012252,one shared preloaded model
conv-26-qa-129,chalm,2.198136683413642,14.470899986918084,123.43269999837503,140.10173666870676,one shared preloaded model
conv-26-qa-130,chalm,2.198136683413642,18.94150000589434,248.17299999995157,269.31263668925953,one shared preloaded model
conv-26-qa-131,chalm,2.198136683413642,12.631999998120591,206.15640000323765,220.9865366847719,one shared preloaded model
conv-26-qa-132,chalm,2.198136683413642,13.003000000026077,208.70770000328775,223.90883668672748,one shared preloaded model
conv-26-qa-133,chalm,2.198136683413642,13.568700000178069,298.86789999727625,314.63473668086795,one shared preloaded model
conv-26-qa-134,chalm,2.198136683413642,15.846700000111014,293.31829999864567,311.3631366821703,one shared preloaded model
conv-26-qa-135,chalm,2.198136683413642,13.713399996049702,208.12399999704212,224.03553667650547,one shared preloaded model
conv-26-qa-136,chalm,2.198136683413642,13.195199993788265,250.88219999452122,266.2755366717231,one shared preloaded model
conv-26-qa-137,chalm,2.198136683413642,13.924400001997128,225.645300000906,241.76783668631677,one shared preloaded model
conv-26-qa-138,chalm,2.198136683413642,12.63650000328198,225.8741999976337,240.70883668432933,one shared preloaded model
conv-26-qa-139,chalm,2.198136683413642,12.352300007478334,192.15460000850726,206.70503669939924,one shared preloaded model
conv-26-qa-140,chalm,2.198136683413642,17.337099998258054,185.67400000756606,205.20923668923777,one shared preloaded model
conv-26-qa-141,chalm,2.198136683413642,19.20330000575632,224.91469999658875,246.31613668575872,one shared preloaded model
conv-26-qa-142,chalm,2.198136683413642,12.371400007396005,265.5830000003334,280.15253669114304,one shared preloaded model
conv-26-qa-143,chalm,2.198136683413642,12.224600010085851,276.10339999955613,290.5261366930556,one shared preloaded model
conv-26-qa-144,chalm,2.198136683413642,12.980800005607307,232.84900000726338,248.02793669628434,one shared preloaded model
conv-26-qa-145,chalm,2.198136683413642,12.14030000846833,156.20430000126362,170.5427366931456,one shared preloaded model
conv-26-qa-146,chalm,2.198136683413642,19.510900005116127,215.58659999573138,237.29563668426115,one shared preloaded model
conv-26-qa-147,chalm,2.198136683413642,12.341600013314746,131.04169999132864,145.58143668805704,one shared preloaded model
conv-26-qa-148,chalm,2.198136683413642,19.68240000132937,282.6260000001639,304.5065366849069,one shared preloaded model
conv-26-qa-149,chalm,2.198136683413642,12.807400009478442,136.96560000244062,151.97113669533272,one shared preloaded model
conv-26-qa-150,chalm,2.198136683413642,19.104899998637848,145.81750000070315,167.12053668275465,one shared preloaded model
conv-26-qa-151,chalm,2.198136683413642,19.185299999662675,274.3841999908909,295.7676366739672,one shared preloaded model
conv-26-qa-152,chalm,2.198136683413642,16.17479999549687,165.6883999967249,184.06133667563543,one shared preloaded model
conv-26-qa-153,chalm,2.198136683413642,12.526499995146878,216.0812999936752,230.80593667223573,one shared preloaded model
conv-26-qa-154,chalm,2.198136683413642,14.834000001428649,248.30589999328367,265.33803667812595,one shared preloaded model
conv-26-qa-155,chalm,2.198136683413642,11.958500006585382,214.58820000407286,228.7448366940719,one shared preloaded model
conv-26-qa-156,chalm,2.198136683413642,12.140900013037026,267.63519999803975,281.9742366944904,one shared preloaded model
conv-26-qa-157,chalm,2.198136683413642,11.855500008095987,237.6191000075778,251.67273669908744,one shared preloaded model
conv-26-qa-158,chalm,2.198136683413642,15.338199998950586,87.12339999328833,104.65973667565257,one shared preloaded model
conv-26-qa-159,chalm,2.198136683413642,18.56509999197442,170.16059999878053,190.9238366741686,one shared preloaded model
conv-26-qa-160,chalm,2.198136683413642,16.189300004043616,227.57049999199808,245.95793667945534,one shared preloaded model
conv-26-qa-161,chalm,2.198136683413642,12.767200008966029,216.68460000364576,231.64993669602543,one shared preloaded model
conv-26-qa-162,chalm,2.198136683413642,12.119100007112138,237.37489999621175,251.69213668673754,one shared preloaded model
conv-26-qa-163,chalm,2.198136683413642,16.27819999703206,288.2067000027746,306.6830366832203,one shared preloaded model
conv-26-qa-164,chalm,2.198136683413642,11.956200003623962,161.42269999545533,175.57703668249295,one shared preloaded model
conv-26-qa-165,chalm,2.198136683413642,18.736800004262477,204.171999997925,225.10693668560114,one shared preloaded model
conv-26-qa-166,chalm,2.198136683413642,12.14099999924656,222.0244000054663,236.36353668812652,one shared preloaded model
conv-26-qa-167,chalm,2.198136683413642,12.004399992292747,233.52150000573602,247.7240366814424,one shared preloaded model
conv-26-qa-168,chalm,2.198136683413642,13.021999999182299,116.06850000680424,131.2886366894002,one shared preloaded model
conv-26-qa-169,chalm,2.198136683413642,18.771699993521906,398.13479999429546,419.104636671231,one shared preloaded model
conv-26-qa-170,chalm,2.198136683413642,14.118499995674938,216.6679999936605,232.98463667274908,one shared preloaded model
conv-26-qa-171,chalm,2.198136683413642,13.098600000375882,231.915399999707,247.21213668349654,one shared preloaded model
conv-26-qa-172,chalm,2.198136683413642,11.928699997952208,159.51129999302793,173.6381366743938,one shared preloaded model
conv-26-qa-173,chalm,2.198136683413642,19.08009999897331,216.78949998749886,238.06773666988582,one shared preloaded model
conv-26-qa-174,chalm,2.198136683413642,12.157899996964261,239.15670000133105,253.51273668170896,one shared preloaded model
conv-26-qa-175,chalm,2.198136683413642,12.495200004195794,446.72669999999925,461.4200366876087,one shared preloaded model
conv-26-qa-176,chalm,2.198136683413642,13.389099985943176,210.54580000054557,226.1330366699024,one shared preloaded model
conv-26-qa-177,chalm,2.198136683413642,12.144599997554906,218.85740000288934,233.2001366838579,one shared preloaded model
conv-26-qa-178,chalm,2.198136683413642,13.634599992656149,228.5769000009168,244.4096366769866,one shared preloaded model
conv-26-qa-179,chalm,2.198136683413642,14.950600001611747,524.0879999910248,541.2367366760502,one shared preloaded model
conv-26-qa-180,chalm,2.198136683413642,15.851200005272403,217.20889999414794,235.258236682834,one shared preloaded model
conv-26-qa-181,chalm,2.198136683413642,15.56860000710003,200.87209998746403,218.6388366779777,one shared preloaded model
conv-26-qa-182,chalm,2.198136683413642,12.09440000820905,291.3291000004392,305.6216366920619,one shared preloaded model
conv-26-qa-183,chalm,2.198136683413642,16.715699995984323,319.5646999956807,338.47853667507866,one shared preloaded model
conv-26-qa-184,chalm,2.198136683413642,13.952199995401315,229.4090000068536,245.55933668566857,one shared preloaded model
conv-26-qa-185,chalm,2.198136683413642,18.93019999261014,219.5376000017859,240.6659366778097,one shared preloaded model
conv-26-qa-186,chalm,2.198136683413642,14.29309998638928,235.64309999346733,252.13433666327026,one shared preloaded model
conv-26-qa-187,chalm,2.198136683413642,12.692400006926619,191.0766000073636,205.96713669770386,one shared preloaded model
conv-26-qa-188,chalm,2.198136683413642,19.180200004484504,227.6761999964947,249.05453668439284,one shared preloaded model
conv-26-qa-189,chalm,2.198136683413642,12.882199996965937,221.7646000062814,236.844936686661,one shared preloaded model
conv-26-qa-190,chalm,2.198136683413642,12.64630000514444,246.91270000766963,261.7571366962277,one shared preloaded model
conv-26-qa-191,chalm,2.198136683413642,12.25670000712853,330.09250000759494,344.5473366981371,one shared preloaded model
conv-26-qa-192,chalm,2.198136683413642,15.570000003208406,231.48950000177138,249.25763668839343,one shared preloaded model
conv-26-qa-193,chalm,2.198136683413642,13.794400001643226,153.4438999951817,169.4364366802386,one shared preloaded model
conv-26-qa-194,chalm,2.198136683413642,18.859299991163425,224.27910000260454,245.3365366771816,one shared preloaded model
conv-26-qa-195,chalm,2.198136683413642,11.825800000224262,223.26329999486916,237.28723667850707,one shared preloaded model
conv-26-qa-196,chalm,2.198136683413642,15.054999996209517,273.02410000993405,290.2772366895572,one shared preloaded model
conv-26-qa-197,chalm,2.198136683413642,13.965399994049221,205.76739999523852,221.9309366727014,one shared preloaded model
conv-26-qa-198,chalm,2.198136683413642,12.60020000336226,186.9306000007782,201.72893668755412,one shared preloaded model
conv-30-qa-0,chalm,2.7228952379941584,17.31310000468511,481.2182000023313,501.2541952450106,one shared preloaded model
conv-30-qa-1,chalm,2.7228952379941584,11.71049999538809,327.65619999554474,342.089595228927,one shared preloaded model
conv-30-qa-2,chalm,2.7228952379941584,14.035900007002056,145.285699996748,162.04449524174422,one shared preloaded model
conv-30-qa-3,chalm,2.7228952379941584,17.188400001032278,514.7159000043757,534.6271952434022,one shared preloaded model
conv-30-qa-4,chalm,2.7228952379941584,13.768300006631762,290.29869999794755,306.7898952425735,one shared preloaded model
conv-30-qa-5,chalm,2.7228952379941584,11.57200000307057,185.51019999722484,199.80509523828957,one shared preloaded model
conv-30-qa-6,chalm,2.7228952379941584,17.515100000309758,152.30619999056216,172.54419522886607,one shared preloaded model
conv-30-qa-7,chalm,2.7228952379941584,17.499099994893186,505.8322999975644,526.0542952304518,one shared preloaded model
conv-30-qa-8,chalm,2.7228952379941584,11.050300003262237,305.22860000201035,319.00179524326677,one shared preloaded model
conv-30-qa-9,chalm,2.7228952379941584,12.089700001524761,98.4660999965854,113.27869523610431,one shared preloaded model
conv-30-qa-10,chalm,2.7228952379941584,17.941700003575534,462.82220000284724,483.48679524441695,one shared preloaded model
conv-30-qa-11,chalm,2.7228952379941584,14.293499989435077,218.8802000018768,235.89659522930603,one shared preloaded model
conv-30-qa-12,chalm,2.7228952379941584,12.301700000534765,498.78999999782536,513.8145952363543,one shared preloaded model
conv-30-qa-13,chalm,2.7228952379941584,11.943600009544753,494.8500000027707,509.5164952503096,one shared preloaded model
conv-30-qa-14,chalm,2.7228952379941584,12.71880000422243,492.9204999934882,508.3621952357048,one shared preloaded model
conv-30-qa-15,chalm,2.7228952379941584,11.810300013166852,173.14339999575168,187.67659524691268,one shared preloaded model
conv-30-qa-16,chalm,2.7228952379941584,18.863399993279018,212.92279999761377,234.50909522888693,one shared preloaded model
conv-30-qa-17,chalm,2.7228952379941584,11.196399995242245,269.4164999993518,283.3357952325882,one shared preloaded model
conv-30-qa-18,chalm,2.7228952379941584,11.115900008007884,116.71600000408944,130.55479525009147,one shared preloaded model
conv-30-qa-19,chalm,2.7228952379941584,17.46360000106506,337.3259999934817,357.5124952325409,one shared preloaded model
conv-30-qa-20,chalm,2.7228952379941584,14.720199993462302,507.65539999702014,525.0984952284766,one shared preloaded model
conv-30-qa-21,chalm,2.7228952379941584,13.63810000475496,494.39009999332484,510.751095236074,one shared preloaded model
conv-30-qa-22,chalm,2.7228952379941584,11.94089998898562,510.50439999380615,525.168195220786,one shared preloaded model
conv-30-qa-23,chalm,2.7228952379941584,11.026399995898828,158.7476999993669,172.49699523325987,one shared preloaded model
conv-30-qa-24,chalm,2.7228952379941584,17.719700001180172,203.22750000923406,223.6700952484084,one shared preloaded model
conv-30-qa-25,chalm,2.7228952379941584,12.439099999028258,205.59660000435542,220.75859524137783,one shared preloaded model
conv-30-qa-26,chalm,2.7228952379941584,13.313499992364086,505.84499999240506,521.8813952227633,one shared preloaded model
conv-30-qa-27,chalm,2.7228952379941584,10.967399997753091,98.76439999789,112.45469523363724,one shared preloaded model
conv-30-qa-28,chalm,2.7228952379941584,11.59209999605082,516.822499994305,531.13749522835,one shared preloaded model
conv-30-qa-29,chalm,2.7228952379941584,11.560900005861185,205.74109999870416,220.0248952425595,one shared preloaded model
conv-30-qa-30,chalm,2.7228952379941584,14.091100005316548,160.68829999130685,177.50229523461755,one shared preloaded model
conv-30-qa-31,chalm,2.7228952379941584,10.951999996905215,216.92320000147447,230.59809523637384,one shared preloaded model
conv-30-qa-32,chalm,2.7228952379941584,10.922700006631203,325.6429999892134,339.2885952338388,one shared preloaded model
conv-30-qa-33,chalm,2.7228952379941584,14.107700000749901,496.958599993377,513.7891952321211,one shared preloaded model
conv-30-qa-34,chalm,2.7228952379941584,11.489099997561425,536.3650000072084,550.576995242764,one shared preloaded model
conv-30-qa-35,chalm,2.7228952379941584,11.191600002348423,496.11670000012964,510.03119524047224,one shared preloaded model
conv-30-qa-36,chalm,2.7228952379941584,11.20009999431204,505.7202000025427,519.6431952348489,one shared preloaded model
conv-30-qa-37,chalm,2.7228952379941584,11.487199997645803,487.34540000441484,501.5554952400548,one shared preloaded model
conv-30-qa-38,chalm,2.7228952379941584,10.916999992332421,504.63870000385214,518.2785952341787,one shared preloaded model
conv-30-qa-39,chalm,2.7228952379941584,10.971199997584336,164.3387999938568,178.0328952294353,one shared preloaded model
conv-30-qa-40,chalm,2.7228952379941584,17.065500011085533,155.5676999996649,175.3560952487446,one shared preloaded model
conv-30-qa-41,chalm,2.7228952379941584,17.252099991310388,226.50219999195542,246.47719522125996,one shared preloaded model
conv-30-qa-42,chalm,2.7228952379941584,11.412199994083494,219.92249999311753,234.05759522519517,one shared preloaded model
conv-30-qa-43,chalm,2.7228952379941584,11.611699999775738,185.96299999626353,200.29759523403342,one shared preloaded model
conv-30-qa-44,chalm,2.7228952379941584,17.540400003781542,227.62069999589585,247.88399523767154,one shared preloaded model
conv-30-qa-45,chalm,2.7228952379941584,11.535199999343604,168.81839999405202,183.07649523138977,one shared preloaded model
conv-30-qa-46,chalm,2.7228952379941584,11.784400005126372,208.67490000091493,223.18219524403546,one shared preloaded model
conv-30-qa-47,chalm,2.7228952379941584,12.873900006525218,274.7518000105629,290.3485952550823,one shared preloaded model
conv-30-qa-48,chalm,2.7228952379941584,11.09500000893604,234.29880000185221,248.1166952487824,one shared preloaded model
conv-30-qa-49,chalm,2.7228952379941584,12.933799996972084,316.7571000085445,332.4137952435108,one shared preloaded model
conv-30-qa-50,chalm,2.7228952379941584,14.015499997185543,195.00929999048822,211.7476952256679,one shared preloaded model
conv-30-qa-51,chalm,2.7228952379941584,13.87159999285359,333.5650999943027,350.1595952251505,one shared preloaded model
conv-30-qa-52,chalm,2.7228952379941584,14.067399999476038,234.416199993575,251.20649523104518,one shared preloaded model
conv-30-qa-53,chalm,2.7228952379941584,11.008100002072752,637.0470999972895,650.7780952373564,one shared preloaded model
conv-30-qa-54,chalm,2.7228952379941584,12.184999999590218,121.76189999445342,136.66979523203779,one shared preloaded model
conv-30-qa-55,chalm,2.7228952379941584,12.81139999628067,335.5726000008872,351.106895235162,one shared preloaded model
conv-30-qa-56,chalm,2.7228952379941584,14.340599998831749,125.59280000277795,142.65629523960385,one shared preloaded model
conv-30-qa-57,chalm,2.7228952379941584,17.123400000855327,513.0380000045989,532.8842952434484,one shared preloaded model
conv-30-qa-58,chalm,2.7228952379941584,14.48119999258779,259.52890000189655,276.7329952324785,one shared preloaded model
conv-30-qa-59,chalm,2.7228952379941584,12.917000000015832,358.7485000025481,374.3883952405581,one shared preloaded model
conv-30-qa-60,chalm,2.7228952379941584,14.731200004462153,86.22170001035556,103.67579525281187,one shared preloaded model
conv-30-qa-61,chalm,2.7228952379941584,12.744000006932765,171.92079999949783,187.38769524442475,one shared preloaded model
conv-30-qa-62,chalm,2.7228952379941584,12.592500002938323,220.22119999746792,235.5365952384004,one shared preloaded model
conv-30-qa-63,chalm,2.7228952379941584,15.186000004177913,231.653799986816,249.56269522898808,one shared preloaded model
conv-30-qa-64,chalm,2.7228952379941584,11.296800003037788,235.4361999896355,249.45589523066744,one shared preloaded model
conv-30-qa-65,chalm,2.7228952379941584,10.636900013196282,182.74859999655746,196.1083952477479,one shared preloaded model
conv-30-qa-66,chalm,2.7228952379941584,16.73179998761043,274.5011999941198,293.9558952197244,one shared preloaded model
conv-30-qa-67,chalm,2.7228952379941584,11.88029999320861,747.9459999885876,762.5491952197904,one shared preloaded model
conv-30-qa-68,chalm,2.7228952379941584,14.527999999700114,207.06000000063796,224.31089523833222,one shared preloaded model
conv-30-qa-69,chalm,2.7228952379941584,11.801999993622303,141.3895000005141,155.91439523213054,one shared preloaded model
conv-30-qa-70,chalm,2.7228952379941584,14.406499991309829,183.4896999935154,200.61909522281937,one shared preloaded model
conv-30-qa-71,chalm,2.7228952379941584,17.503900002338924,261.2741999910213,281.5009952313544,one shared preloaded model
conv-30-qa-72,chalm,2.7228952379941584,12.733999988995492,182.96179999015294,198.41869521714258,one shared preloaded model
conv-30-qa-73,chalm,2.7228952379941584,16.141699990839697,131.48539999383502,150.34999522266887,one shared preloaded model
conv-30-qa-74,chalm,2.7228952379941584,18.374399995082058,317.6434000051813,338.74069523825756,one shared preloaded model
conv-30-qa-75,chalm,2.7228952379941584,12.13649999408517,325.5392999999458,340.39869523202515,one shared preloaded model
conv-30-qa-76,chalm,2.7228952379941584,13.82789999479428,162.78740001143888,179.3381952442273,one shared preloaded model
conv-30-qa-77,chalm,2.7228952379941584,17.278400002396666,287.2510000015609,307.25229524195174,one shared preloaded model
conv-30-qa-78,chalm,2.7228952379941584,13.102299999445677,214.88200000021607,230.7071952376559,one shared preloaded model
conv-30-qa-79,chalm,2.7228952379941584,11.245000001508743,255.24479999148753,269.21269523099045,one shared preloaded model
conv-30-qa-80,chalm,2.7228952379941584,12.393800003337674,204.42999999795575,219.54669523928757,one shared preloaded model
conv-30-qa-81,chalm,2.7228952379941584,12.534699999378063,296.42060000333004,311.6781952407023,one shared preloaded model
conv-30-qa-82,chalm,2.7228952379941584,11.833299999125302,213.43540000088979,227.99159523800924,one shared preloaded model
conv-30-qa-83,chalm,2.7228952379941584,11.97150000371039,584.9738999968395,599.668295238544,one shared preloaded model
conv-30-qa-84,chalm,2.7228952379941584,14.758399993297644,243.10740000510123,260.58869523639305,one shared preloaded model
conv-30-qa-85,chalm,2.7228952379941584,10.948600000119768,122.09240000811405,135.76389524622797,one shared preloaded model
conv-30-qa-86,chalm,2.7228952379941584,18.16069999767933,195.53909999376629,216.42269522943977,one shared preloaded model
conv-30-qa-87,chalm,2.7228952379941584,14.142300002276897,223.97930000443012,240.84449524470116,one shared preloaded model
conv-30-qa-88,chalm,2.7228952379941584,11.308800007100217,165.9354000003077,179.96709524540208,one shared preloaded model
conv-30-qa-89,chalm,2.7228952379941584,17.522499998449348,225.0962999969488,245.3416952333923,one shared preloaded model
conv-30-qa-90,chalm,2.7228952379941584,11.948899991693906,214.3696999992244,229.04149522891245,one shared preloaded model
conv-30-qa-91,chalm,2.7228952379941584,11.219899999559857,143.10010000190232,157.04289523945633,one shared preloaded model
conv-30-qa-92,chalm,2.7228952379941584,17.376699994201772,323.98339999781456,344.0829952300105,one shared preloaded model
conv-30-qa-93,chalm,2.7228952379941584,14.298499998403713,225.3863999940222,242.40779523042008,one shared preloaded model
conv-30-qa-94,chalm,2.7228952379941584,11.972399996011518,182.09200000273995,196.78729523674562,one shared preloaded model
conv-30-qa-95,chalm,2.7228952379941584,17.34940000460483,151.4164999971399,171.4887952397389,one shared preloaded model
conv-30-qa-96,chalm,2.7228952379941584,15.469799996935762,179.72400000144262,197.91669523637253,one shared preloaded model
conv-30-qa-97,chalm,2.7228952379941584,11.010999995050952,220.67680000327528,234.41069523632038,one shared preloaded model
conv-30-qa-98,chalm,2.7228952379941584,13.903900005971082,238.08989999815822,254.71669524212345,one shared preloaded model
conv-30-qa-99,chalm,2.7228952379941584,10.72089999797754,186.7181999987224,200.1619952346941,one shared preloaded model
conv-30-qa-100,chalm,2.7228952379941584,18.104799994034693,397.1522000065306,417.9798952385595,one shared preloaded model
conv-30-qa-101,chalm,2.7228952379941584,14.174999989336357,209.82739998726174,226.72529521459225,one shared preloaded model
conv-30-qa-102,chalm,2.7228952379941584,11.502899986226112,150.80740000121295,165.03319522543322,one shared preloaded model
conv-30-qa-103,chalm,2.7228952379941584,17.624899992370047,218.1397999956971,238.4875952260613,one shared preloaded model
conv-30-qa-104,chalm,2.7228952379941584,11.674599998514168,209.17220000410452,223.56969524061284,one shared preloaded model
conv-41-qa-0,chalm,2.6995378238489187,21.32539999729488,220.12270000413992,244.1476378252837,one shared preloaded model
conv-41-qa-1,chalm,2.6995378238489187,15.182199989794753,507.45930000266526,525.3410378163089,one shared preloaded model
conv-41-qa-2,chalm,2.6995378238489187,18.69329999317415,130.72449999162927,152.11733780865234,one shared preloaded model
conv-41-qa-3,chalm,2.6995378238489187,14.59370000520721,297.6731000089785,314.96633783803463,one shared preloaded model
conv-41-qa-4,chalm,2.6995378238489187,18.266499988385476,456.8200999929104,477.7861378051448,one shared preloaded model
conv-41-qa-5,chalm,2.6995378238489187,17.520299996249378,154.78250000160187,175.00233782170017,one shared preloaded model
conv-41-qa-6,chalm,2.6995378238489187,21.173400004045106,117.61470000783447,141.4876378357285,one shared preloaded model
conv-41-qa-7,chalm,2.6995378238489187,14.619499997934327,148.9834000094561,166.30243783123933,one shared preloaded model
conv-41-qa-8,chalm,2.6995378238489187,20.68110000982415,202.31979999516625,225.7004378288393,one shared preloaded model
conv-41-qa-9,chalm,2.6995378238489187,15.734799992060289,175.1516999938758,193.586037809785,one shared preloaded model
conv-41-qa-10,chalm,2.6995378238489187,18.83189998625312,474.35580000455957,495.8872378146616,one shared preloaded model
conv-41-qa-11,chalm,2.6995378238489187,14.428999988012947,98.41550000419375,115.5440378160556,one shared preloaded model
conv-41-qa-12,chalm,2.6995378238489187,20.796500000869855,221.72499999578577,245.22103782050453,one shared preloaded model
conv-41-qa-13,chalm,2.6995378238489187,13.09590000892058,279.85909998824354,295.65453782101304,one shared preloaded model
conv-41-qa-14,chalm,2.6995378238489187,13.571700008469634,130.22900000214577,146.50023783446431,one shared preloaded model
conv-41-qa-15,chalm,2.6995378238489187,20.951300000888295,156.33580001303926,179.98663783777647,one shared preloaded model
conv-41-qa-16,chalm,2.6995378238489187,17.10000001185108,211.0979999997653,230.8975378354653,one shared preloaded model
conv-41-qa-17,chalm,2.6995378238489187,14.871999999741092,233.63360000075772,251.20513782434773,one shared preloaded model
conv-41-qa-18,chalm,2.6995378238489187,13.122699994710274,153.01739999267738,168.83963781123657,one shared preloaded model
conv-41-qa-19,chalm,2.6995378238489187,20.811099995626137,147.33149998937733,170.84213780885239,one shared preloaded model
conv-41-qa-20,chalm,2.6995378238489187,17.775599990272895,495.0042999989819,515.4794378131037,one shared preloaded model
conv-41-qa-21,chalm,2.6995378238489187,14.836599992122501,140.80759999342263,158.34373780939404,one shared preloaded model
conv-41-qa-22,chalm,2.6995378238489187,20.415600010892376,165.10319999360945,188.21833782835074,one shared preloaded model
conv-41-qa-23,chalm,2.6995378238489187,20.537200005492195,209.38300000852905,232.61973783787016,one shared preloaded model
conv-41-qa-24,chalm,2.6995378238489187,13.452800005325116,474.97299998940434,491.1253378185784,one shared preloaded model
conv-41-qa-25,chalm,2.6995378238489187,13.150399987353012,185.17219999921508,201.022137810417,one shared preloaded model
conv-41-qa-26,chalm,2.6995378238489187,22.69969999906607,248.0853000015486,273.4845378244636,one shared preloaded model
conv-41-qa-27,chalm,2.6995378238489187,14.430299997911789,484.1370999929495,501.2669378147102,one shared preloaded model
conv-41-qa-28,chalm,2.6995378238489187,14.395799997146241,268.32409999042284,285.419437811418,one shared preloaded model
conv-41-qa-29,chalm,2.6995378238489187,13.64040000771638,229.57559999485966,245.91553782642495,one shared preloaded model
conv-41-qa-30,chalm,2.6995378238489187,14.311999999335967,190.16019999980927,207.17173782299415,one shared preloaded model
conv-41-qa-31,chalm,2.6995378238489187,19.864199988660403,234.14339999726508,256.7071378097744,one shared preloaded model
conv-41-qa-32,chalm,2.6995378238489187,15.367100000730716,228.98990000248887,247.0565378270685,one shared preloaded model
conv-41-qa-33,chalm,2.6995378238489187,14.491000009002164,211.00759999535512,228.1981378282062,one shared preloaded model
conv-41-qa-34,chalm,2.6995378238489187,13.731099999858998,496.30690000776667,512.7375378314746,one shared preloaded model
conv-41-qa-35,chalm,2.6995378238489187,17.447899997932836,218.03550000186078,238.18293782364253,one shared preloaded model
conv-41-qa-36,chalm,2.6995378238489187,12.815499998396263,159.2782000079751,174.79323783022028,one shared preloaded model
conv-41-qa-37,chalm,2.6995378238489187,15.453099986189045,226.21549999166746,244.36813780170542,one shared preloaded model
conv-41-qa-38,chalm,2.6995378238489187,13.553899989346974,465.48970000003465,481.74313781323053,one shared preloaded model
conv-41-qa-39,chalm,2.6995378238489187,14.58699999784585,120.18779999925755,137.47433782095231,one shared preloaded model
conv-41-qa-40,chalm,2.6995378238489187,14.7004000027664,218.27669999038335,235.67663781699866,one shared preloaded model
conv-41-qa-41,chalm,2.6995378238489187,13.229000003775582,228.16949999833014,244.09803782595463,one shared preloaded model
conv-41-qa-42,chalm,2.6995378238489187,15.319899990572594,182.52860000939108,200.5480378238126,one shared preloaded model
conv-41-qa-43,chalm,2.6995378238489187,14.572800006135367,482.2617000027094,499.5340378326937,one shared preloaded model
conv-41-qa-44,chalm,2.6995378238489187,18.206199994892813,239.68250000325497,260.5882378219967,one shared preloaded model
conv-41-qa-45,chalm,2.6995378238489187,14.426100009586662,216.30580000055488,233.43143783399046,one shared preloaded model
conv-41-qa-46,chalm,2.6995378238489187,14.350500001455657,503.91970000055153,520.9697378258561,one shared preloaded model
conv-41-qa-47,chalm,2.6995378238489187,13.49310000659898,352.3772999906214,368.5699378210693,one shared preloaded model
conv-41-qa-48,chalm,2.6995378238489187,18.907899997429922,505.53610001225024,527.1435378335291,one shared preloaded model
conv-41-qa-49,chalm,2.6995378238489187,17.586499991011806,216.99610000359826,237.28213781845898,one shared preloaded model
conv-41-qa-50,chalm,2.6995378238489187,14.58190000266768,252.15240000397898,269.4338378304956,one shared preloaded model
conv-41-qa-51,chalm,2.6995378238489187,13.909499990404584,207.85270001215395,224.46173782640744,one shared preloaded model
conv-41-qa-52,chalm,2.6995378238489187,13.061000005109236,155.9661000064807,171.72663783543885,one shared preloaded model
conv-41-qa-53,chalm,2.6995378238489187,20.06470000196714,303.47169999731705,326.2359378231331,one shared preloaded model
conv-41-qa-54,chalm,2.6995378238489187,18.115099999704398,477.87469999457244,498.68933781812575,one shared preloaded model
conv-41-qa-55,chalm,2.6995378238489187,17.828600000939332,477.7662999986205,498.29443782340877,one shared preloaded model
conv-41-qa-56,chalm,2.6995378238489187,18.294699999387376,488.27129999699537,509.26553782023166,one shared preloaded model
conv-41-qa-57,chalm,2.6995378238489187,15.342900005634874,303.37839999992866,321.42083782941245,one shared preloaded model
conv-41-qa-58,chalm,2.6995378238489187,17.4200000037672,332.8567999997176,352.97633782733374,one shared preloaded model
conv-41-qa-59,chalm,2.6995378238489187,17.66140000836458,154.52619999996386,174.88713783217736,one shared preloaded model
conv-41-qa-60,chalm,2.6995378238489187,20.597800001269206,158.91949999786448,182.2168378229826,one shared preloaded model
conv-41-qa-61,chalm,2.6995378238489187,19.1354999988107,216.489400001592,238.32443782425162,one shared preloaded model
conv-41-qa-62,chalm,2.6995378238489187,15.09990000340622,111.7348999978276,129.53433782508273,one shared preloaded model
conv-41-qa-63,chalm,2.6995378238489187,21.340699997381307,105.89080001227558,129.9310378335058,one shared preloaded model
conv-41-qa-64,chalm,2.6995378238489187,21.077099998365156,228.4566000016639,252.23323782387797,one shared preloaded model
conv-41-qa-65,chalm,2.6995378238489187,13.01429999875836,269.4043000083184,285.11813783092566,one shared preloaded model
conv-41-qa-66,chalm,2.6995378238489187,13.90410000749398,456.7682000051718,473.3718378365147,one shared preloaded model
conv-41-qa-67,chalm,2.6995378238489187,13.907300002756529,279.52250000089407,296.1293378274995,one shared preloaded model
conv-41-qa-68,chalm,2.6995378238489187,19.100100005744025,220.16749999602325,241.9671378256162,one shared preloaded model
conv-41-qa-69,chalm,2.6995378238489187,13.215800005127676,144.53459999640472,160.4499378253813,one shared preloaded model
conv-41-qa-70,chalm,2.6995378238489187,22.425900009693578,121.715100001893,146.8405378354355,one shared preloaded model
conv-41-qa-71,chalm,2.6995378238489187,15.95830000587739,162.12980001000687,180.78763783973318,one shared preloaded model
conv-41-qa-72,chalm,2.6995378238489187,14.75159999972675,237.55109999910928,255.00223782268495,one shared preloaded model
conv-41-qa-73,chalm,2.6995378238489187,17.010000010486692,168.16720001224894,187.87673784658455,one shared preloaded model
conv-41-qa-74,chalm,2.6995378238489187,22.07819999603089,216.77790000103414,241.55563782091394,one shared preloaded model
conv-41-qa-75,chalm,2.6995378238489187,13.222000008681789,172.63609998917673,188.55763782170743,one shared preloaded model
conv-41-qa-76,chalm,2.6995378238489187,21.308800001861528,295.20209999463987,319.2104378203503,one shared preloaded model
conv-41-qa-77,chalm,2.6995378238489187,14.72479999938514,211.18660000502132,228.61093782825537,one shared preloaded model
conv-41-qa-78,chalm,2.6995378238489187,15.698500006692484,121.16699999023695,139.56503782077834,one shared preloaded model
conv-41-qa-79,chalm,2.6995378238489187,15.124900004593655,122.22739998833276,140.05183781677533,one shared preloaded model
conv-41-qa-80,chalm,2.6995378238489187,20.791400005691685,319.38470000750385,342.87563783704445,one shared preloaded model
conv-41-qa-81,chalm,2.6995378238489187,17.121700002462603,98.80120000161696,118.62243782792848,one shared preloaded model
conv-41-qa-82,chalm,2.6995378238489187,18.890100007411093,214.73079999850597,236.32043782976598,one shared preloaded model
conv-41-qa-83,chalm,2.6995378238489187,13.688699997146614,165.06410000147298,181.4523378224685,one shared preloaded model
conv-41-qa-84,chalm,2.6995378238489187,21.26049999787938,244.74380000901874,268.70383783074703,one shared preloaded model
conv-41-qa-85,chalm,2.6995378238489187,13.208200005465187,175.78250000951812,191.69023783883222,one shared preloaded model
conv-41-qa-86,chalm,2.6995378238489187,21.523800009163097,277.7392999996664,301.9626378326784,one shared preloaded model
conv-41-qa-87,chalm,2.6995378238489187,14.6212999970885,104.6758000011323,121.99663782206972,one shared preloaded model
conv-41-qa-88,chalm,2.6995378238489187,21.018500003265217,214.34589999262244,238.06393781973657,one shared preloaded model
conv-41-qa-89,chalm,2.6995378238489187,14.34270000027027,234.44089999247808,251.48313781659726,one shared preloaded model
conv-41-qa-90,chalm,2.6995378238489187,18.410799995763227,216.82530001271516,237.9356378323273,one shared preloaded model
conv-41-qa-91,chalm,2.6995378238489187,14.724000007845461,215.4790999920806,232.90263782377497,one shared preloaded model
conv-41-qa-92,chalm,2.6995378238489187,15.631299989763647,220.58130000368692,238.91213781729948,one shared preloaded model
conv-41-qa-93,chalm,2.6995378238489187,16.22479999787174,232.6242999988608,251.54863782058146,one shared preloaded model
conv-41-qa-94,chalm,2.6995378238489187,14.121999993221834,225.52550000546034,242.3470378225311,one shared preloaded model
conv-41-qa-95,chalm,2.6995378238489187,13.57070000085514,207.70300000731368,223.97323783201773,one shared preloaded model
conv-41-qa-96,chalm,2.6995378238489187,13.618499986478128,243.32460000005085,259.6426378103779,one shared preloaded model
conv-41-qa-97,chalm,2.6995378238489187,16.301799987559207,344.9832000042079,363.984537815616,one shared preloaded model
conv-41-qa-98,chalm,2.6995378238489187,14.126100009889342,209.26289999624714,226.0885378299854,one shared preloaded model
conv-41-qa-99,chalm,2.6995378238489187,15.320900012739003,299.5934000064153,317.61383784300324,one shared preloaded model
conv-41-qa-100,chalm,2.6995378238489187,21.200000002863817,135.97419999132399,159.87373781803672,one shared preloaded model
conv-41-qa-101,chalm,2.6995378238489187,23.723099991912022,216.7741000012029,243.19673781696383,one shared preloaded model
conv-41-qa-102,chalm,2.6995378238489187,19.287200004328042,257.8023999958532,279.78913782403015,one shared preloaded model
conv-41-qa-103,chalm,2.6995378238489187,20.7630000077188,104.70310000528116,128.16563783684887,one shared preloaded model
conv-41-qa-104,chalm,2.6995378238489187,21.973399998387322,205.01960000547115,229.69253782770738,one shared preloaded model
conv-41-qa-105,chalm,2.6995378238489187,16.34590000321623,258.35109999752603,277.3965378245912,one shared preloaded model
conv-41-qa-106,chalm,2.6995378238489187,17.733799992129207,227.73529999540187,248.16863781138,one shared preloaded model
conv-41-qa-107,chalm,2.6995378238489187,16.013899992685765,208.81950001057703,227.5329378271117,one shared preloaded model
conv-41-qa-108,chalm,2.6995378238489187,16.758899990236387,326.99760000105016,346.45603781513546,one shared preloaded model
conv-41-qa-109,chalm,2.6995378238489187,18.473100004484877,203.6077000084333,224.7803378367671,one shared preloaded model
conv-41-qa-110,chalm,2.6995378238489187,16.636499989544973,208.28289999917615,227.61893781257004,one shared preloaded model
conv-41-qa-111,chalm,2.6995378238489187,17.05690000380855,238.9285000099335,258.68493783759095,one shared preloaded model
conv-41-qa-112,chalm,2.6995378238489187,18.54550000280142,238.20980000891723,259.45483783556756,one shared preloaded model
conv-41-qa-113,chalm,2.6995378238489187,17.398899988620542,220.38590000011027,240.48433781257972,one shared preloaded model
conv-41-qa-114,chalm,2.6995378238489187,21.458400005940348,472.2275999956764,496.3855378254657,one shared preloaded model
conv-41-qa-115,chalm,2.6995378238489187,19.546199997421354,161.14649998780806,183.39223780907832,one shared preloaded model
conv-41-qa-116,chalm,2.6995378238489187,17.948699998669326,588.9061000052607,609.5543378277789,one shared preloaded model
conv-41-qa-117,chalm,2.6995378238489187,18.01089999207761,200.71960000495892,221.43003782088545,one shared preloaded model
conv-41-qa-118,chalm,2.6995378238489187,15.714299996034242,295.43650000414345,313.8503378240266,one shared preloaded model
conv-41-qa-119,chalm,2.6995378238489187,18.672799997148104,194.34660000842996,215.71893782942698,one shared preloaded model
conv-41-qa-120,chalm,2.6995378238489187,20.256300005712546,131.74070000241045,154.6965378319719,one shared preloaded model
conv-41-qa-121,chalm,2.6995378238489187,21.572599987848662,309.89239999325946,334.16453780495704,one shared preloaded model
conv-41-qa-122,chalm,2.6995378238489187,17.867399990791455,233.44479998922907,254.01173780386944,one shared preloaded model
conv-41-qa-123,chalm,2.6995378238489187,15.752699997392483,314.1292000073008,332.5814378285422,one shared preloaded model
conv-41-qa-124,chalm,2.6995378238489187,15.82129999587778,795.7392999960575,814.2601378157842,one shared preloaded model
conv-41-qa-125,chalm,2.6995378238489187,18.828600004781038,194.66720000491478,216.19533783354473,one shared preloaded model
conv-41-qa-126,chalm,2.6995378238489187,19.976799987489358,410.07749999698717,432.75383780832544,one shared preloaded model
conv-41-qa-127,chalm,2.6995378238489187,13.745200005359948,218.7852000060957,235.22993783530455,one shared preloaded model
conv-41-qa-128,chalm,2.6995378238489187,13.54850000643637,168.83970001072157,185.08773784100686,one shared preloaded model
conv-41-qa-129,chalm,2.6995378238489187,15.488000004552305,732.6158999931067,750.8034378215079,one shared preloaded model
conv-41-qa-130,chalm,2.6995378238489187,16.224099992541596,161.11899999668822,180.04263781307873,one shared preloaded model
conv-41-qa-131,chalm,2.6995378238489187,20.72030000272207,221.45690000616014,244.87673783273112,one shared preloaded model
conv-41-qa-132,chalm,2.6995378238489187,15.402300006826408,1295.56600000069,1313.6678378313654,one shared preloaded model
conv-41-qa-133,chalm,2.6995378238489187,19.220400004996918,547.3402000061469,569.2601378349927,one shared preloaded model
conv-41-qa-134,chalm,2.6995378238489187,16.385800001444295,221.37780000048224,240.46313782577545,one shared preloaded model
conv-41-qa-135,chalm,2.6995378238489187,16.19409999693744,414.4211999955587,433.31483781634506,one shared preloaded model
conv-41-qa-136,chalm,2.6995378238489187,17.520699999295175,390.4495000024326,410.6697378255767,one shared preloaded model
conv-41-qa-137,chalm,2.6995378238489187,18.04949999495875,587.9617000027793,608.7107378215869,one shared preloaded model
conv-41-qa-138,chalm,2.6995378238489187,17.35270000062883,130.56860001233872,150.62083783681646,one shared preloaded model
conv-41-qa-139,chalm,2.6995378238489187,21.668100001988932,351.62109999509994,375.9887378209378,one shared preloaded model
conv-41-qa-140,chalm,2.6995378238489187,15.421000003698282,249.5898000051966,267.7103378327438,one shared preloaded model
conv-41-qa-141,chalm,2.6995378238489187,18.962799993460067,309.3144000013126,330.9767378186216,one shared preloaded model
conv-41-qa-142,chalm,2.6995378238489187,13.617600008728914,184.33760000334587,200.6547378359237,one shared preloaded model
conv-41-qa-143,chalm,2.6995378238489187,28.54020000086166,173.44870000670198,204.68843783141256,one shared preloaded model
conv-41-qa-144,chalm,2.6995378238489187,15.303799998946488,163.9158000034513,181.9191378262467,one shared preloaded model
conv-41-qa-145,chalm,2.6995378238489187,21.638499994878657,128.50299999990966,152.84103781863723,one shared preloaded model
conv-41-qa-146,chalm,2.6995378238489187,20.985299997846596,368.78049999359064,392.46533781528615,one shared preloaded model
conv-41-qa-147,chalm,2.6995378238489187,15.61240000592079,223.11120000085793,241.42313783062764,one shared preloaded model
conv-41-qa-148,chalm,2.6995378238489187,18.053699997835793,201.93399999698158,222.6872378186663,one shared preloaded model
conv-41-qa-149,chalm,2.6995378238489187,16.361700007109903,299.91939998581074,318.98063781676956,one shared preloaded model
conv-41-qa-150,chalm,2.6995378238489187,17.749299993738532,308.27270000008866,328.7215378176761,one shared preloaded model
conv-41-qa-151,chalm,2.6995378238489187,18.88160000089556,198.43990000663325,220.02103783137773,one shared preloaded model
conv-41-qa-152,chalm,2.6995378238489187,14.998499987996183,235.58619999676012,253.2842378086052,one shared preloaded model
conv-41-qa-153,chalm,2.6995378238489187,15.740999995614402,211.97960000426974,230.42013782373306,one shared preloaded model
conv-41-qa-154,chalm,2.6995378238489187,15.53690001310315,111.20340001070872,129.43983784766078,one shared preloaded model
conv-41-qa-155,chalm,2.6995378238489187,21.874099998967722,229.62640000332613,254.20003782614276,one shared preloaded model
conv-41-qa-156,chalm,2.6995378238489187,16.300900009809993,240.85430000559427,259.8547378392532,one shared preloaded model
conv-41-qa-157,chalm,2.6995378238489187,16.56150000053458,233.17690000112634,252.43793782550983,one shared preloaded model
conv-41-qa-158,chalm,2.6995378238489187,13.533000004827045,234.01000000012573,250.2425378288017,one shared preloaded model
conv-41-qa-159,chalm,2.6995378238489187,15.693800000008196,231.9022000010591,250.2955378249162,one shared preloaded model
conv-41-qa-160,chalm,2.6995378238489187,15.714600012870505,116.82580001070164,135.23993784742106,one shared preloaded model
conv-41-qa-161,chalm,2.6995378238489187,21.559999993769452,180.86619999667164,205.12573781429,one shared preloaded model
conv-41-qa-162,chalm,2.6995378238489187,21.590399992419407,209.26400000462309,233.5539378208914,one shared preloaded model
conv-41-qa-163,chalm,2.6995378238489187,15.070500012370758,261.6887000040151,279.4587378402348,one shared preloaded model
conv-41-qa-164,chalm,2.6995378238489187,13.890999995055608,307.86089999310207,324.4514378120066,one shared preloaded model
conv-41-qa-165,chalm,2.6995378238489187,13.985999990836717,243.20409999927506,259.8896378139607,one shared preloaded model
conv-41-qa-166,chalm,2.6995378238489187,15.41449999785982,218.99649999977555,237.1105378214843,one shared preloaded model
conv-41-qa-167,chalm,2.6995378238489187,14.65019999886863,223.51989999879152,240.86963782150906,one shared preloaded model
conv-41-qa-168,chalm,2.6995378238489187,15.62289999856148,257.72360000701156,276.04603782942195,one shared preloaded model
conv-41-qa-169,chalm,2.6995378238489187,14.849500003037974,444.08580000163056,461.63483782851745,one shared preloaded model
conv-41-qa-170,chalm,2.6995378238489187,17.973499998333864,198.29549999849405,218.96853782067683,one shared preloaded model
conv-41-qa-171,chalm,2.6995378238489187,15.851599993766285,213.92509998986498,232.47623780748017,one shared preloaded model
conv-41-qa-172,chalm,2.6995378238489187,16.638100001728162,220.51109999301843,239.8487378185955,one shared preloaded model
conv-41-qa-173,chalm,2.6995378238489187,15.614499992807396,211.14820000366308,229.4622378203194,one shared preloaded model
conv-41-qa-174,chalm,2.6995378238489187,15.925600004266016,237.09979999694042,255.72493782505535,one shared preloaded model
conv-41-qa-175,chalm,2.6995378238489187,15.757400004076771,122.10400000913069,140.56093783705637,one shared preloaded model
conv-41-qa-176,chalm,2.6995378238489187,23.157500007073395,213.27649999875575,239.13353782967806,one shared preloaded model
conv-41-qa-177,chalm,2.6995378238489187,16.106800001580268,225.1655000000028,243.97183782543198,one shared preloaded model
conv-41-qa-178,chalm,2.6995378238489187,15.668499996536411,207.0401000091806,225.40813782956593,one shared preloaded model
conv-41-qa-179,chalm,2.6995378238489187,13.661899996805005,217.87769999355078,234.2391378142047,one shared preloaded model
conv-41-qa-180,chalm,2.6995378238489187,15.58570000634063,218.28479999385308,236.57003782404263,one shared preloaded model
conv-41-qa-181,chalm,2.6995378238489187,15.383999998448417,212.27790000557434,230.36143782787167,one shared preloaded model
conv-41-qa-182,chalm,2.6995378238489187,15.946100000292063,221.81460000865627,240.46023783279725,one shared preloaded model
conv-41-qa-183,chalm,2.6995378238489187,16.307700003380887,235.73560001386795,254.74283784109775,one shared preloaded model
conv-41-qa-184,chalm,2.6995378238489187,14.217400006600656,221.96229999826755,238.87923782871712,one shared preloaded model
conv-41-qa-185,chalm,2.6995378238489187,15.382600002340041,788.2143000024371,806.296437828626,one shared preloaded model
conv-41-qa-186,chalm,2.6995378238489187,15.398599993204698,253.32949998846743,271.42763780552104,one shared preloaded model
conv-41-qa-187,chalm,2.6995378238489187,18.036700013908558,211.41370000259485,232.14993784035232,one shared preloaded model
conv-41-qa-188,chalm,2.6995378238489187,14.884700009133667,166.743800000404,184.3280378333866,one shared preloaded model
conv-41-qa-189,chalm,2.6995378238489187,22.505200002342463,168.01229999691714,193.2170378231085,one shared preloaded model
conv-41-qa-190,chalm,2.6995378238489187,17.359599994961172,101.9629999937024,122.02213781251248,one shared preloaded model
conv-41-qa-191,chalm,2.6995378238489187,20.97959999809973,219.5649999921443,243.24413781409294,one shared preloaded model
conv-41-qa-192,chalm,2.6995378238489187,15.17910000984557,148.15500000258908,166.03363783628356,one shared preloaded model
conv-42-qa-0,chalm,1.937422692292155,15.360399993369356,99.11169999395497,116.40952267961649,one shared preloaded model
conv-42-qa-1,chalm,1.937422692292155,22.008600004483014,209.63850000407547,233.58452270085064,one shared preloaded model
conv-42-qa-2,chalm,1.937422692292155,14.870800005155616,232.2961000027135,249.10432270016128,one shared preloaded model
conv-42-qa-3,chalm,1.937422692292155,14.81449999846518,488.07860001397785,504.8305227047352,one shared preloaded model
conv-42-qa-4,chalm,1.937422692292155,17.189200007123873,220.362699998077,239.48932269749304,one shared preloaded model
conv-42-qa-5,chalm,1.937422692292155,13.034099989454262,211.98130000266246,226.9528226844089,one shared preloaded model
conv-42-qa-6,chalm,1.937422692292155,17.139200004749,204.02049999393057,223.09712269097173,one shared preloaded model
conv-42-qa-7,chalm,1.937422692292155,13.061700010439381,470.842900002026,485.84202270475754,one shared preloaded model
conv-42-qa-8,chalm,1.937422692292155,16.254800008027814,308.9747000049101,327.1669227052301,one shared preloaded model
conv-42-qa-9,chalm,1.937422692292155,17.177299989270978,175.15729999286123,194.27202267442436,one shared preloaded model
conv-42-qa-10,chalm,1.937422692292155,18.014500004937872,255.99170000350568,275.9436227007357,one shared preloaded model
conv-42-qa-11,chalm,1.937422692292155,16.80869999108836,322.4809999956051,341.2271226789856,one shared preloaded model
conv-42-qa-12,chalm,1.937422692292155,17.61030001216568,210.64399999158923,230.19172269604707,one shared preloaded model
conv-42-qa-13,chalm,1.937422692292155,16.23620001191739,347.6336000021547,365.80722270636426,one shared preloaded model
conv-42-qa-14,chalm,1.937422692292155,16.965400005574338,133.17100000858773,152.07382270645422,one shared preloaded model
conv-42-qa-15,chalm,1.937422692292155,20.19779999682214,331.39370000571944,353.52892269483374,one shared preloaded model
conv-42-qa-16,chalm,1.937422692292155,16.89690000785049,371.28049999591894,390.1148226960616,one shared preloaded model
conv-42-qa-17,chalm,1.937422692292155,17.342199993436225,235.21729999629315,254.49692268202153,one shared preloaded model
conv-42-qa-18,chalm,1.937422692292155,17.243299997062422,405.84260001196526,425.02332270131984,one shared preloaded model
conv-42-qa-19,chalm,1.937422692292155,16.696499995305203,114.89489999075886,133.52882267835622,one shared preloaded model
conv-42-qa-20,chalm,1.937422692292155,19.698200005223043,508.61299999814946,530.2486226956646,one shared preloaded model
conv-42-qa-21,chalm,1.937422692292155,16.658400010783225,115.41549999674316,134.01132269981855,one shared preloaded model
conv-42-qa-22,chalm,1.937422692292155,15.142100004595704,505.08560000162106,522.1651226985089,one shared preloaded model
conv-42-qa-23,chalm,1.937422692292155,13.832500000717118,151.42339999147225,167.19332268448153,one shared preloaded model
conv-42-qa-24,chalm,1.937422692292155,19.243000002461486,229.54360001313034,250.724022707884,one shared preloaded model
conv-42-qa-25,chalm,1.937422692292155,14.154799995594658,324.254800012568,340.34702270045483,one shared preloaded model
conv-42-qa-26,chalm,1.937422692292155,18.58400000492111,220.79600000870414,241.3174227059174,one shared preloaded model
conv-42-qa-27,chalm,1.937422692292155,17.026899993652478,236.1869000014849,255.15122268742954,one shared preloaded model
conv-42-qa-28,chalm,1.937422692292155,21.57910000823904,182.27520000073127,205.79172270126247,one shared preloaded model
conv-42-qa-29,chalm,1.937422692292155,22.795199998654425,220.88300000177696,245.61562269272355,one shared preloaded model
conv-42-qa-30,chalm,1.937422692292155,15.815100006875582,163.01869999733754,180.77122269650528,one shared preloaded model
conv-42-qa-31,chalm,1.937422692292155,15.703600001870655,505.18959999317303,522.8306226873358,one shared preloaded model
conv-42-qa-32,chalm,1.937422692292155,14.674200006993487,229.24529999727383,245.85692269655948,one shared preloaded model
conv-42-qa-33,chalm,1.937422692292155,15.008200003649108,523.4010999993188,540.34672269526,one shared preloaded model
conv-42-qa-34,chalm,1.937422692292155,15.746800010674633,481.42720000760164,499.11142271056843,one shared preloaded model
conv-42-qa-35,chalm,1.937422692292155,17.153599997982383,542.0725000003586,561.163522690633,one shared preloaded model
conv-42-qa-36,chalm,1.937422692292155,16.67859998997301,527.3643999971682,545.9804226794333,one shared preloaded model
conv-42-qa-37,chalm,1.937422692292155,14.639899993198924,531.2967000063509,547.8740226918419,one shared preloaded model
conv-42-qa-38,chalm,1.937422692292155,13.21520000055898,341.59949999593664,356.7521226887878,one shared preloaded model
conv-42-qa-39,chalm,1.937422692292155,12.986999994609505,331.65560000634287,346.58002269324453,one shared preloaded model
conv-42-qa-40,chalm,1.937422692292155,16.757300007157028,325.58119999885093,344.2759226983001,one shared preloaded model
conv-42-qa-41,chalm,1.937422692292155,17.312600000877865,341.7658999969717,361.01592269014174,one shared preloaded model
conv-42-qa-42,chalm,1.937422692292155,18.708400006289594,226.26239999954123,246.90822269812298,one shared preloaded model
conv-42-qa-43,chalm,1.937422692292155,13.760000001639128,211.18949999799952,226.8869226919308,one shared preloaded model
conv-42-qa-44,chalm,1.937422692292155,15.182700008153915,517.3574000073131,534.4775227077591,one shared preloaded model
conv-42-qa-45,chalm,1.937422692292155,16.518799995537847,154.1923000040697,172.6485226918997,one shared preloaded model
conv-42-qa-46,chalm,1.937422692292155,20.13589999114629,146.7797000077553,168.85302269119376,one shared preloaded model
conv-42-qa-47,chalm,1.937422692292155,20.575700007611886,210.89539999957196,233.408522699476,one shared preloaded model
conv-42-qa-48,chalm,1.937422692292155,15.079799995874055,504.10310000006575,521.1203226882319,one shared preloaded model
conv-42-qa-49,chalm,1.937422692292155,16.38220000313595,225.81400000490248,244.1336227003306,one shared preloaded model
conv-42-qa-50,chalm,1.937422692292155,14.935500003048219,238.06879999756347,254.94172269290385,one shared preloaded model
conv-42-qa-51,chalm,1.937422692292155,14.797400013776496,208.6107999930391,225.34562269910776,one shared preloaded model
conv-42-qa-52,chalm,1.937422692292155,14.782300000661053,104.2713999922853,120.99112268523851,one shared preloaded model
conv-42-qa-53,chalm,1.937422692292155,20.62340000702534,131.6915999923367,154.2524226916542,one shared preloaded model
conv-42-qa-54,chalm,1.937422692292155,15.470700003788806,520.8507000061218,538.2588227022027,one shared preloaded model
conv-42-qa-55,chalm,1.937422692292155,17.428600011044182,269.85459998832084,289.2206226916572,one shared preloaded model
conv-42-qa-56,chalm,1.937422692292155,14.267500009736978,141.82970000547357,158.0346227075027,one shared preloaded model
conv-42-qa-57,chalm,1.937422692292155,21.496200002729893,208.7422000040533,232.17582269907535,one shared preloaded model
conv-42-qa-58,chalm,1.937422692292155,14.458500008913688,219.15889999945648,235.55482270066233,one shared preloaded model
conv-42-qa-59,chalm,1.937422692292155,14.900499998475425,230.03170000447426,246.86962269524184,one shared preloaded model
conv-42-qa-60,chalm,1.937422692292155,16.918799999984913,205.34510001016315,224.20132270244022,one shared preloaded model
conv-42-qa-61,chalm,1.937422692292155,14.624600007664412,184.39319999015424,200.95522269011082,one shared preloaded model
conv-42-qa-62,chalm,1.937422692292155,16.7764000070747,202.34680001158267,221.06062271094953,one shared preloaded model
conv-42-qa-63,chalm,1.937422692292155,15.591399991535582,166.14410000329372,183.67292268712146,one shared preloaded model
conv-42-qa-64,chalm,1.937422692292155,20.842700003413484,479.76989999006037,502.550022685766,one shared preloaded model
conv-42-qa-65,chalm,1.937422692292155,18.46000000659842,193.72880000446457,214.12622270335515,one shared preloaded model
conv-42-qa-66,chalm,1.937422692292155,15.894900003331713,251.97230000048876,269.80462269611263,one shared preloaded model
conv-42-qa-67,chalm,1.937422692292155,13.560699997469783,217.88300000480376,233.3811226945657,one shared preloaded model
conv-42-qa-68,chalm,1.937422692292155,15.550700001767837,213.7938999949256,231.2820226889856,one shared preloaded model
conv-42-qa-69,chalm,1.937422692292155,15.624299994669855,113.35909999615978,130.9208226831218,one shared preloaded model
conv-42-qa-70,chalm,1.937422692292155,21.089000001666136,114.49439999705646,137.52082269101476,one shared preloaded model
conv-42-qa-71,chalm,1.937422692292155,20.796700002392754,202.50769999984186,225.24182269452677,one shared preloaded model
conv-42-qa-72,chalm,1.937422692292155,17.56159999058582,218.29659999639262,237.7956226792706,one shared preloaded model
conv-42-qa-73,chalm,1.937422692292155,15.938399999868125,215.50949999073055,233.38532268289083,one shared preloaded model
conv-42-qa-74,chalm,1.937422692292155,14.921399997547269,273.6142000067048,290.4730226965442,one shared preloaded model
conv-42-qa-75,chalm,1.937422692292155,14.16179999068845,364.5676000014646,380.6668226844452,one shared preloaded model
conv-42-qa-76,chalm,1.937422692292155,17.484799987869337,255.31840001349337,274.74062269365487,one shared preloaded model
conv-42-qa-77,chalm,1.937422692292155,16.96599999559112,509.81920000049286,528.7226226883761,one shared preloaded model
conv-42-qa-78,chalm,1.937422692292155,17.995699992752634,125.46160000783857,145.39472269288336,one shared preloaded model
conv-42-qa-79,chalm,1.937422692292155,20.083399998839013,130.05790000897832,152.0787227001095,one shared preloaded model
conv-42-qa-80,chalm,1.937422692292155,20.44559999194462,122.93230000068434,145.3153226849211,one shared preloaded model
conv-42-qa-81,chalm,1.937422692292155,17.173299987916835,230.2452000003541,249.35592268056308,one shared preloaded model
conv-42-qa-82,chalm,1.937422692292155,13.787100004265085,223.48880000936333,239.21332270592058,one shared preloaded model
conv-42-qa-83,chalm,1.937422692292155,13.680699994438328,220.9826000034809,236.6007226902114,one shared preloaded model
conv-42-qa-84,chalm,1.937422692292155,14.467100001638755,210.15210000041407,226.55662269434498,one shared preloaded model
conv-42-qa-85,chalm,1.937422692292155,15.718700000434183,219.0204999933485,236.67662268607484,one shared preloaded model
conv-42-qa-86,chalm,1.937422692292155,14.258700000937097,533.8276999973459,550.0238226905751,one shared preloaded model
conv-42-qa-87,chalm,1.937422692292155,17.40820000122767,183.32360000931658,202.6692227028364,one shared preloaded model
conv-42-qa-88,chalm,1.937422692292155,20.307700004195794,216.84730000561103,239.092422702099,one shared preloaded model
conv-42-qa-89,chalm,1.937422692292155,13.740199996391311,102.08209999836981,117.75972268705328,one shared preloaded model
conv-42-qa-90,chalm,1.937422692292155,20.40110000234563,261.9543999899179,284.29292268455566,one shared preloaded model
conv-42-qa-91,chalm,1.937422692292155,14.911399994161911,172.6551999890944,189.50402267554847,one shared preloaded model
conv-42-qa-92,chalm,1.937422692292155,21.169999992707744,211.91660000476986,235.02402268976977,one shared preloaded model
conv-42-qa-93,chalm,1.937422692292155,15.294999990146607,281.2255000026198,298.4579226850586,one shared preloaded model
conv-42-qa-94,chalm,1.937422692292155,16.673699996317737,401.0702000086894,419.6813226972993,one shared preloaded model
conv-42-qa-95,chalm,1.937422692292155,16.76160001079552,193.86650000524241,212.5655227083301,one shared preloaded model
conv-42-qa-96,chalm,1.937422692292155,17.470499995397404,238.03500000212807,257.44292268981764,one shared preloaded model
conv-42-qa-97,chalm,1.937422692292155,14.745300009963103,212.57629999308847,229.25902269534373,one shared preloaded model
conv-42-qa-98,chalm,1.937422692292155,13.465700001688674,237.35880000458565,252.76192269856648,one shared preloaded model
conv-42-qa-99,chalm,1.937422692292155,15.476700005820021,727.0688999997219,744.483022697834,one shared preloaded model
conv-42-qa-100,chalm,1.937422692292155,13.079799988190643,238.64330000651535,253.66052268699815,one shared preloaded model
conv-42-qa-101,chalm,1.937422692292155,15.245999995386228,131.36410000151955,148.54752268919793,one shared preloaded model
conv-42-qa-102,chalm,1.937422692292155,12.596900007338263,138.5895999992499,153.12392269888034,one shared preloaded model
conv-42-qa-103,chalm,1.937422692292155,21.421199999167584,223.74549999949522,247.10412269095497,one shared preloaded model
conv-42-qa-104,chalm,1.937422692292155,14.489699999103323,531.68350001215,548.1106227035455,one shared preloaded model
conv-42-qa-105,chalm,1.937422692292155,17.944899998838082,241.29879999964032,261.18112269077056,one shared preloaded model
conv-42-qa-106,chalm,1.937422692292155,14.853499989840202,297.830099996645,314.62102267877736,one shared preloaded model
conv-42-qa-107,chalm,1.937422692292155,16.961100001935847,516.6032999986783,535.5018226929062,one shared preloaded model
conv-42-qa-108,chalm,1.937422692292155,17.126200007623993,199.99760000791866,219.06122270783482,one shared preloaded model
conv-42-qa-109,chalm,1.937422692292155,14.412599994102493,185.30549999559298,201.65552268198763,one shared preloaded model
conv-42-qa-110,chalm,1.937422692292155,20.818400007556193,352.7209000021685,375.47672270201684,one shared preloaded model
conv-42-qa-111,chalm,1.937422692292155,17.20460000797175,498.6761000036495,517.8181227039133,one shared preloaded model
conv-42-qa-112,chalm,1.937422692292155,14.59150000300724,191.7916999955196,208.320622690819,one shared preloaded model
conv-42-qa-113,chalm,1.937422692292155,20.43010000488721,174.47839998931158,196.84592268649095,one shared preloaded model
conv-42-qa-114,chalm,1.937422692292155,15.62950000516139,356.95690001011826,374.5238227075718,one shared preloaded model
conv-42-qa-115,chalm,1.937422692292155,13.390799998887815,278.0885000101989,293.4167227013789,one shared preloaded model
conv-42-qa-116,chalm,1.937422692292155,14.068799995584413,189.72019999637268,205.72642268424926,one shared preloaded model
conv-42-qa-117,chalm,1.937422692292155,15.888299996731803,198.9322000008542,216.75792268987817,one shared preloaded model
conv-42-qa-118,chalm,1.937422692292155,15.182900009676814,210.91950000845827,228.03982271042725,one shared preloaded model
conv-42-qa-119,chalm,1.937422692292155,13.60940000449773,151.49859999655746,167.04542269334735,one shared preloaded model
conv-42-qa-120,chalm,1.937422692292155,21.4918999990914,105.38370000722352,128.81302269860709,one shared preloaded model
conv-42-qa-121,chalm,1.937422692292155,21.11729999887757,206.54990000184625,229.60462269301598,one shared preloaded model
conv-42-qa-122,chalm,1.937422692292155,13.254599994979799,222.54550000070594,237.7375226879779,one shared preloaded model
conv-42-qa-123,chalm,1.937422692292155,14.335799991386011,549.114900000859,565.3881226845372,one shared preloaded model
conv-42-qa-124,chalm,1.937422692292155,14.281199997640215,214.62850000534672,230.8471226952791,one shared preloaded model
conv-42-qa-125,chalm,1.937422692292155,13.114700006553903,225.78509998857044,240.8372226874165,one shared preloaded model
conv-42-qa-126,chalm,1.937422692292155,14.336400010506622,230.55580000800546,246.82962271080424,one shared preloaded model
conv-42-qa-127,chalm,1.937422692292155,15.897599994787015,201.31319999927655,219.14822268635572,one shared preloaded model
conv-42-qa-128,chalm,1.937422692292155,13.262300009955652,153.16200000233948,168.3617227045873,one shared preloaded model
conv-42-qa-129,chalm,1.937422692292155,21.024499990744516,155.1125999976648,178.07452268070148,one shared preloaded model
conv-42-qa-130,chalm,1.937422692292155,20.537000003969297,230.06170000007842,252.53612269633987,one shared preloaded model
conv-42-qa-131,chalm,1.937422692292155,13.857400001143105,254.61360000190325,270.4084226953385,one shared preloaded model
conv-42-qa-132,chalm,1.937422692292155,13.443400006508455,216.25779999885708,231.6386226976577,one shared preloaded model
conv-42-qa-133,chalm,1.937422692292155,13.3707999921171,124.64170000748709,139.94992269189635,one shared preloaded model
conv-42-qa-134,chalm,1.937422692292155,20.620299997972324,88.59870000742376,111.15642269768824,one shared preloaded model
conv-42-qa-135,chalm,1.937422692292155,21.29189998959191,167.28779999539256,190.51712267727663,one shared preloaded model
conv-42-qa-136,chalm,1.937422692292155,21.512999999686144,109.14639999100473,132.59682268298303,one shared preloaded model
conv-42-qa-137,chalm,1.937422692292155,20.62550000846386,232.9094000015175,255.47232270227352,one shared preloaded model
conv-42-qa-138,chalm,1.937422692292155,14.54560000274796,230.72849999880418,247.2115226938443,one shared preloaded model
conv-42-qa-139,chalm,1.937422692292155,16.981100008706562,377.5323000008939,396.4508227018926,one shared preloaded model
conv-42-qa-140,chalm,1.937422692292155,17.280700005358085,363.70119999628514,382.9193226939354,one shared preloaded model
conv-42-qa-141,chalm,1.937422692292155,17.196200002217665,274.8505000054138,293.9841226999236,one shared preloaded model
conv-42-qa-142,chalm,1.937422692292155,17.209199999342673,220.29979999933857,239.4464226909734,one shared preloaded model
conv-42-qa-143,chalm,1.937422692292155,17.54060000530444,124.5311000093352,144.0091227069318,one shared preloaded model
conv-42-qa-144,chalm,1.937422692292155,14.792600006330758,197.35070000751875,214.08072270614167,one shared preloaded model
conv-42-qa-145,chalm,1.937422692292155,15.57749998755753,302.65070000314154,320.1656226829912,one shared preloaded model
conv-42-qa-146,chalm,1.937422692292155,13.531999997212552,237.44019999867305,252.90962268817776,one shared preloaded model
conv-42-qa-147,chalm,1.937422692292155,15.230399993015453,232.97950001142453,250.14732269673215,one shared preloaded model
conv-42-qa-148,chalm,1.937422692292155,14.924999995855615,167.96140000224113,184.8238226903889,one shared preloaded model
conv-42-qa-149,chalm,1.937422692292155,12.617100001079962,711.7117999878246,726.2663226811967,one shared preloaded model
conv-42-qa-150,chalm,1.937422692292155,16.00259999395348,228.52920000150334,246.46922268774898,one shared preloaded model
conv-42-qa-151,chalm,1.937422692292155,14.024000003701076,192.3400999949081,208.30152269090132,one shared preloaded model
conv-42-qa-152,chalm,1.937422692292155,17.131100001279265,618.7081999960355,637.7767226896069,one shared preloaded model
conv-42-qa-153,chalm,1.937422692292155,14.421200001379475,313.0541999998968,329.41282269356844,one shared preloaded model
conv-42-qa-154,chalm,1.937422692292155,17.59899999888148,161.59619999234565,181.1326226835193,one shared preloaded model
conv-42-qa-155,chalm,1.937422692292155,18.350300000747666,258.7461999937659,279.03392268680574,one shared preloaded model
conv-42-qa-156,chalm,1.937422692292155,17.543099995236844,236.26949999015778,255.7500226776868,one shared preloaded model
conv-42-qa-157,chalm,1.937422692292155,14.066000003367662,203.90689998748712,219.91032268314694,one shared preloaded model
conv-42-qa-158,chalm,1.937422692292155,14.051399994059466,311.46219999936875,327.4510226857204,one shared preloaded model
conv-42-qa-159,chalm,1.937422692292155,18.485000007785857,241.24360000132583,261.66602270140385,one shared preloaded model
conv-42-qa-160,chalm,1.937422692292155,16.78949999040924,177.2895000030985,196.0164226857999,one shared preloaded model
conv-42-qa-161,chalm,1.937422692292155,15.486499993130565,210.20270000735763,227.62662269278036,one shared preloaded model
conv-42-qa-162,chalm,1.937422692292155,16.516500007128343,162.27280000748578,180.7267227069063,one shared preloaded model
conv-42-qa-163,chalm,1.937422692292155,20.5986000073608,143.80940000410192,166.34542270375488,one shared preloaded model
conv-42-qa-164,chalm,1.937422692292155,21.79829998931382,303.47420000180136,327.20992268340734,one shared preloaded model
conv-42-qa-165,chalm,1.937422692292155,16.41369999560993,325.2976999938255,343.6488226817276,one shared preloaded model
conv-42-qa-166,chalm,1.937422692292155,13.87889999023173,121.72409999766387,137.54042268018776,one shared preloaded model
conv-42-qa-167,chalm,1.937422692292155,20.534900002530776,215.93779999238905,238.41012268721198,one shared preloaded model
conv-42-qa-168,chalm,1.937422692292155,13.040499994531274,442.2906000108924,457.2685226977158,one shared preloaded model
conv-42-qa-169,chalm,1.937422692292155,14.09599999897182,193.97659999958705,210.01002269085103,one shared preloaded model
conv-42-qa-170,chalm,1.937422692292155,17.149500010418706,671.7411999998149,690.8281227025257,one shared preloaded model
conv-42-qa-171,chalm,1.937422692292155,17.255900005693547,227.0652000006521,246.25852269863782,one shared preloaded model
conv-42-qa-172,chalm,1.937422692292155,13.497799998731352,213.39900000020862,228.83422269123213,one shared preloaded model
conv-42-qa-173,chalm,1.937422692292155,15.149200000450946,240.66579999634996,257.75242268909307,one shared preloaded model
conv-42-qa-174,chalm,1.937422692292155,13.41070000489708,164.2338999954518,179.58202269264103,one shared preloaded model
conv-42-qa-175,chalm,1.937422692292155,20.42260000598617,219.65679999266285,242.01682269094118,one shared preloaded model
conv-42-qa-176,chalm,1.937422692292155,15.661799989175051,169.75640000600833,187.35562268747555,one shared preloaded model
conv-42-qa-177,chalm,1.937422692292155,16.78270001139026,363.50220000895206,382.2223227126345,one shared preloaded model
conv-42-qa-178,chalm,1.937422692292155,12.885499992989935,165.4865000018617,180.3094226871438,one shared preloaded model
conv-42-qa-179,chalm,1.937422692292155,21.712399990065023,150.39929999329615,174.04912267565334,one shared preloaded model
conv-42-qa-180,chalm,1.937422692292155,20.5648000119254,260.4642999940552,282.96652269827274,one shared preloaded model
conv-42-qa-181,chalm,1.937422692292155,15.168799989623949,173.1895999982953,190.29582268021142,one shared preloaded model
conv-42-qa-182,chalm,1.937422692292155,17.325599998002872,219.0928000054555,238.35582269575053,one shared preloaded model
conv-42-qa-183,chalm,1.937422692292155,15.25009999750182,227.07819999777712,244.2657226875711,one shared preloaded model
conv-42-qa-184,chalm,1.937422692292155,12.853500011260621,183.73910000082105,198.53002270437383,one shared preloaded model
conv-42-qa-185,chalm,1.937422692292155,19.965700004831888,149.6694999950705,171.57262269219456,one shared preloaded model
conv-42-qa-186,chalm,1.937422692292155,21.11960000183899,199.04080001288094,222.09782270701209,one shared preloaded model
conv-42-qa-187,chalm,1.937422692292155,13.888100002077408,407.9780000029132,423.80352269728274,one shared preloaded model
conv-42-qa-188,chalm,1.937422692292155,14.172100010910071,174.81799999950454,190.92752270270677,one shared preloaded model
conv-42-qa-189,chalm,1.937422692292155,19.22809999086894,692.6090000051772,713.7745226883383,one shared preloaded model
conv-42-qa-190,chalm,1.937422692292155,17.140999989351258,183.72019998787437,202.79862266951778,one shared preloaded model
conv-42-qa-191,chalm,1.937422692292155,14.775299991015345,591.4144000125816,608.127122695889,one shared preloaded model
conv-42-qa-192,chalm,1.937422692292155,17.37929999944754,334.8812000040198,354.1979226957595,one shared preloaded model
conv-42-qa-193,chalm,1.937422692292155,17.69350000540726,308.74609999591485,328.37702269361426,one shared preloaded model
conv-42-qa-194,chalm,1.937422692292155,16.517399999429472,246.2128000042867,264.6676226960083,one shared preloaded model
conv-42-qa-195,chalm,1.937422692292155,15.429099992616102,232.01360000530258,249.38012269021084,one shared preloaded model
conv-42-qa-196,chalm,1.937422692292155,12.56909999938216,126.07139999454375,140.57792268621807,one shared preloaded model
conv-42-qa-197,chalm,1.937422692292155,21.33740000135731,172.99730000377167,196.27212269742114,one shared preloaded model
conv-42-qa-198,chalm,1.937422692292155,21.208599995588884,225.16699999687262,248.31302268475366,one shared preloaded model
conv-42-qa-199,chalm,1.937422692292155,13.233399993623607,220.03670000412967,235.20752269004544,one shared preloaded model
conv-42-qa-200,chalm,1.937422692292155,14.222300000255927,301.39449999842327,317.55422269097136,one shared preloaded model
conv-42-qa-201,chalm,1.937422692292155,13.871999995899387,165.55700000026263,181.36642268845418,one shared preloaded model
conv-42-qa-202,chalm,1.937422692292155,20.26330000080634,216.931899994961,239.13262268805948,one shared preloaded model
conv-42-qa-203,chalm,1.937422692292155,14.827699997113086,213.94970000255853,230.71482269196378,one shared preloaded model
conv-42-qa-204,chalm,1.937422692292155,14.184100000420585,222.7805000002263,238.90202269293906,one shared preloaded model
conv-42-qa-205,chalm,1.937422692292155,13.071399996988475,213.41740000934806,228.4262226986287,one shared preloaded model
conv-42-qa-206,chalm,1.937422692292155,14.43749999452848,219.62960000382736,236.004522690648,one shared preloaded model
conv-42-qa-207,chalm,1.937422692292155,16.508500004420057,140.8159999991767,159.26192269588893,one shared preloaded model
conv-42-qa-208,chalm,1.937422692292155,20.477099998970516,239.14769999100827,261.56222268227094,one shared preloaded model
conv-42-qa-209,chalm,1.937422692292155,13.020700003835373,227.46900000493042,242.42712270105795,one shared preloaded model
conv-42-qa-210,chalm,1.937422692292155,15.671300003305078,205.17850000760518,222.78722270320242,one shared preloaded model
conv-42-qa-211,chalm,1.937422692292155,13.228200012235902,209.33949999744073,224.5051227019688,one shared preloaded model
conv-42-qa-212,chalm,1.937422692292155,14.979500003391877,211.59639999677893,228.51332269246296,one shared preloaded model
conv-42-qa-213,chalm,1.937422692292155,14.657699997769669,481.1828000092646,497.77792269932644,one shared preloaded model
conv-42-qa-214,chalm,1.937422692292155,16.9437000004109,231.60569999890868,250.48682269161174,one shared preloaded model
conv-42-qa-215,chalm,1.937422692292155,13.830800002324395,199.919000006048,215.68722270066456,one shared preloaded model
conv-42-qa-216,chalm,1.937422692292155,15.38060000166297,229.44490000372753,246.76292269768265,one shared preloaded model
conv-42-qa-217,chalm,1.937422692292155,17.30140000290703,157.86690000095405,177.10572269615324,one shared preloaded model
conv-42-qa-218,chalm,1.937422692292155,20.087900004000403,226.59410000778735,248.6194227040799,one shared preloaded model
conv-42-qa-219,chalm,1.937422692292155,14.697299993713386,226.64919999078847,243.28392267679402,one shared preloaded model
conv-42-qa-220,chalm,1.937422692292155,18.78309999301564,130.5313000048045,151.2518226901123,one shared preloaded model
conv-42-qa-221,chalm,1.937422692292155,19.368000008398667,407.603100000415,428.9085227011058,one shared preloaded model
conv-42-qa-222,chalm,1.937422692292155,14.240899996366352,229.42289999627974,245.60122268493825,one shared preloaded model
conv-42-qa-223,chalm,1.937422692292155,14.657200008514337,186.4865999959875,203.081222696794,one shared preloaded model
conv-42-qa-224,chalm,1.937422692292155,20.369800011394545,244.08659999608062,266.3938226997673,one shared preloaded model
conv-42-qa-225,chalm,1.937422692292155,14.300499999080785,218.65300000354182,234.89092269491476,one shared preloaded model
conv-42-qa-226,chalm,1.937422692292155,14.615700012654997,124.95340000896249,141.50652271390965,one shared preloaded model
conv-42-qa-227,chalm,1.937422692292155,15.557000006083399,227.01519999827724,244.5096226966528,one shared preloaded model
conv-42-qa-228,chalm,1.937422692292155,14.982100008637644,205.40099999925587,222.32052270018568,one shared preloaded model
conv-42-qa-229,chalm,1.937422692292155,14.822899989667349,226.51169999153353,243.27202267349304,one shared preloaded model
conv-42-qa-230,chalm,1.937422692292155,14.592499996069819,215.9661000041524,232.49602269251437,one shared preloaded model
conv-42-qa-231,chalm,1.937422692292155,13.513300000340678,198.6447999952361,214.09552268786894,one shared preloaded model
conv-42-qa-232,chalm,1.937422692292155,14.704800007166341,221.41909999481868,238.06132269427718,one shared preloaded model
conv-42-qa-233,chalm,1.937422692292155,14.546799997333437,240.44209999556188,256.9263226851875,one shared preloaded model
conv-42-qa-234,chalm,1.937422692292155,13.61959999485407,238.1288000033237,253.68582269046993,one shared preloaded model
conv-42-qa-235,chalm,1.937422692292155,14.016999994055368,287.04490000382066,302.9993226901682,one shared preloaded model
conv-42-qa-236,chalm,1.937422692292155,14.948099997127429,221.67269999044947,238.55822267986906,one shared preloaded model
conv-42-qa-237,chalm,1.937422692292155,13.22319998871535,234.95519999414682,250.11582267515433,one shared preloaded model
conv-42-qa-238,chalm,1.937422692292155,14.65309999184683,328.3157999976538,344.9063226817928,one shared preloaded model
conv-42-qa-239,chalm,1.937422692292155,18.595200002891943,95.80009999626782,116.33272269145192,one shared preloaded model
conv-42-qa-240,chalm,1.937422692292155,20.40919999126345,170.5054000049131,192.8520226884687,one shared preloaded model
conv-42-qa-241,chalm,1.937422692292155,13.753799998085015,232.1609999926295,247.8522226830067,one shared preloaded model
conv-42-qa-242,chalm,1.937422692292155,17.486900003859773,214.24499999557156,233.6693226917235,one shared preloaded model
conv-42-qa-243,chalm,1.937422692292155,14.65309999184683,231.55430000042543,248.14482268456442,one shared preloaded model
conv-42-qa-244,chalm,1.937422692292155,14.606899989303201,213.17799999087583,229.7223226724712,one shared preloaded model
conv-42-qa-245,chalm,1.937422692292155,13.455000007525086,181.5173000068171,196.90972270663434,one shared preloaded model
conv-42-qa-246,chalm,1.937422692292155,16.045399999711663,211.6124000021955,229.59522269419932,one shared preloaded model
conv-42-qa-247,chalm,1.937422692292155,12.861399998655543,173.4623000083957,188.2611226993434,one shared preloaded model
conv-42-qa-248,chalm,1.937422692292155,17.349300003843382,221.85099999478552,241.13772269092107,one shared preloaded model
conv-42-qa-249,chalm,1.937422692292155,13.731900005950592,215.67409999261145,231.3434226908542,one shared preloaded model
conv-42-qa-250,chalm,1.937422692292155,16.228300009970553,216.83340000163298,234.9991227038957,one shared preloaded model
conv-42-qa-251,chalm,1.937422692292155,14.394199999514967,150.25220000825357,166.5838227000607,one shared preloaded model
conv-42-qa-252,chalm,1.937422692292155,16.67920000909362,193.72130000556353,212.3379227069493,one shared preloaded model
conv-42-qa-253,chalm,1.937422692292155,17.247499999939464,183.26010000600945,202.44502269824108,one shared preloaded model
conv-42-qa-254,chalm,1.937422692292155,20.506300003034994,833.7576000049012,856.2013227002283,one shared preloaded model
conv-42-qa-255,chalm,1.937422692292155,13.19439998769667,242.46629999834113,257.59812267832996,one shared preloaded model
conv-42-qa-256,chalm,1.937422692292155,18.49689999653492,332.8229000035208,353.25722269234785,one shared preloaded model
conv-42-qa-257,chalm,1.937422692292155,17.69909998984076,448.6987999989651,468.33532268109803,one shared preloaded model
conv-42-qa-258,chalm,1.937422692292155,17.358199998852797,166.67530000268016,185.97092269382512,one shared preloaded model
conv-42-qa-259,chalm,1.937422692292155,20.42990000336431,223.53889999794774,245.9062226936042,one shared preloaded model
conv-43-qa-0,chalm,2.538036776878313,18.544299993664026,163.41140000440646,184.4937367749488,one shared preloaded model
conv-43-qa-1,chalm,2.538036776878313,18.101499998010695,223.00800000084564,243.64753677573464,one shared preloaded model
conv-43-qa-2,chalm,2.538036776878313,18.127200004528277,178.0750000034459,198.74023678485247,one shared preloaded model
conv-43-qa-3,chalm,2.538036776878313,23.191100000985898,238.6835999932373,264.4127367711015,one shared preloaded model
conv-43-qa-4,chalm,2.538036776878313,18.611999999848194,305.3466999990633,326.49673677578977,one shared preloaded model
conv-43-qa-5,chalm,2.538036776878313,17.939600002137013,241.25450001156423,261.73213679057955,one shared preloaded model
conv-43-qa-6,chalm,2.538036776878313,19.39269999274984,130.6761000014376,152.60683677106573,one shared preloaded model
conv-43-qa-7,chalm,2.538036776878313,18.58649999485351,122.36779999511782,143.49233676684963,one shared preloaded model
conv-43-qa-8,chalm,2.538036776878313,19.243399990955368,219.35290000692476,241.13433677475842,one shared preloaded model
conv-43-qa-9,chalm,2.538036776878313,16.402499997639097,211.1392000078922,230.0797367824096,one shared preloaded model
conv-43-qa-10,chalm,2.538036776878313,15.852800002903678,330.47340001212433,348.8642367919063,one shared preloaded model
conv-43-qa-11,chalm,2.538036776878313,15.900299986242317,226.68599999451544,245.12433675763606,one shared preloaded model
conv-43-qa-12,chalm,2.538036776878313,15.544099995167926,217.5275000045076,235.60963677655383,one shared preloaded model
conv-43-qa-13,chalm,2.538036776878313,15.483600000152364,279.1504999913741,297.17213676840476,one shared preloaded model
conv-43-qa-14,chalm,2.538036776878313,16.43550000153482,237.27909999433905,256.25263677275217,one shared preloaded model
conv-43-qa-15,chalm,2.538036776878313,17.10149999416899,231.96190000453498,251.60143677558227,one shared preloaded model
conv-43-qa-16,chalm,2.538036776878313,19.92880000034347,139.4771000050241,161.94393678224588,one shared preloaded model
conv-43-qa-17,chalm,2.538036776878313,22.652600004221313,115.23850000230595,140.42913678340557,one shared preloaded model
conv-43-qa-18,chalm,2.538036776878313,21.40119999239687,228.1236999988323,252.06293676810748,one shared preloaded model
conv-43-qa-19,chalm,2.538036776878313,16.318399997544475,370.0595999980578,388.9160367724806,one shared preloaded model
conv-43-qa-20,chalm,2.538036776878313,18.29140000336338,231.70920000120532,252.538636781447,one shared preloaded model
conv-43-qa-21,chalm,2.538036776878313,15.811300007044338,191.78229999670293,210.13163678062557,one shared preloaded model
conv-43-qa-22,chalm,2.538036776878313,20.20250000350643,159.40829999453854,182.14883677492327,one shared preloaded model
conv-43-qa-23,chalm,2.538036776878313,15.897999997832812,472.4127000081353,490.8487367828464,one shared preloaded model
conv-43-qa-24,chalm,2.538036776878313,20.837400006712414,217.7879000082612,241.16333679185192,one shared preloaded model
conv-43-qa-25,chalm,2.538036776878313,15.91920001374092,228.77849999349564,247.23573678411486,one shared preloaded model
conv-43-qa-26,chalm,2.538036776878313,18.670799996471033,229.8536000016611,251.06243677501044,one shared preloaded model
conv-43-qa-27,chalm,2.538036776878313,15.812300000106916,235.99230000399984,254.34263678098506,one shared preloaded model
conv-43-qa-28,chalm,2.538036776878313,16.995700003462844,172.3133999912534,191.84713677159453,one shared preloaded model
conv-43-qa-29,chalm,2.538036776878313,25.263100003940053,186.15310000313912,213.95423678395747,one shared preloaded model
conv-43-qa-30,chalm,2.538036776878313,22.62679999694228,176.27949999587145,201.44433676969203,one shared preloaded model
conv-43-qa-31,chalm,2.538036776878313,22.31499999470543,130.38190000224859,155.23493677383232,one shared preloaded model
conv-43-qa-32,chalm,2.538036776878313,19.317499987664632,224.0936000016518,245.94913676619473,one shared preloaded model
conv-43-qa-33,chalm,2.538036776878313,18.723000001045875,162.62550000101328,183.88653677893745,one shared preloaded model
conv-43-qa-34,chalm,2.538036776878313,21.905200002947822,206.38309999776538,230.8263367775915,one shared preloaded model
conv-43-qa-35,chalm,2.538036776878313,16.07230000081472,171.8332000018563,190.44353677954933,one shared preloaded model
conv-43-qa-36,chalm,2.538036776878313,23.9107000088552,224.47830000601243,250.92703679174593,one shared preloaded model
conv-43-qa-37,chalm,2.538036776878313,18.80700000037905,166.64440000022296,187.9894367774803,one shared preloaded model
conv-43-qa-38,chalm,2.538036776878313,18.859000003430992,226.36179999972228,247.75883678003157,one shared preloaded model
conv-43-qa-39,chalm,2.538036776878313,17.297800004598685,235.8500999980606,255.6859367795376,one shared preloaded model
conv-43-qa-40,chalm,2.538036776878313,16.046999997342937,226.0348999989219,244.61993677314314,one shared preloaded model
conv-43-qa-41,chalm,2.538036776878313,13.874200012651272,161.69180000724737,178.10403679677694,one shared preloaded model
conv-43-qa-42,chalm,2.538036776878313,21.49670000653714,233.75980000128038,257.7945367846958,one shared preloaded model
conv-43-qa-43,chalm,2.538036776878313,19.99970000179019,310.43709999357816,332.97483677224665,one shared preloaded model
conv-43-qa-44,chalm,2.538036776878313,14.85540000430774,371.0614000010537,388.45483678223974,one shared preloaded model
conv-43-qa-45,chalm,2.538036776878313,19.572100005461834,244.03289999463595,266.1430367769761,one shared preloaded model
conv-43-qa-46,chalm,2.538036776878313,17.406600003596395,226.5697000111686,246.5143367916433,one shared preloaded model
conv-43-qa-47,chalm,2.538036776878313,15.486199990846217,150.99029999691993,169.01453676464445,one shared preloaded model
conv-43-qa-48,chalm,2.538036776878313,22.62320001318585,553.6043000029167,578.7655367929809,one shared preloaded model
conv-43-qa-49,chalm,2.538036776878313,15.676499999244697,111.41200001293328,129.62653678905627,one shared preloaded model
conv-43-qa-50,chalm,2.538036776878313,24.347900005523115,159.1997000068659,186.0856367892673,one shared preloaded model
conv-43-qa-51,chalm,2.538036776878313,23.429199995007366,271.59109999774955,297.5583367696352,one shared preloaded model
conv-43-qa-52,chalm,2.538036776878313,15.261099993949756,149.12689999619033,166.9260367670184,one shared preloaded model
conv-43-qa-53,chalm,2.538036776878313,22.444100002758205,161.3428999989992,186.3250367786357,one shared preloaded model
conv-43-qa-54,chalm,2.538036776878313,16.318499998305924,149.8147000093013,168.67123678448553,one shared preloaded model
conv-43-qa-55,chalm,2.538036776878313,18.22569999785628,502.2197999933269,522.9835367680615,one shared preloaded model
conv-43-qa-56,chalm,2.538036776878313,13.543299995944835,487.4423000001116,503.5236367729347,one shared preloaded model
conv-43-qa-57,chalm,2.538036776878313,17.786000011255965,157.28949999902397,177.61353678715824,one shared preloaded model
conv-43-qa-58,chalm,2.538036776878313,21.25420000811573,153.62109999114182,177.41333677613585,one shared preloaded model
conv-43-qa-59,chalm,2.538036776878313,22.447199997259304,225.06300000532065,250.04823677945825,one shared preloaded model
conv-43-qa-60,chalm,2.538036776878313,15.451400002348237,566.4189000090118,584.4083367882384,one shared preloaded model
conv-43-qa-61,chalm,2.538036776878313,18.515599993406795,212.74490001087543,233.79853678116052,one shared preloaded model
conv-43-qa-62,chalm,2.538036776878313,14.820600001257844,244.95290000049863,262.3115367786348,one shared preloaded model
conv-43-qa-63,chalm,2.538036776878313,13.710200000787154,503.14780000189785,519.3960367795634,one shared preloaded model
conv-43-qa-64,chalm,2.538036776878313,18.987599993124604,108.42089999641757,129.94653676642048,one shared preloaded model
conv-43-qa-65,chalm,2.538036776878313,19.87129999906756,130.27420001162682,152.68353678757268,one shared preloaded model
conv-43-qa-66,chalm,2.538036776878313,21.581399996648543,218.2290000055218,242.34843677904865,one shared preloaded model
conv-43-qa-67,chalm,2.538036776878313,16.458700003568083,233.73320000246167,252.72993678290806,one shared preloaded model
conv-43-qa-68,chalm,2.538036776878313,13.399900009972043,489.77060000470374,505.7085367915541,one shared preloaded model
conv-43-qa-69,chalm,2.538036776878313,13.563299988163635,149.55070000723936,165.6520367722813,one shared preloaded model
conv-43-qa-70,chalm,2.538036776878313,22.029600004316308,219.28600000683218,243.8536367880268,one shared preloaded model
conv-43-qa-71,chalm,2.538036776878313,14.051099991775118,200.82530000945553,217.41443677810895,one shared preloaded model
conv-43-qa-72,chalm,2.538036776878313,15.771299993502907,177.2415000014007,195.55083677178192,one shared preloaded model
conv-43-qa-73,chalm,2.538036776878313,21.329399998649023,358.99090000020806,382.8583367757354,one shared preloaded model
conv-43-qa-74,chalm,2.538036776878313,15.552900003967807,266.7414000025019,284.832336783348,one shared preloaded model
conv-43-qa-75,chalm,2.538036776878313,15.311299997847527,219.06070000841282,236.91003678313865,one shared preloaded model
conv-43-qa-76,chalm,2.538036776878313,19.035999997868203,463.48950000538025,485.06353678012675,one shared preloaded model
conv-43-qa-77,chalm,2.538036776878313,15.07909999054391,143.46669999940787,161.08383676683007,one shared preloaded model
conv-43-qa-78,chalm,2.538036776878313,20.048400008818135,361.044099990977,383.6305367766734,one shared preloaded model
conv-43-qa-79,chalm,2.538036776878313,13.89299999573268,161.88819998933468,178.31923676194566,one shared preloaded model
conv-43-qa-80,chalm,2.538036776878313,21.105200008605607,121.550700001535,145.1939367870189,one shared preloaded model
conv-43-qa-81,chalm,2.538036776878313,15.832000004593283,154.38089999952354,172.75093678099512,one shared preloaded model
conv-43-qa-82,chalm,2.538036776878313,19.476799992844462,112.35929999384098,134.37413676356374,one shared preloaded model
conv-43-qa-83,chalm,2.538036776878313,21.740700001828372,198.7619999999879,223.04073677869457,one shared preloaded model
conv-43-qa-84,chalm,2.538036776878313,13.351000001421198,260.3114999947138,276.2005367730133,one shared preloaded model
conv-43-qa-85,chalm,2.538036776878313,14.377800005604513,225.1583000033861,242.07413678586892,one shared preloaded model
conv-43-qa-86,chalm,2.538036776878313,13.425299999653362,233.47869999997783,249.4420367765095,one shared preloaded model
conv-43-qa-87,chalm,2.538036776878313,17.863500004750676,121.228499992867,141.63003677449598,one shared preloaded model
conv-43-qa-88,chalm,2.538036776878313,20.973899998352863,224.98839999025222,248.50033676548338,one shared preloaded model
conv-43-qa-89,chalm,2.538036776878313,13.695600006030872,213.6473999998998,229.88103678280896,one shared preloaded model
conv-43-qa-90,chalm,2.538036776878313,13.351600005989894,355.4716999933589,371.3613367762271,one shared preloaded model
conv-43-qa-91,chalm,2.538036776878313,15.396899994811974,330.3636000055121,348.2985367772024,one shared preloaded model
conv-43-qa-92,chalm,2.538036776878313,19.410299995797686,251.50459998985752,273.4529367625335,one shared preloaded model
conv-43-qa-93,chalm,2.538036776878313,13.90180000453256,337.5606999907177,354.00053677212856,one shared preloaded model
conv-43-qa-94,chalm,2.538036776878313,13.771900004940107,436.8227999948431,453.1327367766615,one shared preloaded model
conv-43-qa-95,chalm,2.538036776878313,13.68469999579247,203.85330000135582,220.0760367740266,one shared preloaded model
conv-43-qa-96,chalm,2.538036776878313,14.717800004291348,211.58509999804664,228.8409367792163,one shared preloaded model
conv-43-qa-97,chalm,2.538036776878313,15.06859999790322,305.5439000017941,323.1505367765756,one shared preloaded model
conv-43-qa-98,chalm,2.538036776878313,16.429700001026504,234.45129999890924,253.41903677681404,one shared preloaded model
conv-43-qa-99,chalm,2.538036776878313,15.81090000399854,181.85490000178106,200.2038367826579,one shared preloaded model
conv-43-qa-100,chalm,2.538036776878313,21.343700005672872,150.11560000129975,173.99733678385093,one shared preloaded model
conv-43-qa-101,chalm,2.538036776878313,16.040100003010593,201.60490000853315,220.18303678842204,one shared preloaded model
conv-43-qa-102,chalm,2.538036776878313,14.09070000227075,665.2754999959143,681.9042367750634,one shared preloaded model
conv-43-qa-103,chalm,2.538036776878313,13.780099994619377,190.13200000335928,206.45013677485696,one shared preloaded model
conv-43-qa-104,chalm,2.538036776878313,20.986299990909174,148.24700000463054,171.771336772418,one shared preloaded model
conv-43-qa-105,chalm,2.538036776878313,18.9879999961704,181.75489999703132,203.28093677008002,one shared preloaded model
conv-43-qa-106,chalm,2.538036776878313,21.821099988301285,169.21999999613035,193.57913676130994,one shared preloaded model
conv-43-qa-107,chalm,2.538036776878313,21.472199994605035,216.76349999324884,240.77373676473218,one shared preloaded model
conv-43-qa-108,chalm,2.538036776878313,13.851700001396239,199.5253000059165,215.91503678419105,one shared preloaded model
conv-43-qa-109,chalm,2.538036776878313,13.677900002221577,355.65800000040326,371.87393677950314,one shared preloaded model
conv-43-qa-110,chalm,2.538036776878313,13.800000000628643,232.1611999941524,248.49923677165935,one shared preloaded model
conv-43-qa-111,chalm,2.538036776878313,13.842100001056679,167.47169999871403,183.851836776649,one shared preloaded model
conv-43-qa-112,chalm,2.538036776878313,18.468700000084937,195.70850000309292,216.71523678005616,one shared preloaded model
conv-43-qa-113,chalm,2.538036776878313,15.668899999582209,215.5956999922637,233.8026367687242,one shared preloaded model
conv-43-qa-114,chalm,2.538036776878313,14.885099997627549,196.00500000524335,213.4281367797492,one shared preloaded model
conv-43-qa-115,chalm,2.538036776878313,19.26229998935014,401.43470000475645,423.2350367709849,one shared preloaded model
conv-43-qa-116,chalm,2.538036776878313,18.874900008086115,333.64920000894926,355.0621367939137,one shared preloaded model
conv-43-qa-117,chalm,2.538036776878313,14.729599992278963,255.88149999384768,273.14913676300495,one shared preloaded model
conv-43-qa-118,chalm,2.538036776878313,18.616800007293932,230.79669999424368,251.9515367784159,one shared preloaded model
conv-43-qa-119,chalm,2.538036776878313,13.543499997467734,489.5996999985073,505.6812367728533,one shared preloaded model
conv-43-qa-120,chalm,2.538036776878313,19.241899994085543,151.37429999595042,173.15423676691427,one shared preloaded model
conv-43-qa-121,chalm,2.538036776878313,16.44490000035148,351.6585000033956,370.6414367806254,one shared preloaded model
conv-43-qa-122,chalm,2.538036776878313,13.605600004666485,330.77999998931773,346.9236367708625,one shared preloaded model
conv-43-qa-123,chalm,2.538036776878313,18.06800000485964,133.44420000794344,154.05023678968138,one shared preloaded model
conv-43-qa-124,chalm,2.538036776878313,17.95610001136083,214.7199000028195,235.21403679105862,one shared preloaded model
conv-43-qa-125,chalm,2.538036776878313,13.7646999937715,436.44510000012815,452.74783677077795,one shared preloaded model
conv-43-qa-126,chalm,2.538036776878313,13.371099994401447,676.8879000010202,692.7970367723,one shared preloaded model
conv-43-qa-127,chalm,2.538036776878313,18.682699999772012,161.6511000029277,182.87183677957802,one shared preloaded model
conv-43-qa-128,chalm,2.538036776878313,21.38819999527186,190.02919999184087,213.95543676399103,one shared preloaded model
conv-43-qa-129,chalm,2.538036776878313,21.62399998633191,97.07820000767242,121.24023677088265,one shared preloaded model
conv-43-qa-130,chalm,2.538036776878313,22.32249999360647,207.66189999994822,232.522436770433,one shared preloaded model
conv-43-qa-131,chalm,2.538036776878313,17.963999998755753,289.9325000034878,310.43453677912186,one shared preloaded model
conv-43-qa-132,chalm,2.538036776878313,14.392199998837896,328.1857000110904,345.11593678680657,one shared preloaded model
conv-43-qa-133,chalm,2.538036776878313,13.724999997066334,164.7510000038892,181.01403677783384,one shared preloaded model
conv-43-qa-134,chalm,2.538036776878313,22.324500008835457,135.96270000562072,160.82523679133448,one shared preloaded model
conv-43-qa-135,chalm,2.538036776878313,22.381499991752207,253.6946999898646,278.6142367584951,one shared preloaded model
conv-43-qa-136,chalm,2.538036776878313,13.78350000595674,351.8179999955464,368.13953677838145,one shared preloaded model
conv-43-qa-137,chalm,2.538036776878313,13.774999999441206,217.64600000460632,233.95903678092583,one shared preloaded model
conv-43-qa-138,chalm,2.538036776878313,13.820099993608892,432.7265999891097,449.08473675959686,one shared preloaded model
conv-43-qa-139,chalm,2.538036776878313,20.67749999696389,1191.6801999905147,1214.8957367643568,one shared preloaded model
conv-43-qa-140,chalm,2.538036776878313,14.006900004460476,457.4425000027986,473.9874367841374,one shared preloaded model
conv-43-qa-141,chalm,2.538036776878313,14.584000004106201,193.09279999288265,210.21483677386715,one shared preloaded model
conv-43-qa-142,chalm,2.538036776878313,16.310499995597638,532.8060000028927,551.6545367753687,one shared preloaded model
conv-43-qa-143,chalm,2.538036776878313,15.824000001884997,146.87560001038946,165.23763678915276,one shared preloaded model
conv-43-qa-144,chalm,2.538036776878313,22.174099998665042,268.9795000042068,293.6916367797501,one shared preloaded model
conv-43-qa-145,chalm,2.538036776878313,15.543500005151145,410.9133999882033,428.99493677023275,one shared preloaded model
conv-43-qa-146,chalm,2.538036776878313,15.208099997835234,160.71009999723174,178.45623677194527,one shared preloaded model
conv-43-qa-147,chalm,2.538036776878313,21.785700009786524,152.1881999942707,176.5119367809355,one shared preloaded model
conv-43-qa-148,chalm,2.538036776878313,22.090900005423464,140.86899999529123,165.497936777593,one shared preloaded model
conv-43-qa-149,chalm,2.538036776878313,21.38790000753943,204.4356999977026,228.36163678212034,one shared preloaded model
conv-43-qa-150,chalm,2.538036776878313,14.455399999860674,240.85259999264963,257.8460367693886,one shared preloaded model
conv-43-qa-151,chalm,2.538036776878313,16.020199997001328,157.92300000612158,176.4812367800012,one shared preloaded model
conv-43-qa-152,chalm,2.538036776878313,17.168399994261563,249.3806999991648,269.08713677030465,one shared preloaded model
conv-43-qa-153,chalm,2.538036776878313,13.970499989227392,231.22129999683239,247.72983676293808,one shared preloaded model
conv-43-qa-154,chalm,2.538036776878313,13.834099998348393,188.4040000004461,204.7761367756728,one shared preloaded model
conv-43-qa-155,chalm,2.538036776878313,20.835000002989545,128.34910000674427,151.7221367866121,one shared preloaded model
conv-43-qa-156,chalm,2.538036776878313,13.044699997408316,221.72849999333266,237.31123676761928,one shared preloaded model
conv-43-qa-157,chalm,2.538036776878313,16.59690000815317,235.37349999241997,254.50843677745144,one shared preloaded model
conv-43-qa-158,chalm,2.538036776878313,14.554499997757375,208.7603000109084,225.85283678554407,one shared preloaded model
conv-43-qa-159,chalm,2.538036776878313,14.977300001191907,204.1769000061322,221.6922367842024,one shared preloaded model
conv-43-qa-160,chalm,2.538036776878313,15.238799998769537,212.97090000007302,230.74773677572085,one shared preloaded model
conv-43-qa-161,chalm,2.538036776878313,14.7826000029454,326.3287000008859,343.6493367807096,one shared preloaded model
conv-43-qa-162,chalm,2.538036776878313,18.079400004353374,227.30729999602772,247.9247367772594,one shared preloaded model
conv-43-qa-163,chalm,2.538036776878313,13.024500003666617,98.32550000282936,113.88803678337429,one shared preloaded model
conv-43-qa-164,chalm,2.538036776878313,21.2312999938149,120.53869999363087,144.30803676432407,one shared preloaded model
conv-43-qa-165,chalm,2.538036776878313,21.597400002065115,964.560899999924,988.6963367788675,one shared preloaded model
conv-43-qa-166,chalm,2.538036776878313,13.690399995539337,139.28930000110995,155.5177367735276,one shared preloaded model
conv-43-qa-167,chalm,2.538036776878313,21.80940000107512,171.56139999860898,195.9088367765624,one shared preloaded model
conv-43-qa-168,chalm,2.538036776878313,21.69869998760987,533.1500999891432,557.3868367536314,one shared preloaded model
conv-43-qa-169,chalm,2.538036776878313,14.841600001091138,297.65409999527037,315.0337367732398,one shared preloaded model
conv-43-qa-170,chalm,2.538036776878313,15.030800001113676,264.7508999943966,282.3197367723886,one shared preloaded model
conv-43-qa-171,chalm,2.538036776878313,15.005900000687689,284.3892000091728,301.93313678673877,one shared preloaded model
conv-43-qa-172,chalm,2.538036776878313,13.905500003602356,129.51189999876078,145.95543677924144,one shared preloaded model
conv-43-qa-173,chalm,2.538036776878313,21.11739999963902,133.6206999985734,157.27613677509072,one shared preloaded model
conv-43-qa-174,chalm,2.538036776878313,13.570499999332242,226.4372000063304,242.54573678254093,one shared preloaded model
conv-43-qa-175,chalm,2.538036776878313,15.165700009674765,217.67080000427086,235.37453679082392,one shared preloaded model
conv-43-qa-176,chalm,2.538036776878313,15.550700001767837,136.73329999437556,154.8220367730217,one shared preloaded model
conv-43-qa-177,chalm,2.538036776878313,21.38859999831766,223.05849999247584,246.9851367676718,one shared preloaded model
conv-43-qa-178,chalm,2.538036776878313,13.622400001622736,213.08840000710916,229.2488367856102,one shared preloaded model
conv-43-qa-179,chalm,2.538036776878313,13.664500002050772,224.26290001021698,240.46543678914605,one shared preloaded model
conv-43-qa-180,chalm,2.538036776878313,14.309500009403564,198.0799000011757,214.92743678745757,one shared preloaded model
conv-43-qa-181,chalm,2.538036776878313,17.191699997056276,103.69489999720827,123.42463677114286,one shared preloaded model
conv-43-qa-182,chalm,2.538036776878313,19.864299989421852,230.32869999588002,252.73103676218017,one shared preloaded model
conv-43-qa-183,chalm,2.538036776878313,14.988299997639842,222.54669999529142,240.07303676980956,one shared preloaded model
conv-43-qa-184,chalm,2.538036776878313,15.841699991142377,154.6426999993855,173.0224367674062,one shared preloaded model
conv-43-qa-185,chalm,2.538036776878313,22.434800004702993,122.06989999685902,147.04273677844031,one shared preloaded model
conv-43-qa-186,chalm,2.538036776878313,22.396100001060404,203.59459999599494,228.52873677393364,one shared preloaded model
conv-43-qa-187,chalm,2.538036776878313,14.632700011134148,224.27669999888167,241.44743678689412,one shared preloaded model
conv-43-qa-188,chalm,2.538036776878313,14.036799999303184,183.45959999714978,200.03443677333127,one shared preloaded model
conv-43-qa-189,chalm,2.538036776878313,21.03960000385996,223.42760000901762,247.00523678975588,one shared preloaded model
conv-43-qa-190,chalm,2.538036776878313,15.111400003661402,189.59560000803322,207.24503678857292,one shared preloaded model
conv-43-qa-191,chalm,2.538036776878313,21.374899995862506,217.1074000070803,241.0203367798211,one shared preloaded model
conv-43-qa-192,chalm,2.538036776878313,17.982899997150525,240.70490000303835,261.2258367770672,one shared preloaded model
conv-43-qa-193,chalm,2.538036776878313,18.332099993131123,233.14870000467636,254.01883677468578,one shared preloaded model
conv-43-qa-194,chalm,2.538036776878313,15.517299994826317,428.46100000315346,446.5163367748581,one shared preloaded model
conv-43-qa-195,chalm,2.538036776878313,16.216200005146675,347.378899998148,366.13313678017295,one shared preloaded model
conv-43-qa-196,chalm,2.538036776878313,17.795500010834076,207.94839999871328,228.28193678642566,one shared preloaded model
conv-43-qa-197,chalm,2.538036776878313,15.578100006678142,229.05329999048263,247.16943677403907,one shared preloaded model
conv-43-qa-198,chalm,2.538036776878313,15.429899998707697,232.1797000040533,250.1476367796393,one shared preloaded model
conv-43-qa-199,chalm,2.538036776878313,14.024599993717857,199.3411000003107,215.90373677090685,one shared preloaded model
conv-43-qa-200,chalm,2.538036776878313,13.568800000939518,175.88229999819305,191.98913677601087,one shared preloaded model
conv-43-qa-201,chalm,2.538036776878313,16.149500006577,125.86899999587331,144.5565367793286,one shared preloaded model
conv-43-qa-202,chalm,2.538036776878313,21.420600009150803,227.29540000727866,251.25403679330776,one shared preloaded model
conv-43-qa-203,chalm,2.538036776878313,14.993099990533665,225.8300999965286,243.36123676394055,one shared preloaded model
conv-43-qa-204,chalm,2.538036776878313,18.314600005396642,183.4748999972362,204.32753677951115,one shared preloaded model
conv-43-qa-205,chalm,2.538036776878313,17.646199994487688,202.59179999993648,222.77603677130247,one shared preloaded model
conv-43-qa-206,chalm,2.538036776878313,14.341500005684793,250.27350000164006,267.15303678420315,one shared preloaded model
conv-43-qa-207,chalm,2.538036776878313,15.488699995330535,362.1968000079505,380.22353678015935,one shared preloaded model
conv-43-qa-208,chalm,2.538036776878313,18.128199997590855,234.258199998294,254.92443677276316,one shared preloaded model
conv-43-qa-209,chalm,2.538036776878313,18.139100007829256,308.2942000037292,328.97133678843676,one shared preloaded model
conv-43-qa-210,chalm,2.538036776878313,16.47459999367129,225.3664000018034,244.379036772353,one shared preloaded model
conv-43-qa-211,chalm,2.538036776878313,15.444999997271225,236.6168999869842,254.59993676113373,one shared preloaded model
conv-43-qa-212,chalm,2.538036776878313,17.20750000094995,235.7479000056628,255.49343678349106,one shared preloaded model
conv-43-qa-213,chalm,2.538036776878313,18.480600003385916,732.812099988223,753.8307367684873,one shared preloaded model
conv-43-qa-214,chalm,2.538036776878313,15.457200002856553,137.2063999879174,155.20163676765225,one shared preloaded model
conv-43-qa-215,chalm,2.538036776878313,21.71499999531079,201.9572999997763,226.2103367719654,one shared preloaded model
conv-43-qa-216,chalm,2.538036776878313,13.65379999333527,209.25549999810755,225.44733676832112,one shared preloaded model
conv-43-qa-217,chalm,2.538036776878313,17.43170000554528,219.18659999209922,239.1563367745228,one shared preloaded model
conv-43-qa-218,chalm,2.538036776878313,14.262299999245442,207.26700000523124,224.06733678135498,one shared preloaded model
conv-43-qa-219,chalm,2.538036776878313,13.939500000560656,231.63960000965744,248.1171367870964,one shared preloaded model
conv-43-qa-220,chalm,2.538036776878313,15.656600007787347,333.2759999902919,351.47063677495754,one shared preloaded model
conv-43-qa-221,chalm,2.538036776878313,14.78800000040792,228.38319999573287,245.7092367730191,one shared preloaded model
conv-43-qa-222,chalm,2.538036776878313,14.746600005310029,230.42439999699127,247.7090367791796,one shared preloaded model
conv-43-qa-223,chalm,2.538036776878313,15.151800005696714,147.16480000060983,164.85463678318484,one shared preloaded model
conv-43-qa-224,chalm,2.538036776878313,21.278000000165775,147.5304000050528,171.34643678209687,one shared preloaded model
conv-43-qa-225,chalm,2.538036776878313,21.924100001342595,152.98129999428056,177.44343677250146,one shared preloaded model
conv-43-qa-226,chalm,2.538036776878313,20.310099993366748,222.5319999997737,245.38013677001874,one shared preloaded model
conv-43-qa-227,chalm,2.538036776878313,16.39820000855252,254.64260000444483,273.57883678987565,one shared preloaded model
conv-43-qa-228,chalm,2.538036776878313,14.624500006902963,248.05969999579247,265.22223677957373,one shared preloaded model
conv-43-qa-229,chalm,2.538036776878313,14.74189999862574,218.98210000654217,236.2620367820462,one shared preloaded model
conv-43-qa-230,chalm,2.538036776878313,14.863200005493127,203.49979998718482,220.90103676955624,one shared preloaded model
conv-43-qa-231,chalm,2.538036776878313,14.576200002920814,170.38110000430606,187.49533678410518,one shared preloaded model
conv-43-qa-232,chalm,2.538036776878313,21.704099999624304,214.34610000869725,238.58823678519985,one shared preloaded model
conv-43-qa-233,chalm,2.538036776878313,15.678900002967566,215.2376999874832,233.45463676732908,one shared preloaded model
conv-43-qa-234,chalm,2.538036776878313,14.863599993987009,104.88090000580996,122.28253677667529,one shared preloaded model
conv-43-qa-235,chalm,2.538036776878313,21.970799993141554,234.2101999965962,258.71903676661606,one shared preloaded model
conv-43-qa-236,chalm,2.538036776878313,15.333200004533865,540.0162000005366,557.8874367819488,one shared preloaded model
conv-43-qa-237,chalm,2.538036776878313,18.56890000635758,306.77269998705015,327.879636770286,one shared preloaded model
conv-43-qa-238,chalm,2.538036776878313,17.225000003236346,219.9772000021767,239.74023678229133,one shared preloaded model
conv-43-qa-239,chalm,2.538036776878313,13.337500000488944,131.63520001398865,147.5107367913559,one shared preloaded model
conv-43-qa-240,chalm,2.538036776878313,21.297800005413592,217.66629999910947,241.50213678140136,one shared preloaded model
conv-43-qa-241,chalm,2.538036776878313,18.594499997561797,166.4935000007972,187.6260367752373,one shared preloaded model
conv-44-qa-0,chalm,3.335217721472919,21.461500000441447,231.78799999004696,256.58471771196133,one shared preloaded model
conv-44-qa-1,chalm,3.335217721472919,13.33669999439735,154.388699986157,171.0606177020273,one shared preloaded model
conv-44-qa-2,chalm,3.335217721472919,20.66039999772329,207.99649998662062,231.99211770581684,one shared preloaded model
conv-44-qa-3,chalm,3.335217721472919,15.978600000380538,183.84230000083335,203.15611772268682,one shared preloaded model
conv-44-qa-4,chalm,3.335217721472919,20.90969998971559,123.42970000463538,147.6746177158239,one shared preloaded model
conv-44-qa-5,chalm,3.335217721472919,20.999800006393343,481.95380000106525,506.2888177289315,one shared preloaded model
conv-44-qa-6,chalm,3.335217721472919,13.544700006605126,322.90510000893846,339.7850177370165,one shared preloaded model
conv-44-qa-7,chalm,3.335217721472919,18.564199999673292,230.3578999999445,252.25731772109071,one shared preloaded model
conv-44-qa-8,chalm,3.335217721472919,16.23739999195095,204.9700999923516,224.5427177057755,one shared preloaded model
conv-44-qa-9,chalm,3.335217721472919,18.447900001774542,197.50619999831542,219.2893177215629,one shared preloaded model
conv-44-qa-10,chalm,3.335217721472919,13.635499999509193,466.74840000923723,483.71911773021935,one shared preloaded model
conv-44-qa-11,chalm,3.335217721472919,14.23369999974966,492.78939999931026,510.35831772053285,one shared preloaded model
conv-44-qa-12,chalm,3.335217721472919,17.876099998829886,298.73850000149105,319.94981772179386,one shared preloaded model
conv-44-qa-13,chalm,3.335217721472919,14.557799993781373,178.5088999895379,196.4019177047922,one shared preloaded model
conv-44-qa-14,chalm,3.335217721472919,15.643999999156222,253.11900000087917,272.0982177215083,one shared preloaded model
conv-44-qa-15,chalm,3.335217721472919,14.764799998374656,217.84699999261647,235.94701771246406,one shared preloaded model
conv-44-qa-16,chalm,3.335217721472919,12.957200000528246,115.40850000164937,131.70091772365055,one shared preloaded model
conv-44-qa-17,chalm,3.335217721472919,15.800699999090284,258.28480000200216,277.42071772256537,one shared preloaded model
conv-44-qa-18,chalm,3.335217721472919,14.102599991019815,222.35799999907613,239.79581771156887,one shared preloaded model
conv-44-qa-19,chalm,3.335217721472919,16.562799995881505,122.64549999963492,142.54351771698936,one shared preloaded model
conv-44-qa-20,chalm,3.335217721472919,20.69639999535866,231.56569999991916,255.59731771675075,one shared preloaded model
conv-44-qa-21,chalm,3.335217721472919,13.38640000903979,195.83919999422505,212.56081772473777,one shared preloaded model
conv-44-qa-22,chalm,3.335217721472919,15.069200002471916,142.84329999645706,161.2477177204019,one shared preloaded model
conv-44-qa-23,chalm,3.335217721472919,15.430699990247376,211.1008999927435,229.8668177044638,one shared preloaded model
conv-44-qa-24,chalm,3.335217721472919,15.611000009812415,206.58209999965038,225.52831773093573,one shared preloaded model
conv-44-qa-25,chalm,3.335217721472919,13.675499998498708,129.70419999328442,146.71491771325606,one shared preloaded model
conv-44-qa-26,chalm,3.335217721472919,21.91760001005605,205.88839999982156,231.14121773135054,one shared preloaded model
conv-44-qa-27,chalm,3.335217721472919,13.22259999869857,191.95310000213794,208.51091772230944,one shared preloaded model
conv-44-qa-28,chalm,3.335217721472919,16.797100004623644,206.33999998972286,226.47231771581943,one shared preloaded model
conv-44-qa-29,chalm,3.335217721472919,17.345800006296486,360.19320000195876,380.8742177297282,one shared preloaded model
conv-44-qa-30,chalm,3.335217721472919,17.649899993557483,159.219099994516,180.2042177095464,one shared preloaded model
conv-44-qa-31,chalm,3.335217721472919,17.99860000028275,369.5797999971546,390.9136177189103,one shared preloaded model
conv-44-qa-32,chalm,3.335217721472919,17.976699993596412,236.2724000122398,257.58431772730916,one shared preloaded model
conv-44-qa-33,chalm,3.335217721472919,18.018500006292015,227.1132000023499,248.46691773011486,one shared preloaded model
conv-44-qa-34,chalm,3.335217721472919,15.389499996672384,124.52749999647494,143.25221771462026,one shared preloaded model
conv-44-qa-35,chalm,3.335217721472919,20.968099997844547,206.09199999307748,230.39531771239496,one shared preloaded model
conv-44-qa-36,chalm,3.335217721472919,12.901699999929406,135.25050001044292,151.48741773184526,one shared preloaded model
conv-44-qa-37,chalm,3.335217721472919,21.0155999957351,530.6635000015376,555.0143177187456,one shared preloaded model
conv-44-qa-38,chalm,3.335217721472919,13.474300008965656,513.3904000103939,530.1999177408325,one shared preloaded model
conv-44-qa-39,chalm,3.335217721472919,16.93679999152664,286.4759999938542,306.7480177068538,one shared preloaded model
conv-44-qa-40,chalm,3.335217721472919,13.977599999634549,135.4226999974344,152.73551771854187,one shared preloaded model
conv-44-qa-41,chalm,3.335217721472919,20.99009999074042,336.26430000003893,360.5896177122523,one shared preloaded model
conv-44-qa-42,chalm,3.335217721472919,17.266599999857135,214.10840000316966,234.71021772449973,one shared preloaded model
conv-44-qa-43,chalm,3.335217721472919,14.705200010212138,202.12950000131968,220.16991773300475,one shared preloaded model
conv-44-qa-44,chalm,3.335217721472919,14.024700009031221,125.00070000533015,142.3606177358343,one shared preloaded model
conv-44-qa-45,chalm,3.335217721472919,14.929600001778454,219.4667000003392,237.73151772359057,one shared preloaded model
conv-44-qa-46,chalm,3.335217721472919,15.783699986059219,236.53929999272805,255.6582177002602,one shared preloaded model
conv-44-qa-47,chalm,3.335217721472919,13.891800001147203,226.43779999634717,243.6648177189673,one shared preloaded model
conv-44-qa-48,chalm,3.335217721472919,17.118100004154257,121.3798999961,141.83321772172718,one shared preloaded model
conv-44-qa-49,chalm,3.335217721472919,20.59200000076089,103.53700000268873,127.46421772492253,one shared preloaded model
conv-44-qa-50,chalm,3.335217721472919,21.28340001218021,155.7152000023052,180.33381773595835,one shared preloaded model
conv-44-qa-51,chalm,3.335217721472919,19.299799998407252,323.613500004285,346.2485177241652,one shared preloaded model
conv-44-qa-52,chalm,3.335217721472919,18.874500005040318,495.21869998716284,517.428417713676,one shared preloaded model
conv-44-qa-53,chalm,3.335217721472919,15.255099991918541,178.5130000062054,197.10331771959687,one shared preloaded model
conv-44-qa-54,chalm,3.335217721472919,21.82570000877604,172.04010000568815,197.2010177359371,one shared preloaded model
conv-44-qa-55,chalm,3.335217721472919,20.659699992393143,216.31129999877885,240.30621771264492,one shared preloaded model
conv-44-qa-56,chalm,3.335217721472919,13.211299999966286,105.98209999443498,122.52861771587418,one shared preloaded model
conv-44-qa-57,chalm,3.335217721472919,20.572499997797422,503.8334999990184,527.7412177182887,one shared preloaded model
conv-44-qa-58,chalm,3.335217721472919,17.677800002275035,173.09219999879133,194.1052177225393,one shared preloaded model
conv-44-qa-59,chalm,3.335217721472919,22.193299999344163,200.1027999940561,225.6313177148732,one shared preloaded model
conv-44-qa-60,chalm,3.335217721472919,14.639400003943592,102.57819999242201,120.55281771783852,one shared preloaded model
conv-44-qa-61,chalm,3.335217721472919,21.070300004794262,216.862699991907,241.26821771817418,one shared preloaded model
conv-44-qa-62,chalm,3.335217721472919,18.280699994647875,231.32150000310503,252.93741771922583,one shared preloaded model
conv-44-qa-63,chalm,3.335217721472919,15.647499996703118,97.91979999863543,116.90251771681146,one shared preloaded model
conv-44-qa-64,chalm,3.335217721472919,21.037800004705787,133.0833999963943,157.456417722573,one shared preloaded model
conv-44-qa-65,chalm,3.335217721472919,21.047100002761,372.61180000496097,396.9941177291949,one shared preloaded model
conv-44-qa-66,chalm,3.335217721472919,17.769400001270697,170.2035999915097,191.30821771425332,one shared preloaded model
conv-44-qa-67,chalm,3.335217721472919,21.602799999527633,202.98570000159089,227.92371772259145,one shared preloaded model
conv-44-qa-68,chalm,3.335217721472919,14.98939999146387,411.03030000522267,429.35491771815947,one shared preloaded model
conv-44-qa-69,chalm,3.335217721472919,18.256899988045916,230.9534999949392,252.54561770445804,one shared preloaded model
conv-44-qa-70,chalm,3.335217721472919,18.708899995544925,199.26670000131708,221.31081771833493,one shared preloaded model
conv-44-qa-71,chalm,3.335217721472919,14.997700011008419,235.7147000002442,254.04761773272554,one shared preloaded model
conv-44-qa-72,chalm,3.335217721472919,16.680899992934428,239.14450001029763,259.160617724705,one shared preloaded model
conv-44-qa-73,chalm,3.335217721472919,14.277700000093319,228.49999999743886,246.1129177190051,one shared preloaded model
conv-44-qa-74,chalm,3.335217721472919,17.352799986838363,195.1184000063222,215.80641771463348,one shared preloaded model
conv-44-qa-75,chalm,3.335217721472919,16.849300009198487,228.2456000102684,248.4301177409398,one shared preloaded model
conv-44-qa-76,chalm,3.335217721472919,14.341599991894327,260.74750001134817,278.4243177247154,one shared preloaded model
conv-44-qa-77,chalm,3.335217721472919,13.790400000289083,186.20939999527764,203.33501771703965,one shared preloaded model
conv-44-qa-78,chalm,3.335217721472919,15.503499991609715,289.5425000024261,308.38121771550874,one shared preloaded model
conv-44-qa-79,chalm,3.335217721472919,14.645899995230138,186.633500008611,204.61461772531408,one shared preloaded model
conv-44-qa-80,chalm,3.335217721472919,22.249299989198335,199.10270000400487,224.68721771467614,one shared preloaded model
conv-44-qa-81,chalm,3.335217721472919,15.382199999294244,219.48539999721106,238.20281771797823,one shared preloaded model
conv-44-qa-82,chalm,3.335217721472919,14.609000005293638,234.73339999327436,252.67761772004093,one shared preloaded model
conv-44-qa-83,chalm,3.335217721472919,14.300900002126582,1603.9859000011347,1621.6220177247342,one shared preloaded model
conv-44-qa-84,chalm,3.335217721472919,18.235099996672943,452.95489999989513,474.525217718041,one shared preloaded model
conv-44-qa-85,chalm,3.335217721472919,13.929499997175299,152.7485999977216,170.01331771636984,one shared preloaded model
conv-44-qa-86,chalm,3.335217721472919,21.02770000055898,236.6351999953622,260.9981177173941,one shared preloaded model
conv-44-qa-87,chalm,3.335217721472919,13.160799993784167,226.3935999944806,242.8896177097377,one shared preloaded model
conv-44-qa-88,chalm,3.335217721472919,18.618099988088943,671.7768000089563,693.7301177185182,one shared preloaded model
conv-44-qa-89,chalm,3.335217721472919,15.018899997812696,333.9519000001019,352.3060177193875,one shared preloaded model
conv-44-qa-90,chalm,3.335217721472919,17.701100005069748,214.61009999620728,235.64641772274996,one shared preloaded model
conv-44-qa-91,chalm,3.335217721472919,15.769499994348735,315.3896000003442,334.4943177161659,one shared preloaded model
conv-44-qa-92,chalm,3.335217721472919,18.281100012245588,174.0128000092227,195.62911774294122,one shared preloaded model
conv-44-qa-93,chalm,3.335217721472919,19.783499999903142,509.55139999859966,532.6701177199757,one shared preloaded model
conv-44-qa-94,chalm,3.335217721472919,13.535200007027015,234.77090000233147,251.64131773083142,one shared preloaded model
conv-44-qa-95,chalm,3.335217721472919,14.576599991414696,216.42519999295473,234.33701770584236,one shared preloaded model
conv-44-qa-96,chalm,3.335217721472919,13.026399989030324,362.22530000668485,378.5869177171881,one shared preloaded model
conv-44-qa-97,chalm,3.335217721472919,18.09579999826383,161.3439000066137,182.77491772635045,one shared preloaded model
conv-44-qa-98,chalm,3.335217721472919,21.247299999231473,278.0354999995325,302.6180177202369,one shared preloaded model
conv-44-qa-99,chalm,3.335217721472919,14.195800002198666,217.52429999469314,235.05531771836473,one shared preloaded model
conv-44-qa-100,chalm,3.335217721472919,13.523200002964586,215.63069999683648,232.489117721274,one shared preloaded model
conv-44-qa-101,chalm,3.335217721472919,14.021800001501106,198.82469999720342,216.18171772017746,one shared preloaded model
conv-44-qa-102,chalm,3.335217721472919,16.91479999863077,355.54289999709,375.7929177171937,one shared preloaded model
conv-44-qa-103,chalm,3.335217721472919,13.669599997228943,130.12020000314806,147.12501772184993,one shared preloaded model
conv-44-qa-104,chalm,3.335217721472919,20.499200007179752,274.6222999994643,298.456717728117,one shared preloaded model
conv-44-qa-105,chalm,3.335217721472919,15.240099994116463,229.37099999398924,247.94631770957864,one shared preloaded model
conv-44-qa-106,chalm,3.335217721472919,13.808199990307912,389.15129999804776,406.2947177098286,one shared preloaded model
conv-44-qa-107,chalm,3.335217721472919,18.028500009677373,173.85630001081154,195.22001774196184,one shared preloaded model
conv-44-qa-108,chalm,3.335217721472919,14.540300006046891,176.30919998919126,194.18471771671108,one shared preloaded model
conv-44-qa-109,chalm,3.335217721472919,15.729699996882118,249.0084999881219,268.07341770647696,one shared preloaded model
conv-44-qa-110,chalm,3.335217721472919,17.72450000862591,396.80200000293553,417.86171773303437,one shared preloaded model
conv-44-qa-111,chalm,3.335217721472919,13.97660000657197,123.5856999992393,140.8975177272842,one shared preloaded model
conv-44-qa-112,chalm,3.335217721472919,13.73510000121314,151.37379999214318,168.44411771482925,one shared preloaded model
conv-44-qa-113,chalm,3.335217721472919,18.122900000889786,237.21910000313073,258.67721772549345,one shared preloaded model
conv-44-qa-114,chalm,3.335217721472919,13.001999992411584,193.02940000488888,209.3666177187734,one shared preloaded model
conv-44-qa-115,chalm,3.335217721472919,18.79929999995511,317.9739999904996,340.1085177119276,one shared preloaded model
conv-44-qa-116,chalm,3.335217721472919,17.504100003861822,179.1081999981543,199.94751772348906,one shared preloaded model
conv-44-qa-117,chalm,3.335217721472919,21.834899991517887,499.03820001054555,524.2083177235363,one shared preloaded model
conv-44-qa-118,chalm,3.335217721472919,17.91760000924114,206.27460000105202,227.5274177317661,one shared preloaded model
conv-44-qa-119,chalm,3.335217721472919,15.498600012506358,455.1506999996491,473.98451773362837,one shared preloaded model
conv-44-qa-120,chalm,3.335217721472919,18.012300002737902,351.1575000011362,372.50501772534705,one shared preloaded model
conv-44-qa-121,chalm,3.335217721472919,17.768600009731017,390.2946000016527,411.3984177328567,one shared preloaded model
conv-44-qa-122,chalm,3.335217721472919,18.11259999522008,281.96419999585487,303.4120177125479,one shared preloaded model
conv-44-qa-123,chalm,3.335217721472919,18.490400005248375,210.9098999935668,232.7355177202881,one shared preloaded model
conv-44-qa-124,chalm,3.335217721472919,13.367699997616,213.53600001020823,230.23891772929716,one shared preloaded model
conv-44-qa-125,chalm,3.335217721472919,13.526399998227134,171.16669999086298,188.02831771056304,one shared preloaded model
conv-44-qa-126,chalm,3.335217721472919,18.710999996983446,211.9827999995323,234.02901771798867,one shared preloaded model
conv-44-qa-127,chalm,3.335217721472919,16.9605999981286,348.09060000407044,368.38641772367197,one shared preloaded model
conv-44-qa-128,chalm,3.335217721472919,15.509500008192845,183.1328999978723,201.97761772753807,one shared preloaded model
conv-44-qa-129,chalm,3.335217721472919,21.11210000293795,231.98039999988396,256.42771772429484,one shared preloaded model
conv-44-qa-130,chalm,3.335217721472919,12.828100007027388,232.14150000421796,248.30481773271828,one shared preloaded model
conv-44-qa-131,chalm,3.335217721472919,13.914899987867102,236.78769999241922,254.03781770175925,one shared preloaded model
conv-44-qa-132,chalm,3.335217721472919,14.779699995415285,349.5208999956958,367.635817712584,one shared preloaded model
conv-44-qa-133,chalm,3.335217721472919,19.71330000378657,218.74989999923855,241.79841772449805,one shared preloaded model
conv-44-qa-134,chalm,3.335217721472919,14.508399995975196,232.80749999685213,250.65111771430026,one shared preloaded model
conv-44-qa-135,chalm,3.335217721472919,13.83069998701103,590.5703000025824,607.7362177110663,one shared preloaded model
conv-44-qa-136,chalm,3.335217721472919,15.28859999962151,218.3313999994425,236.95521772053695,one shared preloaded model
conv-44-qa-137,chalm,3.335217721472919,13.781000001472421,222.83169999718666,239.947917720132,one shared preloaded model
conv-44-qa-138,chalm,3.335217721472919,12.897599997813813,345.78740000142716,362.0202177207139,one shared preloaded model
conv-44-qa-139,chalm,3.335217721472919,13.530299998819828,220.70119999989402,237.56671772018677,one shared preloaded model
conv-44-qa-140,chalm,3.335217721472919,15.588499998557381,229.7726000106195,248.6963177306498,one shared preloaded model
conv-44-qa-141,chalm,3.335217721472919,16.678699990734458,304.2501999880187,324.2641177002261,one shared preloaded model
conv-44-qa-142,chalm,3.335217721472919,14.6493000065675,221.92690000520088,239.9114177332413,one shared preloaded model
conv-44-qa-143,chalm,3.335217721472919,13.84410000173375,112.38310000044294,129.56241772364962,one shared preloaded model
conv-44-qa-144,chalm,3.335217721472919,19.315300000016578,230.80780000600498,253.4583177274945,one shared preloaded model
conv-44-qa-145,chalm,3.335217721472919,13.318799989065155,226.23109999403823,242.88511770457632,one shared preloaded model
conv-44-qa-146,chalm,3.335217721472919,13.628599990624934,251.61650001246016,268.58031772455803,one shared preloaded model
conv-44-qa-147,chalm,3.335217721472919,12.855699998908676,207.36550001311116,223.55641773349276,one shared preloaded model
conv-44-qa-148,chalm,3.335217721472919,13.038800010690466,330.2022999996552,346.5763177318186,one shared preloaded model
conv-44-qa-149,chalm,3.335217721472919,14.58410000486765,222.2563999966951,240.1757177230357,one shared preloaded model
conv-44-qa-150,chalm,3.335217721472919,15.032199997222051,133.12389999919105,151.49131771788603,one shared preloaded model
conv-44-qa-151,chalm,3.335217721472919,20.671599995694123,173.4017999988282,197.40861771599526,one shared preloaded model
conv-44-qa-152,chalm,3.335217721472919,12.73669999500271,167.72949999722186,183.8014177136975,one shared preloaded model
conv-44-qa-153,chalm,3.335217721472919,15.781699999934062,263.67580000078306,282.79271772219005,one shared preloaded model
conv-44-qa-154,chalm,3.335217721472919,18.278300005476922,161.14850000303704,182.7620177299869,one shared preloaded model
conv-44-qa-155,chalm,3.335217721472919,16.214499992202036,219.0958999999566,238.64561771363157,one shared preloaded model
conv-44-qa-156,chalm,3.335217721472919,17.98290001170244,217.63909999572206,238.95721772889743,one shared preloaded model
conv-44-qa-157,chalm,3.335217721472919,13.491300007444806,205.90690000972245,222.73341773864018,one shared preloaded model
conv-47-qa-0,chalm,2.7535173684315706,20.398399996338412,202.04059999377932,225.1925173585493,one shared preloaded model
conv-47-qa-1,chalm,2.7535173684315706,14.265100006014109,203.75100000819657,220.76961738264225,one shared preloaded model
conv-47-qa-2,chalm,2.7535173684315706,15.076499999850057,239.03119999158662,256.86121735986825,one shared preloaded model
conv-47-qa-3,chalm,2.7535173684315706,13.968799990834668,119.77889999980107,136.5012173590673,one shared preloaded model
conv-47-qa-4,chalm,2.7535173684315706,20.758200000273064,245.49699999624863,269.00871736495327,one shared preloaded model
conv-47-qa-5,chalm,2.7535173684315706,13.572299998486415,208.9055999967968,225.2314173637148,one shared preloaded model
conv-47-qa-6,chalm,2.7535173684315706,14.587000012397766,216.89520000654738,234.23571738737672,one shared preloaded model
conv-47-qa-7,chalm,2.7535173684315706,13.569500006269664,213.27799999562558,229.60101737032682,one shared preloaded model
conv-47-qa-8,chalm,2.7535173684315706,17.019899998558685,118.39220000547357,138.16561737246383,one shared preloaded model
conv-47-qa-9,chalm,2.7535173684315706,15.50810001208447,200.1010999956634,218.36271737617943,one shared preloaded model
conv-47-qa-10,chalm,2.7535173684315706,15.773999999510124,492.9887000034796,511.5162173714213,one shared preloaded model
conv-47-qa-11,chalm,2.7535173684315706,14.823399993474595,205.28660000127275,222.86351736317891,one shared preloaded model
conv-47-qa-12,chalm,2.7535173684315706,13.272199998027645,223.79950000322424,239.82521736968346,one shared preloaded model
conv-47-qa-13,chalm,2.7535173684315706,14.085499991779216,455.9562999929767,472.7953173531875,one shared preloaded model
conv-47-qa-14,chalm,2.7535173684315706,16.902399991522543,181.1634000041522,200.81931736410633,one shared preloaded model
conv-47-qa-15,chalm,2.7535173684315706,16.480699996463954,454.06040000671055,473.2946173716061,one shared preloaded model
conv-47-qa-16,chalm,2.7535173684315706,18.077200002153404,228.323300005286,249.15401737587098,one shared preloaded model
conv-47-qa-17,chalm,2.7535173684315706,15.078500000527129,201.50189999549184,219.33391736445054,one shared preloaded model
conv-47-qa-18,chalm,2.7535173684315706,14.45679999596905,205.04289999371395,222.25321735811457,one shared preloaded model
conv-47-qa-19,chalm,2.7535173684315706,14.569899998605251,214.48500000406057,231.8084173710974,one shared preloaded model
conv-47-qa-20,chalm,2.7535173684315706,14.302199997473508,108.29869999724906,125.35441736315414,one shared preloaded model
conv-47-qa-21,chalm,2.7535173684315706,20.647299999836832,504.2895999940811,527.6904173623494,one shared preloaded model
conv-47-qa-22,chalm,2.7535173684315706,17.595400000573136,203.22660000238102,223.57551737138573,one shared preloaded model
conv-47-qa-23,chalm,2.7535173684315706,14.764100007596426,91.29940001002979,108.81701738605778,one shared preloaded model
conv-47-qa-24,chalm,2.7535173684315706,14.923100010491908,209.83199999318458,227.50861737210806,one shared preloaded model
conv-47-qa-25,chalm,2.7535173684315706,13.143599993782118,230.58620000665542,246.4833173688691,one shared preloaded model
conv-47-qa-26,chalm,2.7535173684315706,15.71229999535717,248.3349999965867,266.80081736037545,one shared preloaded model
conv-47-qa-27,chalm,2.7535173684315706,14.12710000295192,229.91730000649113,246.79791737787463,one shared preloaded model
conv-47-qa-28,chalm,2.7535173684315706,12.797100003808737,488.9505999890389,504.5012173612792,one shared preloaded model
conv-47-qa-29,chalm,2.7535173684315706,17.39050001197029,215.26810000068508,235.41211738108694,one shared preloaded model
conv-47-qa-30,chalm,2.7535173684315706,12.828200007788837,122.80929999542423,138.39101737164464,one shared preloaded model
conv-47-qa-31,chalm,2.7535173684315706,18.730099996901117,207.48999998613726,228.97361735146995,one shared preloaded model
conv-47-qa-32,chalm,2.7535173684315706,13.003100000787526,219.09620000224095,234.85281737146005,one shared preloaded model
conv-47-qa-33,chalm,2.7535173684315706,13.14849998743739,200.5602999997791,216.46231735564805,one shared preloaded model
conv-47-qa-34,chalm,2.7535173684315706,14.082599998801015,155.6103000039002,172.44641737113278,one shared preloaded model
conv-47-qa-35,chalm,2.7535173684315706,21.943100000498816,148.14999999362044,172.84661736255083,one shared preloaded model
conv-47-qa-36,chalm,2.7535173684315706,20.030499988934025,214.06389999901876,236.84791735638436,one shared preloaded model
conv-47-qa-37,chalm,2.7535173684315706,13.395300004049204,476.7717999930028,492.92061736548357,one shared preloaded model
conv-47-qa-38,chalm,2.7535173684315706,16.975700011244044,222.6678000006359,242.39701738031152,one shared preloaded model
conv-47-qa-39,chalm,2.7535173684315706,12.809899999410845,502.5224999990314,518.0859173668738,one shared preloaded model
conv-47-qa-40,chalm,2.7535173684315706,13.843799999449402,303.2824999972945,319.8798173651755,one shared preloaded model
conv-47-qa-41,chalm,2.7535173684315706,16.466000000946224,473.4063999931095,492.6259173624873,one shared preloaded model
conv-47-qa-42,chalm,2.7535173684315706,17.349299989291467,478.44829999667127,498.5511173543943,one shared preloaded model
conv-47-qa-43,chalm,2.7535173684315706,17.87799999874551,126.74399999377783,147.37551736095492,one shared preloaded model
conv-47-qa-44,chalm,2.7535173684315706,20.10310000332538,342.86239999346435,365.7190173652213,one shared preloaded model
conv-47-qa-45,chalm,2.7535173684315706,13.504399990779348,152.6051999971969,168.86311735640783,one shared preloaded model
conv-47-qa-46,chalm,2.7535173684315706,15.108999999938533,502.7694000018528,520.6319173702228,one shared preloaded model
conv-47-qa-47,chalm,2.7535173684315706,14.834300003712997,121.18669999472331,138.77451736686788,one shared preloaded model
conv-47-qa-48,chalm,2.7535173684315706,18.716699996730313,462.16070000082254,483.63091736598443,one shared preloaded model
conv-47-qa-49,chalm,2.7535173684315706,17.878600003314205,148.87800000724383,169.5101173789896,one shared preloaded model
conv-47-qa-50,chalm,2.7535173684315706,20.219799989718013,484.1483999916818,507.1217173498314,one shared preloaded model
conv-47-qa-51,chalm,2.7535173684315706,18.240700010210276,212.62769999157172,233.62191737021357,one shared preloaded model
conv-47-qa-52,chalm,2.7535173684315706,13.421499999822117,488.7712000054307,504.9462173736844,one shared preloaded model
conv-47-qa-53,chalm,2.7535173684315706,13.274700002511963,220.6210000003921,236.64921737133562,one shared preloaded model
conv-47-qa-54,chalm,2.7535173684315706,16.65389999106992,218.2903999928385,237.69781735234,one shared preloaded model
conv-47-qa-55,chalm,2.7535173684315706,14.584500007913448,465.0601000030292,482.39811737937424,one shared preloaded model
conv-47-qa-56,chalm,2.7535173684315706,17.936899996129796,131.0181000008015,151.70851736536287,one shared preloaded model
conv-47-qa-57,chalm,2.7535173684315706,20.32609999878332,198.78250001056585,221.86211737778075,one shared preloaded model
conv-47-qa-58,chalm,2.7535173684315706,14.830100000835955,490.59489999490324,508.1785173641708,one shared preloaded model
conv-47-qa-59,chalm,2.7535173684315706,16.88609999837354,315.9792000078596,335.61881737466473,one shared preloaded model
conv-47-qa-60,chalm,2.7535173684315706,13.798400002997369,179.43879999802448,195.99071736945342,one shared preloaded model
conv-47-qa-61,chalm,2.7535173684315706,20.71329999307636,216.93249999952968,240.39931736103762,one shared preloaded model
conv-47-qa-62,chalm,2.7535173684315706,13.152500003343448,211.43280000251252,227.33881737428754,one shared preloaded model
conv-47-qa-63,chalm,2.7535173684315706,14.723900007084012,500.5875000060769,518.0649173815924,one shared preloaded model
conv-47-qa-64,chalm,2.7535173684315706,17.54899999650661,225.97440000390634,246.27691736884452,one shared preloaded model
conv-47-qa-65,chalm,2.7535173684315706,13.113400011206977,475.93549999874085,491.8024173783794,one shared preloaded model
conv-47-qa-66,chalm,2.7535173684315706,14.89150000270456,474.2384999990463,491.88351737018246,one shared preloaded model
conv-47-qa-67,chalm,2.7535173684315706,13.410999992629513,223.0087000061758,239.17321736723687,one shared preloaded model
conv-47-qa-68,chalm,2.7535173684315706,13.908499997342005,156.36300000187475,173.02501736764833,one shared preloaded model
conv-47-qa-69,chalm,2.7535173684315706,20.663899995270185,336.48190001258627,359.899317376288,one shared preloaded model
conv-47-qa-70,chalm,2.7535173684315706,17.086600011680275,267.48310000402853,287.3232173841404,one shared preloaded model
conv-47-qa-71,chalm,2.7535173684315706,14.063000009628013,223.0165999935707,239.8331173716303,one shared preloaded model
conv-47-qa-72,chalm,2.7535173684315706,15.045899999677204,170.51440000068396,188.31381736879274,one shared preloaded model
conv-47-qa-73,chalm,2.7535173684315706,21.62020000105258,209.06590000959113,233.4396173790753,one shared preloaded model
conv-47-qa-74,chalm,2.7535173684315706,13.644999999087304,180.88450000504963,197.2830173725685,one shared preloaded model
conv-47-qa-75,chalm,2.7535173684315706,21.422899997560307,213.4552000061376,237.63161737212948,one shared preloaded model
conv-47-qa-76,chalm,2.7535173684315706,12.87370000500232,155.08720000798348,170.71441738141738,one shared preloaded model
conv-47-qa-77,chalm,2.7535173684315706,21.414000002550893,214.53290000499692,238.70041737597938,one shared preloaded model
conv-47-qa-78,chalm,2.7535173684315706,14.892999999574386,209.82279999589082,227.46931736389678,one shared preloaded model
conv-47-qa-79,chalm,2.7535173684315706,12.874699998064898,147.85990001109894,163.48811737759542,one shared preloaded model
conv-47-qa-80,chalm,2.7535173684315706,22.724499998730607,583.209699994768,608.6877173619301,one shared preloaded model
conv-47-qa-81,chalm,2.7535173684315706,13.617699994938448,340.74309999414254,357.11431735751256,one shared preloaded model
conv-47-qa-82,chalm,2.7535173684315706,17.32800000172574,202.8952999971807,222.97681736733801,one shared preloaded model
conv-47-qa-83,chalm,2.7535173684315706,14.357699998072349,292.48329999973066,309.5945173662346,one shared preloaded model
conv-47-qa-84,chalm,2.7535173684315706,13.576099998317659,219.4088000105694,235.73841737731863,one shared preloaded model
conv-47-qa-85,chalm,2.7535173684315706,12.388699993607588,136.88510000065435,152.0273173626935,one shared preloaded model
conv-47-qa-86,chalm,2.7535173684315706,20.083499999600463,208.76080000016373,231.59781736819576,one shared preloaded model
conv-47-qa-87,chalm,2.7535173684315706,12.611700003617443,167.78780000458937,183.1530173766384,one shared preloaded model
conv-47-qa-88,chalm,2.7535173684315706,20.9447000088403,206.805899986648,230.50411736391987,one shared preloaded model
conv-47-qa-89,chalm,2.7535173684315706,14.005100005306304,349.87370000453666,366.63231737827454,one shared preloaded model
conv-47-qa-90,chalm,2.7535173684315706,18.1968999968376,269.3029999936698,290.253417358939,one shared preloaded model
conv-47-qa-91,chalm,2.7535173684315706,13.200099987443537,377.7484000020195,393.7020173578946,one shared preloaded model
conv-47-qa-92,chalm,2.7535173684315706,15.079899996635504,176.9776000001002,194.8110173651673,one shared preloaded model
conv-47-qa-93,chalm,2.7535173684315706,20.448800001759082,173.92489999474492,197.12721736493558,one shared preloaded model
conv-47-qa-94,chalm,2.7535173684315706,15.81169999553822,200.74559999920893,219.31081736317873,one shared preloaded model
conv-47-qa-95,chalm,2.7535173684315706,13.366200000746176,102.28790000837762,118.40761737755537,one shared preloaded model
conv-47-qa-96,chalm,2.7535173684315706,20.22549998946488,109.31729999720119,132.29631735509764,one shared preloaded model
conv-47-qa-97,chalm,2.7535173684315706,16.485500003909692,150.36340001097415,169.6024173833154,one shared preloaded model
conv-47-qa-98,chalm,2.7535173684315706,20.428600008017384,283.7984000070719,306.98051738352086,one shared preloaded model
conv-47-qa-99,chalm,2.7535173684315706,14.515400005620904,331.4622999896528,348.7312173637053,one shared preloaded model
conv-47-qa-100,chalm,2.7535173684315706,18.69019999867305,201.5687999955844,223.01251736268904,one shared preloaded model
conv-47-qa-101,chalm,2.7535173684315706,13.95530000445433,290.1187999959802,306.82761736886613,one shared preloaded model
conv-47-qa-102,chalm,2.7535173684315706,17.23770001262892,83.1149000005098,103.1061173815703,one shared preloaded model
conv-47-qa-103,chalm,2.7535173684315706,21.017499995650724,215.20969999255612,238.98071735663842,one shared preloaded model
conv-47-qa-104,chalm,2.7535173684315706,12.819399998988956,105.3403999976581,120.91331736507863,one shared preloaded model
conv-47-qa-105,chalm,2.7535173684315706,20.99090001138393,211.26229999936186,235.00671737917736,one shared preloaded model
conv-47-qa-106,chalm,2.7535173684315706,14.600900001823902,100.2983999933349,117.65281736359037,one shared preloaded model
conv-47-qa-107,chalm,2.7535173684315706,19.936099997721612,114.49930000526365,137.18891737141684,one shared preloaded model
conv-47-qa-108,chalm,2.7535173684315706,20.788900001207367,184.56280000100378,208.10521737064272,one shared preloaded model
conv-47-qa-109,chalm,2.7535173684315706,21.51659999799449,340.31669999239966,364.5868173588257,one shared preloaded model
conv-47-qa-110,chalm,2.7535173684315706,17.279700012295507,84.60770000237972,104.6409173831068,one shared preloaded model
conv-47-qa-111,chalm,2.7535173684315706,21.019799998612143,300.79900000419,324.57231737123374,one shared preloaded model
conv-47-qa-112,chalm,2.7535173684315706,17.315000004600734,240.41550001129508,260.4840173843274,one shared preloaded model
conv-47-qa-113,chalm,2.7535173684315706,13.357600008021109,190.53970000823028,206.65081738468297,one shared preloaded model
conv-47-qa-114,chalm,2.7535173684315706,14.438099999097176,209.3448000086937,226.53641737622246,one shared preloaded model
conv-47-qa-115,chalm,2.7535173684315706,14.048299999558367,248.76119999680668,265.5630173647966,one shared preloaded model
conv-47-qa-116,chalm,2.7535173684315706,14.580599992768839,125.89510000543669,143.2292173666371,one shared preloaded model
conv-47-qa-117,chalm,2.7535173684315706,20.92120000452269,229.2892999976175,252.96401737057175,one shared preloaded model
conv-47-qa-118,chalm,2.7535173684315706,13.161399998352863,120.47829999937676,136.3932173661612,one shared preloaded model
conv-47-qa-119,chalm,2.7535173684315706,19.075300006079488,391.24480000464246,413.0736173791535,one shared preloaded model
conv-47-qa-120,chalm,2.7535173684315706,12.637899999390356,226.26559999480378,241.6570173626257,one shared preloaded model
conv-47-qa-121,chalm,2.7535173684315706,14.994500001193956,214.62339999561664,232.37141736524217,one shared preloaded model
conv-47-qa-122,chalm,2.7535173684315706,12.993800002732314,164.4215999986045,180.1689173697684,one shared preloaded model
conv-47-qa-123,chalm,2.7535173684315706,15.53099999728147,147.70750000025146,165.9920173659645,one shared preloaded model
conv-47-qa-124,chalm,2.7535173684315706,20.60669999627862,850.1852000044892,873.5454173691993,one shared preloaded model
conv-47-qa-125,chalm,2.7535173684315706,18.147800001315773,246.84969999361783,267.7510173633652,one shared preloaded model
conv-47-qa-126,chalm,2.7535173684315706,15.04560001194477,208.33560000755824,226.1347173879346,one shared preloaded model
conv-47-qa-127,chalm,2.7535173684315706,13.818699997500516,377.15070000558626,393.72291737151835,one shared preloaded model
conv-47-qa-128,chalm,2.7535173684315706,17.82160000584554,334.5889000047464,355.1640173790235,one shared preloaded model
conv-47-qa-129,chalm,2.7535173684315706,16.50369999697432,177.1024000045145,196.3596173699204,one shared preloaded model
conv-47-qa-130,chalm,2.7535173684315706,20.194199998513795,161.62600000097882,184.5737173679242,one shared preloaded model
conv-47-qa-131,chalm,2.7535173684315706,21.738399998866953,145.90839999436866,170.4003173616672,one shared preloaded model
conv-47-qa-132,chalm,2.7535173684315706,20.060900002135895,252.98860001203138,275.80301738259885,one shared preloaded model
conv-47-qa-133,chalm,2.7535173684315706,13.247700000647455,128.11230000806972,144.11351737714875,one shared preloaded model
conv-47-qa-134,chalm,2.7535173684315706,20.467700000153854,762.2282999946037,785.4495173631891,one shared preloaded model
conv-47-qa-135,chalm,2.7535173684315706,18.307000005734153,184.91319999156985,205.97371736573558,one shared preloaded model
conv-47-qa-136,chalm,2.7535173684315706,20.94309999665711,131.33150000066962,155.0281173657583,one shared preloaded model
conv-47-qa-137,chalm,2.7535173684315706,21.440199998323806,202.03010000113863,226.22381736789401,one shared preloaded model
conv-47-qa-138,chalm,2.7535173684315706,15.732999992906116,405.5556999956025,424.04221735694017,one shared preloaded model
conv-47-qa-139,chalm,2.7535173684315706,13.829399991664104,346.7635999986669,363.3465173587626,one shared preloaded model
conv-47-qa-140,chalm,2.7535173684315706,17.695999995339662,663.5416999924928,683.991217356264,one shared preloaded model
conv-47-qa-141,chalm,2.7535173684315706,18.578399991383776,224.61550000298303,245.94741736279838,one shared preloaded model
conv-47-qa-142,chalm,2.7535173684315706,13.359599994146265,278.80079999158625,294.9139173541641,one shared preloaded model
conv-47-qa-143,chalm,2.7535173684315706,14.643400005297735,356.49049999483395,373.88741736856326,one shared preloaded model
conv-47-qa-144,chalm,2.7535173684315706,16.189600006327964,225.85489999619313,244.79801737095266,one shared preloaded model
conv-47-qa-145,chalm,2.7535173684315706,17.05239999864716,430.83610000030603,450.64201736738477,one shared preloaded model
conv-47-qa-146,chalm,2.7535173684315706,18.520799989346415,248.45699999423232,269.7313173520103,one shared preloaded model
conv-47-qa-147,chalm,2.7535173684315706,13.109300009091385,234.19570000260137,250.05851738012433,one shared preloaded model
conv-47-qa-148,chalm,2.7535173684315706,16.811400011647493,131.88939999963623,151.4543173797153,one shared preloaded model
conv-47-qa-149,chalm,2.7535173684315706,15.196300009847619,159.37430001213215,177.32411739041135,one shared preloaded model
conv-47-qa-150,chalm,2.7535173684315706,17.665000006672926,224.8206000076607,245.2391173827652,one shared preloaded model
conv-47-qa-151,chalm,2.7535173684315706,15.485700001590885,136.6379999963101,154.87721736633256,one shared preloaded model
conv-47-qa-152,chalm,2.7535173684315706,20.807099994271994,219.53550000034738,243.09611736305095,one shared preloaded model
conv-47-qa-153,chalm,2.7535173684315706,16.136499994900078,228.55499999423046,247.4450173575621,one shared preloaded model
conv-47-qa-154,chalm,2.7535173684315706,13.249900002847426,225.1070000056643,241.1104173769433,one shared preloaded model
conv-47-qa-155,chalm,2.7535173684315706,14.117800004896708,368.986399989808,385.85771736313626,one shared preloaded model
conv-47-qa-156,chalm,2.7535173684315706,15.391299995826557,230.52700000698678,248.6718173712449,one shared preloaded model
conv-47-qa-157,chalm,2.7535173684315706,14.932800011592917,187.66570001025684,205.35201739028133,one shared preloaded model
conv-47-qa-158,chalm,2.7535173684315706,21.42489999823738,192.9496999946423,217.12811736131124,one shared preloaded model
conv-47-qa-159,chalm,2.7535173684315706,14.949600008549169,161.69920000538696,179.4023173823677,one shared preloaded model
conv-47-qa-160,chalm,2.7535173684315706,20.535200004815124,273.2315000030212,296.5202173762679,one shared preloaded model
conv-47-qa-161,chalm,2.7535173684315706,15.25989999936428,233.62680000718683,251.64021737498268,one shared preloaded model
conv-47-qa-162,chalm,2.7535173684315706,14.443299995036796,304.15379999612924,321.3506173595976,one shared preloaded model
conv-47-qa-163,chalm,2.7535173684315706,17.672199988737702,211.8004999938421,232.22621735101137,one shared preloaded model
conv-47-qa-164,chalm,2.7535173684315706,14.058500004466623,371.8446999992011,388.6567173720993,one shared preloaded model
conv-47-qa-165,chalm,2.7535173684315706,13.233199992100708,156.47749998606741,172.4642173465997,one shared preloaded model
conv-47-qa-166,chalm,2.7535173684315706,20.406399999046698,218.4869000047911,241.64681737226937,one shared preloaded model
conv-47-qa-167,chalm,2.7535173684315706,13.734199994360097,355.57680000783876,372.0645173706304,one shared preloaded model
conv-47-qa-168,chalm,2.7535173684315706,17.295400000875816,214.82380000816192,234.87271737746931,one shared preloaded model
conv-47-qa-169,chalm,2.7535173684315706,14.503700003842823,154.84089999517892,172.0981173674533,one shared preloaded model
conv-47-qa-170,chalm,2.7535173684315706,12.909500001114793,100.80260000540875,116.46561737495512,one shared preloaded model
conv-47-qa-171,chalm,2.7535173684315706,21.480700001120567,185.160499997437,209.39471736698914,one shared preloaded model
conv-47-qa-172,chalm,2.7535173684315706,21.649599992088042,179.29140001069754,203.69451737121716,one shared preloaded model
conv-47-qa-173,chalm,2.7535173684315706,20.30249999370426,229.67200000130106,252.7280173634369,one shared preloaded model
conv-47-qa-174,chalm,2.7535173684315706,17.078099990612827,220.69110001029912,240.52271736934352,one shared preloaded model
conv-47-qa-175,chalm,2.7535173684315706,13.654000009410083,294.44169999624137,310.849217374083,one shared preloaded model
conv-47-qa-176,chalm,2.7535173684315706,13.543399996706285,446.1647999996785,462.46171736481637,one shared preloaded model
conv-47-qa-177,chalm,2.7535173684315706,17.480299997259863,178.21329999424051,198.44711735993195,one shared preloaded model
conv-47-qa-178,chalm,2.7535173684315706,21.055200006230734,316.24960000044666,340.05831737510897,one shared preloaded model
conv-47-qa-179,chalm,2.7535173684315706,18.91579999937676,197.77780000003986,219.4471173678482,one shared preloaded model
conv-47-qa-180,chalm,2.7535173684315706,14.588999998522922,127.65239999862388,144.99491736557837,one shared preloaded model
conv-47-qa-181,chalm,2.7535173684315706,20.255199997336604,224.88229999726173,247.8910173630299,one shared preloaded model
conv-47-qa-182,chalm,2.7535173684315706,14.02849999431055,306.2047999992501,322.9868173619922,one shared preloaded model
conv-47-qa-183,chalm,2.7535173684315706,13.61380000889767,367.72569999448024,384.0930173718095,one shared preloaded model
conv-47-qa-184,chalm,2.7535173684315706,18.185100008849986,295.63340000458993,316.5720173818715,one shared preloaded model
conv-47-qa-185,chalm,2.7535173684315706,13.477000000420958,206.37580000038724,222.60631736923978,one shared preloaded model
conv-47-qa-186,chalm,2.7535173684315706,13.089800006127916,411.6087000002153,427.4520173747748,one shared preloaded model
conv-47-qa-187,chalm,2.7535173684315706,17.271200005779974,245.88600000424776,265.9107173784593,one shared preloaded model
conv-47-qa-188,chalm,2.7535173684315706,17.605400003958493,411.8064999929629,432.165417365353,one shared preloaded model
conv-47-qa-189,chalm,2.7535173684315706,14.304500000434928,178.88760000641923,195.94561737528574,one shared preloaded model
conv-48-qa-0,chalm,2.2341556485185095,22.001100005581975,227.47610000078566,251.71135565488615,one shared preloaded model
conv-48-qa-1,chalm,2.2341556485185095,12.526400008937344,122.36740000662394,137.1279556640798,one shared preloaded model
conv-48-qa-2,chalm,2.2341556485185095,14.687200004118495,503.53099999483675,520.4523556474737,one shared preloaded model
conv-48-qa-3,chalm,2.2341556485185095,16.371999998227693,150.5743000016082,169.1804556483544,one shared preloaded model
conv-48-qa-4,chalm,2.2341556485185095,20.16810000350233,218.79959999932908,241.20185565134992,one shared preloaded model
conv-48-qa-5,chalm,2.2341556485185095,13.591199996881187,117.00750001182314,132.83285565722284,one shared preloaded model
conv-48-qa-6,chalm,2.2341556485185095,20.92419999826234,162.08880000340287,185.24715565018371,one shared preloaded model
conv-48-qa-7,chalm,2.2341556485185095,14.834100002190098,216.2601000018185,233.3283556525271,one shared preloaded model
conv-48-qa-8,chalm,2.2341556485185095,14.922400005161762,308.59980000241194,325.7563556560922,one shared preloaded model
conv-48-qa-9,chalm,2.2341556485185095,12.967899994691834,324.63339999958407,339.8354556427944,one shared preloaded model
conv-48-qa-10,chalm,2.2341556485185095,16.525400002137758,238.01720001210924,256.7767556627655,one shared preloaded model
conv-48-qa-11,chalm,2.2341556485185095,13.165100011974573,204.57109999551903,219.97035565601212,one shared preloaded model
conv-48-qa-12,chalm,2.2341556485185095,13.56179999129381,220.80650000134483,236.60245564115715,one shared preloaded model
conv-48-qa-13,chalm,2.2341556485185095,15.506099996855482,150.36810000310652,168.1083556484805,one shared preloaded model
conv-48-qa-14,chalm,2.2341556485185095,18.415999991702847,101.15960000257473,121.80975564279609,one shared preloaded model
conv-48-qa-15,chalm,2.2341556485185095,19.9607999966247,213.4395999892149,235.63455563435812,one shared preloaded model
conv-48-qa-16,chalm,2.2341556485185095,12.849399994593114,166.09450000396464,181.17805564707626,one shared preloaded model
conv-48-qa-17,chalm,2.2341556485185095,20.2900000003865,352.33120000339113,374.8553556522961,one shared preloaded model
conv-48-qa-18,chalm,2.2341556485185095,18.177099991589785,212.60410000104457,233.01535564115287,one shared preloaded model
conv-48-qa-19,chalm,2.2341556485185095,12.906500007375143,224.61059999477584,239.7512556506695,one shared preloaded model
conv-48-qa-20,chalm,2.2341556485185095,13.056800002232194,124.0418000088539,139.3327556596046,one shared preloaded model
conv-48-qa-21,chalm,2.2341556485185095,13.308099994901568,163.3228999999119,178.86515564333197,one shared preloaded model
conv-48-qa-22,chalm,2.2341556485185095,20.43940000294242,474.2292000009911,496.902755652452,one shared preloaded model
conv-48-qa-23,chalm,2.2341556485185095,17.636100004892796,234.3713000009302,254.2415556543415,one shared preloaded model
conv-48-qa-24,chalm,2.2341556485185095,12.996999997994862,182.9552999988664,198.18645564537977,one shared preloaded model
conv-48-qa-25,chalm,2.2341556485185095,19.61289999599103,208.3820999978343,230.22915564234384,one shared preloaded model
conv-48-qa-26,chalm,2.2341556485185095,16.88080000167247,210.6835000013234,229.7984556515144,one shared preloaded model
conv-48-qa-27,chalm,2.2341556485185095,13.094199995975941,468.2279000116978,483.5562556561922,one shared preloaded model
conv-48-qa-28,chalm,2.2341556485185095,17.41559999936726,213.4654999972554,233.11525564514116,one shared preloaded model
conv-48-qa-29,chalm,2.2341556485185095,12.976200014236383,219.9283999943873,235.13875565714218,one shared preloaded model
conv-48-qa-30,chalm,2.2341556485185095,12.765699997544289,485.2268999966327,500.2267556426955,one shared preloaded model
conv-48-qa-31,chalm,2.2341556485185095,16.700899999705143,277.03240000118967,295.9674556494133,one shared preloaded model
conv-48-qa-32,chalm,2.2341556485185095,17.029100010404363,165.48549999424722,184.7487556531701,one shared preloaded model
conv-48-qa-33,chalm,2.2341556485185095,20.31580000766553,203.11729999957606,225.6672556557601,one shared preloaded model
conv-48-qa-34,chalm,2.2341556485185095,12.827899990952574,227.3626999958651,242.4247556353362,one shared preloaded model
conv-48-qa-35,chalm,2.2341556485185095,13.180499998270534,514.5264000020688,529.9410556488579,one shared preloaded model
conv-48-qa-36,chalm,2.2341556485185095,14.973299999837764,109.22829998889938,126.43575563725565,one shared preloaded model
conv-48-qa-37,chalm,2.2341556485185095,20.045800003572367,146.29119999881368,168.57115565090456,one shared preloaded model
conv-48-qa-38,chalm,2.2341556485185095,20.71129999239929,294.3366999970749,317.2821556379927,one shared preloaded model
conv-48-qa-39,chalm,2.2341556485185095,16.77709999785293,191.42060000740457,210.431855653776,one shared preloaded model
conv-48-qa-40,chalm,2.2341556485185095,17.191000006278045,216.549999997369,235.97515565216557,one shared preloaded model
conv-48-qa-41,chalm,2.2341556485185095,13.110200001392514,233.33930000080727,248.6836556507183,one shared preloaded model
conv-48-qa-42,chalm,2.2341556485185095,12.463899998692796,203.18850000330713,217.88655565051843,one shared preloaded model
conv-48-qa-43,chalm,2.2341556485185095,12.868899997556582,233.48529999202583,248.58835563810092,one shared preloaded model
conv-48-qa-44,chalm,2.2341556485185095,16.758899990236387,236.90170000190847,255.89475564066336,one shared preloaded model
conv-48-qa-45,chalm,2.2341556485185095,12.851299994508736,222.52199999638833,237.60745563941558,one shared preloaded model
conv-48-qa-46,chalm,2.2341556485185095,14.072699996177107,236.0427000094205,252.34955565411613,one shared preloaded model
conv-48-qa-47,chalm,2.2341556485185095,16.65320000029169,498.59489999653306,517.4822556453432,one shared preloaded model
conv-48-qa-48,chalm,2.2341556485185095,17.2525000089081,228.85939999832772,248.34605565575433,one shared preloaded model
conv-48-qa-49,chalm,2.2341556485185095,13.26320000225678,221.39599999354687,236.89335564432216,one shared preloaded model
conv-48-qa-50,chalm,2.2341556485185095,14.358799991896376,197.36160000320524,213.95455564362013,one shared preloaded model
conv-48-qa-51,chalm,2.2341556485185095,13.370200002100319,488.2473000034224,503.8516556540412,one shared preloaded model
conv-48-qa-52,chalm,2.2341556485185095,12.532299995655194,232.00969999015797,246.77615563433167,one shared preloaded model
conv-48-qa-53,chalm,2.2341556485185095,14.881199997034855,207.43479998782277,224.55015563337614,one shared preloaded model
conv-48-qa-54,chalm,2.2341556485185095,13.298100006068125,203.33339998614974,218.86565564073638,one shared preloaded model
conv-48-qa-55,chalm,2.2341556485185095,15.355399998952635,169.82510000525508,187.41465565272622,one shared preloaded model
conv-48-qa-56,chalm,2.2341556485185095,20.632300002034754,512.8038999973796,535.6703556479329,one shared preloaded model
conv-48-qa-57,chalm,2.2341556485185095,17.934799994691275,204.02789999207016,224.19685563527995,one shared preloaded model
conv-48-qa-58,chalm,2.2341556485185095,12.374600002658553,212.844399997266,227.45315564844307,one shared preloaded model
conv-48-qa-59,chalm,2.2341556485185095,13.00190000620205,224.7594999935245,239.99555564824507,one shared preloaded model
conv-48-qa-60,chalm,2.2341556485185095,12.966599999344908,348.8751999975648,364.07595564542817,one shared preloaded model
conv-48-qa-61,chalm,2.2341556485185095,14.125600006082095,220.1152999914484,236.47505564604901,one shared preloaded model
conv-48-qa-62,chalm,2.2341556485185095,13.866599998436868,196.48090000555385,212.58165565250923,one shared preloaded model
conv-48-qa-63,chalm,2.2341556485185095,13.736100008827634,119.44640000001527,135.41665565736142,one shared preloaded model
conv-48-qa-64,chalm,2.2341556485185095,19.713200003025122,111.49170000862796,133.4390556601716,one shared preloaded model
conv-48-qa-65,chalm,2.2341556485185095,21.38460001151543,219.1302999999607,242.74905565999464,one shared preloaded model
conv-48-qa-66,chalm,2.2341556485185095,13.477599990437739,121.68349999410566,137.3952556330619,one shared preloaded model
conv-48-qa-67,chalm,2.2341556485185095,16.502899990882725,209.59259998926427,228.3296556286655,one shared preloaded model
conv-48-qa-68,chalm,2.2341556485185095,13.116400004946627,224.15349999209866,239.5040556455638,one shared preloaded model
conv-48-qa-69,chalm,2.2341556485185095,17.453599997679703,125.53679999837186,145.22455564457007,one shared preloaded model
conv-48-qa-70,chalm,2.2341556485185095,20.54889999271836,221.90279999631457,244.68585563755144,one shared preloaded model
conv-48-qa-71,chalm,2.2341556485185095,17.35259999986738,477.99319999467116,497.579955643057,one shared preloaded model
conv-48-qa-72,chalm,2.2341556485185095,17.795300009311177,222.9135999950813,242.943055652911,one shared preloaded model
conv-48-qa-73,chalm,2.2341556485185095,12.327100004767999,106.97910000453703,121.54035565782354,one shared preloaded model
conv-48-qa-74,chalm,2.2341556485185095,17.038100006175227,435.95620000269264,455.22845565738635,one shared preloaded model
conv-48-qa-75,chalm,2.2341556485185095,16.801799996756017,158.10070000588894,177.13665565116347,one shared preloaded model
conv-48-qa-76,chalm,2.2341556485185095,20.786400011274964,526.3255000027129,549.3460556625064,one shared preloaded model
conv-48-qa-77,chalm,2.2341556485185095,17.390199995134026,237.37929998605978,257.0036556297123,one shared preloaded model
conv-48-qa-78,chalm,2.2341556485185095,13.713300009840168,233.07479999493808,249.02225565329675,one shared preloaded model
conv-48-qa-79,chalm,2.2341556485185095,12.527400001999922,114.57050000899471,129.33205565951314,one shared preloaded model
conv-48-qa-80,chalm,2.2341556485185095,19.992400004412048,109.15020000538789,131.37675565831844,one shared preloaded model
conv-48-qa-81,chalm,2.2341556485185095,20.556899995426647,216.16959999664687,238.96065564059202,one shared preloaded model
conv-48-qa-82,chalm,2.2341556485185095,13.313599993125536,112.04730000463314,127.59505564627719,one shared preloaded model
conv-48-qa-83,chalm,2.2341556485185095,19.864300003973767,228.93160000967328,251.03005566216555,one shared preloaded model
conv-48-qa-84,chalm,2.2341556485185095,14.19299999543,230.38090000045486,246.80805564440337,one shared preloaded model
conv-48-qa-85,chalm,2.2341556485185095,13.275499994051643,210.13699998729862,225.64665562986877,one shared preloaded model
conv-48-qa-86,chalm,2.2341556485185095,14.189599998644553,248.24800000351388,264.6717556506769,one shared preloaded model
conv-48-qa-87,chalm,2.2341556485185095,13.870599999791011,205.60310001019388,221.7078556585034,one shared preloaded model
conv-48-qa-88,chalm,2.2341556485185095,13.562400010414422,228.92399999545887,244.7205556543918,one shared preloaded model
conv-48-qa-89,chalm,2.2341556485185095,14.413500000955537,143.77139999123756,160.4190556407116,one shared preloaded model
conv-48-qa-90,chalm,2.2341556485185095,15.146799996728078,214.33600000455044,231.71695564979703,one shared preloaded model
conv-48-qa-91,chalm,2.2341556485185095,14.480700003332458,187.0682000007946,203.78305565264557,one shared preloaded model
conv-48-qa-92,chalm,2.2341556485185095,16.994300007354468,209.29319999413565,228.52165565000863,one shared preloaded model
conv-48-qa-93,chalm,2.2341556485185095,13.114100001985207,209.30619999126066,224.65445564176437,one shared preloaded model
conv-48-qa-94,chalm,2.2341556485185095,13.916199997765943,233.09929999231827,249.24965563860272,one shared preloaded model
conv-48-qa-95,chalm,2.2341556485185095,16.65399999183137,115.39029999403283,134.2784556343827,one shared preloaded model
conv-48-qa-96,chalm,2.2341556485185095,20.376799991936423,226.90290000173263,249.51385564218756,one shared preloaded model
conv-48-qa-97,chalm,2.2341556485185095,15.714199995272793,124.85370000649709,142.8020556502884,one shared preloaded model
conv-48-qa-98,chalm,2.2341556485185095,20.17889999842737,207.83569999912288,230.24875564606876,one shared preloaded model
conv-48-qa-99,chalm,2.2341556485185095,15.076300012879074,444.0089999989141,461.31945566031163,one shared preloaded model
conv-48-qa-100,chalm,2.2341556485185095,14.824500001850538,221.3173999916762,238.37605564204526,one shared preloaded model
conv-48-qa-101,chalm,2.2341556485185095,16.170500006410293,179.6016000007512,198.00625565568,one shared preloaded model
conv-48-qa-102,chalm,2.2341556485185095,13.656700000865385,224.47910001210403,240.36995566148792,one shared preloaded model
conv-48-qa-103,chalm,2.2341556485185095,13.03800000459887,397.7129999984754,412.9851556515928,one shared preloaded model
conv-48-qa-104,chalm,2.2341556485185095,18.604900003992952,191.49309999193065,212.3321556444421,one shared preloaded model
conv-48-qa-105,chalm,2.2341556485185095,13.513899990357459,212.71569999225903,228.463755631135,one shared preloaded model
conv-48-qa-106,chalm,2.2341556485185095,17.12609999231063,216.26040000410285,235.620655644932,one shared preloaded model
conv-48-qa-107,chalm,2.2341556485185095,17.145599995274097,141.69100001163315,161.07075565542576,one shared preloaded model
conv-48-qa-108,chalm,2.2341556485185095,21.581399996648543,179.8232999863103,203.63885563147736,one shared preloaded model
conv-48-qa-109,chalm,2.2341556485185095,21.464400007971562,219.63859999959823,243.3371556560883,one shared preloaded model
conv-48-qa-110,chalm,2.2341556485185095,16.685700000380166,368.30709999776445,387.2269556466631,one shared preloaded model
conv-48-qa-111,chalm,2.2341556485185095,18.047200006549247,436.48219999158755,456.7635556466553,one shared preloaded model
conv-48-qa-112,chalm,2.2341556485185095,14.137999998638406,97.9183000017656,114.29045564892252,one shared preloaded model
conv-48-qa-113,chalm,2.2341556485185095,20.10589999554213,221.431300000404,243.77135564446465,one shared preloaded model
conv-48-qa-114,chalm,2.2341556485185095,13.059000004432164,227.2703999915393,242.56355564448998,one shared preloaded model
conv-48-qa-115,chalm,2.2341556485185095,17.50000000174623,193.28580000728834,213.01995565755308,one shared preloaded model
conv-48-qa-116,chalm,2.2341556485185095,16.0248999891337,222.61260000232141,240.87165563997362,one shared preloaded model
conv-48-qa-117,chalm,2.2341556485185095,13.595300013548695,406.3307000033092,422.16015566537635,one shared preloaded model
conv-48-qa-118,chalm,2.2341556485185095,16.804200000478886,142.28920001187362,161.327555660871,one shared preloaded model
conv-48-qa-119,chalm,2.2341556485185095,20.41579999786336,409.5758999901591,432.2258556365409,one shared preloaded model
conv-48-qa-120,chalm,2.2341556485185095,18.631099999765866,386.2712999980431,407.13655564632745,one shared preloaded model
conv-48-qa-121,chalm,2.2341556485185095,13.910900001064874,217.5091999961296,233.654255645713,one shared preloaded model
conv-48-qa-122,chalm,2.2341556485185095,13.479200002620928,234.67220000748057,250.38555565862,one shared preloaded model
conv-48-qa-123,chalm,2.2341556485185095,15.269199997419491,240.27140000544023,257.7747556513782,one shared preloaded model
conv-48-qa-124,chalm,2.2341556485185095,16.717300008167513,213.71029999863822,232.66175565532424,one shared preloaded model
conv-48-qa-125,chalm,2.2341556485185095,12.878599998657592,142.4602000042796,157.57295565145571,one shared preloaded model
conv-48-qa-126,chalm,2.2341556485185095,20.30889999878127,353.6776999972062,376.22075564450597,one shared preloaded model
conv-48-qa-127,chalm,2.2341556485185095,17.978900010348298,395.74169999104924,415.954755649916,one shared preloaded model
conv-48-qa-128,chalm,2.2341556485185095,13.708100013900548,119.67520001053344,135.6174556729525,one shared preloaded model
conv-48-qa-129,chalm,2.2341556485185095,20.743600005516782,160.4615999967791,183.4393556508144,one shared preloaded model
conv-48-qa-130,chalm,2.2341556485185095,20.669199991971254,488.3982999890577,511.30165562954744,one shared preloaded model
conv-48-qa-131,chalm,2.2341556485185095,16.965700007858686,131.37730000016745,150.57715565654465,one shared preloaded model
conv-48-qa-132,chalm,2.2341556485185095,20.27779999480117,209.18879999953788,231.70075564285756,one shared preloaded model
conv-48-qa-133,chalm,2.2341556485185095,14.825799997197464,212.88730000378564,229.9472556495016,one shared preloaded model
conv-48-qa-134,chalm,2.2341556485185095,13.059099990641698,209.2996999999741,224.59295563913432,one shared preloaded model
conv-48-qa-135,chalm,2.2341556485185095,14.331700003822334,146.62220000172965,163.1880556540705,one shared preloaded model
conv-48-qa-136,chalm,2.2341556485185095,20.855299997492693,137.88490000297315,160.97435564898436,one shared preloaded model
conv-48-qa-137,chalm,2.2341556485185095,20.60219999111723,153.7118999985978,176.54825563823354,one shared preloaded model
conv-48-qa-138,chalm,2.2341556485185095,21.38109999941662,342.44089999992866,366.05615564786376,one shared preloaded model
conv-48-qa-139,chalm,2.2341556485185095,17.87470000272151,183.03890000970569,203.1477556609457,one shared preloaded model
conv-48-qa-140,chalm,2.2341556485185095,20.322799988207407,107.35450001084246,129.91145564756837,one shared preloaded model
conv-48-qa-141,chalm,2.2341556485185095,20.72109999426175,172.31920000631362,195.27445564909388,one shared preloaded model
conv-48-qa-142,chalm,2.2341556485185095,14.900699999998324,173.06400000234134,190.19885565085818,one shared preloaded model
conv-48-qa-143,chalm,2.2341556485185095,20.12329999706708,450.03030000953004,472.3877556551156,one shared preloaded model
conv-48-qa-144,chalm,2.2341556485185095,17.562499997438863,221.14460000011604,240.94125564607342,one shared preloaded model
conv-48-qa-145,chalm,2.2341556485185095,12.923100002808496,153.66920000815298,168.82645565948,one shared preloaded model
conv-48-qa-146,chalm,2.2341556485185095,20.229400004609488,197.97210000979248,220.43565566292048,one shared preloaded model
conv-48-qa-147,chalm,2.2341556485185095,15.62289999856148,128.04110000433866,145.89815565141865,one shared preloaded model
conv-48-qa-148,chalm,2.2341556485185095,21.358500001952052,152.52640000835527,176.11905565882583,one shared preloaded model
conv-48-qa-149,chalm,2.2341556485185095,20.36549999320414,279.08360000583343,301.68325564755605,one shared preloaded model
conv-48-qa-150,chalm,2.2341556485185095,16.05819999531377,191.91690000297967,210.20925564681195,one shared preloaded model
conv-48-qa-151,chalm,2.2341556485185095,21.288799995090812,151.81599999777973,175.33895564138905,one shared preloaded model
conv-48-qa-152,chalm,2.2341556485185095,20.88680000451859,690.1253000105498,713.2462556635869,one shared preloaded model
conv-48-qa-153,chalm,2.2341556485185095,14.41309999790974,233.35109998879489,249.99835563522313,one shared preloaded model
conv-48-qa-154,chalm,2.2341556485185095,15.884599997662008,169.3022999970708,187.42105564325132,one shared preloaded model
conv-48-qa-155,chalm,2.2341556485185095,15.893599993432872,232.66530000546481,250.7930556474162,one shared preloaded model
conv-48-qa-156,chalm,2.2341556485185095,15.482899994822219,206.0052999877371,223.72235563107782,one shared preloaded model
conv-48-qa-157,chalm,2.2341556485185095,15.04410000052303,145.89749999868218,163.17575564772372,one shared preloaded model
conv-48-qa-158,chalm,2.2341556485185095,21.527899996726774,120.4989999969257,144.261055642171,one shared preloaded model
conv-48-qa-159,chalm,2.2341556485185095,19.00680000835564,189.9139000015566,211.15485565843076,one shared preloaded model
conv-48-qa-160,chalm,2.2341556485185095,20.46600000176113,225.43109999969602,248.13125564997566,one shared preloaded model
conv-48-qa-161,chalm,2.2341556485185095,17.823300004238263,195.46880001144018,215.52625566419695,one shared preloaded model
conv-48-qa-162,chalm,2.2341556485185095,16.9268000026932,198.40919999114703,217.57015564235874,one shared preloaded model
conv-48-qa-163,chalm,2.2341556485185095,14.247300001443364,357.3800000012852,373.86145565124707,one shared preloaded model
conv-48-qa-164,chalm,2.2341556485185095,13.614600000437349,107.22010000608861,123.06885565504447,one shared preloaded model
conv-48-qa-165,chalm,2.2341556485185095,21.791100007249042,131.9803999940632,156.00565564983074,one shared preloaded model
conv-48-qa-166,chalm,2.2341556485185095,20.582000011927448,197.3703999974532,220.18655565789916,one shared preloaded model
conv-48-qa-167,chalm,2.2341556485185095,16.296899993903935,320.74090000241995,339.27195564484236,one shared preloaded model
conv-48-qa-168,chalm,2.2341556485185095,17.551900004036725,509.30269999662414,529.0887556491793,one shared preloaded model
conv-48-qa-169,chalm,2.2341556485185095,17.16390000365209,275.32169999904,294.71975565121056,one shared preloaded model
conv-48-qa-170,chalm,2.2341556485185095,16.834099995321594,322.28250001207925,341.35075565591933,one shared preloaded model
conv-48-qa-171,chalm,2.2341556485185095,13.957899995148182,219.04189999622758,235.23395563989428,one shared preloaded model
conv-48-qa-172,chalm,2.2341556485185095,14.602499999455176,227.5303999922471,244.3670556402208,one shared preloaded model
conv-48-qa-173,chalm,2.2341556485185095,14.022100003785454,197.3098000016762,213.56605565398016,one shared preloaded model
conv-48-qa-174,chalm,2.2341556485185095,14.058300002943724,209.83989999513142,226.13235564659365,one shared preloaded model
conv-48-qa-175,chalm,2.2341556485185095,13.434799999231473,205.94929999788292,221.6182556456329,one shared preloaded model
conv-48-qa-176,chalm,2.2341556485185095,13.98180000251159,361.46159999771044,377.6775556487405,one shared preloaded model
conv-48-qa-177,chalm,2.2341556485185095,13.610900001367554,222.76879999844823,238.6138556483343,one shared preloaded model
conv-48-qa-178,chalm,2.2341556485185095,13.091100001474842,538.6736000073142,553.9988556573076,one shared preloaded model
conv-48-qa-179,chalm,2.2341556485185095,14.406999995117076,218.36919999623206,235.01035563986764,one shared preloaded model
conv-48-qa-180,chalm,2.2341556485185095,12.963500004843809,190.11419999878854,205.31185565215085,one shared preloaded model
conv-48-qa-181,chalm,2.2341556485185095,15.592600000672974,221.80060000391677,239.62735565310825,one shared preloaded model
conv-48-qa-182,chalm,2.2341556485185095,13.076099989120848,275.3286999941338,290.6389556317731,one shared preloaded model
conv-48-qa-183,chalm,2.2341556485185095,14.797900003031828,308.30029999196995,325.33235564352026,one shared preloaded model
conv-48-qa-184,chalm,2.2341556485185095,18.592100008390844,229.5672000036575,250.39345566056684,one shared preloaded model
conv-48-qa-185,chalm,2.2341556485185095,12.89080000424292,102.78019998804666,117.90515564080809,one shared preloaded model
conv-48-qa-186,chalm,2.2341556485185095,20.217700002831407,226.08710000349674,248.53895565484666,one shared preloaded model
conv-48-qa-187,chalm,2.2341556485185095,16.900600006920286,137.04689999576658,156.18165565120538,one shared preloaded model
conv-48-qa-188,chalm,2.2341556485185095,20.453900011489168,226.89879999961704,249.58685565962472,one shared preloaded model
conv-48-qa-189,chalm,2.2341556485185095,17.806599993491545,149.50709999538958,169.54785563739964,one shared preloaded model
conv-48-qa-190,chalm,2.2341556485185095,18.18839999032207,273.6231999879237,294.0457556267643,one shared preloaded model
conv-48-qa-191,chalm,2.2341556485185095,14.366899995366111,199.46810000692494,216.06915565080956,one shared preloaded model
conv-48-qa-192,chalm,2.2341556485185095,12.599300011061132,211.9134000095073,226.74685566908695,one shared preloaded model
conv-48-qa-193,chalm,2.2341556485185095,13.923899998189881,231.016500008991,247.17455565569938,one shared preloaded model
conv-48-qa-194,chalm,2.2341556485185095,13.259500003186986,222.46370000357274,237.95735565527823,one shared preloaded model
conv-48-qa-195,chalm,2.2341556485185095,13.805200011120178,230.1634000032209,246.20275566285957,one shared preloaded model
conv-48-qa-196,chalm,2.2341556485185095,13.276700003189035,467.3869999969611,482.8978556486686,one shared preloaded model
conv-48-qa-197,chalm,2.2341556485185095,13.093000001390465,207.8579999943031,223.18515564421207,one shared preloaded model
conv-48-qa-198,chalm,2.2341556485185095,17.3404999950435,216.37749999354128,235.9521556371033,one shared preloaded model
conv-48-qa-199,chalm,2.2341556485185095,13.555099998484366,396.4287999988301,412.2180556458329,one shared preloaded model
conv-48-qa-200,chalm,2.2341556485185095,14.907799995853566,234.42090000025928,251.56285564463136,one shared preloaded model
conv-48-qa-201,chalm,2.2341556485185095,13.387900005909614,218.72150000126567,234.3435556556938,one shared preloaded model
conv-48-qa-202,chalm,2.2341556485185095,13.27889999083709,167.34099999302998,182.85405563238558,one shared preloaded model
conv-48-qa-203,chalm,2.2341556485185095,17.808100004913285,208.1904999940889,228.2327556475207,one shared preloaded model
conv-48-qa-204,chalm,2.2341556485185095,13.484600000083447,211.8965000117896,227.61525566039157,one shared preloaded model
conv-48-qa-205,chalm,2.2341556485185095,13.25429999269545,223.90090000408236,239.38935564529632,one shared preloaded model
conv-48-qa-206,chalm,2.2341556485185095,14.912500002537854,214.89410000503995,232.0407556560963,one shared preloaded model
conv-48-qa-207,chalm,2.2341556485185095,13.5493999987375,208.48519999708515,224.26875564434116,one shared preloaded model
conv-48-qa-208,chalm,2.2341556485185095,13.190400000894442,221.940799994627,237.36535564403997,one shared preloaded model
conv-48-qa-209,chalm,2.2341556485185095,13.97890000953339,210.85170000151265,227.06475565956455,one shared preloaded model
conv-48-qa-210,chalm,2.2341556485185095,13.097000002744608,636.782100002165,652.113255653428,one shared preloaded model
conv-48-qa-211,chalm,2.2341556485185095,13.185200004954822,232.40009999426547,247.8194556477388,one shared preloaded model
conv-48-qa-212,chalm,2.2341556485185095,12.693299999227747,215.2943000110099,230.22175565875617,one shared preloaded model
conv-48-qa-213,chalm,2.2341556485185095,13.81980000587646,356.70229999232106,372.756255646716,one shared preloaded model
conv-48-qa-214,chalm,2.2341556485185095,14.000900002429262,206.3501999946311,222.58525564557888,one shared preloaded model
conv-48-qa-215,chalm,2.2341556485185095,12.950599993928336,760.8342000021366,776.0189556445835,one shared preloaded model
conv-48-qa-216,chalm,2.2341556485185095,17.51700000022538,153.86279999802355,173.61395564676744,one shared preloaded model
conv-48-qa-217,chalm,2.2341556485185095,17.536699990159832,219.79390000342391,239.56475564210226,one shared preloaded model
conv-48-qa-218,chalm,2.2341556485185095,15.38349999464117,235.35619999165647,252.97385563481615,one shared preloaded model
conv-48-qa-219,chalm,2.2341556485185095,15.544399997452274,226.51930000574794,244.29785565171872,one shared preloaded model
conv-48-qa-220,chalm,2.2341556485185095,14.753299998119473,419.4130999967456,436.40055564338354,one shared preloaded model
conv-48-qa-221,chalm,2.2341556485185095,14.508899999782443,276.4991000003647,293.24215564866563,one shared preloaded model
conv-48-qa-222,chalm,2.2341556485185095,13.694700013729744,419.0818000060972,435.0106556683454,one shared preloaded model
conv-48-qa-223,chalm,2.2341556485185095,15.376900002593175,221.0334999981569,238.6445556492686,one shared preloaded model
conv-48-qa-224,chalm,2.2341556485185095,16.18790000793524,212.92910000192933,231.35115565838308,one shared preloaded model
conv-48-qa-225,chalm,2.2341556485185095,17.026600005920045,292.89549999521114,312.15625564964967,one shared preloaded model
conv-48-qa-226,chalm,2.2341556485185095,15.832999997655861,230.95749999629334,249.0246556424677,one shared preloaded model
conv-48-qa-227,chalm,2.2341556485185095,14.263799996115267,157.81000000424683,174.3079556488806,one shared preloaded model
conv-48-qa-228,chalm,2.2341556485185095,21.645799992256798,210.00769999227487,233.88765563305017,one shared preloaded model
conv-48-qa-229,chalm,2.2341556485185095,14.682099994388409,382.73100000515115,399.64725564805804,one shared preloaded model
conv-48-qa-230,chalm,2.2341556485185095,13.870199996745214,218.4934999968391,234.59785564210281,one shared preloaded model
conv-48-qa-231,chalm,2.2341556485185095,15.069200002471916,221.1996999976691,238.5030556486595,one shared preloaded model
conv-48-qa-232,chalm,2.2341556485185095,13.474899998982437,186.69259999296628,202.40165564046723,one shared preloaded model
conv-48-qa-233,chalm,2.2341556485185095,20.344199991086498,263.3868999982951,285.9652556379001,one shared preloaded model
conv-48-qa-234,chalm,2.2341556485185095,16.98970000143163,200.38320000458043,219.60705565453057,one shared preloaded model
conv-48-qa-235,chalm,2.2341556485185095,13.805900001898408,220.05150000040885,236.09155565082577,one shared preloaded model
conv-48-qa-236,chalm,2.2341556485185095,13.408200000412762,228.7447999988217,244.38715564775296,one shared preloaded model
conv-48-qa-237,chalm,2.2341556485185095,14.766899999813177,210.61599999666214,227.61705564499383,one shared preloaded model
conv-48-qa-238,chalm,2.2341556485185095,17.237699998077005,137.48440000927076,156.95625565586627,one shared preloaded model
conv-49-qa-0,chalm,2.2364816326518513,19.298800005344674,156.54690000519622,178.08218164319274,one shared preloaded model
conv-49-qa-1,chalm,2.2364816326518513,19.921200000680983,233.11529999773484,255.27298163106767,one shared preloaded model
conv-49-qa-2,chalm,2.2364816326518513,13.707599995541386,167.08899999503046,183.0330816232237,one shared preloaded model
conv-49-qa-3,chalm,2.2364816326518513,16.88960001047235,122.83079999906477,141.95688164218896,one shared preloaded model
conv-49-qa-4,chalm,2.2364816326518513,20.060800001374446,199.45269999152515,221.74998162555144,one shared preloaded model
conv-49-qa-5,chalm,2.2364816326518513,13.303899992024526,113.81500000425149,129.35538162892786,one shared preloaded model
conv-49-qa-6,chalm,2.2364816326518513,20.01790000940673,95.48139999969862,117.7357816417572,one shared preloaded model
conv-49-qa-7,chalm,2.2364816326518513,17.20799999020528,145.34449999337085,164.78898161622797,one shared preloaded model
conv-49-qa-8,chalm,2.2364816326518513,20.373100007418543,235.48240000673104,258.09198164680146,one shared preloaded model
conv-49-qa-9,chalm,2.2364816326518513,15.140300005441532,129.5079999981681,146.88478163626147,one shared preloaded model
conv-49-qa-10,chalm,2.2364816326518513,21.97790000354871,137.6635000051465,161.87788164134705,one shared preloaded model
conv-49-qa-11,chalm,2.2364816326518513,20.442900000489317,228.3575000037672,251.03688163690836,one shared preloaded model
conv-49-qa-12,chalm,2.2364816326518513,12.879200003226288,507.0465000026161,522.1621816384942,one shared preloaded model
conv-49-qa-13,chalm,2.2364816326518513,13.320899990503676,330.12160001089796,345.6789816340535,one shared preloaded model
conv-49-qa-14,chalm,2.2364816326518513,16.176299992366694,234.20160000387114,252.61438162888967,one shared preloaded model
conv-49-qa-15,chalm,2.2364816326518513,15.215100007480942,218.33360000164248,235.78518164177527,one shared preloaded model
conv-49-qa-16,chalm,2.2364816326518513,13.334000002942048,190.4045999981463,205.9750816337402,one shared preloaded model
conv-49-qa-17,chalm,2.2364816326518513,16.325200005667284,139.79669999389444,158.35838163221356,one shared preloaded model
conv-49-qa-18,chalm,2.2364816326518513,19.671000001835637,150.14420000079554,172.05168163528302,one shared preloaded model
conv-49-qa-19,chalm,2.2364816326518513,20.355400003609248,332.92919999803416,355.5210816342953,one shared preloaded model
conv-49-qa-20,chalm,2.2364816326518513,14.128900002106093,168.2618999911938,184.62728162595172,one shared preloaded model
conv-49-qa-21,chalm,2.2364816326518513,20.933800013153814,368.318900000304,391.48918164610967,one shared preloaded model
conv-49-qa-22,chalm,2.2364816326518513,12.695000012172386,209.91760000470094,224.84908164952517,one shared preloaded model
conv-49-qa-23,chalm,2.2364816326518513,15.752999999676831,509.43720000213943,527.4266816344681,one shared preloaded model
conv-49-qa-24,chalm,2.2364816326518513,14.571000006981194,143.10669999395031,159.91418163358335,one shared preloaded model
conv-49-qa-25,chalm,2.2364816326518513,21.084699998027645,203.81810000981204,227.13928164049153,one shared preloaded model
conv-49-qa-26,chalm,2.2364816326518513,16.80559999658726,95.68369999760762,114.72578162684673,one shared preloaded model
conv-49-qa-27,chalm,2.2364816326518513,17.86069999798201,173.0059999972582,193.10318162789204,one shared preloaded model
conv-49-qa-28,chalm,2.2364816326518513,20.84820000163745,215.19610000541434,238.28078163970363,one shared preloaded model
conv-49-qa-29,chalm,2.2364816326518513,14.697899998282082,167.56149999855552,184.49588162948945,one shared preloaded model
conv-49-qa-30,chalm,2.2364816326518513,19.550100012565963,466.49400000751484,488.2805816527327,one shared preloaded model
conv-49-qa-31,chalm,2.2364816326518513,18.249100001412444,206.38979999057483,226.87538162463912,one shared preloaded model
conv-49-qa-32,chalm,2.2364816326518513,13.932499990914948,212.9127999942284,229.0817816177952,one shared preloaded model
conv-49-qa-33,chalm,2.2364816326518513,12.61819999490399,241.07879999792203,255.93348162547787,one shared preloaded model
conv-49-qa-34,chalm,2.2364816326518513,13.62939999671653,173.3894000062719,189.25528163564027,one shared preloaded model
conv-49-qa-35,chalm,2.2364816326518513,20.210199989378452,335.66440000140574,358.11108162343606,one shared preloaded model
conv-49-qa-36,chalm,2.2364816326518513,16.59339999605436,347.3140999994939,366.14398162820015,one shared preloaded model
conv-49-qa-37,chalm,2.2364816326518513,17.895400000270456,205.92100000067148,226.05288163359378,one shared preloaded model
conv-49-qa-38,chalm,2.2364816326518513,13.429099999484606,379.2942000000039,394.9597816321404,one shared preloaded model
conv-49-qa-39,chalm,2.2364816326518513,17.228899989277124,113.5121999977855,132.97758161971447,one shared preloaded model
conv-49-qa-40,chalm,2.2364816326518513,19.648599991342053,498.1658000033349,520.0508816273287,one shared preloaded model
conv-49-qa-41,chalm,2.2364816326518513,16.525500002899207,199.00690000213217,217.76888163768322,one shared preloaded model
conv-49-qa-42,chalm,2.2364816326518513,13.660600001458079,207.69039999868255,223.58748163279247,one shared preloaded model
conv-49-qa-43,chalm,2.2364816326518513,12.773100010235794,209.79880000231788,224.80838164520551,one shared preloaded model
conv-49-qa-44,chalm,2.2364816326518513,13.652499997988343,189.9556999997003,205.8446816303405,one shared preloaded model
conv-49-qa-45,chalm,2.2364816326518513,15.897899997071363,219.05230000265874,237.18668163238195,one shared preloaded model
conv-49-qa-46,chalm,2.2364816326518513,13.530700001865625,362.6010000007227,378.3681816352402,one shared preloaded model
conv-49-qa-47,chalm,2.2364816326518513,14.615699998103082,475.1639000023715,492.0160816331265,one shared preloaded model
conv-49-qa-48,chalm,2.2364816326518513,13.142099996912293,413.06550000444986,428.444081634014,one shared preloaded model
conv-49-qa-49,chalm,2.2364816326518513,16.835000002174638,88.72640000481624,107.79788163964272,one shared preloaded model
conv-49-qa-50,chalm,2.2364816326518513,19.8954999941634,223.92720000061672,246.05918162743197,one shared preloaded model
conv-49-qa-51,chalm,2.2364816326518513,14.990000010584481,231.02680000010878,248.2532816433451,one shared preloaded model
conv-49-qa-52,chalm,2.2364816326518513,16.07829998829402,146.7283999954816,165.04318161642746,one shared preloaded model
conv-49-qa-53,chalm,2.2364816326518513,18.75590000418015,134.80299999355339,155.79538163038538,one shared preloaded model
conv-49-qa-54,chalm,2.2364816326518513,12.958699997398071,210.7179000013275,225.91308163137742,one shared preloaded model
conv-49-qa-55,chalm,2.2364816326518513,14.523600009852089,221.80260000459384,238.56268164709778,one shared preloaded model
conv-49-qa-56,chalm,2.2364816326518513,14.238299991120584,227.42949999519624,243.90428161896867,one shared preloaded model
conv-49-qa-57,chalm,2.2364816326518513,13.211600002250634,212.8439999942202,228.2920816291227,one shared preloaded model
conv-49-qa-58,chalm,2.2364816326518513,13.232800003606826,197.26289999380242,212.7321816300611,one shared preloaded model
conv-49-qa-59,chalm,2.2364816326518513,14.610699989134446,499.9761000071885,516.8232816289748,one shared preloaded model
conv-49-qa-60,chalm,2.2364816326518513,17.049499991117045,210.7605000055628,230.04648162933168,one shared preloaded model
conv-49-qa-61,chalm,2.2364816326518513,14.319699999759905,222.52039999875706,239.0765816311688,one shared preloaded model
conv-49-qa-62,chalm,2.2364816326518513,12.35439999436494,222.018600004958,236.60948163197477,one shared preloaded model
conv-49-qa-63,chalm,2.2364816326518513,14.444199987337925,211.2758000002941,227.95648162028388,one shared preloaded model
conv-49-qa-64,chalm,2.2364816326518513,14.628100005211309,109.35249998874497,126.21708162660812,one shared preloaded model
conv-49-qa-65,chalm,2.2364816326518513,20.48310000100173,162.99949999665841,185.719081630312,one shared preloaded model
conv-49-qa-66,chalm,2.2364816326518513,20.17150000028778,473.7576000043191,496.16558163725875,one shared preloaded model
conv-49-qa-67,chalm,2.2364816326518513,13.871200004359707,206.0124999989057,222.12018163591725,one shared preloaded model
conv-49-qa-68,chalm,2.2364816326518513,12.505300008342601,214.30119998694863,229.04298162794308,one shared preloaded model
conv-49-qa-69,chalm,2.2364816326518513,14.986900001531467,324.5216000068467,341.74498164103005,one shared preloaded model
conv-49-qa-70,chalm,2.2364816326518513,12.465899999369867,209.92540000588633,224.62778163790804,one shared preloaded model
conv-49-qa-71,chalm,2.2364816326518513,13.21000000461936,216.73369999916758,232.1801816364388,one shared preloaded model
conv-49-qa-72,chalm,2.2364816326518513,13.17810000909958,110.39139999775216,125.80598163950359,one shared preloaded model
conv-49-qa-73,chalm,2.2364816326518513,17.311700008576736,156.78350000234786,176.33168164357645,one shared preloaded model
conv-49-qa-74,chalm,2.2364816326518513,20.271600005798973,121.57529999967664,144.08338163812746,one shared preloaded model
conv-49-qa-75,chalm,2.2364816326518513,15.694500005338341,475.42950000206474,493.36048164005496,one shared preloaded model
conv-49-qa-76,chalm,2.2364816326518513,16.906799995922484,98.50030000961851,117.64358163819284,one shared preloaded model
conv-49-qa-77,chalm,2.2364816326518513,20.465299996430986,143.7041000026511,166.40588163173393,one shared preloaded model
conv-49-qa-78,chalm,2.2364816326518513,14.585400000214577,213.31089999875985,230.13278163162627,one shared preloaded model
conv-49-qa-79,chalm,2.2364816326518513,14.298399997642264,155.73860000586137,172.27348163615548,one shared preloaded model
conv-49-qa-80,chalm,2.2364816326518513,20.04970000416506,541.7443999904208,564.0305816272377,one shared preloaded model
conv-49-qa-81,chalm,2.2364816326518513,16.71850000275299,124.56229999952484,143.51728163492967,one shared preloaded model
conv-49-qa-82,chalm,2.2364816326518513,20.103700007894076,124.96719999762718,147.3073816381731,one shared preloaded model
conv-49-qa-83,chalm,2.2364816326518513,18.27650000632275,142.6400000054855,163.15298164446008,one shared preloaded model
conv-49-qa-84,chalm,2.2364816326518513,20.06979999714531,221.75840000272729,244.06468163252444,one shared preloaded model
conv-49-qa-85,chalm,2.2364816326518513,13.070399989373982,175.35349998797756,190.66038161000338,one shared preloaded model
conv-49-qa-86,chalm,2.2364816326518513,20.15860000392422,633.6938000022201,656.0888816387961,one shared preloaded model
conv-49-qa-87,chalm,2.2364816326518513,14.844000004814006,149.85249999153893,166.9329816290048,one shared preloaded model
conv-49-qa-88,chalm,2.2364816326518513,20.404100010637194,175.4603000008501,198.10088164413915,one shared preloaded model
conv-49-qa-89,chalm,2.2364816326518513,20.235899995896034,240.15420000068843,262.62658162923634,one shared preloaded model
conv-49-qa-90,chalm,2.2364816326518513,15.012000003480352,311.6221000091173,328.8705816452495,one shared preloaded model
conv-49-qa-91,chalm,2.2364816326518513,16.983699999400415,265.03730000695214,284.2574816390044,one shared preloaded model
conv-49-qa-92,chalm,2.2364816326518513,16.710700001567602,285.78740000375547,304.73458163797494,one shared preloaded model
conv-49-qa-93,chalm,2.2364816326518513,15.694000001531094,231.15340000367723,249.08388163786017,one shared preloaded model
conv-49-qa-94,chalm,2.2364816326518513,16.9296999956714,265.62219999323133,284.7883816215546,one shared preloaded model
conv-49-qa-95,chalm,2.2364816326518513,16.892600004212,219.72350000578444,238.8525816426483,one shared preloaded model
conv-49-qa-96,chalm,2.2364816326518513,13.490099998307414,226.87919999589212,242.60578162685138,one shared preloaded model
conv-49-qa-97,chalm,2.2364816326518513,14.520900003844872,554.4126000022516,571.1699816387483,one shared preloaded model
conv-49-qa-98,chalm,2.2364816326518513,16.675999999279156,109.21340000641067,128.12588163834167,one shared preloaded model
conv-49-qa-99,chalm,2.2364816326518513,19.959999990533106,200.43840000289492,222.63488162607987,one shared preloaded model
conv-49-qa-100,chalm,2.2364816326518513,15.359199998783879,196.37380000494886,213.9694816363846,one shared preloaded model
conv-49-qa-101,chalm,2.2364816326518513,14.762899998459034,206.77279999654274,223.77218162765362,one shared preloaded model
conv-49-qa-102,chalm,2.2364816326518513,13.537799997720867,236.12459999276325,251.89888162313596,one shared preloaded model
conv-49-qa-103,chalm,2.2364816326518513,12.993999989703298,207.88510001148097,223.11558163383611,one shared preloaded model
conv-49-qa-104,chalm,2.2364816326518513,12.68490000802558,316.051099987817,330.97248162849445,one shared preloaded model
conv-49-qa-105,chalm,2.2364816326518513,17.533499994897284,139.1449999937322,158.91498162128133,one shared preloaded model
conv-49-qa-106,chalm,2.2364816326518513,20.755999998073094,274.2716000066139,297.26408163733885,one shared preloaded model
conv-49-qa-107,chalm,2.2364816326518513,13.577000005170703,120.26499999046791,136.07848162829046,one shared preloaded model
conv-49-qa-108,chalm,2.2364816326518513,15.927000000374392,178.18560000159778,196.349081634624,one shared preloaded model
conv-49-qa-109,chalm,2.2364816326518513,13.191000005463138,212.74620000622235,228.17368164433734,one shared preloaded model
conv-49-qa-110,chalm,2.2364816326518513,13.928000000305474,211.98439999716356,228.14888163012088,one shared preloaded model
conv-49-qa-111,chalm,2.2364816326518513,13.458699992042966,153.46420000423677,169.15938162893158,one shared preloaded model
conv-49-qa-112,chalm,2.2364816326518513,12.594300002092496,236.20179999852553,251.03258163326987,one shared preloaded model
conv-49-qa-113,chalm,2.2364816326518513,12.830399995436892,137.38079999166075,152.4476816197495,one shared preloaded model
conv-49-qa-114,chalm,2.2364816326518513,20.148199997493066,172.55329999898095,194.93798162912586,one shared preloaded model
conv-49-qa-115,chalm,2.2364816326518513,17.94089999748394,136.65889999538194,156.83628162551773,one shared preloaded model
conv-49-qa-116,chalm,2.2364816326518513,19.86340001167264,394.76949999516364,416.86938163948815,one shared preloaded model
conv-49-qa-117,chalm,2.2364816326518513,14.622499991673976,147.88819999375846,164.74718161808428,one shared preloaded model
conv-49-qa-118,chalm,2.2364816326518513,19.692800007760525,233.28549999860115,255.21478163901352,one shared preloaded model
conv-49-qa-119,chalm,2.2364816326518513,15.736699991975911,195.6969000020763,213.67008162670405,one shared preloaded model
conv-49-qa-120,chalm,2.2364816326518513,15.836700011277571,336.1003000027267,354.17348164665617,one shared preloaded model
conv-49-qa-121,chalm,2.2364816326518513,16.387600000598468,166.8653000087943,185.4893816420446,one shared preloaded model
conv-49-qa-122,chalm,2.2364816326518513,19.929399990360253,220.0200999941444,242.1859816171565,one shared preloaded model
conv-49-qa-123,chalm,2.2364816326518513,13.519000000087544,297.3526999994647,313.1081816322041,one shared preloaded model
conv-49-qa-124,chalm,2.2364816326518513,12.660999986110255,119.78900000394788,134.68648162270998,one shared preloaded model
conv-49-qa-125,chalm,2.2364816326518513,19.804700001259334,214.34489999955986,236.38608163347104,one shared preloaded model
conv-49-qa-126,chalm,2.2364816326518513,12.756099997204728,106.29399999743327,121.28658162728985,one shared preloaded model
conv-49-qa-127,chalm,2.2364816326518513,20.44590000878088,371.8564000009792,394.53878164241195,one shared preloaded model
conv-49-qa-128,chalm,2.2364816326518513,14.598299996578135,195.84839999151882,212.6831816207488,one shared preloaded model
conv-49-qa-129,chalm,2.2364816326518513,14.85609999508597,231.69879999477416,248.79138162251198,one shared preloaded model
conv-49-qa-130,chalm,2.2364816326518513,14.253399989684112,681.476500001736,697.9663816240719,one shared preloaded model
conv-49-qa-131,chalm,2.2364816326518513,16.778699995484203,120.44750001223292,139.46268164036897,one shared preloaded model
conv-49-qa-132,chalm,2.2364816326518513,20.3890999982832,456.4039000106277,479.02948164156277,one shared preloaded model
conv-49-qa-133,chalm,2.2364816326518513,14.932499994756654,463.6603999970248,480.8293816244333,one shared preloaded model
conv-49-qa-134,chalm,2.2364816326518513,12.475299998186529,180.11139999725856,194.82318162809693,one shared preloaded model
conv-49-qa-135,chalm,2.2364816326518513,20.184200009680353,224.27219999372028,246.69288163605248,one shared preloaded model
conv-49-qa-136,chalm,2.2364816326518513,16.36310000321828,218.14749999612104,236.74708163199116,one shared preloaded model
conv-49-qa-137,chalm,2.2364816326518513,14.358000000356697,298.00450000038836,314.59898163339693,one shared preloaded model
conv-49-qa-138,chalm,2.2364816326518513,14.198100005160086,228.0624999984866,244.49708163629853,one shared preloaded model
conv-49-qa-139,chalm,2.2364816326518513,14.262500000768341,324.717999988934,341.21698162235424,one shared preloaded model
conv-49-qa-140,chalm,2.2364816326518513,17.355800009681843,192.2776999999769,211.8699816423106,one shared preloaded model
conv-49-qa-141,chalm,2.2364816326518513,20.06470000196714,217.19650000159163,239.49768163621061,one shared preloaded model
conv-49-qa-142,chalm,2.2364816326518513,14.144300002953969,379.6034000115469,395.98418164715275,one shared preloaded model
conv-49-qa-143,chalm,2.2364816326518513,12.853799998993054,217.91940000548493,233.00968163712983,one shared preloaded model
conv-49-qa-144,chalm,2.2364816326518513,16.502400001627393,225.95300000102725,244.6918816353065,one shared preloaded model
conv-49-qa-145,chalm,2.2364816326518513,14.422199994442053,230.32869999588002,246.9873816229739,one shared preloaded model
conv-49-qa-146,chalm,2.2364816326518513,17.823000001953915,446.9107000040822,466.97018163868796,one shared preloaded model
conv-49-qa-147,chalm,2.2364816326518513,16.15339999261778,227.27149999991525,245.66138162518487,one shared preloaded model
conv-49-qa-148,chalm,2.2364816326518513,12.749200002872385,230.33039999427274,245.31608162979697,one shared preloaded model
conv-49-qa-149,chalm,2.2364816326518513,13.394299996434711,211.1466000060318,226.77738163511836,one shared preloaded model
conv-49-qa-150,chalm,2.2364816326518513,13.23660000343807,259.07729999744333,274.5503816335333,one shared preloaded model
conv-49-qa-151,chalm,2.2364816326518513,17.82519998960197,205.11260000057518,225.174281622829,one shared preloaded model
conv-49-qa-152,chalm,2.2364816326518513,12.538299997686408,158.26089998881798,173.03568161915624,one shared preloaded model
conv-49-qa-153,chalm,2.2364816326518513,20.801499995286576,430.98369998915587,454.0216816170943,one shared preloaded model
conv-49-qa-154,chalm,2.2364816326518513,17.027099995175377,284.1857000021264,303.44928162995365,one shared preloaded model
conv-49-qa-155,chalm,2.2364816326518513,13.691900006961077,143.03490000020247,158.9632816398154,one shared preloaded model
conv-49-qa-156,chalm,2.2364816326518513,20.941700000548735,171.95530000026338,195.13348163346396,one shared preloaded model
conv-49-qa-157,chalm,2.2364816326518513,14.413299999432638,201.77490000787657,218.42468163996105,one shared preloaded model
conv-49-qa-158,chalm,2.2364816326518513,13.097599992761388,164.10150000592694,179.43558163134017,one shared preloaded model
conv-49-qa-159,chalm,2.2364816326518513,20.987799987779,163.1953999894904,186.41968160992124,one shared preloaded model
conv-49-qa-160,chalm,2.2364816326518513,16.769799985922873,231.2681000039447,250.27438162251943,one shared preloaded model
conv-49-qa-161,chalm,2.2364816326518513,14.530400003422983,322.83810000808444,339.6049816441593,one shared preloaded model
conv-49-qa-162,chalm,2.2364816326518513,17.159800001536496,200.38019999628887,219.7764816304772,one shared preloaded model
conv-49-qa-163,chalm,2.2364816326518513,12.478599994210526,185.83999999100342,200.5550816178658,one shared preloaded model
conv-49-qa-164,chalm,2.2364816326518513,20.04389998910483,203.8654000061797,226.14578162793637,one shared preloaded model
conv-49-qa-165,chalm,2.2364816326518513,13.402800002950244,194.57059999695048,210.20988163255257,one shared preloaded model
conv-49-qa-166,chalm,2.2364816326518513,16.981199994916096,212.7316999976756,231.94938162524355,one shared preloaded model
conv-49-qa-167,chalm,2.2364816326518513,14.14640000439249,195.8847999922,212.26768162924432,one shared preloaded model
conv-49-qa-168,chalm,2.2364816326518513,15.300400002161041,227.8394000022672,245.3762816370801,one shared preloaded model
conv-49-qa-169,chalm,2.2364816326518513,13.87300000351388,336.613599996781,352.72308163294673,one shared preloaded model
conv-49-qa-170,chalm,2.2364816326518513,17.325099994195625,199.116599993431,218.67818162027848,one shared preloaded model
conv-49-qa-171,chalm,2.2364816326518513,12.49870000174269,185.1704000000609,199.90558163445544,one shared preloaded model
conv-49-qa-172,chalm,2.2364816326518513,20.34540000022389,205.14549998915754,227.72738162203328,one shared preloaded model
conv-49-qa-173,chalm,2.2364816326518513,13.423199998214841,182.30650000623427,197.96618163710096,one shared preloaded model
conv-49-qa-174,chalm,2.2364816326518513,18.585099998745136,169.845999989775,190.667581621172,one shared preloaded model
conv-49-qa-175,chalm,2.2364816326518513,20.73279999603983,220.43119999580085,243.40048162449253,one shared preloaded model
conv-49-qa-176,chalm,2.2364816326518513,12.656199993216433,218.84010000212584,233.73278162799411,one shared preloaded model
conv-49-qa-177,chalm,2.2364816326518513,14.066700008697808,189.725999996881,206.02918163823065,one shared preloaded model
conv-49-qa-178,chalm,2.2364816326518513,20.322100011981092,230.12680000101682,252.68538164564976,one shared preloaded model
conv-49-qa-179,chalm,2.2364816326518513,13.644400009070523,216.01230000669602,231.8931816484184,one shared preloaded model
conv-49-qa-180,chalm,2.2364816326518513,14.27299999340903,213.69690001301933,230.2063816390802,one shared preloaded model
conv-49-qa-181,chalm,2.2364816326518513,14.169499991112389,229.00839999783784,245.41438162160208,one shared preloaded model
conv-49-qa-182,chalm,2.2364816326518513,16.035799999372102,198.5668999986956,216.83918163071954,one shared preloaded model
conv-49-qa-183,chalm,2.2364816326518513,13.589800000772811,218.58220000285655,234.4084816362812,one shared preloaded model
conv-49-qa-184,chalm,2.2364816326518513,13.288300004205666,146.84239999041893,162.36718162727644,one shared preloaded model
conv-49-qa-185,chalm,2.2364816326518513,20.06509999046102,227.6274000032572,249.92898162637007,one shared preloaded model
conv-49-qa-186,chalm,2.2364816326518513,13.384399993810803,136.29780001065228,151.91868163711493,one shared preloaded model
conv-49-qa-187,chalm,2.2364816326518513,21.13160000590142,213.70809999643825,237.0761816349915,one shared preloaded model
conv-49-qa-188,chalm,2.2364816326518513,13.08620000781957,227.5794000015594,242.90208164203082,one shared preloaded model
conv-49-qa-189,chalm,2.2364816326518513,15.074300012202002,218.59410000615753,235.90488165101138,one shared preloaded model
conv-49-qa-190,chalm,2.2364816326518513,16.973300007521175,219.03110000130255,238.24088164147557,one shared preloaded model
conv-49-qa-191,chalm,2.2364816326518513,14.418200007639825,219.97489999921527,236.62958163950694,one shared preloaded model
conv-49-qa-192,chalm,2.2364816326518513,15.543500005151145,229.8614000028465,247.64138164064948,one shared preloaded model
conv-49-qa-193,chalm,2.2364816326518513,13.9264000026742,167.58590000972617,183.74878164505222,one shared preloaded model
conv-49-qa-194,chalm,2.2364816326518513,19.995000009657815,153.66919999360107,175.90068163591073,one shared preloaded model
conv-49-qa-195,chalm,2.2364816326518513,20.07969999976922,442.9928000026848,465.3089816351059,one shared preloaded model
conv-50-qa-0,chalm,2.059036274480533,21.428800013381988,510.92529999732506,534.4131362851875,one shared preloaded model
conv-50-qa-1,chalm,2.059036274480533,18.4750000044005,215.294299996458,235.82833627533904,one shared preloaded model
conv-50-qa-2,chalm,2.059036274480533,15.387299994472414,488.9677000028314,506.41403627178437,one shared preloaded model
conv-50-qa-3,chalm,2.059036274480533,17.678000003797933,205.6600000069011,225.39703628517958,one shared preloaded model
conv-50-qa-4,chalm,2.059036274480533,13.307999994140118,217.55850000772625,232.92553627634692,one shared preloaded model
conv-50-qa-5,chalm,2.059036274480533,14.603399991756305,216.37969999574125,233.0421362619781,one shared preloaded model
conv-50-qa-6,chalm,2.059036274480533,16.852900007506832,127.36040000163484,146.27233628362222,one shared preloaded model
conv-50-qa-7,chalm,2.059036274480533,21.696299998438917,239.5165000052657,263.27183627818516,one shared preloaded model
conv-50-qa-8,chalm,2.059036274480533,15.004200002294965,323.74600000912324,340.80923628589875,one shared preloaded model
conv-50-qa-9,chalm,2.059036274480533,13.748899989877827,226.7456000117818,242.55353627614016,one shared preloaded model
conv-50-qa-10,chalm,2.059036274480533,17.809599987231195,216.75870000035502,236.62733626206676,one shared preloaded model
conv-50-qa-11,chalm,2.059036274480533,155.88400000706315,235.45649999869056,393.3995362802342,one shared preloaded model
conv-50-qa-12,chalm,2.059036274480533,13.562200008891523,521.5198999940185,537.1411362773905,one shared preloaded model
conv-50-qa-13,chalm,2.059036274480533,18.003999997745268,201.83669999823906,221.89973627046487,one shared preloaded model
conv-50-qa-14,chalm,2.059036274480533,13.55679999687709,478.91549998894334,494.531336260301,one shared preloaded model
conv-50-qa-15,chalm,2.059036274480533,18.130199998267926,147.07620000990573,167.2654362826542,one shared preloaded model
conv-50-qa-16,chalm,2.059036274480533,21.201199997449294,160.83969999453984,184.09993626646968,one shared preloaded model
conv-50-qa-17,chalm,2.059036274480533,21.51880000019446,236.01680000138003,259.59463627605504,one shared preloaded model
conv-50-qa-18,chalm,2.059036274480533,17.107099993154407,104.38659999636002,123.55273626399496,one shared preloaded model
conv-50-qa-19,chalm,2.059036274480533,21.81459999701474,289.7348999977112,313.60853626920647,one shared preloaded model
conv-50-qa-20,chalm,2.059036274480533,14.237299998058006,245.19269999291282,261.4890362654514,one shared preloaded model
conv-50-qa-21,chalm,2.059036274480533,14.423100001295097,118.39870001131203,134.88083628708767,one shared preloaded model
conv-50-qa-22,chalm,2.059036274480533,21.31359999475535,96.52789999381639,119.90053626305227,one shared preloaded model
conv-50-qa-23,chalm,2.059036274480533,21.46560000255704,185.1186999992933,208.6433362763309,one shared preloaded model
conv-50-qa-24,chalm,2.059036274480533,15.890700000454672,125.81140000838786,143.76113628332308,one shared preloaded model
conv-50-qa-25,chalm,2.059036274480533,21.473700006026775,526.8766000081087,550.4093362886159,one shared preloaded model
conv-50-qa-26,chalm,2.059036274480533,14.538399991579354,504.72569999692496,521.3231362629848,one shared preloaded model
conv-50-qa-27,chalm,2.059036274480533,17.685999991954304,226.77459999977145,246.5196362662063,one shared preloaded model
conv-50-qa-28,chalm,2.059036274480533,15.125200006878003,214.44520000659395,231.6294362879525,one shared preloaded model
conv-50-qa-29,chalm,2.059036274480533,15.323500003432855,223.74190000118688,241.12443627910028,one shared preloaded model
conv-50-qa-30,chalm,2.059036274480533,15.623500003130175,111.8168999964837,129.49943627409442,one shared preloaded model
conv-50-qa-31,chalm,2.059036274480533,21.53219998581335,222.73160000622738,246.32283626652128,one shared preloaded model
conv-50-qa-32,chalm,2.059036274480533,14.175700009218417,161.83129999262746,178.06603627632643,one shared preloaded model
conv-50-qa-33,chalm,2.059036274480533,21.389799992903136,322.53320000017993,345.9820362675636,one shared preloaded model
conv-50-qa-34,chalm,2.059036274480533,18.553899994003586,332.2922999941511,352.90523626263524,one shared preloaded model
conv-50-qa-35,chalm,2.059036274480533,13.79449998785276,469.19740000157617,485.0509362639095,one shared preloaded model
conv-50-qa-36,chalm,2.059036274480533,18.904399999883026,359.5511000021361,380.51453627649965,one shared preloaded model
conv-50-qa-37,chalm,2.059036274480533,15.760700000100769,110.20579999603797,128.02553627061928,one shared preloaded model
conv-50-qa-38,chalm,2.059036274480533,21.367599998484366,536.4830000034999,559.9096362764648,one shared preloaded model
conv-50-qa-39,chalm,2.059036274480533,19.3369999906281,234.06529999920167,255.46133626431032,one shared preloaded model
conv-50-qa-40,chalm,2.059036274480533,18.443399996613152,213.96749999257736,234.46993626367106,one shared preloaded model
conv-50-qa-41,chalm,2.059036274480533,15.378300013253465,218.77460001269355,236.21193630042757,one shared preloaded model
conv-50-qa-42,chalm,2.059036274480533,16.30940000177361,127.42969999089837,145.79813626715253,one shared preloaded model
conv-50-qa-43,chalm,2.059036274480533,21.009699994465336,237.8762000007555,260.9449362697014,one shared preloaded model
conv-50-qa-44,chalm,2.059036274480533,16.98729999770876,463.93240000179503,482.97873627398434,one shared preloaded model
conv-50-qa-45,chalm,2.059036274480533,14.360200002556667,223.10550000111107,239.52473627814828,one shared preloaded model
conv-50-qa-46,chalm,2.059036274480533,15.65459999255836,336.2582999980077,353.9719362650466,one shared preloaded model
conv-50-qa-47,chalm,2.059036274480533,13.854700009687804,107.9914000001736,123.90513628434194,one shared preloaded model
conv-50-qa-48,chalm,2.059036274480533,21.73880000191275,229.5733999926597,253.371236269053,one shared preloaded model
conv-50-qa-49,chalm,2.059036274480533,14.712000003783032,260.5037000030279,277.2747362812915,one shared preloaded model
conv-50-qa-50,chalm,2.059036274480533,15.527600000496022,220.38790000078734,237.9745362757639,one shared preloaded model
conv-50-qa-51,chalm,2.059036274480533,14.881800001603551,535.1019999943674,552.0428362704514,one shared preloaded model
conv-50-qa-52,chalm,2.059036274480533,19.038099999306723,225.8972999989055,246.99443627269278,one shared preloaded model
conv-50-qa-53,chalm,2.059036274480533,13.542000000597909,191.69459999829996,207.29563627337842,one shared preloaded model
conv-50-qa-54,chalm,2.059036274480533,18.135599995730445,476.61659998993855,496.81123626014954,one shared preloaded model
conv-50-qa-55,chalm,2.059036274480533,14.570999992429279,491.55350000364706,508.1835362705569,one shared preloaded model
conv-50-qa-56,chalm,2.059036274480533,14.678599996841513,208.16880000347737,224.90643627479943,one shared preloaded model
conv-50-qa-57,chalm,2.059036274480533,14.71519999904558,209.28850000200327,226.0627362755294,one shared preloaded model
conv-50-qa-58,chalm,2.059036274480533,13.729600002989173,347.24780000397004,363.03643628143976,one shared preloaded model
conv-50-qa-59,chalm,2.059036274480533,18.666099989786744,230.1625999971293,250.88773626139658,one shared preloaded model
conv-50-qa-60,chalm,2.059036274480533,13.36920000903774,218.8414999982342,234.2697362817525,one shared preloaded model
conv-50-qa-61,chalm,2.059036274480533,16.541099990718067,233.50119999668095,252.10133626187957,one shared preloaded model
conv-50-qa-62,chalm,2.059036274480533,13.831200005370192,160.71300000476185,176.6032362846126,one shared preloaded model
conv-50-qa-63,chalm,2.059036274480533,21.846599993295968,216.27140000055078,240.1770362683273,one shared preloaded model
conv-50-qa-64,chalm,2.059036274480533,15.640099998563528,249.73619999946095,267.435336272505,one shared preloaded model
conv-50-qa-65,chalm,2.059036274480533,15.0634000019636,514.8356999998214,531.9581362762655,one shared preloaded model
conv-50-qa-66,chalm,2.059036274480533,13.93820000521373,216.24430001247674,232.24153629217102,one shared preloaded model
conv-50-qa-67,chalm,2.059036274480533,14.643699993030168,169.19529999722727,185.89803626473798,one shared preloaded model
conv-50-qa-68,chalm,2.059036274480533,22.615699999732897,471.55230000498705,496.2270362792005,one shared preloaded model
conv-50-qa-69,chalm,2.059036274480533,17.692499997792765,523.8663999916753,543.6179362639485,one shared preloaded model
conv-50-qa-70,chalm,2.059036274480533,14.702400003443472,535.2071999950567,551.9686362729807,one shared preloaded model
conv-50-qa-71,chalm,2.059036274480533,14.273799999500625,192.09529999352526,208.42813626750643,one shared preloaded model
conv-50-qa-72,chalm,2.059036274480533,22.327700004098006,212.6639000052819,237.05063628386046,one shared preloaded model
conv-50-qa-73,chalm,2.059036274480533,15.836899998248555,143.89599999412894,161.79193626685804,one shared preloaded model
conv-50-qa-74,chalm,2.059036274480533,19.953199996962212,481.7386000067927,503.75083627823545,one shared preloaded model
conv-50-qa-75,chalm,2.059036274480533,18.650500001967885,140.10270001017489,160.81223628662332,one shared preloaded model
conv-50-qa-76,chalm,2.059036274480533,21.616600002744235,137.0932999998331,160.7689362770579,one shared preloaded model
conv-50-qa-77,chalm,2.059036274480533,21.186899990425445,238.35320000944193,261.5991362743479,one shared preloaded model
conv-50-qa-78,chalm,2.059036274480533,16.078000000561588,192.5924999959534,210.72953627099554,one shared preloaded model
conv-50-qa-79,chalm,2.059036274480533,17.416799993952736,224.67630000028294,244.15213626871622,one shared preloaded model
conv-50-qa-80,chalm,2.059036274480533,13.216499995905906,333.35290000832174,348.6284362787082,one shared preloaded model
conv-50-qa-81,chalm,2.059036274480533,17.918099998496473,150.7353999913903,170.71253626436732,one shared preloaded model
conv-50-qa-82,chalm,2.059036274480533,20.94010000291746,236.2442000012379,259.2433362786359,one shared preloaded model
conv-50-qa-83,chalm,2.059036274480533,14.35969999874942,219.6719000057783,236.09063627900827,one shared preloaded model
conv-50-qa-84,chalm,2.059036274480533,13.100700001814403,197.03259998641443,212.19233626270938,one shared preloaded model
conv-50-qa-85,chalm,2.059036274480533,15.016200006357394,205.78790000581648,222.86313628665442,one shared preloaded model
conv-50-qa-86,chalm,2.059036274480533,14.278400005423464,241.86329999065492,258.20073627055893,one shared preloaded model
conv-50-qa-87,chalm,2.059036274480533,15.608200003043748,427.9625000053784,445.6297362829027,one shared preloaded model
conv-50-qa-88,chalm,2.059036274480533,13.718599991989322,208.31980000366457,224.09743627013444,one shared preloaded model
conv-50-qa-89,chalm,2.059036274480533,13.982100004795939,238.72599999594968,254.76713627522616,one shared preloaded model
conv-50-qa-90,chalm,2.059036274480533,15.507700009038672,408.43779999704566,426.0045362805649,one shared preloaded model
conv-50-qa-91,chalm,2.059036274480533,17.08189999044407,227.36849999637343,246.50943626129805,one shared preloaded model
conv-50-qa-92,chalm,2.059036274480533,16.124899993883446,371.23869999777526,389.42263626613925,one shared preloaded model
conv-50-qa-93,chalm,2.059036274480533,18.876700007240288,331.77489999798127,352.7106362797021,one shared preloaded model
conv-50-qa-94,chalm,2.059036274480533,15.567399997962639,203.15380000101868,220.78023627346187,one shared preloaded model
conv-50-qa-95,chalm,2.059036274480533,17.668200001935475,163.40049999416806,183.12773627058408,one shared preloaded model
conv-50-qa-96,chalm,2.059036274480533,15.84650001314003,129.83920000260696,147.74473629022754,one shared preloaded model
conv-50-qa-97,chalm,2.059036274480533,17.0259000005899,208.8456000055885,227.93053628065894,one shared preloaded model
conv-50-qa-98,chalm,2.059036274480533,13.877099991077557,111.07269999047276,127.00883625603085,one shared preloaded model
conv-50-qa-99,chalm,2.059036274480533,21.03120001265779,290.5742000002647,313.664436287403,one shared preloaded model
conv-50-qa-100,chalm,2.059036274480533,14.586700010113418,218.74019999813754,235.3859362827315,one shared preloaded model
conv-50-qa-101,chalm,2.059036274480533,14.647000003606081,168.72719999810215,185.43323627618878,one shared preloaded model
conv-50-qa-102,chalm,2.059036274480533,14.095700011239387,172.5975000008475,188.75223628656744,one shared preloaded model
conv-50-qa-103,chalm,2.059036274480533,19.964300008723512,350.35409999545664,372.3774362786607,one shared preloaded model
conv-50-qa-104,chalm,2.059036274480533,18.802100006723776,257.50690000131726,278.3680362825216,one shared preloaded model
conv-50-qa-105,chalm,2.059036274480533,14.296499997726642,104.64170000341255,120.99723627561973,one shared preloaded model
conv-50-qa-106,chalm,2.059036274480533,13.57300000381656,218.6797999893315,234.31183626762862,one shared preloaded model
conv-50-qa-107,chalm,2.059036274480533,19.03130000573583,180.1945000042906,201.28483628450698,one shared preloaded model
conv-50-qa-108,chalm,2.059036274480533,18.78160001069773,125.76819999958389,146.60883628476216,one shared preloaded model
conv-50-qa-109,chalm,2.059036274480533,21.968900007777847,302.47290000261273,326.5008362848711,one shared preloaded model
conv-50-qa-110,chalm,2.059036274480533,18.90540000749752,224.79069999826606,245.75513628024413,one shared preloaded model
conv-50-qa-111,chalm,2.059036274480533,14.331300000776537,120.65209999855142,137.0424362738085,one shared preloaded model
conv-50-qa-112,chalm,2.059036274480533,16.219999990426004,155.61489999527112,173.89393626017767,one shared preloaded model
conv-50-qa-113,chalm,2.059036274480533,17.046699998900294,162.15039999224246,181.2561362656233,one shared preloaded model
conv-50-qa-114,chalm,2.059036274480533,18.1118000036804,422.1023999998579,442.2732362780188,one shared preloaded model
conv-50-qa-115,chalm,2.059036274480533,18.25470000039786,212.50149999104906,232.81523626592747,one shared preloaded model
conv-50-qa-116,chalm,2.059036274480533,13.43000000633765,150.70279999054037,166.19183627135857,one shared preloaded model
conv-50-qa-117,chalm,2.059036274480533,17.442500000470318,212.0474999974249,231.54903627237576,one shared preloaded model
conv-50-qa-118,chalm,2.059036274480533,13.226800001575612,236.47659999551252,251.76243627156867,one shared preloaded model
conv-50-qa-119,chalm,2.059036274480533,14.098499988904223,258.92120000207797,275.07873626546274,one shared preloaded model
conv-50-qa-120,chalm,2.059036274480533,13.973000008263625,195.01920000766404,211.0512362904082,one shared preloaded model
conv-50-qa-121,chalm,2.059036274480533,18.941000002087094,133.0314999941038,154.03153627067144,one shared preloaded model
conv-50-qa-122,chalm,2.059036274480533,21.392399998148903,161.3047999999253,184.75623627255476,one shared preloaded model
conv-50-qa-123,chalm,2.059036274480533,17.75830000406131,333.1537999911234,352.97113626966524,one shared preloaded model
conv-50-qa-124,chalm,2.059036274480533,14.657699997769669,152.17839999240823,168.89513626465845,one shared preloaded model
conv-50-qa-125,chalm,2.059036274480533,21.613199991406873,170.77209999843035,194.44433626431777,one shared preloaded model
conv-50-qa-126,chalm,2.059036274480533,20.05490000010468,202.59650000662077,224.710436281206,one shared preloaded model
conv-50-qa-127,chalm,2.059036274480533,14.030199992703274,225.87160000693984,241.96083627412366,one shared preloaded model
conv-50-qa-128,chalm,2.059036274480533,14.689400006318465,219.91569999954663,236.66413628034564,one shared preloaded model
conv-50-qa-129,chalm,2.059036274480533,15.809999997145496,304.391099998611,322.26013627023707,one shared preloaded model
conv-50-qa-130,chalm,2.059036274480533,13.978100003441796,217.68190000148024,233.7190362794026,one shared preloaded model
conv-50-qa-131,chalm,2.059036274480533,17.685799990431406,284.2478999955347,303.99273626044663,one shared preloaded model
conv-50-qa-132,chalm,2.059036274480533,15.527399998973124,138.57319999078754,156.15963626424121,one shared preloaded model
conv-50-qa-133,chalm,2.059036274480533,20.995500002754852,249.7548000101233,272.8093362873587,one shared preloaded model
conv-50-qa-134,chalm,2.059036274480533,15.000300001702271,162.02160000102594,179.08093627720876,one shared preloaded model
conv-50-qa-135,chalm,2.059036274480533,21.534800005611032,150.4545999923721,174.04843627246368,one shared preloaded model
conv-50-qa-136,chalm,2.059036274480533,20.041700001456775,171.92480000085197,194.0255362767893,one shared preloaded model
conv-50-qa-137,chalm,2.059036274480533,21.523600007640198,455.1063999970211,478.6890362791418,one shared preloaded model
conv-50-qa-138,chalm,2.059036274480533,13.800000000628643,606.2368999992032,622.0959362743123,one shared preloaded model
conv-50-qa-139,chalm,2.059036274480533,17.622499988647178,199.25970000622328,218.941236269351,one shared preloaded model
conv-50-qa-140,chalm,2.059036274480533,13.109699997585267,255.27590001001954,270.44463628208536,one shared preloaded model
conv-50-qa-141,chalm,2.059036274480533,14.752999995835125,135.7168999966234,152.52893626693907,one shared preloaded model
conv-50-qa-142,chalm,2.059036274480533,21.424399994430132,235.65100000996608,259.13443627887676,one shared preloaded model
conv-50-qa-143,chalm,2.059036274480533,13.20560000021942,129.49859999935143,144.7632362740514,one shared preloaded model
conv-50-qa-144,chalm,2.059036274480533,21.04269999836106,132.62740000209305,155.72913627493466,one shared preloaded model
conv-50-qa-145,chalm,2.059036274480533,18.437599996104836,162.62640000786632,183.1230362784517,one shared preloaded model
conv-50-qa-146,chalm,2.059036274480533,18.757500001811422,155.35849999287166,176.17503626916363,one shared preloaded model
conv-50-qa-147,chalm,2.059036274480533,16.24120000633411,173.13340000691824,191.4336362877329,one shared preloaded model
conv-50-qa-148,chalm,2.059036274480533,22.6183999911882,245.34100000164472,270.01843626731346,one shared preloaded model
conv-50-qa-149,chalm,2.059036274480533,19.17200000025332,196.56490000488702,217.7959362796209,one shared preloaded model
conv-50-qa-150,chalm,2.059036274480533,16.75239999894984,104.96840000269003,123.7798362761204,one shared preloaded model
conv-50-qa-151,chalm,2.059036274480533,22.07520000229124,156.427399997483,180.5616362742548,one shared preloaded model
conv-50-qa-152,chalm,2.059036274480533,19.19839999754913,214.41889999550767,235.67633626753735,one shared preloaded model
conv-50-qa-153,chalm,2.059036274480533,14.533299996401183,397.30969999800436,413.9020362688861,one shared preloaded model
conv-50-qa-154,chalm,2.059036274480533,14.34270000027027,134.3697999982396,150.77153627299043,one shared preloaded model
conv-50-qa-155,chalm,2.059036274480533,21.399999997811392,218.3424999966519,241.80153626894383,one shared preloaded model
conv-50-qa-156,chalm,2.059036274480533,14.150300004985183,235.52790000394452,251.73723628341025,one shared preloaded model
conv-50-qa-157,chalm,2.059036274480533,17.419399999198504,245.656200000667,265.13463627434606,one shared preloaded model
conv-50-qa-158,chalm,2.059036274480533,15.921199999866076,206.39130000199657,224.3715362763432,one shared preloaded model
conv-50-qa-159,chalm,2.059036274480533,13.817600003676489,212.1439000038663,228.02053628202333,one shared preloaded model
conv-50-qa-160,chalm,2.059036274480533,16.45969999663066,212.88409999397118,231.40283626508239,one shared preloaded model
conv-50-qa-161,chalm,2.059036274480533,14.084700000239536,225.80489999381825,241.94863626853834,one shared preloaded model
conv-50-qa-162,chalm,2.059036274480533,19.495000000461005,232.11579999770038,253.66983627264193,one shared preloaded model
conv-50-qa-163,chalm,2.059036274480533,15.252900004270487,273.7096999917412,291.02163627049225,one shared preloaded model
conv-50-qa-164,chalm,2.059036274480533,13.824099994963035,217.59639999072533,233.4795362601689,one shared preloaded model
conv-50-qa-165,chalm,2.059036274480533,13.289700000314042,189.60470000456553,204.95343627936012,one shared preloaded model
conv-50-qa-166,chalm,2.059036274480533,22.710999997798353,221.28929999598768,246.05933626826658,one shared preloaded model
conv-50-qa-167,chalm,2.059036274480533,14.902100010658614,233.8412000099197,250.80233629505886,one shared preloaded model
conv-50-qa-168,chalm,2.059036274480533,13.897600001655519,230.9526999888476,246.90933626498366,one shared preloaded model
conv-50-qa-169,chalm,2.059036274480533,14.820200012763962,218.0720000033034,234.9512362905479,one shared preloaded model
conv-50-qa-170,chalm,2.059036274480533,18.298999988473952,161.87989999889396,182.23793626184846,one shared preloaded model
conv-50-qa-171,chalm,2.059036274480533,21.04049999616109,228.4135000081733,251.51303627881492,one shared preloaded model
conv-50-qa-172,chalm,2.059036274480533,15.04949999798555,166.3741999946069,183.482736267073,one shared preloaded model
conv-50-qa-173,chalm,2.059036274480533,20.74700000230223,157.76699999696575,180.57303627374853,one shared preloaded model
conv-50-qa-174,chalm,2.059036274480533,21.132000008947216,164.41399999894202,187.60503628236978,one shared preloaded model
conv-50-qa-175,chalm,2.059036274480533,19.63550000800751,664.1169000067748,685.8114362892628,one shared preloaded model
conv-50-qa-176,chalm,2.059036274480533,19.149200001265854,118.8755999901332,140.0838362658796,one shared preloaded model
conv-50-qa-177,chalm,2.059036274480533,15.214099999866448,186.18140000035055,203.45453627469755,one shared preloaded model
conv-50-qa-178,chalm,2.059036274480533,22.586799997952767,131.88330001139548,156.5291362838288,one shared preloaded model
conv-50-qa-179,chalm,2.059036274480533,21.119100012583658,96.95789999386761,120.1360362809318,one shared preloaded model
conv-50-qa-180,chalm,2.059036274480533,21.30159999069292,221.15140000823885,244.51203627341232,one shared preloaded model
conv-50-qa-181,chalm,2.059036274480533,14.16340000287164,188.82460000168066,205.04703627903285,one shared preloaded model
conv-50-qa-182,chalm,2.059036274480533,22.607299993978813,165.44640000211075,190.1127362705701,one shared preloaded model
conv-50-qa-183,chalm,2.059036274480533,21.88380000006873,225.8220999938203,249.76493626836958,one shared preloaded model
conv-50-qa-184,chalm,2.059036274480533,16.67789999919478,226.0102000000188,244.74713627369414,one shared preloaded model
conv-50-qa-185,chalm,2.059036274480533,13.54550001269672,222.139799996512,237.74433628368928,one shared preloaded model
conv-50-qa-186,chalm,2.059036274480533,14.236999995773658,140.95080000697635,157.24683627723056,one shared preloaded model
conv-50-qa-187,chalm,2.059036274480533,21.640300008584745,230.63320000073873,254.33253628380402,one shared preloaded model
conv-50-qa-188,chalm,2.059036274480533,13.785999995889142,234.6733000013046,250.5183362716743,one shared preloaded model
conv-50-qa-189,chalm,2.059036274480533,14.70629998948425,209.0882999909809,225.85363625494568,one shared preloaded model
conv-50-qa-190,chalm,2.059036274480533,14.562399999704212,215.75319999828935,232.3746362724741,one shared preloaded model
conv-50-qa-191,chalm,2.059036274480533,17.55189998948481,475.1933000079589,494.80423627192425,one shared preloaded model
conv-50-qa-192,chalm,2.059036274480533,18.16839999810327,222.60880000249017,242.836236275074,one shared preloaded model
conv-50-qa-193,chalm,2.059036274480533,13.396900001680478,242.52919999707956,257.9851362732406,one shared preloaded model
conv-50-qa-194,chalm,2.059036274480533,14.865999997709878,219.94340000674129,236.8684362789317,one shared preloaded model
conv-50-qa-195,chalm,2.059036274480533,14.623700000811368,161.30409999459516,177.98683626988708,one shared preloaded model
conv-50-qa-196,chalm,2.059036274480533,17.930800007889047,135.48869999067392,155.47853627304352,one shared preloaded model
conv-50-qa-197,chalm,2.059036274480533,22.756699996534735,204.52639998984523,229.3421362608605,one shared preloaded model
conv-50-qa-198,chalm,2.059036274480533,13.779499990050681,223.86399999959394,239.70253626412517,one shared preloaded model
conv-50-qa-199,chalm,2.059036274480533,14.029500001925044,216.3771000050474,232.465636281453,one shared preloaded model
conv-50-qa-200,chalm,2.059036274480533,12.868499994510785,223.38870000385214,238.31623627284347,one shared preloaded model
conv-50-qa-201,chalm,2.059036274480533,14.138599988655187,380.33689999429043,396.53453625742617,one shared preloaded model
conv-50-qa-202,chalm,2.059036274480533,15.498299995670095,218.45579998625908,236.01313625640972,one shared preloaded model
conv-50-qa-203,chalm,2.059036274480533,13.389100000495091,415.7937999989372,431.2419362739128,one shared preloaded model
