example_id,agent,update_ms,read_ms,generation_ms,end_to_end_ms,model_loading_policy
conv-26-qa-0,chalm,2.3047969849202805,28.486399998655543,601.9092999995337,632.7004969831095,one shared preloaded model
conv-26-qa-1,chalm,2.3047969849202805,16.69200000469573,134.00549999641953,153.00229698603553,one shared preloaded model
conv-26-qa-2,chalm,2.3047969849202805,15.91770000231918,159.2153000019607,177.43779698920017,one shared preloaded model
conv-26-qa-3,chalm,2.3047969849202805,19.416800001636147,189.35710000369,211.0786969902464,one shared preloaded model
conv-26-qa-4,chalm,2.3047969849202805,14.46389999910025,368.1240000005346,384.89269698455513,one shared preloaded model
conv-26-qa-5,chalm,2.3047969849202805,17.656099997111596,512.2900999995181,532.25099698155,one shared preloaded model
conv-26-qa-6,chalm,2.3047969849202805,16.330899998138193,134.32629999442725,152.9619969774857,one shared preloaded model
conv-26-qa-7,chalm,2.3047969849202805,19.390200002817437,186.2715000024764,207.9664969902141,one shared preloaded model
conv-26-qa-8,chalm,2.3047969849202805,19.632999996247236,186.90229999629082,208.84009697745833,one shared preloaded model
conv-26-qa-9,chalm,2.3047969849202805,20.388099997944664,466.756500005431,489.449396988296,one shared preloaded model
conv-26-qa-10,chalm,2.3047969849202805,16.46710000204621,123.01149999984773,141.7833969868142,one shared preloaded model
conv-26-qa-11,chalm,2.3047969849202805,19.521299996995367,151.45589999883668,173.28199698075233,one shared preloaded model
conv-26-qa-12,chalm,2.3047969849202805,19.558100000722334,214.07819999876665,235.94109698440926,one shared preloaded model
conv-26-qa-13,chalm,2.3047969849202805,12.499000004027039,185.05569999979343,199.85949698874074,one shared preloaded model
conv-26-qa-14,chalm,2.3047969849202805,20.59509999526199,199.79730000341078,222.69719698359305,one shared preloaded model
conv-26-qa-15,chalm,2.3047969849202805,15.78969999536639,173.77829999895766,191.87279697924433,one shared preloaded model
conv-26-qa-16,chalm,2.3047969849202805,18.89350000419654,494.3435999957728,515.5418969848896,one shared preloaded model
conv-26-qa-17,chalm,2.3047969849202805,14.47329999791691,134.58949999767356,151.36759698051074,one shared preloaded model
conv-26-qa-18,chalm,2.3047969849202805,19.337999998242594,191.1197000008542,212.76249698401708,one shared preloaded model
conv-26-qa-19,chalm,2.3047969849202805,19.110199995338917,305.08959999860963,326.50459697886885,one shared preloaded model
conv-26-qa-20,chalm,2.3047969849202805,13.226299997768365,465.3954999957932,480.9265969784819,one shared preloaded model
conv-26-qa-21,chalm,2.3047969849202805,16.17870000336552,477.4306000035722,495.914096991858,one shared preloaded model
conv-26-qa-22,chalm,2.3047969849202805,16.768400004366413,205.2791999958572,224.35239698514388,one shared preloaded model
conv-26-qa-23,chalm,2.3047969849202805,12.680499996349681,350.52259999793023,365.5078969792002,one shared preloaded model
conv-26-qa-24,chalm,2.3047969849202805,16.380900000513066,168.76369999954477,187.4493969849781,one shared preloaded model
conv-26-qa-25,chalm,2.3047969849202805,19.553300000552554,501.0288000048604,522.8868969903332,one shared preloaded model
conv-26-qa-26,chalm,2.3047969849202805,16.779900004621595,194.66140000440646,213.74609699394833,one shared preloaded model
conv-26-qa-27,chalm,2.3047969849202805,15.261499996995553,209.7899000000325,227.35619698194833,one shared preloaded model
conv-26-qa-28,chalm,2.3047969849202805,15.900099999271333,162.09910000179661,180.30399698598822,one shared preloaded model
conv-26-qa-29,chalm,2.3047969849202805,19.62929999717744,322.62679999985266,344.5608969819504,one shared preloaded model
conv-26-qa-30,chalm,2.3047969849202805,12.495800001488533,182.4075000040466,197.2080969904554,one shared preloaded model
conv-26-qa-31,chalm,2.3047969849202805,19.45010000054026,543.0438999974285,564.798796982889,one shared preloaded model
conv-26-qa-32,chalm,2.3047969849202805,16.74520000233315,438.92549999873154,457.975496985985,one shared preloaded model
conv-26-qa-33,chalm,2.3047969849202805,16.370600002119318,237.7307999995537,256.40619698659333,one shared preloaded model
conv-26-qa-34,chalm,2.3047969849202805,13.399700001173187,418.74210000241874,434.4465969885122,one shared preloaded model
conv-26-qa-35,chalm,2.3047969849202805,16.865599995071534,335.5766000022413,354.74699698223316,one shared preloaded model
conv-26-qa-36,chalm,2.3047969849202805,17.44459999463288,520.5104000051506,540.2597969847037,one shared preloaded model
conv-26-qa-37,chalm,2.3047969849202805,16.465200002130587,239.26719999872148,258.03719698577237,one shared preloaded model
conv-26-qa-38,chalm,2.3047969849202805,13.186600001063198,267.6034000032814,283.0947969892649,one shared preloaded model
conv-26-qa-39,chalm,2.3047969849202805,16.212399998039473,664.1460000028019,682.6631969857616,one shared preloaded model
conv-26-qa-40,chalm,2.3047969849202805,12.599800000316463,100.74119999626419,115.64579698150092,one shared preloaded model
conv-26-qa-41,chalm,2.3047969849202805,19.2421000028844,492.44159999943804,513.9884969872427,one shared preloaded model
conv-26-qa-42,chalm,2.3047969849202805,13.419100003375206,150.29209999920567,166.01599698750115,one shared preloaded model
conv-26-qa-43,chalm,2.3047969849202805,19.126600003801286,205.71420000487706,227.14559699359862,one shared preloaded model
conv-26-qa-44,chalm,2.3047969849202805,14.566300000296906,335.83879999787314,352.70989698309035,one shared preloaded model
conv-26-qa-45,chalm,2.3047969849202805,12.768699998559896,236.70549999951618,251.77899698299635,one shared preloaded model
conv-26-qa-46,chalm,2.3047969849202805,12.886900003650226,128.80020000011427,143.99189698868477,one shared preloaded model
conv-26-qa-47,chalm,2.3047969849202805,19.562000001315027,381.88320000335807,403.7499969895934,one shared preloaded model
conv-26-qa-48,chalm,2.3047969849202805,16.696599996066652,315.7857000041986,334.78709698518554,one shared preloaded model
conv-26-qa-49,chalm,2.3047969849202805,16.978600004222244,345.80400000413647,365.087396993279,one shared preloaded model
conv-26-qa-50,chalm,2.3047969849202805,12.607399999978952,213.9820000011241,228.89419698602333,one shared preloaded model
conv-26-qa-51,chalm,2.3047969849202805,12.684799999988172,198.02399999753106,213.0135969824395,one shared preloaded model
conv-26-qa-52,chalm,2.3047969849202805,13.180900001316331,217.00269999564625,232.48839698188286,one shared preloaded model
conv-26-qa-53,chalm,2.3047969849202805,15.931200003251433,505.5642999941483,523.80029698232,one shared preloaded model
conv-26-qa-54,chalm,2.3047969849202805,12.9467000006116,503.3915999956662,518.643096981198,one shared preloaded model
conv-26-qa-55,chalm,2.3047969849202805,13.737099994614255,221.80310000112513,237.84499698065966,one shared preloaded model
conv-26-qa-56,chalm,2.3047969849202805,13.37729999795556,245.3871999969124,261.06929697978825,one shared preloaded model
conv-26-qa-57,chalm,2.3047969849202805,12.357399995380547,509.7624999980326,524.4246969783334,one shared preloaded model
conv-26-qa-58,chalm,2.3047969849202805,16.850599997269455,109.23159999947529,128.38699698166502,one shared preloaded model
conv-26-qa-59,chalm,2.3047969849202805,19.125300001178402,207.4584000001778,228.88849698627646,one shared preloaded model
conv-26-qa-60,chalm,2.3047969849202805,13.185799994971603,164.12929999933112,179.619896979223,one shared preloaded model
conv-26-qa-61,chalm,2.3047969849202805,19.63160000013886,138.94299999810755,160.87939698316669,one shared preloaded model
conv-26-qa-62,chalm,2.3047969849202805,19.4986999995308,508.9349999980186,530.7384969824697,one shared preloaded model
conv-26-qa-63,chalm,2.3047969849202805,13.468500001181383,161.97610000381246,177.74939698991412,one shared preloaded model
conv-26-qa-64,chalm,2.3047969849202805,14.535999995132443,193.1765000044834,210.0172969845361,one shared preloaded model
conv-26-qa-65,chalm,2.3047969849202805,16.935400002694223,200.63439999648836,219.87459698410285,one shared preloaded model
conv-26-qa-66,chalm,2.3047969849202805,13.707299993257038,185.08769999607466,201.09979697425197,one shared preloaded model
conv-26-qa-67,chalm,2.3047969849202805,19.154200002958532,543.2868999996572,564.745896987536,one shared preloaded model
conv-26-qa-68,chalm,2.3047969849202805,13.188099997933023,351.4509000015096,366.9437969843629,one shared preloaded model
conv-26-qa-69,chalm,2.3047969849202805,16.492000002472196,262.0476000010967,280.8443969884892,one shared preloaded model
conv-26-qa-70,chalm,2.3047969849202805,16.01430000300752,235.24360000010347,253.56269698803126,one shared preloaded model
conv-26-qa-71,chalm,2.3047969849202805,12.303499999688938,203.4194000007119,218.0276969853211,one shared preloaded model
conv-26-qa-72,chalm,2.3047969849202805,14.03310000023339,209.13100000325358,225.46889698840724,one shared preloaded model
conv-26-qa-73,chalm,2.3047969849202805,13.49159999517724,186.96420000196667,202.7605969820642,one shared preloaded model
conv-26-qa-74,chalm,2.3047969849202805,19.064100000832696,512.0075999948313,533.3764969805842,one shared preloaded model
conv-26-qa-75,chalm,2.3047969849202805,12.482899997849017,129.53790000028675,144.32559698305604,one shared preloaded model
conv-26-qa-76,chalm,2.3047969849202805,18.849400003091432,503.4728000027826,524.6269969907943,one shared preloaded model
conv-26-qa-77,chalm,2.3047969849202805,15.935199997329619,165.78329999902053,184.02329698127042,one shared preloaded model
conv-26-qa-78,chalm,2.3047969849202805,19.04699999431614,190.94939999922644,212.30119697846285,one shared preloaded model
conv-26-qa-79,chalm,2.3047969849202805,19.290900003397837,479.61539999960223,501.21109698792037,one shared preloaded model
conv-26-qa-80,chalm,2.3047969849202805,15.867800000705756,517.3738999947091,535.5464969803351,one shared preloaded model
conv-26-qa-81,chalm,2.3047969849202805,13.811099997838028,167.65200000372715,183.76789698648545,one shared preloaded model
conv-26-qa-82,chalm,2.3047969849202805,19.194100001186598,175.5780000021332,197.07689698824007,one shared preloaded model
conv-26-qa-83,chalm,2.3047969849202805,14.439200000197161,217.56099999765866,234.3049969827761,one shared preloaded model
conv-26-qa-84,chalm,2.3047969849202805,13.455400003294926,221.25590000359807,237.01609699181327,one shared preloaded model
conv-26-qa-85,chalm,2.3047969849202805,12.13619999907678,795.8444000032614,810.2853969872584,one shared preloaded model
conv-26-qa-86,chalm,2.3047969849202805,13.161399998352863,222.43660000094678,237.90279698421992,one shared preloaded model
conv-26-qa-87,chalm,2.3047969849202805,14.775100004044361,252.7461999998195,269.8260969887842,one shared preloaded model
conv-26-qa-88,chalm,2.3047969849202805,13.560400002461392,271.5628000005381,287.4279969879198,one shared preloaded model
conv-26-qa-89,chalm,2.3047969849202805,15.74840000102995,329.6827000012854,347.73589698723566,one shared preloaded model
conv-26-qa-90,chalm,2.3047969849202805,12.589699996169657,163.7193999995361,178.61389698062604,one shared preloaded model
conv-26-qa-91,chalm,2.3047969849202805,17.00919999711914,256.7873000007239,276.10129698276336,one shared preloaded model
conv-26-qa-92,chalm,2.3047969849202805,11.86020000022836,93.9933999979985,108.15839698314713,one shared preloaded model
conv-26-qa-93,chalm,2.3047969849202805,18.823900005372707,399.68880000378704,420.81749699408005,one shared preloaded model
conv-26-qa-94,chalm,2.3047969849202805,11.82199999311706,219.85660000063945,233.98339697867678,one shared preloaded model
conv-26-qa-95,chalm,2.3047969849202805,14.0867999944021,324.15210000181105,340.54369698113345,one shared preloaded model
conv-26-qa-96,chalm,2.3047969849202805,16.08670000132406,242.28909999510506,260.6805969813494,one shared preloaded model
conv-26-qa-97,chalm,2.3047969849202805,11.97880000108853,196.1793000009493,210.4628969869581,one shared preloaded model
conv-26-qa-98,chalm,2.3047969849202805,15.330299997003749,410.66119999595685,428.2962969778809,one shared preloaded model
conv-26-qa-99,chalm,2.3047969849202805,15.577400001347996,380.3379999953904,398.2201969816587,one shared preloaded model
conv-26-qa-100,chalm,2.3047969849202805,16.032100000302307,233.8409000003594,252.17779698558198,one shared preloaded model
conv-26-qa-101,chalm,2.3047969849202805,13.149299993528984,179.98209999495884,195.4361969734081,one shared preloaded model
conv-26-qa-102,chalm,2.3047969849202805,19.30490000086138,473.466900002677,495.0765969884587,one shared preloaded model
conv-26-qa-103,chalm,2.3047969849202805,16.18869999947492,253.6605999994208,272.15409698381603,one shared preloaded model
conv-26-qa-104,chalm,2.3047969849202805,12.800700002117082,229.64549999596784,244.7509969830052,one shared preloaded model
conv-26-qa-105,chalm,2.3047969849202805,16.317900001013186,538.3608000047388,556.9834969906723,one shared preloaded model
conv-26-qa-106,chalm,2.3047969849202805,15.679399999498855,214.72029999858933,232.70449698300845,one shared preloaded model
conv-26-qa-107,chalm,2.3047969849202805,12.011599996185396,212.2562000004109,226.57259698151657,one shared preloaded model
conv-26-qa-108,chalm,2.3047969849202805,12.722500003292225,148.89340000081575,163.92069698902824,one shared preloaded model
conv-26-qa-109,chalm,2.3047969849202805,19.613500000559725,217.30379999644356,239.22209698192356,one shared preloaded model
conv-26-qa-110,chalm,2.3047969849202805,12.722800005576573,297.9895000025863,313.01709699308316,one shared preloaded model
conv-26-qa-111,chalm,2.3047969849202805,15.631900001608301,256.6471000027377,274.5837969892663,one shared preloaded model
conv-26-qa-112,chalm,2.3047969849202805,13.401999996858649,357.1901000032085,372.89689698498745,one shared preloaded model
conv-26-qa-113,chalm,2.3047969849202805,15.455900000233669,387.26060000044527,405.02129698559924,one shared preloaded model
conv-26-qa-114,chalm,2.3047969849202805,12.407800000801217,243.30589999590302,258.01849698162454,one shared preloaded model
conv-26-qa-115,chalm,2.3047969849202805,11.994100001174957,465.30429999984335,479.6031969859386,one shared preloaded model
conv-26-qa-116,chalm,2.3047969849202805,15.624400002707262,325.78559999819845,343.714796985826,one shared preloaded model
conv-26-qa-117,chalm,2.3047969849202805,16.82769999752054,243.56819999957224,262.7006969820131,one shared preloaded model
conv-26-qa-118,chalm,2.3047969849202805,13.065300001471769,431.77750000177184,447.1475969881639,one shared preloaded model
conv-26-qa-119,chalm,2.3047969849202805,12.603700000909157,853.4673999965889,868.3758969824183,one shared preloaded model
conv-26-qa-120,chalm,2.3047969849202805,13.134499997249804,203.66310000099475,219.10239698316482,one shared preloaded model
conv-26-qa-121,chalm,2.3047969849202805,12.301399998250417,175.28790000505978,189.89409698823047,one shared preloaded model
conv-26-qa-122,chalm,2.3047969849202805,20.14000000053784,397.67039999424014,420.1151969796983,one shared preloaded model
conv-26-qa-123,chalm,2.3047969849202805,15.455000000656582,143.7237999998615,161.48359698543837,one shared preloaded model
conv-26-qa-124,chalm,2.3047969849202805,18.468900001607835,184.28639999910956,205.06009698563767,one shared preloaded model
conv-26-qa-125,chalm,2.3047969849202805,14.029199999640696,386.60320000053616,402.93719698509716,one shared preloaded model
conv-26-qa-126,chalm,2.3047969849202805,12.219699994602706,182.84660000063013,197.3710969801531,one shared preloaded model
conv-26-qa-127,chalm,2.3047969849202805,18.911700004537124,158.1235000048764,179.3399969943338,one shared preloaded model
conv-26-qa-128,chalm,2.3047969849202805,18.793700000969693,203.50120000512106,224.59969699101103,one shared preloaded model
conv-26-qa-129,chalm,2.3047969849202805,15.572500000416767,314.7153999962029,332.59269698154,one shared preloaded model
conv-26-qa-130,chalm,2.3047969849202805,15.530199998465832,232.7715999999782,250.6065969833643,one shared preloaded model
conv-26-qa-131,chalm,2.3047969849202805,13.731999999436084,304.9985000034212,321.0352969877776,one shared preloaded model
conv-26-qa-132,chalm,2.3047969849202805,13.385999998718034,343.0547999960254,358.74559697966373,one shared preloaded model
conv-26-qa-133,chalm,2.3047969849202805,16.31420000194339,377.29119999858085,395.91019698544454,one shared preloaded model
conv-26-qa-134,chalm,2.3047969849202805,16.470900001877453,201.15449999866541,219.93019698546314,one shared preloaded model
conv-26-qa-135,chalm,2.3047969849202805,13.075200004095677,187.2972999990452,202.67729698806116,one shared preloaded model
conv-26-qa-136,chalm,2.3047969849202805,17.75690000067698,170.2618000053917,190.32349699098896,one shared preloaded model
conv-26-qa-137,chalm,2.3047969849202805,19.393800001125783,252.53949999751057,274.23809698355666,one shared preloaded model
conv-26-qa-138,chalm,2.3047969849202805,12.335899999015965,267.7391999968677,282.37989698080395,one shared preloaded model
conv-26-qa-139,chalm,2.3047969849202805,12.488600004871842,375.9457999985898,390.73919698838193,one shared preloaded model
conv-26-qa-140,chalm,2.3047969849202805,15.789999997650739,199.79009999951813,217.88489698208915,one shared preloaded model
conv-26-qa-141,chalm,2.3047969849202805,12.013300001854077,292.77749999891967,307.09559698569404,one shared preloaded model
conv-26-qa-142,chalm,2.3047969849202805,16.807599997264333,397.4327000032645,416.5450969854491,one shared preloaded model
conv-26-qa-143,chalm,2.3047969849202805,16.80839999607997,263.0303999976604,282.1435969786607,one shared preloaded model
conv-26-qa-144,chalm,2.3047969849202805,13.243900000816211,294.05019999830984,309.59889698404635,one shared preloaded model
conv-26-qa-145,chalm,2.3047969849202805,12.592500002938323,153.93239999684738,168.82969698470598,one shared preloaded model
conv-26-qa-146,chalm,2.3047969849202805,19.1869999980554,278.0477999986033,299.539596981579,one shared preloaded model
conv-26-qa-147,chalm,2.3047969849202805,13.081199998850934,134.67089999903692,150.05689698280813,one shared preloaded model
conv-26-qa-148,chalm,2.3047969849202805,19.429400002991315,348.113200001535,369.8473969894466,one shared preloaded model
conv-26-qa-149,chalm,2.3047969849202805,12.507399995229207,186.09649999416433,200.9086969743138,one shared preloaded model
conv-26-qa-150,chalm,2.3047969849202805,19.371900001715403,429.30840000190074,450.98509698853644,one shared preloaded model
conv-26-qa-151,chalm,2.3047969849202805,16.12560000648955,514.3329999991693,532.763396990579,one shared preloaded model
conv-26-qa-152,chalm,2.3047969849202805,16.87300000048708,184.512599997106,203.69039698251336,one shared preloaded model
conv-26-qa-153,chalm,2.3047969849202805,19.491999999445397,338.98429999680957,360.78109698117527,one shared preloaded model
conv-26-qa-154,chalm,2.3047969849202805,16.56599999842001,248.06640000315383,266.93719698649414,one shared preloaded model
conv-26-qa-155,chalm,2.3047969849202805,16.044799995142967,273.94839999760734,292.2979969776706,one shared preloaded model
conv-26-qa-156,chalm,2.3047969849202805,14.79240000480786,144.60430000326596,161.7014969929941,one shared preloaded model
conv-26-qa-157,chalm,2.3047969849202805,15.762899995024782,237.4307999998564,255.49849697980144,one shared preloaded model
conv-26-qa-158,chalm,2.3047969849202805,15.965099999448285,90.46349999698577,108.73339698135433,one shared preloaded model
conv-26-qa-159,chalm,2.3047969849202805,19.045000000915024,144.11010000185343,165.45989698768872,one shared preloaded model
conv-26-qa-160,chalm,2.3047969849202805,19.066300003032666,155.15259999665432,176.52369698460726,one shared preloaded model
conv-26-qa-161,chalm,2.3047969849202805,18.907199999375734,267.40009999775793,288.61209698205397,one shared preloaded model
conv-26-qa-162,chalm,2.3047969849202805,12.974100005521905,368.93370000325376,384.21259699369597,one shared preloaded model
conv-26-qa-163,chalm,2.3047969849202805,16.394700003729668,188.98600000102306,207.685496989673,one shared preloaded model
conv-26-qa-164,chalm,2.3047969849202805,19.327499998325948,149.55489999556448,171.1871969788107,one shared preloaded model
conv-26-qa-165,chalm,2.3047969849202805,18.812599999364465,207.22530000057304,228.34269698485778,one shared preloaded model
conv-26-qa-166,chalm,2.3047969849202805,12.78699999966193,206.64920000126585,221.74099698584806,one shared preloaded model
conv-26-qa-167,chalm,2.3047969849202805,14.577000001736451,175.3656000000774,192.24739698673412,one shared preloaded model
conv-26-qa-168,chalm,2.3047969849202805,19.231199999921955,134.19129999965662,155.72729698449885,one shared preloaded model
conv-26-qa-169,chalm,2.3047969849202805,18.82820000173524,286.19350000371924,307.3264969903748,one shared preloaded model
conv-26-qa-170,chalm,2.3047969849202805,14.529899999615736,220.19620000355644,237.03089698809245,one shared preloaded model
conv-26-qa-171,chalm,2.3047969849202805,14.36979999562027,162.5856999962707,179.26029697681125,one shared preloaded model
conv-26-qa-172,chalm,2.3047969849202805,19.056500001170207,151.67949999886332,173.0407969849538,one shared preloaded model
conv-26-qa-173,chalm,2.3047969849202805,14.708999995491467,191.79100000474136,208.8047969851531,one shared preloaded model
conv-26-qa-174,chalm,2.3047969849202805,19.63619999878574,289.28750000341097,311.228496987117,one shared preloaded model
conv-26-qa-175,chalm,2.3047969849202805,16.132000004290603,328.72389999829466,347.16069698750556,one shared preloaded model
conv-26-qa-176,chalm,2.3047969849202805,16.19669999490725,602.9615000006743,621.4629969805018,one shared preloaded model
conv-26-qa-177,chalm,2.3047969849202805,15.650499997718725,189.11829999706242,207.07359697970142,one shared preloaded model
conv-26-qa-178,chalm,2.3047969849202805,14.59699999395525,171.21980000229087,188.1215969811664,one shared preloaded model
conv-26-qa-179,chalm,2.3047969849202805,19.40399999875808,227.17810000176542,248.88689698544377,one shared preloaded model
conv-26-qa-180,chalm,2.3047969849202805,14.457600002060644,159.93589999561664,176.69829698259755,one shared preloaded model
conv-26-qa-181,chalm,2.3047969849202805,19.292799996037502,202.98280000133673,224.5803969822945,one shared preloaded model
conv-26-qa-182,chalm,2.3047969849202805,13.71110000036424,171.37290000391658,187.3887969892011,one shared preloaded model
conv-26-qa-183,chalm,2.3047969849202805,19.25219999975525,303.09119999583345,324.648196980509,one shared preloaded model
conv-26-qa-184,chalm,2.3047969849202805,14.21940000000177,150.49700000236044,167.02119698728248,one shared preloaded model
conv-26-qa-185,chalm,2.3047969849202805,14.14179999846965,149.38380000239704,165.83039698578696,one shared preloaded model
conv-26-qa-186,chalm,2.3047969849202805,19.248999997216742,220.45150000485592,242.00529698699293,one shared preloaded model
conv-26-qa-187,chalm,2.3047969849202805,13.759499997831881,376.5002000000095,392.5644969827617,one shared preloaded model
conv-26-qa-188,chalm,2.3047969849202805,15.411199994559865,196.08449999941513,213.80049697889527,one shared preloaded model
conv-26-qa-189,chalm,2.3047969849202805,14.735600001586135,182.47349999728613,199.51389698379253,one shared preloaded model
conv-26-qa-190,chalm,2.3047969849202805,18.02509999834001,395.6030999979703,415.9329969812306,one shared preloaded model
conv-26-qa-191,chalm,2.3047969849202805,12.304999996558763,266.99449999432545,281.6042969758045,one shared preloaded model
conv-26-qa-192,chalm,2.3047969849202805,12.620699999388307,395.95230000122683,410.87779698553544,one shared preloaded model
conv-26-qa-193,chalm,2.3047969849202805,17.76330000575399,706.883699996979,726.9517969876532,one shared preloaded model
conv-26-qa-194,chalm,2.3047969849202805,14.8678999976255,377.83679999847664,395.00949698102244,one shared preloaded model
conv-26-qa-195,chalm,2.3047969849202805,16.240799996012356,268.91430000250693,287.4598969834396,one shared preloaded model
conv-26-qa-196,chalm,2.3047969849202805,12.510299995483365,169.29710000113118,184.11219698153482,one shared preloaded model
conv-26-qa-197,chalm,2.3047969849202805,19.595600002503488,286.23309999966295,308.13349698708674,one shared preloaded model
conv-26-qa-198,chalm,2.3047969849202805,13.765499999863096,365.45979999937117,381.53009698415457,one shared preloaded model
conv-30-qa-0,chalm,2.4125066666220802,17.441100004361942,494.11720000352943,513.9708066745135,one shared preloaded model
conv-30-qa-1,chalm,2.4125066666220802,14.310300000943244,331.04430000094,347.76710666850533,one shared preloaded model
conv-30-qa-2,chalm,2.4125066666220802,11.091499996837229,770.594000001438,784.0980066648973,one shared preloaded model
conv-30-qa-3,chalm,2.4125066666220802,14.41789999807952,224.43760000169277,241.26800666639437,one shared preloaded model
conv-30-qa-4,chalm,2.4125066666220802,11.095899993961211,353.93479999765987,367.4432066582432,one shared preloaded model
conv-30-qa-5,chalm,2.4125066666220802,14.803899997787084,286.31590000441065,303.53230666881984,one shared preloaded model
conv-30-qa-6,chalm,2.4125066666220802,11.938800002099015,165.06460000528023,179.41590667400132,one shared preloaded model
conv-30-qa-7,chalm,2.4125066666220802,17.47839999734424,509.9880999987363,529.8790066627026,one shared preloaded model
conv-30-qa-8,chalm,2.4125066666220802,12.063800000760239,310.9702000001562,325.44650666753853,one shared preloaded model
conv-30-qa-9,chalm,2.4125066666220802,10.768699998152442,206.60579999821493,219.78700666298946,one shared preloaded model
conv-30-qa-10,chalm,2.4125066666220802,12.328299999353476,491.81680000037886,506.55760666635445,one shared preloaded model
conv-30-qa-11,chalm,2.4125066666220802,14.050599995243829,222.0309000040288,238.49400666589472,one shared preloaded model
conv-30-qa-12,chalm,2.4125066666220802,12.128999995184131,497.7878999998211,512.3294066616273,one shared preloaded model
conv-30-qa-13,chalm,2.4125066666220802,12.821899996197317,506.95660000201315,522.1910066648326,one shared preloaded model
conv-30-qa-14,chalm,2.4125066666220802,14.510200002405327,477.76449999946635,494.6872066684938,one shared preloaded model
conv-30-qa-15,chalm,2.4125066666220802,11.395499997888692,506.6073999987566,520.4154066632674,one shared preloaded model
conv-30-qa-16,chalm,2.4125066666220802,14.843900004052557,202.49289999628672,219.74930666696136,one shared preloaded model
conv-30-qa-17,chalm,2.4125066666220802,10.878300003241748,277.96659999876283,291.2574066686267,one shared preloaded model
conv-30-qa-18,chalm,2.4125066666220802,12.491100002080202,168.36740000144346,183.27100667014574,one shared preloaded model
conv-30-qa-19,chalm,2.4125066666220802,17.286399997828994,515.9179999973276,535.6169066617787,one shared preloaded model
conv-30-qa-20,chalm,2.4125066666220802,11.50690000213217,487.28660000051605,501.2060066692703,one shared preloaded model
conv-30-qa-21,chalm,2.4125066666220802,14.466199994785711,514.1609999991488,531.0397066605566,one shared preloaded model
conv-30-qa-22,chalm,2.4125066666220802,11.318199998640921,513.9757999932044,527.7065066584674,one shared preloaded model
conv-30-qa-23,chalm,2.4125066666220802,14.551400003256276,234.30519999965327,251.26910666953162,one shared preloaded model
conv-30-qa-24,chalm,2.4125066666220802,12.00059999973746,177.55409999517724,191.96720666153678,one shared preloaded model
conv-30-qa-25,chalm,2.4125066666220802,17.47350000368897,162.9998999997042,182.88590667001526,one shared preloaded model
conv-30-qa-26,chalm,2.4125066666220802,16.22979999956442,498.7859999964712,517.4283066626577,one shared preloaded model
conv-30-qa-27,chalm,2.4125066666220802,11.202600006072316,118.95680000452558,132.57190667721997,one shared preloaded model
conv-30-qa-28,chalm,2.4125066666220802,12.801600001694169,535.0122000018018,550.2263066701181,one shared preloaded model
conv-30-qa-29,chalm,2.4125066666220802,13.791000004857779,179.60309999762103,195.8066066691009,one shared preloaded model
conv-30-qa-30,chalm,2.4125066666220802,10.339300002669916,164.5619999981136,177.3138066674056,one shared preloaded model
conv-30-qa-31,chalm,2.4125066666220802,17.586499998287763,502.80810000549536,522.8071066704052,one shared preloaded model
conv-30-qa-32,chalm,2.4125066666220802,13.963700002932455,331.0014000016963,347.3776066712509,one shared preloaded model
conv-30-qa-33,chalm,2.4125066666220802,13.03850000113016,339.9155000006431,355.36650666839535,one shared preloaded model
conv-30-qa-34,chalm,2.4125066666220802,14.712399999552872,529.8526999977184,546.9776066638934,one shared preloaded model
conv-30-qa-35,chalm,2.4125066666220802,14.926399999239948,490.2746000007028,507.61350666656483,one shared preloaded model
conv-30-qa-36,chalm,2.4125066666220802,12.52319999912288,498.45099999947706,513.386706665222,one shared preloaded model
conv-30-qa-37,chalm,2.4125066666220802,11.994200001936406,500.53330000082497,514.9400066693835,one shared preloaded model
conv-30-qa-38,chalm,2.4125066666220802,12.933700003486592,509.94850000279257,525.2947066729013,one shared preloaded model
conv-30-qa-39,chalm,2.4125066666220802,14.009899998200126,167.37700000521727,183.79940667003947,one shared preloaded model
conv-30-qa-40,chalm,2.4125066666220802,13.013199997658376,155.458200002613,170.88390666689347,one shared preloaded model
conv-30-qa-41,chalm,2.4125066666220802,17.041999999491964,827.6044000012917,847.0589066674057,one shared preloaded model
conv-30-qa-42,chalm,2.4125066666220802,14.91119999991497,196.31099999969592,213.63470666623297,one shared preloaded model
conv-30-qa-43,chalm,2.4125066666220802,12.683900000411086,138.54859999992186,153.64500666695503,one shared preloaded model
conv-30-qa-44,chalm,2.4125066666220802,10.493300003872719,198.31049999629613,211.21630666679093,one shared preloaded model
conv-30-qa-45,chalm,2.4125066666220802,12.1796000021277,124.91099999897415,139.50310666772393,one shared preloaded model
conv-30-qa-46,chalm,2.4125066666220802,17.92869999917457,214.5325999954366,234.87380666123326,one shared preloaded model
conv-30-qa-47,chalm,2.4125066666220802,13.61009999527596,169.22239999985322,185.24500666175126,one shared preloaded model
conv-30-qa-48,chalm,2.4125066666220802,17.05049999873154,209.03959999850485,228.50260666385847,one shared preloaded model
conv-30-qa-49,chalm,2.4125066666220802,10.9872999964864,219.9964000028558,233.39620666596429,one shared preloaded model
conv-30-qa-50,chalm,2.4125066666220802,12.183500002720393,209.74120000028051,224.337206669623,one shared preloaded model
conv-30-qa-51,chalm,2.4125066666220802,12.296900000364985,1429.165200002899,1443.874606669886,one shared preloaded model
conv-30-qa-52,chalm,2.4125066666220802,14.217500000086147,549.1455000010319,565.7755066677402,one shared preloaded model
conv-30-qa-53,chalm,2.4125066666220802,13.756899999862071,472.8065000017523,488.97590666823646,one shared preloaded model
conv-30-qa-54,chalm,2.4125066666220802,13.777000000118278,271.8773000015062,288.0668066682466,one shared preloaded model
conv-30-qa-55,chalm,2.4125066666220802,12.033599996357225,334.0351000006194,348.48120666359875,one shared preloaded model
conv-30-qa-56,chalm,2.4125066666220802,14.919599998393096,136.92089999676682,154.253006661782,one shared preloaded model
conv-30-qa-57,chalm,2.4125066666220802,17.404400001396425,528.6957999996957,548.5127066677143,one shared preloaded model
conv-30-qa-58,chalm,2.4125066666220802,14.367300005687866,186.91389999730745,203.6937066696174,one shared preloaded model
conv-30-qa-59,chalm,2.4125066666220802,17.092599999159575,431.8254000027082,451.3305066684899,one shared preloaded model
conv-30-qa-60,chalm,2.4125066666220802,14.651800003775861,89.9379999973462,107.00230666774414,one shared preloaded model
conv-30-qa-61,chalm,2.4125066666220802,12.384100002236664,150.36439999676077,165.1610066656195,one shared preloaded model
conv-30-qa-62,chalm,2.4125066666220802,17.047199995431583,298.063700000057,317.5234066621107,one shared preloaded model
conv-30-qa-63,chalm,2.4125066666220802,11.711699997249525,134.82729999668663,148.95150666055824,one shared preloaded model
conv-30-qa-64,chalm,2.4125066666220802,17.474699998274446,497.86519999906886,517.7524066639654,one shared preloaded model
conv-30-qa-65,chalm,2.4125066666220802,11.071799999626819,178.60510000173235,192.08940666798125,one shared preloaded model
conv-30-qa-66,chalm,2.4125066666220802,17.739299997629132,285.30559999489924,305.4574066591505,one shared preloaded model
conv-30-qa-67,chalm,2.4125066666220802,14.808499996433966,333.27060000010533,350.4916066631614,one shared preloaded model
conv-30-qa-68,chalm,2.4125066666220802,13.81789999868488,208.10169999458594,224.3321066598929,one shared preloaded model
conv-30-qa-69,chalm,2.4125066666220802,13.823299996147398,226.03779999917606,242.27360666194554,one shared preloaded model
conv-30-qa-70,chalm,2.4125066666220802,14.193200004228856,172.1636000002036,188.76930667105452,one shared preloaded model
conv-30-qa-71,chalm,2.4125066666220802,17.873400000098627,260.5085000031977,280.79440666991843,one shared preloaded model
conv-30-qa-72,chalm,2.4125066666220802,10.990399998263456,143.6704000007012,157.07330666558673,one shared preloaded model
conv-30-qa-73,chalm,2.4125066666220802,11.491100005514454,160.7919000016409,174.69550667377743,one shared preloaded model
conv-30-qa-74,chalm,2.4125066666220802,18.0709000051138,386.1929999984568,406.6764066701927,one shared preloaded model
conv-30-qa-75,chalm,2.4125066666220802,12.230100001033861,332.47950000077253,347.1221066684285,one shared preloaded model
conv-30-qa-76,chalm,2.4125066666220802,14.049400000658352,205.82970000396017,222.2916066712406,one shared preloaded model
conv-30-qa-77,chalm,2.4125066666220802,12.12649999797577,155.39609999541426,169.9351066600121,one shared preloaded model
conv-30-qa-78,chalm,2.4125066666220802,17.427099999622442,418.4005999995861,438.24020666583067,one shared preloaded model
conv-30-qa-79,chalm,2.4125066666220802,14.46330000180751,122.88039999839384,139.75620666682343,one shared preloaded model
conv-30-qa-80,chalm,2.4125066666220802,17.71269999881042,392.10089999687625,412.2261066623088,one shared preloaded model
conv-30-qa-81,chalm,2.4125066666220802,14.33480000559939,335.2850000010221,352.0323066732436,one shared preloaded model
conv-30-qa-82,chalm,2.4125066666220802,14.32349999959115,196.63929999660468,213.3753066628179,one shared preloaded model
conv-30-qa-83,chalm,2.4125066666220802,14.665400005469564,451.70320000033826,468.7811066724299,one shared preloaded model
conv-30-qa-84,chalm,2.4125066666220802,14.638699998613447,235.6380999990506,252.68930666428614,one shared preloaded model
conv-30-qa-85,chalm,2.4125066666220802,10.758999997051433,205.91080000303918,219.0823066667127,one shared preloaded model
conv-30-qa-86,chalm,2.4125066666220802,11.004899999534246,198.02049999998417,211.4379066661405,one shared preloaded model
conv-30-qa-87,chalm,2.4125066666220802,12.203300000692252,208.7247000017669,223.34050666908124,one shared preloaded model
conv-30-qa-88,chalm,2.4125066666220802,12.607399999978952,299.1785999984131,314.1985066650142,one shared preloaded model
conv-30-qa-89,chalm,2.4125066666220802,11.310000001685694,257.16860000102315,270.89110666933095,one shared preloaded model
conv-30-qa-90,chalm,2.4125066666220802,14.912699996784795,202.15800000005402,219.4832066634609,one shared preloaded model
conv-30-qa-91,chalm,2.4125066666220802,11.282600004051346,242.06690000573872,255.76200667641214,one shared preloaded model
conv-30-qa-92,chalm,2.4125066666220802,10.76939999620663,336.01400000043213,349.19590666326087,one shared preloaded model
conv-30-qa-93,chalm,2.4125066666220802,14.795700000831857,178.89699999795994,196.10520666541387,one shared preloaded model
conv-30-qa-94,chalm,2.4125066666220802,17.584399996849243,1612.29319999984,1632.2901066633112,one shared preloaded model
conv-30-qa-95,chalm,2.4125066666220802,11.311899994325358,161.94669999822509,175.67110665917252,one shared preloaded model
conv-30-qa-96,chalm,2.4125066666220802,17.97729999816511,174.01749999407912,194.4073066588663,one shared preloaded model
conv-30-qa-97,chalm,2.4125066666220802,17.257300001801923,209.31500000006054,228.98480666848454,one shared preloaded model
conv-30-qa-98,chalm,2.4125066666220802,11.614600000029895,131.49320000229636,145.52030666894834,one shared preloaded model
conv-30-qa-99,chalm,2.4125066666220802,17.41329999640584,196.63290000607958,216.4587066691075,one shared preloaded model
conv-30-qa-100,chalm,2.4125066666220802,12.71890000498388,468.17350000492297,483.30490667652896,one shared preloaded model
conv-30-qa-101,chalm,2.4125066666220802,14.301199997134972,184.86149999807822,201.57520666183527,one shared preloaded model
conv-30-qa-102,chalm,2.4125066666220802,10.675700003048405,146.5632999970694,159.6515066667399,one shared preloaded model
conv-30-qa-103,chalm,2.4125066666220802,17.147400001704227,260.58000000193715,280.1399066702635,one shared preloaded model
conv-30-qa-104,chalm,2.4125066666220802,13.644700004078913,548.314500003471,564.3717066741721,one shared preloaded model
conv-41-qa-0,chalm,2.7947471502500614,21.381500002462417,98.18449999875156,122.36074715146404,one shared preloaded model
conv-41-qa-1,chalm,2.7947471502500614,20.53419999720063,512.4218999990262,535.7508471464769,one shared preloaded model
conv-41-qa-2,chalm,2.7947471502500614,17.535999999381602,237.80290000286186,258.1336471524935,one shared preloaded model
conv-41-qa-3,chalm,2.7947471502500614,13.933299997006543,287.2925999981817,304.02064714543826,one shared preloaded model
conv-41-qa-4,chalm,2.7947471502500614,16.697700004442595,474.09540000080597,493.5878471554986,one shared preloaded model
conv-41-qa-5,chalm,2.7947471502500614,17.791400001442526,155.86450000409968,176.45064715579227,one shared preloaded model
conv-41-qa-6,chalm,2.7947471502500614,20.740899999509566,112.88339999737218,136.4190471471318,one shared preloaded model
conv-41-qa-7,chalm,2.7947471502500614,21.00369999971008,168.55629999918165,192.3547471491418,one shared preloaded model
conv-41-qa-8,chalm,2.7947471502500614,20.685499999672174,164.15039999992587,187.6306471498481,one shared preloaded model
conv-41-qa-9,chalm,2.7947471502500614,22.129799996037036,126.70300000172574,151.62754714801284,one shared preloaded model
conv-41-qa-10,chalm,2.7947471502500614,20.925299999362323,490.84740000398597,514.5674471535983,one shared preloaded model
conv-41-qa-11,chalm,2.7947471502500614,14.397899998584762,103.045399999246,120.23804714808082,one shared preloaded model
conv-41-qa-12,chalm,2.7947471502500614,20.86070000223117,206.79589999781456,230.4513471502958,one shared preloaded model
conv-41-qa-13,chalm,2.7947471502500614,14.384400004928466,281.55620000325143,298.73534715842993,one shared preloaded model
conv-41-qa-14,chalm,2.7947471502500614,18.546499995863996,191.35410000308184,212.6953471491959,one shared preloaded model
conv-41-qa-15,chalm,2.7947471502500614,20.242099999450147,1008.0302000060328,1031.067047155733,one shared preloaded model
conv-41-qa-16,chalm,2.7947471502500614,18.694599995797034,474.64510000281734,496.1344471488644,one shared preloaded model
conv-41-qa-17,chalm,2.7947471502500614,13.420100003713742,145.1729999971576,161.3878471511214,one shared preloaded model
conv-41-qa-18,chalm,2.7947471502500614,20.718699997814838,153.33250000549015,176.84594715355504,one shared preloaded model
conv-41-qa-19,chalm,2.7947471502500614,21.773699998448137,144.32259999739472,168.89104714609292,one shared preloaded model
conv-41-qa-20,chalm,2.7947471502500614,21.825000003445894,493.6935000005178,518.3132471542137,one shared preloaded model
conv-41-qa-21,chalm,2.7947471502500614,14.335100000607781,158.34479999466566,175.4746471455235,one shared preloaded model
conv-41-qa-22,chalm,2.7947471502500614,20.784300002560485,511.1271999994642,534.7062471522747,one shared preloaded model
conv-41-qa-23,chalm,2.7947471502500614,18.458999998983927,210.6798999957391,231.9336471449731,one shared preloaded model
conv-41-qa-24,chalm,2.7947471502500614,16.894200001843274,484.90579999634065,504.59474714843395,one shared preloaded model
conv-41-qa-25,chalm,2.7947471502500614,13.181599999370519,189.27619999885792,205.2525471484785,one shared preloaded model
conv-41-qa-26,chalm,2.7947471502500614,21.783199998026248,628.0107999991742,652.5887471474505,one shared preloaded model
conv-41-qa-27,chalm,2.7947471502500614,13.510499993572012,167.68429999501677,183.98954713883884,one shared preloaded model
conv-41-qa-28,chalm,2.7947471502500614,16.318599999067374,343.484900004114,362.59824715343143,one shared preloaded model
conv-41-qa-29,chalm,2.7947471502500614,13.392000000749249,198.00759999634465,214.19434714734396,one shared preloaded model
conv-41-qa-30,chalm,2.7947471502500614,15.047000000777189,205.00259999971604,222.8443471507433,one shared preloaded model
conv-41-qa-31,chalm,2.7947471502500614,13.954499998362735,152.28890000435058,169.03814715296338,one shared preloaded model
conv-41-qa-32,chalm,2.7947471502500614,20.574499998474494,202.1960999991279,225.56534714785246,one shared preloaded model
conv-41-qa-33,chalm,2.7947471502500614,16.478599995025434,331.019400000514,350.29274714578946,one shared preloaded model
conv-41-qa-34,chalm,2.7947471502500614,13.594399999419693,495.46090000512777,511.8500471547975,one shared preloaded model
conv-41-qa-35,chalm,2.7947471502500614,17.706500002532266,191.94229999993695,212.44354715271928,one shared preloaded model
conv-41-qa-36,chalm,2.7947471502500614,16.47860000230139,183.9886000016122,203.26194715416366,one shared preloaded model
conv-41-qa-37,chalm,2.7947471502500614,20.470600000408012,220.73039999668254,243.9957471473406,one shared preloaded model
conv-41-qa-38,chalm,2.7947471502500614,14.476600001216866,491.4589999971213,508.7303471485882,one shared preloaded model
conv-41-qa-39,chalm,2.7947471502500614,13.161899994884152,478.9323000004515,494.8889471455857,one shared preloaded model
conv-41-qa-40,chalm,2.7947471502500614,13.64820000162581,196.19629999942845,212.63924715130432,one shared preloaded model
conv-41-qa-41,chalm,2.7947471502500614,14.759300000150688,211.37769999768352,228.93174714808427,one shared preloaded model
conv-41-qa-42,chalm,2.7947471502500614,14.161799997964408,165.73860000062268,182.69514714883715,one shared preloaded model
conv-41-qa-43,chalm,2.7947471502500614,21.072499999718275,480.162100000598,504.0293471505663,one shared preloaded model
conv-41-qa-44,chalm,2.7947471502500614,18.05620000232011,185.14320000394946,205.99414715651963,one shared preloaded model
conv-41-qa-45,chalm,2.7947471502500614,20.984800001315307,195.83630000124685,219.61584715281222,one shared preloaded model
conv-41-qa-46,chalm,2.7947471502500614,14.608499994210433,510.43899999785936,527.8422471423198,one shared preloaded model
conv-41-qa-47,chalm,2.7947471502500614,12.835099994845223,283.34069999982603,298.9705471449213,one shared preloaded model
conv-41-qa-48,chalm,2.7947471502500614,16.843400000652764,493.4047999995528,513.0429471504556,one shared preloaded model
conv-41-qa-49,chalm,2.7947471502500614,12.895499996375293,167.78229999908945,183.4725471457148,one shared preloaded model
conv-41-qa-50,chalm,2.7947471502500614,17.801599999074824,304.17060000036145,324.7669471496863,one shared preloaded model
conv-41-qa-51,chalm,2.7947471502500614,16.118199993798044,498.66439999459544,517.5773471386435,one shared preloaded model
conv-41-qa-52,chalm,2.7947471502500614,17.43700000224635,106.74499999731779,126.9767471498142,one shared preloaded model
conv-41-qa-53,chalm,2.7947471502500614,18.87920000444865,304.1296000010334,325.8035471557321,one shared preloaded model
conv-41-qa-54,chalm,2.7947471502500614,18.045299999357667,456.5904999981285,477.4305471477362,one shared preloaded model
conv-41-qa-55,chalm,2.7947471502500614,18.408099997031968,481.7567999998573,502.9596471471393,one shared preloaded model
conv-41-qa-56,chalm,2.7947471502500614,17.06670000567101,481.0250000009546,500.88644715687565,one shared preloaded model
conv-41-qa-57,chalm,2.7947471502500614,18.20630000293022,361.65329999494134,382.6543471481216,one shared preloaded model
conv-41-qa-58,chalm,2.7947471502500614,16.962399997282773,202.1623000036925,221.91944715122534,one shared preloaded model
conv-41-qa-59,chalm,2.7947471502500614,14.449300004343968,148.2380999950692,165.48214714966323,one shared preloaded model
conv-41-qa-60,chalm,2.7947471502500614,20.893799999612384,139.07779999863124,162.76634714849368,one shared preloaded model
conv-41-qa-61,chalm,2.7947471502500614,12.848099999246188,187.92989999928977,203.57274714878602,one shared preloaded model
conv-41-qa-62,chalm,2.7947471502500614,18.621800001710653,114.2660999976215,135.6826471495822,one shared preloaded model
conv-41-qa-63,chalm,2.7947471502500614,20.98400000249967,97.40530000271974,121.18404715546947,one shared preloaded model
conv-41-qa-64,chalm,2.7947471502500614,21.22389999567531,132.0473999949172,156.06604714084258,one shared preloaded model
conv-41-qa-65,chalm,2.7947471502500614,21.059600003354717,185.2675000045565,209.12184715816127,one shared preloaded model
conv-41-qa-66,chalm,2.7947471502500614,21.634499993524514,494.6443999942858,519.0736471380603,one shared preloaded model
conv-41-qa-67,chalm,2.7947471502500614,18.372799997450784,371.41809999593534,392.58564714363615,one shared preloaded model
conv-41-qa-68,chalm,2.7947471502500614,19.10910000151489,200.0516999978572,221.95554714962216,one shared preloaded model
conv-41-qa-69,chalm,2.7947471502500614,15.507299998716917,159.38650000316557,177.68854715213254,one shared preloaded model
conv-41-qa-70,chalm,2.7947471502500614,22.03909999661846,217.42490000178805,242.25874714865657,one shared preloaded model
conv-41-qa-71,chalm,2.7947471502500614,14.837000002444256,168.083900003694,185.71564715638831,one shared preloaded model
conv-41-qa-72,chalm,2.7947471502500614,22.528499997861218,851.5065000028699,876.8297471509811,one shared preloaded model
conv-41-qa-73,chalm,2.7947471502500614,13.179599998693448,145.48389999981737,161.45824714876088,one shared preloaded model
conv-41-qa-74,chalm,2.7947471502500614,21.969400004309136,306.1500999974669,330.91424715202606,one shared preloaded model
conv-41-qa-75,chalm,2.7947471502500614,13.470600002619904,598.4498000034364,614.7151471563063,one shared preloaded model
conv-41-qa-76,chalm,2.7947471502500614,17.68609999999171,432.03770000400255,452.5185471542443,one shared preloaded model
conv-41-qa-77,chalm,2.7947471502500614,15.059700002893806,211.22810000088066,229.08254715402452,one shared preloaded model
conv-41-qa-78,chalm,2.7947471502500614,13.992599997436628,120.51190000056522,137.2992471482519,one shared preloaded model
conv-41-qa-79,chalm,2.7947471502500614,20.842300000367686,273.322900000494,296.9599471511117,one shared preloaded model
conv-41-qa-80,chalm,2.7947471502500614,13.95570000022417,252.20769999577897,268.95814714625317,one shared preloaded model
conv-41-qa-81,chalm,2.7947471502500614,14.0086000028532,313.5738999990281,330.3772471521313,one shared preloaded model
conv-41-qa-82,chalm,2.7947471502500614,17.741199997544754,179.71050000051036,200.24644714830518,one shared preloaded model
conv-41-qa-83,chalm,2.7947471502500614,20.787599998584483,236.30769999726908,259.8900471461036,one shared preloaded model
conv-41-qa-84,chalm,2.7947471502500614,13.276500001666136,207.70489999995334,223.77614715186954,one shared preloaded model
conv-41-qa-85,chalm,2.7947471502500614,13.44480000261683,154.9723999996786,171.2119471525455,one shared preloaded model
conv-41-qa-86,chalm,2.7947471502500614,20.90009999665199,211.84660000290023,235.54144714980228,one shared preloaded model
conv-41-qa-87,chalm,2.7947471502500614,16.37990000017453,303.50300000282004,322.6776471532446,one shared preloaded model
conv-41-qa-88,chalm,2.7947471502500614,18.02789999783272,237.23639999661827,258.059047144701,one shared preloaded model
conv-41-qa-89,chalm,2.7947471502500614,18.24540000234265,452.16689999506343,473.2070471476561,one shared preloaded model
conv-41-qa-90,chalm,2.7947471502500614,18.32309999736026,186.33409999893047,207.4519471465408,one shared preloaded model
conv-41-qa-91,chalm,2.7947471502500614,22.620700001425575,160.73079999478068,186.14624714645632,one shared preloaded model
conv-41-qa-92,chalm,2.7947471502500614,21.018899999035057,300.3104000017629,324.124047151048,one shared preloaded model
conv-41-qa-93,chalm,2.7947471502500614,19.185600001947023,189.98879999708151,211.9691471492786,one shared preloaded model
conv-41-qa-94,chalm,2.7947471502500614,21.26200000202516,222.7666999970097,246.82344714928493,one shared preloaded model
conv-41-qa-95,chalm,2.7947471502500614,13.121000003593508,444.8975999985123,460.81334715235585,one shared preloaded model
conv-41-qa-96,chalm,2.7947471502500614,18.06429999851389,218.8733000002685,239.73234714903245,one shared preloaded model
conv-41-qa-97,chalm,2.7947471502500614,18.215500000223983,335.95400000194786,356.9642471524219,one shared preloaded model
conv-41-qa-98,chalm,2.7947471502500614,18.30589999735821,221.54579999914858,242.64644714675686,one shared preloaded model
conv-41-qa-99,chalm,2.7947471502500614,13.812299999699462,423.2772000032128,439.8842471531623,one shared preloaded model
conv-41-qa-100,chalm,2.7947471502500614,13.324699997610878,210.31629999924917,226.4357471471101,one shared preloaded model
conv-41-qa-101,chalm,2.7947471502500614,13.552500000514556,192.12030000198865,208.46754715275327,one shared preloaded model
conv-41-qa-102,chalm,2.7947471502500614,21.445099999255035,220.50100000342354,244.74084715292864,one shared preloaded model
conv-41-qa-103,chalm,2.7947471502500614,13.775200000964105,114.7731000019121,131.34304715312626,one shared preloaded model
conv-41-qa-104,chalm,2.7947471502500614,16.02400000410853,208.2343999936711,227.0531471480297,one shared preloaded model
conv-41-qa-105,chalm,2.7947471502500614,14.044000003195833,582.0389000000432,598.8776471534891,one shared preloaded model
conv-41-qa-106,chalm,2.7947471502500614,18.456699996022508,220.00360000674846,241.25504715302102,one shared preloaded model
conv-41-qa-107,chalm,2.7947471502500614,15.610400005243719,487.24529999890365,505.6504471543974,one shared preloaded model
conv-41-qa-108,chalm,2.7947471502500614,13.900199999625329,236.52750000474043,253.22244715461582,one shared preloaded model
conv-41-qa-109,chalm,2.7947471502500614,17.373599999700673,360.23240000213264,380.40074715208334,one shared preloaded model
conv-41-qa-110,chalm,2.7947471502500614,13.552499993238598,609.2187999965972,625.5660471400859,one shared preloaded model
conv-41-qa-111,chalm,2.7947471502500614,18.98359999904642,232.9195999991498,254.69794714844627,one shared preloaded model
conv-41-qa-112,chalm,2.7947471502500614,14.837999995506834,99.64120000222465,117.27394714798154,one shared preloaded model
conv-41-qa-113,chalm,2.7947471502500614,21.844400005647913,223.9694000018062,248.60854715770418,one shared preloaded model
conv-41-qa-114,chalm,2.7947471502500614,14.524999998684507,1145.3448999964166,1162.6646471453512,one shared preloaded model
conv-41-qa-115,chalm,2.7947471502500614,18.75060000020312,176.61059999954887,198.15594715000205,one shared preloaded model
conv-41-qa-116,chalm,2.7947471502500614,21.927099995082244,891.9320999993943,916.6539471447265,one shared preloaded model
conv-41-qa-117,chalm,2.7947471502500614,18.783399995299987,379.9702999967849,401.5484471423349,one shared preloaded model
conv-41-qa-118,chalm,2.7947471502500614,13.692200001969468,400.80390000366606,417.29084715588556,one shared preloaded model
conv-41-qa-119,chalm,2.7947471502500614,19.08539999567438,230.70510000252398,252.58524714844842,one shared preloaded model
conv-41-qa-120,chalm,2.7947471502500614,19.46730000054231,190.60230000468437,212.86434715547674,one shared preloaded model
conv-41-qa-121,chalm,2.7947471502500614,14.404399997147266,287.06380000221543,304.2629471496127,one shared preloaded model
conv-41-qa-122,chalm,2.7947471502500614,19.424500002060086,273.3169999992242,295.5362471515343,one shared preloaded model
conv-41-qa-123,chalm,2.7947471502500614,14.562000003934372,328.6920000027749,346.0487471569593,one shared preloaded model
conv-41-qa-124,chalm,2.7947471502500614,14.530599997669924,472.026100003859,489.351447151779,one shared preloaded model
conv-41-qa-125,chalm,2.7947471502500614,17.62099999905331,453.0988000042271,473.51454715353043,one shared preloaded model
conv-41-qa-126,chalm,2.7947471502500614,18.396899999061134,463.2770999960485,484.46874714535966,one shared preloaded model
conv-41-qa-127,chalm,2.7947471502500614,14.776199997868389,383.11350000003586,400.6844471481543,one shared preloaded model
conv-41-qa-128,chalm,2.7947471502500614,19.28549999865936,136.46940000035102,158.54964714926044,one shared preloaded model
conv-41-qa-129,chalm,2.7947471502500614,20.456900005228817,717.5962999972398,740.8479471527187,one shared preloaded model
conv-41-qa-130,chalm,2.7947471502500614,18.306400001165457,198.97750000382075,220.07864715523627,one shared preloaded model
conv-41-qa-131,chalm,2.7947471502500614,15.13169999816455,195.4427999953623,213.3692471437769,one shared preloaded model
conv-41-qa-132,chalm,2.7947471502500614,15.455200002179481,507.1211999966181,525.3711471490476,one shared preloaded model
conv-41-qa-133,chalm,2.7947471502500614,18.556999995780643,526.3798000014503,547.731547147481,one shared preloaded model
conv-41-qa-134,chalm,2.7947471502500614,16.31420000194339,179.1659999944386,198.27494714663206,one shared preloaded model
conv-41-qa-135,chalm,2.7947471502500614,21.4540999950259,421.50970000511734,445.75854715039327,one shared preloaded model
conv-41-qa-136,chalm,2.7947471502500614,17.355800002405886,196.1726999943494,216.32324714700533,one shared preloaded model
conv-41-qa-137,chalm,2.7947471502500614,14.3093999940902,159.87699999823235,176.9811471425726,one shared preloaded model
conv-41-qa-138,chalm,2.7947471502500614,20.09929999621818,153.72120000392897,176.6152471503972,one shared preloaded model
conv-41-qa-139,chalm,2.7947471502500614,21.21580000675749,312.5575000012759,336.56804715828343,one shared preloaded model
conv-41-qa-140,chalm,2.7947471502500614,14.335100000607781,247.59439999616006,264.7242471470179,one shared preloaded model
conv-41-qa-141,chalm,2.7947471502500614,17.176200002722908,326.13449999917066,346.1054471521436,one shared preloaded model
conv-41-qa-142,chalm,2.7947471502500614,18.18490000005113,156.0248000023421,177.00444715264328,one shared preloaded model
conv-41-qa-143,chalm,2.7947471502500614,22.20569999917643,151.36570000322536,176.36614715265185,one shared preloaded model
conv-41-qa-144,chalm,2.7947471502500614,21.26449999923352,171.65799999929732,195.7172471487809,one shared preloaded model
conv-41-qa-145,chalm,2.7947471502500614,15.023299994936679,357.8258999987156,375.6439471439023,one shared preloaded model
conv-41-qa-146,chalm,2.7947471502500614,14.007000005221926,198.47550000122283,215.2772471566948,one shared preloaded model
conv-41-qa-147,chalm,2.7947471502500614,15.068900000187568,110.74669999652542,128.61034714696305,one shared preloaded model
conv-41-qa-148,chalm,2.7947471502500614,21.10829999583075,190.45049999840558,214.35354714448638,one shared preloaded model
conv-41-qa-149,chalm,2.7947471502500614,21.142499994311947,293.86529999464983,317.8025471392118,one shared preloaded model
conv-41-qa-150,chalm,2.7947471502500614,13.165700001991354,341.9117000012193,357.8721471534607,one shared preloaded model
conv-41-qa-151,chalm,2.7947471502500614,17.455500004871283,153.7040999974124,173.95434715253376,one shared preloaded model
conv-41-qa-152,chalm,2.7947471502500614,21.171399996092077,190.33330000092974,214.29944714727188,one shared preloaded model
conv-41-qa-153,chalm,2.7947471502500614,21.367800000007264,193.89329999830807,218.0558471485654,one shared preloaded model
conv-41-qa-154,chalm,2.7947471502500614,15.907699998933822,110.38019999978133,129.0826471489652,one shared preloaded model
conv-41-qa-155,chalm,2.7947471502500614,20.59670000016922,322.81700000021374,346.208447150633,one shared preloaded model
conv-41-qa-156,chalm,2.7947471502500614,13.58510000136448,179.5364999998128,195.91634715142735,one shared preloaded model
conv-41-qa-157,chalm,2.7947471502500614,21.3279000017792,107.34819999925094,131.4708471512802,one shared preloaded model
conv-41-qa-158,chalm,2.7947471502500614,18.841000004613306,193.90700000076322,215.54274715562659,one shared preloaded model
conv-41-qa-159,chalm,2.7947471502500614,17.341899998427834,243.40810000285273,263.5447471515306,one shared preloaded model
conv-41-qa-160,chalm,2.7947471502500614,18.6494000008679,308.402800001204,329.84694715232195,one shared preloaded model
conv-41-qa-161,chalm,2.7947471502500614,20.13450000231387,203.96179999806918,226.8910471506331,one shared preloaded model
conv-41-qa-162,chalm,2.7947471502500614,13.34780000615865,183.382299997902,199.52484715431072,one shared preloaded model
conv-41-qa-163,chalm,2.7947471502500614,15.56690000143135,446.1029000012786,464.46454715296,one shared preloaded model
conv-41-qa-164,chalm,2.7947471502500614,14.428200003749225,202.9093999954057,220.13234714940498,one shared preloaded model
conv-41-qa-165,chalm,2.7947471502500614,13.053200003923848,271.15649999905145,287.0044471532253,one shared preloaded model
conv-41-qa-166,chalm,2.7947471502500614,19.088200002443045,205.22400000481866,227.10694715751177,one shared preloaded model
conv-41-qa-167,chalm,2.7947471502500614,14.108600000326987,202.9132999959984,219.81664714657543,one shared preloaded model
conv-41-qa-168,chalm,2.7947471502500614,13.60479999857489,494.33760000101756,510.7371471498425,one shared preloaded model
conv-41-qa-169,chalm,2.7947471502500614,14.793499998631887,322.9607999965083,340.5490471453902,one shared preloaded model
conv-41-qa-170,chalm,2.7947471502500614,17.850999996881,181.07289999898057,201.71864714611164,one shared preloaded model
conv-41-qa-171,chalm,2.7947471502500614,21.229400001175236,499.5120000021416,523.5361471535668,one shared preloaded model
conv-41-qa-172,chalm,2.7947471502500614,13.796500003081746,222.89569999702508,239.48694715035688,one shared preloaded model
conv-41-qa-173,chalm,2.7947471502500614,16.48879999993369,189.1652999984217,208.44884714860544,one shared preloaded model
conv-41-qa-174,chalm,2.7947471502500614,18.56190000398783,370.0417000000016,391.39834715423945,one shared preloaded model
conv-41-qa-175,chalm,2.7947471502500614,20.263500002329238,96.17250000155764,119.23074715413694,one shared preloaded model
conv-41-qa-176,chalm,2.7947471502500614,21.99589999509044,206.5816000031191,231.3722471484596,one shared preloaded model
conv-41-qa-177,chalm,2.7947471502500614,15.833800003747456,193.5553000002983,212.18384715429582,one shared preloaded model
conv-41-qa-178,chalm,2.7947471502500614,17.85530000051949,864.4557000006898,885.1057471514594,one shared preloaded model
conv-41-qa-179,chalm,2.7947471502500614,14.482099999440834,208.88920000288635,226.16604715257725,one shared preloaded model
conv-41-qa-180,chalm,2.7947471502500614,17.32889999402687,163.82100000191713,183.94464714619406,one shared preloaded model
conv-41-qa-181,chalm,2.7947471502500614,21.15369999955874,166.67880000022706,190.62724715003586,one shared preloaded model
conv-41-qa-182,chalm,2.7947471502500614,14.442100000451319,203.0659000010928,220.3027471517942,one shared preloaded model
conv-41-qa-183,chalm,2.7947471502500614,16.08269999996992,200.6072000003769,219.48464715059689,one shared preloaded model
conv-41-qa-184,chalm,2.7947471502500614,15.324799998779781,198.58469999599038,216.70424714502022,one shared preloaded model
conv-41-qa-185,chalm,2.7947471502500614,13.02360000408953,195.56020000163699,211.37854715597658,one shared preloaded model
conv-41-qa-186,chalm,2.7947471502500614,15.141999996558297,272.44539999810513,290.38214714491346,one shared preloaded model
conv-41-qa-187,chalm,2.7947471502500614,18.495600001187995,204.71199999883538,226.00234715027344,one shared preloaded model
conv-41-qa-188,chalm,2.7947471502500614,14.130899995507207,308.7496000007377,325.67524714649494,one shared preloaded model
conv-41-qa-189,chalm,2.7947471502500614,14.072700003453065,170.26809999515535,187.13554714885848,one shared preloaded model
conv-41-qa-190,chalm,2.7947471502500614,14.538199997332413,331.8321999977343,349.1651471453167,one shared preloaded model
conv-41-qa-191,chalm,2.7947471502500614,14.063999995414633,208.11939999839524,224.97814714405993,one shared preloaded model
conv-41-qa-192,chalm,2.7947471502500614,14.256700000260025,182.23649999708869,199.28794714759877,one shared preloaded model
conv-42-qa-0,chalm,1.86308384615516,20.372999999381136,108.01489999721525,130.25098384275154,one shared preloaded model
conv-42-qa-1,chalm,1.86308384615516,16.204500003368594,147.06939999450697,165.1369838440307,one shared preloaded model
conv-42-qa-2,chalm,1.86308384615516,19.98260000254959,505.1476000007824,526.9932838494872,one shared preloaded model
conv-42-qa-3,chalm,1.86308384615516,16.720399995392654,502.8779999993276,521.4614838408754,one shared preloaded model
conv-42-qa-4,chalm,1.86308384615516,16.971700002613943,202.89659999980358,221.73138384857268,one shared preloaded model
conv-42-qa-5,chalm,1.86308384615516,12.287099998502526,382.5263000035193,396.676483848177,one shared preloaded model
conv-42-qa-6,chalm,1.86308384615516,18.06170000054408,508.89679999818327,528.8215838448825,one shared preloaded model
conv-42-qa-7,chalm,1.86308384615516,17.55580000462942,334.81350000511156,354.23238385589616,one shared preloaded model
conv-42-qa-8,chalm,1.86308384615516,13.056399999186397,484.58340000070166,499.50288384604323,one shared preloaded model
conv-42-qa-9,chalm,1.86308384615516,17.08900000085123,198.97610000043642,217.9281838474428,one shared preloaded model
conv-42-qa-10,chalm,1.86308384615516,12.5012999997125,255.2094000056968,269.5737838515645,one shared preloaded model
conv-42-qa-11,chalm,1.86308384615516,14.323199997306801,386.79689999844413,402.9831838419061,one shared preloaded model
conv-42-qa-12,chalm,1.86308384615516,13.614800001960248,160.47380000236444,175.95168385047984,one shared preloaded model
conv-42-qa-13,chalm,1.86308384615516,19.882300002791453,332.86450000014156,354.6098838490882,one shared preloaded model
conv-42-qa-14,chalm,1.86308384615516,16.725100002076942,153.56400000018766,172.15218384841975,one shared preloaded model
conv-42-qa-15,chalm,1.86308384615516,14.691799995489419,319.2316999993636,335.7865838410082,one shared preloaded model
conv-42-qa-16,chalm,1.86308384615516,17.243299997062422,297.1560000005411,316.2623838437587,one shared preloaded model
conv-42-qa-17,chalm,1.86308384615516,13.107499995385297,181.95550000382354,196.926083845364,one shared preloaded model
conv-42-qa-18,chalm,1.86308384615516,19.719999996596016,1098.2789999980014,1119.8620838407526,one shared preloaded model
conv-42-qa-19,chalm,1.86308384615516,13.422199997876305,117.11440000362927,132.39968384766073,one shared preloaded model
conv-42-qa-20,chalm,1.86308384615516,19.58550000563264,473.9454999944428,495.3940838462306,one shared preloaded model
conv-42-qa-21,chalm,1.86308384615516,14.457600002060644,107.93079999712063,124.25148384533644,one shared preloaded model
conv-42-qa-22,chalm,1.86308384615516,11.982600000919774,440.19899999693735,454.0446838440123,one shared preloaded model
conv-42-qa-23,chalm,1.86308384615516,16.819099997519515,230.99270000238903,249.6748838460637,one shared preloaded model
conv-42-qa-24,chalm,1.86308384615516,14.050500001758337,200.6284000017331,216.54198384964658,one shared preloaded model
conv-42-qa-25,chalm,1.86308384615516,16.72079999843845,469.6838000018033,488.26768384639695,one shared preloaded model
conv-42-qa-26,chalm,1.86308384615516,13.162600000214297,470.317300001625,485.34298384799445,one shared preloaded model
conv-42-qa-27,chalm,1.86308384615516,17.333800002234057,206.91789999546017,226.11478384384938,one shared preloaded model
conv-42-qa-28,chalm,1.86308384615516,16.949599994404707,509.2279000018607,528.0405838424206,one shared preloaded model
conv-42-qa-29,chalm,1.86308384615516,17.59899999888148,469.7823000024073,489.24438384744394,one shared preloaded model
conv-42-qa-30,chalm,1.86308384615516,16.27330000337679,200.59049999690615,218.72688384643808,one shared preloaded model
conv-42-qa-31,chalm,1.86308384615516,12.63209999888204,490.8880000002682,505.38318384530544,one shared preloaded model
conv-42-qa-32,chalm,1.86308384615516,13.95090000005439,195.17389999964507,210.9878838458546,one shared preloaded model
conv-42-qa-33,chalm,1.86308384615516,14.518999996653292,519.1047999978764,535.4868838406849,one shared preloaded model
conv-42-qa-34,chalm,1.86308384615516,13.439099995594006,132.153799997468,147.45598383921717,one shared preloaded model
conv-42-qa-35,chalm,1.86308384615516,20.267599997168873,510.48079999600304,532.6114838393271,one shared preloaded model
conv-42-qa-36,chalm,1.86308384615516,13.395300004049204,518.3411000034539,533.5994838536583,one shared preloaded model
conv-42-qa-37,chalm,1.86308384615516,17.11490000161575,529.8500999997486,548.8280838475196,one shared preloaded model
conv-42-qa-38,chalm,1.86308384615516,16.768699999374803,174.61599999660393,193.24778384213388,one shared preloaded model
conv-42-qa-39,chalm,1.86308384615516,15.176699998846743,339.21140000165906,356.251183846661,one shared preloaded model
conv-42-qa-40,chalm,1.86308384615516,16.55860000028042,341.20960000291234,359.63128384934794,one shared preloaded model
conv-42-qa-41,chalm,1.86308384615516,16.91500000015367,345.37080000154674,364.1488838478556,one shared preloaded model
conv-42-qa-42,chalm,1.86308384615516,12.741700003971346,175.9987000041292,190.6034838542557,one shared preloaded model
conv-42-qa-43,chalm,1.86308384615516,19.792799997958355,140.32540000334848,161.98128384746198,one shared preloaded model
conv-42-qa-44,chalm,1.86308384615516,20.207900000968948,338.0481999993208,360.1191838464449,one shared preloaded model
conv-42-qa-45,chalm,1.86308384615516,16.451699993922375,128.73499999841442,147.04978383849195,one shared preloaded model
conv-42-qa-46,chalm,1.86308384615516,19.288900002720766,147.09000000584638,168.2419838547223,one shared preloaded model
conv-42-qa-47,chalm,1.86308384615516,19.870199997967575,165.46779999771388,187.2010838418366,one shared preloaded model
conv-42-qa-48,chalm,1.86308384615516,20.233099996403325,496.41459999838844,518.5107838409469,one shared preloaded model
conv-42-qa-49,chalm,1.86308384615516,17.914899995957967,176.7738000053214,196.5517838474345,one shared preloaded model
conv-42-qa-50,chalm,1.86308384615516,20.72039999620756,100.02970000641653,122.61318384877926,one shared preloaded model
conv-42-qa-51,chalm,1.86308384615516,19.841599998471793,165.4322000031243,187.13688384775125,one shared preloaded model
conv-42-qa-52,chalm,1.86308384615516,20.66470000136178,127.97899999713991,150.50678384465684,one shared preloaded model
conv-42-qa-53,chalm,1.86308384615516,13.09229999606032,505.68940000084694,520.6447838430624,one shared preloaded model
conv-42-qa-54,chalm,1.86308384615516,13.311599999724422,336.3002000041888,351.4748838500684,one shared preloaded model
conv-42-qa-55,chalm,1.86308384615516,16.220800003793556,347.6258000009693,365.70968385091805,one shared preloaded model
conv-42-qa-56,chalm,1.86308384615516,16.232099995249882,209.8139000008814,227.90908384228644,one shared preloaded model
conv-42-qa-57,chalm,1.86308384615516,12.716699995507952,468.7952999956906,483.3750838373537,one shared preloaded model
conv-42-qa-58,chalm,1.86308384615516,16.584299999522045,206.97179999842774,225.41918384410494,one shared preloaded model
conv-42-qa-59,chalm,1.86308384615516,12.273400003323331,406.1595000021043,420.29598385158283,one shared preloaded model
conv-42-qa-60,chalm,1.86308384615516,12.232200002472382,166.44079999969108,180.5360838483186,one shared preloaded model
conv-42-qa-61,chalm,1.86308384615516,12.172900002042297,159.81000000465428,173.84598385285173,one shared preloaded model
conv-42-qa-62,chalm,1.86308384615516,20.06979999714531,196.30969999707304,218.2425838403735,one shared preloaded model
conv-42-qa-63,chalm,1.86308384615516,17.445099998440128,240.78649999864865,260.09468384324396,one shared preloaded model
conv-42-qa-64,chalm,1.86308384615516,12.5015000012354,501.89729999692645,516.261883844317,one shared preloaded model
conv-42-qa-65,chalm,1.86308384615516,17.5530999986222,255.6073000014294,275.0234838462068,one shared preloaded model
conv-42-qa-66,chalm,1.86308384615516,16.683600006217603,250.5197999998927,269.0664838522655,one shared preloaded model
conv-42-qa-67,chalm,1.86308384615516,14.861499999824446,121.11010000080569,137.83468384678528,one shared preloaded model
conv-42-qa-68,chalm,1.86308384615516,16.60730000003241,207.09139999962645,225.561783845814,one shared preloaded model
conv-42-qa-69,chalm,1.86308384615516,12.112399999750778,93.06649999780348,107.04198384370942,one shared preloaded model
conv-42-qa-70,chalm,1.86308384615516,13.86899999488378,267.36610000079963,283.0981838418386,one shared preloaded model
conv-42-qa-71,chalm,1.86308384615516,17.081399993912783,104.44550000102026,123.38998384108821,one shared preloaded model
conv-42-qa-72,chalm,1.86308384615516,20.786300003237557,312.087899998005,334.73728384739775,one shared preloaded model
conv-42-qa-73,chalm,1.86308384615516,16.581600000790786,208.13929999712855,226.58398384407448,one shared preloaded model
conv-42-qa-74,chalm,1.86308384615516,12.58169999346137,201.09609999781242,215.54088383742894,one shared preloaded model
conv-42-qa-75,chalm,1.86308384615516,12.152999996033031,367.60810000123456,381.62418384342277,one shared preloaded model
conv-42-qa-76,chalm,1.86308384615516,16.34370000101626,255.11950000509387,273.3262838522653,one shared preloaded model
conv-42-qa-77,chalm,1.86308384615516,15.09539999824483,522.0549000005121,539.0133838449121,one shared preloaded model
conv-42-qa-78,chalm,1.86308384615516,12.701699997705873,98.21000000374625,112.77478384760728,one shared preloaded model
conv-42-qa-79,chalm,1.86308384615516,21.471699998073746,108.14509999909205,131.47988384332095,one shared preloaded model
conv-42-qa-80,chalm,1.86308384615516,14.919600005669054,118.1367000026512,134.9193838544754,one shared preloaded model
conv-42-qa-81,chalm,1.86308384615516,20.109999997657724,355.09689999889815,377.06998384271105,one shared preloaded model
conv-42-qa-82,chalm,1.86308384615516,17.00669999991078,294.92609999579145,313.7958838418574,one shared preloaded model
conv-42-qa-83,chalm,1.86308384615516,16.324600001098588,165.69699999672594,183.88468384397967,one shared preloaded model
conv-42-qa-84,chalm,1.86308384615516,16.296699999656994,109.47700000542682,127.63678385123897,one shared preloaded model
conv-42-qa-85,chalm,1.86308384615516,21.561399997153785,209.1216000044369,232.54608384774585,one shared preloaded model
conv-42-qa-86,chalm,1.86308384615516,14.065200004552025,334.1401999932714,350.0684838439786,one shared preloaded model
conv-42-qa-87,chalm,1.86308384615516,12.56450000073528,160.64539999933913,175.07298384622956,one shared preloaded model
conv-42-qa-88,chalm,1.86308384615516,19.942700004321523,173.37080000288552,195.1765838533622,one shared preloaded model
conv-42-qa-89,chalm,1.86308384615516,20.464599998376798,122.16310000076191,144.49078384529386,one shared preloaded model
conv-42-qa-90,chalm,1.86308384615516,19.92880000034347,159.71100000024308,181.5028838467417,one shared preloaded model
conv-42-qa-91,chalm,1.86308384615516,20.33839999785414,686.0004999980447,708.201983842054,one shared preloaded model
conv-42-qa-92,chalm,1.86308384615516,16.858399998454843,171.68730000412324,190.40878384873324,one shared preloaded model
conv-42-qa-93,chalm,1.86308384615516,21.653299998433795,261.9756999993115,285.49208384390045,one shared preloaded model
conv-42-qa-94,chalm,1.86308384615516,13.209299999289215,193.35770000179764,208.430083847242,one shared preloaded model
conv-42-qa-95,chalm,1.86308384615516,15.38089999667136,156.09810000023572,173.34208384306223,one shared preloaded model
conv-42-qa-96,chalm,1.86308384615516,19.998200004920363,227.1586000060779,249.01988385715342,one shared preloaded model
conv-42-qa-97,chalm,1.86308384615516,12.798099996871315,190.47539999883156,205.13658384185803,one shared preloaded model
conv-42-qa-98,chalm,1.86308384615516,20.245599996997043,188.42229999427218,210.53098383742437,one shared preloaded model
conv-42-qa-99,chalm,1.86308384615516,20.79270000103861,498.8389999998617,521.4947838470555,one shared preloaded model
conv-42-qa-100,chalm,1.86308384615516,13.4911999994074,516.1686999999802,531.5229838455427,one shared preloaded model
conv-42-qa-101,chalm,1.86308384615516,17.535999999381602,431.56659999658586,450.96568384212264,one shared preloaded model
conv-42-qa-102,chalm,1.86308384615516,13.414799999736715,266.6917000024114,281.9695838483033,one shared preloaded model
conv-42-qa-103,chalm,1.86308384615516,17.921700004080776,172.67490000085672,192.45968385109265,one shared preloaded model
conv-42-qa-104,chalm,1.86308384615516,19.766299999901094,448.70580000133486,470.33518384739114,one shared preloaded model
conv-42-qa-105,chalm,1.86308384615516,18.531300003814977,250.20699999731733,270.6013838472875,one shared preloaded model
conv-42-qa-106,chalm,1.86308384615516,13.053099995886441,296.44700000062585,311.36318384266747,one shared preloaded model
conv-42-qa-107,chalm,1.86308384615516,16.784999999799766,734.1689999957453,752.8170838417002,one shared preloaded model
conv-42-qa-108,chalm,1.86308384615516,21.979500001179986,506.0924000063096,529.9349838536448,one shared preloaded model
conv-42-qa-109,chalm,1.86308384615516,14.020499998878222,167.95730000012554,183.8408838451589,one shared preloaded model
conv-42-qa-110,chalm,1.86308384615516,19.086400003288873,350.76439999829745,371.7138838477415,one shared preloaded model
conv-42-qa-111,chalm,1.86308384615516,16.94419999694219,475.2511999977287,494.05848384082606,one shared preloaded model
conv-42-qa-112,chalm,1.86308384615516,17.440499999793246,163.1926999980351,182.4962838439835,one shared preloaded model
conv-42-qa-113,chalm,1.86308384615516,14.369500000611879,134.29879999603145,150.53138384279848,one shared preloaded model
conv-42-qa-114,chalm,1.86308384615516,20.063899995875545,328.8077000033809,350.7346838454116,one shared preloaded model
conv-42-qa-115,chalm,1.86308384615516,12.450900001567788,252.92909999552649,267.24308384324945,one shared preloaded model
conv-42-qa-116,chalm,1.86308384615516,13.770799996564165,176.7690000051516,192.40288384787092,one shared preloaded model
conv-42-qa-117,chalm,1.86308384615516,19.171300002199132,173.2613999993191,194.2957838476734,one shared preloaded model
conv-42-qa-118,chalm,1.86308384615516,21.288399999320973,184.6404000025359,207.79188384801202,one shared preloaded model
conv-42-qa-119,chalm,1.86308384615516,19.01479999651201,198.30850000289502,219.18638384556218,one shared preloaded model
conv-42-qa-120,chalm,1.86308384615516,15.055000003485475,121.68080000265036,138.59888385229098,one shared preloaded model
conv-42-qa-121,chalm,1.86308384615516,14.102499997534323,193.0558000021847,209.02138384587417,one shared preloaded model
conv-42-qa-122,chalm,1.86308384615516,16.066600001067854,189.37029999506194,207.29998384228495,one shared preloaded model
conv-42-qa-123,chalm,1.86308384615516,18.579999996291008,260.65830000152346,281.10138384396964,one shared preloaded model
conv-42-qa-124,chalm,1.86308384615516,12.579399997775909,159.932900001877,174.37538384580805,one shared preloaded model
conv-42-qa-125,chalm,1.86308384615516,20.812500006286427,372.1113999999943,394.7869838524359,one shared preloaded model
conv-42-qa-126,chalm,1.86308384615516,16.90010000311304,172.27450000063982,191.037683849908,one shared preloaded model
conv-42-qa-127,chalm,1.86308384615516,20.474600001762155,260.01689999975497,282.3545838476723,one shared preloaded model
conv-42-qa-128,chalm,1.86308384615516,13.985099998535588,123.6508000001777,139.49898384486843,one shared preloaded model
conv-42-qa-129,chalm,1.86308384615516,14.619900000980124,163.12210000614868,179.60508385328396,one shared preloaded model
conv-42-qa-130,chalm,1.86308384615516,20.045900004333816,236.99040000064997,258.89938385113896,one shared preloaded model
conv-42-qa-131,chalm,1.86308384615516,15.075499999511521,574.7284999961266,591.6670838417933,one shared preloaded model
conv-42-qa-132,chalm,1.86308384615516,16.898499998205807,226.53970000101253,245.3012838453735,one shared preloaded model
conv-42-qa-133,chalm,1.86308384615516,13.717699999688193,117.32579999807058,132.90658384391392,one shared preloaded model
conv-42-qa-134,chalm,1.86308384615516,19.860799999150913,647.5810999982059,669.304983843512,one shared preloaded model
conv-42-qa-135,chalm,1.86308384615516,17.346699998597614,208.6598000023514,227.86958384710417,one shared preloaded model
conv-42-qa-136,chalm,1.86308384615516,12.700400002358947,117.5366000024951,132.1000838510092,one shared preloaded model
conv-42-qa-137,chalm,1.86308384615516,19.843399997625966,194.47550000040792,216.18198384418903,one shared preloaded model
conv-42-qa-138,chalm,1.86308384615516,14.858400005323347,251.68010000197683,268.40158385345535,one shared preloaded model
conv-42-qa-139,chalm,1.86308384615516,14.461799997661728,370.3313000005437,386.6561838443606,one shared preloaded model
conv-42-qa-140,chalm,1.86308384615516,17.466700002842117,296.5330000006361,315.8627838496334,one shared preloaded model
conv-42-qa-141,chalm,1.86308384615516,15.859599996474572,274.8522000038065,292.57488384643625,one shared preloaded model
conv-42-qa-142,chalm,1.86308384615516,17.39850000012666,206.79630000086036,226.05788384714216,one shared preloaded model
conv-42-qa-143,chalm,1.86308384615516,16.3310000061756,105.02799999812851,123.22208385045927,one shared preloaded model
conv-42-qa-144,chalm,1.86308384615516,20.264499995391816,227.5939999963157,249.72158383786265,one shared preloaded model
conv-42-qa-145,chalm,1.86308384615516,13.088700005027931,285.59210000094026,300.5438838521234,one shared preloaded model
conv-42-qa-146,chalm,1.86308384615516,13.31439999921713,393.8858000037726,409.0632838491449,one shared preloaded model
conv-42-qa-147,chalm,1.86308384615516,13.617199998407159,210.7118999992963,226.1921838438586,one shared preloaded model
conv-42-qa-148,chalm,1.86308384615516,12.852399995608721,405.3150999970967,420.0305838388606,one shared preloaded model
conv-42-qa-149,chalm,1.86308384615516,16.87790000141831,228.3599000002141,247.10088384778757,one shared preloaded model
conv-42-qa-150,chalm,1.86308384615516,16.67059999454068,170.3267999982927,188.86048383898853,one shared preloaded model
conv-42-qa-151,chalm,1.86308384615516,13.458700006594881,208.14899999822956,223.4707838509796,one shared preloaded model
conv-42-qa-152,chalm,1.86308384615516,15.750399994431064,298.7880000000587,316.4014838406449,one shared preloaded model
conv-42-qa-153,chalm,1.86308384615516,17.177699999592733,319.52919999457663,338.56998384032454,one shared preloaded model
conv-42-qa-154,chalm,1.86308384615516,17.48560000123689,155.0167000023066,174.36538384969865,one shared preloaded model
conv-42-qa-155,chalm,1.86308384615516,20.339800001238473,273.30329999676906,295.5061838441627,one shared preloaded model
conv-42-qa-156,chalm,1.86308384615516,17.54810000420548,227.60580000613118,247.0169838564918,one shared preloaded model
conv-42-qa-157,chalm,1.86308384615516,16.018599999370053,205.3020999956061,223.18378384113132,one shared preloaded model
conv-42-qa-158,chalm,1.86308384615516,15.20860000164248,324.59089999611024,341.6625838439079,one shared preloaded model
conv-42-qa-159,chalm,1.86308384615516,19.611700001405552,216.68569999746978,238.16048384503048,one shared preloaded model
conv-42-qa-160,chalm,1.86308384615516,13.835199999448378,178.98869999771705,194.68698384332058,one shared preloaded model
conv-42-qa-161,chalm,1.86308384615516,20.81729999918025,219.6957000051043,242.3760838504397,one shared preloaded model
conv-42-qa-162,chalm,1.86308384615516,13.680299998668488,135.94880000164267,151.4921838464663,one shared preloaded model
conv-42-qa-163,chalm,1.86308384615516,14.71519999904558,165.24980000394862,181.82808384914935,one shared preloaded model
conv-42-qa-164,chalm,1.86308384615516,19.385599996894598,306.60229999921285,327.8509838422626,one shared preloaded model
conv-42-qa-165,chalm,1.86308384615516,15.592299998388626,241.3176000045496,258.7729838490934,one shared preloaded model
conv-42-qa-166,chalm,1.86308384615516,14.776500000152737,361.14020000241,377.7797838487179,one shared preloaded model
conv-42-qa-167,chalm,1.86308384615516,13.216599996667355,549.0583000064362,564.1379838492587,one shared preloaded model
conv-42-qa-168,chalm,1.86308384615516,17.43509999505477,143.58960000390653,162.88778384511645,one shared preloaded model
conv-42-qa-169,chalm,1.86308384615516,19.644799998786766,213.32450000045355,234.83238384539547,one shared preloaded model
conv-42-qa-170,chalm,1.86308384615516,16.422100001364015,612.2331999940798,630.518383841599,one shared preloaded model
conv-42-qa-171,chalm,1.86308384615516,17.43240000359947,218.35479999572271,237.65028384547733,one shared preloaded model
conv-42-qa-172,chalm,1.86308384615516,14.231199995265342,708.8753999996698,724.9696838410903,one shared preloaded model
conv-42-qa-173,chalm,1.86308384615516,12.457199998607393,313.57630000275094,327.8965838475135,one shared preloaded model
conv-42-qa-174,chalm,1.86308384615516,13.4089999992284,133.33399999828544,148.60608384366898,one shared preloaded model
conv-42-qa-175,chalm,1.86308384615516,20.22679999936372,107.72569999971893,129.8155838452378,one shared preloaded model
conv-42-qa-176,chalm,1.86308384615516,22.97309999994468,151.54400000028545,176.38018384638528,one shared preloaded model
conv-42-qa-177,chalm,1.86308384615516,18.428999996103812,348.58489999896847,368.87698384122746,one shared preloaded model
conv-42-qa-178,chalm,1.86308384615516,13.086500002827961,200.83669999439735,215.78628384338046,one shared preloaded model
conv-42-qa-179,chalm,1.86308384615516,14.01379999879282,271.13130000361707,287.00818384856507,one shared preloaded model
conv-42-qa-180,chalm,1.86308384615516,16.896000000997446,325.2630999995745,344.0221838467271,one shared preloaded model
conv-42-qa-181,chalm,1.86308384615516,17.788600001949817,200.0493000014103,219.70098384951527,one shared preloaded model
conv-42-qa-182,chalm,1.86308384615516,14.83639999787556,206.69619999534916,223.39568383937987,one shared preloaded model
conv-42-qa-183,chalm,1.86308384615516,13.288399997691158,261.55070000095293,276.70218384479926,one shared preloaded model
conv-42-qa-184,chalm,1.86308384615516,14.472899994871113,164.48749999835854,180.8234838393848,one shared preloaded model
conv-42-qa-185,chalm,1.86308384615516,21.207899997534696,159.67999999702442,182.75098384071427,one shared preloaded model
conv-42-qa-186,chalm,1.86308384615516,20.399400003952906,184.30280000029597,206.56528385040403,one shared preloaded model
conv-42-qa-187,chalm,1.86308384615516,15.439100003277417,127.26530000509229,144.56748385452485,one shared preloaded model
conv-42-qa-188,chalm,1.86308384615516,20.124399998167064,185.12660000124015,207.11408384556236,one shared preloaded model
conv-42-qa-189,chalm,1.86308384615516,20.427099996595643,182.34189999930095,204.63208384205174,one shared preloaded model
conv-42-qa-190,chalm,1.86308384615516,20.07700000103796,215.10299999499694,237.04308384219004,one shared preloaded model
conv-42-qa-191,chalm,1.86308384615516,14.027099998202175,569.3462999988697,585.236483843227,one shared preloaded model
conv-42-qa-192,chalm,1.86308384615516,13.170300000638235,142.77050000237068,157.80388384916407,one shared preloaded model
conv-42-qa-193,chalm,1.86308384615516,20.396899999468587,157.61240000574617,179.8723838513699,one shared preloaded model
conv-42-qa-194,chalm,1.86308384615516,19.550000004528556,240.644000004977,262.0570838556607,one shared preloaded model
conv-42-qa-195,chalm,1.86308384615516,13.40150000032736,279.6340999993845,294.898683845867,one shared preloaded model
conv-42-qa-196,chalm,1.86308384615516,17.5946000017575,125.94479999825126,145.4024838461639,one shared preloaded model
conv-42-qa-197,chalm,1.86308384615516,20.26040000055218,519.4148000009591,541.5382838476664,one shared preloaded model
conv-42-qa-198,chalm,1.86308384615516,13.518699997803196,389.3393999969703,404.7211838409287,one shared preloaded model
conv-42-qa-199,chalm,1.86308384615516,12.366800001473166,180.70840000291355,194.93828385054186,one shared preloaded model
conv-42-qa-200,chalm,1.86308384615516,19.70430000073975,516.01859999937,537.585983846265,one shared preloaded model
conv-42-qa-201,chalm,1.86308384615516,12.282700001378544,111.31770000065444,125.46348384818815,one shared preloaded model
conv-42-qa-202,chalm,1.86308384615516,19.945699998061173,197.28269999905024,219.09148384326656,one shared preloaded model
conv-42-qa-203,chalm,1.86308384615516,15.091300003405195,688.9355000021169,705.8898838516773,one shared preloaded model
conv-42-qa-204,chalm,1.86308384615516,15.229700002237223,159.47869999945397,176.57148384784634,one shared preloaded model
conv-42-qa-205,chalm,1.86308384615516,19.845200004056096,190.34119999560062,212.04948384581186,one shared preloaded model
conv-42-qa-206,chalm,1.86308384615516,19.531500001903623,206.9021999996039,228.29678384766268,one shared preloaded model
conv-42-qa-207,chalm,1.86308384615516,13.887000000977423,183.16919999779202,198.9192838449246,one shared preloaded model
conv-42-qa-208,chalm,1.86308384615516,14.154100004816428,149.75170000252547,165.76888385349704,one shared preloaded model
conv-42-qa-209,chalm,1.86308384615516,20.171300006040838,199.05770000332268,221.09208385551867,one shared preloaded model
conv-42-qa-210,chalm,1.86308384615516,14.584800002921838,204.71919999545207,221.16708384452906,one shared preloaded model
conv-42-qa-211,chalm,1.86308384615516,12.358299994957633,720.2825999993365,734.5039838404493,one shared preloaded model
conv-42-qa-212,chalm,1.86308384615516,12.826899997889996,184.82750000111992,199.51748384516506,one shared preloaded model
conv-42-qa-213,chalm,1.86308384615516,19.68219999980647,470.3866999989259,491.93198384488755,one shared preloaded model
conv-42-qa-214,chalm,1.86308384615516,14.123199995083269,146.53169999655802,162.51798383779644,one shared preloaded model
conv-42-qa-215,chalm,1.86308384615516,12.709000002359971,202.53260000026785,217.10468384878297,one shared preloaded model
conv-42-qa-216,chalm,1.86308384615516,13.030900001467671,227.2307000021101,242.12468384973292,one shared preloaded model
conv-42-qa-217,chalm,1.86308384615516,15.706199999840464,154.4147999957204,171.984083841716,one shared preloaded model
conv-42-qa-218,chalm,1.86308384615516,19.04429999558488,183.01200000132667,203.9193838430667,one shared preloaded model
conv-42-qa-219,chalm,1.86308384615516,14.001499999722,201.12610000069253,216.99068384656968,one shared preloaded model
conv-42-qa-220,chalm,1.86308384615516,13.516200000594836,117.54510000173468,132.92438384848467,one shared preloaded model
conv-42-qa-221,chalm,1.86308384615516,15.122500000870787,316.11420000263024,333.0997838496562,one shared preloaded model
conv-42-qa-222,chalm,1.86308384615516,14.17869999568211,197.42569999652915,213.4674838383664,one shared preloaded model
conv-42-qa-223,chalm,1.86308384615516,13.508999996702187,175.20130000048084,190.57338384333818,one shared preloaded model
conv-42-qa-224,chalm,1.86308384615516,20.533199996862095,205.29560000431957,227.6918838473368,one shared preloaded model
conv-42-qa-225,chalm,1.86308384615516,12.185100000351667,368.62249999830965,382.6706838448165,one shared preloaded model
conv-42-qa-226,chalm,1.86308384615516,14.475399999355432,315.75490000250284,332.09338384801345,one shared preloaded model
conv-42-qa-227,chalm,1.86308384615516,12.49890000326559,204.67189999908442,219.03388384850516,one shared preloaded model
conv-42-qa-228,chalm,1.86308384615516,12.87360000424087,202.24400000006426,216.98068385046028,one shared preloaded model
conv-42-qa-229,chalm,1.86308384615516,12.698600003204774,199.29640000191284,213.85808385127277,one shared preloaded model
conv-42-qa-230,chalm,1.86308384615516,14.208100001269486,193.0406999963452,209.11188384376985,one shared preloaded model
conv-42-qa-231,chalm,1.86308384615516,18.62960000289604,198.05070000438718,218.54338385343837,one shared preloaded model
conv-42-qa-232,chalm,1.86308384615516,13.620500001707114,148.97969999583438,164.46328384369664,one shared preloaded model
conv-42-qa-233,chalm,1.86308384615516,20.183900000120047,335.973200002627,358.0201838489022,one shared preloaded model
conv-42-qa-234,chalm,1.86308384615516,15.607000001182314,212.76819999911822,230.2382838464557,one shared preloaded model
conv-42-qa-235,chalm,1.86308384615516,13.649699998495635,270.8714000036707,286.3841838483215,one shared preloaded model
conv-42-qa-236,chalm,1.86308384615516,17.47099999920465,126.29049999668496,145.62458384204476,one shared preloaded model
conv-42-qa-237,chalm,1.86308384615516,20.295599999371916,169.48889999912353,191.6475838446506,one shared preloaded model
conv-42-qa-238,chalm,1.86308384615516,13.173100000130944,326.0338999971282,341.0700838434143,one shared preloaded model
conv-42-qa-239,chalm,1.86308384615516,12.861099996371195,560.0260999999591,574.7502838424855,one shared preloaded model
conv-42-qa-240,chalm,1.86308384615516,17.024799999489915,141.96290000109002,160.85078384673508,one shared preloaded model
conv-42-qa-241,chalm,1.86308384615516,19.800599999143742,191.5967000022647,213.2603838475636,one shared preloaded model
conv-42-qa-242,chalm,1.86308384615516,19.422400000621565,262.4437999984366,283.72928384521333,one shared preloaded model
conv-42-qa-243,chalm,1.86308384615516,13.899100005801301,463.19729999959236,478.95948385154884,one shared preloaded model
conv-42-qa-244,chalm,1.86308384615516,12.693200005742256,196.31939999817405,210.87568385007145,one shared preloaded model
conv-42-qa-245,chalm,1.86308384615516,17.85560000280384,165.35850000218488,185.07718385114387,one shared preloaded model
conv-42-qa-246,chalm,1.86308384615516,18.99470000353176,194.8013000001083,215.65908384979522,one shared preloaded model
conv-42-qa-247,chalm,1.86308384615516,15.850100004172418,413.24159999931,430.9547838496376,one shared preloaded model
conv-42-qa-248,chalm,1.86308384615516,18.0225000003702,196.68559999990975,216.5711838464351,one shared preloaded model
conv-42-qa-249,chalm,1.86308384615516,15.718599999672733,179.31490000046324,196.89658384629112,one shared preloaded model
conv-42-qa-250,chalm,1.86308384615516,20.252299997082446,187.92229999962728,210.03768384286488,one shared preloaded model
conv-42-qa-251,chalm,1.86308384615516,18.943000002764165,132.14209999568993,152.94818384460925,one shared preloaded model
conv-42-qa-252,chalm,1.86308384615516,20.598600000084843,172.5804000016069,195.0420838478469,one shared preloaded model
conv-42-qa-253,chalm,1.86308384615516,20.40139999735402,179.87929999799235,202.14378384150152,one shared preloaded model
conv-42-qa-254,chalm,1.86308384615516,19.269700002041645,845.0697000007494,866.2024838489463,one shared preloaded model
conv-42-qa-255,chalm,1.86308384615516,13.464600000588689,245.81120000220835,261.1388838489522,one shared preloaded model
conv-42-qa-256,chalm,1.86308384615516,14.136099998722784,199.8098000040045,215.80898384888243,one shared preloaded model
conv-42-qa-257,chalm,1.86308384615516,12.88600000407314,1339.6272000027238,1354.3762838529522,one shared preloaded model
conv-42-qa-258,chalm,1.86308384615516,17.325000000710133,190.78560000343714,209.97368385030242,one shared preloaded model
conv-42-qa-259,chalm,1.86308384615516,19.816699998045806,323.2869999992545,344.96678384345546,one shared preloaded model
conv-43-qa-0,chalm,2.351184710729165,21.933800002443604,713.1404000028851,737.4253847160579,one shared preloaded model
conv-43-qa-1,chalm,2.351184710729165,14.174900003126822,192.88590000360273,209.41198471745872,one shared preloaded model
conv-43-qa-2,chalm,2.351184710729165,16.34419999754755,157.43620000284864,176.13158471112536,one shared preloaded model
conv-43-qa-3,chalm,2.351184710729165,22.546100000909064,207.5581000026432,232.45538471428142,one shared preloaded model
conv-43-qa-4,chalm,2.351184710729165,14.793800000916235,398.997700001928,416.14268471357343,one shared preloaded model
conv-43-qa-5,chalm,2.351184710729165,18.681300003663637,169.46699999971315,190.49948471410596,one shared preloaded model
conv-43-qa-6,chalm,2.351184710729165,17.747999998391606,121.96119999862276,142.06038470774354,one shared preloaded model
conv-43-qa-7,chalm,2.351184710729165,19.218999994336627,105.30219999782275,126.87238470288855,one shared preloaded model
conv-43-qa-8,chalm,2.351184710729165,16.903199997614138,176.09539999830304,195.34978470664635,one shared preloaded model
conv-43-qa-9,chalm,2.351184710729165,21.4579000021331,762.8957999986596,786.7048847115219,one shared preloaded model
conv-43-qa-10,chalm,2.351184710729165,14.469000001554377,510.3748999972595,527.195084709543,one shared preloaded model
conv-43-qa-11,chalm,2.351184710729165,18.68119999562623,203.43129999673693,224.46368470309233,one shared preloaded model
conv-43-qa-12,chalm,2.351184710729165,15.25499999843305,207.39139999932377,224.997584708486,one shared preloaded model
conv-43-qa-13,chalm,2.351184710729165,17.82639999873936,723.6042999938945,743.7818847033631,one shared preloaded model
conv-43-qa-14,chalm,2.351184710729165,17.98620000045048,214.67520000442164,235.0125847156013,one shared preloaded model
conv-43-qa-15,chalm,2.351184710729165,16.99489999737125,191.32189999800175,210.66798470610217,one shared preloaded model
conv-43-qa-16,chalm,2.351184710729165,17.992200002481695,122.77539999922737,143.11878471243824,one shared preloaded model
conv-43-qa-17,chalm,2.351184710729165,21.026599999458995,99.9932999984594,123.37108470864757,one shared preloaded model
conv-43-qa-18,chalm,2.351184710729165,21.210999999311753,354.4648999959463,378.02708470598725,one shared preloaded model
conv-43-qa-19,chalm,2.351184710729165,14.312699997390155,358.1575000062003,374.8213847143196,one shared preloaded model
conv-43-qa-20,chalm,2.351184710729165,15.014599994174205,192.38380000024335,209.74958470514673,one shared preloaded model
conv-43-qa-21,chalm,2.351184710729165,18.77950000198325,169.98980000062147,191.1204847133339,one shared preloaded model
conv-43-qa-22,chalm,2.351184710729165,21.280300003127195,328.54190000216477,352.17338471602113,one shared preloaded model
conv-43-qa-23,chalm,2.351184710729165,18.81139999750303,165.0309999968158,186.193584705048,one shared preloaded model
conv-43-qa-24,chalm,2.351184710729165,21.418100004666485,142.9751000032411,166.74438471863675,one shared preloaded model
conv-43-qa-25,chalm,2.351184710729165,18.112600002496038,200.74790000217035,221.21168471539556,one shared preloaded model
conv-43-qa-26,chalm,2.351184710729165,13.047099993855227,197.75140000274405,213.14968470732845,one shared preloaded model
conv-43-qa-27,chalm,2.351184710729165,17.907100002048537,264.24569999653613,284.50398470931384,one shared preloaded model
conv-43-qa-28,chalm,2.351184710729165,21.20209999702638,190.50129999959609,214.05458470735164,one shared preloaded model
conv-43-qa-29,chalm,2.351184710729165,23.295400002098177,234.69900000054622,260.34558471337357,one shared preloaded model
conv-43-qa-30,chalm,2.351184710729165,12.991299998247996,203.28780000272673,218.6302847117039,one shared preloaded model
conv-43-qa-31,chalm,2.351184710729165,16.74300000013318,99.77430000435561,118.86848471521796,one shared preloaded model
conv-43-qa-32,chalm,2.351184710729165,23.8175999984378,177.08769999444485,203.25648470361182,one shared preloaded model
conv-43-qa-33,chalm,2.351184710729165,16.12369999929797,169.44749999674968,187.92238470677682,one shared preloaded model
conv-43-qa-34,chalm,2.351184710729165,15.55709999956889,208.96409999841126,226.87238470870932,one shared preloaded model
conv-43-qa-35,chalm,2.351184710729165,14.72490000014659,166.31950000009965,183.3955847109754,one shared preloaded model
conv-43-qa-36,chalm,2.351184710729165,21.220100003120024,214.8527000026661,238.4239847165153,one shared preloaded model
conv-43-qa-37,chalm,2.351184710729165,15.860999999858905,337.646499996481,355.8586847070691,one shared preloaded model
conv-43-qa-38,chalm,2.351184710729165,15.274400000635069,190.48669999756385,208.1122847089281,one shared preloaded model
conv-43-qa-39,chalm,2.351184710729165,13.587399997049943,211.00699999806238,226.9455847058415,one shared preloaded model
conv-43-qa-40,chalm,2.351184710729165,13.811099997838028,208.25150000018766,224.41378470875486,one shared preloaded model
conv-43-qa-41,chalm,2.351184710729165,13.785099996312056,187.0864000011352,203.22268470817642,one shared preloaded model
conv-43-qa-42,chalm,2.351184710729165,18.813399998180103,202.94180000200868,224.10638471091795,one shared preloaded model
conv-43-qa-43,chalm,2.351184710729165,13.320599995495286,269.17780000076164,284.8495847069861,one shared preloaded model
conv-43-qa-44,chalm,2.351184710729165,13.410200001089834,353.9500000042608,369.7113847160798,one shared preloaded model
conv-43-qa-45,chalm,2.351184710729165,18.66919999883976,203.9169000054244,224.93728471499332,one shared preloaded model
conv-43-qa-46,chalm,2.351184710729165,13.237600003776606,364.92409999482334,380.5128847093291,one shared preloaded model
conv-43-qa-47,chalm,2.351184710729165,18.5498999999254,325.05849999870406,345.95958470935864,one shared preloaded model
conv-43-qa-48,chalm,2.351184710729165,13.980200004880317,529.5552999959909,545.8866847116004,one shared preloaded model
conv-43-qa-49,chalm,2.351184710729165,15.561000000161584,120.46729999565287,138.37948470654362,one shared preloaded model
conv-43-qa-50,chalm,2.351184710729165,20.82209999935003,201.26410000375472,224.43738471383392,one shared preloaded model
conv-43-qa-51,chalm,2.351184710729165,13.398600000073202,203.38720000290778,219.13698471371015,one shared preloaded model
conv-43-qa-52,chalm,2.351184710729165,13.168600002245512,141.22969999880297,156.74948471177765,one shared preloaded model
conv-43-qa-53,chalm,2.351184710729165,21.39339999848744,165.55460000381572,189.29918471303233,one shared preloaded model
conv-43-qa-54,chalm,2.351184710729165,21.2355000039679,140.42740000149934,164.0140847161964,one shared preloaded model
conv-43-qa-55,chalm,2.351184710729165,21.41739999933634,259.61979999556206,283.3883847056276,one shared preloaded model
conv-43-qa-56,chalm,2.351184710729165,18.917499997769482,463.4518999955617,484.72058470406034,one shared preloaded model
conv-43-qa-57,chalm,2.351184710729165,14.33779999933904,144.66099999845028,161.3499847085185,one shared preloaded model
conv-43-qa-58,chalm,2.351184710729165,21.04200000030687,473.4205999993719,496.81378471040796,one shared preloaded model
conv-43-qa-59,chalm,2.351184710729165,13.961499993456528,1609.1041999970912,1625.4168847012768,one shared preloaded model
conv-43-qa-60,chalm,2.351184710729165,14.321000002382789,500.7238999969559,517.3960847100678,one shared preloaded model
conv-43-qa-61,chalm,2.351184710729165,17.478800000390038,363.56119999982184,383.39118471094105,one shared preloaded model
conv-43-qa-62,chalm,2.351184710729165,13.51769999746466,381.07380000292324,396.94268471111707,one shared preloaded model
conv-43-qa-63,chalm,2.351184710729165,18.809600005624816,515.7405999998446,536.9013847161985,one shared preloaded model
conv-43-qa-64,chalm,2.351184710729165,18.188599999120925,102.15909999533324,122.69888470518333,one shared preloaded model
conv-43-qa-65,chalm,2.351184710729165,15.123000004678033,298.7857000043732,316.2598847197804,one shared preloaded model
conv-43-qa-66,chalm,2.351184710729165,18.006500002229586,193.74900000548223,214.106684718441,one shared preloaded model
conv-43-qa-67,chalm,2.351184710729165,18.512700000428595,229.7201000037603,250.58398471491807,one shared preloaded model
conv-43-qa-68,chalm,2.351184710729165,13.219799999205861,473.68969999661203,489.26068470654707,one shared preloaded model
conv-43-qa-69,chalm,2.351184710729165,13.987400001497008,128.18749999860302,144.5260847108292,one shared preloaded model
conv-43-qa-70,chalm,2.351184710729165,22.2423000013805,186.7214999947464,211.31498470685608,one shared preloaded model
conv-43-qa-71,chalm,2.351184710729165,21.449300002132077,181.33269999816548,205.13318471102673,one shared preloaded model
conv-43-qa-72,chalm,2.351184710729165,20.992799996747635,185.5485000050976,208.8924847125744,one shared preloaded model
conv-43-qa-73,chalm,2.351184710729165,21.27189999737311,532.5517000019317,556.174784710034,one shared preloaded model
conv-43-qa-74,chalm,2.351184710729165,19.56630000495352,314.31159999920055,336.22908471488324,one shared preloaded model
conv-43-qa-75,chalm,2.351184710729165,13.73769999918295,173.54110000451328,189.6299847144254,one shared preloaded model
conv-43-qa-76,chalm,2.351184710729165,21.244499999738764,417.3589999991236,440.95468470959156,one shared preloaded model
conv-43-qa-77,chalm,2.351184710729165,18.899800001236144,141.02599999750964,162.27698470947496,one shared preloaded model
conv-43-qa-78,chalm,2.351184710729165,20.97420000063721,232.58170000190148,255.90708471326786,one shared preloaded model
conv-43-qa-79,chalm,2.351184710729165,13.481199996022042,483.08730000280775,498.91968470955896,one shared preloaded model
conv-43-qa-80,chalm,2.351184710729165,18.20910000242293,119.52670000027865,140.08698471343075,one shared preloaded model
conv-43-qa-81,chalm,2.351184710729165,20.88279999588849,130.0282000011066,153.26218470772426,one shared preloaded model
conv-43-qa-82,chalm,2.351184710729165,20.816299998841714,345.12050000193994,368.28798471151083,one shared preloaded model
conv-43-qa-83,chalm,2.351184710729165,18.486799999664072,225.41400000045542,246.25198471084866,one shared preloaded model
conv-43-qa-84,chalm,2.351184710729165,13.695800000277814,244.80729999777395,260.85428470878094,one shared preloaded model
conv-43-qa-85,chalm,2.351184710729165,18.849399995815475,217.06660000199918,238.26718470854382,one shared preloaded model
conv-43-qa-86,chalm,2.351184710729165,15.132499996980187,170.50490000110585,187.9885847088152,one shared preloaded model
conv-43-qa-87,chalm,2.351184710729165,15.799900000274647,803.5673999984283,821.7184847094321,one shared preloaded model
conv-43-qa-88,chalm,2.351184710729165,13.474899998982437,203.10069999686675,218.92678470657836,one shared preloaded model
conv-43-qa-89,chalm,2.351184710729165,15.38559999607969,227.50649999943562,245.24328470624448,one shared preloaded model
conv-43-qa-90,chalm,2.351184710729165,13.53219999873545,351.12470000603935,367.00808471550397,one shared preloaded model
conv-43-qa-91,chalm,2.351184710729165,14.381799999682698,319.4165000022622,336.14948471267405,one shared preloaded model
conv-43-qa-92,chalm,2.351184710729165,18.590399995446205,243.95020000520162,264.891784711377,one shared preloaded model
conv-43-qa-93,chalm,2.351184710729165,18.004700003075413,378.4631000016816,398.8189847154862,one shared preloaded model
conv-43-qa-94,chalm,2.351184710729165,13.26849999895785,441.0070999947493,456.6267847044363,one shared preloaded model
conv-43-qa-95,chalm,2.351184710729165,18.57209999434417,165.18060000089463,186.10388470596797,one shared preloaded model
conv-43-qa-96,chalm,2.351184710729165,22.073599997384008,309.19010000070557,333.61488470881875,one shared preloaded model
conv-43-qa-97,chalm,2.351184710729165,18.878299997595605,669.676099998469,690.9055847067938,one shared preloaded model
conv-43-qa-98,chalm,2.351184710729165,14.875200002279598,219.73659999639494,236.9629847094037,one shared preloaded model
conv-43-qa-99,chalm,2.351184710729165,18.048300000373274,704.244499997003,724.6439847081054,one shared preloaded model
conv-43-qa-100,chalm,2.351184710729165,15.776599997479934,132.5594000009005,150.6871847091096,one shared preloaded model
conv-43-qa-101,chalm,2.351184710729165,21.070899994811043,729.0801999988616,752.5022847044019,one shared preloaded model
conv-43-qa-102,chalm,2.351184710729165,14.382000001205597,683.9346000051592,700.6677847170939,one shared preloaded model
conv-43-qa-103,chalm,2.351184710729165,18.602399999508634,201.34410000173375,222.29768471197156,one shared preloaded model
conv-43-qa-104,chalm,2.351184710729165,13.666400001966394,152.95630000036908,168.97388471306465,one shared preloaded model
conv-43-qa-105,chalm,2.351184710729165,21.2556999977096,133.71039999765344,157.3172847060922,one shared preloaded model
conv-43-qa-106,chalm,2.351184710729165,21.749300001829397,204.09490000020014,228.1953847127587,one shared preloaded model
conv-43-qa-107,chalm,2.351184710729165,15.166199998930097,181.25639999925625,198.7737847089155,one shared preloaded model
conv-43-qa-108,chalm,2.351184710729165,21.137799994903617,186.2951000002795,209.78408470591228,one shared preloaded model
conv-43-qa-109,chalm,2.351184710729165,20.643899995775428,774.3080000000191,797.3030847065237,one shared preloaded model
conv-43-qa-110,chalm,2.351184710729165,15.569099996355362,313.74560000404017,331.6658847111247,one shared preloaded model
conv-43-qa-111,chalm,2.351184710729165,14.20479999796953,158.0697000026703,174.625684711369,one shared preloaded model
conv-43-qa-112,chalm,2.351184710729165,21.30580000084592,216.32010000030277,239.97708471187786,one shared preloaded model
conv-43-qa-113,chalm,2.351184710729165,13.76670000172453,184.0784000014537,200.1962847139074,one shared preloaded model
conv-43-qa-114,chalm,2.351184710729165,22.338200004014652,157.26539999741362,181.95478471215745,one shared preloaded model
conv-43-qa-115,chalm,2.351184710729165,17.979600001126528,420.97849999845494,441.30928471031064,one shared preloaded model
conv-43-qa-116,chalm,2.351184710729165,13.642899997648783,365.5508000010741,381.54488470945205,one shared preloaded model
conv-43-qa-117,chalm,2.351184710729165,14.063599999644794,200.03259999793954,216.4473847083135,one shared preloaded model
conv-43-qa-118,chalm,2.351184710729165,13.605599997390527,155.2194999967469,171.1762847048666,one shared preloaded model
conv-43-qa-119,chalm,2.351184710729165,21.694299997761846,552.1724999998696,576.2179847083606,one shared preloaded model
conv-43-qa-120,chalm,2.351184710729165,14.352999998664018,205.35689999815077,222.06108470754396,one shared preloaded model
conv-43-qa-121,chalm,2.351184710729165,15.389499996672384,418.7844000043697,436.5250847117712,one shared preloaded model
conv-43-qa-122,chalm,2.351184710729165,13.76460000028601,313.3562000002712,329.4719847112864,one shared preloaded model
conv-43-qa-123,chalm,2.351184710729165,18.0980000004638,148.9748999956646,169.42408470685757,one shared preloaded model
conv-43-qa-124,chalm,2.351184710729165,22.659599999315105,218.7980000016978,243.80878471174208,one shared preloaded model
conv-43-qa-125,chalm,2.351184710729165,14.019999995070975,397.1878000011202,413.55898470692034,one shared preloaded model
conv-43-qa-126,chalm,2.351184710729165,13.845399997080676,727.8631999943173,744.0597847021271,one shared preloaded model
conv-43-qa-127,chalm,2.351184710729165,19.2005999997491,176.27559999527875,197.82738470575703,one shared preloaded model
conv-43-qa-128,chalm,2.351184710729165,21.305000002030283,193.16120000439696,216.81738471715641,one shared preloaded model
conv-43-qa-129,chalm,2.351184710729165,18.050599996058736,1094.7347999972408,1115.1365847040286,one shared preloaded model
conv-43-qa-130,chalm,2.351184710729165,13.794499995128717,687.3347000000649,703.4803847059228,one shared preloaded model
conv-43-qa-131,chalm,2.351184710729165,18.811099995218683,273.6970000041765,294.85928471012437,one shared preloaded model
conv-43-qa-132,chalm,2.351184710729165,18.03010000003269,386.23370000277646,406.6149847135383,one shared preloaded model
conv-43-qa-133,chalm,2.351184710729165,18.39069999550702,627.1395000003395,647.8813847065757,one shared preloaded model
conv-43-qa-134,chalm,2.351184710729165,19.814100000075996,160.80610000062734,182.9713847114325,one shared preloaded model
conv-43-qa-135,chalm,2.351184710729165,18.684700000449084,252.25859999773093,273.2944847089092,one shared preloaded model
conv-43-qa-136,chalm,2.351184710729165,15.807299998414237,425.7456000050297,443.9040847141731,one shared preloaded model
conv-43-qa-137,chalm,2.351184710729165,18.665999996301252,347.40370000508847,368.4208847121189,one shared preloaded model
conv-43-qa-138,chalm,2.351184710729165,18.496299999242183,402.0029000021168,422.85038471208816,one shared preloaded model
conv-43-qa-139,chalm,2.351184710729165,14.026400000147987,367.3770000023069,383.75458471318404,one shared preloaded model
conv-43-qa-140,chalm,2.351184710729165,18.32509999803733,485.997399999178,506.6736847079445,one shared preloaded model
conv-43-qa-141,chalm,2.351184710729165,18.333699998038355,178.3556999944267,199.0405847031942,one shared preloaded model
conv-43-qa-142,chalm,2.351184710729165,21.578499996394385,521.8114000017522,545.7410847088757,one shared preloaded model
conv-43-qa-143,chalm,2.351184710729165,19.536200001311954,160.9108999982709,182.79828471031203,one shared preloaded model
conv-43-qa-144,chalm,2.351184710729165,21.313999997801147,260.2617000011378,283.9268847096681,one shared preloaded model
conv-43-qa-145,chalm,2.351184710729165,16.84720000048401,390.6883999952697,409.8867847064829,one shared preloaded model
conv-43-qa-146,chalm,2.351184710729165,19.920999999158084,144.61329999903683,166.88548470892408,one shared preloaded model
conv-43-qa-147,chalm,2.351184710729165,19.223499999498017,148.94129999447614,170.51598470470333,one shared preloaded model
conv-43-qa-148,chalm,2.351184710729165,16.44500000111293,221.15900000062538,239.95518471246749,one shared preloaded model
conv-43-qa-149,chalm,2.351184710729165,13.349699998798314,229.4192999979714,245.12018470749888,one shared preloaded model
conv-43-qa-150,chalm,2.351184710729165,14.951800003473181,231.42920000100276,248.7321847152051,one shared preloaded model
conv-43-qa-151,chalm,2.351184710729165,15.616999997291714,211.34659999370342,229.3147847017243,one shared preloaded model
conv-43-qa-152,chalm,2.351184710729165,14.798399999563117,281.38339999713935,298.53298470743164,one shared preloaded model
conv-43-qa-153,chalm,2.351184710729165,18.69250000163447,276.6177000012249,297.6613847135885,one shared preloaded model
conv-43-qa-154,chalm,2.351184710729165,18.24299999861978,157.6238999987254,178.21808470807434,one shared preloaded model
conv-43-qa-155,chalm,2.351184710729165,21.459499999764375,127.5997000047937,151.41038471528725,one shared preloaded model
conv-43-qa-156,chalm,2.351184710729165,21.26509999652626,203.80169999407372,227.41798470132915,one shared preloaded model
conv-43-qa-157,chalm,2.351184710729165,13.343900005565956,203.72230000066338,219.4173847169585,one shared preloaded model
conv-43-qa-158,chalm,2.351184710729165,13.68489999731537,218.846299998404,234.88238470644853,one shared preloaded model
conv-43-qa-159,chalm,2.351184710729165,13.577699995948933,170.55819999950472,186.48708470618283,one shared preloaded model
conv-43-qa-160,chalm,2.351184710729165,21.359800004574936,1025.2713000008953,1048.9822847161993,one shared preloaded model
conv-43-qa-161,chalm,2.351184710729165,14.660000000731088,327.5251000013668,344.53628471282707,one shared preloaded model
conv-43-qa-162,chalm,2.351184710729165,13.460000001941808,213.83280000009108,229.64398471276206,one shared preloaded model
conv-43-qa-163,chalm,2.351184710729165,13.605700005427934,112.31620000035036,128.27308471650747,one shared preloaded model
conv-43-qa-164,chalm,2.351184710729165,19.665399995574262,121.63689999579219,143.65348470209562,one shared preloaded model
conv-43-qa-165,chalm,2.351184710729165,13.700399998924695,968.8286000018707,984.8801847115245,one shared preloaded model
conv-43-qa-166,chalm,2.351184710729165,19.534099999873433,193.73040000209585,215.61568471269845,one shared preloaded model
conv-43-qa-167,chalm,2.351184710729165,16.91309999296209,198.03669999964768,217.30098470333894,one shared preloaded model
conv-43-qa-168,chalm,2.351184710729165,18.48030000110157,536.1913000015193,557.02278471335,one shared preloaded model
conv-43-qa-169,chalm,2.351184710729165,18.54289999755565,309.96540000342065,330.8594847117055,one shared preloaded model
conv-43-qa-170,chalm,2.351184710729165,14.800000004470348,204.1726999959792,221.32388471117872,one shared preloaded model
conv-43-qa-171,chalm,2.351184710729165,13.698700000531971,320.6198999978369,336.66978470909805,one shared preloaded model
conv-43-qa-172,chalm,2.351184710729165,13.100199998007156,250.2983000013046,265.7496847100409,one shared preloaded model
conv-43-qa-173,chalm,2.351184710729165,14.588199999707285,160.04660000180593,176.98598471224238,one shared preloaded model
conv-43-qa-174,chalm,2.351184710729165,18.99330000014743,209.32470000116155,230.66918471203815,one shared preloaded model
conv-43-qa-175,chalm,2.351184710729165,14.815599999565165,176.7379000011715,193.90468471146585,one shared preloaded model
conv-43-qa-176,chalm,2.351184710729165,21.692199996323325,156.9679999956861,181.0113847027386,one shared preloaded model
conv-43-qa-177,chalm,2.351184710729165,15.765900003316347,198.47329999902286,216.59038471306837,one shared preloaded model
conv-43-qa-178,chalm,2.351184710729165,13.587000001280103,174.4789000003948,190.41708471240406,one shared preloaded model
conv-43-qa-179,chalm,2.351184710729165,21.90859999973327,171.34939999959897,195.6091847100614,one shared preloaded model
conv-43-qa-180,chalm,2.351184710729165,21.287000003212597,359.933199993975,383.57138470791676,one shared preloaded model
conv-43-qa-181,chalm,2.351184710729165,15.359199998783879,108.46299999684561,126.17338470635866,one shared preloaded model
conv-43-qa-182,chalm,2.351184710729165,21.442799996293616,182.21750000520842,206.0114847122312,one shared preloaded model
conv-43-qa-183,chalm,2.351184710729165,21.351499999582302,152.80820000043605,176.51088471074752,one shared preloaded model
conv-43-qa-184,chalm,2.351184710729165,20.486699999310076,199.66419999400387,222.5020847040431,one shared preloaded model
conv-43-qa-185,chalm,2.351184710729165,13.507999996363651,139.36350000585662,155.22268471294944,one shared preloaded model
conv-43-qa-186,chalm,2.351184710729165,21.798900001158472,173.14430000260472,197.29438471449237,one shared preloaded model
conv-43-qa-187,chalm,2.351184710729165,16.78199999878416,180.20609999803128,199.3392847075446,one shared preloaded model
conv-43-qa-188,chalm,2.351184710729165,21.790500002680346,245.49629999819444,269.63798471160396,one shared preloaded model
conv-43-qa-189,chalm,2.351184710729165,13.623200000438374,187.68719999934547,203.661584710513,one shared preloaded model
conv-43-qa-190,chalm,2.351184710729165,15.870799994445406,176.56259999785107,194.78458470302564,one shared preloaded model
conv-43-qa-191,chalm,2.351184710729165,22.59059999778401,373.46399999660207,398.40578470511525,one shared preloaded model
conv-43-qa-192,chalm,2.351184710729165,18.21370000106981,446.06280000152765,466.62768471332663,one shared preloaded model
conv-43-qa-193,chalm,2.351184710729165,13.896300006308593,269.96880000660894,286.2162847236467,one shared preloaded model
conv-43-qa-194,chalm,2.351184710729165,13.58270000491757,426.3243000023067,442.25818471795344,one shared preloaded model
conv-43-qa-195,chalm,2.351184710729165,17.833199999586213,215.74259999761125,235.92698470792664,one shared preloaded model
conv-43-qa-196,chalm,2.351184710729165,13.936199997260701,203.72920000227168,220.01658471026155,one shared preloaded model
conv-43-qa-197,chalm,2.351184710729165,14.306900004157797,222.86410000378964,239.5221847186766,one shared preloaded model
conv-43-qa-198,chalm,2.351184710729165,15.64870000584051,200.00699999945937,218.00688471602905,one shared preloaded model
conv-43-qa-199,chalm,2.351184710729165,13.625899999169633,171.38100000011036,187.35808471000917,one shared preloaded model
conv-43-qa-200,chalm,2.351184710729165,12.932999998156447,729.142199998023,744.4263847069086,one shared preloaded model
conv-43-qa-201,chalm,2.351184710729165,17.971200002648402,168.5797999962233,188.90218470960087,one shared preloaded model
conv-43-qa-202,chalm,2.351184710729165,21.15530000446597,189.49810000049183,213.00458471568697,one shared preloaded model
conv-43-qa-203,chalm,2.351184710729165,16.983600005914923,210.24659999966389,229.58138471630798,one shared preloaded model
conv-43-qa-204,chalm,2.351184710729165,14.282600001024548,202.89160000538686,219.52538471714058,one shared preloaded model
conv-43-qa-205,chalm,2.351184710729165,14.25790000212146,187.8331000043545,204.44218471720512,one shared preloaded model
conv-43-qa-206,chalm,2.351184710729165,22.052200001780875,182.00969999452354,206.4130847070336,one shared preloaded model
conv-43-qa-207,chalm,2.351184710729165,17.638800003624056,729.8541999989538,749.8441847133071,one shared preloaded model
conv-43-qa-208,chalm,2.351184710729165,18.560900003649294,191.4808000001358,212.39288471451425,one shared preloaded model
conv-43-qa-209,chalm,2.351184710729165,21.432100002130028,300.9877000004053,324.7709847132645,one shared preloaded model
conv-43-qa-210,chalm,2.351184710729165,18.47470000211615,288.37750000093365,309.203384713779,one shared preloaded model
conv-43-qa-211,chalm,2.351184710729165,18.02999999927124,187.51480000355514,207.89598471355555,one shared preloaded model
conv-43-qa-212,chalm,2.351184710729165,21.210699997027405,94.87559999979567,118.43748470755224,one shared preloaded model
conv-43-qa-213,chalm,2.351184710729165,21.43880000221543,719.5944000050076,743.3843847179522,one shared preloaded model
conv-43-qa-214,chalm,2.351184710729165,18.36609999736538,126.00469999597408,146.72198470406863,one shared preloaded model
conv-43-qa-215,chalm,2.351184710729165,21.333700002287515,155.00130000145873,178.68618471447542,one shared preloaded model
conv-43-qa-216,chalm,2.351184710729165,23.16900000005262,344.0757999997004,369.5959847104822,one shared preloaded model
conv-43-qa-217,chalm,2.351184710729165,18.773799994960427,196.79270000051474,217.91768470620434,one shared preloaded model
conv-43-qa-218,chalm,2.351184710729165,17.547399998875335,194.57510000211187,214.47368471171637,one shared preloaded model
conv-43-qa-219,chalm,2.351184710729165,18.36370000091847,472.35220000584377,493.0670847174914,one shared preloaded model
conv-43-qa-220,chalm,2.351184710729165,16.553599998587742,229.26000000006752,248.16478470938443,one shared preloaded model
conv-43-qa-221,chalm,2.351184710729165,13.451200000417884,204.70280000154162,220.50518471268867,one shared preloaded model
conv-43-qa-222,chalm,2.351184710729165,18.297399998118635,139.55600000190316,160.20458471075096,one shared preloaded model
conv-43-qa-223,chalm,2.351184710729165,20.70159999857424,183.95980000059353,207.01258470989694,one shared preloaded model
conv-43-qa-224,chalm,2.351184710729165,21.156300004804507,164.17289999662898,187.68038471216266,one shared preloaded model
conv-43-qa-225,chalm,2.351184710729165,19.10209999914514,234.83990000386257,256.2931847137369,one shared preloaded model
conv-43-qa-226,chalm,2.351184710729165,14.89709999441402,203.6484999989625,220.8967847041057,one shared preloaded model
conv-43-qa-227,chalm,2.351184710729165,13.869499998691026,278.244299996004,294.4649847054242,one shared preloaded model
conv-43-qa-228,chalm,2.351184710729165,18.619499998749234,271.0718000016641,292.0424847111425,one shared preloaded model
conv-43-qa-229,chalm,2.351184710729165,15.611000002536457,173.7712999965879,191.73348470985354,one shared preloaded model
conv-43-qa-230,chalm,2.351184710729165,22.22569999867119,145.87039999605622,170.44728470545658,one shared preloaded model
conv-43-qa-231,chalm,2.351184710729165,21.217900000920054,202.5424000021303,226.11148471377953,one shared preloaded model
conv-43-qa-232,chalm,2.351184710729165,13.059200005955063,210.69360000547022,226.10398472215445,one shared preloaded model
conv-43-qa-233,chalm,2.351184710729165,15.66830000228947,216.36520000174642,234.38468471476506,one shared preloaded model
conv-43-qa-234,chalm,2.351184710729165,14.196600001014303,119.6256999974139,136.17348470915738,one shared preloaded model
conv-43-qa-235,chalm,2.351184710729165,13.548599999921862,194.44739999744343,210.34718470809446,one shared preloaded model
conv-43-qa-236,chalm,2.351184710729165,15.78019999578828,562.0647999967332,580.1961847032507,one shared preloaded model
conv-43-qa-237,chalm,2.351184710729165,14.778400000068359,242.93829999805894,260.06788470885647,one shared preloaded model
conv-43-qa-238,chalm,2.351184710729165,17.602899999474175,205.71319999726256,225.6672847074659,one shared preloaded model
conv-43-qa-239,chalm,2.351184710729165,18.041799994534813,147.75530000042636,168.14828470569034,one shared preloaded model
conv-43-qa-240,chalm,2.351184710729165,22.184900000866037,173.88380000193138,198.41988471352659,one shared preloaded model
conv-43-qa-241,chalm,2.351184710729165,22.468100003607105,173.49860000103945,198.31788471537573,one shared preloaded model
conv-44-qa-0,chalm,3.402163291164332,20.914599997922778,222.64200000063283,246.95876328971994,one shared preloaded model
conv-44-qa-1,chalm,3.402163291164332,13.366399994993117,193.2849000004353,210.05346328659274,one shared preloaded model
conv-44-qa-2,chalm,3.402163291164332,19.245499999669846,189.3391999983578,211.98686328919197,one shared preloaded model
conv-44-qa-3,chalm,3.402163291164332,19.238300003053155,223.68390000337968,246.32436329759716,one shared preloaded model
conv-44-qa-4,chalm,3.402163291164332,15.5981000061729,499.8644000006607,518.8646632979979,one shared preloaded model
conv-44-qa-5,chalm,3.402163291164332,17.020400002365932,468.06549999746494,488.4880632909952,one shared preloaded model
conv-44-qa-6,chalm,3.402163291164332,17.71579999331152,317.0185999988462,338.13656328332206,one shared preloaded model
conv-44-qa-7,chalm,3.402163291164332,15.938999997160863,179.19560000154888,198.53676328987407,one shared preloaded model
conv-44-qa-8,chalm,3.402163291164332,20.63600000110455,160.9521999998833,184.99036329215218,one shared preloaded model
conv-44-qa-9,chalm,3.402163291164332,22.24170000408776,170.46199999458622,196.1058632898383,one shared preloaded model
conv-44-qa-10,chalm,3.402163291164332,21.090099995490164,476.81459999876097,501.3068632854155,one shared preloaded model
conv-44-qa-11,chalm,3.402163291164332,13.877999997930601,506.6445999982534,523.9247632873484,one shared preloaded model
conv-44-qa-12,chalm,3.402163291164332,18.176500001573004,146.05109999683918,167.62976328957652,one shared preloaded model
conv-44-qa-13,chalm,3.402163291164332,16.611400002148002,205.63899999979185,225.65256329310418,one shared preloaded model
conv-44-qa-14,chalm,3.402163291164332,14.815300004556775,345.34590000112075,363.5633632968419,one shared preloaded model
conv-44-qa-15,chalm,3.402163291164332,17.037199999322183,181.9037000022945,202.343063292781,one shared preloaded model
conv-44-qa-16,chalm,3.402163291164332,20.482899999478832,125.9109999955399,149.79606328618306,one shared preloaded model
conv-44-qa-17,chalm,3.402163291164332,15.548799994576257,214.0824000016437,233.03336328738428,one shared preloaded model
conv-44-qa-18,chalm,3.402163291164332,12.766100000590086,175.9066000013263,192.0748632930807,one shared preloaded model
conv-44-qa-19,chalm,3.402163291164332,16.011400002753362,277.0481999978074,296.4617632917251,one shared preloaded model
conv-44-qa-20,chalm,3.402163291164332,13.69699999486329,205.13309999660123,222.23226328262885,one shared preloaded model
conv-44-qa-21,chalm,3.402163291164332,13.324999999895226,165.4594999999972,182.18666329105676,one shared preloaded model
conv-44-qa-22,chalm,3.402163291164332,20.934699998178985,490.18359999899985,514.5204632883432,one shared preloaded model
conv-44-qa-23,chalm,3.402163291164332,18.362499999057036,186.06620000355178,207.83086329377315,one shared preloaded model
conv-44-qa-24,chalm,3.402163291164332,20.683100003225263,204.14159999927506,228.22686329366465,one shared preloaded model
conv-44-qa-25,chalm,3.402163291164332,14.208499997039326,203.8234999999986,221.43416328820226,one shared preloaded model
conv-44-qa-26,chalm,3.402163291164332,13.697000002139248,356.17170000477927,373.2708632980829,one shared preloaded model
conv-44-qa-27,chalm,3.402163291164332,17.927500004589092,178.3863000018755,199.71596329762892,one shared preloaded model
conv-44-qa-28,chalm,3.402163291164332,17.719200004648883,207.18569999735337,228.30706329316658,one shared preloaded model
conv-44-qa-29,chalm,3.402163291164332,13.0628999977489,295.1141000012285,311.57916329014176,one shared preloaded model
conv-44-qa-30,chalm,3.402163291164332,13.313499999640044,158.38950000033947,175.10516329114384,one shared preloaded model
conv-44-qa-31,chalm,3.402163291164332,20.405299997946713,179.24639999546343,203.05386328457448,one shared preloaded model
conv-44-qa-32,chalm,3.402163291164332,20.813900002394803,266.38960000127554,290.6056632948347,one shared preloaded model
conv-44-qa-33,chalm,3.402163291164332,13.74029999715276,248.78610000450863,265.92856329282574,one shared preloaded model
conv-44-qa-34,chalm,3.402163291164332,14.227499996195547,117.3622000060277,134.99186329338758,one shared preloaded model
conv-44-qa-35,chalm,3.402163291164332,20.78579999943031,185.66480000299634,209.85276329359098,one shared preloaded model
conv-44-qa-36,chalm,3.402163291164332,20.654400002968032,159.74629999982426,183.80286329395662,one shared preloaded model
conv-44-qa-37,chalm,3.402163291164332,20.89999999589054,528.502799999842,552.8049632868969,one shared preloaded model
conv-44-qa-38,chalm,3.402163291164332,17.436699999962002,529.6187999992981,550.4576632904244,one shared preloaded model
conv-44-qa-39,chalm,3.402163291164332,13.698499999009073,270.41299999837065,287.5136632885441,one shared preloaded model
conv-44-qa-40,chalm,3.402163291164332,18.385299998044502,180.70089999673655,202.48836328594538,one shared preloaded model
conv-44-qa-41,chalm,3.402163291164332,20.689600001787767,355.18430000229273,379.27606329524485,one shared preloaded model
conv-44-qa-42,chalm,3.402163291164332,17.709100000502076,191.34759999724338,212.45886328890978,one shared preloaded model
conv-44-qa-43,chalm,3.402163291164332,21.138099997187965,208.83360000152607,233.37386328987836,one shared preloaded model
conv-44-qa-44,chalm,3.402163291164332,15.652599999157246,156.05649999633897,175.11126328666055,one shared preloaded model
conv-44-qa-45,chalm,3.402163291164332,16.935799998464063,204.58240000152728,224.92036329115567,one shared preloaded model
conv-44-qa-46,chalm,3.402163291164332,12.495900002249982,120.59489999955986,136.49296329297417,one shared preloaded model
conv-44-qa-47,chalm,3.402163291164332,20.358400004624855,186.07740000152262,209.8379632973118,one shared preloaded model
conv-44-qa-48,chalm,3.402163291164332,18.363100003625732,249.95440000202507,271.71966329681516,one shared preloaded model
conv-44-qa-49,chalm,3.402163291164332,13.07509999605827,104.02249999606283,120.49976328328543,one shared preloaded model
conv-44-qa-50,chalm,3.402163291164332,20.765200002642814,191.76970000262372,215.93706329643086,one shared preloaded model
conv-44-qa-51,chalm,3.402163291164332,15.338799996243324,146.75110000098357,165.49206328839122,one shared preloaded model
conv-44-qa-52,chalm,3.402163291164332,16.301699994073715,219.35629999643425,239.0601632816723,one shared preloaded model
conv-44-qa-53,chalm,3.402163291164332,16.199800003960263,180.8413999970071,200.4433632921317,one shared preloaded model
conv-44-qa-54,chalm,3.402163291164332,21.619099999952596,452.76169999851845,477.7829632896354,one shared preloaded model
conv-44-qa-55,chalm,3.402163291164332,13.246900001831818,516.814800001157,533.4638632941532,one shared preloaded model
conv-44-qa-56,chalm,3.402163291164332,13.734100000874605,201.39430000563152,218.53056329767045,one shared preloaded model
conv-44-qa-57,chalm,3.402163291164332,14.60370000131661,193.11939999897731,211.12526329145825,one shared preloaded model
conv-44-qa-58,chalm,3.402163291164332,16.7961999977706,208.65049999702023,228.84886328595516,one shared preloaded model
conv-44-qa-59,chalm,3.402163291164332,13.427400001091883,172.15910000231816,188.98866329457437,one shared preloaded model
conv-44-qa-60,chalm,3.402163291164332,20.382899994729087,199.12679999833927,222.91186328423268,one shared preloaded model
conv-44-qa-61,chalm,3.402163291164332,13.529500000004191,207.05570000427542,223.98736329544394,one shared preloaded model
conv-44-qa-62,chalm,3.402163291164332,15.614399999321904,262.6304999939748,281.64706328446107,one shared preloaded model
conv-44-qa-63,chalm,3.402163291164332,16.161599996848963,203.89659999636933,223.46036328438262,one shared preloaded model
conv-44-qa-64,chalm,3.402163291164332,12.95590000518132,120.86759999510832,137.22566329145397,one shared preloaded model
conv-44-qa-65,chalm,3.402163291164332,20.796400000108406,404.2260999995051,428.42466329077786,one shared preloaded model
conv-44-qa-66,chalm,3.402163291164332,15.464699994481634,121.8726000006427,140.73946328628867,one shared preloaded model
conv-44-qa-67,chalm,3.402163291164332,22.008799998729955,164.5342999981949,189.9452632880892,one shared preloaded model
conv-44-qa-68,chalm,3.402163291164332,18.58889999857638,420.08079999504844,442.0718632847892,one shared preloaded model
conv-44-qa-69,chalm,3.402163291164332,14.881700000842102,353.40919999725884,371.6930632892653,one shared preloaded model
conv-44-qa-70,chalm,3.402163291164332,14.356400002725422,172.05470000044443,189.81326329433418,one shared preloaded model
conv-44-qa-71,chalm,3.402163291164332,21.205500001087785,295.1080000057118,319.71566329796394,one shared preloaded model
conv-44-qa-72,chalm,3.402163291164332,17.330399998172652,395.5521000025328,416.28466329186983,one shared preloaded model
conv-44-qa-73,chalm,3.402163291164332,17.690100001345854,212.44229999865638,233.53456329116656,one shared preloaded model
conv-44-qa-74,chalm,3.402163291164332,14.637000000220723,154.54869999666698,172.58786328805203,one shared preloaded model
conv-44-qa-75,chalm,3.402163291164332,20.763100001204293,307.7032000001054,331.8684632924741,one shared preloaded model
conv-44-qa-76,chalm,3.402163291164332,17.1489999993355,244.94419999973616,265.495363290236,one shared preloaded model
conv-44-qa-77,chalm,3.402163291164332,14.492900001641829,250.34020000020973,268.2352632930159,one shared preloaded model
conv-44-qa-78,chalm,3.402163291164332,15.942300000460818,268.6170000015409,287.96146329316605,one shared preloaded model
conv-44-qa-79,chalm,3.402163291164332,13.602899998659268,201.9944999992731,218.9995632890967,one shared preloaded model
conv-44-qa-80,chalm,3.402163291164332,15.357199998106807,205.60020000266377,224.3595632919349,one shared preloaded model
conv-44-qa-81,chalm,3.402163291164332,13.576999997894745,188.61810000089463,205.5972632899537,one shared preloaded model
conv-44-qa-82,chalm,3.402163291164332,21.05660000233911,105.37160000239965,129.83036329590308,one shared preloaded model
conv-44-qa-83,chalm,3.402163291164332,20.794199997908436,1600.4133000024012,1624.609663291474,one shared preloaded model
conv-44-qa-84,chalm,3.402163291164332,16.757700002926867,1286.7148999939673,1306.8747632880584,one shared preloaded model
conv-44-qa-85,chalm,3.402163291164332,18.34729999973206,161.2297000028775,182.9791632937739,one shared preloaded model
conv-44-qa-86,chalm,3.402163291164332,14.68649999878835,235.53220000030706,253.62086329025973,one shared preloaded model
conv-44-qa-87,chalm,3.402163291164332,18.054400003165938,216.96110000630142,238.4176633006317,one shared preloaded model
conv-44-qa-88,chalm,3.402163291164332,13.128899998264387,521.1306999990484,537.6617632884771,one shared preloaded model
conv-44-qa-89,chalm,3.402163291164332,13.152699997590389,179.68719999771565,196.24206328647037,one shared preloaded model
conv-44-qa-90,chalm,3.402163291164332,17.233099999430124,161.36139999434818,181.99666328494263,one shared preloaded model
conv-44-qa-91,chalm,3.402163291164332,21.21630000328878,510.48119999904884,535.099663293502,one shared preloaded model
conv-44-qa-92,chalm,3.402163291164332,12.964499997906387,348.9073000018834,365.27396329095416,one shared preloaded model
conv-44-qa-93,chalm,3.402163291164332,18.159500003093854,526.2294999993173,547.7911632935756,one shared preloaded model
conv-44-qa-94,chalm,3.402163291164332,14.485100000456441,666.974100000516,684.8613632921368,one shared preloaded model
conv-44-qa-95,chalm,3.402163291164332,17.849699994258117,203.63240000006044,224.8842632854829,one shared preloaded model
conv-44-qa-96,chalm,3.402163291164332,13.724399999773595,449.2727000033483,466.39926329428624,one shared preloaded model
conv-44-qa-97,chalm,3.402163291164332,17.68409999931464,155.95700000267243,177.0432632931514,one shared preloaded model
conv-44-qa-98,chalm,3.402163291164332,20.457800004805904,146.36629999586148,170.2262632918317,one shared preloaded model
conv-44-qa-99,chalm,3.402163291164332,21.803499999805354,1066.1238000029698,1091.3294632939394,one shared preloaded model
conv-44-qa-100,chalm,3.402163291164332,15.180900001723785,204.79530000011437,223.37836329300248,one shared preloaded model
conv-44-qa-101,chalm,3.402163291164332,13.743400006205775,182.1219999983441,199.2675632957142,one shared preloaded model
conv-44-qa-102,chalm,3.402163291164332,20.537299998977687,462.51240000128746,486.4518632914295,one shared preloaded model
conv-44-qa-103,chalm,3.402163291164332,13.302899998961948,174.34919999504928,191.05426328517555,one shared preloaded model
conv-44-qa-104,chalm,3.402163291164332,20.32119999785209,364.44029999984195,388.1636632888584,one shared preloaded model
conv-44-qa-105,chalm,3.402163291164332,13.548299997637514,312.32359999557957,329.27406328438144,one shared preloaded model
conv-44-qa-106,chalm,3.402163291164332,13.91709999734303,570.8206999988761,588.1399632873835,one shared preloaded model
conv-44-qa-107,chalm,3.402163291164332,13.646999999764375,387.8822000042419,404.9313632951706,one shared preloaded model
conv-44-qa-108,chalm,3.402163291164332,16.937699998379685,387.2495999967214,407.5894632862654,one shared preloaded model
conv-44-qa-109,chalm,3.402163291164332,14.169599999149796,249.55269999918528,267.12446328949943,one shared preloaded model
conv-44-qa-110,chalm,3.402163291164332,13.605599997390527,409.392100002151,426.39986329070587,one shared preloaded model
conv-44-qa-111,chalm,3.402163291164332,19.075700001849327,240.13600000034785,262.61386329336153,one shared preloaded model
conv-44-qa-112,chalm,3.402163291164332,14.817900002526585,154.28160000010394,172.50166329379485,one shared preloaded model
conv-44-qa-113,chalm,3.402163291164332,21.520799993595574,229.6593999999459,254.5823632847058,one shared preloaded model
conv-44-qa-114,chalm,3.402163291164332,14.943700000003446,152.60699999635108,170.95286328751885,one shared preloaded model
conv-44-qa-115,chalm,3.402163291164332,21.71970000199508,320.5976999961422,345.7195632893016,one shared preloaded model
conv-44-qa-116,chalm,3.402163291164332,12.732499999401625,192.0237000013003,208.15836329186627,one shared preloaded model
conv-44-qa-117,chalm,3.402163291164332,17.0572000060929,200.56130000011763,221.02066329737485,one shared preloaded model
conv-44-qa-118,chalm,3.402163291164332,15.097599993168842,199.03119999798946,217.53096328232263,one shared preloaded model
conv-44-qa-119,chalm,3.402163291164332,19.212100000004284,340.446800000791,363.0610632919596,one shared preloaded model
conv-44-qa-120,chalm,3.402163291164332,18.64200000272831,548.8246999957482,570.8688632896409,one shared preloaded model
conv-44-qa-121,chalm,3.402163291164332,19.521299996995367,364.59689999901457,387.5203632871743,one shared preloaded model
conv-44-qa-122,chalm,3.402163291164332,17.835600003309082,521.0551999989548,542.2929632934282,one shared preloaded model
conv-44-qa-123,chalm,3.402163291164332,17.329799993603956,192.85449999733828,213.58646328210656,one shared preloaded model
conv-44-qa-124,chalm,3.402163291164332,16.43829999375157,125.5684999996447,145.4089632845606,one shared preloaded model
conv-44-qa-125,chalm,3.402163291164332,21.87499999854481,203.30220000323607,228.5793632929452,one shared preloaded model
conv-44-qa-126,chalm,3.402163291164332,13.220699998782948,182.95369999395916,199.57656328390644,one shared preloaded model
conv-44-qa-127,chalm,3.402163291164332,21.00339999742573,297.23350000131177,321.63906328990186,one shared preloaded model
conv-44-qa-128,chalm,3.402163291164332,13.294899996253662,163.3374000011827,180.03446328860068,one shared preloaded model
conv-44-qa-129,chalm,3.402163291164332,21.269199998641852,225.35310000239406,250.02446329220024,one shared preloaded model
conv-44-qa-130,chalm,3.402163291164332,14.67679999768734,203.89630000136094,221.9752632902126,one shared preloaded model
conv-44-qa-131,chalm,3.402163291164332,15.091699999175034,182.45919999753824,200.9530632878776,one shared preloaded model
conv-44-qa-132,chalm,3.402163291164332,21.94969999982277,354.7545999972499,380.106463288237,one shared preloaded model
conv-44-qa-133,chalm,3.402163291164332,13.733899999351706,201.8132000011974,218.94926329171344,one shared preloaded model
conv-44-qa-134,chalm,3.402163291164332,17.03129999805242,180.86610000318615,201.2995632924029,one shared preloaded model
conv-44-qa-135,chalm,3.402163291164332,20.564999998896383,414.5067999997991,438.47396328985985,one shared preloaded model
conv-44-qa-136,chalm,3.402163291164332,17.986999999266118,193.67079999938142,215.05996328981186,one shared preloaded model
conv-44-qa-137,chalm,3.402163291164332,18.3413000049768,193.34729999536648,215.0907632915076,one shared preloaded model
conv-44-qa-138,chalm,3.402163291164332,17.78829999966547,332.9837999990559,354.17426328988574,one shared preloaded model
conv-44-qa-139,chalm,3.402163291164332,13.068799999018665,180.35479999525705,196.82576328544005,one shared preloaded model
conv-44-qa-140,chalm,3.402163291164332,21.53369999723509,192.71370000205934,217.64956329045876,one shared preloaded model
conv-44-qa-141,chalm,3.402163291164332,16.538899995794054,284.93539999908535,304.87646328604376,one shared preloaded model
conv-44-qa-142,chalm,3.402163291164332,14.140999999654014,207.06549999886192,224.60866328968027,one shared preloaded model
conv-44-qa-143,chalm,3.402163291164332,13.008899994019885,468.50789999734843,484.9189632825327,one shared preloaded model
conv-44-qa-144,chalm,3.402163291164332,17.483800002082717,208.66530000057537,229.55126329382242,one shared preloaded model
conv-44-qa-145,chalm,3.402163291164332,12.89820000238251,444.70929999806685,461.0096632916137,one shared preloaded model
conv-44-qa-146,chalm,3.402163291164332,17.881500003568362,195.5370999930892,216.8207632878219,one shared preloaded model
conv-44-qa-147,chalm,3.402163291164332,15.280899999197572,208.38419999927282,227.06726328963472,one shared preloaded model
conv-44-qa-148,chalm,3.402163291164332,14.902599999913946,460.55429999978514,478.85906329086345,one shared preloaded model
conv-44-qa-149,chalm,3.402163291164332,17.760700000508223,204.06289999664295,225.2257632883155,one shared preloaded model
conv-44-qa-150,chalm,3.402163291164332,13.147999998182058,388.6945999984164,405.2447632877628,one shared preloaded model
conv-44-qa-151,chalm,3.402163291164332,14.314700005343184,389.53849999961676,407.2553632961243,one shared preloaded model
conv-44-qa-152,chalm,3.402163291164332,17.80009999492904,237.9748999956064,259.1771632816998,one shared preloaded model
conv-44-qa-153,chalm,3.402163291164332,14.847400001599453,241.57620000187308,259.8257632946369,one shared preloaded model
conv-44-qa-154,chalm,3.402163291164332,13.041999998677056,156.10079999896698,172.54496328880836,one shared preloaded model
conv-44-qa-155,chalm,3.402163291164332,21.70690000639297,194.6715000012773,219.7805632988346,one shared preloaded model
conv-44-qa-156,chalm,3.402163291164332,20.04039999883389,176.5203000031761,199.9628632931743,one shared preloaded model
conv-44-qa-157,chalm,3.402163291164332,21.936999997706152,211.89449999656063,237.2336632854311,one shared preloaded model
conv-47-qa-0,chalm,2.906553684213003,13.622500002384186,201.28140000451822,217.8104536911154,one shared preloaded model
conv-47-qa-1,chalm,2.906553684213003,13.177199994970579,178.4302000014577,194.5139536806413,one shared preloaded model
conv-47-qa-2,chalm,2.906553684213003,20.758200000273064,231.00990000239108,254.67465368687715,one shared preloaded model
conv-47-qa-3,chalm,2.906553684213003,13.954800000647083,214.46909999940544,231.33045368426554,one shared preloaded model
conv-47-qa-4,chalm,2.906553684213003,14.016799999808427,139.75159999972675,156.67495368374819,one shared preloaded model
conv-47-qa-5,chalm,2.906553684213003,20.847499996307306,183.84710000100313,207.60115368152344,one shared preloaded model
conv-47-qa-6,chalm,2.906553684213003,20.130899996729568,180.30540000472683,203.3428536856694,one shared preloaded model
conv-47-qa-7,chalm,2.906553684213003,20.740500003739726,152.13699999731034,175.78405368526307,one shared preloaded model
conv-47-qa-8,chalm,2.906553684213003,12.793800000508782,121.033700001135,136.7340536858568,one shared preloaded model
conv-47-qa-9,chalm,2.906553684213003,20.211600000038743,186.74450000253273,209.86265368678448,one shared preloaded model
conv-47-qa-10,chalm,2.906553684213003,20.20769999944605,498.48589999601245,521.6001536796715,one shared preloaded model
conv-47-qa-11,chalm,2.906553684213003,17.355900003167335,204.5505000060075,224.81295369338784,one shared preloaded model
conv-47-qa-12,chalm,2.906553684213003,14.414400000532623,203.31309999892255,220.63405368366818,one shared preloaded model
conv-47-qa-13,chalm,2.906553684213003,14.164800006255973,136.0726999992039,153.1440536896729,one shared preloaded model
conv-47-qa-14,chalm,2.906553684213003,20.34480000293115,335.8628999994835,359.11425368662765,one shared preloaded model
conv-47-qa-15,chalm,2.906553684213003,16.547999999602325,465.47819999977946,484.9327536835948,one shared preloaded model
conv-47-qa-16,chalm,2.906553684213003,18.1047000005492,207.5323000026401,228.54355368740232,one shared preloaded model
conv-47-qa-17,chalm,2.906553684213003,15.750099999422673,136.37680000101682,155.0334536846525,one shared preloaded model
conv-47-qa-18,chalm,2.906553684213003,20.111300000280607,412.65569999814034,435.67355368263395,one shared preloaded model
conv-47-qa-19,chalm,2.906553684213003,18.961900001158938,193.39690000197152,215.26535368734346,one shared preloaded model
conv-47-qa-20,chalm,2.906553684213003,15.634799994586501,96.46410000277683,115.00545368157634,one shared preloaded model
conv-47-qa-21,chalm,2.906553684213003,20.271400004276074,502.8247000009287,526.0026536894178,one shared preloaded model
conv-47-qa-22,chalm,2.906553684213003,13.093699999444652,143.84419999987585,159.84445368353352,one shared preloaded model
conv-47-qa-23,chalm,2.906553684213003,20.189700000628363,331.00130000093486,354.09755368577623,one shared preloaded model
conv-47-qa-24,chalm,2.906553684213003,17.8343000006862,191.81370000296738,212.5545536878666,one shared preloaded model
conv-47-qa-25,chalm,2.906553684213003,18.631000006280374,106.19440000300528,127.73195369349867,one shared preloaded model
conv-47-qa-26,chalm,2.906553684213003,20.123300004343037,241.12359999708133,264.1534536856374,one shared preloaded model
conv-47-qa-27,chalm,2.906553684213003,13.489600001776125,157.79900000052294,174.19515368651207,one shared preloaded model
conv-47-qa-28,chalm,2.906553684213003,15.886900000623427,496.7296000031638,515.5230536880002,one shared preloaded model
conv-47-qa-29,chalm,2.906553684213003,14.587799996661488,172.80899999605026,190.30335367692476,one shared preloaded model
conv-47-qa-30,chalm,2.906553684213003,17.784900002880022,110.57740000251215,131.26885368960518,one shared preloaded model
conv-47-qa-31,chalm,2.906553684213003,20.470899995416403,208.78149999771267,232.15895367734208,one shared preloaded model
conv-47-qa-32,chalm,2.906553684213003,13.560599996708333,178.5407999996096,195.00795368053093,one shared preloaded model
conv-47-qa-33,chalm,2.906553684213003,20.092699996894225,154.70440000353847,177.7036536846457,one shared preloaded model
conv-47-qa-34,chalm,2.906553684213003,18.20150000276044,157.39900000335183,178.50705369032528,one shared preloaded model
conv-47-qa-35,chalm,2.906553684213003,18.751499999780208,147.166599999764,168.82465368375722,one shared preloaded model
conv-47-qa-36,chalm,2.906553684213003,19.886300004145596,189.90869999834104,212.70155368669964,one shared preloaded model
conv-47-qa-37,chalm,2.906553684213003,20.76849999866681,477.7701999992132,501.44525368209304,one shared preloaded model
conv-47-qa-38,chalm,2.906553684213003,17.759800000931136,347.19720000430243,367.8635536894466,one shared preloaded model
conv-47-qa-39,chalm,2.906553684213003,13.755600004515145,340.537600000971,357.19975368969915,one shared preloaded model
conv-47-qa-40,chalm,2.906553684213003,16.903900002944283,302.1699000018998,321.9803536890571,one shared preloaded model
conv-47-qa-41,chalm,2.906553684213003,16.571799998928327,478.48300000623567,497.961353689377,one shared preloaded model
conv-47-qa-42,chalm,2.906553684213003,18.454800003382843,501.6490000052727,523.0103536928685,one shared preloaded model
conv-47-qa-43,chalm,2.906553684213003,17.60649999778252,155.4422999979579,175.95535367995342,one shared preloaded model
conv-47-qa-44,chalm,2.906553684213003,21.43660000001546,288.0834999959916,312.42665368022006,one shared preloaded model
conv-47-qa-45,chalm,2.906553684213003,15.44830000057118,213.74449999711942,232.0993536819036,one shared preloaded model
conv-47-qa-46,chalm,2.906553684213003,13.06730000214884,493.6555000022054,509.6293536885672,one shared preloaded model
conv-47-qa-47,chalm,2.906553684213003,17.360799996822607,491.42650000430876,511.6938536853444,one shared preloaded model
conv-47-qa-48,chalm,2.906553684213003,17.471899998781737,476.6657000000123,497.04415368300704,one shared preloaded model
conv-47-qa-49,chalm,2.906553684213003,18.011599997407757,155.21420000004582,176.1323536816666,one shared preloaded model
conv-47-qa-50,chalm,2.906553684213003,19.981299999926705,471.9535999975051,494.8414536816448,one shared preloaded model
conv-47-qa-51,chalm,2.906553684213003,18.576000002212822,193.0653000017628,214.54785368818864,one shared preloaded model
conv-47-qa-52,chalm,2.906553684213003,16.790300003776792,485.50539999996545,505.20225368795525,one shared preloaded model
conv-47-qa-53,chalm,2.906553684213003,17.463099997257814,195.1236000022618,215.49325368373263,one shared preloaded model
conv-47-qa-54,chalm,2.906553684213003,18.69349999469705,202.23960000294028,223.83965368185034,one shared preloaded model
conv-47-qa-55,chalm,2.906553684213003,13.59289999527391,479.8473000046215,496.3467536841084,one shared preloaded model
conv-47-qa-56,chalm,2.906553684213003,17.70820000092499,104.32750000472879,124.94225368986679,one shared preloaded model
conv-47-qa-57,chalm,2.906553684213003,20.171800002572127,190.65499999851454,213.73335368529968,one shared preloaded model
conv-47-qa-58,chalm,2.906553684213003,20.219800004269928,326.2001999974018,349.32655368588473,one shared preloaded model
conv-47-qa-59,chalm,2.906553684213003,12.918899999931455,326.041799999075,341.8672536832195,one shared preloaded model
conv-47-qa-60,chalm,2.906553684213003,17.26269999926444,200.14380000066012,220.31305368413757,one shared preloaded model
conv-47-qa-61,chalm,2.906553684213003,17.118700001446996,672.3841999992146,692.4094536848746,one shared preloaded model
conv-47-qa-62,chalm,2.906553684213003,17.614600001252256,155.65049999713665,176.1716536826019,one shared preloaded model
conv-47-qa-63,chalm,2.906553684213003,21.515200001886114,470.033899997361,494.4556536834601,one shared preloaded model
conv-47-qa-64,chalm,2.906553684213003,14.862399999401532,183.10469999414636,200.8736536777609,one shared preloaded model
conv-47-qa-65,chalm,2.906553684213003,20.418700005393475,483.24590000265744,506.5711536922639,one shared preloaded model
conv-47-qa-66,chalm,2.906553684213003,13.864900000044145,323.83640000625746,340.6078536905146,one shared preloaded model
conv-47-qa-67,chalm,2.906553684213003,12.789899999916088,205.3338999976404,221.0303536817695,one shared preloaded model
conv-47-qa-68,chalm,2.906553684213003,13.770600002317224,166.02289999718778,182.700053683718,one shared preloaded model
conv-47-qa-69,chalm,2.906553684213003,20.704200003820006,342.14150000480004,365.75225369283305,one shared preloaded model
conv-47-qa-70,chalm,2.906553684213003,17.68620000075316,185.25170000066282,205.844453685629,one shared preloaded model
conv-47-qa-71,chalm,2.906553684213003,20.104999995965045,176.44920000020647,199.46075368038453,one shared preloaded model
conv-47-qa-72,chalm,2.906553684213003,21.319999999832362,126.37660000473261,150.60315368877798,one shared preloaded model
conv-47-qa-73,chalm,2.906553684213003,20.68919999874197,194.28809999953955,217.88385368249453,one shared preloaded model
conv-47-qa-74,chalm,2.906553684213003,13.566300003731158,212.87449999363162,229.34735368157578,one shared preloaded model
conv-47-qa-75,chalm,2.906553684213003,15.154799999436364,188.30290000187233,206.3642536855217,one shared preloaded model
conv-47-qa-76,chalm,2.906553684213003,20.512400005827658,146.34259999729693,169.7615536873376,one shared preloaded model
conv-47-qa-77,chalm,2.906553684213003,21.30570000008447,193.85479999618838,218.06705368048586,one shared preloaded model
conv-47-qa-78,chalm,2.906553684213003,15.244400005030911,168.43010000593495,186.58105369517887,one shared preloaded model
conv-47-qa-79,chalm,2.906553684213003,20.59450000524521,172.24969999369932,195.75075368315754,one shared preloaded model
conv-47-qa-80,chalm,2.906553684213003,13.821000000461936,592.1388999995543,608.8664536842292,one shared preloaded model
conv-47-qa-81,chalm,2.906553684213003,17.806199997721706,169.61000000446802,190.32275368640273,one shared preloaded model
conv-47-qa-82,chalm,2.906553684213003,18.811900001310278,186.67549999372568,208.39395367924897,one shared preloaded model
conv-47-qa-83,chalm,2.906553684213003,19.366100001207087,355.054999999993,377.3276536854131,one shared preloaded model
conv-47-qa-84,chalm,2.906553684213003,13.343899998289999,514.6409000008134,530.8913536833164,one shared preloaded model
conv-47-qa-85,chalm,2.906553684213003,15.848000002733897,155.98110000428278,174.7356536912297,one shared preloaded model
conv-47-qa-86,chalm,2.906553684213003,20.06759999494534,183.39790000027278,206.37205367943113,one shared preloaded model
conv-47-qa-87,chalm,2.906553684213003,22.150900003907736,176.60890000115614,201.6663536892769,one shared preloaded model
conv-47-qa-88,chalm,2.906553684213003,15.471600003365893,175.7108000019798,194.0889536895587,one shared preloaded model
conv-47-qa-89,chalm,2.906553684213003,21.11270000023069,466.8779999992694,490.8972536837131,one shared preloaded model
conv-47-qa-90,chalm,2.906553684213003,16.272699998808093,294.7667999978876,313.9460536809087,one shared preloaded model
conv-47-qa-91,chalm,2.906553684213003,14.004500000737607,373.07189999410184,389.98295367905246,one shared preloaded model
conv-47-qa-92,chalm,2.906553684213003,17.366000000038184,122.14090000634314,142.41345369059434,one shared preloaded model
conv-47-qa-93,chalm,2.906553684213003,20.914799999445677,135.1610999990953,158.982453682754,one shared preloaded model
conv-47-qa-94,chalm,2.906553684213003,20.755099998496007,1338.0853999988176,1361.7470536815265,one shared preloaded model
conv-47-qa-95,chalm,2.906553684213003,12.563500000396743,118.59179999737535,134.0618536819851,one shared preloaded model
conv-47-qa-96,chalm,2.906553684213003,14.941900000849273,109.76830000436166,127.61675368942394,one shared preloaded model
conv-47-qa-97,chalm,2.906553684213003,14.54329999978654,146.51040000171633,163.96025368571588,one shared preloaded model
conv-47-qa-98,chalm,2.906553684213003,20.628099999157712,677.2104999981821,700.7451536815528,one shared preloaded model
conv-47-qa-99,chalm,2.906553684213003,17.83380000415491,406.2495000034687,426.98985369183663,one shared preloaded model
conv-47-qa-100,chalm,2.906553684213003,13.833299999532755,202.40460000059102,219.14445368433678,one shared preloaded model
conv-47-qa-101,chalm,2.906553684213003,13.443800002278294,273.02050000434974,289.37085369084105,one shared preloaded model
conv-47-qa-102,chalm,2.906553684213003,17.927199995028786,204.23570000275504,225.06945368199683,one shared preloaded model
conv-47-qa-103,chalm,2.906553684213003,14.97380000364501,149.87069999915548,167.7510536870135,one shared preloaded model
conv-47-qa-104,chalm,2.906553684213003,20.326600002590567,127.68920000235084,150.92235368915442,one shared preloaded model
conv-47-qa-105,chalm,2.906553684213003,20.548100001178682,225.62720000132686,249.08185368671855,one shared preloaded model
conv-47-qa-106,chalm,2.906553684213003,14.496499999950174,170.03999999724329,187.44305368140647,one shared preloaded model
conv-47-qa-107,chalm,2.906553684213003,20.207900000968948,343.3362999930978,366.45075367827974,one shared preloaded model
conv-47-qa-108,chalm,2.906553684213003,18.118899999535643,193.35709999722894,214.3825536809776,one shared preloaded model
conv-47-qa-109,chalm,2.906553684213003,20.10100000188686,213.87459999823477,236.88215368433464,one shared preloaded model
conv-47-qa-110,chalm,2.906553684213003,13.296199998876546,143.77850000164472,159.98125368473427,one shared preloaded model
conv-47-qa-111,chalm,2.906553684213003,21.127899999555666,618.5671999992337,642.6016536830024,one shared preloaded model
conv-47-qa-112,chalm,2.906553684213003,17.632099996262696,333.8192000010167,354.35785368149243,one shared preloaded model
conv-47-qa-113,chalm,2.906553684213003,13.933899994299281,164.08159999991767,180.92205367842996,one shared preloaded model
conv-47-qa-114,chalm,2.906553684213003,20.530199995846488,332.0554000019911,355.49215368205057,one shared preloaded model
conv-47-qa-115,chalm,2.906553684213003,14.222899997548666,162.79690000374103,179.9263536855027,one shared preloaded model
conv-47-qa-116,chalm,2.906553684213003,19.89550000143936,146.11739999963902,168.9194536852914,one shared preloaded model
conv-47-qa-117,chalm,2.906553684213003,20.421000001078937,205.71709999785526,229.0446536831472,one shared preloaded model
conv-47-qa-118,chalm,2.906553684213003,14.694199999212287,121.30830000387505,138.90905368730034,one shared preloaded model
conv-47-qa-119,chalm,2.906553684213003,16.75719999911962,310.1865999997244,329.85035368305705,one shared preloaded model
conv-47-qa-120,chalm,2.906553684213003,17.031600000336766,227.19800000049872,247.1361536850485,one shared preloaded model
conv-47-qa-121,chalm,2.906553684213003,13.32709999405779,247.14210000092862,263.3757536791994,one shared preloaded model
conv-47-qa-122,chalm,2.906553684213003,16.73270000173943,206.78760000009788,226.42685368605032,one shared preloaded model
conv-47-qa-123,chalm,2.906553684213003,13.31670000217855,225.44099999504397,241.66425368143553,one shared preloaded model
conv-47-qa-124,chalm,2.906553684213003,12.501600001996849,493.972100004612,509.38025369082186,one shared preloaded model
conv-47-qa-125,chalm,2.906553684213003,18.887400001403876,231.08920000231592,252.8831536879328,one shared preloaded model
conv-47-qa-126,chalm,2.906553684213003,15.485899995837826,207.71009999589296,226.1025536759438,one shared preloaded model
conv-47-qa-127,chalm,2.906553684213003,15.681299999414477,207.31290000549052,225.900753689118,one shared preloaded model
conv-47-qa-128,chalm,2.906553684213003,14.770599998882972,327.3442999998224,345.0214536829184,one shared preloaded model
conv-47-qa-129,chalm,2.906553684213003,17.358299999614246,215.24740000313614,235.5122536869634,one shared preloaded model
conv-47-qa-130,chalm,2.906553684213003,13.67490000120597,164.08960000262596,180.67105368804494,one shared preloaded model
conv-47-qa-131,chalm,2.906553684213003,21.585000002232846,80.46979999926407,104.96135368570992,one shared preloaded model
conv-47-qa-132,chalm,2.906553684213003,14.982699998654425,502.0841000005021,519.9733536833695,one shared preloaded model
conv-47-qa-133,chalm,2.906553684213003,12.861399998655543,166.87319999618921,182.64115367905777,one shared preloaded model
conv-47-qa-134,chalm,2.906553684213003,14.956399994844105,376.5581000043312,394.4210536833883,one shared preloaded model
conv-47-qa-135,chalm,2.906553684213003,17.51689999946393,202.13990000047488,222.56335368415182,one shared preloaded model
conv-47-qa-136,chalm,2.906553684213003,13.51789999898756,154.83010000025388,171.25455368345445,one shared preloaded model
conv-47-qa-137,chalm,2.906553684213003,21.35450000059791,206.70999999856576,230.97105368337668,one shared preloaded model
conv-47-qa-138,chalm,2.906553684213003,14.90600000397535,213.7072999976226,231.51985368581097,one shared preloaded model
conv-47-qa-139,chalm,2.906553684213003,13.140899995050859,948.9146000050823,964.9620536843462,one shared preloaded model
conv-47-qa-140,chalm,2.906553684213003,13.340400000743102,108.09850000077859,124.3454536857347,one shared preloaded model
conv-47-qa-141,chalm,2.906553684213003,16.16710000234889,202.51899999857415,221.59265368513604,one shared preloaded model
conv-47-qa-142,chalm,2.906553684213003,16.308399994159117,278.8518000015756,298.06675367994774,one shared preloaded model
conv-47-qa-143,chalm,2.906553684213003,13.645599996380042,545.7028999953764,562.2550536759694,one shared preloaded model
conv-47-qa-144,chalm,2.906553684213003,13.496899999154266,248.73740000475664,265.1408536881239,one shared preloaded model
conv-47-qa-145,chalm,2.906553684213003,16.441299994767178,280.61629999865545,299.96415367763564,one shared preloaded model
conv-47-qa-146,chalm,2.906553684213003,17.91909999883501,238.16799999622162,258.99365367926964,one shared preloaded model
conv-47-qa-147,chalm,2.906553684213003,13.489500001014676,211.2193000066327,227.61535369186038,one shared preloaded model
conv-47-qa-148,chalm,2.906553684213003,13.718400005018339,290.8612999963225,307.48625368555383,one shared preloaded model
conv-47-qa-149,chalm,2.906553684213003,16.925299998547416,133.7606999950367,153.59255367779713,one shared preloaded model
conv-47-qa-150,chalm,2.906553684213003,19.8374999963562,201.7554000049131,224.4994536854823,one shared preloaded model
conv-47-qa-151,chalm,2.906553684213003,13.378699994063936,156.98600000177976,173.2712536800567,one shared preloaded model
conv-47-qa-152,chalm,2.906553684213003,20.012599998153746,933.4638000000268,956.3829536823936,one shared preloaded model
conv-47-qa-153,chalm,2.906553684213003,16.687600000295788,160.53000000101747,180.12415368552627,one shared preloaded model
conv-47-qa-154,chalm,2.906553684213003,20.774799995706417,214.19459999742685,237.87595367734627,one shared preloaded model
conv-47-qa-155,chalm,2.906553684213003,13.020699996559415,448.7144999948214,464.6417536755938,one shared preloaded model
conv-47-qa-156,chalm,2.906553684213003,14.761400001589209,293.2366000022739,310.90455368807613,one shared preloaded model
conv-47-qa-157,chalm,2.906553684213003,14.213899994501844,204.2818999980227,221.40235367673756,one shared preloaded model
conv-47-qa-158,chalm,2.906553684213003,14.63500000681961,172.90769999817712,190.44925368920974,one shared preloaded model
conv-47-qa-159,chalm,2.906553684213003,20.620399998733774,185.63409999478608,209.16105367773287,one shared preloaded model
conv-47-qa-160,chalm,2.906553684213003,18.676899999263696,262.43629999953555,284.01975368301225,one shared preloaded model
conv-47-qa-161,chalm,2.906553684213003,14.384499998413958,200.69560000411002,217.986653686737,one shared preloaded model
conv-47-qa-162,chalm,2.906553684213003,16.981299995677546,224.928199997521,244.81605367741156,one shared preloaded model
conv-47-qa-163,chalm,2.906553684213003,13.513799996871967,190.9239999949932,207.34435367607819,one shared preloaded model
conv-47-qa-164,chalm,2.906553684213003,21.024599998781923,207.46820000204025,231.39935368503518,one shared preloaded model
conv-47-qa-165,chalm,2.906553684213003,12.662100001762155,389.917600004992,405.48625369096715,one shared preloaded model
conv-47-qa-166,chalm,2.906553684213003,17.987799998081755,206.81469999544788,227.70905367774265,one shared preloaded model
conv-47-qa-167,chalm,2.906553684213003,13.399499999650288,202.84499999979744,219.15105368366073,one shared preloaded model
conv-47-qa-168,chalm,2.906553684213003,12.787300001946278,204.35799999540905,220.05185368156833,one shared preloaded model
conv-47-qa-169,chalm,2.906553684213003,14.838100003544241,146.44979999866337,164.19445368642062,one shared preloaded model
conv-47-qa-170,chalm,2.906553684213003,20.46590000099968,415.0932999982615,438.4657536834742,one shared preloaded model
conv-47-qa-171,chalm,2.906553684213003,18.747300004179124,179.12709999654908,200.7809536849412,one shared preloaded model
conv-47-qa-172,chalm,2.906553684213003,21.38579999882495,168.37200000009034,192.6643536831283,one shared preloaded model
conv-47-qa-173,chalm,2.906553684213003,20.467100002861116,190.61960000544786,213.993253692522,one shared preloaded model
conv-47-qa-174,chalm,2.906553684213003,13.465000003634486,231.64450000331271,248.0160536911602,one shared preloaded model
conv-47-qa-175,chalm,2.906553684213003,13.893700001062825,319.7084000057657,336.50865369104156,one shared preloaded model
conv-47-qa-176,chalm,2.906553684213003,16.939900000579655,164.51599999709288,184.36245368188554,one shared preloaded model
conv-47-qa-177,chalm,2.906553684213003,19.364500003575813,285.541800003557,307.8128536913458,one shared preloaded model
conv-47-qa-178,chalm,2.906553684213003,17.118600000685547,181.54350000259,201.56865368748856,one shared preloaded model
conv-47-qa-179,chalm,2.906553684213003,21.646399996825494,194.32390000292799,218.8768536839665,one shared preloaded model
conv-47-qa-180,chalm,2.906553684213003,15.320600003178697,187.60460000339663,205.83175369078833,one shared preloaded model
conv-47-qa-181,chalm,2.906553684213003,12.459300000045914,195.35670000186656,210.72255368612548,one shared preloaded model
conv-47-qa-182,chalm,2.906553684213003,15.661999997973908,197.1315999981016,215.7001536802885,one shared preloaded model
conv-47-qa-183,chalm,2.906553684213003,15.333200004533865,296.19259999890346,314.43235368765033,one shared preloaded model
conv-47-qa-184,chalm,2.906553684213003,13.923900005465839,482.75940000166884,499.5898536913477,one shared preloaded model
conv-47-qa-185,chalm,2.906553684213003,14.38649999909103,140.9988000013982,158.29185368470223,one shared preloaded model
conv-47-qa-186,chalm,2.906553684213003,19.388499997148756,313.1347000016831,335.42975368304485,one shared preloaded model
conv-47-qa-187,chalm,2.906553684213003,17.66700000007404,242.5368999975035,263.11045368179055,one shared preloaded model
conv-47-qa-188,chalm,2.906553684213003,14.492399997834582,250.14630000077887,267.54525368282646,one shared preloaded model
conv-47-qa-189,chalm,2.906553684213003,16.281399999570567,143.16849999886472,162.3564536826483,one shared preloaded model
conv-48-qa-0,chalm,2.290103765665826,21.764599994639866,241.97439999989,266.0291037601957,one shared preloaded model
conv-48-qa-1,chalm,2.290103765665826,15.010500006610528,312.65480000001844,329.9554037722948,one shared preloaded model
conv-48-qa-2,chalm,2.290103765665826,16.586199999437667,220.1781000039773,239.0544037690808,one shared preloaded model
conv-48-qa-3,chalm,2.290103765665826,16.849999999976717,504.00039999658475,523.1405037622272,one shared preloaded model
conv-48-qa-4,chalm,2.290103765665826,12.433100004273001,206.38750000216532,221.11070377210416,one shared preloaded model
conv-48-qa-5,chalm,2.290103765665826,14.010400002007373,96.12239999842132,112.42290376609452,one shared preloaded model
conv-48-qa-6,chalm,2.290103765665826,13.828300005116034,210.57029999792576,226.68870376870763,one shared preloaded model
conv-48-qa-7,chalm,2.290103765665826,14.666999995824881,204.5665999976336,221.52370375912432,one shared preloaded model
conv-48-qa-8,chalm,2.290103765665826,14.42020000104094,305.0825999962399,321.79290376294665,one shared preloaded model
conv-48-qa-9,chalm,2.290103765665826,13.112300002831034,470.29740000289166,485.69980377138853,one shared preloaded model
conv-48-qa-10,chalm,2.290103765665826,13.521199995011557,223.96020000451244,239.77150376518983,one shared preloaded model
conv-48-qa-11,chalm,2.290103765665826,16.29519999551121,188.16720000177156,206.7525037629486,one shared preloaded model
conv-48-qa-12,chalm,2.290103765665826,20.094799998332746,466.6150999983074,489.000003762306,one shared preloaded model
conv-48-qa-13,chalm,2.290103765665826,12.929199998325203,269.1685000027064,284.38780376669746,one shared preloaded model
conv-48-qa-14,chalm,2.290103765665826,16.69249999395106,122.91060000279685,141.89320376241375,one shared preloaded model
conv-48-qa-15,chalm,2.290103765665826,20.06729999993695,206.59600000362843,228.95340376923122,one shared preloaded model
conv-48-qa-16,chalm,2.290103765665826,14.229599997634068,165.02060000493657,181.54030376823647,one shared preloaded model
conv-48-qa-17,chalm,2.290103765665826,19.651800001156516,505.52500000048894,527.4669037673112,one shared preloaded model
conv-48-qa-18,chalm,2.290103765665826,17.612000003282446,200.71149999421323,220.6136037631615,one shared preloaded model
conv-48-qa-19,chalm,2.290103765665826,12.74629999534227,206.17459999630228,221.21100375731038,one shared preloaded model
conv-48-qa-20,chalm,2.290103765665826,14.36489999468904,94.98419999727048,111.63920375762535,one shared preloaded model
conv-48-qa-21,chalm,2.290103765665826,16.602099996816833,127.13919999805512,146.03140376053778,one shared preloaded model
conv-48-qa-22,chalm,2.290103765665826,20.66920000652317,467.03939999861177,489.9987037708008,one shared preloaded model
conv-48-qa-23,chalm,2.290103765665826,16.84720000048401,204.418599998462,223.55590376461186,one shared preloaded model
conv-48-qa-24,chalm,2.290103765665826,12.80110000516288,186.45739999919897,201.54860377002768,one shared preloaded model
conv-48-qa-25,chalm,2.290103765665826,19.74329999939073,164.18870000052266,186.22210376557922,one shared preloaded model
conv-48-qa-26,chalm,2.290103765665826,13.49109999864595,815.357599996787,831.1388037610988,one shared preloaded model
conv-48-qa-27,chalm,2.290103765665826,16.36049999797251,318.3437999978196,336.99440376145793,one shared preloaded model
conv-48-qa-28,chalm,2.290103765665826,12.662000001000706,205.94259999779752,220.89470376446405,one shared preloaded model
conv-48-qa-29,chalm,2.290103765665826,14.51239999732934,204.2243000032613,221.02680376625648,one shared preloaded model
conv-48-qa-30,chalm,2.290103765665826,12.897799999336712,496.235999999044,511.42390376404654,one shared preloaded model
conv-48-qa-31,chalm,2.290103765665826,17.278400002396666,275.5994000035571,295.1679037716196,one shared preloaded model
conv-48-qa-32,chalm,2.290103765665826,15.605200002028141,131.3975000011851,149.29280376887908,one shared preloaded model
conv-48-qa-33,chalm,2.290103765665826,20.43490000505699,191.3903000022401,214.11530377296293,one shared preloaded model
conv-48-qa-34,chalm,2.290103765665826,13.443299998471048,200.24589999957243,215.9793037637093,one shared preloaded model
conv-48-qa-35,chalm,2.290103765665826,14.926900003047194,321.1639000001014,338.38090376881445,one shared preloaded model
conv-48-qa-36,chalm,2.290103765665826,16.28760000312468,191.2575000023935,209.835203771184,one shared preloaded model
conv-48-qa-37,chalm,2.290103765665826,20.28520000021672,460.08429999346845,482.659603759351,one shared preloaded model
conv-48-qa-38,chalm,2.290103765665826,13.337800002773292,332.83030000166036,348.4582037700995,one shared preloaded model
conv-48-qa-39,chalm,2.290103765665826,16.73039999877801,512.4692000026698,531.4897037671136,one shared preloaded model
conv-48-qa-40,chalm,2.290103765665826,17.57779999752529,189.05639999866253,208.92430376185365,one shared preloaded model
conv-48-qa-41,chalm,2.290103765665826,16.04370000131894,1600.0024000022677,1618.3362037692525,one shared preloaded model
conv-48-qa-42,chalm,2.290103765665826,17.416900001990143,183.21479999576695,202.92180376342293,one shared preloaded model
conv-48-qa-43,chalm,2.290103765665826,20.526599997538142,178.3796000017901,201.19630376499407,one shared preloaded model
conv-48-qa-44,chalm,2.290103765665826,20.143499998084735,171.08980000193696,193.52340376568753,one shared preloaded model
conv-48-qa-45,chalm,2.290103765665826,20.01330000348389,179.43389999709325,201.73730376624297,one shared preloaded model
conv-48-qa-46,chalm,2.290103765665826,21.23060000303667,520.3763000026811,543.8970037713835,one shared preloaded model
conv-48-qa-47,chalm,2.290103765665826,14.132200005406048,496.7636000001221,513.1859037711939,one shared preloaded model
conv-48-qa-48,chalm,2.290103765665826,17.270700001972727,189.09010000061244,208.650903768251,one shared preloaded model
conv-48-qa-49,chalm,2.290103765665826,12.796199996955693,169.55419999430887,184.6405037569304,one shared preloaded model
conv-48-qa-50,chalm,2.290103765665826,14.872499996272381,190.91179999668384,208.07440375862205,one shared preloaded model
conv-48-qa-51,chalm,2.290103765665826,20.87809999648016,490.42430000554305,513.592503767689,one shared preloaded model
conv-48-qa-52,chalm,2.290103765665826,12.7241000009235,193.5964000003878,208.61060376697714,one shared preloaded model
conv-48-qa-53,chalm,2.290103765665826,19.078499994066078,173.52699999901233,194.89560375874424,one shared preloaded model
conv-48-qa-54,chalm,2.290103765665826,20.126999996136874,121.5818999990006,143.9990037608033,one shared preloaded model
conv-48-qa-55,chalm,2.290103765665826,21.344399996451102,205.5387000000337,229.17320376215065,one shared preloaded model
conv-48-qa-56,chalm,2.290103765665826,13.493200000084471,522.5022000013269,538.2855037670771,one shared preloaded model
conv-48-qa-57,chalm,2.290103765665826,15.041599996038713,206.26379999885103,223.59550376055557,one shared preloaded model
conv-48-qa-58,chalm,2.290103765665826,12.920799999847077,155.74519999790937,170.95610376342228,one shared preloaded model
conv-48-qa-59,chalm,2.290103765665826,20.68860000144923,506.65110000409186,529.6298037712069,one shared preloaded model
conv-48-qa-60,chalm,2.290103765665826,13.441099996271078,329.7337000039988,345.46490376593573,one shared preloaded model
conv-48-qa-61,chalm,2.290103765665826,17.38599999953294,226.28550000081304,245.96160376601182,one shared preloaded model
conv-48-qa-62,chalm,2.290103765665826,13.302799998200499,204.42119999643182,220.01410376029816,one shared preloaded model
conv-48-qa-63,chalm,2.290103765665826,15.827399998670444,188.38879999384517,206.50630375818145,one shared preloaded model
conv-48-qa-64,chalm,2.290103765665826,20.115900006203447,124.23250000574626,146.63850377761554,one shared preloaded model
conv-48-qa-65,chalm,2.290103765665826,21.148100000573322,170.06039999978384,193.498603766023,one shared preloaded model
conv-48-qa-66,chalm,2.290103765665826,20.682100002886727,122.04790000396315,145.0201037725157,one shared preloaded model
conv-48-qa-67,chalm,2.290103765665826,20.312100001319777,214.1805999999633,236.78280376694892,one shared preloaded model
conv-48-qa-68,chalm,2.290103765665826,12.504799997259397,191.45469999784837,206.2496037607736,one shared preloaded model
conv-48-qa-69,chalm,2.290103765665826,20.433400000911206,186.3214999975753,209.04500376415234,one shared preloaded model
conv-48-qa-70,chalm,2.290103765665826,20.605300000170246,173.90069999964908,196.79610376548516,one shared preloaded model
conv-48-qa-71,chalm,2.290103765665826,20.309799998358358,474.03489999851445,496.63480376253864,one shared preloaded model
conv-48-qa-72,chalm,2.290103765665826,14.301800001703668,458.0010999998194,474.5930037671889,one shared preloaded model
conv-48-qa-73,chalm,2.290103765665826,12.698900005489122,475.83389999635983,490.8229037675148,one shared preloaded model
conv-48-qa-74,chalm,2.290103765665826,13.011600000027101,345.46649999538204,360.768203761075,one shared preloaded model
conv-48-qa-75,chalm,2.290103765665826,17.31310000468511,104.4603000045754,124.06350377492635,one shared preloaded model
conv-48-qa-76,chalm,2.290103765665826,20.279199998185504,331.0494000033941,353.61870376724545,one shared preloaded model
conv-48-qa-77,chalm,2.290103765665826,17.840699998487253,291.0321000017575,311.1629037659106,one shared preloaded model
conv-48-qa-78,chalm,2.290103765665826,14.021399998455308,173.2666000025347,189.57810376665583,one shared preloaded model
conv-48-qa-79,chalm,2.290103765665826,19.833199999993667,116.53579999983776,138.65910376549726,one shared preloaded model
conv-48-qa-80,chalm,2.290103765665826,19.065000000409782,98.92359999503242,120.27870376110803,one shared preloaded model
conv-48-qa-81,chalm,2.290103765665826,13.338800003111828,509.58470000477973,525.2136037735573,one shared preloaded model
conv-48-qa-82,chalm,2.290103765665826,17.00600000185659,173.4883000026457,192.78440377016813,one shared preloaded model
conv-48-qa-83,chalm,2.290103765665826,15.48449999972945,161.9695000044885,179.7441037698838,one shared preloaded model
conv-48-qa-84,chalm,2.290103765665826,15.312499999708962,667.1444000021438,684.7470037675185,one shared preloaded model
conv-48-qa-85,chalm,2.290103765665826,17.14969999738969,264.27139999577776,283.7112037588333,one shared preloaded model
conv-48-qa-86,chalm,2.290103765665826,14.718700003868435,137.13599999755388,154.14480376708815,one shared preloaded model
conv-48-qa-87,chalm,2.290103765665826,20.502100000157952,202.76970000122674,225.56190376705052,one shared preloaded model
conv-48-qa-88,chalm,2.290103765665826,12.931999997817911,266.7576000021654,281.97970376564916,one shared preloaded model
conv-48-qa-89,chalm,2.290103765665826,16.758100005972665,150.1066000055289,169.1548037771674,one shared preloaded model
conv-48-qa-90,chalm,2.290103765665826,20.036699999764096,182.60089999967022,204.92770376510015,one shared preloaded model
conv-48-qa-91,chalm,2.290103765665826,20.418500003870577,200.48420000239275,223.19280377192916,one shared preloaded model
conv-48-qa-92,chalm,2.290103765665826,14.415899997402448,166.57080000004498,183.27680376311326,one shared preloaded model
conv-48-qa-93,chalm,2.290103765665826,20.162400003755465,216.86139999656007,239.31390376598137,one shared preloaded model
conv-48-qa-94,chalm,2.290103765665826,15.401500000734814,160.3871999977855,178.07880376418615,one shared preloaded model
conv-48-qa-95,chalm,2.290103765665826,19.77860000624787,199.70549999561626,221.77420376752997,one shared preloaded model
conv-48-qa-96,chalm,2.290103765665826,13.286100002005696,216.35999999853084,231.93620376620237,one shared preloaded model
conv-48-qa-97,chalm,2.290103765665826,14.300199996796437,180.76090000249678,197.35120376495905,one shared preloaded model
conv-48-qa-98,chalm,2.290103765665826,19.896600002539344,468.1172000055085,490.30390377371367,one shared preloaded model
conv-48-qa-99,chalm,2.290103765665826,17.32800000172574,347.5624999991851,367.18060376657667,one shared preloaded model
conv-48-qa-100,chalm,2.290103765665826,12.924299997393973,1592.7043999981834,1607.9188037612432,one shared preloaded model
conv-48-qa-101,chalm,2.290103765665826,12.93920000171056,204.94150000013178,220.17080376750818,one shared preloaded model
conv-48-qa-102,chalm,2.290103765665826,14.701000000059139,202.29939999990165,219.29050376562662,one shared preloaded model
conv-48-qa-103,chalm,2.290103765665826,13.939599994046148,378.06039999850327,394.29010375821525,one shared preloaded model
conv-48-qa-104,chalm,2.290103765665826,17.69100000092294,249.99689999822294,269.9780037648117,one shared preloaded model
conv-48-qa-105,chalm,2.290103765665826,16.6559999997844,197.45520000287797,216.4013037683282,one shared preloaded model
conv-48-qa-106,chalm,2.290103765665826,14.346500000101514,204.83290000265697,221.46950376842432,one shared preloaded model
conv-48-qa-107,chalm,2.290103765665826,13.391200001933612,133.72550000349293,149.40680377109237,one shared preloaded model
conv-48-qa-108,chalm,2.290103765665826,15.735100001620594,161.1830000038026,179.20820377108902,one shared preloaded model
conv-48-qa-109,chalm,2.290103765665826,21.149799998966046,208.5095000002184,231.94940376485027,one shared preloaded model
conv-48-qa-110,chalm,2.290103765665826,17.590600000403356,1101.070400000026,1120.9511037660952,one shared preloaded model
conv-48-qa-111,chalm,2.290103765665826,18.38829999906011,554.5392999993055,575.2177037640314,one shared preloaded model
conv-48-qa-112,chalm,2.290103765665826,17.536999999720138,235.3627000047709,255.18980377015686,one shared preloaded model
conv-48-qa-113,chalm,2.290103765665826,15.250900003593415,1570.8252000040375,1588.3662037732968,one shared preloaded model
conv-48-qa-114,chalm,2.290103765665826,17.037699995853473,599.6374999958789,618.9653037573981,one shared preloaded model
conv-48-qa-115,chalm,2.290103765665826,18.341599999985192,198.00250000116648,218.6342037668175,one shared preloaded model
conv-48-qa-116,chalm,2.290103765665826,16.146499998285435,221.04620000027353,239.4828037642248,one shared preloaded model
conv-48-qa-117,chalm,2.290103765665826,13.035500000114553,343.66850000515115,358.99410377093153,one shared preloaded model
conv-48-qa-118,chalm,2.290103765665826,16.79800000420073,159.69120000227122,178.77930377213778,one shared preloaded model
conv-48-qa-119,chalm,2.290103765665826,15.494999999646097,157.19009999884292,174.97520376415486,one shared preloaded model
conv-48-qa-120,chalm,2.290103765665826,13.185499999963213,391.89469999837456,407.3703037640036,one shared preloaded model
conv-48-qa-121,chalm,2.290103765665826,14.932399993995205,188.01150000217604,205.23400376183707,one shared preloaded model
conv-48-qa-122,chalm,2.290103765665826,21.13420000387123,218.3770999981789,241.80140376771595,one shared preloaded model
conv-48-qa-123,chalm,2.290103765665826,15.376400006061886,240.17580000509042,257.84230377681814,one shared preloaded model
conv-48-qa-124,chalm,2.290103765665826,17.00459999847226,211.99909999995725,231.29380376409534,one shared preloaded model
conv-48-qa-125,chalm,2.290103765665826,14.094400001340546,152.36679999361513,168.7513037606215,one shared preloaded model
conv-48-qa-126,chalm,2.290103765665826,20.641499999328516,342.43390000483487,365.3655037698292,one shared preloaded model
conv-48-qa-127,chalm,2.290103765665826,15.432799998961855,357.8421999991406,375.56510376376826,one shared preloaded model
conv-48-qa-128,chalm,2.290103765665826,17.367899999953806,97.72930000326596,117.3873037688856,one shared preloaded model
conv-48-qa-129,chalm,2.290103765665826,20.77580000332091,141.4195000033942,164.48540377238095,one shared preloaded model
conv-48-qa-130,chalm,2.290103765665826,20.469600000069477,643.312700005481,666.0724037712163,one shared preloaded model
conv-48-qa-131,chalm,2.290103765665826,17.965500002901535,330.44279999739956,350.69840376596693,one shared preloaded model
conv-48-qa-132,chalm,2.290103765665826,13.12099999631755,577.8638000047067,593.27490376669,one shared preloaded model
conv-48-qa-133,chalm,2.290103765665826,17.49990000098478,283.7454999971669,303.53550376381753,one shared preloaded model
conv-48-qa-134,chalm,2.290103765665826,15.864399996644352,157.01379999518394,175.16830375749413,one shared preloaded model
conv-48-qa-135,chalm,2.290103765665826,20.67519999400247,302.63060000288533,325.59590376255363,one shared preloaded model
conv-48-qa-136,chalm,2.290103765665826,14.638099994044751,344.74970000155736,361.67790376126794,one shared preloaded model
conv-48-qa-137,chalm,2.290103765665826,13.833999997586943,147.9849999959697,164.10910375922248,one shared preloaded model
conv-48-qa-138,chalm,2.290103765665826,20.91890000156127,337.4381999965408,360.6472037637679,one shared preloaded model
conv-48-qa-139,chalm,2.290103765665826,17.789100005757064,698.2797999953618,718.3590037667847,one shared preloaded model
conv-48-qa-140,chalm,2.290103765665826,15.279999999620486,95.232899999246,112.80300376453232,one shared preloaded model
conv-48-qa-141,chalm,2.290103765665826,20.070699996722396,345.8554000026197,368.21620376500795,one shared preloaded model
conv-48-qa-142,chalm,2.290103765665826,13.725400000112131,630.1383000027272,646.1538037685051,one shared preloaded model
conv-48-qa-143,chalm,2.290103765665826,16.76259999658214,697.7935999966576,716.8463037589055,one shared preloaded model
conv-48-qa-144,chalm,2.290103765665826,13.0046999984188,544.879300003231,560.1741037673156,one shared preloaded model
conv-48-qa-145,chalm,2.290103765665826,17.79250000254251,266.47349999984726,286.5561037680556,one shared preloaded model
conv-48-qa-146,chalm,2.290103765665826,15.92510000045877,194.59890000143787,212.81410376756247,one shared preloaded model
conv-48-qa-147,chalm,2.290103765665826,15.513700003793929,147.66339999914635,165.4672037686061,one shared preloaded model
conv-48-qa-148,chalm,2.290103765665826,21.12999999371823,156.93659999669762,180.35670375608169,one shared preloaded model
conv-48-qa-149,chalm,2.290103765665826,19.886100002622698,275.0143000012031,297.1905037694916,one shared preloaded model
conv-48-qa-150,chalm,2.290103765665826,13.049900000623893,228.33980000723386,243.6798037735236,one shared preloaded model
conv-48-qa-151,chalm,2.290103765665826,15.365200000815094,152.9614999963087,170.61680376278963,one shared preloaded model
conv-48-qa-152,chalm,2.290103765665826,19.714599999133497,676.6931000020122,698.6978037668115,one shared preloaded model
conv-48-qa-153,chalm,2.290103765665826,18.509999994421378,388.71459999791114,409.51470375799835,one shared preloaded model
conv-48-qa-154,chalm,2.290103765665826,18.316000001505017,193.0718999938108,213.67800376098165,one shared preloaded model
conv-48-qa-155,chalm,2.290103765665826,15.855600002396386,200.17090000328608,218.3166037713483,one shared preloaded model
conv-48-qa-156,chalm,2.290103765665826,13.937099996837787,210.98010000423528,227.2073037667389,one shared preloaded model
conv-48-qa-157,chalm,2.290103765665826,13.439599999401253,156.80349999456666,172.53320375963375,one shared preloaded model
conv-48-qa-158,chalm,2.290103765665826,15.431700005137827,253.9143999965745,271.63620376737816,one shared preloaded model
conv-48-qa-159,chalm,2.290103765665826,14.973400000599213,476.64780000195606,493.9113037682211,one shared preloaded model
conv-48-qa-160,chalm,2.290103765665826,14.27710000280058,139.839799994661,156.40700376312742,one shared preloaded model
conv-48-qa-161,chalm,2.290103765665826,21.19259999744827,189.13849999808008,212.62120376119418,one shared preloaded model
conv-48-qa-162,chalm,2.290103765665826,18.774699994537514,234.18150000361493,255.24630376381828,one shared preloaded model
conv-48-qa-163,chalm,2.290103765665826,12.761799996951595,373.9858999979333,389.03780376055073,one shared preloaded model
conv-48-qa-164,chalm,2.290103765665826,17.57989999896381,193.63519999751588,213.50520376214553,one shared preloaded model
conv-48-qa-165,chalm,2.290103765665826,16.370999997889157,144.74569999583764,163.40680375939263,one shared preloaded model
conv-48-qa-166,chalm,2.290103765665826,19.86179999948945,172.2998000041116,194.45170376926689,one shared preloaded model
conv-48-qa-167,chalm,2.290103765665826,15.89570000214735,301.8255999995745,320.01140376738766,one shared preloaded model
conv-48-qa-168,chalm,2.290103765665826,17.366100000799634,190.29560000490164,209.9518037713671,one shared preloaded model
conv-48-qa-169,chalm,2.290103765665826,16.190299997106194,244.75230000098236,263.2327037637544,one shared preloaded model
conv-48-qa-170,chalm,2.290103765665826,13.49290000507608,276.56610000121873,292.34910377196064,one shared preloaded model
conv-48-qa-171,chalm,2.290103765665826,13.804100002744235,110.88749999908032,126.98170376749039,one shared preloaded model
conv-48-qa-172,chalm,2.290103765665826,21.304599998984486,531.8903000006685,555.4850037653188,one shared preloaded model
conv-48-qa-173,chalm,2.290103765665826,17.52419999684207,186.41610000486253,206.23040376737043,one shared preloaded model
conv-48-qa-174,chalm,2.290103765665826,21.32549999805633,177.06270000053337,200.67830376425553,one shared preloaded model
conv-48-qa-175,chalm,2.290103765665826,20.846700004767627,191.90299999900162,215.03980376943508,one shared preloaded model
conv-48-qa-176,chalm,2.290103765665826,18.040900002233684,375.3718000007211,395.70280376862064,one shared preloaded model
conv-48-qa-177,chalm,2.290103765665826,17.191099999763537,199.17179999902146,218.65300376445083,one shared preloaded model
conv-48-qa-178,chalm,2.290103765665826,13.310499998624437,136.77540000207955,152.37600376636982,one shared preloaded model
conv-48-qa-179,chalm,2.290103765665826,20.899900002405047,179.73399999755202,202.9240037656229,one shared preloaded model
conv-48-qa-180,chalm,2.290103765665826,20.322500000474975,175.65710000053514,198.26970376667595,one shared preloaded model
conv-48-qa-181,chalm,2.290103765665826,19.787799996265676,173.17509999702452,195.25300375895603,one shared preloaded model
conv-48-qa-182,chalm,2.290103765665826,20.063099997059908,223.78990000288468,246.14310376561042,one shared preloaded model
conv-48-qa-183,chalm,2.290103765665826,14.068199998291675,241.55400000017835,257.91230376413586,one shared preloaded model
conv-48-qa-184,chalm,2.290103765665826,18.80939999682596,206.54120000108378,227.64070376357557,one shared preloaded model
conv-48-qa-185,chalm,2.290103765665826,13.08440000138944,112.66750000504544,128.0420037721007,one shared preloaded model
conv-48-qa-186,chalm,2.290103765665826,20.405199997185264,149.84950000507524,172.54480376792634,one shared preloaded model
conv-48-qa-187,chalm,2.290103765665826,19.50840000063181,206.0901999939233,227.88870376022095,one shared preloaded model
conv-48-qa-188,chalm,2.290103765665826,12.867000004916918,173.38439999730326,188.541503767886,one shared preloaded model
conv-48-qa-189,chalm,2.290103765665826,21.70460000343155,133.1588000030024,157.15350377209978,one shared preloaded model
conv-48-qa-190,chalm,2.290103765665826,20.09580000594724,266.2778000012622,288.6637037728753,one shared preloaded model
conv-48-qa-191,chalm,2.290103765665826,16.809400003694464,197.71200000104727,216.81150377040757,one shared preloaded model
conv-48-qa-192,chalm,2.290103765665826,16.59529999596998,194.07399999909103,212.95940376072684,one shared preloaded model
conv-48-qa-193,chalm,2.290103765665826,16.87349999701837,184.4134999992093,203.5771037618935,one shared preloaded model
conv-48-qa-194,chalm,2.290103765665826,20.10040000459412,204.22490000055404,226.615403770814,one shared preloaded model
conv-48-qa-195,chalm,2.290103765665826,14.174199997796677,488.2350999978371,504.6994037612996,one shared preloaded model
conv-48-qa-196,chalm,2.290103765665826,13.229599993792363,483.47970000031637,498.99940375977457,one shared preloaded model
conv-48-qa-197,chalm,2.290103765665826,16.995900004985742,141.12649999879068,160.41250376944225,one shared preloaded model
conv-48-qa-198,chalm,2.290103765665826,20.641399998567067,192.53529999696184,215.46680376119474,one shared preloaded model
conv-48-qa-199,chalm,2.290103765665826,18.046400000457652,175.23710000386927,195.57360376999276,one shared preloaded model
conv-48-qa-200,chalm,2.290103765665826,15.638299999409355,297.88660000485834,315.8150037699335,one shared preloaded model
conv-48-qa-201,chalm,2.290103765665826,12.703200001851656,208.5739000031026,223.5672037706201,one shared preloaded model
conv-48-qa-202,chalm,2.290103765665826,13.127399994118605,1580.3295000005164,1595.747003760301,one shared preloaded model
conv-48-qa-203,chalm,2.290103765665826,17.533300000650343,179.44920000445563,199.2726037707718,one shared preloaded model
conv-48-qa-204,chalm,2.290103765665826,21.092399998451583,200.40639999933774,223.78890376345515,one shared preloaded model
conv-48-qa-205,chalm,2.290103765665826,13.04859999800101,161.1994999984745,176.53820376214134,one shared preloaded model
conv-48-qa-206,chalm,2.290103765665826,19.896400001016445,202.93469999887748,225.12120376555976,one shared preloaded model
conv-48-qa-207,chalm,2.290103765665826,15.286800000467338,171.88570000143955,189.46260376757272,one shared preloaded model
conv-48-qa-208,chalm,2.290103765665826,21.508000005269423,193.86910000321222,217.66720377414748,one shared preloaded model
conv-48-qa-209,chalm,2.290103765665826,16.085600000224076,178.2660000026226,196.6417037685125,one shared preloaded model
conv-48-qa-210,chalm,2.290103765665826,19.384299994271714,348.09029999451013,369.7647037544477,one shared preloaded model
conv-48-qa-211,chalm,2.290103765665826,17.523400005302392,205.4160000043339,225.22950377530213,one shared preloaded model
conv-48-qa-212,chalm,2.290103765665826,13.349000000744127,172.6420999984839,188.28120376489386,one shared preloaded model
conv-48-qa-213,chalm,2.290103765665826,22.591200002352707,369.6583999990253,394.5397037670438,one shared preloaded model
conv-48-qa-214,chalm,2.290103765665826,13.778699998511001,966.8759000051068,982.9447037692836,one shared preloaded model
conv-48-qa-215,chalm,2.290103765665826,17.342099999950733,568.6387000023387,588.2709037679552,one shared preloaded model
conv-48-qa-216,chalm,2.290103765665826,12.748299996019341,147.52230000158306,162.56070376326824,one shared preloaded model
conv-48-qa-217,chalm,2.290103765665826,20.24589999928139,147.54459999676328,170.0806037617105,one shared preloaded model
conv-48-qa-218,chalm,2.290103765665826,20.310200001404155,284.30520000256365,306.90550376963364,one shared preloaded model
conv-48-qa-219,chalm,2.290103765665826,17.479899994214065,224.4972999978927,244.2673037577726,one shared preloaded model
conv-48-qa-220,chalm,2.290103765665826,14.80240000091726,467.46320000238484,484.55570376896793,one shared preloaded model
conv-48-qa-221,chalm,2.290103765665826,14.305500000773463,492.4329000059515,509.0285037723908,one shared preloaded model
conv-48-qa-222,chalm,2.290103765665826,13.439899994409643,468.76199999678647,484.49200375686195,one shared preloaded model
conv-48-qa-223,chalm,2.290103765665826,14.506000006804243,208.61959999456303,225.4157037670331,one shared preloaded model
conv-48-qa-224,chalm,2.290103765665826,14.273300002969336,214.009299997997,230.57270376663217,one shared preloaded model
conv-48-qa-225,chalm,2.290103765665826,13.554100005421788,243.26680000376655,259.11100377485417,one shared preloaded model
conv-48-qa-226,chalm,2.290103765665826,13.151500003004912,210.12850000261096,225.5701037712817,one shared preloaded model
conv-48-qa-227,chalm,2.290103765665826,13.172000006306916,150.73049999773502,166.19260376970777,one shared preloaded model
conv-48-qa-228,chalm,2.290103765665826,16.271699998469558,195.1933000018471,213.75510376598248,one shared preloaded model
conv-48-qa-229,chalm,2.290103765665826,16.028699996240903,392.4823999986984,410.8012037606051,one shared preloaded model
conv-48-qa-230,chalm,2.290103765665826,18.323600001167506,123.27489999734098,143.88860376417432,one shared preloaded model
conv-48-qa-231,chalm,2.290103765665826,21.001400004024617,849.0404999974999,872.3320037671903,one shared preloaded model
conv-48-qa-232,chalm,2.290103765665826,18.357699998887256,209.29240000259597,229.94020376714906,one shared preloaded model
conv-48-qa-233,chalm,2.290103765665826,12.340500004938804,159.90859999874374,174.53920376934838,one shared preloaded model
conv-48-qa-234,chalm,2.290103765665826,19.73549999820534,195.89059999998426,217.91620376385544,one shared preloaded model
conv-48-qa-235,chalm,2.290103765665826,17.90719999553403,203.07899999897927,223.27630376017913,one shared preloaded model
conv-48-qa-236,chalm,2.290103765665826,13.070599998172838,150.40939999744296,165.77010376128163,one shared preloaded model
conv-48-qa-237,chalm,2.290103765665826,21.689999994123355,208.1434000065201,232.12350376630928,one shared preloaded model
conv-48-qa-238,chalm,2.290103765665826,16.756500001065433,165.66369999782182,184.7103037645531,one shared preloaded model
conv-49-qa-0,chalm,2.0021035714085067,19.889600000169594,170.57210000348277,192.46380357506087,one shared preloaded model
conv-49-qa-1,chalm,2.0021035714085067,12.889100005850196,212.4002999989898,227.2915035762485,one shared preloaded model
conv-49-qa-2,chalm,2.0021035714085067,14.529899999615736,149.58199999819044,166.11400356921467,one shared preloaded model
conv-49-qa-3,chalm,2.0021035714085067,19.5808999997098,122.46439999580616,144.04740356692446,one shared preloaded model
conv-49-qa-4,chalm,2.0021035714085067,19.888900002115406,172.88579999876674,194.77680357229065,one shared preloaded model
conv-49-qa-5,chalm,2.0021035714085067,16.019800001231488,123.85329999960959,141.87520357224957,one shared preloaded model
conv-49-qa-6,chalm,2.0021035714085067,20.202100000460632,104.97179999947548,127.17600357134462,one shared preloaded model
conv-49-qa-7,chalm,2.0021035714085067,19.843599999148864,118.38709999574348,140.23280356630084,one shared preloaded model
conv-49-qa-8,chalm,2.0021035714085067,13.53440000093542,127.73810000362573,143.27460357596965,one shared preloaded model
conv-49-qa-9,chalm,2.0021035714085067,18.93259999633301,492.230700001528,513.1654035692695,one shared preloaded model
conv-49-qa-10,chalm,2.0021035714085067,17.854900004749652,241.2280999997165,261.08510357587465,one shared preloaded model
conv-49-qa-11,chalm,2.0021035714085067,12.887999997474253,199.01009999739472,213.90020356627747,one shared preloaded model
conv-49-qa-12,chalm,2.0021035714085067,16.39479999721516,504.4597999949474,522.856703563571,one shared preloaded model
conv-49-qa-13,chalm,2.0021035714085067,14.758900004380848,487.6732000047923,504.43420358058165,one shared preloaded model
conv-49-qa-14,chalm,2.0021035714085067,12.23799999570474,184.61939999542665,198.85950356253989,one shared preloaded model
conv-49-qa-15,chalm,2.0021035714085067,20.061300005181693,191.05560000025434,213.11900357684453,one shared preloaded model
conv-49-qa-16,chalm,2.0021035714085067,16.444000000774395,243.42929999693297,261.87540356911586,one shared preloaded model
conv-49-qa-17,chalm,2.0021035714085067,14.046299998881295,535.996200000227,552.0446035705168,one shared preloaded model
conv-49-qa-18,chalm,2.0021035714085067,16.860600000654813,420.1852999976836,439.0480035697469,one shared preloaded model
conv-49-qa-19,chalm,2.0021035714085067,17.55379999667639,595.6114000000525,615.1673035681374,one shared preloaded model
conv-49-qa-20,chalm,2.0021035714085067,18.962399997690227,143.78230000147596,164.74680357057468,one shared preloaded model
conv-49-qa-21,chalm,2.0021035714085067,21.003099995141383,400.7830999980797,423.7883035646296,one shared preloaded model
conv-49-qa-22,chalm,2.0021035714085067,13.133799999195617,177.43370000243885,192.56960357304297,one shared preloaded model
conv-49-qa-23,chalm,2.0021035714085067,19.68250000209082,539.1664999988279,560.8511035723272,one shared preloaded model
conv-49-qa-24,chalm,2.0021035714085067,17.165099998237565,209.55509999475908,228.72230356440514,one shared preloaded model
conv-49-qa-25,chalm,2.0021035714085067,13.286999994306825,224.7838999974192,240.07300356313453,one shared preloaded model
conv-49-qa-26,chalm,2.0021035714085067,12.502600002335384,152.2530000002007,166.75770357394458,one shared preloaded model
conv-49-qa-27,chalm,2.0021035714085067,19.415399998251814,163.10169999633217,184.51920356599248,one shared preloaded model
conv-49-qa-28,chalm,2.0021035714085067,19.09929999965243,462.08950000436744,483.19090357542837,one shared preloaded model
conv-49-qa-29,chalm,2.0021035714085067,18.495899996196385,200.11349999549566,220.61150356310054,one shared preloaded model
conv-49-qa-30,chalm,2.0021035714085067,14.439500002481509,336.6496000016923,353.0912035755823,one shared preloaded model
conv-49-qa-31,chalm,2.0021035714085067,18.094699997163843,852.1220999973593,872.2189035659317,one shared preloaded model
conv-49-qa-32,chalm,2.0021035714085067,16.456400000606664,129.0517000015825,147.51020357359766,one shared preloaded model
conv-49-qa-33,chalm,2.0021035714085067,17.283900000620633,274.2830000061076,293.56900357813674,one shared preloaded model
conv-49-qa-34,chalm,2.0021035714085067,13.203599999542348,244.5856999984244,259.79140356937523,one shared preloaded model
conv-49-qa-35,chalm,2.0021035714085067,16.047099998104386,334.2281000004732,352.2773035699861,one shared preloaded model
conv-49-qa-36,chalm,2.0021035714085067,17.40080000308808,212.41290000034496,231.81580357484154,one shared preloaded model
conv-49-qa-37,chalm,2.0021035714085067,14.78779999888502,210.6662000005599,227.45610357085343,one shared preloaded model
conv-49-qa-38,chalm,2.0021035714085067,14.003899996168911,353.71460000169463,369.72060356927204,one shared preloaded model
conv-49-qa-39,chalm,2.0021035714085067,14.74420000158716,108.37909999827389,125.12540357126956,one shared preloaded model
conv-49-qa-40,chalm,2.0021035714085067,16.89980000082869,494.36460000288207,513.2665035751193,one shared preloaded model
conv-49-qa-41,chalm,2.0021035714085067,15.23010000528302,185.05739999818616,202.28960357487767,one shared preloaded model
conv-49-qa-42,chalm,2.0021035714085067,17.280599997320678,753.8567999945371,773.1395035632663,one shared preloaded model
conv-49-qa-43,chalm,2.0021035714085067,12.273799999093171,234.04399999708403,248.3199035675857,one shared preloaded model
conv-49-qa-44,chalm,2.0021035714085067,12.440200000128243,180.60980000154814,195.05210357308488,one shared preloaded model
conv-49-qa-45,chalm,2.0021035714085067,20.389700002851896,204.7281999984989,227.1200035727593,one shared preloaded model
conv-49-qa-46,chalm,2.0021035714085067,13.109999999869615,502.9720000020461,518.0841035733242,one shared preloaded model
conv-49-qa-47,chalm,2.0021035714085067,17.333999996480998,453.74879999872064,473.08490356661014,one shared preloaded model
conv-49-qa-48,chalm,2.0021035714085067,12.616499996511266,235.86539999814704,250.4840035660668,one shared preloaded model
conv-49-qa-49,chalm,2.0021035714085067,13.739000001805834,98.61009999440284,114.35120356761719,one shared preloaded model
conv-49-qa-50,chalm,2.0021035714085067,19.72849999583559,185.40609999763547,207.13670356487955,one shared preloaded model
conv-49-qa-51,chalm,2.0021035714085067,21.0300000035204,675.6190999949467,698.6512035698756,one shared preloaded model
conv-49-qa-52,chalm,2.0021035714085067,18.575300004158635,137.03829999576556,157.6157035713327,one shared preloaded model
conv-49-qa-53,chalm,2.0021035714085067,18.589999999676365,145.37259999633534,165.9647035674202,one shared preloaded model
conv-49-qa-54,chalm,2.0021035714085067,18.159100000048056,228.5762999963481,248.73750356780465,one shared preloaded model
conv-49-qa-55,chalm,2.0021035714085067,14.808399995672517,197.7448999969056,214.5554035639866,one shared preloaded model
conv-49-qa-56,chalm,2.0021035714085067,13.81530000071507,260.2024000007077,276.0198035728313,one shared preloaded model
conv-49-qa-57,chalm,2.0021035714085067,12.61069999600295,168.36999999941327,182.9828035668247,one shared preloaded model
conv-49-qa-58,chalm,2.0021035714085067,19.6390999990399,492.67410000175005,514.3153035721984,one shared preloaded model
conv-49-qa-59,chalm,2.0021035714085067,13.901099999202415,488.0141000030562,503.91730357366714,one shared preloaded model
conv-49-qa-60,chalm,2.0021035714085067,13.274500000989065,125.75460000516614,141.0312035775637,one shared preloaded model
conv-49-qa-61,chalm,2.0021035714085067,20.042100004502572,160.12359999876935,182.16780357468042,one shared preloaded model
conv-49-qa-62,chalm,2.0021035714085067,15.3753000049619,157.0657000047504,174.4431035811208,one shared preloaded model
conv-49-qa-63,chalm,2.0021035714085067,14.814900001510978,172.95970000122907,189.77670357414854,one shared preloaded model
conv-49-qa-64,chalm,2.0021035714085067,18.497600001865067,114.74729999463307,135.24700356790663,one shared preloaded model
conv-49-qa-65,chalm,2.0021035714085067,19.95360000000801,476.6581000003498,498.6138035717663,one shared preloaded model
conv-49-qa-66,chalm,2.0021035714085067,16.330200000084005,320.20570000167936,338.53800357317186,one shared preloaded model
conv-49-qa-67,chalm,2.0021035714085067,13.759900000877678,483.2583999959752,499.0204035682614,one shared preloaded model
conv-49-qa-68,chalm,2.0021035714085067,16.119100000651088,163.46759999578353,181.58880356784312,one shared preloaded model
conv-49-qa-69,chalm,2.0021035714085067,21.0538000028464,202.32819999364438,225.38410356789927,one shared preloaded model
conv-49-qa-70,chalm,2.0021035714085067,12.871099999756552,161.90620000270428,176.77940357386933,one shared preloaded model
conv-49-qa-71,chalm,2.0021035714085067,16.031999999540858,202.46939999924507,220.50350357019443,one shared preloaded model
conv-49-qa-72,chalm,2.0021035714085067,12.815100002626423,134.40019999688957,149.2174035709245,one shared preloaded model
conv-49-qa-73,chalm,2.0021035714085067,20.256600000720937,160.23580000182847,182.4945035739579,one shared preloaded model
conv-49-qa-74,chalm,2.0021035714085067,19.952700000430923,117.11019999347627,139.0650035653157,one shared preloaded model
conv-49-qa-75,chalm,2.0021035714085067,14.874300002702512,474.065000002156,490.941403576267,one shared preloaded model
conv-49-qa-76,chalm,2.0021035714085067,16.962000001512934,487.75770000065677,506.7218035735782,one shared preloaded model
conv-49-qa-77,chalm,2.0021035714085067,17.31419999850914,183.4896000000299,202.80590356994753,one shared preloaded model
conv-49-qa-78,chalm,2.0021035714085067,19.830800003546756,123.3633000010741,145.19620357602935,one shared preloaded model
conv-49-qa-79,chalm,2.0021035714085067,14.37189999705879,145.42459999938728,161.79860356785457,one shared preloaded model
conv-49-qa-80,chalm,2.0021035714085067,20.319000002928078,324.17820000409847,346.49930357843505,one shared preloaded model
conv-49-qa-81,chalm,2.0021035714085067,15.36649999616202,163.2993000021088,180.6679035696793,one shared preloaded model
conv-49-qa-82,chalm,2.0021035714085067,19.867900002282113,128.5199999983888,150.39000357207942,one shared preloaded model
conv-49-qa-83,chalm,2.0021035714085067,21.111299996846355,132.94170000153827,156.05510356979312,one shared preloaded model
conv-49-qa-84,chalm,2.0021035714085067,19.996199996967334,432.48209999728715,454.480403565663,one shared preloaded model
conv-49-qa-85,chalm,2.0021035714085067,13.81530000071507,341.7972000024747,357.6146035745983,one shared preloaded model
conv-49-qa-86,chalm,2.0021035714085067,17.40789999894332,629.2801999952644,648.6902035656162,one shared preloaded model
conv-49-qa-87,chalm,2.0021035714085067,17.990000000281725,146.23779999965336,166.22990357134358,one shared preloaded model
conv-49-qa-88,chalm,2.0021035714085067,19.116500006930437,162.48129999439698,183.5999035727359,one shared preloaded model
conv-49-qa-89,chalm,2.0021035714085067,20.223100000293925,220.30489999451675,242.53010356621917,one shared preloaded model
conv-49-qa-90,chalm,2.0021035714085067,16.37029999983497,312.5045999986469,330.87700356989035,one shared preloaded model
conv-49-qa-91,chalm,2.0021035714085067,17.286300004343502,279.7013999952469,298.9898035709989,one shared preloaded model
conv-49-qa-92,chalm,2.0021035714085067,13.242300003184937,288.51149999536574,303.7559035699592,one shared preloaded model
conv-49-qa-93,chalm,2.0021035714085067,13.50109999475535,213.01479999965522,228.51800356581907,one shared preloaded model
conv-49-qa-94,chalm,2.0021035714085067,17.57779999752529,261.9965000048978,281.5764035738316,one shared preloaded model
conv-49-qa-95,chalm,2.0021035714085067,14.359000000695232,200.45859999663662,216.81970356874035,one shared preloaded model
conv-49-qa-96,chalm,2.0021035714085067,15.085899998666719,261.0089000008884,278.0969035709636,one shared preloaded model
conv-49-qa-97,chalm,2.0021035714085067,13.777400003164075,541.6272000002209,557.4067035747935,one shared preloaded model
conv-49-qa-98,chalm,2.0021035714085067,14.512100002320949,107.79979999642819,124.31400357015765,one shared preloaded model
conv-49-qa-99,chalm,2.0021035714085067,20.101800000702497,208.2088000024669,230.31270357457788,one shared preloaded model
conv-49-qa-100,chalm,2.0021035714085067,14.891900005750358,185.0040000063018,201.89800358346065,one shared preloaded model
conv-49-qa-101,chalm,2.0021035714085067,20.288100000470877,201.74330000008922,224.0335035719686,one shared preloaded model
conv-49-qa-102,chalm,2.0021035714085067,14.74229999439558,205.81760000641225,222.56200357221633,one shared preloaded model
conv-49-qa-103,chalm,2.0021035714085067,13.427699996100273,206.1461000048439,221.57590357235267,one shared preloaded model
conv-49-qa-104,chalm,2.0021035714085067,13.939399999799207,178.73250000411645,194.67400357532415,one shared preloaded model
conv-49-qa-105,chalm,2.0021035714085067,19.269600001280196,153.45700000034412,174.72870357303282,one shared preloaded model
conv-49-qa-106,chalm,2.0021035714085067,21.97119999618735,212.52040000399575,236.4937035715916,one shared preloaded model
conv-49-qa-107,chalm,2.0021035714085067,12.848099999246188,170.7304999945336,185.5807035651883,one shared preloaded model
conv-49-qa-108,chalm,2.0021035714085067,18.821899997419678,177.3828000004869,198.20680356931507,one shared preloaded model
conv-49-qa-109,chalm,2.0021035714085067,18.319499999051914,194.04600000416394,214.36760357462435,one shared preloaded model
conv-49-qa-110,chalm,2.0021035714085067,13.67460000619758,171.3545999955386,187.03130357314467,one shared preloaded model
conv-49-qa-111,chalm,2.0021035714085067,20.858800002315547,173.61639999580802,196.47730356953207,one shared preloaded model
conv-49-qa-112,chalm,2.0021035714085067,19.513800005370285,461.45370000158437,482.96960357836315,one shared preloaded model
conv-49-qa-113,chalm,2.0021035714085067,17.215100000612438,260.3053000057116,279.52250357773255,one shared preloaded model
conv-49-qa-114,chalm,2.0021035714085067,16.659899993101135,174.16429999866523,192.82630356317486,one shared preloaded model
conv-49-qa-115,chalm,2.0021035714085067,20.286499995563645,122.01230000209762,144.30090356906976,one shared preloaded model
conv-49-qa-116,chalm,2.0021035714085067,14.94049999746494,327.65569999901345,344.5983035678869,one shared preloaded model
conv-49-qa-117,chalm,2.0021035714085067,13.360899996769149,131.18759999633767,146.5506035645153,one shared preloaded model
conv-49-qa-118,chalm,2.0021035714085067,19.789900004980154,177.86940000223694,199.6614035786256,one shared preloaded model
conv-49-qa-119,chalm,2.0021035714085067,19.97080000001006,111.1183999964851,133.09130356790365,one shared preloaded model
conv-49-qa-120,chalm,2.0021035714085067,19.422999997914303,484.67539999546716,506.10050356478996,one shared preloaded model
conv-49-qa-121,chalm,2.0021035714085067,12.369000003673136,167.6136000023689,181.98470357745055,one shared preloaded model
conv-49-qa-122,chalm,2.0021035714085067,20.227599998179357,207.35960000456544,229.5893035741533,one shared preloaded model
conv-49-qa-123,chalm,2.0021035714085067,13.005499997234438,174.4539999999688,189.46160356861174,one shared preloaded model
conv-49-qa-124,chalm,2.0021035714085067,20.34789999743225,507.4817999993684,529.8318035682091,one shared preloaded model
conv-49-qa-125,chalm,2.0021035714085067,17.31830000062473,210.30510000127833,229.62550357331156,one shared preloaded model
conv-49-qa-126,chalm,2.0021035714085067,13.89039999776287,546.0518000036245,561.9443035727959,one shared preloaded model
conv-49-qa-127,chalm,2.0021035714085067,17.102500001783483,475.56929999700515,494.6739035701971,one shared preloaded model
conv-49-qa-128,chalm,2.0021035714085067,13.728999998420477,246.0501999958069,261.7813035656359,one shared preloaded model
conv-49-qa-129,chalm,2.0021035714085067,13.204899994889274,494.0783999991254,509.28540356542317,one shared preloaded model
conv-49-qa-130,chalm,2.0021035714085067,17.293999997491483,264.3083000002662,283.60440356916615,one shared preloaded model
conv-49-qa-131,chalm,2.0021035714085067,13.164099997084122,147.08860000246204,162.25480357095466,one shared preloaded model
conv-49-qa-132,chalm,2.0021035714085067,20.05970000027446,779.5194999998785,801.5813035715614,one shared preloaded model
conv-49-qa-133,chalm,2.0021035714085067,14.295300003141165,775.4370999973617,791.7345035719113,one shared preloaded model
conv-49-qa-134,chalm,2.0021035714085067,17.559400002937764,193.2366999972146,212.79820357156086,one shared preloaded model
conv-49-qa-135,chalm,2.0021035714085067,17.307699999946635,226.94610000326065,246.2559035746158,one shared preloaded model
conv-49-qa-136,chalm,2.0021035714085067,13.140600000042468,228.57959999964805,243.72230357109902,one shared preloaded model
conv-49-qa-137,chalm,2.0021035714085067,13.00729999638861,222.30149999813875,237.31090356593586,one shared preloaded model
conv-49-qa-138,chalm,2.0021035714085067,15.468400000827387,180.43870000110473,197.90920357334062,one shared preloaded model
conv-49-qa-139,chalm,2.0021035714085067,20.49960000294959,296.4356000011321,318.9373035754902,one shared preloaded model
conv-49-qa-140,chalm,2.0021035714085067,17.08900000085123,378.1717000019853,397.262803574245,one shared preloaded model
conv-49-qa-141,chalm,2.0021035714085067,17.431899999792222,374.32930000068154,393.76330357188226,one shared preloaded model
conv-49-qa-142,chalm,2.0021035714085067,17.643500003032386,469.38819999923,489.03380357367087,one shared preloaded model
conv-49-qa-143,chalm,2.0021035714085067,14.482899998256471,213.3347999988473,229.81980356851227,one shared preloaded model
conv-49-qa-144,chalm,2.0021035714085067,12.570900005812291,194.4069999954081,208.9800035726289,one shared preloaded model
conv-49-qa-145,chalm,2.0021035714085067,16.81829999870388,155.45750000455882,174.2779035746712,one shared preloaded model
conv-49-qa-146,chalm,2.0021035714085067,20.994999998947605,147.87100000103237,170.86810357138847,one shared preloaded model
conv-49-qa-147,chalm,2.0021035714085067,20.100100002309773,206.64009999745758,228.74230357117585,one shared preloaded model
conv-49-qa-148,chalm,2.0021035714085067,12.602299997524824,230.92869999527466,245.53310356420798,one shared preloaded model
conv-49-qa-149,chalm,2.0021035714085067,12.721700004476588,266.32019999669865,281.04400357258373,one shared preloaded model
conv-49-qa-150,chalm,2.0021035714085067,16.373300000850577,286.13319999567466,304.50860356793373,one shared preloaded model
conv-49-qa-151,chalm,2.0021035714085067,17.84159999806434,210.66090000385884,230.50460357333168,one shared preloaded model
conv-49-qa-152,chalm,2.0021035714085067,12.701400002697483,166.3531000012881,181.0566035753941,one shared preloaded model
conv-49-qa-153,chalm,2.0021035714085067,20.77409999765223,440.88249999913387,463.6587035681946,one shared preloaded model
conv-49-qa-154,chalm,2.0021035714085067,12.390500000037719,344.833800001652,359.2264035730982,one shared preloaded model
conv-49-qa-155,chalm,2.0021035714085067,17.900799997732975,240.57609999726992,260.4790035664114,one shared preloaded model
conv-49-qa-156,chalm,2.0021035714085067,17.575999998371117,156.9281999982195,176.5063035679991,one shared preloaded model
conv-49-qa-157,chalm,2.0021035714085067,19.720199998118915,182.8107999972417,204.5331035667691,one shared preloaded model
conv-49-qa-158,chalm,2.0021035714085067,20.67959999840241,167.44919999473495,190.13090356454586,one shared preloaded model
conv-49-qa-159,chalm,2.0021035714085067,20.825600004172884,125.60910000320291,148.4368035787843,one shared preloaded model
conv-49-qa-160,chalm,2.0021035714085067,20.06660000188276,200.17410000582458,222.24280357911584,one shared preloaded model
conv-49-qa-161,chalm,2.0021035714085067,15.290599993022624,199.39390000217827,216.6866035666094,one shared preloaded model
conv-49-qa-162,chalm,2.0021035714085067,13.57599999755621,170.44419999729143,186.02230356625614,one shared preloaded model
conv-49-qa-163,chalm,2.0021035714085067,19.804800002020784,209.30499999667518,231.11190357010446,one shared preloaded model
conv-49-qa-164,chalm,2.0021035714085067,13.072399997327011,192.18330000148853,207.25780357022404,one shared preloaded model
conv-49-qa-165,chalm,2.0021035714085067,16.087899995909538,544.8333999956958,562.9234035630138,one shared preloaded model
conv-49-qa-166,chalm,2.0021035714085067,18.358899993472733,186.4512000029208,206.81220356780204,one shared preloaded model
conv-49-qa-167,chalm,2.0021035714085067,14.872800005832687,213.46790000097826,230.34280357821945,one shared preloaded model
conv-49-qa-168,chalm,2.0021035714085067,13.97739999811165,173.91859999770531,189.89810356722546,one shared preloaded model
conv-49-qa-169,chalm,2.0021035714085067,20.943900002748705,337.8926000004867,360.8386035746439,one shared preloaded model
conv-49-qa-170,chalm,2.0021035714085067,17.745800003467593,204.65169999806676,224.39960357294285,one shared preloaded model
conv-49-qa-171,chalm,2.0021035714085067,12.740199999825563,190.1436000043759,204.88590357560997,one shared preloaded model
conv-49-qa-172,chalm,2.0021035714085067,16.458599995530676,183.55539999902248,202.01610356596166,one shared preloaded model
conv-49-qa-173,chalm,2.0021035714085067,13.62890000018524,161.7744000031962,177.40540357478994,one shared preloaded model
conv-49-qa-174,chalm,2.0021035714085067,19.497299996146467,134.49689999833936,155.99630356589432,one shared preloaded model
conv-49-qa-175,chalm,2.0021035714085067,19.97980000305688,411.73459999845363,433.716503572919,one shared preloaded model
conv-49-qa-176,chalm,2.0021035714085067,13.020600003073923,184.46019999828422,199.48290357276665,one shared preloaded model
conv-49-qa-177,chalm,2.0021035714085067,19.65510000445647,189.62070000270614,211.2779035785711,one shared preloaded model
conv-49-qa-178,chalm,2.0021035714085067,20.634400003473274,193.96550000237767,216.60200357725944,one shared preloaded model
conv-49-qa-179,chalm,2.0021035714085067,15.788400000019465,193.04720000218367,210.83770357361163,one shared preloaded model
conv-49-qa-180,chalm,2.0021035714085067,16.33159999619238,204.38889999786625,222.72260356546713,one shared preloaded model
conv-49-qa-181,chalm,2.0021035714085067,12.889099998574238,193.72370000201045,208.61490357199318,one shared preloaded model
conv-49-qa-182,chalm,2.0021035714085067,17.104999998991843,282.61180000117747,301.7189035715778,one shared preloaded model
conv-49-qa-183,chalm,2.0021035714085067,13.306899993040133,191.43170000461396,206.7407035690626,one shared preloaded model
conv-49-qa-184,chalm,2.0021035714085067,20.037299997056834,122.2092000025441,144.24860357100943,one shared preloaded model
conv-49-qa-185,chalm,2.0021035714085067,20.131500001298264,200.32089999585878,222.45450356856554,one shared preloaded model
conv-49-qa-186,chalm,2.0021035714085067,14.069600001676008,128.4564000015962,144.5281035746807,one shared preloaded model
conv-49-qa-187,chalm,2.0021035714085067,21.33270000194898,721.3734000033583,744.7082035767157,one shared preloaded model
conv-49-qa-188,chalm,2.0021035714085067,16.964399997959845,169.1482000023825,188.11470357175085,one shared preloaded model
conv-49-qa-189,chalm,2.0021035714085067,20.822700003918726,417.7806000006967,440.60540357602395,one shared preloaded model
conv-49-qa-190,chalm,2.0021035714085067,12.537899994640611,162.35890000098152,176.89890356703063,one shared preloaded model
conv-49-qa-191,chalm,2.0021035714085067,19.628499998361804,199.71000000077765,221.34060357054796,one shared preloaded model
conv-49-qa-192,chalm,2.0021035714085067,12.551499996334314,214.54220000305213,229.09580357079494,one shared preloaded model
conv-49-qa-193,chalm,2.0021035714085067,16.09450000250945,195.6030000001192,213.69960357403716,one shared preloaded model
conv-49-qa-194,chalm,2.0021035714085067,15.69269999890821,153.94829999422655,171.64310356454325,one shared preloaded model
conv-49-qa-195,chalm,2.0021035714085067,20.288100000470877,187.20249999751104,209.49270356939041,one shared preloaded model
conv-50-qa-0,chalm,2.263013725478588,20.206600005622022,330.62210000207415,353.09171373317474,one shared preloaded model
conv-50-qa-1,chalm,2.263013725478588,15.069200002471916,208.7699999974575,226.10221372540798,one shared preloaded model
conv-50-qa-2,chalm,2.263013725478588,14.508400003251154,496.4724000019487,513.2438137306784,one shared preloaded model
conv-50-qa-3,chalm,2.263013725478588,17.428899998776615,190.98749999830034,210.67941372255552,one shared preloaded model
conv-50-qa-4,chalm,2.263013725478588,19.589100003940985,102.51530000095954,124.36741373037911,one shared preloaded model
conv-50-qa-5,chalm,2.263013725478588,133.93160000123316,300.1136000020779,436.3082137287896,one shared preloaded model
conv-50-qa-6,chalm,2.263013725478588,14.789900000323541,148.23759999853792,165.29051372434003,one shared preloaded model
conv-50-qa-7,chalm,2.263013725478588,21.1873000007472,180.50490000314312,203.9552137293689,one shared preloaded model
conv-50-qa-8,chalm,2.263013725478588,22.478200000477955,329.1652000043541,353.90641373031065,one shared preloaded model
conv-50-qa-9,chalm,2.263013725478588,19.409300002735108,196.00319999881322,217.6755137270269,one shared preloaded model
conv-50-qa-10,chalm,2.263013725478588,14.706499998283107,189.3863000004785,206.3558137242402,one shared preloaded model
conv-50-qa-11,chalm,2.263013725478588,20.895300003758166,167.00349999882746,190.1618137280642,one shared preloaded model
conv-50-qa-12,chalm,2.263013725478588,21.273199999995995,340.4567000034149,363.99291372888945,one shared preloaded model
conv-50-qa-13,chalm,2.263013725478588,14.344399998662993,204.16349999868544,220.770913722827,one shared preloaded model
conv-50-qa-14,chalm,2.263013725478588,13.414000000921078,466.0306999940076,481.70771372040724,one shared preloaded model
conv-50-qa-15,chalm,2.263013725478588,17.95519999723183,173.30809999839403,193.52631372110443,one shared preloaded model
conv-50-qa-16,chalm,2.263013725478588,15.99770000029821,482.06190000200877,500.32261372778555,one shared preloaded model
conv-50-qa-17,chalm,2.263013725478588,14.876299996103626,532.9670999999507,550.1064137215329,one shared preloaded model
conv-50-qa-18,chalm,2.263013725478588,17.005800000333693,107.88989999855403,127.15871372436631,one shared preloaded model
conv-50-qa-19,chalm,2.263013725478588,21.214899999904446,292.98410000046715,316.46201372585017,one shared preloaded model
conv-50-qa-20,chalm,2.263013725478588,13.762800001131836,537.7177000045776,553.743513731188,one shared preloaded model
conv-50-qa-21,chalm,2.263013725478588,18.022900003415998,119.859099999303,140.14501372819757,one shared preloaded model
conv-50-qa-22,chalm,2.263013725478588,17.910899994603824,105.04519999813056,125.21911371821297,one shared preloaded model
conv-50-qa-23,chalm,2.263013725478588,21.516199994948693,153.40819999983069,177.18741372025795,one shared preloaded model
conv-50-qa-24,chalm,2.263013725478588,21.105600004375447,129.79629999608733,153.16491372594135,one shared preloaded model
conv-50-qa-25,chalm,2.263013725478588,17.692699999315664,538.6322999984259,558.5880137232201,one shared preloaded model
conv-50-qa-26,chalm,2.263013725478588,13.835099998686928,312.228499999037,328.3266137232025,one shared preloaded model
conv-50-qa-27,chalm,2.263013725478588,18.76480000646552,126.98319999617524,148.01101372811934,one shared preloaded model
conv-50-qa-28,chalm,2.263013725478588,20.950899997842498,247.1718000015244,270.38571372484546,one shared preloaded model
conv-50-qa-29,chalm,2.263013725478588,14.240600001357961,204.9786999996286,221.48231372646512,one shared preloaded model
conv-50-qa-30,chalm,2.263013725478588,13.309000001754612,148.12830000300892,163.70031373024213,one shared preloaded model
conv-50-qa-31,chalm,2.263013725478588,21.34049999585841,203.95030000508996,227.55381372642694,one shared preloaded model
conv-50-qa-32,chalm,2.263013725478588,18.788300003507175,174.82659999950556,195.8779137284913,one shared preloaded model
conv-50-qa-33,chalm,2.263013725478588,18.7484999987646,331.7568999991636,352.76841372340675,one shared preloaded model
conv-50-qa-34,chalm,2.263013725478588,18.507300002966076,328.80179999483516,349.5721137232798,one shared preloaded model
conv-50-qa-35,chalm,2.263013725478588,15.158800000790507,472.7945999984513,490.2164137247204,one shared preloaded model
conv-50-qa-36,chalm,2.263013725478588,13.579599995864555,350.0605999943218,365.90321371566495,one shared preloaded model
conv-50-qa-37,chalm,2.263013725478588,18.283799996424932,122.2526999990805,142.799513720984,one shared preloaded model
conv-50-qa-38,chalm,2.263013725478588,21.566600000369363,335.70200000394834,359.5316137297963,one shared preloaded model
conv-50-qa-39,chalm,2.263013725478588,18.655300002137665,207.99329999863403,228.91161372625027,one shared preloaded model
conv-50-qa-40,chalm,2.263013725478588,15.812199999345466,219.2014000029303,237.27661372775435,one shared preloaded model
conv-50-qa-41,chalm,2.263013725478588,13.681199998245575,408.7634000024991,424.70761372622326,one shared preloaded model
conv-50-qa-42,chalm,2.263013725478588,19.372299997485243,129.24560000101337,150.8809137239772,one shared preloaded model
conv-50-qa-43,chalm,2.263013725478588,16.22819999465719,138.00060000357917,156.49181372371493,one shared preloaded model
conv-50-qa-44,chalm,2.263013725478588,19.89309999771649,482.50610000104643,504.6622137242415,one shared preloaded model
conv-50-qa-45,chalm,2.263013725478588,13.889000001654495,186.24480000289623,202.3968137300293,one shared preloaded model
conv-50-qa-46,chalm,2.263013725478588,20.769900002051145,327.90169999498175,350.9346137225115,one shared preloaded model
conv-50-qa-47,chalm,2.263013725478588,18.493199997465126,137.87739999679616,158.63361371973986,one shared preloaded model
conv-50-qa-48,chalm,2.263013725478588,21.718600000895094,568.1350000013481,592.1166137277218,one shared preloaded model
conv-50-qa-49,chalm,2.263013725478588,19.339700003911275,206.90409999951953,228.50681372890938,one shared preloaded model
conv-50-qa-50,chalm,2.263013725478588,14.809199994488154,318.6571000042022,335.72931372416895,one shared preloaded model
conv-50-qa-51,chalm,2.263013725478588,18.130500000552274,525.2908000038587,545.6843137298896,one shared preloaded model
conv-50-qa-52,chalm,2.263013725478588,18.493399998988025,340.6736000033561,361.4300137278227,one shared preloaded model
conv-50-qa-53,chalm,2.263013725478588,18.03999999538064,187.73339999461314,208.03641371547235,one shared preloaded model
conv-50-qa-54,chalm,2.263013725478588,21.665200001734775,221.18400000181282,245.11221372902617,one shared preloaded model
conv-50-qa-55,chalm,2.263013725478588,17.319300000963267,498.6466000045766,518.2289137310185,one shared preloaded model
conv-50-qa-56,chalm,2.263013725478588,13.41149999643676,150.71650000027148,166.39101372218684,one shared preloaded model
conv-50-qa-57,chalm,2.263013725478588,21.283399997628294,213.60960000311024,237.1560137262171,one shared preloaded model
conv-50-qa-58,chalm,2.263013725478588,19.43530000426108,716.5110999994795,738.2094137292191,one shared preloaded model
conv-50-qa-59,chalm,2.263013725478588,18.195199998444878,117.4241000044276,137.88231372835105,one shared preloaded model
conv-50-qa-60,chalm,2.263013725478588,21.061100000224542,171.02059999888297,194.3447137245861,one shared preloaded model
conv-50-qa-61,chalm,2.263013725478588,14.058399996429216,169.6245999992243,185.9460137211321,one shared preloaded model
conv-50-qa-62,chalm,2.263013725478588,18.82109999860404,205.15449999948032,226.23861372356293,one shared preloaded model
conv-50-qa-63,chalm,2.263013725478588,13.252800003101584,211.63190000515897,227.14771373373915,one shared preloaded model
conv-50-qa-64,chalm,2.263013725478588,15.848499999265186,286.76480000285665,304.8763137276004,one shared preloaded model
conv-50-qa-65,chalm,2.263013725478588,13.599599995359313,523.9088000016636,539.7714137225015,one shared preloaded model
conv-50-qa-66,chalm,2.263013725478588,16.32739999331534,217.02700000605546,235.61741372484937,one shared preloaded model
conv-50-qa-67,chalm,2.263013725478588,13.233199999376666,174.10989999916637,189.60611372402164,one shared preloaded model
conv-50-qa-68,chalm,2.263013725478588,22.24969999952009,313.8089999993099,338.32171372430855,one shared preloaded model
conv-50-qa-69,chalm,2.263013725478588,17.37009999487782,325.7426999989548,345.37581371931117,one shared preloaded model
conv-50-qa-70,chalm,2.263013725478588,18.05410000088159,322.73750000604196,343.0546137324021,one shared preloaded model
conv-50-qa-71,chalm,2.263013725478588,19.14299999771174,162.20369999791728,183.6097137211076,one shared preloaded model
conv-50-qa-72,chalm,2.263013725478588,22.330200001306366,211.9645999991917,236.55781372597664,one shared preloaded model
conv-50-qa-73,chalm,2.263013725478588,18.13949999632314,147.42430000478635,167.82681372658806,one shared preloaded model
conv-50-qa-74,chalm,2.263013725478588,21.399400000518654,325.8313000042108,349.493713730208,one shared preloaded model
conv-50-qa-75,chalm,2.263013725478588,19.905500004824717,218.07329999865033,240.24181372895362,one shared preloaded model
conv-50-qa-76,chalm,2.263013725478588,13.438899994071107,204.93179999903077,220.63371371858048,one shared preloaded model
conv-50-qa-77,chalm,2.263013725478588,18.243400001665577,160.74630000366597,181.25271373081011,one shared preloaded model
conv-50-qa-78,chalm,2.263013725478588,21.299599997291807,286.0547000018414,309.6173137246118,one shared preloaded model
conv-50-qa-79,chalm,2.263013725478588,14.87999999517342,181.92070000077365,199.06371372142564,one shared preloaded model
conv-50-qa-80,chalm,2.263013725478588,21.59650000248803,423.3271999983117,447.1867137262783,one shared preloaded model
conv-50-qa-81,chalm,2.263013725478588,14.385000002221204,156.5340000015567,173.18201372925648,one shared preloaded model
conv-50-qa-82,chalm,2.263013725478588,20.973000006051734,156.70759999920847,179.94361373073878,one shared preloaded model
conv-50-qa-83,chalm,2.263013725478588,21.172100001422223,211.30980000452837,234.74491373142916,one shared preloaded model
conv-50-qa-84,chalm,2.263013725478588,13.807600000291131,176.29860000306508,192.36921372883478,one shared preloaded model
conv-50-qa-85,chalm,2.263013725478588,21.42420000018319,263.99810000293655,287.6853137285983,one shared preloaded model
conv-50-qa-86,chalm,2.263013725478588,15.582800006086472,205.72559999709483,223.57141372865988,one shared preloaded model
conv-50-qa-87,chalm,2.263013725478588,15.62240000203019,253.69099999807077,271.5764137255795,one shared preloaded model
conv-50-qa-88,chalm,2.263013725478588,14.450099995883647,212.47399999992922,229.18711372129144,one shared preloaded model
conv-50-qa-89,chalm,2.263013725478588,17.733900000166614,208.15479999873787,228.15171372438306,one shared preloaded model
conv-50-qa-90,chalm,2.263013725478588,13.835100005962886,404.5631000044523,420.66121373589374,one shared preloaded model
conv-50-qa-91,chalm,2.263013725478588,13.690599997062236,103.17570000188425,119.12931372442507,one shared preloaded model
conv-50-qa-92,chalm,2.263013725478588,20.760799998242874,190.43310000415659,213.45691372787803,one shared preloaded model
conv-50-qa-93,chalm,2.263013725478588,21.910000003117602,305.0137000027462,329.18671373134237,one shared preloaded model
conv-50-qa-94,chalm,2.263013725478588,17.950699999346398,206.76839999941876,226.98211372424373,one shared preloaded model
conv-50-qa-95,chalm,2.263013725478588,18.291500004124828,262.76830000279006,283.32281373239346,one shared preloaded model
conv-50-qa-96,chalm,2.263013725478588,14.534699999785516,140.90199999918696,157.69971372445104,one shared preloaded model
conv-50-qa-97,chalm,2.263013725478588,18.707199997152202,613.5778999960166,634.5481137186474,one shared preloaded model
conv-50-qa-98,chalm,2.263013725478588,15.353499999037012,493.2695000024978,510.8860137270134,one shared preloaded model
conv-50-qa-99,chalm,2.263013725478588,18.365700001595542,611.4785999961896,632.1073137232637,one shared preloaded model
conv-50-qa-100,chalm,2.263013725478588,13.209800003096461,237.66990000149235,253.1427137300674,one shared preloaded model
conv-50-qa-101,chalm,2.263013725478588,13.245100002677646,151.84859999862965,167.3567137267859,one shared preloaded model
conv-50-qa-102,chalm,2.263013725478588,21.75399999396177,143.83790000283625,167.8549137222766,one shared preloaded model
conv-50-qa-103,chalm,2.263013725478588,21.607700000458863,385.9998000043561,409.8705137302935,one shared preloaded model
conv-50-qa-104,chalm,2.263013725478588,17.591499999980442,460.3846000027261,480.2391137281851,one shared preloaded model
conv-50-qa-105,chalm,2.263013725478588,15.610700000252109,121.42690000473522,139.3006137304659,one shared preloaded model
conv-50-qa-106,chalm,2.263013725478588,13.641500001540408,161.48039999825414,177.38491372527315,one shared preloaded model
conv-50-qa-107,chalm,2.263013725478588,22.53719999862369,176.34350000298582,201.14371372708808,one shared preloaded model
conv-50-qa-108,chalm,2.263013725478588,14.539900003001094,122.45699999766657,139.25991372614624,one shared preloaded model
conv-50-qa-109,chalm,2.263013725478588,21.100800004205666,214.6098000011989,237.97361373088313,one shared preloaded model
conv-50-qa-110,chalm,2.263013725478588,13.968799998110626,1584.0796999982558,1600.3115137218451,one shared preloaded model
conv-50-qa-111,chalm,2.263013725478588,18.079599998600315,199.80130000476493,220.1439137288438,one shared preloaded model
conv-50-qa-112,chalm,2.263013725478588,14.104699999734294,865.3455000021495,881.7132137273624,one shared preloaded model
conv-50-qa-113,chalm,2.263013725478588,13.528099996619858,151.02150000166148,166.81261372375994,one shared preloaded model
conv-50-qa-114,chalm,2.263013725478588,22.441599998273887,902.0519999976386,926.7566137213911,one shared preloaded model
conv-50-qa-115,chalm,2.263013725478588,18.50910000212025,1255.8036999980686,1276.5758137256676,one shared preloaded model
conv-50-qa-116,chalm,2.263013725478588,15.013700001873076,181.3525000034133,198.62921373076495,one shared preloaded model
conv-50-qa-117,chalm,2.263013725478588,21.38149999518646,405.2780999991228,428.9226137197878,one shared preloaded model
conv-50-qa-118,chalm,2.263013725478588,18.731199998001102,213.9370000004419,234.9312137239216,one shared preloaded model
conv-50-qa-119,chalm,2.263013725478588,15.522999994573183,302.4969999969471,320.2830137169989,one shared preloaded model
conv-50-qa-120,chalm,2.263013725478588,19.934700001613237,232.1693000048981,254.3670137319899,one shared preloaded model
conv-50-qa-121,chalm,2.263013725478588,13.450400001602247,153.49560000322526,169.2090137303061,one shared preloaded model
conv-50-qa-122,chalm,2.263013725478588,21.48509999824455,192.7263000034145,216.47441372713763,one shared preloaded model
conv-50-qa-123,chalm,2.263013725478588,17.02629999635974,729.5385999968858,748.8279137187241,one shared preloaded model
conv-50-qa-124,chalm,2.263013725478588,14.44420000188984,296.03629999473924,312.74351372210765,one shared preloaded model
conv-50-qa-125,chalm,2.263013725478588,14.557700000295881,150.57270000397693,167.3934137297514,one shared preloaded model
conv-50-qa-126,chalm,2.263013725478588,21.36120000068331,233.42959999718005,257.05381372334193,one shared preloaded model
conv-50-qa-127,chalm,2.263013725478588,13.35560000006808,186.24350000027334,201.86211372582002,one shared preloaded model
conv-50-qa-128,chalm,2.263013725478588,21.415100003650878,208.50740000605583,232.18551373518528,one shared preloaded model
conv-50-qa-129,chalm,2.263013725478588,13.786499999696389,294.9277000006987,310.97721372587364,one shared preloaded model
conv-50-qa-130,chalm,2.263013725478588,14.425599998503458,206.36650000233203,223.05511372631406,one shared preloaded model
conv-50-qa-131,chalm,2.263013725478588,13.843600005202461,145.41480000480078,161.52141373548181,one shared preloaded model
conv-50-qa-132,chalm,2.263013725478588,21.55979999952251,334.1652000017348,357.98801372673586,one shared preloaded model
conv-50-qa-133,chalm,2.263013725478588,17.31889999791747,471.54810000211,491.13001372550605,one shared preloaded model
conv-50-qa-134,chalm,2.263013725478588,18.261999997776,462.48320000449894,483.0082137277535,one shared preloaded model
conv-50-qa-135,chalm,2.263013725478588,19.575099999201484,172.64959999738494,194.487713722065,one shared preloaded model
conv-50-qa-136,chalm,2.263013725478588,21.13610000378685,146.0804000016651,169.47951373093053,one shared preloaded model
conv-50-qa-137,chalm,2.263013725478588,21.01830000174232,189.677299997129,212.9586137243499,one shared preloaded model
conv-50-qa-138,chalm,2.263013725478588,21.57460000307765,408.1521000043722,431.9897137329284,one shared preloaded model
conv-50-qa-139,chalm,2.263013725478588,14.845400000922382,638.1827000004705,655.2911137268715,one shared preloaded model
conv-50-qa-140,chalm,2.263013725478588,18.423800000164192,450.4721999983303,471.1590137239731,one shared preloaded model
conv-50-qa-141,chalm,2.263013725478588,19.93899999797577,146.27979999931995,168.4818137227743,one shared preloaded model
conv-50-qa-142,chalm,2.263013725478588,21.565200004260987,379.6495999995386,403.4778137292782,one shared preloaded model
conv-50-qa-143,chalm,2.263013725478588,18.9269000038621,162.77559999434743,183.9655137236881,one shared preloaded model
conv-50-qa-144,chalm,2.263013725478588,13.845200002833735,240.0056999977096,256.1139137260219,one shared preloaded model
conv-50-qa-145,chalm,2.263013725478588,17.99609999579843,406.1694999982137,426.4286137194907,one shared preloaded model
conv-50-qa-146,chalm,2.263013725478588,17.578499995579477,158.61160000349628,178.45311372455433,one shared preloaded model
conv-50-qa-147,chalm,2.263013725478588,16.1625999971875,158.3057000025292,176.73131372519526,one shared preloaded model
conv-50-qa-148,chalm,2.263013725478588,18.871299995225854,173.23329999635462,194.36761371705904,one shared preloaded model
conv-50-qa-149,chalm,2.263013725478588,22.084100004576612,193.56740000512218,217.91451373517737,one shared preloaded model
conv-50-qa-150,chalm,2.263013725478588,16.369600001780782,597.0556000029319,615.6882137301913,one shared preloaded model
conv-50-qa-151,chalm,2.263013725478588,14.320199996291194,205.7526999997208,222.33591372149056,one shared preloaded model
conv-50-qa-152,chalm,2.263013725478588,15.076800002134405,139.23029999568826,156.57011372330123,one shared preloaded model
conv-50-qa-153,chalm,2.263013725478588,21.44639999460196,136.51260000187904,160.22201372195957,one shared preloaded model
conv-50-qa-154,chalm,2.263013725478588,23.111599999538157,126.26980000641197,151.6444137314287,one shared preloaded model
conv-50-qa-155,chalm,2.263013725478588,21.802200004458427,192.88670000241837,216.95191373235537,one shared preloaded model
conv-50-qa-156,chalm,2.263013725478588,19.98989999992773,159.2993000012939,181.5522137267002,one shared preloaded model
conv-50-qa-157,chalm,2.263013725478588,22.04139999957988,260.8078999983263,285.1123137233848,one shared preloaded model
conv-50-qa-158,chalm,2.263013725478588,15.983600002073217,206.15969999926165,224.40631372681344,one shared preloaded model
conv-50-qa-159,chalm,2.263013725478588,14.741200000571553,196.63470000523375,213.63891373128388,one shared preloaded model
conv-50-qa-160,chalm,2.263013725478588,16.224099999817554,204.11990000138758,222.6070137266837,one shared preloaded model
conv-50-qa-161,chalm,2.263013725478588,17.314100005023647,184.2077999972389,203.78491372774113,one shared preloaded model
conv-50-qa-162,chalm,2.263013725478588,19.688499996846076,164.49839999404503,186.44991371636968,one shared preloaded model
conv-50-qa-163,chalm,2.263013725478588,18.15859999624081,164.71489999821642,185.1365137199358,one shared preloaded model
conv-50-qa-164,chalm,2.263013725478588,21.196299996518064,190.90679999499116,214.3661137169878,one shared preloaded model
conv-50-qa-165,chalm,2.263013725478588,21.14189999701921,152.93360000214307,176.33851372464085,one shared preloaded model
conv-50-qa-166,chalm,2.263013725478588,22.255399999266956,203.04030000261264,227.55871372735817,one shared preloaded model
conv-50-qa-167,chalm,2.263013725478588,15.024200001789723,180.3379999983008,197.6252137255691,one shared preloaded model
conv-50-qa-168,chalm,2.263013725478588,21.459900002810173,170.80449999775738,194.52741372604612,one shared preloaded model
conv-50-qa-169,chalm,2.263013725478588,21.386300002632197,207.41130000533303,231.0606137334438,one shared preloaded model
conv-50-qa-170,chalm,2.263013725478588,15.617299999576062,213.27629999723285,231.1566137222875,one shared preloaded model
conv-50-qa-171,chalm,2.263013725478588,14.983699998992961,190.3745000017807,207.62121372625222,one shared preloaded model
conv-50-qa-172,chalm,2.263013725478588,21.533600003749598,438.79229999583913,462.5889137250673,one shared preloaded model
conv-50-qa-173,chalm,2.263013725478588,19.889100003638305,157.22419999656267,179.37631372567955,one shared preloaded model
conv-50-qa-174,chalm,2.263013725478588,20.883900004264433,331.87209999596234,355.01901372570535,one shared preloaded model
conv-50-qa-175,chalm,2.263013725478588,13.890099995478522,252.37560000095982,268.5287137219169,one shared preloaded model
conv-50-qa-176,chalm,2.263013725478588,14.359399996465072,119.75009999878239,136.37251372072603,one shared preloaded model
conv-50-qa-177,chalm,2.263013725478588,22.108200006186962,191.57629999972414,215.94751373138968,one shared preloaded model
conv-50-qa-178,chalm,2.263013725478588,22.52339999540709,211.2970000016503,236.08341372253597,one shared preloaded model
conv-50-qa-179,chalm,2.263013725478588,15.095700000529177,84.05830000265269,101.41701372866045,one shared preloaded model
conv-50-qa-180,chalm,2.263013725478588,21.62279999902239,204.66149999992922,228.54731372443018,one shared preloaded model
conv-50-qa-181,chalm,2.263013725478588,15.523699999903329,236.25259999971604,254.03931372509794,one shared preloaded model
conv-50-qa-182,chalm,2.263013725478588,13.995100001920946,136.61690000299131,152.87501373039083,one shared preloaded model
conv-50-qa-183,chalm,2.263013725478588,19.935700001951773,182.59350000153063,204.79221372896097,one shared preloaded model
conv-50-qa-184,chalm,2.263013725478588,20.936799999617506,202.5980999969761,225.79791372207217,one shared preloaded model
conv-50-qa-185,chalm,2.263013725478588,13.680000003660098,193.79379999736557,209.73681372650427,one shared preloaded model
conv-50-qa-186,chalm,2.263013725478588,16.71370000258321,198.02300000446849,216.99971373253027,one shared preloaded model
conv-50-qa-187,chalm,2.263013725478588,15.638199998647906,192.62560000061058,210.52681372473705,one shared preloaded model
conv-50-qa-188,chalm,2.263013725478588,17.461800001910888,161.32659999857424,181.0514137259637,one shared preloaded model
conv-50-qa-189,chalm,2.263013725478588,21.586299997579772,205.40749999781838,229.25681372087672,one shared preloaded model
conv-50-qa-190,chalm,2.263013725478588,18.162199994549155,209.23400000174297,229.6592137217707,one shared preloaded model
conv-50-qa-191,chalm,2.263013725478588,13.737200002651662,207.79610000317916,223.7963137313094,one shared preloaded model
conv-50-qa-192,chalm,2.263013725478588,15.47279999795137,198.3736999973189,216.10951372074885,one shared preloaded model
conv-50-qa-193,chalm,2.263013725478588,15.212500002235174,318.1226000015158,335.59811372922957,one shared preloaded model
conv-50-qa-194,chalm,2.263013725478588,18.647800003236625,188.65769999683835,209.56851372555354,one shared preloaded model
conv-50-qa-195,chalm,2.263013725478588,21.916400000918657,211.99460000207182,236.17401372846905,one shared preloaded model
conv-50-qa-196,chalm,2.263013725478588,14.43410000501899,152.75819999806117,169.45531372855874,one shared preloaded model
conv-50-qa-197,chalm,2.263013725478588,22.693099999742117,196.49690000369446,221.45301372891515,one shared preloaded model
conv-50-qa-198,chalm,2.263013725478588,17.189099999086466,197.49300000694348,216.9451137315085,one shared preloaded model
conv-50-qa-199,chalm,2.263013725478588,18.575900001451373,152.78099999704864,173.61991372397858,one shared preloaded model
conv-50-qa-200,chalm,2.263013725478588,21.409200002381112,177.16379999910714,200.83601372696683,one shared preloaded model
conv-50-qa-201,chalm,2.263013725478588,15.78509999671951,98.56849999778206,116.61661371998015,one shared preloaded model
conv-50-qa-202,chalm,2.263013725478588,21.80670000234386,567.2665000020061,591.3362137298285,one shared preloaded model
conv-50-qa-203,chalm,2.263013725478588,14.322299997729715,415.69499999604886,432.28031371925715,one shared preloaded model
