example_id,agent,update_ms,read_ms,generation_ms,end_to_end_ms,model_loading_policy
conv-26-qa-0,hybrid_growing_rag,1.2254095477443692,24.391699997067917,467.2735999993165,492.8907095441288,one shared preloaded model
conv-26-qa-1,hybrid_growing_rag,1.2254095477443692,12.219500000355765,475.9987999968871,489.44370954498726,one shared preloaded model
conv-26-qa-2,hybrid_growing_rag,1.2254095477443692,11.314399998809677,221.40399999989313,233.94380954644717,one shared preloaded model
conv-26-qa-3,hybrid_growing_rag,1.2254095477443692,11.40750000195112,251.8963000002259,264.5292095499214,one shared preloaded model
conv-26-qa-4,hybrid_growing_rag,1.2254095477443692,9.98980000076699,157.34299999894574,168.5582095474571,one shared preloaded model
conv-26-qa-5,hybrid_growing_rag,1.2254095477443692,16.83490000141319,356.5691000003426,374.62940954950017,one shared preloaded model
conv-26-qa-6,hybrid_growing_rag,1.2254095477443692,13.247700000647455,515.9359999997832,530.409109548175,one shared preloaded model
conv-26-qa-7,hybrid_growing_rag,1.2254095477443692,13.550299998314586,223.6469000017678,238.42260954782674,one shared preloaded model
conv-26-qa-8,hybrid_growing_rag,1.2254095477443692,10.31679999869084,227.10860000006505,238.65080954650026,one shared preloaded model
conv-26-qa-9,hybrid_growing_rag,1.2254095477443692,11.189999997441191,335.75070000006235,348.16610954524793,one shared preloaded model
conv-26-qa-10,hybrid_growing_rag,1.2254095477443692,12.881799997558119,162.8424000009545,176.949609546257,one shared preloaded model
conv-26-qa-11,hybrid_growing_rag,1.2254095477443692,15.732600000774255,163.06880000047386,180.02680954899247,one shared preloaded model
conv-26-qa-12,hybrid_growing_rag,1.2254095477443692,16.545899998163804,178.84609999964596,196.61740954555412,one shared preloaded model
conv-26-qa-13,hybrid_growing_rag,1.2254095477443692,16.575199999351753,208.0138999990595,225.81450954615562,one shared preloaded model
conv-26-qa-14,hybrid_growing_rag,1.2254095477443692,11.40559999839752,233.13799999959883,245.76900954574072,one shared preloaded model
conv-26-qa-15,hybrid_growing_rag,1.2254095477443692,12.750000001688022,202.69740000003367,216.67280954946605,one shared preloaded model
conv-26-qa-16,hybrid_growing_rag,1.2254095477443692,10.885600000619888,349.54210000068997,361.65310954905425,one shared preloaded model
conv-26-qa-17,hybrid_growing_rag,1.2254095477443692,9.492199998931028,518.1002999997872,528.8179095464626,one shared preloaded model
conv-26-qa-18,hybrid_growing_rag,1.2254095477443692,9.850200000073528,153.3659999986412,164.4416095464591,one shared preloaded model
conv-26-qa-19,hybrid_growing_rag,1.2254095477443692,16.252800000074785,157.71800000220537,175.19620955002452,one shared preloaded model
conv-26-qa-20,hybrid_growing_rag,1.2254095477443692,10.803599998325808,483.0108999994991,495.0399095455693,one shared preloaded model
conv-26-qa-21,hybrid_growing_rag,1.2254095477443692,13.464999999996508,332.64219999909983,347.33260954684073,one shared preloaded model
conv-26-qa-22,hybrid_growing_rag,1.2254095477443692,19.43349999783095,226.96469999937108,247.6236095449464,one shared preloaded model
conv-26-qa-23,hybrid_growing_rag,1.2254095477443692,12.155000000348082,655.9022000001278,669.2826095482202,one shared preloaded model
conv-26-qa-24,hybrid_growing_rag,1.2254095477443692,10.270999999193009,221.47380000023986,232.97020954717723,one shared preloaded model
conv-26-qa-25,hybrid_growing_rag,1.2254095477443692,11.292899998807115,374.6161999988544,387.13450954540593,one shared preloaded model
conv-26-qa-26,hybrid_growing_rag,1.2254095477443692,9.569100002408959,226.0016000000178,236.7961095501711,one shared preloaded model
conv-26-qa-27,hybrid_growing_rag,1.2254095477443692,9.555000000545988,199.1063999994367,209.88680954772704,one shared preloaded model
conv-26-qa-28,hybrid_growing_rag,1.2254095477443692,11.701399998855777,506.671399998595,519.5982095451951,one shared preloaded model
conv-26-qa-29,hybrid_growing_rag,1.2254095477443692,9.934900001098868,349.0851999995357,360.24550954837895,one shared preloaded model
conv-26-qa-30,hybrid_growing_rag,1.2254095477443692,14.07660000040778,234.5543000010366,249.85630954918875,one shared preloaded model
conv-26-qa-31,hybrid_growing_rag,1.2254095477443692,18.92050000242307,223.6211999988882,243.76710954905562,one shared preloaded model
conv-26-qa-32,hybrid_growing_rag,1.2254095477443692,11.05459999962477,260.5091999976139,272.78920954498307,one shared preloaded model
conv-26-qa-33,hybrid_growing_rag,1.2254095477443692,12.39759999953094,364.84330000166665,378.466309548942,one shared preloaded model
conv-26-qa-34,hybrid_growing_rag,1.2254095477443692,9.7358000020904,189.58439999914845,200.5456095489832,one shared preloaded model
conv-26-qa-35,hybrid_growing_rag,1.2254095477443692,10.210999997070758,302.5056000005861,313.9420095454013,one shared preloaded model
conv-26-qa-36,hybrid_growing_rag,1.2254095477443692,13.218399999459507,556.3647999988461,570.80860954605,one shared preloaded model
conv-26-qa-37,hybrid_growing_rag,1.2254095477443692,12.5426000013249,263.30159999997704,277.06960954904633,one shared preloaded model
conv-26-qa-38,hybrid_growing_rag,1.2254095477443692,10.833099997398676,387.6477000012528,399.7062095463959,one shared preloaded model
conv-26-qa-39,hybrid_growing_rag,1.2254095477443692,9.749899996677414,623.9935000012338,634.9688095456555,one shared preloaded model
conv-26-qa-40,hybrid_growing_rag,1.2254095477443692,13.51529999737977,123.75270000120508,138.49340954632922,one shared preloaded model
conv-26-qa-41,hybrid_growing_rag,1.2254095477443692,16.67530000122497,346.2535999969987,364.15430954596803,one shared preloaded model
conv-26-qa-42,hybrid_growing_rag,1.2254095477443692,13.76209999943967,231.20769999877666,246.1952095459607,one shared preloaded model
conv-26-qa-43,hybrid_growing_rag,1.2254095477443692,10.803299999679439,210.7845000027737,222.8132095501975,one shared preloaded model
conv-26-qa-44,hybrid_growing_rag,1.2254095477443692,10.39179999861517,347.54590000011376,359.1631095464733,one shared preloaded model
conv-26-qa-45,hybrid_growing_rag,1.2254095477443692,13.861499999620719,207.54699999815784,222.63390954552293,one shared preloaded model
conv-26-qa-46,hybrid_growing_rag,1.2254095477443692,11.194099999556784,122.37109999841778,134.79060954571892,one shared preloaded model
conv-26-qa-47,hybrid_growing_rag,1.2254095477443692,15.217899999697693,122.27870000060648,138.72200954804853,one shared preloaded model
conv-26-qa-48,hybrid_growing_rag,1.2254095477443692,16.720599996915553,358.19160000028205,376.137609544942,one shared preloaded model
conv-26-qa-49,hybrid_growing_rag,1.2254095477443692,10.103000000526663,460.339400000521,471.66780954879204,one shared preloaded model
conv-26-qa-50,hybrid_growing_rag,1.2254095477443692,12.149199999839766,224.45840000000317,237.8330095475873,one shared preloaded model
conv-26-qa-51,hybrid_growing_rag,1.2254095477443692,12.0781999976316,202.10750000114786,215.41110954652382,one shared preloaded model
conv-26-qa-52,hybrid_growing_rag,1.2254095477443692,9.520200001134071,226.513800000248,237.25940954912645,one shared preloaded model
conv-26-qa-53,hybrid_growing_rag,1.2254095477443692,20.073399999091635,481.50729999906616,502.8061095459022,one shared preloaded model
conv-26-qa-54,hybrid_growing_rag,1.2254095477443692,12.759400000504684,505.2293999979156,519.2142095461646,one shared preloaded model
conv-26-qa-55,hybrid_growing_rag,1.2254095477443692,9.802200002013706,251.31909999981872,262.3467095495768,one shared preloaded model
conv-26-qa-56,hybrid_growing_rag,1.2254095477443692,9.64630000089528,154.45339999860153,165.32510954724117,one shared preloaded model
conv-26-qa-57,hybrid_growing_rag,1.2254095477443692,15.628400000423426,235.45000000012806,252.30380954829585,one shared preloaded model
conv-26-qa-58,hybrid_growing_rag,1.2254095477443692,10.98679999995511,352.5426000014704,364.7548095491699,one shared preloaded model
conv-26-qa-59,hybrid_growing_rag,1.2254095477443692,13.335200001165504,226.57080000135466,241.13140955026452,one shared preloaded model
conv-26-qa-60,hybrid_growing_rag,1.2254095477443692,9.47470000028261,102.15489999973215,112.85500954775912,one shared preloaded model
conv-26-qa-61,hybrid_growing_rag,1.2254095477443692,15.481500002351822,212.08720000140602,228.7941095515022,one shared preloaded model
conv-26-qa-62,hybrid_growing_rag,1.2254095477443692,10.755399998743087,366.1753999986104,378.15620954509785,one shared preloaded model
conv-26-qa-63,hybrid_growing_rag,1.2254095477443692,10.178299999097362,202.62430000002496,214.02800954686668,one shared preloaded model
conv-26-qa-64,hybrid_growing_rag,1.2254095477443692,11.415799999667797,176.09190000075614,188.7331095481683,one shared preloaded model
conv-26-qa-65,hybrid_growing_rag,1.2254095477443692,16.65829999910784,159.909099998913,177.7928095457652,one shared preloaded model
conv-26-qa-66,hybrid_growing_rag,1.2254095477443692,11.231500000576489,164.31549999833805,176.7724095466589,one shared preloaded model
conv-26-qa-67,hybrid_growing_rag,1.2254095477443692,11.597999997320585,287.64289999890025,300.4663095439652,one shared preloaded model
conv-26-qa-68,hybrid_growing_rag,1.2254095477443692,9.636399998271372,270.4486000002362,281.31040954625195,one shared preloaded model
conv-26-qa-69,hybrid_growing_rag,1.2254095477443692,10.224000001471722,76.1194999977306,87.56890954694668,one shared preloaded model
conv-26-qa-70,hybrid_growing_rag,1.2254095477443692,10.998599998856662,212.34019999974407,224.5642095463451,one shared preloaded model
conv-26-qa-71,hybrid_growing_rag,1.2254095477443692,10.901800000283401,272.1674000022176,284.2946095502454,one shared preloaded model
conv-26-qa-72,hybrid_growing_rag,1.2254095477443692,16.909199999645352,208.72739999686019,226.8620095442499,one shared preloaded model
conv-26-qa-73,hybrid_growing_rag,1.2254095477443692,10.908800002653152,205.39300000018557,217.52720955058308,one shared preloaded model
conv-26-qa-74,hybrid_growing_rag,1.2254095477443692,11.031200003344566,359.1487999983656,371.40540954945453,one shared preloaded model
conv-26-qa-75,hybrid_growing_rag,1.2254095477443692,9.859699999651639,108.46800000217627,119.55310954957227,one shared preloaded model
conv-26-qa-76,hybrid_growing_rag,1.2254095477443692,12.130099999922095,226.22499999852153,239.58050954618798,one shared preloaded model
conv-26-qa-77,hybrid_growing_rag,1.2254095477443692,11.995499997283332,228.27809999944293,241.49900954447062,one shared preloaded model
conv-26-qa-78,hybrid_growing_rag,1.2254095477443692,9.806699999899138,209.67169999858015,220.70380954622365,one shared preloaded model
conv-26-qa-79,hybrid_growing_rag,1.2254095477443692,12.841400002798764,550.6578000022273,564.7246095527704,one shared preloaded model
conv-26-qa-80,hybrid_growing_rag,1.2254095477443692,12.601899998117005,517.9986000002827,531.8259095461441,one shared preloaded model
conv-26-qa-81,hybrid_growing_rag,1.2254095477443692,14.995699999417411,224.4414999986475,240.66260954580926,one shared preloaded model
conv-26-qa-82,hybrid_growing_rag,1.2254095477443692,11.804399997345172,143.87809999971068,156.90790954480022,one shared preloaded model
conv-26-qa-83,hybrid_growing_rag,1.2254095477443692,16.593600001215236,159.908000001451,177.7270095504106,one shared preloaded model
conv-26-qa-84,hybrid_growing_rag,1.2254095477443692,9.214499998051906,444.72119999772985,455.16110954352615,one shared preloaded model
conv-26-qa-85,hybrid_growing_rag,1.2254095477443692,12.780899996869266,780.6971999998495,794.7035095444631,one shared preloaded model
conv-26-qa-86,hybrid_growing_rag,1.2254095477443692,13.335799998458242,251.16160000106902,265.72280954727165,one shared preloaded model
conv-26-qa-87,hybrid_growing_rag,1.2254095477443692,10.724800002208212,591.4497999983723,603.4000095483249,one shared preloaded model
conv-26-qa-88,hybrid_growing_rag,1.2254095477443692,13.281399998959387,395.76540000052773,410.2722095472315,one shared preloaded model
conv-26-qa-89,hybrid_growing_rag,1.2254095477443692,9.812799999053823,463.5525999983656,474.59080954516384,one shared preloaded model
conv-26-qa-90,hybrid_growing_rag,1.2254095477443692,10.130999999091728,317.41069999770843,328.76710954454455,one shared preloaded model
conv-26-qa-91,hybrid_growing_rag,1.2254095477443692,13.258399998449022,250.2717000024859,264.7555095486793,one shared preloaded model
conv-26-qa-92,hybrid_growing_rag,1.2254095477443692,12.93689999874914,109.45449999780976,123.61680954430327,one shared preloaded model
conv-26-qa-93,hybrid_growing_rag,1.2254095477443692,16.00500000131433,897.1999999994296,914.4304095484882,one shared preloaded model
conv-26-qa-94,hybrid_growing_rag,1.2254095477443692,13.01429999875836,225.06280000015977,239.3025095466625,one shared preloaded model
conv-26-qa-95,hybrid_growing_rag,1.2254095477443692,10.078200000862125,505.3622000014002,516.6658095500067,one shared preloaded model
conv-26-qa-96,hybrid_growing_rag,1.2254095477443692,13.328100001672283,201.65210000050138,216.20560954991802,one shared preloaded model
conv-26-qa-97,hybrid_growing_rag,1.2254095477443692,10.610799999994924,226.09659999943688,237.93280954717616,one shared preloaded model
conv-26-qa-98,hybrid_growing_rag,1.2254095477443692,10.141999999177642,400.8047000024817,412.17210954940373,one shared preloaded model
conv-26-qa-99,hybrid_growing_rag,1.2254095477443692,12.65630000125384,248.19480000223848,262.0765095512367,one shared preloaded model
conv-26-qa-100,hybrid_growing_rag,1.2254095477443692,10.880800000450108,224.9934999999823,237.09970954817678,one shared preloaded model
conv-26-qa-101,hybrid_growing_rag,1.2254095477443692,12.872600000264356,109.83759999726317,123.93560954527189,one shared preloaded model
conv-26-qa-102,hybrid_growing_rag,1.2254095477443692,13.6776999970607,620.4817000034382,635.3848095482432,one shared preloaded model
conv-26-qa-103,hybrid_growing_rag,1.2254095477443692,12.761400001181755,282.4905999987095,296.47740954763566,one shared preloaded model
conv-26-qa-104,hybrid_growing_rag,1.2254095477443692,12.766899999405723,185.31440000151633,199.30670954866642,one shared preloaded model
conv-26-qa-105,hybrid_growing_rag,1.2254095477443692,14.567099999112543,834.5011999990675,850.2937095459243,one shared preloaded model
conv-26-qa-106,hybrid_growing_rag,1.2254095477443692,10.33839999945485,264.78039999710745,276.3442095443067,one shared preloaded model
conv-26-qa-107,hybrid_growing_rag,1.2254095477443692,9.838199999649078,677.8790999997,688.9427095470934,one shared preloaded model
conv-26-qa-108,hybrid_growing_rag,1.2254095477443692,15.57189999948605,199.3430000002263,216.14030954745672,one shared preloaded model
conv-26-qa-109,hybrid_growing_rag,1.2254095477443692,9.50379999994766,160.6707999999344,171.4000095476264,one shared preloaded model
conv-26-qa-110,hybrid_growing_rag,1.2254095477443692,16.114399997604778,161.94779999932507,179.2876095446742,one shared preloaded model
conv-26-qa-111,hybrid_growing_rag,1.2254095477443692,16.930800000409363,333.08300000135205,351.2392095495058,one shared preloaded model
conv-26-qa-112,hybrid_growing_rag,1.2254095477443692,14.093999998294748,364.3907000005129,379.710109546552,one shared preloaded model
conv-26-qa-113,hybrid_growing_rag,1.2254095477443692,11.257599999225931,824.2479999971692,836.7310095441395,one shared preloaded model
conv-26-qa-114,hybrid_growing_rag,1.2254095477443692,11.065400001825765,228.07499999908032,240.36580954865045,one shared preloaded model
conv-26-qa-115,hybrid_growing_rag,1.2254095477443692,10.990499999024905,494.63400000240654,506.84990954917583,one shared preloaded model
conv-26-qa-116,hybrid_growing_rag,1.2254095477443692,15.420899999298854,452.4163000023691,469.06260954941234,one shared preloaded model
conv-26-qa-117,hybrid_growing_rag,1.2254095477443692,9.62489999801619,265.6754000017827,276.5257095475433,one shared preloaded model
conv-26-qa-118,hybrid_growing_rag,1.2254095477443692,10.488100000657141,376.4080999972066,388.1216095456081,one shared preloaded model
conv-26-qa-119,hybrid_growing_rag,1.2254095477443692,13.783099999272963,342.03550000165706,357.0440095486744,one shared preloaded model
conv-26-qa-120,hybrid_growing_rag,1.2254095477443692,10.046100000181468,249.5065999974031,260.77810954532896,one shared preloaded model
conv-26-qa-121,hybrid_growing_rag,1.2254095477443692,10.797099999763304,213.74270000160323,225.7652095491109,one shared preloaded model
conv-26-qa-122,hybrid_growing_rag,1.2254095477443692,11.34739999906742,226.70410000137053,239.27690954818232,one shared preloaded model
conv-26-qa-123,hybrid_growing_rag,1.2254095477443692,10.89249999859021,374.5648000003712,386.6827095467058,one shared preloaded model
conv-26-qa-124,hybrid_growing_rag,1.2254095477443692,10.345100003178231,203.31799999985378,214.88850955077638,one shared preloaded model
conv-26-qa-125,hybrid_growing_rag,1.2254095477443692,10.827599999174709,405.530699998053,417.5837095449721,one shared preloaded model
conv-26-qa-126,hybrid_growing_rag,1.2254095477443692,10.833899999852292,198.7900999993144,210.84940954691106,one shared preloaded model
conv-26-qa-127,hybrid_growing_rag,1.2254095477443692,12.277699999685865,412.5983999983873,426.1015095458176,one shared preloaded model
conv-26-qa-128,hybrid_growing_rag,1.2254095477443692,13.839800001733238,298.3079000005091,313.37310954998674,one shared preloaded model
conv-26-qa-129,hybrid_growing_rag,1.2254095477443692,12.486799998441711,334.5623000022897,348.2745095484758,one shared preloaded model
conv-26-qa-130,hybrid_growing_rag,1.2254095477443692,9.92979999864474,274.1704000000027,285.32560954639183,one shared preloaded model
conv-26-qa-131,hybrid_growing_rag,1.2254095477443692,10.866100001294399,226.65390000111074,238.7454095501495,one shared preloaded model
conv-26-qa-132,hybrid_growing_rag,1.2254095477443692,10.306399999535643,227.44149999925867,238.97330954653867,one shared preloaded model
conv-26-qa-133,hybrid_growing_rag,1.2254095477443692,10.267199999361765,159.91510000094422,171.40770954805035,one shared preloaded model
conv-26-qa-134,hybrid_growing_rag,1.2254095477443692,16.91719999871566,556.3970000002882,574.5396095467482,one shared preloaded model
conv-26-qa-135,hybrid_growing_rag,1.2254095477443692,13.67250000112108,158.95409999939147,173.85200954825692,one shared preloaded model
conv-26-qa-136,hybrid_growing_rag,1.2254095477443692,15.201300000626361,241.4067999998224,257.83350954819315,one shared preloaded model
conv-26-qa-137,hybrid_growing_rag,1.2254095477443692,9.846100001595914,182.79959999927087,193.87110954861114,one shared preloaded model
conv-26-qa-138,hybrid_growing_rag,1.2254095477443692,17.95700000002398,219.6070999998483,238.78950954761663,one shared preloaded model
conv-26-qa-139,hybrid_growing_rag,1.2254095477443692,13.115100002323743,204.62749999933294,218.96800954940105,one shared preloaded model
conv-26-qa-140,hybrid_growing_rag,1.2254095477443692,10.857299999770476,139.96699999916018,152.04970954667502,one shared preloaded model
conv-26-qa-141,hybrid_growing_rag,1.2254095477443692,16.245300001173746,341.48549999736133,358.95620954627947,one shared preloaded model
conv-26-qa-142,hybrid_growing_rag,1.2254095477443692,9.576000000379281,584.3357000012475,595.1371095493711,one shared preloaded model
conv-26-qa-143,hybrid_growing_rag,1.2254095477443692,12.935299997479888,299.5273999986239,313.68810954384816,one shared preloaded model
conv-26-qa-144,hybrid_growing_rag,1.2254095477443692,9.633300000132294,299.10369999925024,309.9624095471269,one shared preloaded model
conv-26-qa-145,hybrid_growing_rag,1.2254095477443692,10.325200000806944,109.13050000090152,120.68110954945283,one shared preloaded model
conv-26-qa-146,hybrid_growing_rag,1.2254095477443692,15.339000001404202,342.269299999316,358.8337095484646,one shared preloaded model
conv-26-qa-147,hybrid_growing_rag,1.2254095477443692,11.742700000468176,138.483399998222,151.45150954643455,one shared preloaded model
conv-26-qa-148,hybrid_growing_rag,1.2254095477443692,16.61959999910323,390.8454999982496,408.6905095450972,one shared preloaded model
conv-26-qa-149,hybrid_growing_rag,1.2254095477443692,9.591100002580788,157.36390000165557,168.18040955198072,one shared preloaded model
conv-26-qa-150,hybrid_growing_rag,1.2254095477443692,16.284000001178356,258.9473000007274,276.45670954965016,one shared preloaded model
conv-26-qa-151,hybrid_growing_rag,1.2254095477443692,10.949399998935405,867.3639000007825,879.5387095474622,one shared preloaded model
conv-26-qa-152,hybrid_growing_rag,1.2254095477443692,13.269500002934365,224.1052999997919,238.60020955047062,one shared preloaded model
conv-26-qa-153,hybrid_growing_rag,1.2254095477443692,12.765300001774449,214.02230000239797,228.01300955191678,one shared preloaded model
conv-26-qa-154,hybrid_growing_rag,1.2254095477443692,11.025899999367539,190.6383999994432,202.8897095465551,one shared preloaded model
conv-26-qa-155,hybrid_growing_rag,1.2254095477443692,10.573800002021017,171.805800000584,183.60500955034937,one shared preloaded model
conv-26-qa-156,hybrid_growing_rag,1.2254095477443692,16.717499998776475,303.25079999965965,321.1937095461805,one shared preloaded model
conv-26-qa-157,hybrid_growing_rag,1.2254095477443692,11.357499999576248,239.07380000309786,251.65670955041847,one shared preloaded model
conv-26-qa-158,hybrid_growing_rag,1.2254095477443692,10.105100001965184,81.3802000011492,92.71070955085875,one shared preloaded model
conv-26-qa-159,hybrid_growing_rag,1.2254095477443692,15.065299998241244,290.9371999994619,307.2279095454475,one shared preloaded model
conv-26-qa-160,hybrid_growing_rag,1.2254095477443692,10.679999999410938,984.3743000019458,996.2797095491011,one shared preloaded model
conv-26-qa-161,hybrid_growing_rag,1.2254095477443692,11.542199998075375,163.36990000127116,176.1375095470909,one shared preloaded model
conv-26-qa-162,hybrid_growing_rag,1.2254095477443692,13.652800000272691,272.0545000011043,286.9327095491214,one shared preloaded model
conv-26-qa-163,hybrid_growing_rag,1.2254095477443692,9.940600000845734,161.76659999837284,172.93260954696294,one shared preloaded model
conv-26-qa-164,hybrid_growing_rag,1.2254095477443692,16.10409999921103,386.7757999978494,404.1053095448048,one shared preloaded model
conv-26-qa-165,hybrid_growing_rag,1.2254095477443692,11.297900000499794,162.23860000172863,174.76190954997278,one shared preloaded model
conv-26-qa-166,hybrid_growing_rag,1.2254095477443692,16.402100001869258,231.41759999998612,249.04510954959974,one shared preloaded model
conv-26-qa-167,hybrid_growing_rag,1.2254095477443692,10.442099999636412,83.2245999990846,94.89210954646538,one shared preloaded model
conv-26-qa-168,hybrid_growing_rag,1.2254095477443692,11.391600000933977,165.46480000033625,178.0818095490146,one shared preloaded model
conv-26-qa-169,hybrid_growing_rag,1.2254095477443692,14.632399997935863,493.9434000007168,509.80120954639705,one shared preloaded model
conv-26-qa-170,hybrid_growing_rag,1.2254095477443692,10.424700001749443,235.86299999806215,247.51310954755596,one shared preloaded model
conv-26-qa-171,hybrid_growing_rag,1.2254095477443692,10.812100001203362,226.22360000241315,238.26110955136087,one shared preloaded model
conv-26-qa-172,hybrid_growing_rag,1.2254095477443692,19.526500000210945,186.1600999982329,206.91200954618822,one shared preloaded model
conv-26-qa-173,hybrid_growing_rag,1.2254095477443692,11.787800001911819,234.23499999989872,247.2482095495549,one shared preloaded model
conv-26-qa-174,hybrid_growing_rag,1.2254095477443692,13.642300000356045,272.53469999777735,287.4024095458778,one shared preloaded model
conv-26-qa-175,hybrid_growing_rag,1.2254095477443692,13.380899999901885,225.83859999940614,240.4449095470524,one shared preloaded model
conv-26-qa-176,hybrid_growing_rag,1.2254095477443692,12.391300002491334,160.55209999831277,174.16880954854847,one shared preloaded model
conv-26-qa-177,hybrid_growing_rag,1.2254095477443692,16.83019999836688,227.1699000011722,245.22550954728345,one shared preloaded model
conv-26-qa-178,hybrid_growing_rag,1.2254095477443692,10.965500001475448,97.10089999862248,109.29180954784229,one shared preloaded model
conv-26-qa-179,hybrid_growing_rag,1.2254095477443692,16.15969999693334,227.95440000118106,245.33950954585876,one shared preloaded model
conv-26-qa-180,hybrid_growing_rag,1.2254095477443692,9.707900000648806,219.1547999973409,230.08810954573406,one shared preloaded model
conv-26-qa-181,hybrid_growing_rag,1.2254095477443692,11.679200000799028,117.13959999906365,130.04420954760704,one shared preloaded model
conv-26-qa-182,hybrid_growing_rag,1.2254095477443692,16.663800000969786,223.76310000254307,241.65230955125722,one shared preloaded model
conv-26-qa-183,hybrid_growing_rag,1.2254095477443692,13.488000000506872,196.67929999923217,211.3927095474834,one shared preloaded model
conv-26-qa-184,hybrid_growing_rag,1.2254095477443692,10.769699998490978,155.62239999781013,167.61750954404548,one shared preloaded model
conv-26-qa-185,hybrid_growing_rag,1.2254095477443692,13.530600001104176,243.0891000003612,257.8451095492098,one shared preloaded model
conv-26-qa-186,hybrid_growing_rag,1.2254095477443692,13.843900000210851,177.5545999989845,192.6239095469397,one shared preloaded model
conv-26-qa-187,hybrid_growing_rag,1.2254095477443692,11.317100001178915,159.859300001699,172.4018095506223,one shared preloaded model
conv-26-qa-188,hybrid_growing_rag,1.2254095477443692,14.992899999924703,224.40439999991213,240.6227095475812,one shared preloaded model
conv-26-qa-189,hybrid_growing_rag,1.2254095477443692,11.16109999929904,226.2330000012298,238.61950954827321,one shared preloaded model
conv-26-qa-190,hybrid_growing_rag,1.2254095477443692,10.603800001263153,857.1013000000676,868.930509549075,one shared preloaded model
conv-26-qa-191,hybrid_growing_rag,1.2254095477443692,12.885400003142422,201.0710000031395,215.18180955402627,one shared preloaded model
conv-26-qa-192,hybrid_growing_rag,1.2254095477443692,11.184099999809405,220.53909999885946,232.94860954641322,one shared preloaded model
conv-26-qa-193,hybrid_growing_rag,1.2254095477443692,10.051699999166885,260.9939999965718,272.2711095434831,one shared preloaded model
conv-26-qa-194,hybrid_growing_rag,1.2254095477443692,9.77229999989504,537.8438000007009,548.8415095483402,one shared preloaded model
conv-26-qa-195,hybrid_growing_rag,1.2254095477443692,10.802299999340903,273.9938999984588,286.0216095455441,one shared preloaded model
conv-26-qa-196,hybrid_growing_rag,1.2254095477443692,12.916199997562217,395.92480000283103,410.06640954813764,one shared preloaded model
conv-26-qa-197,hybrid_growing_rag,1.2254095477443692,12.920600001962157,344.4620999980543,358.6081095477609,one shared preloaded model
conv-26-qa-198,hybrid_growing_rag,1.2254095477443692,9.956599998986349,140.47369999752846,151.65570954425917,one shared preloaded model
conv-30-qa-0,hybrid_growing_rag,0.7732885714393065,14.35230000060983,349.9459000013303,365.07148857337944,one shared preloaded model
conv-30-qa-1,hybrid_growing_rag,0.7732885714393065,13.604199997644173,297.0445999999356,311.4220885690191,one shared preloaded model
conv-30-qa-2,hybrid_growing_rag,0.7732885714393065,9.47479999740608,154.6022999973502,164.8503885661956,one shared preloaded model
conv-30-qa-3,hybrid_growing_rag,0.7732885714393065,14.884199998050462,218.6498000010033,234.30728857049309,one shared preloaded model
conv-30-qa-4,hybrid_growing_rag,0.7732885714393065,9.443700000701938,972.4752999973134,982.6922885694546,one shared preloaded model
conv-30-qa-5,hybrid_growing_rag,0.7732885714393065,11.738799999875482,284.3118999990111,296.82398857032587,one shared preloaded model
conv-30-qa-6,hybrid_growing_rag,0.7732885714393065,9.0658999979496,510.5301999974472,520.369388566836,one shared preloaded model
conv-30-qa-7,hybrid_growing_rag,0.7732885714393065,9.693699998024385,577.0398000022396,587.5067885717033,one shared preloaded model
conv-30-qa-8,hybrid_growing_rag,0.7732885714393065,11.308299999654992,367.52419999902486,379.60578857011916,one shared preloaded model
conv-30-qa-9,hybrid_growing_rag,0.7732885714393065,9.56399999995483,121.61919999925885,131.956488570653,one shared preloaded model
conv-30-qa-10,hybrid_growing_rag,0.7732885714393065,14.990700001362711,523.7622999993619,539.5262885721638,one shared preloaded model
conv-30-qa-11,hybrid_growing_rag,0.7732885714393065,8.658799997647293,228.41969999717548,237.8517885662621,one shared preloaded model
conv-30-qa-12,hybrid_growing_rag,0.7732885714393065,12.038599998049904,522.6651999983005,535.4770885677897,one shared preloaded model
conv-30-qa-13,hybrid_growing_rag,0.7732885714393065,11.13199999963399,335.85820000007516,347.76348857114846,one shared preloaded model
conv-30-qa-14,hybrid_growing_rag,0.7732885714393065,11.234599998715566,335.59299999978975,347.60088856994463,one shared preloaded model
conv-30-qa-15,hybrid_growing_rag,0.7732885714393065,11.420800001360476,503.83530000181054,516.0293885746103,one shared preloaded model
conv-30-qa-16,hybrid_growing_rag,0.7732885714393065,11.894499999471009,541.8374999972002,554.5052885681105,one shared preloaded model
conv-30-qa-17,hybrid_growing_rag,0.7732885714393065,11.892500002431916,555.0648999997065,567.7306885735777,one shared preloaded model
conv-30-qa-18,hybrid_growing_rag,0.7732885714393065,8.484099998895545,226.03040000103647,235.28778857137132,one shared preloaded model
conv-30-qa-19,hybrid_growing_rag,0.7732885714393065,12.27880000078585,521.9541000005847,535.0061885728098,one shared preloaded model
conv-30-qa-20,hybrid_growing_rag,0.7732885714393065,11.55310000103782,360.17980000178795,372.5061885742651,one shared preloaded model
conv-30-qa-21,hybrid_growing_rag,0.7732885714393065,8.770100001129322,574.0446999989217,583.5880885714903,one shared preloaded model
conv-30-qa-22,hybrid_growing_rag,0.7732885714393065,11.93520000015269,584.4457999992301,597.154288570822,one shared preloaded model
conv-30-qa-23,hybrid_growing_rag,0.7732885714393065,11.894600000232458,237.61719999674824,250.28508856842,one shared preloaded model
conv-30-qa-24,hybrid_growing_rag,0.7732885714393065,11.525900001288392,186.99610000112443,199.29528857385213,one shared preloaded model
conv-30-qa-25,hybrid_growing_rag,0.7732885714393065,13.146900000720052,227.0926999990479,241.01288857120727,one shared preloaded model
conv-30-qa-26,hybrid_growing_rag,0.7732885714393065,10.48340000124881,453.1645000024582,464.42118857514635,one shared preloaded model
conv-30-qa-27,hybrid_growing_rag,0.7732885714393065,8.511800002452219,108.86670000036247,118.151788574254,one shared preloaded model
conv-30-qa-28,hybrid_growing_rag,0.7732885714393065,8.009400000446476,313.04440000167233,321.8270885735581,one shared preloaded model
conv-30-qa-29,hybrid_growing_rag,0.7732885714393065,9.3949000001885,197.93879999997444,208.10698857160224,one shared preloaded model
conv-30-qa-30,hybrid_growing_rag,0.7732885714393065,9.534600001643412,330.62649999919813,340.93438857228085,one shared preloaded model
conv-30-qa-31,hybrid_growing_rag,0.7732885714393065,11.631299999862676,228.48309999972116,240.88768857102315,one shared preloaded model
conv-30-qa-32,hybrid_growing_rag,0.7732885714393065,11.215499998797895,379.3487000002642,391.3374885705014,one shared preloaded model
conv-30-qa-33,hybrid_growing_rag,0.7732885714393065,10.814299999765353,357.2597999991558,368.84738857036047,one shared preloaded model
conv-30-qa-34,hybrid_growing_rag,0.7732885714393065,11.919900000066264,225.33360000306857,238.02678857457414,one shared preloaded model
conv-30-qa-35,hybrid_growing_rag,0.7732885714393065,12.011300001177005,209.43840000109049,222.2229885737068,one shared preloaded model
conv-30-qa-36,hybrid_growing_rag,0.7732885714393065,9.692199997516582,522.970300000452,533.4357885694078,one shared preloaded model
conv-30-qa-37,hybrid_growing_rag,0.7732885714393065,10.947800001304131,726.8269000014698,738.5479885742132,one shared preloaded model
conv-30-qa-38,hybrid_growing_rag,0.7732885714393065,8.836100001644809,526.1481999987154,535.7575885717995,one shared preloaded model
conv-30-qa-39,hybrid_growing_rag,0.7732885714393065,11.099999999714782,144.75519999905373,156.62848857020782,one shared preloaded model
conv-30-qa-40,hybrid_growing_rag,0.7732885714393065,10.551999999734107,157.92249999867636,169.24778856984977,one shared preloaded model
conv-30-qa-41,hybrid_growing_rag,0.7732885714393065,14.165599997795653,920.5478000003495,935.4866885695844,one shared preloaded model
conv-30-qa-42,hybrid_growing_rag,0.7732885714393065,9.07050000023446,232.4201000010362,242.26388857270996,one shared preloaded model
conv-30-qa-43,hybrid_growing_rag,0.7732885714393065,9.513700002571568,304.33130000164965,314.61828857566053,one shared preloaded model
conv-30-qa-44,hybrid_growing_rag,0.7732885714393065,10.999899997841567,235.05690000092727,246.83008857020815,one shared preloaded model
conv-30-qa-45,hybrid_growing_rag,0.7732885714393065,12.353400001302361,175.63589999917895,188.76258857192062,one shared preloaded model
conv-30-qa-46,hybrid_growing_rag,0.7732885714393065,10.230399999272777,204.74639999883948,215.75008856955156,one shared preloaded model
conv-30-qa-47,hybrid_growing_rag,0.7732885714393065,10.014699997554999,166.02489999786485,176.81288856685916,one shared preloaded model
conv-30-qa-48,hybrid_growing_rag,0.7732885714393065,10.520900003029965,127.13670000084676,138.43088857531603,one shared preloaded model
conv-30-qa-49,hybrid_growing_rag,0.7732885714393065,12.355399998341454,347.83600000082515,360.9646885706059,one shared preloaded model
conv-30-qa-50,hybrid_growing_rag,0.7732885714393065,8.597000000008848,210.3185999985726,219.68888857002077,one shared preloaded model
conv-30-qa-51,hybrid_growing_rag,0.7732885714393065,9.672599997429643,1537.8528000001097,1548.2986885689786,one shared preloaded model
conv-30-qa-52,hybrid_growing_rag,0.7732885714393065,8.963599997514393,663.2742000001599,673.0110885691136,one shared preloaded model
conv-30-qa-53,hybrid_growing_rag,0.7732885714393065,14.9282000020321,1082.8297000007296,1098.531188574201,one shared preloaded model
conv-30-qa-54,hybrid_growing_rag,0.7732885714393065,9.398899997904664,258.86829999944894,269.0404885687929,one shared preloaded model
conv-30-qa-55,hybrid_growing_rag,0.7732885714393065,8.230100000218954,361.06830000062473,370.071688572283,one shared preloaded model
conv-30-qa-56,hybrid_growing_rag,0.7732885714393065,8.940300001995638,226.54099999999744,236.2545885734324,one shared preloaded model
conv-30-qa-57,hybrid_growing_rag,0.7732885714393065,11.645999999018386,427.57630000050995,439.99558857096764,one shared preloaded model
conv-30-qa-58,hybrid_growing_rag,0.7732885714393065,11.513400000694674,223.7178999967,236.00458856883398,one shared preloaded model
conv-30-qa-59,hybrid_growing_rag,0.7732885714393065,8.687099998496706,1049.8471000028076,1059.3074885727435,one shared preloaded model
conv-30-qa-60,hybrid_growing_rag,0.7732885714393065,9.574799998517847,172.0774999994319,182.42558856938905,one shared preloaded model
conv-30-qa-61,hybrid_growing_rag,0.7732885714393065,14.76120000006631,202.68729999952484,218.22178857103046,one shared preloaded model
conv-30-qa-62,hybrid_growing_rag,0.7732885714393065,10.201199998846278,685.0756000021647,696.0500885724502,one shared preloaded model
conv-30-qa-63,hybrid_growing_rag,0.7732885714393065,11.900600002263673,223.75629999805824,236.43018857176122,one shared preloaded model
conv-30-qa-64,hybrid_growing_rag,0.7732885714393065,10.622300000250107,110.08109999966109,121.47668857135051,one shared preloaded model
conv-30-qa-65,hybrid_growing_rag,0.7732885714393065,15.225200000713812,224.1429000023345,240.14138857448762,one shared preloaded model
conv-30-qa-66,hybrid_growing_rag,0.7732885714393065,10.788700001285179,309.4425000017509,321.0044885744754,one shared preloaded model
conv-30-qa-67,hybrid_growing_rag,0.7732885714393065,12.008100002276478,168.61380000045756,181.39518857417335,one shared preloaded model
conv-30-qa-68,hybrid_growing_rag,0.7732885714393065,10.041300000011688,201.25999999800115,212.07458856945215,one shared preloaded model
conv-30-qa-69,hybrid_growing_rag,0.7732885714393065,9.618500000215136,166.05479999998352,176.44658857163796,one shared preloaded model
conv-30-qa-70,hybrid_growing_rag,0.7732885714393065,14.177899996866472,162.37550000005285,177.32668856835863,one shared preloaded model
conv-30-qa-71,hybrid_growing_rag,0.7732885714393065,14.731600000231992,295.2670000013313,310.7718885730026,one shared preloaded model
conv-30-qa-72,hybrid_growing_rag,0.7732885714393065,11.681799998768838,368.75140000120155,381.2064885714097,one shared preloaded model
conv-30-qa-73,hybrid_growing_rag,0.7732885714393065,9.12419999804115,227.85010000006878,237.74758856954924,one shared preloaded model
conv-30-qa-74,hybrid_growing_rag,0.7732885714393065,8.656199999677483,1668.6728000022413,1678.102288573358,one shared preloaded model
conv-30-qa-75,hybrid_growing_rag,0.7732885714393065,12.472900001739617,323.1755000015255,336.42168857470443,one shared preloaded model
conv-30-qa-76,hybrid_growing_rag,0.7732885714393065,9.91520000025048,84.16679999936605,94.85528857105584,one shared preloaded model
conv-30-qa-77,hybrid_growing_rag,0.7732885714393065,7.87549999949988,145.78120000078343,154.42998857172262,one shared preloaded model
conv-30-qa-78,hybrid_growing_rag,0.7732885714393065,8.802200001809979,505.118199998833,514.6936885720822,one shared preloaded model
conv-30-qa-79,hybrid_growing_rag,0.7732885714393065,11.434799998824019,192.75809999817284,204.96618856843617,one shared preloaded model
conv-30-qa-80,hybrid_growing_rag,0.7732885714393065,9.566700002324069,226.0835999986739,236.42358857243727,one shared preloaded model
conv-30-qa-81,hybrid_growing_rag,0.7732885714393065,12.323099999775877,410.29340000022785,423.38978857144303,one shared preloaded model
conv-30-qa-82,hybrid_growing_rag,0.7732885714393065,9.54989999809186,182.36999999862746,192.69318856815863,one shared preloaded model
conv-30-qa-83,hybrid_growing_rag,0.7732885714393065,10.982499999954598,237.2618000008515,249.01758857224542,one shared preloaded model
conv-30-qa-84,hybrid_growing_rag,0.7732885714393065,13.713000000279862,149.54610000131652,164.0323885730357,one shared preloaded model
conv-30-qa-85,hybrid_growing_rag,0.7732885714393065,14.663300000393065,203.42799999707495,218.86458856890732,one shared preloaded model
conv-30-qa-86,hybrid_growing_rag,0.7732885714393065,9.45760000104201,225.2465999990818,235.47748857156313,one shared preloaded model
conv-30-qa-87,hybrid_growing_rag,0.7732885714393065,8.783799999946496,233.37820000233478,242.93528857372058,one shared preloaded model
conv-30-qa-88,hybrid_growing_rag,0.7732885714393065,10.30220000029658,194.7613000011188,205.8367885728547,one shared preloaded model
conv-30-qa-89,hybrid_growing_rag,0.7732885714393065,9.471299999859184,203.91960000051768,214.16418857181617,one shared preloaded model
conv-30-qa-90,hybrid_growing_rag,0.7732885714393065,8.741300000110641,234.58369999934803,244.09828857089798,one shared preloaded model
conv-30-qa-91,hybrid_growing_rag,0.7732885714393065,8.61810000060359,388.54560000254423,397.93698857458713,one shared preloaded model
conv-30-qa-92,hybrid_growing_rag,0.7732885714393065,13.435900000331458,425.4858999993303,439.69508857110105,one shared preloaded model
conv-30-qa-93,hybrid_growing_rag,0.7732885714393065,9.826400000747526,142.1200000004319,152.71968857261874,one shared preloaded model
conv-30-qa-94,hybrid_growing_rag,0.7732885714393065,10.281099999701837,232.12170000260812,243.17608857374927,one shared preloaded model
conv-30-qa-95,hybrid_growing_rag,0.7732885714393065,9.485899998253444,207.8177000003052,218.07688856999795,one shared preloaded model
conv-30-qa-96,hybrid_growing_rag,0.7732885714393065,11.599400000704918,130.08340000305907,142.4560885752033,one shared preloaded model
conv-30-qa-97,hybrid_growing_rag,0.7732885714393065,10.1278000001912,174.08009999780916,184.98118856943967,one shared preloaded model
conv-30-qa-98,hybrid_growing_rag,0.7732885714393065,14.588799997000024,231.16310000114026,246.5251885695796,one shared preloaded model
conv-30-qa-99,hybrid_growing_rag,0.7732885714393065,11.572800001886208,224.86449999996694,237.21058857329245,one shared preloaded model
conv-30-qa-100,hybrid_growing_rag,0.7732885714393065,9.048199997778283,225.08540000126231,234.9068885704799,one shared preloaded model
conv-30-qa-101,hybrid_growing_rag,0.7732885714393065,9.793699999136152,157.476599997608,168.04358856818345,one shared preloaded model
conv-30-qa-102,hybrid_growing_rag,0.7732885714393065,14.91100000203005,156.50190000087605,172.1861885743454,one shared preloaded model
conv-30-qa-103,hybrid_growing_rag,0.7732885714393065,8.409599999140482,161.5684999997029,170.7513885702827,one shared preloaded model
conv-30-qa-104,hybrid_growing_rag,0.7732885714393065,13.722299998335075,648.9765999976953,663.4721885674696,one shared preloaded model
conv-41-qa-0,hybrid_growing_rag,0.6553435233244287,12.667799997871043,226.77610000027926,240.09924352147473,one shared preloaded model
conv-41-qa-1,hybrid_growing_rag,0.6553435233244287,13.572399999247864,348.7986000000092,363.02634352258144,one shared preloaded model
conv-41-qa-2,hybrid_growing_rag,0.6553435233244287,19.644500000140397,221.17590000198106,241.4757435254459,one shared preloaded model
conv-41-qa-3,hybrid_growing_rag,0.6553435233244287,13.525200000003679,254.5897000018158,268.7702435251439,one shared preloaded model
conv-41-qa-4,hybrid_growing_rag,0.6553435233244287,17.383099999278784,343.2414999988396,361.27994352144276,one shared preloaded model
conv-41-qa-5,hybrid_growing_rag,0.6553435233244287,17.00120000168681,342.4378000017896,360.0943435268008,one shared preloaded model
conv-41-qa-6,hybrid_growing_rag,0.6553435233244287,17.59700000184239,160.2232000004733,178.47554352564012,one shared preloaded model
conv-41-qa-7,hybrid_growing_rag,0.6553435233244287,15.214600000035716,230.1346000022022,246.00454352556235,one shared preloaded model
conv-41-qa-8,hybrid_growing_rag,0.6553435233244287,12.80150000093272,224.31019999930868,237.76704352356583,one shared preloaded model
conv-41-qa-9,hybrid_growing_rag,0.6553435233244287,16.741999999794643,256.4206000024569,273.81794352557597,one shared preloaded model
conv-41-qa-10,hybrid_growing_rag,0.6553435233244287,12.509000000136439,508.918999999878,522.0833435233388,one shared preloaded model
conv-41-qa-11,hybrid_growing_rag,0.6553435233244287,17.162299998744857,104.86560000208556,122.68324352415485,one shared preloaded model
conv-41-qa-12,hybrid_growing_rag,0.6553435233244287,20.588200000929646,225.0869999988936,246.33054352314767,one shared preloaded model
conv-41-qa-13,hybrid_growing_rag,0.6553435233244287,14.372800000273855,316.0883000018657,331.116443525464,one shared preloaded model
conv-41-qa-14,hybrid_growing_rag,0.6553435233244287,17.106300001614727,110.85219999949913,128.6138435244383,one shared preloaded model
conv-41-qa-15,hybrid_growing_rag,0.6553435233244287,20.489900001848582,500.80570000136504,521.950943526538,one shared preloaded model
conv-41-qa-16,hybrid_growing_rag,0.6553435233244287,12.611800000740914,522.2595000013825,535.5266435254479,one shared preloaded model
conv-41-qa-17,hybrid_growing_rag,0.6553435233244287,16.03120000072522,230.74000000269734,247.426543526747,one shared preloaded model
conv-41-qa-18,hybrid_growing_rag,0.6553435233244287,13.762700000370387,159.86329999941518,174.28134352311,one shared preloaded model
conv-41-qa-19,hybrid_growing_rag,0.6553435233244287,16.194899999391055,109.70810000071651,126.558343523432,one shared preloaded model
conv-41-qa-20,hybrid_growing_rag,0.6553435233244287,16.124899997521425,278.5312000014528,295.31144352229865,one shared preloaded model
conv-41-qa-21,hybrid_growing_rag,0.6553435233244287,14.156199998978991,159.88669999933336,174.69824352163678,one shared preloaded model
conv-41-qa-22,hybrid_growing_rag,0.6553435233244287,18.468899997969856,379.20870000016293,398.3329435214572,one shared preloaded model
conv-41-qa-23,hybrid_growing_rag,0.6553435233244287,16.5223000003607,273.58429999731015,290.76194352099526,one shared preloaded model
conv-41-qa-24,hybrid_growing_rag,0.6553435233244287,14.665499998955056,315.86760000209324,331.1884435243727,one shared preloaded model
conv-41-qa-25,hybrid_growing_rag,0.6553435233244287,17.27480000045034,223.53420000217739,241.46434352595216,one shared preloaded model
conv-41-qa-26,hybrid_growing_rag,0.6553435233244287,14.723500000400236,232.52200000206358,247.90084352578825,one shared preloaded model
conv-41-qa-27,hybrid_growing_rag,0.6553435233244287,20.042199997988064,510.003899998992,530.7014435203045,one shared preloaded model
conv-41-qa-28,hybrid_growing_rag,0.6553435233244287,17.286599999351893,269.22040000135894,287.16234352403524,one shared preloaded model
conv-41-qa-29,hybrid_growing_rag,0.6553435233244287,17.024299999320647,249.43459999849438,267.11424352113943,one shared preloaded model
conv-41-qa-30,hybrid_growing_rag,0.6553435233244287,16.930000001593726,109.35410000092816,126.93944352584631,one shared preloaded model
conv-41-qa-31,hybrid_growing_rag,0.6553435233244287,20.746100002725143,223.81709999899613,245.2185435250457,one shared preloaded model
conv-41-qa-32,hybrid_growing_rag,0.6553435233244287,12.52300000123796,223.94070000154898,237.11904352611137,one shared preloaded model
conv-41-qa-33,hybrid_growing_rag,0.6553435233244287,12.583399999130052,320.09430000107386,333.3330435235283,one shared preloaded model
conv-41-qa-34,hybrid_growing_rag,0.6553435233244287,13.129800001479452,452.5355999976455,466.32074352244933,one shared preloaded model
conv-41-qa-35,hybrid_growing_rag,0.6553435233244287,14.580200000636978,178.26440000135335,193.49994352531476,one shared preloaded model
conv-41-qa-36,hybrid_growing_rag,0.6553435233244287,14.767399999982445,486.4455999995698,501.86834352287667,one shared preloaded model
conv-41-qa-37,hybrid_growing_rag,0.6553435233244287,18.030899998848327,468.0738000024576,486.7600435246303,one shared preloaded model
conv-41-qa-38,hybrid_growing_rag,0.6553435233244287,16.763899999205023,271.30359999864595,288.7228435211754,one shared preloaded model
conv-41-qa-39,hybrid_growing_rag,0.6553435233244287,17.320099999778904,434.31539999801316,452.29084352111647,one shared preloaded model
conv-41-qa-40,hybrid_growing_rag,0.6553435233244287,12.024499999824911,248.34499999997206,261.0248435231214,one shared preloaded model
conv-41-qa-41,hybrid_growing_rag,0.6553435233244287,14.535400001477683,204.9473000006401,220.1380435254422,one shared preloaded model
conv-41-qa-42,hybrid_growing_rag,0.6553435233244287,14.648600001237355,327.84560000072815,343.1495435252899,one shared preloaded model
conv-41-qa-43,hybrid_growing_rag,0.6553435233244287,13.9482999984466,275.2958999990369,289.8995435208079,one shared preloaded model
conv-41-qa-44,hybrid_growing_rag,0.6553435233244287,17.87049999984447,300.1884000004793,318.7142435236482,one shared preloaded model
conv-41-qa-45,hybrid_growing_rag,0.6553435233244287,17.38119999936316,158.97850000328617,177.01504352597377,one shared preloaded model
conv-41-qa-46,hybrid_growing_rag,0.6553435233244287,20.937000001140404,503.82019999960903,525.4125435240738,one shared preloaded model
conv-41-qa-47,hybrid_growing_rag,0.6553435233244287,16.277899998385692,154.82150000025285,171.75474352196298,one shared preloaded model
conv-41-qa-48,hybrid_growing_rag,0.6553435233244287,20.514100000582403,707.1340999973472,728.303543521254,one shared preloaded model
conv-41-qa-49,hybrid_growing_rag,0.6553435233244287,12.367399998765904,186.48399999801768,199.50674352010802,one shared preloaded model
conv-41-qa-50,hybrid_growing_rag,0.6553435233244287,19.18139999906998,202.5708000001032,222.4075435224976,one shared preloaded model
conv-41-qa-51,hybrid_growing_rag,0.6553435233244287,12.029099998471793,259.1858999985561,271.8703435203523,one shared preloaded model
conv-41-qa-52,hybrid_growing_rag,0.6553435233244287,19.768699999985984,161.15139999965322,181.57544352296364,one shared preloaded model
conv-41-qa-53,hybrid_growing_rag,0.6553435233244287,15.234999998938292,328.394299998763,344.2846435210257,one shared preloaded model
conv-41-qa-54,hybrid_growing_rag,0.6553435233244287,17.089500001020497,482.36220000035246,500.10704352469736,one shared preloaded model
conv-41-qa-55,hybrid_growing_rag,0.6553435233244287,17.750299997715047,491.6105000011157,510.0161435221552,one shared preloaded model
conv-41-qa-56,hybrid_growing_rag,0.6553435233244287,13.041700000030687,350.67139999955543,364.3684435229105,one shared preloaded model
conv-41-qa-57,hybrid_growing_rag,0.6553435233244287,12.165399999503279,198.65800000115996,211.47874352398767,one shared preloaded model
conv-41-qa-58,hybrid_growing_rag,0.6553435233244287,12.396900001476752,181.77680000007967,194.82904352488086,one shared preloaded model
conv-41-qa-59,hybrid_growing_rag,0.6553435233244287,20.6086000034702,288.414599999669,309.6785435264636,one shared preloaded model
conv-41-qa-60,hybrid_growing_rag,0.6553435233244287,17.43739999801619,161.3694999978179,179.46224351915853,one shared preloaded model
conv-41-qa-61,hybrid_growing_rag,0.6553435233244287,20.25050000156625,222.77810000014142,243.6839435250321,one shared preloaded model
conv-41-qa-62,hybrid_growing_rag,0.6553435233244287,19.06279999820981,121.50930000279914,141.22744352433338,one shared preloaded model
conv-41-qa-63,hybrid_growing_rag,0.6553435233244287,14.89930000025197,82.14569999836385,97.70034352194025,one shared preloaded model
conv-41-qa-64,hybrid_growing_rag,0.6553435233244287,11.499299998831702,222.78189999997267,234.9365435221288,one shared preloaded model
conv-41-qa-65,hybrid_growing_rag,0.6553435233244287,13.0048999999417,250.90119999731542,264.5614435205815,one shared preloaded model
conv-41-qa-66,hybrid_growing_rag,0.6553435233244287,17.684900001768256,503.77020000087214,522.1104435259648,one shared preloaded model
conv-41-qa-67,hybrid_growing_rag,0.6553435233244287,17.97699999951874,393.33710000209976,411.9694435249429,one shared preloaded model
conv-41-qa-68,hybrid_growing_rag,0.6553435233244287,22.82529999865801,230.5257999978494,254.00644351983183,one shared preloaded model
conv-41-qa-69,hybrid_growing_rag,0.6553435233244287,16.51309999942896,919.997200002399,937.1656435251524,one shared preloaded model
conv-41-qa-70,hybrid_growing_rag,0.6553435233244287,18.60360000137007,221.73400000247057,240.99294352716507,one shared preloaded model
conv-41-qa-71,hybrid_growing_rag,0.6553435233244287,13.270499999634922,144.92880000034347,158.85464352330283,one shared preloaded model
conv-41-qa-72,hybrid_growing_rag,0.6553435233244287,18.525300001783762,228.94610000003013,248.12674352513832,one shared preloaded model
conv-41-qa-73,hybrid_growing_rag,0.6553435233244287,14.38639999832958,161.07719999854453,176.11894352019854,one shared preloaded model
conv-41-qa-74,hybrid_growing_rag,0.6553435233244287,18.12670000072103,202.86919999853126,221.65124352257672,one shared preloaded model
conv-41-qa-75,hybrid_growing_rag,0.6553435233244287,12.995499997487059,726.3304000007338,739.9812435215453,one shared preloaded model
conv-41-qa-76,hybrid_growing_rag,0.6553435233244287,19.14269999906537,553.515100000368,573.3131435227577,one shared preloaded model
conv-41-qa-77,hybrid_growing_rag,0.6553435233244287,17.85079999899608,223.3765000019048,241.8826435242253,one shared preloaded model
conv-41-qa-78,hybrid_growing_rag,0.6553435233244287,14.833800003543729,106.48029999720166,121.96944352406982,one shared preloaded model
conv-41-qa-79,hybrid_growing_rag,0.6553435233244287,19.301199998153606,110.26950000086799,130.22604352234603,one shared preloaded model
conv-41-qa-80,hybrid_growing_rag,0.6553435233244287,21.478499998920597,176.13129999881494,198.26514352105997,one shared preloaded model
conv-41-qa-81,hybrid_growing_rag,0.6553435233244287,19.366399999853456,315.8569000006537,335.87864352383156,one shared preloaded model
conv-41-qa-82,hybrid_growing_rag,0.6553435233244287,17.9043999996793,462.3792999991565,480.9390435221602,one shared preloaded model
conv-41-qa-83,hybrid_growing_rag,0.6553435233244287,16.90519999829121,160.44699999838485,178.0075435200005,one shared preloaded model
conv-41-qa-84,hybrid_growing_rag,0.6553435233244287,20.79529999900842,187.67279999883613,209.12344352116898,one shared preloaded model
conv-41-qa-85,hybrid_growing_rag,0.6553435233244287,14.244100002542837,398.8167000024987,413.71614352836593,one shared preloaded model
conv-41-qa-86,hybrid_growing_rag,0.6553435233244287,14.596900000469759,250.92020000010962,266.1724435239038,one shared preloaded model
conv-41-qa-87,hybrid_growing_rag,0.6553435233244287,18.504799998481758,82.6580000029935,101.8181435247997,one shared preloaded model
conv-41-qa-88,hybrid_growing_rag,0.6553435233244287,20.430600001418497,222.07650000200374,243.16244352674667,one shared preloaded model
conv-41-qa-89,hybrid_growing_rag,0.6553435233244287,14.038699999218807,847.3438000000897,862.0378435226329,one shared preloaded model
conv-41-qa-90,hybrid_growing_rag,0.6553435233244287,13.36010000159149,225.05979999914416,239.07524352406008,one shared preloaded model
conv-41-qa-91,hybrid_growing_rag,0.6553435233244287,14.674400001240429,224.29169999668375,239.6214435212486,one shared preloaded model
conv-41-qa-92,hybrid_growing_rag,0.6553435233244287,13.18389999869396,201.03419999941252,214.87344352143091,one shared preloaded model
conv-41-qa-93,hybrid_growing_rag,0.6553435233244287,14.828600000328152,231.48720000244793,246.97114352610052,one shared preloaded model
conv-41-qa-94,hybrid_growing_rag,0.6553435233244287,12.640400000236696,423.3246000003419,436.620343523903,one shared preloaded model
conv-41-qa-95,hybrid_growing_rag,0.6553435233244287,17.270600001211278,739.7344000019075,757.6603435264432,one shared preloaded model
conv-41-qa-96,hybrid_growing_rag,0.6553435233244287,17.723299999488518,213.60329999879468,231.98194352160763,one shared preloaded model
conv-41-qa-97,hybrid_growing_rag,0.6553435233244287,14.388999999937369,358.0093000018678,373.0536435251296,one shared preloaded model
conv-41-qa-98,hybrid_growing_rag,0.6553435233244287,18.491399998310953,222.43830000297748,241.58504352461287,one shared preloaded model
conv-41-qa-99,hybrid_growing_rag,0.6553435233244287,12.708400001429254,318.5333000001265,331.89704352488013,one shared preloaded model
conv-41-qa-100,hybrid_growing_rag,0.6553435233244287,17.167800000606803,194.65159999890602,212.47474352283726,one shared preloaded model
conv-41-qa-101,hybrid_growing_rag,0.6553435233244287,12.614299997949274,948.6958000015875,961.9654435228612,one shared preloaded model
conv-41-qa-102,hybrid_growing_rag,0.6553435233244287,18.181700001150602,253.68639999942388,272.5234435238989,one shared preloaded model
conv-41-qa-103,hybrid_growing_rag,0.6553435233244287,18.745499997748993,110.88430000017979,130.28514352125322,one shared preloaded model
conv-41-qa-104,hybrid_growing_rag,0.6553435233244287,14.63560000047437,160.70330000002286,175.99424352382167,one shared preloaded model
conv-41-qa-105,hybrid_growing_rag,0.6553435233244287,21.18450000125449,778.1768999993801,800.016743523959,one shared preloaded model
conv-41-qa-106,hybrid_growing_rag,0.6553435233244287,18.958699998620432,223.67840000151773,243.2924435234626,one shared preloaded model
conv-41-qa-107,hybrid_growing_rag,0.6553435233244287,13.076999999611871,223.0477000011888,236.7800435241251,one shared preloaded model
conv-41-qa-108,hybrid_growing_rag,0.6553435233244287,13.492999998561572,249.6979999996256,263.8463435215116,one shared preloaded model
conv-41-qa-109,hybrid_growing_rag,0.6553435233244287,14.812699999311008,259.61699999970733,275.08504352234274,one shared preloaded model
conv-41-qa-110,hybrid_growing_rag,0.6553435233244287,13.850700001057703,222.40690000035102,236.91294352473315,one shared preloaded model
conv-41-qa-111,hybrid_growing_rag,0.6553435233244287,23.965599997609388,259.5989000001282,284.219843521062,one shared preloaded model
conv-41-qa-112,hybrid_growing_rag,0.6553435233244287,16.87790000141831,534.2407999996794,551.7740435244222,one shared preloaded model
conv-41-qa-113,hybrid_growing_rag,0.6553435233244287,17.950900000869296,158.42700000212062,177.03324352631435,one shared preloaded model
conv-41-qa-114,hybrid_growing_rag,0.6553435233244287,19.430199998168973,210.5790000023262,230.66454352381962,one shared preloaded model
conv-41-qa-115,hybrid_growing_rag,0.6553435233244287,17.216299998835893,186.57299999904353,204.44464352120386,one shared preloaded model
conv-41-qa-116,hybrid_growing_rag,0.6553435233244287,14.868299997033319,900.0175000001036,915.5411435204613,one shared preloaded model
conv-41-qa-117,hybrid_growing_rag,0.6553435233244287,17.772399998648325,204.70100000238745,223.1287435243602,one shared preloaded model
conv-41-qa-118,hybrid_growing_rag,0.6553435233244287,14.29429999916465,311.7421999995713,326.69184352206037,one shared preloaded model
conv-41-qa-119,hybrid_growing_rag,0.6553435233244287,12.974600002053194,247.84329999965848,261.4732435250361,one shared preloaded model
conv-41-qa-120,hybrid_growing_rag,0.6553435233244287,16.35089999763295,157.77770000204328,174.78394352300066,one shared preloaded model
conv-41-qa-121,hybrid_growing_rag,0.6553435233244287,20.8755999992718,503.30509999912465,524.8360435217209,one shared preloaded model
conv-41-qa-122,hybrid_growing_rag,0.6553435233244287,17.745999997714534,184.5921999993152,202.99354352035417,one shared preloaded model
conv-41-qa-123,hybrid_growing_rag,0.6553435233244287,17.994800000451505,224.28089999812073,242.93104352189667,one shared preloaded model
conv-41-qa-124,hybrid_growing_rag,0.6553435233244287,15.839100000448525,692.5343000002613,709.0287435240342,one shared preloaded model
conv-41-qa-125,hybrid_growing_rag,0.6553435233244287,16.862899999978254,461.7976000008639,479.31584352416655,one shared preloaded model
conv-41-qa-126,hybrid_growing_rag,0.6553435233244287,12.819400002626935,475.96469999916735,489.4394435251187,one shared preloaded model
conv-41-qa-127,hybrid_growing_rag,0.6553435233244287,14.45400000011432,526.0277999987011,541.1371435221398,one shared preloaded model
conv-41-qa-128,hybrid_growing_rag,0.6553435233244287,14.498399999865796,161.12449999855016,176.2782435217404,one shared preloaded model
conv-41-qa-129,hybrid_growing_rag,0.6553435233244287,18.283299999893643,597.8684000001522,616.8070435233702,one shared preloaded model
conv-41-qa-130,hybrid_growing_rag,0.6553435233244287,17.307399997662287,131.15640000251005,149.11914352349677,one shared preloaded model
conv-41-qa-131,hybrid_growing_rag,0.6553435233244287,22.142399997392204,458.2728999994288,481.0706435201454,one shared preloaded model
conv-41-qa-132,hybrid_growing_rag,0.6553435233244287,17.179499998746905,569.4838000017626,587.3186435238339,one shared preloaded model
conv-41-qa-133,hybrid_growing_rag,0.6553435233244287,17.621899998630397,222.46649999942747,240.7437435213823,one shared preloaded model
conv-41-qa-134,hybrid_growing_rag,0.6553435233244287,16.753399999288376,223.68479999931878,241.0935435219316,one shared preloaded model
conv-41-qa-135,hybrid_growing_rag,0.6553435233244287,12.751999998727115,191.97179999900982,205.37914352106137,one shared preloaded model
conv-41-qa-136,hybrid_growing_rag,0.6553435233244287,16.1164999990433,442.63969999883557,459.41154352120327,one shared preloaded model
conv-41-qa-137,hybrid_growing_rag,0.6553435233244287,16.308799997204915,354.88749999785796,371.8516435183873,one shared preloaded model
conv-41-qa-138,hybrid_growing_rag,0.6553435233244287,18.175799999880837,208.27669999926002,227.1078435224653,one shared preloaded model
conv-41-qa-139,hybrid_growing_rag,0.6553435233244287,14.18050000211224,331.89299999867217,346.7288435241088,one shared preloaded model
conv-41-qa-140,hybrid_growing_rag,0.6553435233244287,17.25579999765614,275.860300000204,293.77144352118455,one shared preloaded model
conv-41-qa-141,hybrid_growing_rag,0.6553435233244287,17.78569999805768,120.39029999868944,138.83134352007156,one shared preloaded model
conv-41-qa-142,hybrid_growing_rag,0.6553435233244287,22.000900000421098,435.8520999994653,458.5083435232108,one shared preloaded model
conv-41-qa-143,hybrid_growing_rag,0.6553435233244287,17.665700001089135,136.55000000289874,154.8710435273123,one shared preloaded model
conv-41-qa-144,hybrid_growing_rag,0.6553435233244287,20.83149999816669,190.93989999964833,212.42674352113946,one shared preloaded model
conv-41-qa-145,hybrid_growing_rag,0.6553435233244287,13.482599999406375,316.0896000008506,330.2275435235814,one shared preloaded model
conv-41-qa-146,hybrid_growing_rag,0.6553435233244287,13.104199999361299,223.89859999748296,237.6581435201687,one shared preloaded model
conv-41-qa-147,hybrid_growing_rag,0.6553435233244287,14.20959999813931,110.36249999961001,125.22744352107375,one shared preloaded model
conv-41-qa-148,hybrid_growing_rag,0.6553435233244287,20.997799998440314,150.47889999914332,172.13204352090807,one shared preloaded model
conv-41-qa-149,hybrid_growing_rag,0.6553435233244287,20.78760000222246,293.5291000030702,314.97204352861706,one shared preloaded model
conv-41-qa-150,hybrid_growing_rag,0.6553435233244287,13.453400002617855,315.8145000015793,329.92324352752155,one shared preloaded model
conv-41-qa-151,hybrid_growing_rag,0.6553435233244287,12.731700000585988,235.8234999992419,249.21054352315232,one shared preloaded model
conv-41-qa-152,hybrid_growing_rag,0.6553435233244287,12.203099999169353,217.96569999787607,230.82414352036986,one shared preloaded model
conv-41-qa-153,hybrid_growing_rag,0.6553435233244287,17.89690000077826,222.85380000175792,241.4060435258606,one shared preloaded model
conv-41-qa-154,hybrid_growing_rag,0.6553435233244287,13.30700000107754,113.55639999965206,127.51874352405403,one shared preloaded model
conv-41-qa-155,hybrid_growing_rag,0.6553435233244287,18.711100001382874,565.7866000001377,585.153043524845,one shared preloaded model
conv-41-qa-156,hybrid_growing_rag,0.6553435233244287,17.150499999843305,221.41869999904884,239.22454352221658,one shared preloaded model
conv-41-qa-157,hybrid_growing_rag,0.6553435233244287,14.914399998815497,81.13450000018929,96.70424352232922,one shared preloaded model
conv-41-qa-158,hybrid_growing_rag,0.6553435233244287,12.377999999444,239.01889999979176,252.0522435225602,one shared preloaded model
conv-41-qa-159,hybrid_growing_rag,0.6553435233244287,13.817200000630692,216.855000002397,231.32754352635212,one shared preloaded model
conv-41-qa-160,hybrid_growing_rag,0.6553435233244287,23.449199998140102,313.1037999992259,337.2083435206904,one shared preloaded model
conv-41-qa-161,hybrid_growing_rag,0.6553435233244287,12.235599999257829,399.4426999997813,412.33364352236356,one shared preloaded model
conv-41-qa-162,hybrid_growing_rag,0.6553435233244287,17.160700001113582,189.32629999835626,207.14234352279428,one shared preloaded model
conv-41-qa-163,hybrid_growing_rag,0.6553435233244287,14.213099999324186,512.0186000021931,526.8870435248417,one shared preloaded model
conv-41-qa-164,hybrid_growing_rag,0.6553435233244287,17.857700000604382,194.97319999936735,213.48624352329617,one shared preloaded model
conv-41-qa-165,hybrid_growing_rag,0.6553435233244287,14.258799998060567,224.49710000000778,239.41124352139278,one shared preloaded model
conv-41-qa-166,hybrid_growing_rag,0.6553435233244287,22.42630000182544,223.60050000133924,246.6821435264891,one shared preloaded model
conv-41-qa-167,hybrid_growing_rag,0.6553435233244287,19.381800000701332,229.02430000249296,249.06144352651873,one shared preloaded model
conv-41-qa-168,hybrid_growing_rag,0.6553435233244287,17.214299998158822,224.13419999793405,242.0038435194173,one shared preloaded model
conv-41-qa-169,hybrid_growing_rag,0.6553435233244287,14.326799999253126,492.5183000013931,507.5004435239706,one shared preloaded model
conv-41-qa-170,hybrid_growing_rag,0.6553435233244287,12.221999997564126,158.62430000197492,171.50164352286347,one shared preloaded model
conv-41-qa-171,hybrid_growing_rag,0.6553435233244287,20.445599999220576,465.9978999989107,487.0988435214557,one shared preloaded model
conv-41-qa-172,hybrid_growing_rag,0.6553435233244287,18.09960000173305,194.24100000105682,212.9959435261143,one shared preloaded model
conv-41-qa-173,hybrid_growing_rag,0.6553435233244287,18.403600002784515,179.10729999857722,198.16624352468617,one shared preloaded model
conv-41-qa-174,hybrid_growing_rag,0.6553435233244287,18.089699999109143,810.8847000003152,829.6297435227488,one shared preloaded model
conv-41-qa-175,hybrid_growing_rag,0.6553435233244287,17.11079999950016,237.0740999976988,254.8402435205234,one shared preloaded model
conv-41-qa-176,hybrid_growing_rag,0.6553435233244287,14.829300002020318,201.1434999985795,216.62814352392425,one shared preloaded model
conv-41-qa-177,hybrid_growing_rag,0.6553435233244287,15.181299997493625,231.90360000080545,247.7402435216235,one shared preloaded model
conv-41-qa-178,hybrid_growing_rag,0.6553435233244287,13.260599997011013,151.8926000026113,165.80854352294674,one shared preloaded model
conv-41-qa-179,hybrid_growing_rag,0.6553435233244287,22.596499999053776,228.04489999907673,251.29674352145494,one shared preloaded model
conv-41-qa-180,hybrid_growing_rag,0.6553435233244287,12.694000000919914,226.68999999950756,240.0393435237519,one shared preloaded model
conv-41-qa-181,hybrid_growing_rag,0.6553435233244287,14.108700001088437,177.8742999995302,192.63834352394306,one shared preloaded model
conv-41-qa-182,hybrid_growing_rag,0.6553435233244287,21.749399998952867,222.43209999942337,244.83684352170067,one shared preloaded model
conv-41-qa-183,hybrid_growing_rag,0.6553435233244287,14.499000000796514,1281.201300000248,1296.355643524369,one shared preloaded model
conv-41-qa-184,hybrid_growing_rag,0.6553435233244287,17.9405000017141,222.29560000050697,240.8914435255455,one shared preloaded model
conv-41-qa-185,hybrid_growing_rag,0.6553435233244287,12.986400000954745,463.24059999824385,476.882343522523,one shared preloaded model
conv-41-qa-186,hybrid_growing_rag,0.6553435233244287,17.095299997890834,236.80079999758163,254.5514435187969,one shared preloaded model
conv-41-qa-187,hybrid_growing_rag,0.6553435233244287,20.8874999989348,223.95489999689744,245.49774351915667,one shared preloaded model
conv-41-qa-188,hybrid_growing_rag,0.6553435233244287,19.512199996825075,993.4180000018387,1013.5855435219881,one shared preloaded model
conv-41-qa-189,hybrid_growing_rag,0.6553435233244287,19.517400000040652,174.71559999830788,194.88834352167297,one shared preloaded model
conv-41-qa-190,hybrid_growing_rag,0.6553435233244287,20.70590000221273,109.95180000099936,131.31304352653652,one shared preloaded model
conv-41-qa-191,hybrid_growing_rag,0.6553435233244287,13.952199999039294,218.53569999802858,233.1432435203923,one shared preloaded model
conv-41-qa-192,hybrid_growing_rag,0.6553435233244287,14.086999999562977,1026.7676999974356,1041.510043520323,one shared preloaded model
conv-42-qa-0,hybrid_growing_rag,0.4792984615330799,18.56259999840404,103.90800000095624,122.94989846089335,one shared preloaded model
conv-42-qa-1,hybrid_growing_rag,0.4792984615330799,17.15150000018184,221.314499998698,238.94529846041294,one shared preloaded model
conv-42-qa-2,hybrid_growing_rag,0.4792984615330799,15.963100002409192,340.67359999971814,357.1159984636604,one shared preloaded model
conv-42-qa-3,hybrid_growing_rag,0.4792984615330799,15.345799998613074,307.8294000006281,323.6544984607742,one shared preloaded model
conv-42-qa-4,hybrid_growing_rag,0.4792984615330799,16.38269999966724,223.36709999945015,240.22909846065048,one shared preloaded model
conv-42-qa-5,hybrid_growing_rag,0.4792984615330799,11.031100002583116,223.9331000018865,235.4434984660027,one shared preloaded model
conv-42-qa-6,hybrid_growing_rag,0.4792984615330799,12.080299999070121,163.00580000097398,175.5653984615772,one shared preloaded model
conv-42-qa-7,hybrid_growing_rag,0.4792984615330799,19.219999998313142,358.6594000007608,378.358698460607,one shared preloaded model
conv-42-qa-8,hybrid_growing_rag,0.4792984615330799,15.921400001388974,223.834699998406,240.23539846132806,one shared preloaded model
conv-42-qa-9,hybrid_growing_rag,0.4792984615330799,12.635800001589814,377.638099998876,390.75319846199886,one shared preloaded model
conv-42-qa-10,hybrid_growing_rag,0.4792984615330799,15.765700001793448,293.3026999999129,309.5476984632394,one shared preloaded model
conv-42-qa-11,hybrid_growing_rag,0.4792984615330799,13.12790000156383,417.5001000003249,431.1072984634218,one shared preloaded model
conv-42-qa-12,hybrid_growing_rag,0.4792984615330799,15.788699998665834,179.63779999990948,195.9057984601084,one shared preloaded model
conv-42-qa-13,hybrid_growing_rag,0.4792984615330799,17.377799998939736,369.07090000022436,386.92799846069715,one shared preloaded model
conv-42-qa-14,hybrid_growing_rag,0.4792984615330799,13.53450000169687,228.74700000102166,242.76079846425162,one shared preloaded model
conv-42-qa-15,hybrid_growing_rag,0.4792984615330799,14.009800001076655,333.67610000277637,348.1651984653861,one shared preloaded model
conv-42-qa-16,hybrid_growing_rag,0.4792984615330799,18.253600002935855,244.33230000067852,263.06519846514743,one shared preloaded model
conv-42-qa-17,hybrid_growing_rag,0.4792984615330799,13.256700000056298,202.15169999937643,215.88769846096582,one shared preloaded model
conv-42-qa-18,hybrid_growing_rag,0.4792984615330799,13.758500001131324,141.37839999966673,155.61619846233114,one shared preloaded model
conv-42-qa-19,hybrid_growing_rag,0.4792984615330799,18.486400000256253,108.51030000048922,127.47599846227855,one shared preloaded model
conv-42-qa-20,hybrid_growing_rag,0.4792984615330799,18.72390000062296,581.2680999988515,600.4712984610076,one shared preloaded model
conv-42-qa-21,hybrid_growing_rag,0.4792984615330799,14.57269999809796,103.03850000127568,118.09049846090672,one shared preloaded model
conv-42-qa-22,hybrid_growing_rag,0.4792984615330799,19.035199999052566,512.1704999983194,531.684998458905,one shared preloaded model
conv-42-qa-23,hybrid_growing_rag,0.4792984615330799,14.790999997785548,108.75210000085644,124.02239846017507,one shared preloaded model
conv-42-qa-24,hybrid_growing_rag,0.4792984615330799,13.874199998099357,163.36320000118576,177.7166984608182,one shared preloaded model
conv-42-qa-25,hybrid_growing_rag,0.4792984615330799,18.70259999850532,224.59320000052685,243.77509846056526,one shared preloaded model
conv-42-qa-26,hybrid_growing_rag,0.4792984615330799,10.954999997920822,207.83529999971506,219.26959845916898,one shared preloaded model
conv-42-qa-27,hybrid_growing_rag,0.4792984615330799,12.842700001783669,154.5209000032628,167.84289846657956,one shared preloaded model
conv-42-qa-28,hybrid_growing_rag,0.4792984615330799,20.09170000019367,310.1472000016656,330.71819846339235,one shared preloaded model
conv-42-qa-29,hybrid_growing_rag,0.4792984615330799,16.944200000580167,318.0977999982133,335.52129846032653,one shared preloaded model
conv-42-qa-30,hybrid_growing_rag,0.4792984615330799,15.335000000050059,725.4405999992741,741.2548984608572,one shared preloaded model
conv-42-qa-31,hybrid_growing_rag,0.4792984615330799,12.415999997756444,541.0703000015928,553.9655984608823,one shared preloaded model
conv-42-qa-32,hybrid_growing_rag,0.4792984615330799,16.532600002392428,222.8560000003199,239.86789846424543,one shared preloaded model
conv-42-qa-33,hybrid_growing_rag,0.4792984615330799,12.577699999383185,497.4535000001197,510.5104984610359,one shared preloaded model
conv-42-qa-34,hybrid_growing_rag,0.4792984615330799,13.264200002595317,263.5346999995818,277.27819846371017,one shared preloaded model
conv-42-qa-35,hybrid_growing_rag,0.4792984615330799,11.164700001245365,528.1190999994578,539.7630984622363,one shared preloaded model
conv-42-qa-36,hybrid_growing_rag,0.4792984615330799,15.612099999998463,521.8721000019286,537.9634984634602,one shared preloaded model
conv-42-qa-37,hybrid_growing_rag,0.4792984615330799,15.747800000099232,346.57489999881363,362.80199846044593,one shared preloaded model
conv-42-qa-38,hybrid_growing_rag,0.4792984615330799,15.783899998496054,533.2608999997319,549.524098459761,one shared preloaded model
conv-42-qa-39,hybrid_growing_rag,0.4792984615330799,11.756799998693168,351.281299997936,363.51739845816223,one shared preloaded model
conv-42-qa-40,hybrid_growing_rag,0.4792984615330799,15.460899998288369,354.87429999921005,370.8144984590315,one shared preloaded model
conv-42-qa-41,hybrid_growing_rag,0.4792984615330799,11.376900001778267,280.34850000040024,292.20469846371157,one shared preloaded model
conv-42-qa-42,hybrid_growing_rag,0.4792984615330799,12.518600000475999,187.93079999886686,200.92869846087595,one shared preloaded model
conv-42-qa-43,hybrid_growing_rag,0.4792984615330799,14.507600000797538,109.3492999971204,124.33619845945101,one shared preloaded model
conv-42-qa-44,hybrid_growing_rag,0.4792984615330799,18.728099999862025,351.66400000161957,370.87139846301466,one shared preloaded model
conv-42-qa-45,hybrid_growing_rag,0.4792984615330799,16.248000003542984,354.3957000001683,371.12299846524434,one shared preloaded model
conv-42-qa-46,hybrid_growing_rag,0.4792984615330799,18.96120000310475,130.5425999998988,149.98309846453665,one shared preloaded model
conv-42-qa-47,hybrid_growing_rag,0.4792984615330799,12.263900000107242,225.0285999980406,237.77179845968092,one shared preloaded model
conv-42-qa-48,hybrid_growing_rag,0.4792984615330799,12.766499999997905,541.5017999985139,554.7475984600449,one shared preloaded model
conv-42-qa-49,hybrid_growing_rag,0.4792984615330799,15.414700003020698,160.651099999086,176.5450984636398,one shared preloaded model
conv-42-qa-50,hybrid_growing_rag,0.4792984615330799,18.78249999936088,170.0680000030843,189.32979846397828,one shared preloaded model
conv-42-qa-51,hybrid_growing_rag,0.4792984615330799,13.11879999775556,165.4949999974633,179.09309845675196,one shared preloaded model
conv-42-qa-52,hybrid_growing_rag,0.4792984615330799,20.505700002104277,124.1329999975278,145.11799846116517,one shared preloaded model
conv-42-qa-53,hybrid_growing_rag,0.4792984615330799,19.160499999998137,122.01549999736017,141.6552984588914,one shared preloaded model
conv-42-qa-54,hybrid_growing_rag,0.4792984615330799,19.550500001059845,516.0715000019991,536.101298464592,one shared preloaded model
conv-42-qa-55,hybrid_growing_rag,0.4792984615330799,15.177900000708178,710.9974000013608,726.654598463602,one shared preloaded model
conv-42-qa-56,hybrid_growing_rag,0.4792984615330799,11.086700000305427,126.07460000072024,137.64059846255876,one shared preloaded model
conv-42-qa-57,hybrid_growing_rag,0.4792984615330799,13.611599999421742,161.1765000016021,175.26739846255694,one shared preloaded model
conv-42-qa-58,hybrid_growing_rag,0.4792984615330799,20.644200001697754,328.4800000001269,349.6034984633577,one shared preloaded model
conv-42-qa-59,hybrid_growing_rag,0.4792984615330799,15.025900000182446,457.51840000230004,473.02359846401555,one shared preloaded model
conv-42-qa-60,hybrid_growing_rag,0.4792984615330799,11.310300000332063,210.22240000093007,222.01199846279522,one shared preloaded model
conv-42-qa-61,hybrid_growing_rag,0.4792984615330799,12.984299999516224,161.0424000027706,174.5059984638199,one shared preloaded model
conv-42-qa-62,hybrid_growing_rag,0.4792984615330799,16.862300002685515,160.4220000008354,177.763598465054,one shared preloaded model
conv-42-qa-63,hybrid_growing_rag,0.4792984615330799,19.012900000234367,191.06539999847882,210.55759846024628,one shared preloaded model
conv-42-qa-64,hybrid_growing_rag,0.4792984615330799,18.191600000136532,288.14950000014505,306.82039846181465,one shared preloaded model
conv-42-qa-65,hybrid_growing_rag,0.4792984615330799,12.765700001182267,563.2456999992428,576.4906984619581,one shared preloaded model
conv-42-qa-66,hybrid_growing_rag,0.4792984615330799,16.05600000038976,257.5643999989552,274.099698460878,one shared preloaded model
conv-42-qa-67,hybrid_growing_rag,0.4792984615330799,16.685399998095818,138.1465999984357,155.3112984580646,one shared preloaded model
conv-42-qa-68,hybrid_growing_rag,0.4792984615330799,19.332299998495728,222.83670000251732,242.64829846254614,one shared preloaded model
conv-42-qa-69,hybrid_growing_rag,0.4792984615330799,10.984100001223851,108.45450000124401,119.91789846400094,one shared preloaded model
conv-42-qa-70,hybrid_growing_rag,0.4792984615330799,17.78809999814257,347.9576999998244,366.22509845950003,one shared preloaded model
conv-42-qa-71,hybrid_growing_rag,0.4792984615330799,11.714899999788031,109.1865999987931,121.3807984601142,one shared preloaded model
conv-42-qa-72,hybrid_growing_rag,0.4792984615330799,20.82959999825107,224.84279999844148,246.15169845822564,one shared preloaded model
conv-42-qa-73,hybrid_growing_rag,0.4792984615330799,11.046399999031564,156.52899999986403,168.05469846042868,one shared preloaded model
conv-42-qa-74,hybrid_growing_rag,0.4792984615330799,19.301500000437954,216.7422999991686,236.52309846113965,one shared preloaded model
conv-42-qa-75,hybrid_growing_rag,0.4792984615330799,14.846500002022367,223.7224000018614,239.04819846541685,one shared preloaded model
conv-42-qa-76,hybrid_growing_rag,0.4792984615330799,14.935700000933139,554.343499999959,569.7584984624252,one shared preloaded model
conv-42-qa-77,hybrid_growing_rag,0.4792984615330799,15.221900001051836,553.2517999999982,568.9529984625831,one shared preloaded model
conv-42-qa-78,hybrid_growing_rag,0.4792984615330799,15.404300000227522,108.15009999714675,124.03369845890735,one shared preloaded model
conv-42-qa-79,hybrid_growing_rag,0.4792984615330799,17.752499999915017,109.23000000184402,127.46179846329211,one shared preloaded model
conv-42-qa-80,hybrid_growing_rag,0.4792984615330799,19.346899996889988,108.74459999831743,128.5707984567405,one shared preloaded model
conv-42-qa-81,hybrid_growing_rag,0.4792984615330799,18.732600001385435,532.3841999997967,551.5960984627152,one shared preloaded model
conv-42-qa-82,hybrid_growing_rag,0.4792984615330799,14.943799997126916,388.73489999969024,404.1579984583502,one shared preloaded model
conv-42-qa-83,hybrid_growing_rag,0.4792984615330799,15.564799999992829,160.56709999975283,176.61119846127875,one shared preloaded model
conv-42-qa-84,hybrid_growing_rag,0.4792984615330799,14.818899999227142,107.42930000196793,122.72749846272815,one shared preloaded model
conv-42-qa-85,hybrid_growing_rag,0.4792984615330799,20.303799999965122,224.093199998606,244.8762984601042,one shared preloaded model
conv-42-qa-86,hybrid_growing_rag,0.4792984615330799,14.837099999567727,342.80130000115605,358.11769846225684,one shared preloaded model
conv-42-qa-87,hybrid_growing_rag,0.4792984615330799,12.094099998648744,220.25010000288603,232.82349846306786,one shared preloaded model
conv-42-qa-88,hybrid_growing_rag,0.4792984615330799,12.561600000481121,157.86120000120718,170.9020984632214,one shared preloaded model
conv-42-qa-89,hybrid_growing_rag,0.4792984615330799,16.06769999852986,107.938600001944,124.48559846200693,one shared preloaded model
conv-42-qa-90,hybrid_growing_rag,0.4792984615330799,13.027900000452064,159.4132999998692,172.92049846185435,one shared preloaded model
conv-42-qa-91,hybrid_growing_rag,0.4792984615330799,17.835899998317473,507.6895999991393,526.0047984589899,one shared preloaded model
conv-42-qa-92,hybrid_growing_rag,0.4792984615330799,11.49029999942286,226.762599999347,238.73219846030295,one shared preloaded model
conv-42-qa-93,hybrid_growing_rag,0.4792984615330799,14.087100000324426,160.70200000103796,175.26839846289548,one shared preloaded model
conv-42-qa-94,hybrid_growing_rag,0.4792984615330799,13.972900000226218,167.37970000031055,181.83189846206986,one shared preloaded model
conv-42-qa-95,hybrid_growing_rag,0.4792984615330799,18.79489999919315,224.16560000056052,243.43979846128676,one shared preloaded model
conv-42-qa-96,hybrid_growing_rag,0.4792984615330799,15.446599998540478,162.61129999838886,178.53719845846243,one shared preloaded model
conv-42-qa-97,hybrid_growing_rag,0.4792984615330799,16.748599999118596,122.11109999770997,139.33899845836166,one shared preloaded model
conv-42-qa-98,hybrid_growing_rag,0.4792984615330799,19.059700000070734,219.55900000102702,239.09799846263084,one shared preloaded model
conv-42-qa-99,hybrid_growing_rag,0.4792984615330799,16.845399997691857,560.042600001907,577.3672984611319,one shared preloaded model
conv-42-qa-100,hybrid_growing_rag,0.4792984615330799,17.926500000612577,161.26019999865093,179.6659984607966,one shared preloaded model
conv-42-qa-101,hybrid_growing_rag,0.4792984615330799,19.5516999992833,435.16269999963697,455.19369846045333,one shared preloaded model
conv-42-qa-102,hybrid_growing_rag,0.4792984615330799,15.71489999696496,268.3856999974523,284.57989845595034,one shared preloaded model
conv-42-qa-103,hybrid_growing_rag,0.4792984615330799,13.41830000092159,221.18959999716026,235.08719845961494,one shared preloaded model
conv-42-qa-104,hybrid_growing_rag,0.4792984615330799,10.96010000037495,541.938400001527,553.377798463435,one shared preloaded model
conv-42-qa-105,hybrid_growing_rag,0.4792984615330799,13.012499999604188,235.07489999974496,248.56669846088224,one shared preloaded model
conv-42-qa-106,hybrid_growing_rag,0.4792984615330799,12.86930000060238,161.39579999799025,174.74439846012572,one shared preloaded model
conv-42-qa-107,hybrid_growing_rag,0.4792984615330799,18.849500000214903,564.5956999978807,583.9244984596287,one shared preloaded model
conv-42-qa-108,hybrid_growing_rag,0.4792984615330799,16.081499998108484,166.25829999975394,182.81909845939552,one shared preloaded model
conv-42-qa-109,hybrid_growing_rag,0.4792984615330799,18.597800000861753,157.45009999955073,176.52719846194557,one shared preloaded model
conv-42-qa-110,hybrid_growing_rag,0.4792984615330799,13.320099998963997,529.6077999992121,543.4071984597092,one shared preloaded model
conv-42-qa-111,hybrid_growing_rag,0.4792984615330799,12.01020000007702,357.81109999879845,370.30059846040854,one shared preloaded model
conv-42-qa-112,hybrid_growing_rag,0.4792984615330799,15.306699999200646,224.25120000116294,240.03719846189668,one shared preloaded model
conv-42-qa-113,hybrid_growing_rag,0.4792984615330799,12.257300000783289,223.98170000087703,236.7182984631934,one shared preloaded model
conv-42-qa-114,hybrid_growing_rag,0.4792984615330799,13.075200000457698,702.848199998698,716.4026984606887,one shared preloaded model
conv-42-qa-115,hybrid_growing_rag,0.4792984615330799,15.239799999108072,200.0079999997979,215.72709846043907,one shared preloaded model
conv-42-qa-116,hybrid_growing_rag,0.4792984615330799,12.675999998464249,201.104599997052,214.25989845704933,one shared preloaded model
conv-42-qa-117,hybrid_growing_rag,0.4792984615330799,13.53930000186665,215.18409999771393,229.20269846111367,one shared preloaded model
conv-42-qa-118,hybrid_growing_rag,0.4792984615330799,13.75959999859333,225.33839999960037,239.5772984597268,one shared preloaded model
conv-42-qa-119,hybrid_growing_rag,0.4792984615330799,12.567699999635806,196.2719000002835,209.3188984614524,one shared preloaded model
conv-42-qa-120,hybrid_growing_rag,0.4792984615330799,13.981300002342323,76.10030000068946,90.56089846456486,one shared preloaded model
conv-42-qa-121,hybrid_growing_rag,0.4792984615330799,13.513900001271395,157.8351999996812,171.8283984624857,one shared preloaded model
conv-42-qa-122,hybrid_growing_rag,0.4792984615330799,15.858800001296913,222.4136999975599,238.7517984603899,one shared preloaded model
conv-42-qa-123,hybrid_growing_rag,0.4792984615330799,13.301499999215594,434.3043000008038,448.08509846155243,one shared preloaded model
conv-42-qa-124,hybrid_growing_rag,0.4792984615330799,15.089500000613043,198.65280000158236,214.2215984637285,one shared preloaded model
conv-42-qa-125,hybrid_growing_rag,0.4792984615330799,12.27140000264626,107.7222999992955,120.47299846347484,one shared preloaded model
conv-42-qa-126,hybrid_growing_rag,0.4792984615330799,19.598400001996197,224.89430000132415,244.97199846485344,one shared preloaded model
conv-42-qa-127,hybrid_growing_rag,0.4792984615330799,13.063800000963965,584.213300000556,597.7563984630531,one shared preloaded model
conv-42-qa-128,hybrid_growing_rag,0.4792984615330799,15.560599997115787,118.51640000168118,134.55629846033005,one shared preloaded model
conv-42-qa-129,hybrid_growing_rag,0.4792984615330799,13.409399998636218,165.53930000009132,179.42799846026062,one shared preloaded model
conv-42-qa-130,hybrid_growing_rag,0.4792984615330799,19.042200001422316,414.18440000052215,433.7058984634775,one shared preloaded model
conv-42-qa-131,hybrid_growing_rag,0.4792984615330799,11.498100000608247,582.0009999988542,593.9783984609955,one shared preloaded model
conv-42-qa-132,hybrid_growing_rag,0.4792984615330799,13.183099999878323,226.2057999978424,239.86819845925382,one shared preloaded model
conv-42-qa-133,hybrid_growing_rag,0.4792984615330799,13.427100002445513,108.41730000174721,122.3236984657258,one shared preloaded model
conv-42-qa-134,hybrid_growing_rag,0.4792984615330799,19.795600001089042,226.67940000246745,246.95429846508958,one shared preloaded model
conv-42-qa-135,hybrid_growing_rag,0.4792984615330799,15.335399999457877,220.40999999808264,236.2246984590736,one shared preloaded model
conv-42-qa-136,hybrid_growing_rag,0.4792984615330799,13.67019999815966,98.4201999999641,112.56969845965683,one shared preloaded model
conv-42-qa-137,hybrid_growing_rag,0.4792984615330799,17.9403000001912,161.6729999987001,180.0925984604244,one shared preloaded model
conv-42-qa-138,hybrid_growing_rag,0.4792984615330799,19.521399997756816,246.9976000029419,266.9982984622318,one shared preloaded model
conv-42-qa-139,hybrid_growing_rag,0.4792984615330799,13.029199999436969,367.3923000023933,380.90079846336334,one shared preloaded model
conv-42-qa-140,hybrid_growing_rag,0.4792984615330799,13.390399999479996,223.81659999882686,237.68629845983995,one shared preloaded model
conv-42-qa-141,hybrid_growing_rag,0.4792984615330799,12.98319999841624,286.52340000189724,299.98589846184655,one shared preloaded model
conv-42-qa-142,hybrid_growing_rag,0.4792984615330799,16.535800001292955,1043.3492000011029,1060.364298463929,one shared preloaded model
conv-42-qa-143,hybrid_growing_rag,0.4792984615330799,21.780700000817887,104.83889999886742,127.09889846121838,one shared preloaded model
conv-42-qa-144,hybrid_growing_rag,0.4792984615330799,19.431600001553306,763.6158000022988,783.5266984653852,one shared preloaded model
conv-42-qa-145,hybrid_growing_rag,0.4792984615330799,16.100200002256315,252.17759999941336,268.75709846320274,one shared preloaded model
conv-42-qa-146,hybrid_growing_rag,0.4792984615330799,13.171999999030959,414.63849999854574,428.28979845910976,one shared preloaded model
conv-42-qa-147,hybrid_growing_rag,0.4792984615330799,16.984000001684763,201.56679999854532,219.03009846176317,one shared preloaded model
conv-42-qa-148,hybrid_growing_rag,0.4792984615330799,13.740599999437109,203.22680000026594,217.44669846123614,one shared preloaded model
conv-42-qa-149,hybrid_growing_rag,0.4792984615330799,11.725399999704678,657.243000001472,669.4476984627097,one shared preloaded model
conv-42-qa-150,hybrid_growing_rag,0.4792984615330799,16.416900001786416,162.91959999944083,179.81579846276034,one shared preloaded model
conv-42-qa-151,hybrid_growing_rag,0.4792984615330799,19.577400002162904,571.6762999982166,591.7329984619125,one shared preloaded model
conv-42-qa-152,hybrid_growing_rag,0.4792984615330799,16.059399997175205,307.82259999978123,324.3612984584895,one shared preloaded model
conv-42-qa-153,hybrid_growing_rag,0.4792984615330799,12.180499998066807,320.4906999999366,333.1504984595365,one shared preloaded model
conv-42-qa-154,hybrid_growing_rag,0.4792984615330799,16.25409999905969,227.67360000216286,244.40699846275564,one shared preloaded model
conv-42-qa-155,hybrid_growing_rag,0.4792984615330799,13.821000000461936,894.7050999995554,909.0053984615504,one shared preloaded model
conv-42-qa-156,hybrid_growing_rag,0.4792984615330799,16.3801999988209,275.3264000020863,292.18589846244026,one shared preloaded model
conv-42-qa-157,hybrid_growing_rag,0.4792984615330799,16.743599997425918,223.73420000076294,240.95709845972195,one shared preloaded model
conv-42-qa-158,hybrid_growing_rag,0.4792984615330799,14.119799998297822,342.02189999996335,356.62099845979424,one shared preloaded model
conv-42-qa-159,hybrid_growing_rag,0.4792984615330799,16.89249999981257,206.2389999991865,223.61079846053215,one shared preloaded model
conv-42-qa-160,hybrid_growing_rag,0.4792984615330799,12.229300002218224,113.02550000254996,125.73409846630126,one shared preloaded model
conv-42-qa-161,hybrid_growing_rag,0.4792984615330799,19.388799999433104,160.3902000024391,180.25829846340528,one shared preloaded model
conv-42-qa-162,hybrid_growing_rag,0.4792984615330799,15.439700000570156,309.20079999850714,325.11979846061035,one shared preloaded model
conv-42-qa-163,hybrid_growing_rag,0.4792984615330799,13.81039999978384,202.92870000048424,217.21839846180117,one shared preloaded model
conv-42-qa-164,hybrid_growing_rag,0.4792984615330799,13.775900002656272,322.5732000028074,336.82839846699676,one shared preloaded model
conv-42-qa-165,hybrid_growing_rag,0.4792984615330799,15.070399997057393,276.2178999983007,291.76759845689116,one shared preloaded model
conv-42-qa-166,hybrid_growing_rag,0.4792984615330799,15.698800001700874,701.7420000011043,717.9200984643383,one shared preloaded model
conv-42-qa-167,hybrid_growing_rag,0.4792984615330799,14.595900000131223,643.2039000028453,658.2790984645096,one shared preloaded model
conv-42-qa-168,hybrid_growing_rag,0.4792984615330799,15.453500000148779,149.90249999755179,165.83529845923366,one shared preloaded model
conv-42-qa-169,hybrid_growing_rag,0.4792984615330799,19.323799999256153,103.7250999979733,123.52819845876253,one shared preloaded model
conv-42-qa-170,hybrid_growing_rag,0.4792984615330799,19.28119999865885,1480.633700000908,1500.3941984611,one shared preloaded model
conv-42-qa-171,hybrid_growing_rag,0.4792984615330799,18.332800002099248,194.61510000110138,213.42719846473372,one shared preloaded model
conv-42-qa-172,hybrid_growing_rag,0.4792984615330799,15.976000002410728,87.42939999865484,103.88469846259865,one shared preloaded model
conv-42-qa-173,hybrid_growing_rag,0.4792984615330799,19.28819999739062,545.7358999992721,565.5033984581958,one shared preloaded model
conv-42-qa-174,hybrid_growing_rag,0.4792984615330799,15.93460000003688,160.81190000113565,177.22579846270563,one shared preloaded model
conv-42-qa-175,hybrid_growing_rag,0.4792984615330799,15.215200000966433,139.02880000023288,154.7232984627324,one shared preloaded model
conv-42-qa-176,hybrid_growing_rag,0.4792984615330799,20.823400001972914,146.0098999996262,167.31259846313222,one shared preloaded model
conv-42-qa-177,hybrid_growing_rag,0.4792984615330799,17.842400000517955,854.4994000003499,872.8210984624009,one shared preloaded model
conv-42-qa-178,hybrid_growing_rag,0.4792984615330799,15.71699999840348,319.8770999988483,336.0733984587848,one shared preloaded model
conv-42-qa-179,hybrid_growing_rag,0.4792984615330799,16.49379999798839,176.26600000221515,193.23909846173663,one shared preloaded model
conv-42-qa-180,hybrid_growing_rag,0.4792984615330799,13.411700001597637,387.46229999742354,401.35329846055424,one shared preloaded model
conv-42-qa-181,hybrid_growing_rag,0.4792984615330799,16.588999998930376,135.34730000174022,152.4155984622037,one shared preloaded model
conv-42-qa-182,hybrid_growing_rag,0.4792984615330799,21.09769999879063,753.9708000003884,775.5477984607121,one shared preloaded model
conv-42-qa-183,hybrid_growing_rag,0.4792984615330799,16.386499999498483,227.19689999939874,244.0626984604303,one shared preloaded model
conv-42-qa-184,hybrid_growing_rag,0.4792984615330799,13.311200000316603,200.69119999971008,214.48169846155977,one shared preloaded model
conv-42-qa-185,hybrid_growing_rag,0.4792984615330799,14.950299999327399,197.92790000064997,213.35749846151046,one shared preloaded model
conv-42-qa-186,hybrid_growing_rag,0.4792984615330799,12.99250000010943,155.34149999803049,168.813298459673,one shared preloaded model
conv-42-qa-187,hybrid_growing_rag,0.4792984615330799,14.576099998521386,757.9911999964679,773.0465984565224,one shared preloaded model
conv-42-qa-188,hybrid_growing_rag,0.4792984615330799,15.90819999910309,172.30469999776687,188.69219845840306,one shared preloaded model
conv-42-qa-189,hybrid_growing_rag,0.4792984615330799,18.732800002908334,618.0201999995916,637.232298464033,one shared preloaded model
conv-42-qa-190,hybrid_growing_rag,0.4792984615330799,15.98780000131228,249.91880000015954,266.3858984630049,one shared preloaded model
conv-42-qa-191,hybrid_growing_rag,0.4792984615330799,13.475399999151705,999.9639999987266,1013.9186984594114,one shared preloaded model
conv-42-qa-192,hybrid_growing_rag,0.4792984615330799,16.55680000112625,161.75179999845568,178.78789846111502,one shared preloaded model
conv-42-qa-193,hybrid_growing_rag,0.4792984615330799,19.180100000085076,167.8570000003674,187.51639846198557,one shared preloaded model
conv-42-qa-194,hybrid_growing_rag,0.4792984615330799,19.07520000168006,225.67459999845596,245.2290984616691,one shared preloaded model
conv-42-qa-195,hybrid_growing_rag,0.4792984615330799,15.006400000856956,223.8450999975612,239.33079845995124,one shared preloaded model
conv-42-qa-196,hybrid_growing_rag,0.4792984615330799,13.049000001046807,155.99529999963124,169.52359846221114,one shared preloaded model
conv-42-qa-197,hybrid_growing_rag,0.4792984615330799,17.234700000699377,229.0952000003017,246.80919846253417,one shared preloaded model
conv-42-qa-198,hybrid_growing_rag,0.4792984615330799,14.100200001848862,363.8749000019743,378.45439846535623,one shared preloaded model
conv-42-qa-199,hybrid_growing_rag,0.4792984615330799,17.66239999778918,338.1392000010237,356.28089846034595,one shared preloaded model
conv-42-qa-200,hybrid_growing_rag,0.4792984615330799,10.921900000539608,820.9908999997424,832.3920984618151,one shared preloaded model
conv-42-qa-201,hybrid_growing_rag,0.4792984615330799,15.25709999987157,156.11509999871487,171.85149846011953,one shared preloaded model
conv-42-qa-202,hybrid_growing_rag,0.4792984615330799,18.859399999200832,225.30140000162646,244.64009846236038,one shared preloaded model
conv-42-qa-203,hybrid_growing_rag,0.4792984615330799,17.720899999403628,264.188600001944,282.3887984628807,one shared preloaded model
conv-42-qa-204,hybrid_growing_rag,0.4792984615330799,15.396099999634316,201.52189999862458,217.39729845979198,one shared preloaded model
conv-42-qa-205,hybrid_growing_rag,0.4792984615330799,18.287900002178503,171.54330000266782,190.3104984663794,one shared preloaded model
conv-42-qa-206,hybrid_growing_rag,0.4792984615330799,19.034999997529667,224.90040000047884,244.4146984595416,one shared preloaded model
conv-42-qa-207,hybrid_growing_rag,0.4792984615330799,13.169699999707518,734.4599999996717,748.1089984609123,one shared preloaded model
conv-42-qa-208,hybrid_growing_rag,0.4792984615330799,11.881499998708023,107.81040000074427,120.17119846098537,one shared preloaded model
conv-42-qa-209,hybrid_growing_rag,0.4792984615330799,17.360699999699136,210.3357000014512,228.1756984626834,one shared preloaded model
conv-42-qa-210,hybrid_growing_rag,0.4792984615330799,15.575899997202214,160.79360000003362,176.84879845876893,one shared preloaded model
conv-42-qa-211,hybrid_growing_rag,0.4792984615330799,18.478099998901598,743.9408999998705,762.8982984603051,one shared preloaded model
conv-42-qa-212,hybrid_growing_rag,0.4792984615330799,17.03359999737586,640.7507000003534,658.2635984592623,one shared preloaded model
conv-42-qa-213,hybrid_growing_rag,0.4792984615330799,15.712899999925867,448.97100000162027,465.1631984630792,one shared preloaded model
conv-42-qa-214,hybrid_growing_rag,0.4792984615330799,16.108200001326622,367.3463000013726,383.93379846423227,one shared preloaded model
conv-42-qa-215,hybrid_growing_rag,0.4792984615330799,11.258300000918098,133.66580000001704,145.40339846246823,one shared preloaded model
conv-42-qa-216,hybrid_growing_rag,0.4792984615330799,14.223800000763731,177.405300000828,192.10839846312481,one shared preloaded model
conv-42-qa-217,hybrid_growing_rag,0.4792984615330799,16.238699998211814,198.10590000270167,214.82389846244658,one shared preloaded model
conv-42-qa-218,hybrid_growing_rag,0.4792984615330799,15.061900001455797,225.71529999913764,241.25649846212653,one shared preloaded model
conv-42-qa-219,hybrid_growing_rag,0.4792984615330799,13.874299998860806,232.75849999845377,247.11209845884767,one shared preloaded model
conv-42-qa-220,hybrid_growing_rag,0.4792984615330799,12.94199999756529,174.41880000114907,187.84009846024745,one shared preloaded model
conv-42-qa-221,hybrid_growing_rag,0.4792984615330799,13.390399999479996,213.2461000001058,227.11579846111889,one shared preloaded model
conv-42-qa-222,hybrid_growing_rag,0.4792984615330799,16.097499999887077,201.35300000038114,217.9297984618013,one shared preloaded model
conv-42-qa-223,hybrid_growing_rag,0.4792984615330799,13.22960000106832,223.09410000161733,236.80299846421875,one shared preloaded model
conv-42-qa-224,hybrid_growing_rag,0.4792984615330799,13.010599999688566,222.8432999982033,236.33319845942495,one shared preloaded model
conv-42-qa-225,hybrid_growing_rag,0.4792984615330799,14.08129999981611,160.3051999991294,174.8657984604786,one shared preloaded model
conv-42-qa-226,hybrid_growing_rag,0.4792984615330799,15.979599997081095,107.9414000014367,124.40029846005088,one shared preloaded model
conv-42-qa-227,hybrid_growing_rag,0.4792984615330799,19.304099998407764,228.82440000103088,248.60779846097174,one shared preloaded model
conv-42-qa-228,hybrid_growing_rag,0.4792984615330799,17.77329999822541,215.7096000009915,233.96219846075,one shared preloaded model
conv-42-qa-229,hybrid_growing_rag,0.4792984615330799,14.331999998830725,225.62889999971958,240.4401984600834,one shared preloaded model
conv-42-qa-230,hybrid_growing_rag,0.4792984615330799,12.597400000231573,158.50829999908456,171.58499846084922,one shared preloaded model
conv-42-qa-231,hybrid_growing_rag,0.4792984615330799,14.06430000133696,227.49219999968773,242.03579846255778,one shared preloaded model
conv-42-qa-232,hybrid_growing_rag,0.4792984615330799,16.39699999941513,223.16810000120313,240.04439846215135,one shared preloaded model
conv-42-qa-233,hybrid_growing_rag,0.4792984615330799,11.222599998291116,170.29700000057346,181.99889846039767,one shared preloaded model
conv-42-qa-234,hybrid_growing_rag,0.4792984615330799,18.890599996666424,232.10219999964465,251.47209845784417,one shared preloaded model
conv-42-qa-235,hybrid_growing_rag,0.4792984615330799,14.162499999656575,185.40669999856618,200.04849845975585,one shared preloaded model
conv-42-qa-236,hybrid_growing_rag,0.4792984615330799,17.714100002194755,216.24839999640244,234.4417984601303,one shared preloaded model
conv-42-qa-237,hybrid_growing_rag,0.4792984615330799,12.794800000847317,203.7294000001566,217.003498462537,one shared preloaded model
conv-42-qa-238,hybrid_growing_rag,0.4792984615330799,13.5152000002563,225.3854999980831,239.3799984598725,one shared preloaded model
conv-42-qa-239,hybrid_growing_rag,0.4792984615330799,11.847999998281011,391.3474999972095,403.6747984570236,one shared preloaded model
conv-42-qa-240,hybrid_growing_rag,0.4792984615330799,16.18880000023637,611.869199998182,628.5372984599514,one shared preloaded model
conv-42-qa-241,hybrid_growing_rag,0.4792984615330799,16.124699999636505,223.7645999994129,240.3685984605825,one shared preloaded model
conv-42-qa-242,hybrid_growing_rag,0.4792984615330799,11.838399997941451,223.73739999966347,236.055098459138,one shared preloaded model
conv-42-qa-243,hybrid_growing_rag,0.4792984615330799,11.360600001353305,226.8737999984296,238.713698461316,one shared preloaded model
conv-42-qa-244,hybrid_growing_rag,0.4792984615330799,14.884399999573361,111.1218000005465,126.48549846165294,one shared preloaded model
conv-42-qa-245,hybrid_growing_rag,0.4792984615330799,19.402400001126807,1276.5319000027375,1296.4135984653974,one shared preloaded model
conv-42-qa-246,hybrid_growing_rag,0.4792984615330799,15.846399997826666,222.20029999880353,238.5259984581633,one shared preloaded model
conv-42-qa-247,hybrid_growing_rag,0.4792984615330799,11.340400000335649,340.4676999998628,352.2873984617315,one shared preloaded model
conv-42-qa-248,hybrid_growing_rag,0.4792984615330799,16.881600000488106,729.0732000001299,746.434098462151,one shared preloaded model
conv-42-qa-249,hybrid_growing_rag,0.4792984615330799,16.98220000253059,221.40300000319257,238.86449846725625,one shared preloaded model
conv-42-qa-250,hybrid_growing_rag,0.4792984615330799,13.355799997953,230.0212999980431,243.8563984575292,one shared preloaded model
conv-42-qa-251,hybrid_growing_rag,0.4792984615330799,11.556900000869064,136.63660000020172,148.67279846260388,one shared preloaded model
conv-42-qa-252,hybrid_growing_rag,0.4792984615330799,15.406499998789513,227.2131999998237,243.0989984601463,one shared preloaded model
conv-42-qa-253,hybrid_growing_rag,0.4792984615330799,12.026799999148352,157.29730000020936,169.8033984608908,one shared preloaded model
conv-42-qa-254,hybrid_growing_rag,0.4792984615330799,20.260100001905812,733.2939000007173,754.0332984641561,one shared preloaded model
conv-42-qa-255,hybrid_growing_rag,0.4792984615330799,15.897500001301523,217.93569999863394,234.31249846146855,one shared preloaded model
conv-42-qa-256,hybrid_growing_rag,0.4792984615330799,11.719099999027094,655.3671000001486,667.5654984607088,one shared preloaded model
conv-42-qa-257,hybrid_growing_rag,0.4792984615330799,15.994499997759704,1094.4276000009268,1110.9013984602195,one shared preloaded model
conv-42-qa-258,hybrid_growing_rag,0.4792984615330799,11.55049999943003,161.05440000319504,173.08419846415816,one shared preloaded model
conv-42-qa-259,hybrid_growing_rag,0.4792984615330799,18.9522999971814,224.95879999769386,244.39039845640835,one shared preloaded model
conv-43-qa-0,hybrid_growing_rag,0.5277789256250205,16.17149999947287,255.03909999679308,271.73837892189096,one shared preloaded model
conv-43-qa-1,hybrid_growing_rag,0.5277789256250205,12.632200003281469,182.4148999985482,195.5748789274547,one shared preloaded model
conv-43-qa-2,hybrid_growing_rag,0.5277789256250205,21.149399999558227,190.80419999954756,212.48137892473082,one shared preloaded model
conv-43-qa-3,hybrid_growing_rag,0.5277789256250205,15.148800001043128,206.27189999868278,221.94847892535094,one shared preloaded model
conv-43-qa-4,hybrid_growing_rag,0.5277789256250205,11.893099999724654,393.73759999944014,406.1584789247898,one shared preloaded model
conv-43-qa-5,hybrid_growing_rag,0.5277789256250205,18.425199999910546,183.8495999982115,202.80257892374706,one shared preloaded model
conv-43-qa-6,hybrid_growing_rag,0.5277789256250205,16.037100001994986,515.9789999997884,532.5438789274084,one shared preloaded model
conv-43-qa-7,hybrid_growing_rag,0.5277789256250205,17.055899999832036,158.97100000074715,176.55467892620422,one shared preloaded model
conv-43-qa-8,hybrid_growing_rag,0.5277789256250205,20.40850000048522,123.88350000037462,144.81977892648487,one shared preloaded model
conv-43-qa-9,hybrid_growing_rag,0.5277789256250205,19.886900001438335,1249.525100000028,1269.9397789270913,one shared preloaded model
conv-43-qa-10,hybrid_growing_rag,0.5277789256250205,24.067800000921125,521.6942000006384,546.2897789271846,one shared preloaded model
conv-43-qa-11,hybrid_growing_rag,0.5277789256250205,17.368000000715256,173.3572000011918,191.2529789275321,one shared preloaded model
conv-43-qa-12,hybrid_growing_rag,0.5277789256250205,17.699500000162516,104.76650000055088,122.99377892633842,one shared preloaded model
conv-43-qa-13,hybrid_growing_rag,0.5277789256250205,17.15179999882821,930.1126999998814,947.7922789243347,one shared preloaded model
conv-43-qa-14,hybrid_growing_rag,0.5277789256250205,17.118700001446996,235.60820000056992,253.25467892764195,one shared preloaded model
conv-43-qa-15,hybrid_growing_rag,0.5277789256250205,13.6674999994284,202.2129999968456,216.40827892189904,one shared preloaded model
conv-43-qa-16,hybrid_growing_rag,0.5277789256250205,15.266799997334601,121.6534999985015,137.44807892146113,one shared preloaded model
conv-43-qa-17,hybrid_growing_rag,0.5277789256250205,15.025699998659547,107.57659999944735,123.13007892373192,one shared preloaded model
conv-43-qa-18,hybrid_growing_rag,0.5277789256250205,18.8086000016483,161.3154000006034,180.65177892787673,one shared preloaded model
conv-43-qa-19,hybrid_growing_rag,0.5277789256250205,22.24029999706545,354.09920000165584,376.8672789243463,one shared preloaded model
conv-43-qa-20,hybrid_growing_rag,0.5277789256250205,17.330000002402812,162.23919999902137,180.0969789270492,one shared preloaded model
conv-43-qa-21,hybrid_growing_rag,0.5277789256250205,20.999400003347546,207.194000002346,228.72117893131858,one shared preloaded model
conv-43-qa-22,hybrid_growing_rag,0.5277789256250205,17.33520000198041,348.66239999973914,366.52537892734455,one shared preloaded model
conv-43-qa-23,hybrid_growing_rag,0.5277789256250205,17.65009999871836,274.8777999986487,293.05567892299206,one shared preloaded model
conv-43-qa-24,hybrid_growing_rag,0.5277789256250205,17.73229999889736,222.19659999973373,240.45667892425612,one shared preloaded model
conv-43-qa-25,hybrid_growing_rag,0.5277789256250205,14.109899999311892,235.6419999996433,250.27967892458022,one shared preloaded model
conv-43-qa-26,hybrid_growing_rag,0.5277789256250205,18.114200000127312,223.44650000013644,242.08847892588878,one shared preloaded model
conv-43-qa-27,hybrid_growing_rag,0.5277789256250205,12.982900003407849,223.6812999981339,237.1919789271668,one shared preloaded model
conv-43-qa-28,hybrid_growing_rag,0.5277789256250205,18.417999999655876,781.6335999996227,800.5793789249036,one shared preloaded model
conv-43-qa-29,hybrid_growing_rag,0.5277789256250205,18.456900001183385,227.71459999785293,246.69927892466134,one shared preloaded model
conv-43-qa-30,hybrid_growing_rag,0.5277789256250205,18.03759999893373,84.62130000043544,103.1866789249942,one shared preloaded model
conv-43-qa-31,hybrid_growing_rag,0.5277789256250205,19.975800001702737,104.66599999926984,125.16957892659761,one shared preloaded model
conv-43-qa-32,hybrid_growing_rag,0.5277789256250205,21.980099998472724,224.40509999796632,246.91297892206407,one shared preloaded model
conv-43-qa-33,hybrid_growing_rag,0.5277789256250205,17.91189999858034,342.18369999871356,360.6233789229189,one shared preloaded model
conv-43-qa-34,hybrid_growing_rag,0.5277789256250205,17.646799999056384,205.55360000071232,223.72817892539373,one shared preloaded model
conv-43-qa-35,hybrid_growing_rag,0.5277789256250205,14.295699998911005,159.96519999680459,174.78867892134062,one shared preloaded model
conv-43-qa-36,hybrid_growing_rag,0.5277789256250205,16.626599997835,107.64819999894826,124.80257892240829,one shared preloaded model
conv-43-qa-37,hybrid_growing_rag,0.5277789256250205,15.58610000211047,354.15089999878546,370.26477892652093,one shared preloaded model
conv-43-qa-38,hybrid_growing_rag,0.5277789256250205,13.51289999729488,225.47209999902407,239.51277892194398,one shared preloaded model
conv-43-qa-39,hybrid_growing_rag,0.5277789256250205,14.564999997674022,153.27130000150646,168.3640789248055,one shared preloaded model
conv-43-qa-40,hybrid_growing_rag,0.5277789256250205,15.304699998523574,225.06870000142953,240.90117892557814,one shared preloaded model
conv-43-qa-41,hybrid_growing_rag,0.5277789256250205,14.559600000211503,158.49449999950593,173.58187892534247,one shared preloaded model
conv-43-qa-42,hybrid_growing_rag,0.5277789256250205,12.76019999932032,222.3002999999153,235.58827892486065,one shared preloaded model
conv-43-qa-43,hybrid_growing_rag,0.5277789256250205,15.710799998487346,195.57690000146977,211.81547892558214,one shared preloaded model
conv-43-qa-44,hybrid_growing_rag,0.5277789256250205,14.715799999976298,535.1415000004636,550.3850789260649,one shared preloaded model
conv-43-qa-45,hybrid_growing_rag,0.5277789256250205,17.465599998104153,109.340399998473,127.33377892220219,one shared preloaded model
conv-43-qa-46,hybrid_growing_rag,0.5277789256250205,15.307800000300631,159.61149999930058,175.44707892522624,one shared preloaded model
conv-43-qa-47,hybrid_growing_rag,0.5277789256250205,15.234200000122655,487.93790000127046,503.6998789270181,one shared preloaded model
conv-43-qa-48,hybrid_growing_rag,0.5277789256250205,17.36480000181473,173.6676999971678,191.56027892460756,one shared preloaded model
conv-43-qa-49,hybrid_growing_rag,0.5277789256250205,18.139700001484016,122.38559999968857,141.0530789267976,one shared preloaded model
conv-43-qa-50,hybrid_growing_rag,0.5277789256250205,15.881299998000031,453.7376000007498,470.14667892437484,one shared preloaded model
conv-43-qa-51,hybrid_growing_rag,0.5277789256250205,17.43730000089272,110.64429999896674,128.6093789254845,one shared preloaded model
conv-43-qa-52,hybrid_growing_rag,0.5277789256250205,20.984999999200227,207.70869999978459,229.22147892460984,one shared preloaded model
conv-43-qa-53,hybrid_growing_rag,0.5277789256250205,12.161300001025666,206.71450000008917,219.40357892673987,one shared preloaded model
conv-43-qa-54,hybrid_growing_rag,0.5277789256250205,14.808299998549046,160.14160000122502,175.4776789253991,one shared preloaded model
conv-43-qa-55,hybrid_growing_rag,0.5277789256250205,20.800700000108918,262.48259999920265,283.81107892493657,one shared preloaded model
conv-43-qa-56,hybrid_growing_rag,0.5277789256250205,14.220799999748124,440.80530000064755,455.5538789260207,one shared preloaded model
conv-43-qa-57,hybrid_growing_rag,0.5277789256250205,16.511199999513337,162.4673000005714,179.50627892570978,one shared preloaded model
conv-43-qa-58,hybrid_growing_rag,0.5277789256250205,21.01299999776529,522.0885999988241,543.6293789222144,one shared preloaded model
conv-43-qa-59,hybrid_growing_rag,0.5277789256250205,13.112999997247243,490.12450000009267,503.7652789229649,one shared preloaded model
conv-43-qa-60,hybrid_growing_rag,0.5277789256250205,13.492300000507385,341.5144999999029,355.5345789260353,one shared preloaded model
conv-43-qa-61,hybrid_growing_rag,0.5277789256250205,12.961899999936577,218.47510000225157,231.96477892781317,one shared preloaded model
conv-43-qa-62,hybrid_growing_rag,0.5277789256250205,12.187500000436557,224.4713000000047,237.1865789260663,one shared preloaded model
conv-43-qa-63,hybrid_growing_rag,0.5277789256250205,12.207699997816235,127.55430000106571,140.28977892450698,one shared preloaded model
conv-43-qa-64,hybrid_growing_rag,0.5277789256250205,15.08079999985057,85.4935999996087,101.10217892508429,one shared preloaded model
conv-43-qa-65,hybrid_growing_rag,0.5277789256250205,14.953300000343006,159.19679999933578,174.67787892530382,one shared preloaded model
conv-43-qa-66,hybrid_growing_rag,0.5277789256250205,15.349799999967217,226.4725000022736,242.35007892786584,one shared preloaded model
conv-43-qa-67,hybrid_growing_rag,0.5277789256250205,24.716600000829203,203.726399999141,228.97077892559523,one shared preloaded model
conv-43-qa-68,hybrid_growing_rag,0.5277789256250205,14.479399997071596,254.59160000173142,269.598778924428,one shared preloaded model
conv-43-qa-69,hybrid_growing_rag,0.5277789256250205,13.216600000305334,328.06759999948554,341.8119789254159,one shared preloaded model
conv-43-qa-70,hybrid_growing_rag,0.5277789256250205,17.929800000274554,216.9675000004645,235.42507892636408,one shared preloaded model
conv-43-qa-71,hybrid_growing_rag,0.5277789256250205,12.902300000860123,641.5536000022257,654.9836789287109,one shared preloaded model
conv-43-qa-72,hybrid_growing_rag,0.5277789256250205,17.62599999710801,197.34339999922668,215.49717892195972,one shared preloaded model
conv-43-qa-73,hybrid_growing_rag,0.5277789256250205,14.551000000210479,305.32189999939874,320.4006789252342,one shared preloaded model
conv-43-qa-74,hybrid_growing_rag,0.5277789256250205,18.001500000536907,294.46760000064387,312.9968789268058,one shared preloaded model
conv-43-qa-75,hybrid_growing_rag,0.5277789256250205,12.607199998456053,198.8619000003382,211.9968789244193,one shared preloaded model
conv-43-qa-76,hybrid_growing_rag,0.5277789256250205,13.678600000275765,425.852099997428,440.0584789233288,one shared preloaded model
conv-43-qa-77,hybrid_growing_rag,0.5277789256250205,15.478799999982584,173.44760000196402,189.45417892757163,one shared preloaded model
conv-43-qa-78,hybrid_growing_rag,0.5277789256250205,21.529399997234577,514.5456999998714,536.6028789227311,one shared preloaded model
conv-43-qa-79,hybrid_growing_rag,0.5277789256250205,17.544500002259156,928.0838000013318,946.156078929216,one shared preloaded model
conv-43-qa-80,hybrid_growing_rag,0.5277789256250205,22.308899999188725,82.3255999966932,105.16227892150695,one shared preloaded model
conv-43-qa-81,hybrid_growing_rag,0.5277789256250205,20.084499999939,338.15429999958724,358.76657892515124,one shared preloaded model
conv-43-qa-82,hybrid_growing_rag,0.5277789256250205,13.393799999903422,136.8761000012455,150.79767892677395,one shared preloaded model
conv-43-qa-83,hybrid_growing_rag,0.5277789256250205,21.379199999500997,199.1993999981787,221.10637892330473,one shared preloaded model
conv-43-qa-84,hybrid_growing_rag,0.5277789256250205,14.54350000130944,224.66899999926682,239.74027892620128,one shared preloaded model
conv-43-qa-85,hybrid_growing_rag,0.5277789256250205,13.620199999422766,207.17229999718256,221.32027892223036,one shared preloaded model
conv-43-qa-86,hybrid_growing_rag,0.5277789256250205,14.50960000147461,164.20169999764767,179.2390789247473,one shared preloaded model
conv-43-qa-87,hybrid_growing_rag,0.5277789256250205,15.441600000485778,451.8489999973099,467.81837892342065,one shared preloaded model
conv-43-qa-88,hybrid_growing_rag,0.5277789256250205,12.208399999508401,192.65870000162977,205.3948789267632,one shared preloaded model
conv-43-qa-89,hybrid_growing_rag,0.5277789256250205,14.25569999992149,240.10229999839794,254.88577892394446,one shared preloaded model
conv-43-qa-90,hybrid_growing_rag,0.5277789256250205,17.30929999757791,161.21889999703853,179.05597892024147,one shared preloaded model
conv-43-qa-91,hybrid_growing_rag,0.5277789256250205,16.465199998492608,422.3445999996329,439.3375789237505,one shared preloaded model
conv-43-qa-92,hybrid_growing_rag,0.5277789256250205,20.81480000197189,219.18160000132048,240.5241789289174,one shared preloaded model
conv-43-qa-93,hybrid_growing_rag,0.5277789256250205,17.006099998980062,482.96440000194707,500.49827892655213,one shared preloaded model
conv-43-qa-94,hybrid_growing_rag,0.5277789256250205,17.31419999850914,464.2619999976887,482.10397892182283,one shared preloaded model
conv-43-qa-95,hybrid_growing_rag,0.5277789256250205,17.16369999849121,234.41029999958118,252.10177892369742,one shared preloaded model
conv-43-qa-96,hybrid_growing_rag,0.5277789256250205,16.196799999306677,226.74419999748352,243.46877892241523,one shared preloaded model
conv-43-qa-97,hybrid_growing_rag,0.5277789256250205,15.623399998730747,585.3136999976414,601.4648789219972,one shared preloaded model
conv-43-qa-98,hybrid_growing_rag,0.5277789256250205,12.278599999262951,227.96200000084355,240.76837892573153,one shared preloaded model
conv-43-qa-99,hybrid_growing_rag,0.5277789256250205,18.817499996657716,429.5115999993868,448.85687892166953,one shared preloaded model
conv-43-qa-100,hybrid_growing_rag,0.5277789256250205,12.49180000013439,175.9582999984559,188.97787892421533,one shared preloaded model
conv-43-qa-101,hybrid_growing_rag,0.5277789256250205,20.487199999479344,722.9686999999103,743.9836789250147,one shared preloaded model
conv-43-qa-102,hybrid_growing_rag,0.5277789256250205,17.588599999726284,983.2038999993529,1001.3202789247042,one shared preloaded model
conv-43-qa-103,hybrid_growing_rag,0.5277789256250205,12.710599999991246,202.1260000001348,215.36437892575108,one shared preloaded model
conv-43-qa-104,hybrid_growing_rag,0.5277789256250205,16.293299999233568,129.6556999986933,146.4767789235519,one shared preloaded model
conv-43-qa-105,hybrid_growing_rag,0.5277789256250205,20.605000001523877,139.89199999923585,161.02477892638476,one shared preloaded model
conv-43-qa-106,hybrid_growing_rag,0.5277789256250205,17.208999997819774,201.07009999992442,218.80687892336923,one shared preloaded model
conv-43-qa-107,hybrid_growing_rag,0.5277789256250205,12.398200000461657,205.17259999905946,218.09857892514614,one shared preloaded model
conv-43-qa-108,hybrid_growing_rag,0.5277789256250205,14.192300001013791,205.31130000017583,220.03137892681465,one shared preloaded model
conv-43-qa-109,hybrid_growing_rag,0.5277789256250205,14.994599998317426,1150.643000000855,1166.1653789247973,one shared preloaded model
conv-43-qa-110,hybrid_growing_rag,0.5277789256250205,13.66549999875133,77.05640000131098,91.24967892568732,one shared preloaded model
conv-43-qa-111,hybrid_growing_rag,0.5277789256250205,21.389600002294173,161.27160000178264,183.18897892970185,one shared preloaded model
conv-43-qa-112,hybrid_growing_rag,0.5277789256250205,21.099499997944804,199.97810000131722,221.60537892488705,one shared preloaded model
conv-43-qa-113,hybrid_growing_rag,0.5277789256250205,11.962200002017198,225.586900000053,238.07687892769522,one shared preloaded model
conv-43-qa-114,hybrid_growing_rag,0.5277789256250205,13.968399998702807,151.5652999987651,166.06147892309295,one shared preloaded model
conv-43-qa-115,hybrid_growing_rag,0.5277789256250205,20.81769999858807,618.4185000020079,639.7639789262211,one shared preloaded model
conv-43-qa-116,hybrid_growing_rag,0.5277789256250205,17.624200001591817,177.88129999826197,196.0332789254788,one shared preloaded model
conv-43-qa-117,hybrid_growing_rag,0.5277789256250205,16.797700001916382,206.63369999965653,223.95917892719794,one shared preloaded model
conv-43-qa-118,hybrid_growing_rag,0.5277789256250205,14.445799999521114,226.18230000080075,241.1558789259469,one shared preloaded model
conv-43-qa-119,hybrid_growing_rag,0.5277789256250205,14.557399998011533,179.74559999856865,194.8307789222052,one shared preloaded model
conv-43-qa-120,hybrid_growing_rag,0.5277789256250205,21.59120000214898,128.89900000300258,151.0179789307766,one shared preloaded model
conv-43-qa-121,hybrid_growing_rag,0.5277789256250205,16.032400002586655,549.8325000007753,566.392678928987,one shared preloaded model
conv-43-qa-122,hybrid_growing_rag,0.5277789256250205,17.252400000870693,803.0799000007391,820.8600789272349,one shared preloaded model
conv-43-qa-123,hybrid_growing_rag,0.5277789256250205,20.392500002344605,162.1156000001065,183.03587892807613,one shared preloaded model
conv-43-qa-124,hybrid_growing_rag,0.5277789256250205,15.748800000437768,160.4829999996582,176.759578925721,one shared preloaded model
conv-43-qa-125,hybrid_growing_rag,0.5277789256250205,19.443600001977757,444.161699997494,464.13307892509675,one shared preloaded model
conv-43-qa-126,hybrid_growing_rag,0.5277789256250205,12.377600000036182,770.0086000004376,782.9139789260988,one shared preloaded model
conv-43-qa-127,hybrid_growing_rag,0.5277789256250205,18.582700002298225,232.72979999819654,251.8402789261198,one shared preloaded model
conv-43-qa-128,hybrid_growing_rag,0.5277789256250205,14.750699996511685,200.59610000316752,215.87457892530423,one shared preloaded model
conv-43-qa-129,hybrid_growing_rag,0.5277789256250205,14.338900000439025,162.73719999662717,177.60387892269122,one shared preloaded model
conv-43-qa-130,hybrid_growing_rag,0.5277789256250205,20.959400000720052,200.50479999918025,221.99197892552533,one shared preloaded model
conv-43-qa-131,hybrid_growing_rag,0.5277789256250205,13.199000000895467,202.4344999990717,216.1612789255922,one shared preloaded model
conv-43-qa-132,hybrid_growing_rag,0.5277789256250205,14.549399998941226,267.0276999997441,282.1048789243103,one shared preloaded model
conv-43-qa-133,hybrid_growing_rag,0.5277789256250205,18.23059999878751,648.6523999992642,667.4107789236767,one shared preloaded model
conv-43-qa-134,hybrid_growing_rag,0.5277789256250205,13.531500000681262,158.49870000238298,172.55797892868927,one shared preloaded model
conv-43-qa-135,hybrid_growing_rag,0.5277789256250205,18.387299998721574,633.6598999987473,652.5749789230939,one shared preloaded model
conv-43-qa-136,hybrid_growing_rag,0.5277789256250205,15.453600000910228,639.4473000000289,655.4286789265642,one shared preloaded model
conv-43-qa-137,hybrid_growing_rag,0.5277789256250205,18.0809000012232,223.81099999984144,242.41967892668967,one shared preloaded model
conv-43-qa-138,hybrid_growing_rag,0.5277789256250205,14.702300002682023,603.1177000004391,618.3477789287462,one shared preloaded model
conv-43-qa-139,hybrid_growing_rag,0.5277789256250205,18.95460000014282,209.00579999943147,228.48817892519932,one shared preloaded model
conv-43-qa-140,hybrid_growing_rag,0.5277789256250205,26.64129999902798,869.1791999990528,896.3482789237058,one shared preloaded model
conv-43-qa-141,hybrid_growing_rag,0.5277789256250205,14.046000000234926,266.6903999997885,281.2641789256484,one shared preloaded model
conv-43-qa-142,hybrid_growing_rag,0.5277789256250205,14.425400000618538,521.1252000008244,536.078378927068,one shared preloaded model
conv-43-qa-143,hybrid_growing_rag,0.5277789256250205,18.078799999784678,123.02600000111852,141.63257892652823,one shared preloaded model
conv-43-qa-144,hybrid_growing_rag,0.5277789256250205,14.971100001275772,303.074799998285,318.5736789251858,one shared preloaded model
conv-43-qa-145,hybrid_growing_rag,0.5277789256250205,17.55619999676128,230.98469999968074,249.06867892206705,one shared preloaded model
conv-43-qa-146,hybrid_growing_rag,0.5277789256250205,18.37850000083563,206.00919999924372,224.91547892570438,one shared preloaded model
conv-43-qa-147,hybrid_growing_rag,0.5277789256250205,12.422599997080397,163.39090000110446,176.34127892380988,one shared preloaded model
conv-43-qa-148,hybrid_growing_rag,0.5277789256250205,18.05620000232011,133.31060000200523,151.89457892995037,one shared preloaded model
conv-43-qa-149,hybrid_growing_rag,0.5277789256250205,21.37840000068536,272.5576999982877,294.4638789245981,one shared preloaded model
conv-43-qa-150,hybrid_growing_rag,0.5277789256250205,18.635799999174196,99.00299999935669,118.16657892415591,one shared preloaded model
conv-43-qa-151,hybrid_growing_rag,0.5277789256250205,22.073699998145457,559.2161000022315,581.817578926002,one shared preloaded model
conv-43-qa-152,hybrid_growing_rag,0.5277789256250205,17.351200000121025,251.22019999980694,269.09917892555296,one shared preloaded model
conv-43-qa-153,hybrid_growing_rag,0.5277789256250205,15.90570000189473,253.04709999909392,269.48057892661365,one shared preloaded model
conv-43-qa-154,hybrid_growing_rag,0.5277789256250205,13.727800000197021,172.8469000008772,187.10247892669926,one shared preloaded model
conv-43-qa-155,hybrid_growing_rag,0.5277789256250205,15.99290000012843,111.7935000002035,128.31417892595695,one shared preloaded model
conv-43-qa-156,hybrid_growing_rag,0.5277789256250205,21.16039999964414,279.7707000027003,301.45887892796947,one shared preloaded model
conv-43-qa-157,hybrid_growing_rag,0.5277789256250205,12.854399999923771,201.92349999706494,215.30567892261374,one shared preloaded model
conv-43-qa-158,hybrid_growing_rag,0.5277789256250205,14.843799999653129,155.17689999978757,170.54847892506572,one shared preloaded model
conv-43-qa-159,hybrid_growing_rag,0.5277789256250205,17.966699997487012,137.19149999815272,155.68597892126476,one shared preloaded model
conv-43-qa-160,hybrid_growing_rag,0.5277789256250205,13.17380000182311,165.74000000036904,179.44157892781718,one shared preloaded model
conv-43-qa-161,hybrid_growing_rag,0.5277789256250205,21.846700001333375,271.79529999921215,294.1697789261705,one shared preloaded model
conv-43-qa-162,hybrid_growing_rag,0.5277789256250205,12.49150000148802,234.19559999820194,247.214878925315,one shared preloaded model
conv-43-qa-163,hybrid_growing_rag,0.5277789256250205,12.213299996801652,90.21959999881801,102.96067892124468,one shared preloaded model
conv-43-qa-164,hybrid_growing_rag,0.5277789256250205,20.29240000047139,110.61830000107875,131.43847892717517,one shared preloaded model
conv-43-qa-165,hybrid_growing_rag,0.5277789256250205,20.59960000042338,390.251900000294,411.37927892634235,one shared preloaded model
conv-43-qa-166,hybrid_growing_rag,0.5277789256250205,16.773300001659663,377.91809999907855,395.2191789263632,one shared preloaded model
conv-43-qa-167,hybrid_growing_rag,0.5277789256250205,17.603299998881994,144.34909999908996,162.48017892359698,one shared preloaded model
conv-43-qa-168,hybrid_growing_rag,0.5277789256250205,21.165099999052472,527.886199997738,549.5790789224155,one shared preloaded model
conv-43-qa-169,hybrid_growing_rag,0.5277789256250205,12.69970000066678,319.37009999819566,332.59757892448744,one shared preloaded model
conv-43-qa-170,hybrid_growing_rag,0.5277789256250205,17.938500001037028,288.45540000111214,306.92167892777417,one shared preloaded model
conv-43-qa-171,hybrid_growing_rag,0.5277789256250205,13.549499999498948,382.49459999860846,396.5718789237324,one shared preloaded model
conv-43-qa-172,hybrid_growing_rag,0.5277789256250205,17.04059999974561,157.09909999714,174.66747892251064,one shared preloaded model
conv-43-qa-173,hybrid_growing_rag,0.5277789256250205,22.117800002888544,157.90689999994356,180.55247892845713,one shared preloaded model
conv-43-qa-174,hybrid_growing_rag,0.5277789256250205,20.837500000197906,515.9409000007145,537.3061789265374,one shared preloaded model
conv-43-qa-175,hybrid_growing_rag,0.5277789256250205,13.147600002412219,338.186199998745,351.8615789267822,one shared preloaded model
conv-43-qa-176,hybrid_growing_rag,0.5277789256250205,17.787200002203463,204.9354000009771,223.2503789288056,one shared preloaded model
conv-43-qa-177,hybrid_growing_rag,0.5277789256250205,14.521000000968343,202.52099999925122,217.5697789258446,one shared preloaded model
conv-43-qa-178,hybrid_growing_rag,0.5277789256250205,14.32099999874481,151.56520000164164,166.41397892601148,one shared preloaded model
conv-43-qa-179,hybrid_growing_rag,0.5277789256250205,21.30070000202977,201.11389999874518,222.94237892639998,one shared preloaded model
conv-43-qa-180,hybrid_growing_rag,0.5277789256250205,18.52080000026035,341.5958000005048,360.6443789263902,one shared preloaded model
conv-43-qa-181,hybrid_growing_rag,0.5277789256250205,12.740500002109911,219.43989999999758,232.70817892773252,one shared preloaded model
conv-43-qa-182,hybrid_growing_rag,0.5277789256250205,13.65570000052685,140.65710000068066,154.84057892683253,one shared preloaded model
conv-43-qa-183,hybrid_growing_rag,0.5277789256250205,20.073000003321795,918.549100002565,939.1498789315118,one shared preloaded model
conv-43-qa-184,hybrid_growing_rag,0.5277789256250205,17.699999996693805,443.0275000013353,461.2552789236541,one shared preloaded model
conv-43-qa-185,hybrid_growing_rag,0.5277789256250205,14.392199998837896,82.59829999951762,97.51827892398053,one shared preloaded model
conv-43-qa-186,hybrid_growing_rag,0.5277789256250205,14.830200001597404,224.25719999955618,239.6151789267786,one shared preloaded model
conv-43-qa-187,hybrid_growing_rag,0.5277789256250205,12.96839999849908,176.80420000033337,190.30037892445748,one shared preloaded model
conv-43-qa-188,hybrid_growing_rag,0.5277789256250205,21.86219999930472,196.09810000110883,218.48807892603858,one shared preloaded model
conv-43-qa-189,hybrid_growing_rag,0.5277789256250205,13.551299998653121,229.52950000035344,243.6085789246316,one shared preloaded model
conv-43-qa-190,hybrid_growing_rag,0.5277789256250205,15.908699999272358,225.22169999865582,241.6581789235532,one shared preloaded model
conv-43-qa-191,hybrid_growing_rag,0.5277789256250205,14.347100001032231,609.5788000020548,624.4536789287121,one shared preloaded model
conv-43-qa-192,hybrid_growing_rag,0.5277789256250205,16.407700000854675,255.67099999898346,272.60647892546314,one shared preloaded model
conv-43-qa-193,hybrid_growing_rag,0.5277789256250205,14.404199999262346,365.31360000299173,380.2455789278791,one shared preloaded model
conv-43-qa-194,hybrid_growing_rag,0.5277789256250205,16.16410000133328,437.2517000010703,453.94357892802856,one shared preloaded model
conv-43-qa-195,hybrid_growing_rag,0.5277789256250205,14.583100000891136,225.71199999947567,240.82287892599183,one shared preloaded model
conv-43-qa-196,hybrid_growing_rag,0.5277789256250205,13.243299999885494,214.66830000281334,228.43937892832386,one shared preloaded model
conv-43-qa-197,hybrid_growing_rag,0.5277789256250205,16.614699998172,223.35449999809498,240.496978921892,one shared preloaded model
conv-43-qa-198,hybrid_growing_rag,0.5277789256250205,12.154000000009546,215.23739999975078,227.91917892538535,one shared preloaded model
conv-43-qa-199,hybrid_growing_rag,0.5277789256250205,18.02260000113165,161.8540999988909,180.40447892564757,one shared preloaded model
conv-43-qa-200,hybrid_growing_rag,0.5277789256250205,20.186300000204938,886.0416000024998,906.7556789283298,one shared preloaded model
conv-43-qa-201,hybrid_growing_rag,0.5277789256250205,17.653599999903236,215.52020000308403,233.7015789286123,one shared preloaded model
conv-43-qa-202,hybrid_growing_rag,0.5277789256250205,13.716200002818368,223.5075999997207,237.7515789281641,one shared preloaded model
conv-43-qa-203,hybrid_growing_rag,0.5277789256250205,14.668399999209214,224.34059999795863,239.53677892279288,one shared preloaded model
conv-43-qa-204,hybrid_growing_rag,0.5277789256250205,14.554700002918253,224.40650000135065,239.48897892989393,one shared preloaded model
conv-43-qa-205,hybrid_growing_rag,0.5277789256250205,14.627199998358265,215.90460000152234,231.05957892550563,one shared preloaded model
conv-43-qa-206,hybrid_growing_rag,0.5277789256250205,14.373500001966022,264.1927999975451,279.0940789251361,one shared preloaded model
conv-43-qa-207,hybrid_growing_rag,0.5277789256250205,12.433100000635022,798.6611000014818,811.6219789277419,one shared preloaded model
conv-43-qa-208,hybrid_growing_rag,0.5277789256250205,18.3273000002373,223.59919999871636,242.4542789245787,one shared preloaded model
conv-43-qa-209,hybrid_growing_rag,0.5277789256250205,12.308700002904516,297.3807999987912,310.2172789273207,one shared preloaded model
conv-43-qa-210,hybrid_growing_rag,0.5277789256250205,13.757899996562628,718.4570999997959,732.7427789219836,one shared preloaded model
conv-43-qa-211,hybrid_growing_rag,0.5277789256250205,17.43269999860786,224.75259999919217,242.71307892342506,one shared preloaded model
conv-43-qa-212,hybrid_growing_rag,0.5277789256250205,13.06520000071032,105.49099999843747,119.08397892477281,one shared preloaded model
conv-43-qa-213,hybrid_growing_rag,0.5277789256250205,15.368000000307802,694.8529000001145,710.7486789260473,one shared preloaded model
conv-43-qa-214,hybrid_growing_rag,0.5277789256250205,18.28370000293944,228.1903000002785,247.00177892884298,one shared preloaded model
conv-43-qa-215,hybrid_growing_rag,0.5277789256250205,14.780199999222532,199.5000999995682,214.80807892441575,one shared preloaded model
conv-43-qa-216,hybrid_growing_rag,0.5277789256250205,14.745500000572065,174.81889999908162,190.09217892527872,one shared preloaded model
conv-43-qa-217,hybrid_growing_rag,0.5277789256250205,22.187400001712376,204.3152000005648,227.0303789279022,one shared preloaded model
conv-43-qa-218,hybrid_growing_rag,0.5277789256250205,14.695099998789374,179.2977000004612,194.5205789248756,one shared preloaded model
conv-43-qa-219,hybrid_growing_rag,0.5277789256250205,20.32359999793698,208.6505000006582,229.50187892422022,one shared preloaded model
conv-43-qa-220,hybrid_growing_rag,0.5277789256250205,13.386200000240933,497.23830000220914,511.1522789280751,one shared preloaded model
conv-43-qa-221,hybrid_growing_rag,0.5277789256250205,17.72279999931925,229.00730000037584,247.2578789253201,one shared preloaded model
conv-43-qa-222,hybrid_growing_rag,0.5277789256250205,13.828999999532243,121.47529999856488,135.83207892372215,one shared preloaded model
conv-43-qa-223,hybrid_growing_rag,0.5277789256250205,16.619900001387578,132.04890000270098,149.19657892971358,one shared preloaded model
conv-43-qa-224,hybrid_growing_rag,0.5277789256250205,16.964100002951454,224.51100000034785,242.00287892892433,one shared preloaded model
conv-43-qa-225,hybrid_growing_rag,0.5277789256250205,14.925399998901412,160.98129999954836,176.4344789240748,one shared preloaded model
conv-43-qa-226,hybrid_growing_rag,0.5277789256250205,15.354700000898447,215.0160000019241,230.8984789284476,one shared preloaded model
conv-43-qa-227,hybrid_growing_rag,0.5277789256250205,13.379199997871183,285.55389999746694,299.4608789209631,one shared preloaded model
conv-43-qa-228,hybrid_growing_rag,0.5277789256250205,14.625499999965541,807.8419000012218,822.9951789268124,one shared preloaded model
conv-43-qa-229,hybrid_growing_rag,0.5277789256250205,12.677099999564234,168.8466999985394,182.05157892372867,one shared preloaded model
conv-43-qa-230,hybrid_growing_rag,0.5277789256250205,12.66619999660179,156.83370000260766,170.02767892483448,one shared preloaded model
conv-43-qa-231,hybrid_growing_rag,0.5277789256250205,15.959600001224317,200.00939999954426,216.4967789263936,one shared preloaded model
conv-43-qa-232,hybrid_growing_rag,0.5277789256250205,14.67929999853368,219.28390000175568,234.4909789259144,one shared preloaded model
conv-43-qa-233,hybrid_growing_rag,0.5277789256250205,14.945899998565437,224.35720000066794,239.8308789248584,one shared preloaded model
conv-43-qa-234,hybrid_growing_rag,0.5277789256250205,13.821699998516124,84.37820000108331,98.72767892522445,one shared preloaded model
conv-43-qa-235,hybrid_growing_rag,0.5277789256250205,15.426300000399351,226.72899999815854,242.68307892418292,one shared preloaded model
conv-43-qa-236,hybrid_growing_rag,0.5277789256250205,16.632800001389114,852.9017999971984,870.0623789242126,one shared preloaded model
conv-43-qa-237,hybrid_growing_rag,0.5277789256250205,17.748199999914505,273.3728000021074,291.6487789276469,one shared preloaded model
conv-43-qa-238,hybrid_growing_rag,0.5277789256250205,14.054100000066683,176.22310000297148,190.8049789286632,one shared preloaded model
conv-43-qa-239,hybrid_growing_rag,0.5277789256250205,21.428099997137906,160.27519999988726,182.2310789226502,one shared preloaded model
conv-43-qa-240,hybrid_growing_rag,0.5277789256250205,16.625000000203727,158.12210000149207,175.27487892732083,one shared preloaded model
conv-43-qa-241,hybrid_growing_rag,0.5277789256250205,14.999099999840837,225.4265999981726,240.95347892363847,one shared preloaded model
conv-44-qa-0,hybrid_growing_rag,0.8526594936691115,21.616799996991176,229.4980000006035,251.96745949126378,one shared preloaded model
conv-44-qa-1,hybrid_growing_rag,0.8526594936691115,14.50720000138972,343.10419999746955,358.4640594925284,one shared preloaded model
conv-44-qa-2,hybrid_growing_rag,0.8526594936691115,14.091400000324938,224.89900000073249,239.84305949472653,one shared preloaded model
conv-44-qa-3,hybrid_growing_rag,0.8526594936691115,16.907799999898998,174.6913000024506,192.4517594960187,one shared preloaded model
conv-44-qa-4,hybrid_growing_rag,0.8526594936691115,20.405200000823243,542.1960999992734,563.4539594937658,one shared preloaded model
conv-44-qa-5,hybrid_growing_rag,0.8526594936691115,17.878399998153327,325.8821999988868,344.61325949070925,one shared preloaded model
conv-44-qa-6,hybrid_growing_rag,0.8526594936691115,16.849800002091797,324.31130000259145,342.0137594983524,one shared preloaded model
conv-44-qa-7,hybrid_growing_rag,0.8526594936691115,16.428899998572888,122.89299999974901,140.174559491991,one shared preloaded model
conv-44-qa-8,hybrid_growing_rag,0.8526594936691115,20.557399999233894,122.44720000308007,143.85725949598307,one shared preloaded model
conv-44-qa-9,hybrid_growing_rag,0.8526594936691115,15.384399997856235,231.1757999996189,247.41285949114425,one shared preloaded model
conv-44-qa-10,hybrid_growing_rag,0.8526594936691115,12.516700000560377,518.3130999976129,531.6824594918423,one shared preloaded model
conv-44-qa-11,hybrid_growing_rag,0.8526594936691115,16.6458000021521,346.2640999969153,363.76255949273656,one shared preloaded model
conv-44-qa-12,hybrid_growing_rag,0.8526594936691115,17.532099998788908,161.76679999989574,180.15155949235375,one shared preloaded model
conv-44-qa-13,hybrid_growing_rag,0.8526594936691115,16.378699998313095,195.06230000115465,212.29365949313686,one shared preloaded model
conv-44-qa-14,hybrid_growing_rag,0.8526594936691115,14.334399998915615,476.2692000003881,491.45625949297283,one shared preloaded model
conv-44-qa-15,hybrid_growing_rag,0.8526594936691115,16.41820000077132,200.31339999695774,217.58425949139817,one shared preloaded model
conv-44-qa-16,hybrid_growing_rag,0.8526594936691115,15.43400000082329,508.40360000074725,524.6902594952396,one shared preloaded model
conv-44-qa-17,hybrid_growing_rag,0.8526594936691115,17.108700001699617,178.36829999941983,196.32965949478856,one shared preloaded model
conv-44-qa-18,hybrid_growing_rag,0.8526594936691115,11.998699999821838,175.13319999852683,187.98455949201778,one shared preloaded model
conv-44-qa-19,hybrid_growing_rag,0.8526594936691115,21.82849999735481,206.73840000017663,229.41955949120054,one shared preloaded model
conv-44-qa-20,hybrid_growing_rag,0.8526594936691115,12.613399998372188,230.8602000011888,244.32625949323008,one shared preloaded model
conv-44-qa-21,hybrid_growing_rag,0.8526594936691115,13.381900000240421,227.29509999771835,241.52965949162788,one shared preloaded model
conv-44-qa-22,hybrid_growing_rag,0.8526594936691115,14.309099999081809,147.71660000042175,162.87835949317267,one shared preloaded model
conv-44-qa-23,hybrid_growing_rag,0.8526594936691115,20.695300001534633,223.62380000049598,245.17175949569972,one shared preloaded model
conv-44-qa-24,hybrid_growing_rag,0.8526594936691115,16.51059999858262,224.33830000227317,241.7015594945249,one shared preloaded model
conv-44-qa-25,hybrid_growing_rag,0.8526594936691115,15.381900000647875,338.55299999777344,354.78755949209045,one shared preloaded model
conv-44-qa-26,hybrid_growing_rag,0.8526594936691115,13.167900000553345,747.3061000018788,761.3266594961012,one shared preloaded model
conv-44-qa-27,hybrid_growing_rag,0.8526594936691115,12.248300001374446,225.16209999957937,238.26305949462292,one shared preloaded model
conv-44-qa-28,hybrid_growing_rag,0.8526594936691115,14.043200000742218,230.84080000262475,245.73665949703607,one shared preloaded model
conv-44-qa-29,hybrid_growing_rag,0.8526594936691115,14.25789999848348,296.0480000001553,311.1585594923079,one shared preloaded model
conv-44-qa-30,hybrid_growing_rag,0.8526594936691115,16.57360000172048,314.145100001042,331.5713594964316,one shared preloaded model
conv-44-qa-31,hybrid_growing_rag,0.8526594936691115,11.765600000217091,369.41119999755756,382.0294594914438,one shared preloaded model
conv-44-qa-32,hybrid_growing_rag,0.8526594936691115,12.645000002521556,322.8372000012314,336.3348594974221,one shared preloaded model
conv-44-qa-33,hybrid_growing_rag,0.8526594936691115,17.72970000092755,222.2975000004226,240.87985949501925,one shared preloaded model
conv-44-qa-34,hybrid_growing_rag,0.8526594936691115,13.780499997665174,107.56039999978384,122.19355949111812,one shared preloaded model
conv-44-qa-35,hybrid_growing_rag,0.8526594936691115,15.51590000235592,204.86690000325325,221.23545949927828,one shared preloaded model
conv-44-qa-36,hybrid_growing_rag,0.8526594936691115,14.136199999484234,155.803300000116,170.79215949326934,one shared preloaded model
conv-44-qa-37,hybrid_growing_rag,0.8526594936691115,11.918899999727728,538.3599999986473,551.1315594920441,one shared preloaded model
conv-44-qa-38,hybrid_growing_rag,0.8526594936691115,12.278599999262951,631.3440000012633,644.4752594941954,one shared preloaded model
conv-44-qa-39,hybrid_growing_rag,0.8526594936691115,16.825599999719998,109.9355000005744,127.6137594939635,one shared preloaded model
conv-44-qa-40,hybrid_growing_rag,0.8526594936691115,18.6494000008679,175.7419999994454,195.2440594939824,one shared preloaded model
conv-44-qa-41,hybrid_growing_rag,0.8526594936691115,20.189099999697646,408.37090000059106,429.41265949395785,one shared preloaded model
conv-44-qa-42,hybrid_growing_rag,0.8526594936691115,16.855000001669396,224.0321999997832,241.7398594951217,one shared preloaded model
conv-44-qa-43,hybrid_growing_rag,0.8526594936691115,12.239699997735443,235.50600000089617,248.59835949230072,one shared preloaded model
conv-44-qa-44,hybrid_growing_rag,0.8526594936691115,17.262400000618072,487.36450000069453,505.47955949498174,one shared preloaded model
conv-44-qa-45,hybrid_growing_rag,0.8526594936691115,13.15249999970547,223.6759000006714,237.68105949404597,one shared preloaded model
conv-44-qa-46,hybrid_growing_rag,0.8526594936691115,11.878299999807496,225.7802999993146,238.5112594927912,one shared preloaded model
conv-44-qa-47,hybrid_growing_rag,0.8526594936691115,16.891100000066217,109.44839999865508,127.1921594923904,one shared preloaded model
conv-44-qa-48,hybrid_growing_rag,0.8526594936691115,17.305499997746665,249.70549999852665,267.86365948994245,one shared preloaded model
conv-44-qa-49,hybrid_growing_rag,0.8526594936691115,15.47750000099768,84.37129999947501,100.7014594941418,one shared preloaded model
conv-44-qa-50,hybrid_growing_rag,0.8526594936691115,21.46530000027269,170.18330000064452,192.50125949458632,one shared preloaded model
conv-44-qa-51,hybrid_growing_rag,0.8526594936691115,17.976099999941653,254.44789999892237,273.27665949253316,one shared preloaded model
conv-44-qa-52,hybrid_growing_rag,0.8526594936691115,16.173600000911392,153.77729999818257,170.80355949276307,one shared preloaded model
conv-44-qa-53,hybrid_growing_rag,0.8526594936691115,20.93819999936386,197.65430000188644,219.4451594949194,one shared preloaded model
conv-44-qa-54,hybrid_growing_rag,0.8526594936691115,17.256600000109756,459.5673000003444,477.6765594941233,one shared preloaded model
conv-44-qa-55,hybrid_growing_rag,0.8526594936691115,16.72060000055353,214.25920000183396,231.8324594960566,one shared preloaded model
conv-44-qa-56,hybrid_growing_rag,0.8526594936691115,16.732100000808714,227.34570000102394,244.93045949550176,one shared preloaded model
conv-44-qa-57,hybrid_growing_rag,0.8526594936691115,21.12649999980931,209.0764999993553,231.0556594928337,one shared preloaded model
conv-44-qa-58,hybrid_growing_rag,0.8526594936691115,12.99010000002454,158.62749999723746,172.4702594909311,one shared preloaded model
conv-44-qa-59,hybrid_growing_rag,0.8526594936691115,21.350800001528114,175.28600000150618,197.4894594967034,one shared preloaded model
conv-44-qa-60,hybrid_growing_rag,0.8526594936691115,20.09349999934784,222.07979999802774,243.0259594910447,one shared preloaded model
conv-44-qa-61,hybrid_growing_rag,0.8526594936691115,14.11279999956605,177.27539999759756,192.24085949083272,one shared preloaded model
conv-44-qa-62,hybrid_growing_rag,0.8526594936691115,21.81180000116001,227.73339999912423,250.39785949395335,one shared preloaded model
conv-44-qa-63,hybrid_growing_rag,0.8526594936691115,12.189799999759998,204.68329999857815,217.72575949200726,one shared preloaded model
conv-44-qa-64,hybrid_growing_rag,0.8526594936691115,12.538900002255104,174.06169999958365,187.45325949550787,one shared preloaded model
conv-44-qa-65,hybrid_growing_rag,0.8526594936691115,20.382399998197798,252.40850000045612,273.64355949232305,one shared preloaded model
conv-44-qa-66,hybrid_growing_rag,0.8526594936691115,15.038599998661084,173.28270000143675,189.17395949376694,one shared preloaded model
conv-44-qa-67,hybrid_growing_rag,0.8526594936691115,22.03410000220174,247.0718999975361,269.95865949340697,one shared preloaded model
conv-44-qa-68,hybrid_growing_rag,0.8526594936691115,14.86540000041714,288.1292999991274,303.8473594932137,one shared preloaded model
conv-44-qa-69,hybrid_growing_rag,0.8526594936691115,12.309199999435805,230.4580000018177,243.61985949492262,one shared preloaded model
conv-44-qa-70,hybrid_growing_rag,0.8526594936691115,13.163299998268485,151.1443000017607,165.1602594936983,one shared preloaded model
conv-44-qa-71,hybrid_growing_rag,0.8526594936691115,21.268899999995483,345.50300000046263,367.62455949412725,one shared preloaded model
conv-44-qa-72,hybrid_growing_rag,0.8526594936691115,17.135599999164697,448.01989999905345,466.0081594918873,one shared preloaded model
conv-44-qa-73,hybrid_growing_rag,0.8526594936691115,16.968799998721806,223.82229999857373,241.64375949096464,one shared preloaded model
conv-44-qa-74,hybrid_growing_rag,0.8526594936691115,17.781800001102965,163.39289999814355,182.02735949291562,one shared preloaded model
conv-44-qa-75,hybrid_growing_rag,0.8526594936691115,20.975300001737196,251.76880000071833,273.59675949612466,one shared preloaded model
conv-44-qa-76,hybrid_growing_rag,0.8526594936691115,12.850699997215997,235.78420000194455,249.48755949282966,one shared preloaded model
conv-44-qa-77,hybrid_growing_rag,0.8526594936691115,12.290200000279583,226.20929999902728,239.35215949297597,one shared preloaded model
conv-44-qa-78,hybrid_growing_rag,0.8526594936691115,16.9967000001634,262.4811999994563,280.33055949328883,one shared preloaded model
conv-44-qa-79,hybrid_growing_rag,0.8526594936691115,14.801500001340173,366.1443999990297,381.798559494039,one shared preloaded model
conv-44-qa-80,hybrid_growing_rag,0.8526594936691115,13.179300000047078,684.4054000030155,698.4373594967317,one shared preloaded model
conv-44-qa-81,hybrid_growing_rag,0.8526594936691115,13.22259999869857,223.9131999995152,237.98845949188288,one shared preloaded model
conv-44-qa-82,hybrid_growing_rag,0.8526594936691115,16.290700001263758,108.87070000171661,126.01405949664948,one shared preloaded model
conv-44-qa-83,hybrid_growing_rag,0.8526594936691115,20.758399998157984,348.4228000015719,370.033859493399,one shared preloaded model
conv-44-qa-84,hybrid_growing_rag,0.8526594936691115,16.889700000319863,190.95219999871915,208.69455949270812,one shared preloaded model
conv-44-qa-85,hybrid_growing_rag,0.8526594936691115,14.863700002024416,162.8694999999425,178.58585949563602,one shared preloaded model
conv-44-qa-86,hybrid_growing_rag,0.8526594936691115,20.24129999699653,253.82059999901685,274.9145594896825,one shared preloaded model
conv-44-qa-87,hybrid_growing_rag,0.8526594936691115,12.783900001522852,219.08520000215503,232.721759497347,one shared preloaded model
conv-44-qa-88,hybrid_growing_rag,0.8526594936691115,14.083300000493182,805.391599998984,820.3275594931463,one shared preloaded model
conv-44-qa-89,hybrid_growing_rag,0.8526594936691115,13.298199999553617,153.80300000106217,167.9538594942849,one shared preloaded model
conv-44-qa-90,hybrid_growing_rag,0.8526594936691115,17.276499998843065,222.57689999969443,240.7060594922066,one shared preloaded model
conv-44-qa-91,hybrid_growing_rag,0.8526594936691115,14.10109999778797,223.9300999972329,238.88385948868998,one shared preloaded model
conv-44-qa-92,hybrid_growing_rag,0.8526594936691115,11.867799999890849,600.0777000008384,612.7981594943983,one shared preloaded model
conv-44-qa-93,hybrid_growing_rag,0.8526594936691115,17.648400000325637,500.354799998604,518.8558594925987,one shared preloaded model
conv-44-qa-94,hybrid_growing_rag,0.8526594936691115,16.489900001033675,179.1333000001032,196.47585949480597,one shared preloaded model
conv-44-qa-95,hybrid_growing_rag,0.8526594936691115,11.955199999647448,224.77639999851817,237.58425949183473,one shared preloaded model
conv-44-qa-96,hybrid_growing_rag,0.8526594936691115,12.53779999751714,343.06419999848003,356.4546594896663,one shared preloaded model
conv-44-qa-97,hybrid_growing_rag,0.8526594936691115,12.11219999822788,422.2273999985191,435.1922594904161,one shared preloaded model
conv-44-qa-98,hybrid_growing_rag,0.8526594936691115,17.93520000137505,117.62150000140537,136.40935949644953,one shared preloaded model
conv-44-qa-99,hybrid_growing_rag,0.8526594936691115,21.258000000671018,323.9400000020396,346.05065949637975,one shared preloaded model
conv-44-qa-100,hybrid_growing_rag,0.8526594936691115,17.74219999788329,204.02909999756957,222.62395948912197,one shared preloaded model
conv-44-qa-101,hybrid_growing_rag,0.8526594936691115,15.757699999085162,173.2319999973697,189.84235949012398,one shared preloaded model
conv-44-qa-102,hybrid_growing_rag,0.8526594936691115,20.160200001555495,322.13950000004843,343.15235949527306,one shared preloaded model
conv-44-qa-103,hybrid_growing_rag,0.8526594936691115,14.224599999579368,162.02290000001085,177.10015949325933,one shared preloaded model
conv-44-qa-104,hybrid_growing_rag,0.8526594936691115,19.577700000809273,173.53559999901336,193.96595949349174,one shared preloaded model
conv-44-qa-105,hybrid_growing_rag,0.8526594936691115,14.177000000927364,323.5305000016524,338.5601594962489,one shared preloaded model
conv-44-qa-106,hybrid_growing_rag,0.8526594936691115,17.118200001277728,194.68720000077155,212.6580594957184,one shared preloaded model
conv-44-qa-107,hybrid_growing_rag,0.8526594936691115,13.762300000962568,340.17750000202795,354.79245949665966,one shared preloaded model
conv-44-qa-108,hybrid_growing_rag,0.8526594936691115,16.671199999109376,176.74419999821112,194.2680594909896,one shared preloaded model
conv-44-qa-109,hybrid_growing_rag,0.8526594936691115,17.37660000071628,253.7190000002738,271.9482594946592,one shared preloaded model
conv-44-qa-110,hybrid_growing_rag,0.8526594936691115,13.246200000139652,428.5597999987658,442.6586594925746,one shared preloaded model
conv-44-qa-111,hybrid_growing_rag,0.8526594936691115,11.974700002610916,528.4008999988146,541.2282594950946,one shared preloaded model
conv-44-qa-112,hybrid_growing_rag,0.8526594936691115,11.984600001596846,113.77470000297762,126.61195949824358,one shared preloaded model
conv-44-qa-113,hybrid_growing_rag,0.8526594936691115,21.554400002059992,228.53590000158874,250.94295949731784,one shared preloaded model
conv-44-qa-114,hybrid_growing_rag,0.8526594936691115,12.325200001214398,101.87690000020666,115.05475949509017,one shared preloaded model
conv-44-qa-115,hybrid_growing_rag,0.8526594936691115,19.41119999901275,152.08180000263383,172.3456594953157,one shared preloaded model
conv-44-qa-116,hybrid_growing_rag,0.8526594936691115,14.070500001253095,201.58590000210097,216.50905949702317,one shared preloaded model
conv-44-qa-117,hybrid_growing_rag,0.8526594936691115,12.344800001301337,250.00980000186246,263.20725949683293,one shared preloaded model
conv-44-qa-118,hybrid_growing_rag,0.8526594936691115,13.501700002962025,206.42990000123973,220.78425949787086,one shared preloaded model
conv-44-qa-119,hybrid_growing_rag,0.8526594936691115,14.695699999720091,686.4187999999558,701.967159493345,one shared preloaded model
conv-44-qa-120,hybrid_growing_rag,0.8526594936691115,13.543500001105713,365.85090000153286,380.2470594963077,one shared preloaded model
conv-44-qa-121,hybrid_growing_rag,0.8526594936691115,17.138400002295384,403.3341000031214,421.32515949908594,one shared preloaded model
conv-44-qa-122,hybrid_growing_rag,0.8526594936691115,13.527099999919301,111.3595000024361,125.73925949602452,one shared preloaded model
conv-44-qa-123,hybrid_growing_rag,0.8526594936691115,19.428999999945518,223.0277999988175,243.30945949243213,one shared preloaded model
conv-44-qa-124,hybrid_growing_rag,0.8526594936691115,12.857899997470668,159.87170000153128,173.58225949267106,one shared preloaded model
conv-44-qa-125,hybrid_growing_rag,0.8526594936691115,21.229599999060156,217.33529999983148,239.41755949256074,one shared preloaded model
conv-44-qa-126,hybrid_growing_rag,0.8526594936691115,12.900300000183051,228.7947000004351,242.54765949428727,one shared preloaded model
conv-44-qa-127,hybrid_growing_rag,0.8526594936691115,14.342999998916639,190.1845000029425,205.38015949552826,one shared preloaded model
conv-44-qa-128,hybrid_growing_rag,0.8526594936691115,12.98799999858602,161.83460000320338,175.6752594954585,one shared preloaded model
conv-44-qa-129,hybrid_growing_rag,0.8526594936691115,20.693099999334663,273.94709999862243,295.49285949162623,one shared preloaded model
conv-44-qa-130,hybrid_growing_rag,0.8526594936691115,17.392199999449076,185.22140000277432,203.4662594958925,one shared preloaded model
conv-44-qa-131,hybrid_growing_rag,0.8526594936691115,19.112599999061786,171.60030000013649,191.56555949286738,one shared preloaded model
conv-44-qa-132,hybrid_growing_rag,0.8526594936691115,15.195399999356596,248.02099999942584,264.0690594924516,one shared preloaded model
conv-44-qa-133,hybrid_growing_rag,0.8526594936691115,12.292200000956655,223.39799999826937,236.54285949289513,one shared preloaded model
conv-44-qa-134,hybrid_growing_rag,0.8526594936691115,15.042799997900147,95.56660000089323,111.46205949246249,one shared preloaded model
conv-44-qa-135,hybrid_growing_rag,0.8526594936691115,13.337399999727495,254.8443000014231,269.03435949481974,one shared preloaded model
conv-44-qa-136,hybrid_growing_rag,0.8526594936691115,16.945100000157254,225.5436000014015,243.34135949522786,one shared preloaded model
conv-44-qa-137,hybrid_growing_rag,0.8526594936691115,17.375299998093396,234.11620000115363,252.34415949291613,one shared preloaded model
conv-44-qa-138,hybrid_growing_rag,0.8526594936691115,14.948500000173226,114.73169999953825,130.53285949338058,one shared preloaded model
conv-44-qa-139,hybrid_growing_rag,0.8526594936691115,17.86589999755961,166.87069999898085,185.58925949020957,one shared preloaded model
conv-44-qa-140,hybrid_growing_rag,0.8526594936691115,12.52780000140774,167.53939999762224,180.9198594926991,one shared preloaded model
conv-44-qa-141,hybrid_growing_rag,0.8526594936691115,21.387599997979123,319.9682999984361,342.2085594900844,one shared preloaded model
conv-44-qa-142,hybrid_growing_rag,0.8526594936691115,17.55859999684617,228.40609999911976,246.81735948963504,one shared preloaded model
conv-44-qa-143,hybrid_growing_rag,0.8526594936691115,13.431399998808047,160.93299999920418,175.21705949168134,one shared preloaded model
conv-44-qa-144,hybrid_growing_rag,0.8526594936691115,18.76810000248952,173.7226000004739,193.34335949663253,one shared preloaded model
conv-44-qa-145,hybrid_growing_rag,0.8526594936691115,20.26069999919855,222.73260000292794,243.8459594957956,one shared preloaded model
conv-44-qa-146,hybrid_growing_rag,0.8526594936691115,17.84369999950286,498.56500000169035,517.2613594948623,one shared preloaded model
conv-44-qa-147,hybrid_growing_rag,0.8526594936691115,16.477199998917058,206.17879999917932,223.50865949176548,one shared preloaded model
conv-44-qa-148,hybrid_growing_rag,0.8526594936691115,12.478299999202136,895.1401999984228,908.471159491294,one shared preloaded model
conv-44-qa-149,hybrid_growing_rag,0.8526594936691115,12.526200000138488,417.321400000219,430.7002594940266,one shared preloaded model
conv-44-qa-150,hybrid_growing_rag,0.8526594936691115,16.616100001556333,223.71950000160723,241.18825949683267,one shared preloaded model
conv-44-qa-151,hybrid_growing_rag,0.8526594936691115,16.521599998668535,241.75999999715714,259.1342594894948,one shared preloaded model
conv-44-qa-152,hybrid_growing_rag,0.8526594936691115,15.964400001394097,301.3836000027368,318.2006594978,one shared preloaded model
conv-44-qa-153,hybrid_growing_rag,0.8526594936691115,14.385899998160312,249.58159999732743,264.8201594891569,one shared preloaded model
conv-44-qa-154,hybrid_growing_rag,0.8526594936691115,13.326000000233762,77.08970000021509,91.26835949411796,one shared preloaded model
conv-44-qa-155,hybrid_growing_rag,0.8526594936691115,14.750599999388214,159.956700001203,175.5599594942603,one shared preloaded model
conv-44-qa-156,hybrid_growing_rag,0.8526594936691115,21.97599999999511,218.12290000161738,240.9515594952816,one shared preloaded model
conv-44-qa-157,hybrid_growing_rag,0.8526594936691115,12.770100001944229,230.89830000026268,244.52105949587602,one shared preloaded model
conv-47-qa-0,hybrid_growing_rag,0.6554768421138808,20.569300002534874,214.43030000227736,235.6550768469261,one shared preloaded model
conv-47-qa-1,hybrid_growing_rag,0.6554768421138808,11.907500000233995,209.34549999947194,221.9084768418198,one shared preloaded model
conv-47-qa-2,hybrid_growing_rag,0.6554768421138808,12.087399998563342,193.23069999882136,205.97357683949858,one shared preloaded model
conv-47-qa-3,hybrid_growing_rag,0.6554768421138808,13.770599998679245,83.31850000104168,97.74457684183481,one shared preloaded model
conv-47-qa-4,hybrid_growing_rag,0.6554768421138808,14.054300001589581,225.31289999824367,240.02267684194712,one shared preloaded model
conv-47-qa-5,hybrid_growing_rag,0.6554768421138808,13.773499998933403,155.64549999908195,170.07447684012922,one shared preloaded model
conv-47-qa-6,hybrid_growing_rag,0.6554768421138808,19.680699999298668,222.19979999863426,242.5359768400468,one shared preloaded model
conv-47-qa-7,hybrid_growing_rag,0.6554768421138808,12.476200001401594,230.85179999907268,243.98347684258815,one shared preloaded model
conv-47-qa-8,hybrid_growing_rag,0.6554768421138808,12.806800001271768,83.50760000030277,96.96987684368843,one shared preloaded model
conv-47-qa-9,hybrid_growing_rag,0.6554768421138808,14.169699999911245,232.79980000006617,247.62497684209129,one shared preloaded model
conv-47-qa-10,hybrid_growing_rag,0.6554768421138808,17.3718000005465,497.5278999991133,515.5551768417737,one shared preloaded model
conv-47-qa-11,hybrid_growing_rag,0.6554768421138808,17.298899998422712,222.22789999796078,240.18227683849736,one shared preloaded model
conv-47-qa-12,hybrid_growing_rag,0.6554768421138808,11.939799998799572,211.60660000168718,224.20187684260063,one shared preloaded model
conv-47-qa-13,hybrid_growing_rag,0.6554768421138808,11.526500002219109,368.22530000063125,380.40727684496426,one shared preloaded model
conv-47-qa-14,hybrid_growing_rag,0.6554768421138808,12.178400000266265,361.0412999987602,373.8751768411404,one shared preloaded model
conv-47-qa-15,hybrid_growing_rag,0.6554768421138808,11.537099999259226,202.42099999813945,214.61357683951255,one shared preloaded model
conv-47-qa-16,hybrid_growing_rag,0.6554768421138808,13.864100001228508,1652.69470000203,1667.2142768453723,one shared preloaded model
conv-47-qa-17,hybrid_growing_rag,0.6554768421138808,17.939800000021933,222.92989999914425,241.52517684128006,one shared preloaded model
conv-47-qa-18,hybrid_growing_rag,0.6554768421138808,13.907500000641448,197.67180000053486,212.23477684329018,one shared preloaded model
conv-47-qa-19,hybrid_growing_rag,0.6554768421138808,14.11549999829731,231.3929999982065,246.16397683861769,one shared preloaded model
conv-47-qa-20,hybrid_growing_rag,0.6554768421138808,12.582300001668045,107.54879999876721,120.78657684254914,one shared preloaded model
conv-47-qa-21,hybrid_growing_rag,0.6554768421138808,20.325599998614052,512.5295000034384,533.5105768441664,one shared preloaded model
conv-47-qa-22,hybrid_growing_rag,0.6554768421138808,12.649399999645539,194.91190000189818,208.21677684365758,one shared preloaded model
conv-47-qa-23,hybrid_growing_rag,0.6554768421138808,13.70870000027935,446.49849999768776,460.862676840081,one shared preloaded model
conv-47-qa-24,hybrid_growing_rag,0.6554768421138808,16.945299998042174,222.95930000109365,240.5600768412497,one shared preloaded model
conv-47-qa-25,hybrid_growing_rag,0.6554768421138808,12.093500001356006,208.84880000085104,221.59777684432092,one shared preloaded model
conv-47-qa-26,hybrid_growing_rag,0.6554768421138808,13.783400001557311,191.2665999989258,205.705476842597,one shared preloaded model
conv-47-qa-27,hybrid_growing_rag,0.6554768421138808,12.268599999515573,209.48970000245026,222.4137768440797,one shared preloaded model
conv-47-qa-28,hybrid_growing_rag,0.6554768421138808,12.800700002117082,307.54330000127084,320.9994768455018,one shared preloaded model
conv-47-qa-29,hybrid_growing_rag,0.6554768421138808,16.62940000096569,222.1124999996391,239.39737684271867,one shared preloaded model
conv-47-qa-30,hybrid_growing_rag,0.6554768421138808,14.939100001356564,108.23320000054082,123.82777684401127,one shared preloaded model
conv-47-qa-31,hybrid_growing_rag,0.6554768421138808,19.641900002170587,168.88509999989765,189.1824768441821,one shared preloaded model
conv-47-qa-32,hybrid_growing_rag,0.6554768421138808,20.406900002853945,204.76000000053318,225.822376845501,one shared preloaded model
conv-47-qa-33,hybrid_growing_rag,0.6554768421138808,14.882199997373391,191.8191000004299,207.35677683991716,one shared preloaded model
conv-47-qa-34,hybrid_growing_rag,0.6554768421138808,13.412000000244007,106.94320000038715,121.01067684274504,one shared preloaded model
conv-47-qa-35,hybrid_growing_rag,0.6554768421138808,17.678200001682853,127.96239999806858,146.2960768418653,one shared preloaded model
conv-47-qa-36,hybrid_growing_rag,0.6554768421138808,18.314600001758663,292.59520000050543,311.565276844378,one shared preloaded model
conv-47-qa-37,hybrid_growing_rag,0.6554768421138808,13.136099998519057,456.8318999990879,470.62347683972087,one shared preloaded model
conv-47-qa-38,hybrid_growing_rag,0.6554768421138808,13.998399997944944,145.11059999858844,159.76447683864725,one shared preloaded model
conv-47-qa-39,hybrid_growing_rag,0.6554768421138808,16.947000000072876,227.00540000005276,244.6078768422395,one shared preloaded model
conv-47-qa-40,hybrid_growing_rag,0.6554768421138808,15.572199998132419,340.50249999927473,356.73017683952105,one shared preloaded model
conv-47-qa-41,hybrid_growing_rag,0.6554768421138808,16.383999998652143,480.6020999967586,497.64157683752467,one shared preloaded model
conv-47-qa-42,hybrid_growing_rag,0.6554768421138808,17.93840000027558,309.98209999961546,328.57597684200493,one shared preloaded model
conv-47-qa-43,hybrid_growing_rag,0.6554768421138808,12.076199996954529,152.12610000162385,164.85777684069225,one shared preloaded model
conv-47-qa-44,hybrid_growing_rag,0.6554768421138808,19.033000000490574,415.70969999884255,435.398176841447,one shared preloaded model
conv-47-qa-45,hybrid_growing_rag,0.6554768421138808,16.433699998742668,160.84440000122413,177.93357684208067,one shared preloaded model
conv-47-qa-46,hybrid_growing_rag,0.6554768421138808,15.998399998352397,220.59029999945778,237.24417683992405,one shared preloaded model
conv-47-qa-47,hybrid_growing_rag,0.6554768421138808,13.40390000041225,491.8843999985256,505.9437768410518,one shared preloaded model
conv-47-qa-48,hybrid_growing_rag,0.6554768421138808,17.37430000139284,492.7410999989661,510.77087684247283,one shared preloaded model
conv-47-qa-49,hybrid_growing_rag,0.6554768421138808,16.934799998125527,137.85709999865503,155.44737683889443,one shared preloaded model
conv-47-qa-50,hybrid_growing_rag,0.6554768421138808,15.460200000234181,311.852100003307,327.96777684565507,one shared preloaded model
conv-47-qa-51,hybrid_growing_rag,0.6554768421138808,12.604699997609714,223.2384999988426,236.49867683856618,one shared preloaded model
conv-47-qa-52,hybrid_growing_rag,0.6554768421138808,11.991899998974986,534.7808000005898,547.4281768416787,one shared preloaded model
conv-47-qa-53,hybrid_growing_rag,0.6554768421138808,16.5809000027366,226.57640000034007,243.81277684519054,one shared preloaded model
conv-47-qa-54,hybrid_growing_rag,0.6554768421138808,16.117200000735465,224.05889999936335,240.83157684221268,one shared preloaded model
conv-47-qa-55,hybrid_growing_rag,0.6554768421138808,13.380200001847697,163.9976000005845,178.03327684454607,one shared preloaded model
conv-47-qa-56,hybrid_growing_rag,0.6554768421138808,20.9523999983503,153.69139999893378,175.29927683939795,one shared preloaded model
conv-47-qa-57,hybrid_growing_rag,0.6554768421138808,14.883399999234825,368.9792999975907,384.51817683893944,one shared preloaded model
conv-47-qa-58,hybrid_growing_rag,0.6554768421138808,14.767399999982445,347.9239999978745,363.34687683997083,one shared preloaded model
conv-47-qa-59,hybrid_growing_rag,0.6554768421138808,13.486799998645438,317.6948000000266,331.8370768407859,one shared preloaded model
conv-47-qa-60,hybrid_growing_rag,0.6554768421138808,16.518599997652927,223.4545999999682,240.628676839735,one shared preloaded model
conv-47-qa-61,hybrid_growing_rag,0.6554768421138808,15.108299998246366,161.3900999982434,177.15387683860362,one shared preloaded model
conv-47-qa-62,hybrid_growing_rag,0.6554768421138808,18.64199999909033,224.55679999984568,243.85427684104988,one shared preloaded model
conv-47-qa-63,hybrid_growing_rag,0.6554768421138808,14.716200003022095,497.10500000219326,512.4766768473293,one shared preloaded model
conv-47-qa-64,hybrid_growing_rag,0.6554768421138808,12.49409999945783,225.65949999989243,238.80907684146413,one shared preloaded model
conv-47-qa-65,hybrid_growing_rag,0.6554768421138808,12.185600000520935,507.45349999851896,520.2945768411538,one shared preloaded model
conv-47-qa-66,hybrid_growing_rag,0.6554768421138808,13.138799997250317,486.81849999775295,500.61277683711717,one shared preloaded model
conv-47-qa-67,hybrid_growing_rag,0.6554768421138808,16.555700000026263,231.36620000150288,248.577376843643,one shared preloaded model
conv-47-qa-68,hybrid_growing_rag,0.6554768421138808,13.960799999040319,153.0588000023272,167.67507684348138,one shared preloaded model
conv-47-qa-69,hybrid_growing_rag,0.6554768421138808,20.268699998268858,1022.6511000000755,1043.5752768404582,one shared preloaded model
conv-47-qa-70,hybrid_growing_rag,0.6554768421138808,12.33229999706964,123.53339999754098,136.5211768367245,one shared preloaded model
conv-47-qa-71,hybrid_growing_rag,0.6554768421138808,12.533999997685896,157.16759999850183,170.3570768383016,one shared preloaded model
conv-47-qa-72,hybrid_growing_rag,0.6554768421138808,15.452999999979511,109.12249999819323,125.23097684028663,one shared preloaded model
conv-47-qa-73,hybrid_growing_rag,0.6554768421138808,21.49459999782266,495.6865000021935,517.8365768421301,one shared preloaded model
conv-47-qa-74,hybrid_growing_rag,0.6554768421138808,17.815200000768527,200.88789999863366,219.35857684151605,one shared preloaded model
conv-47-qa-75,hybrid_growing_rag,0.6554768421138808,15.793399998074165,392.14849999916623,408.5973768393543,one shared preloaded model
conv-47-qa-76,hybrid_growing_rag,0.6554768421138808,12.359899999864865,247.61930000022403,260.6346768422028,one shared preloaded model
conv-47-qa-77,hybrid_growing_rag,0.6554768421138808,14.83630000075209,235.39139999775216,250.88317684061812,one shared preloaded model
conv-47-qa-78,hybrid_growing_rag,0.6554768421138808,16.857000002346467,146.12409999972442,163.63657684418476,one shared preloaded model
conv-47-qa-79,hybrid_growing_rag,0.6554768421138808,16.200400001253,174.02260000017122,190.8784768435381,one shared preloaded model
conv-47-qa-80,hybrid_growing_rag,0.6554768421138808,19.328399997903034,434.08350000026985,454.0673768402868,one shared preloaded model
conv-47-qa-81,hybrid_growing_rag,0.6554768421138808,17.435300000215648,262.5110000008135,280.60177684314306,one shared preloaded model
conv-47-qa-82,hybrid_growing_rag,0.6554768421138808,16.50760000120499,221.5061999995669,238.66927684288575,one shared preloaded model
conv-47-qa-83,hybrid_growing_rag,0.6554768421138808,11.760699999285862,924.7471999988193,937.163376840219,one shared preloaded model
conv-47-qa-84,hybrid_growing_rag,0.6554768421138808,16.816499999549706,109.29819999728352,126.77017683894711,one shared preloaded model
conv-47-qa-85,hybrid_growing_rag,0.6554768421138808,20.400200002768543,166.18709999966086,187.24277684454327,one shared preloaded model
conv-47-qa-86,hybrid_growing_rag,0.6554768421138808,18.34180000150809,143.58899999933783,162.5862768429598,one shared preloaded model
conv-47-qa-87,hybrid_growing_rag,0.6554768421138808,20.141100001637824,222.95080000185408,243.74737684560577,one shared preloaded model
conv-47-qa-88,hybrid_growing_rag,0.6554768421138808,14.648899999883724,155.26890000182902,170.57327684382662,one shared preloaded model
conv-47-qa-89,hybrid_growing_rag,0.6554768421138808,14.668400002847193,334.10080000248854,349.42467684744963,one shared preloaded model
conv-47-qa-90,hybrid_growing_rag,0.6554768421138808,12.960000000020955,295.4929999978049,309.1084768399397,one shared preloaded model
conv-47-qa-91,hybrid_growing_rag,0.6554768421138808,16.578899998421548,364.44029999984195,381.6746768403774,one shared preloaded model
conv-47-qa-92,hybrid_growing_rag,0.6554768421138808,12.29339999918011,193.0197000001499,205.96857684144388,one shared preloaded model
conv-47-qa-93,hybrid_growing_rag,0.6554768421138808,14.194499999575783,160.2186999989499,175.06867684063954,one shared preloaded model
conv-47-qa-94,hybrid_growing_rag,0.6554768421138808,18.64170000044396,1303.6038000027474,1322.9009768453052,one shared preloaded model
conv-47-qa-95,hybrid_growing_rag,0.6554768421138808,12.83309999780613,82.21059999777935,95.69917683769937,one shared preloaded model
conv-47-qa-96,hybrid_growing_rag,0.6554768421138808,14.036100001248997,223.16649999993388,237.85807684329674,one shared preloaded model
conv-47-qa-97,hybrid_growing_rag,0.6554768421138808,12.310699999943608,1858.4800999997242,1871.4462768417816,one shared preloaded model
conv-47-qa-98,hybrid_growing_rag,0.6554768421138808,16.712200002075406,272.7764000010211,290.1440768452104,one shared preloaded model
conv-47-qa-99,hybrid_growing_rag,0.6554768421138808,13.906999996834202,438.83500000083586,453.39747683978396,one shared preloaded model
conv-47-qa-100,hybrid_growing_rag,0.6554768421138808,17.092699999921024,109.96519999753218,127.71337683956709,one shared preloaded model
conv-47-qa-101,hybrid_growing_rag,0.6554768421138808,21.357600002374966,155.97929999785265,177.99237684234149,one shared preloaded model
conv-47-qa-102,hybrid_growing_rag,0.6554768421138808,17.610099999728845,180.62889999782783,198.89447683967055,one shared preloaded model
conv-47-qa-103,hybrid_growing_rag,0.6554768421138808,18.718399998761015,205.9356999998272,225.30957684070208,one shared preloaded model
conv-47-qa-104,hybrid_growing_rag,0.6554768421138808,11.682899999868823,104.4378999977198,116.7762768397025,one shared preloaded model
conv-47-qa-105,hybrid_growing_rag,0.6554768421138808,20.54589999897871,433.68670000199927,454.8880768430919,one shared preloaded model
conv-47-qa-106,hybrid_growing_rag,0.6554768421138808,18.443099997966783,249.0405999997165,268.1391768397972,one shared preloaded model
conv-47-qa-107,hybrid_growing_rag,0.6554768421138808,16.292100001010112,738.886300001468,755.833876844592,one shared preloaded model
conv-47-qa-108,hybrid_growing_rag,0.6554768421138808,17.431599997507874,223.65759999956936,241.7446768391911,one shared preloaded model
conv-47-qa-109,hybrid_growing_rag,0.6554768421138808,15.230099998007063,160.13250000105472,176.01807684117566,one shared preloaded model
conv-47-qa-110,hybrid_growing_rag,0.6554768421138808,20.03789999798755,141.98969999779365,162.68307683789507,one shared preloaded model
conv-47-qa-111,hybrid_growing_rag,0.6554768421138808,21.30600000236882,430.6758999991871,452.6373768436698,one shared preloaded model
conv-47-qa-112,hybrid_growing_rag,0.6554768421138808,16.929699999309378,223.99650000079419,241.58167684221743,one shared preloaded model
conv-47-qa-113,hybrid_growing_rag,0.6554768421138808,15.892200000962475,104.90249999929802,121.45017684237438,one shared preloaded model
conv-47-qa-114,hybrid_growing_rag,0.6554768421138808,20.277100000384962,124.69780000174069,145.63037684423952,one shared preloaded model
conv-47-qa-115,hybrid_growing_rag,0.6554768421138808,18.680299999687122,247.50520000088727,266.8409768426883,one shared preloaded model
conv-47-qa-116,hybrid_growing_rag,0.6554768421138808,15.581999999994878,155.33200000209035,171.5694768441991,one shared preloaded model
conv-47-qa-117,hybrid_growing_rag,0.6554768421138808,20.282099998439662,595.0615000001562,615.9990768407098,one shared preloaded model
conv-47-qa-118,hybrid_growing_rag,0.6554768421138808,15.226599996822188,224.8777999993763,240.75987683831235,one shared preloaded model
conv-47-qa-119,hybrid_growing_rag,0.6554768421138808,15.726300000096671,386.9890000023588,403.3707768445694,one shared preloaded model
conv-47-qa-120,hybrid_growing_rag,0.6554768421138808,12.299399997573346,209.1097999982594,222.06467683794662,one shared preloaded model
conv-47-qa-121,hybrid_growing_rag,0.6554768421138808,14.181500002450775,221.3606000004802,236.19757684504484,one shared preloaded model
conv-47-qa-122,hybrid_growing_rag,0.6554768421138808,14.001100000314182,194.96259999868926,209.6191768411173,one shared preloaded model
conv-47-qa-123,hybrid_growing_rag,0.6554768421138808,14.496399999188725,159.5257999979367,174.6776768392393,one shared preloaded model
conv-47-qa-124,hybrid_growing_rag,0.6554768421138808,16.200300000491552,246.98560000251746,263.8413768451229,one shared preloaded model
conv-47-qa-125,hybrid_growing_rag,0.6554768421138808,19.53479999792762,160.64840000035474,180.83867684039623,one shared preloaded model
conv-47-qa-126,hybrid_growing_rag,0.6554768421138808,21.08600000065053,122.67839999913122,144.41987684189561,one shared preloaded model
conv-47-qa-127,hybrid_growing_rag,0.6554768421138808,17.034700002113823,345.58839999954216,363.2785768437699,one shared preloaded model
conv-47-qa-128,hybrid_growing_rag,0.6554768421138808,17.0719999987341,517.204200001288,534.931676842136,one shared preloaded model
conv-47-qa-129,hybrid_growing_rag,0.6554768421138808,16.24910000100499,220.27410000009695,237.1786768432158,one shared preloaded model
conv-47-qa-130,hybrid_growing_rag,0.6554768421138808,12.495400002080714,112.69989999709651,125.85077684129111,one shared preloaded model
conv-47-qa-131,hybrid_growing_rag,0.6554768421138808,17.537699997774325,120.40749999869149,138.6006768385797,one shared preloaded model
conv-47-qa-132,hybrid_growing_rag,0.6554768421138808,14.976200000091922,216.24460000020918,231.87627684241497,one shared preloaded model
conv-47-qa-133,hybrid_growing_rag,0.6554768421138808,12.618500000826316,89.18249999987893,102.45647684281913,one shared preloaded model
conv-47-qa-134,hybrid_growing_rag,0.6554768421138808,20.921500003169058,334.0828000000329,355.65977684531583,one shared preloaded model
conv-47-qa-135,hybrid_growing_rag,0.6554768421138808,17.027000001689885,117.29630000263569,134.97877684643944,one shared preloaded model
conv-47-qa-136,hybrid_growing_rag,0.6554768421138808,12.294799998926464,110.34300000028452,123.29327684132487,one shared preloaded model
conv-47-qa-137,hybrid_growing_rag,0.6554768421138808,16.970799999398878,168.81170000124257,186.43797684275532,one shared preloaded model
conv-47-qa-138,hybrid_growing_rag,0.6554768421138808,15.801100002136081,232.197699999233,248.65427684348296,one shared preloaded model
conv-47-qa-139,hybrid_growing_rag,0.6554768421138808,21.70250000199303,642.6240999971924,664.9820768412993,one shared preloaded model
conv-47-qa-140,hybrid_growing_rag,0.6554768421138808,14.803499998379266,620.3362999985984,635.7952768390916,one shared preloaded model
conv-47-qa-141,hybrid_growing_rag,0.6554768421138808,17.522800000733696,223.0511000016122,241.22937684445978,one shared preloaded model
conv-47-qa-142,hybrid_growing_rag,0.6554768421138808,14.960900000005495,364.996100001008,380.6124768431274,one shared preloaded model
conv-47-qa-143,hybrid_growing_rag,0.6554768421138808,11.896199997863732,157.20610000062152,169.75777684059912,one shared preloaded model
conv-47-qa-144,hybrid_growing_rag,0.6554768421138808,21.058099999208935,222.75779999836232,244.47137683968512,one shared preloaded model
conv-47-qa-145,hybrid_growing_rag,0.6554768421138808,12.015099997370271,458.1726999967941,470.8432768362783,one shared preloaded model
conv-47-qa-146,hybrid_growing_rag,0.6554768421138808,16.512099999090424,189.00010000288603,206.16767684409032,one shared preloaded model
conv-47-qa-147,hybrid_growing_rag,0.6554768421138808,14.120800002274336,127.882500000851,142.6587768452392,one shared preloaded model
conv-47-qa-148,hybrid_growing_rag,0.6554768421138808,20.03809999951045,225.02240000176243,245.71597684338676,one shared preloaded model
conv-47-qa-149,hybrid_growing_rag,0.6554768421138808,14.121300002443604,144.18319999822415,158.95997684278163,one shared preloaded model
conv-47-qa-150,hybrid_growing_rag,0.6554768421138808,17.781999998987885,209.74070000011125,228.178176841213,one shared preloaded model
conv-47-qa-151,hybrid_growing_rag,0.6554768421138808,13.959199997771066,225.14959999898565,239.7642768388706,one shared preloaded model
conv-47-qa-152,hybrid_growing_rag,0.6554768421138808,13.555599998653634,200.14000000082888,214.35107684159638,one shared preloaded model
conv-47-qa-153,hybrid_growing_rag,0.6554768421138808,13.93850000022212,190.28930000058608,204.88327684292207,one shared preloaded model
conv-47-qa-154,hybrid_growing_rag,0.6554768421138808,18.019600000116043,213.82040000025881,232.49547684248873,one shared preloaded model
conv-47-qa-155,hybrid_growing_rag,0.6554768421138808,12.962400000105845,370.0338999988162,383.65177684103594,one shared preloaded model
conv-47-qa-156,hybrid_growing_rag,0.6554768421138808,17.95940000010887,222.59560000020429,241.21047684242703,one shared preloaded model
conv-47-qa-157,hybrid_growing_rag,0.6554768421138808,14.001700001244899,230.9854000013729,245.64257684473168,one shared preloaded model
conv-47-qa-158,hybrid_growing_rag,0.6554768421138808,15.25709999987157,132.03140000041458,147.94397684240002,one shared preloaded model
conv-47-qa-159,hybrid_growing_rag,0.6554768421138808,19.78389999931096,183.30979999882402,203.74917684024885,one shared preloaded model
conv-47-qa-160,hybrid_growing_rag,0.6554768421138808,11.321100002533058,271.4293000026373,283.4058768472843,one shared preloaded model
conv-47-qa-161,hybrid_growing_rag,0.6554768421138808,17.631500002607936,223.2067000004463,241.4936768451681,one shared preloaded model
conv-47-qa-162,hybrid_growing_rag,0.6554768421138808,13.023700001213001,220.56750000047032,234.2466768437972,one shared preloaded model
conv-47-qa-163,hybrid_growing_rag,0.6554768421138808,16.46900000196183,222.0359000020835,239.1603768461592,one shared preloaded model
conv-47-qa-164,hybrid_growing_rag,0.6554768421138808,12.83279999915976,186.41000000206986,199.8982768433435,one shared preloaded model
conv-47-qa-165,hybrid_growing_rag,0.6554768421138808,15.047400000185007,180.89550000149757,196.59837684379644,one shared preloaded model
conv-47-qa-166,hybrid_growing_rag,0.6554768421138808,20.42300000175601,224.33489999821177,245.41337684208165,one shared preloaded model
conv-47-qa-167,hybrid_growing_rag,0.6554768421138808,12.115100002120016,154.64419999989332,167.4147768441272,one shared preloaded model
conv-47-qa-168,hybrid_growing_rag,0.6554768421138808,15.073899998242268,227.38570000001346,243.1150768403696,one shared preloaded model
conv-47-qa-169,hybrid_growing_rag,0.6554768421138808,19.10919999863836,221.20949999953154,240.97417684028377,one shared preloaded model
conv-47-qa-170,hybrid_growing_rag,0.6554768421138808,11.566299999685725,108.08339999857708,120.30517684037669,one shared preloaded model
conv-47-qa-171,hybrid_growing_rag,0.6554768421138808,20.600799998646835,165.97270000056596,187.22897684132667,one shared preloaded model
conv-47-qa-172,hybrid_growing_rag,0.6554768421138808,21.463999997649807,223.9676999997755,246.08717683953918,one shared preloaded model
conv-47-qa-173,hybrid_growing_rag,0.6554768421138808,12.75319999695057,248.0213000017102,261.42997684077466,one shared preloaded model
conv-47-qa-174,hybrid_growing_rag,0.6554768421138808,14.706999998452375,200.63160000063363,215.99407684119987,one shared preloaded model
conv-47-qa-175,hybrid_growing_rag,0.6554768421138808,14.428599999519065,171.74359999989974,186.82767684153268,one shared preloaded model
conv-47-qa-176,hybrid_growing_rag,0.6554768421138808,20.213600000715815,455.4468000023917,476.3158768452214,one shared preloaded model
conv-47-qa-177,hybrid_growing_rag,0.6554768421138808,12.60800000090967,101.70300000027055,114.9664768432941,one shared preloaded model
conv-47-qa-178,hybrid_growing_rag,0.6554768421138808,20.816100000956794,339.24910000132513,360.7206768443958,one shared preloaded model
conv-47-qa-179,hybrid_growing_rag,0.6554768421138808,17.029100003128406,161.1228999972809,178.8074768425232,one shared preloaded model
conv-47-qa-180,hybrid_growing_rag,0.6554768421138808,21.14350000192644,802.2171999982675,824.0161768423078,one shared preloaded model
conv-47-qa-181,hybrid_growing_rag,0.6554768421138808,12.766799998644274,222.0000000015716,235.42227684232975,one shared preloaded model
conv-47-qa-182,hybrid_growing_rag,0.6554768421138808,13.007400000788039,163.435100002971,177.09797684587292,one shared preloaded model
conv-47-qa-183,hybrid_growing_rag,0.6554768421138808,15.54759999999078,299.80739999882644,316.0104768409311,one shared preloaded model
conv-47-qa-184,hybrid_growing_rag,0.6554768421138808,17.3767999986012,222.01920000225073,240.0514768429658,one shared preloaded model
conv-47-qa-185,hybrid_growing_rag,0.6554768421138808,14.78299999871524,158.47930000018096,173.91777684101007,one shared preloaded model
conv-47-qa-186,hybrid_growing_rag,0.6554768421138808,13.668600000528386,162.6899000002595,177.01397684290177,one shared preloaded model
conv-47-qa-187,hybrid_growing_rag,0.6554768421138808,20.433300000149757,162.68199999831268,183.7707768405763,one shared preloaded model
conv-47-qa-188,hybrid_growing_rag,0.6554768421138808,13.976300000649644,386.9641000019328,401.59587684469636,one shared preloaded model
conv-47-qa-189,hybrid_growing_rag,0.6554768421138808,16.27110000117682,173.28339999949094,190.20997684278163,one shared preloaded model
conv-48-qa-0,hybrid_growing_rag,0.51762050208716,19.21539999966626,234.11380000106874,253.84682050282217,one shared preloaded model
conv-48-qa-1,hybrid_growing_rag,0.51762050208716,11.522400000103517,119.42749999798252,131.4675205001732,one shared preloaded model
conv-48-qa-2,hybrid_growing_rag,0.51762050208716,19.636800003354438,189.16520000129822,209.31962050673982,one shared preloaded model
conv-48-qa-3,hybrid_growing_rag,0.51762050208716,13.605100000859238,540.78010000012,554.9028205030664,one shared preloaded model
conv-48-qa-4,hybrid_growing_rag,0.51762050208716,14.561500000127126,223.2402000008733,238.3193205030876,one shared preloaded model
conv-48-qa-5,hybrid_growing_rag,0.51762050208716,11.588299999857554,76.5203000009933,88.62622050293801,one shared preloaded model
conv-48-qa-6,hybrid_growing_rag,0.51762050208716,18.996200000401586,222.98460000092746,242.4984205034162,one shared preloaded model
conv-48-qa-7,hybrid_growing_rag,0.51762050208716,12.228700001287507,160.131900000124,172.87822050349868,one shared preloaded model
conv-48-qa-8,hybrid_growing_rag,0.51762050208716,19.691100002091844,236.51149999932386,256.72022050350284,one shared preloaded model
conv-48-qa-9,hybrid_growing_rag,0.51762050208716,16.363499998988118,332.56660000188276,349.447720502958,one shared preloaded model
conv-48-qa-10,hybrid_growing_rag,0.51762050208716,18.452100001013605,159.58540000065113,178.5551205037519,one shared preloaded model
conv-48-qa-11,hybrid_growing_rag,0.51762050208716,18.96140000098967,222.33350000169594,241.81252050477278,one shared preloaded model
conv-48-qa-12,hybrid_growing_rag,0.51762050208716,11.777099996834295,170.40210000050138,182.69682049942284,one shared preloaded model
conv-48-qa-13,hybrid_growing_rag,0.51762050208716,19.888500002707588,251.8843999969249,272.29052050171964,one shared preloaded model
conv-48-qa-14,hybrid_growing_rag,0.51762050208716,12.140599999838741,204.22700000199256,216.88522050391848,one shared preloaded model
conv-48-qa-15,hybrid_growing_rag,0.51762050208716,13.15710000199033,106.35030000048573,120.02502050456322,one shared preloaded model
conv-48-qa-16,hybrid_growing_rag,0.51762050208716,19.308599999931175,159.51720000157366,179.343420503592,one shared preloaded model
conv-48-qa-17,hybrid_growing_rag,0.51762050208716,19.5224999988568,511.5617999981623,531.6019204991063,one shared preloaded model
conv-48-qa-18,hybrid_growing_rag,0.51762050208716,16.985700000077486,217.5865999997768,235.08992050194146,one shared preloaded model
conv-48-qa-19,hybrid_growing_rag,0.51762050208716,11.377200000424637,219.4822000019485,231.37702050446032,one shared preloaded model
conv-48-qa-20,hybrid_growing_rag,0.51762050208716,12.123399999836693,108.91149999952177,121.55252050144561,one shared preloaded model
conv-48-qa-21,hybrid_growing_rag,0.51762050208716,19.098600001598243,565.6299000002036,585.2461205038891,one shared preloaded model
conv-48-qa-22,hybrid_growing_rag,0.51762050208716,18.950000001495937,204.41869999922346,223.88632050280657,one shared preloaded model
conv-48-qa-23,hybrid_growing_rag,0.51762050208716,13.547800001106225,232.7062999975169,246.7717205007103,one shared preloaded model
conv-48-qa-24,hybrid_growing_rag,0.51762050208716,12.156799999502255,326.03780000135885,338.71222050294824,one shared preloaded model
conv-48-qa-25,hybrid_growing_rag,0.51762050208716,18.40040000024601,177.2595000002184,196.17752050255157,one shared preloaded model
conv-48-qa-26,hybrid_growing_rag,0.51762050208716,19.030300001759315,197.7824999994482,217.33042050329468,one shared preloaded model
conv-48-qa-27,hybrid_growing_rag,0.51762050208716,13.093300000036834,421.8293999983871,435.44032050051106,one shared preloaded model
conv-48-qa-28,hybrid_growing_rag,0.51762050208716,133.0143000013777,159.16930000093998,292.7012205044049,one shared preloaded model
conv-48-qa-29,hybrid_growing_rag,0.51762050208716,17.404700000042794,223.48970000166446,241.41202050379442,one shared preloaded model
conv-48-qa-30,hybrid_growing_rag,0.51762050208716,19.41439999791328,648.8812999996298,668.8133204996303,one shared preloaded model
conv-48-qa-31,hybrid_growing_rag,0.51762050208716,16.037800000049174,342.2699999973702,358.8254204995065,one shared preloaded model
conv-48-qa-32,hybrid_growing_rag,0.51762050208716,11.682500000461005,284.7299999993993,296.93012050194744,one shared preloaded model
conv-48-qa-33,hybrid_growing_rag,0.51762050208716,16.379299999243813,223.5340000006545,240.43092050198547,one shared preloaded model
conv-48-qa-34,hybrid_growing_rag,0.51762050208716,11.528600000019651,207.85659999819472,219.90282050030154,one shared preloaded model
conv-48-qa-35,hybrid_growing_rag,0.51762050208716,12.536300000647316,287.190200000623,300.24412050335746,one shared preloaded model
conv-48-qa-36,hybrid_growing_rag,0.51762050208716,15.601600000081817,223.01130000050762,239.1305205026766,one shared preloaded model
conv-48-qa-37,hybrid_growing_rag,0.51762050208716,14.41500000146334,474.2581999998947,489.1908205034452,one shared preloaded model
conv-48-qa-38,hybrid_growing_rag,0.51762050208716,17.257399998925393,364.36909999974887,382.1441205007614,one shared preloaded model
conv-48-qa-39,hybrid_growing_rag,0.51762050208716,16.74760000241804,223.61280000041006,240.87802050491527,one shared preloaded model
conv-48-qa-40,hybrid_growing_rag,0.51762050208716,13.171800001146039,220.4743000002054,234.1637205034386,one shared preloaded model
conv-48-qa-41,hybrid_growing_rag,0.51762050208716,13.847199999872828,436.86520000119344,451.2300205031534,one shared preloaded model
conv-48-qa-42,hybrid_growing_rag,0.51762050208716,16.32900000186055,437.03009999808273,453.8767205020304,one shared preloaded model
conv-48-qa-43,hybrid_growing_rag,0.51762050208716,11.996500001259847,225.53559999869321,238.04972050204023,one shared preloaded model
conv-48-qa-44,hybrid_growing_rag,0.51762050208716,15.600599999743281,194.66339999780757,210.78162049963802,one shared preloaded model
conv-48-qa-45,hybrid_growing_rag,0.51762050208716,11.34749999982887,224.46919999856618,236.33432050048222,one shared preloaded model
conv-48-qa-46,hybrid_growing_rag,0.51762050208716,15.120300002308795,226.73850000137463,242.3764205057706,one shared preloaded model
conv-48-qa-47,hybrid_growing_rag,0.51762050208716,15.880599999945844,169.05619999670307,185.45442049873608,one shared preloaded model
conv-48-qa-48,hybrid_growing_rag,0.51762050208716,20.239800000126706,223.77550000237534,244.5329205045892,one shared preloaded model
conv-48-qa-49,hybrid_growing_rag,0.51762050208716,12.910699999338249,233.23339999842574,246.66172049985116,one shared preloaded model
conv-48-qa-50,hybrid_growing_rag,0.51762050208716,14.392499997484265,225.3884999990987,240.29862049867015,one shared preloaded model
conv-48-qa-51,hybrid_growing_rag,0.51762050208716,12.631800000235671,349.39870000016526,362.5481205024881,one shared preloaded model
conv-48-qa-52,hybrid_growing_rag,0.51762050208716,11.947099999815691,218.9820999992662,231.44682050116907,one shared preloaded model
conv-48-qa-53,hybrid_growing_rag,0.51762050208716,15.250399999786168,506.11510000089766,521.883120502771,one shared preloaded model
conv-48-qa-54,hybrid_growing_rag,0.51762050208716,11.466299998573959,174.78219999975408,186.7661205004152,one shared preloaded model
conv-48-qa-55,hybrid_growing_rag,0.51762050208716,20.211300001392374,162.18059999664547,182.909520500125,one shared preloaded model
conv-48-qa-56,hybrid_growing_rag,0.51762050208716,18.18940000157454,575.6927000002179,594.3997205038796,one shared preloaded model
conv-48-qa-57,hybrid_growing_rag,0.51762050208716,13.456100001349114,201.0085000001709,214.98222050360718,one shared preloaded model
conv-48-qa-58,hybrid_growing_rag,0.51762050208716,15.01780000035069,157.37090000038734,172.9063205028252,one shared preloaded model
conv-48-qa-59,hybrid_growing_rag,0.51762050208716,14.807799998379778,209.00190000247676,224.3273205029437,one shared preloaded model
conv-48-qa-60,hybrid_growing_rag,0.51762050208716,15.399100000649923,525.310900000477,541.2276205032141,one shared preloaded model
conv-48-qa-61,hybrid_growing_rag,0.51762050208716,11.573099996894598,165.58459999941988,177.67532049840165,one shared preloaded model
conv-48-qa-62,hybrid_growing_rag,0.51762050208716,19.52059999894118,225.0551000033738,245.09332050440216,one shared preloaded model
conv-48-qa-63,hybrid_growing_rag,0.51762050208716,12.291999999433756,163.14649999912945,175.95612050065037,one shared preloaded model
conv-48-qa-64,hybrid_growing_rag,0.51762050208716,13.07230000020354,109.06570000224747,122.65562050453816,one shared preloaded model
conv-48-qa-65,hybrid_growing_rag,0.51762050208716,19.587200000387384,205.47020000230987,225.57502050478442,one shared preloaded model
conv-48-qa-66,hybrid_growing_rag,0.51762050208716,13.781800000288058,343.81930000017746,358.11872050255266,one shared preloaded model
conv-48-qa-67,hybrid_growing_rag,0.51762050208716,16.82280000022729,270.6798000035633,288.0202205058777,one shared preloaded model
conv-48-qa-68,hybrid_growing_rag,0.51762050208716,12.190400000690715,204.66669999950682,217.3747205022847,one shared preloaded model
conv-48-qa-69,hybrid_growing_rag,0.51762050208716,13.494300001184456,108.67429999780143,122.68622050107304,one shared preloaded model
conv-48-qa-70,hybrid_growing_rag,0.51762050208716,20.01630000086152,109.32889999821782,129.8628205011665,one shared preloaded model
conv-48-qa-71,hybrid_growing_rag,0.51762050208716,17.208699999173405,460.3659000022162,478.09222050347677,one shared preloaded model
conv-48-qa-72,hybrid_growing_rag,0.51762050208716,14.597499997762498,195.2567000007548,210.37182050060446,one shared preloaded model
conv-48-qa-73,hybrid_growing_rag,0.51762050208716,11.33779999872786,412.3558999999659,424.2113205007809,one shared preloaded model
conv-48-qa-74,hybrid_growing_rag,0.51762050208716,16.715000001568114,520.1053999990108,537.3380205026662,one shared preloaded model
conv-48-qa-75,hybrid_growing_rag,0.51762050208716,11.890399997355416,475.6074999968405,488.01552049628305,one shared preloaded model
conv-48-qa-76,hybrid_growing_rag,0.51762050208716,16.477400000439957,336.96990000316873,353.96492050569583,one shared preloaded model
conv-48-qa-77,hybrid_growing_rag,0.51762050208716,16.029899998102337,515.7920999990893,532.3396204992788,one shared preloaded model
conv-48-qa-78,hybrid_growing_rag,0.51762050208716,11.664800000289688,224.41189999881317,236.59432050119003,one shared preloaded model
conv-48-qa-79,hybrid_growing_rag,0.51762050208716,13.98239999980433,84.86620000257972,99.3662205044712,one shared preloaded model
conv-48-qa-80,hybrid_growing_rag,0.51762050208716,20.968799999536714,228.37079999953858,249.85722050116246,one shared preloaded model
conv-48-qa-81,hybrid_growing_rag,0.51762050208716,12.222999997902662,225.89510000034352,238.63572050033335,one shared preloaded model
conv-48-qa-82,hybrid_growing_rag,0.51762050208716,12.24490000095102,107.2379999968689,120.00052049990707,one shared preloaded model
conv-48-qa-83,hybrid_growing_rag,0.51762050208716,13.556099998822901,174.07099999763886,188.14472049854893,one shared preloaded model
conv-48-qa-84,hybrid_growing_rag,0.51762050208716,19.68479999777628,208.8977999992494,229.10022049911285,one shared preloaded model
conv-48-qa-85,hybrid_growing_rag,0.51762050208716,13.600899997982197,248.41030000243336,262.5288205025027,one shared preloaded model
conv-48-qa-86,hybrid_growing_rag,0.51762050208716,16.806699997687247,216.89080000214744,234.21512050192186,one shared preloaded model
conv-48-qa-87,hybrid_growing_rag,0.51762050208716,14.775100000406383,223.06319999916013,238.35592050165369,one shared preloaded model
conv-48-qa-88,hybrid_growing_rag,0.51762050208716,13.620300000184216,247.58289999954286,261.7208205018142,one shared preloaded model
conv-48-qa-89,hybrid_growing_rag,0.51762050208716,13.885899999877438,160.933399998612,175.3369205005766,one shared preloaded model
conv-48-qa-90,hybrid_growing_rag,0.51762050208716,18.10939999995753,191.77969999873312,210.40672050077782,one shared preloaded model
conv-48-qa-91,hybrid_growing_rag,0.51762050208716,15.98070000181906,428.6538999986078,445.152220502514,one shared preloaded model
conv-48-qa-92,hybrid_growing_rag,0.51762050208716,11.938200001168298,223.46400000242284,235.9198205056783,one shared preloaded model
conv-48-qa-93,hybrid_growing_rag,0.51762050208716,14.757600001757964,222.77549999853363,238.05072050237877,one shared preloaded model
conv-48-qa-94,hybrid_growing_rag,0.51762050208716,13.316599997779122,161.29430000000866,175.12852049987495,one shared preloaded model
conv-48-qa-95,hybrid_growing_rag,0.51762050208716,13.700600000447594,201.74079999924288,215.95902050177764,one shared preloaded model
conv-48-qa-96,hybrid_growing_rag,0.51762050208716,11.566999997739913,235.87330000009388,247.95792049992096,one shared preloaded model
conv-48-qa-97,hybrid_growing_rag,0.51762050208716,15.31780000004801,109.98470000049565,125.82012050263081,one shared preloaded model
conv-48-qa-98,hybrid_growing_rag,0.51762050208716,14.743799998541363,200.1390999976138,215.40052049824234,one shared preloaded model
conv-48-qa-99,hybrid_growing_rag,0.51762050208716,15.150299997912953,516.3017000013497,531.9696205013498,one shared preloaded model
conv-48-qa-100,hybrid_growing_rag,0.51762050208716,16.4331999985734,600.4418000011356,617.3926205017962,one shared preloaded model
conv-48-qa-101,hybrid_growing_rag,0.51762050208716,15.123699999094242,205.61889999953564,221.26022050071705,one shared preloaded model
conv-48-qa-102,hybrid_growing_rag,0.51762050208716,12.10229999924195,221.9117999993614,234.5317205006905,one shared preloaded model
conv-48-qa-103,hybrid_growing_rag,0.51762050208716,11.413199998060009,495.1290000026347,507.05982050278186,one shared preloaded model
conv-48-qa-104,hybrid_growing_rag,0.51762050208716,16.828600000735605,199.7680999993463,217.11432050216908,one shared preloaded model
conv-48-qa-105,hybrid_growing_rag,0.51762050208716,13.70640000095591,643.8320000015665,658.0560205046096,one shared preloaded model
conv-48-qa-106,hybrid_growing_rag,0.51762050208716,16.776199998275843,221.74829999858048,239.0421204989435,one shared preloaded model
conv-48-qa-107,hybrid_growing_rag,0.51762050208716,12.27629999993951,157.1938000015507,169.98772050357738,one shared preloaded model
conv-48-qa-108,hybrid_growing_rag,0.51762050208716,17.01820000016596,198.49629999953322,216.03212050178635,one shared preloaded model
conv-48-qa-109,hybrid_growing_rag,0.51762050208716,14.283000000432367,163.33989999839105,178.14052050091058,one shared preloaded model
conv-48-qa-110,hybrid_growing_rag,0.51762050208716,21.829500001331326,389.3329000020458,411.68002050546426,one shared preloaded model
conv-48-qa-111,hybrid_growing_rag,0.51762050208716,17.23870000205352,1238.360700001067,1256.1170205052076,one shared preloaded model
conv-48-qa-112,hybrid_growing_rag,0.51762050208716,18.84010000139824,214.4464999983029,233.8042205017883,one shared preloaded model
conv-48-qa-113,hybrid_growing_rag,0.51762050208716,13.45969999965746,199.54920000236598,213.5265205041106,one shared preloaded model
conv-48-qa-114,hybrid_growing_rag,0.51762050208716,14.027099998202175,346.35939999861876,360.90412049890807,one shared preloaded model
conv-48-qa-115,hybrid_growing_rag,0.51762050208716,12.573699998029042,160.4789000011806,173.5702205012968,one shared preloaded model
conv-48-qa-116,hybrid_growing_rag,0.51762050208716,19.650100002763793,513.4858000019449,533.6535205067959,one shared preloaded model
conv-48-qa-117,hybrid_growing_rag,0.51762050208716,13.344099999812897,427.9069000003801,441.76862050228016,one shared preloaded model
conv-48-qa-118,hybrid_growing_rag,0.51762050208716,13.397500002611196,102.85429999930784,116.76942050400619,one shared preloaded model
conv-48-qa-119,hybrid_growing_rag,0.51762050208716,16.88809999905061,524.2633000016212,541.669020502759,one shared preloaded model
conv-48-qa-120,hybrid_growing_rag,0.51762050208716,12.846999998146202,324.1881000030844,337.55272050331774,one shared preloaded model
conv-48-qa-121,hybrid_growing_rag,0.51762050208716,12.081100001523737,420.260100003361,432.8588205069719,one shared preloaded model
conv-48-qa-122,hybrid_growing_rag,0.51762050208716,18.093700000463286,268.0387000000337,286.65002050258414,one shared preloaded model
conv-48-qa-123,hybrid_growing_rag,0.51762050208716,19.670800000312738,312.2438000027614,332.4322205051613,one shared preloaded model
conv-48-qa-124,hybrid_growing_rag,0.51762050208716,16.53920000171638,303.9517999968666,321.00862050067013,one shared preloaded model
conv-48-qa-125,hybrid_growing_rag,0.51762050208716,12.575300002936274,136.12320000174805,149.2161205067715,one shared preloaded model
conv-48-qa-126,hybrid_growing_rag,0.51762050208716,20.414799997524824,162.39739999946323,183.32982049907523,one shared preloaded model
conv-48-qa-127,hybrid_growing_rag,0.51762050208716,21.101599999383325,387.4680000008084,409.08722050227885,one shared preloaded model
conv-48-qa-128,hybrid_growing_rag,0.51762050208716,14.788600001338637,702.0450000018172,717.3512205052431,one shared preloaded model
conv-48-qa-129,hybrid_growing_rag,0.51762050208716,12.654800000746036,161.79170000032173,174.96412050315493,one shared preloaded model
conv-48-qa-130,hybrid_growing_rag,0.51762050208716,19.887200000084704,503.13699999969685,523.5418205018688,one shared preloaded model
conv-48-qa-131,hybrid_growing_rag,0.51762050208716,16.849999999976717,173.56379999910132,190.9314205011652,one shared preloaded model
conv-48-qa-132,hybrid_growing_rag,0.51762050208716,20.20000000266009,188.93670000034035,209.6543205050876,one shared preloaded model
conv-48-qa-133,hybrid_growing_rag,0.51762050208716,13.303399999131216,225.446299999021,239.26732050023938,one shared preloaded model
conv-48-qa-134,hybrid_growing_rag,0.51762050208716,11.890599998878315,172.6699999999255,185.07822050089098,one shared preloaded model
conv-48-qa-135,hybrid_growing_rag,0.51762050208716,19.813599999906728,309.3933999989531,329.72462050094697,one shared preloaded model
conv-48-qa-136,hybrid_growing_rag,0.51762050208716,13.372900000831578,342.69099999801256,356.5815205009313,one shared preloaded model
conv-48-qa-137,hybrid_growing_rag,0.51762050208716,15.639700002793688,159.85039999941364,176.0077205042945,one shared preloaded model
conv-48-qa-138,hybrid_growing_rag,0.51762050208716,20.635000000766013,411.5447000003769,432.69732050323006,one shared preloaded model
conv-48-qa-139,hybrid_growing_rag,0.51762050208716,18.698899999435525,951.1332000001858,970.3497205017085,one shared preloaded model
conv-48-qa-140,hybrid_growing_rag,0.51762050208716,16.501599999173777,225.49549999894225,242.5147205002032,one shared preloaded model
conv-48-qa-141,hybrid_growing_rag,0.51762050208716,13.115300000208663,139.94349999848055,153.57642050077638,one shared preloaded model
conv-48-qa-142,hybrid_growing_rag,0.51762050208716,14.74660000167205,147.3258000005444,162.59002050430362,one shared preloaded model
conv-48-qa-143,hybrid_growing_rag,0.51762050208716,14.151700001093559,798.5733999994409,813.2427205026216,one shared preloaded model
conv-48-qa-144,hybrid_growing_rag,0.51762050208716,17.946500000107335,585.8752000021923,604.3393205043868,one shared preloaded model
conv-48-qa-145,hybrid_growing_rag,0.51762050208716,19.124200000078417,104.85909999988507,124.50092050205065,one shared preloaded model
conv-48-qa-146,hybrid_growing_rag,0.51762050208716,13.786600000457838,225.73840000040946,240.04262050295446,one shared preloaded model
conv-48-qa-147,hybrid_growing_rag,0.51762050208716,14.12730000083684,222.19509999922593,236.84002050214994,one shared preloaded model
conv-48-qa-148,hybrid_growing_rag,0.51762050208716,22.09969999967143,113.05549999815412,135.67282049991272,one shared preloaded model
conv-48-qa-149,hybrid_growing_rag,0.51762050208716,11.406699999497505,238.1695000003674,250.09382050195208,one shared preloaded model
conv-48-qa-150,hybrid_growing_rag,0.51762050208716,14.653500002168585,224.85909999886644,240.0302205031222,one shared preloaded model
conv-48-qa-151,hybrid_growing_rag,0.51762050208716,17.141500000434462,242.18280000059167,259.8419205031133,one shared preloaded model
conv-48-qa-152,hybrid_growing_rag,0.51762050208716,18.65130000078352,456.6564000015205,475.8253205043912,one shared preloaded model
conv-48-qa-153,hybrid_growing_rag,0.51762050208716,16.930699999647914,164.31930000180728,181.76762050354236,one shared preloaded model
conv-48-qa-154,hybrid_growing_rag,0.51762050208716,21.374400002969196,110.07809999864548,131.97012050370185,one shared preloaded model
conv-48-qa-155,hybrid_growing_rag,0.51762050208716,12.158699999417877,156.4317000011215,169.10802050262654,one shared preloaded model
conv-48-qa-156,hybrid_growing_rag,0.51762050208716,20.695100000011735,356.4165999996476,377.62932050174646,one shared preloaded model
conv-48-qa-157,hybrid_growing_rag,0.51762050208716,18.908600002760068,185.3798000011011,204.80602050594834,one shared preloaded model
conv-48-qa-158,hybrid_growing_rag,0.51762050208716,15.26459999877261,170.3417000026093,186.12392050346907,one shared preloaded model
conv-48-qa-159,hybrid_growing_rag,0.51762050208716,14.643499998783227,489.0092000023287,504.1703205031991,one shared preloaded model
conv-48-qa-160,hybrid_growing_rag,0.51762050208716,16.065899999375688,238.17489999782993,254.75842049929278,one shared preloaded model
conv-48-qa-161,hybrid_growing_rag,0.51762050208716,14.143100001092535,166.04290000032051,180.70362050350022,one shared preloaded model
conv-48-qa-162,hybrid_growing_rag,0.51762050208716,12.372000001050765,231.65049999806797,244.5401205012059,one shared preloaded model
conv-48-qa-163,hybrid_growing_rag,0.51762050208716,13.831500000378583,308.555300001899,322.90442050436474,one shared preloaded model
conv-48-qa-164,hybrid_growing_rag,0.51762050208716,19.05810000243946,199.62980000127573,219.20552050580235,one shared preloaded model
conv-48-qa-165,hybrid_growing_rag,0.51762050208716,14.852399999654153,111.58889999933308,126.95892050107439,one shared preloaded model
conv-48-qa-166,hybrid_growing_rag,0.51762050208716,19.870100000844104,159.9811000014597,180.36882050439098,one shared preloaded model
conv-48-qa-167,hybrid_growing_rag,0.51762050208716,21.510899998247623,223.1662000012875,245.1947205016223,one shared preloaded model
conv-48-qa-168,hybrid_growing_rag,0.51762050208716,12.744799998472445,373.37320000006,386.6356205006196,one shared preloaded model
conv-48-qa-169,hybrid_growing_rag,0.51762050208716,11.738199998944765,201.82539999950677,214.0812205005387,one shared preloaded model
conv-48-qa-170,hybrid_growing_rag,0.51762050208716,13.581100000010338,343.7610000000859,357.8597205021834,one shared preloaded model
conv-48-qa-171,hybrid_growing_rag,0.51762050208716,17.457699999795295,110.90100000001257,128.87632050189504,one shared preloaded model
conv-48-qa-172,hybrid_growing_rag,0.51762050208716,16.654399998515146,225.57480000250507,242.7468205031074,one shared preloaded model
conv-48-qa-173,hybrid_growing_rag,0.51762050208716,14.77829999930691,253.4111999993911,268.70712050078515,one shared preloaded model
conv-48-qa-174,hybrid_growing_rag,0.51762050208716,17.85559999916586,177.97169999903417,196.3449205002872,one shared preloaded model
conv-48-qa-175,hybrid_growing_rag,0.51762050208716,20.6938999981503,225.60389999853214,246.8154204987696,one shared preloaded model
conv-48-qa-176,hybrid_growing_rag,0.51762050208716,13.32170000023325,430.39049999788404,444.2298205002044,one shared preloaded model
conv-48-qa-177,hybrid_growing_rag,0.51762050208716,12.178000000858447,663.9843000011751,676.6799205041208,one shared preloaded model
conv-48-qa-178,hybrid_growing_rag,0.51762050208716,16.05340000241995,991.3779000016802,1007.9489205061874,one shared preloaded model
conv-48-qa-179,hybrid_growing_rag,0.51762050208716,16.59289999952307,222.00159999920288,239.11212050081312,one shared preloaded model
conv-48-qa-180,hybrid_growing_rag,0.51762050208716,16.342899998562643,199.7321999988344,216.59272049948422,one shared preloaded model
conv-48-qa-181,hybrid_growing_rag,0.51762050208716,13.4089999992284,149.78070000142907,163.70732050274464,one shared preloaded model
conv-48-qa-182,hybrid_growing_rag,0.51762050208716,18.488699999579694,428.16120000134106,447.1675205030079,one shared preloaded model
conv-48-qa-183,hybrid_growing_rag,0.51762050208716,13.17170000038459,1131.8230999968364,1145.512420499308,one shared preloaded model
conv-48-qa-184,hybrid_growing_rag,0.51762050208716,13.30950000192388,169.69949999838718,183.52662050239823,one shared preloaded model
conv-48-qa-185,hybrid_growing_rag,0.51762050208716,19.315199999255128,109.02330000317306,128.85612050451536,one shared preloaded model
conv-48-qa-186,hybrid_growing_rag,0.51762050208716,19.96050000161631,223.950399999012,244.4285205027155,one shared preloaded model
conv-48-qa-187,hybrid_growing_rag,0.51762050208716,12.300800000957679,132.139700002881,144.95812050592585,one shared preloaded model
conv-48-qa-188,hybrid_growing_rag,0.51762050208716,16.64090000122087,216.29759999996168,233.45612050326972,one shared preloaded model
conv-48-qa-189,hybrid_growing_rag,0.51762050208716,14.082900001085363,160.1464000013948,174.74692050456733,one shared preloaded model
conv-48-qa-190,hybrid_growing_rag,0.51762050208716,20.047099998919293,698.1526000017766,718.7173205027831,one shared preloaded model
conv-48-qa-191,hybrid_growing_rag,0.51762050208716,11.644199999864213,225.63960000115912,237.8014205031105,one shared preloaded model
conv-48-qa-192,hybrid_growing_rag,0.51762050208716,14.44670000273618,323.7378000012541,338.7021205060774,one shared preloaded model
conv-48-qa-193,hybrid_growing_rag,0.51762050208716,11.56020000053104,178.11259999871254,190.19042050133075,one shared preloaded model
conv-48-qa-194,hybrid_growing_rag,0.51762050208716,18.950300000142306,200.1233000009961,219.59122050322557,one shared preloaded model
conv-48-qa-195,hybrid_growing_rag,0.51762050208716,13.503800000762567,204.5045000013488,218.52592050419852,one shared preloaded model
conv-48-qa-196,hybrid_growing_rag,0.51762050208716,13.433100000838749,303.0615999996371,317.012320502563,one shared preloaded model
conv-48-qa-197,hybrid_growing_rag,0.51762050208716,13.510700002370868,223.5573999969347,237.58572050139273,one shared preloaded model
conv-48-qa-198,hybrid_growing_rag,0.51762050208716,14.32310000018333,703.5482999999658,718.3890205022363,one shared preloaded model
conv-48-qa-199,hybrid_growing_rag,0.51762050208716,12.480600002163555,192.86250000004657,205.8607205042973,one shared preloaded model
conv-48-qa-200,hybrid_growing_rag,0.51762050208716,14.143600001261802,275.9654999972554,290.62672050060434,one shared preloaded model
conv-48-qa-201,hybrid_growing_rag,0.51762050208716,11.428299996623537,245.26129999867408,257.20722049738475,one shared preloaded model
conv-48-qa-202,hybrid_growing_rag,0.51762050208716,14.93300000220188,227.0566000006511,242.50722050494014,one shared preloaded model
conv-48-qa-203,hybrid_growing_rag,0.51762050208716,15.822500001377193,154.7141000010015,171.05422050446586,one shared preloaded model
conv-48-qa-204,hybrid_growing_rag,0.51762050208716,19.63419999810867,264.7184000015841,284.8702205017799,one shared preloaded model
conv-48-qa-205,hybrid_growing_rag,0.51762050208716,15.00579999992624,224.83389999979408,240.3573205018075,one shared preloaded model
conv-48-qa-206,hybrid_growing_rag,0.51762050208716,11.59659999757423,225.96899999916786,238.08322049882926,one shared preloaded model
conv-48-qa-207,hybrid_growing_rag,0.51762050208716,14.04510000065784,166.16400000202702,180.72672050477203,one shared preloaded model
conv-48-qa-208,hybrid_growing_rag,0.51762050208716,14.659899999969639,199.26399999894784,214.44152050100465,one shared preloaded model
conv-48-qa-209,hybrid_growing_rag,0.51762050208716,16.141500000230735,230.51470000064,247.1738205029579,one shared preloaded model
conv-48-qa-210,hybrid_growing_rag,0.51762050208716,13.271600000734907,280.2320000009786,294.02122050380063,one shared preloaded model
conv-48-qa-211,hybrid_growing_rag,0.51762050208716,15.325299998949049,219.0694999990228,234.91242050005903,one shared preloaded model
conv-48-qa-212,hybrid_growing_rag,0.51762050208716,13.750499998423038,160.14569999970263,174.41382050021284,one shared preloaded model
conv-48-qa-213,hybrid_growing_rag,0.51762050208716,18.824999999196734,278.78340000097523,298.1260205022591,one shared preloaded model
conv-48-qa-214,hybrid_growing_rag,0.51762050208716,13.630599998577964,224.7570999970776,238.90532049774274,one shared preloaded model
conv-48-qa-215,hybrid_growing_rag,0.51762050208716,14.228699998056982,595.1872999976331,609.9336204977773,one shared preloaded model
conv-48-qa-216,hybrid_growing_rag,0.51762050208716,16.944399998465087,929.9787999989348,947.4408204994871,one shared preloaded model
conv-48-qa-217,hybrid_growing_rag,0.51762050208716,12.187699998321477,159.46640000038315,172.1717205007918,one shared preloaded model
conv-48-qa-218,hybrid_growing_rag,0.51762050208716,20.302500000980217,223.55980000065756,244.37992050372495,one shared preloaded model
conv-48-qa-219,hybrid_growing_rag,0.51762050208716,14.431300001888303,173.94140000033076,188.89032050430623,one shared preloaded model
conv-48-qa-220,hybrid_growing_rag,0.51762050208716,20.600699997885386,231.86129999885452,252.97962049882707,one shared preloaded model
conv-48-qa-221,hybrid_growing_rag,0.51762050208716,14.235100003133994,226.4641000001575,241.21682050537865,one shared preloaded model
conv-48-qa-222,hybrid_growing_rag,0.51762050208716,16.862499996932456,483.5564999993949,500.93662049841447,one shared preloaded model
conv-48-qa-223,hybrid_growing_rag,0.51762050208716,16.55639999808045,225.31639999942854,242.39042049959616,one shared preloaded model
conv-48-qa-224,hybrid_growing_rag,0.51762050208716,24.338999999599764,177.51809999754187,202.3747204992288,one shared preloaded model
conv-48-qa-225,hybrid_growing_rag,0.51762050208716,11.181999998370884,203.04570000007516,214.7453205005332,one shared preloaded model
conv-48-qa-226,hybrid_growing_rag,0.51762050208716,15.919599998596823,221.8075000018871,238.24472050257108,one shared preloaded model
conv-48-qa-227,hybrid_growing_rag,0.51762050208716,16.81309999912628,112.71460000352818,130.04532050474162,one shared preloaded model
conv-48-qa-228,hybrid_growing_rag,0.51762050208716,19.771100000070874,160.7529999964754,181.04172049863345,one shared preloaded model
conv-48-qa-229,hybrid_growing_rag,0.51762050208716,11.888700002600672,335.4280999992625,347.8344205039503,one shared preloaded model
conv-48-qa-230,hybrid_growing_rag,0.51762050208716,16.7622000008123,224.27460000108113,241.5544205039806,one shared preloaded model
conv-48-qa-231,hybrid_growing_rag,0.51762050208716,14.625200001319172,225.5704000017431,240.71322050514945,one shared preloaded model
conv-48-qa-232,hybrid_growing_rag,0.51762050208716,15.013399999588728,221.16080000341753,236.69182050509343,one shared preloaded model
conv-48-qa-233,hybrid_growing_rag,0.51762050208716,12.360099997749785,888.783099999273,901.66082049911,one shared preloaded model
conv-48-qa-234,hybrid_growing_rag,0.51762050208716,15.865800000028685,221.82529999918188,238.20872050129773,one shared preloaded model
conv-48-qa-235,hybrid_growing_rag,0.51762050208716,12.688399998296518,210.48059999884572,223.6866204992294,one shared preloaded model
conv-48-qa-236,hybrid_growing_rag,0.51762050208716,13.797600000543753,197.09010000224225,211.40532050487317,one shared preloaded model
conv-48-qa-237,hybrid_growing_rag,0.51762050208716,14.332500002637971,168.1957999971928,183.04592050191795,one shared preloaded model
conv-48-qa-238,hybrid_growing_rag,0.51762050208716,21.602599998004735,224.69619999901624,246.81642049910815,one shared preloaded model
conv-49-qa-0,hybrid_growing_rag,0.5189744898063732,17.156099998828722,231.0189999989234,248.69407448755848,one shared preloaded model
conv-49-qa-1,hybrid_growing_rag,0.5189744898063732,12.966899997991277,231.6011000002618,245.08697448805944,one shared preloaded model
conv-49-qa-2,hybrid_growing_rag,0.5189744898063732,13.5392000011052,176.68500000218046,190.74317449309203,one shared preloaded model
conv-49-qa-3,hybrid_growing_rag,0.5189744898063732,17.262299999856623,123.65969999882509,141.44097448848808,one shared preloaded model
conv-49-qa-4,hybrid_growing_rag,0.5189744898063732,17.239600001630606,419.80180000246037,437.56037449389737,one shared preloaded model
conv-49-qa-5,hybrid_growing_rag,0.5189744898063732,15.146400000958238,227.80339999735588,243.4687744881205,one shared preloaded model
conv-49-qa-6,hybrid_growing_rag,0.5189744898063732,13.978900002257433,203.60950000031153,218.10737449237533,one shared preloaded model
conv-49-qa-7,hybrid_growing_rag,0.5189744898063732,11.57940000121016,111.82780000308412,123.92617449410065,one shared preloaded model
conv-49-qa-8,hybrid_growing_rag,0.5189744898063732,18.094700000801822,214.11319999970146,232.72687449030965,one shared preloaded model
conv-49-qa-9,hybrid_growing_rag,0.5189744898063732,11.791100001573795,346.83330000189017,359.14337449327036,one shared preloaded model
conv-49-qa-10,hybrid_growing_rag,0.5189744898063732,14.861200001178076,239.8819000009098,255.26207449189425,one shared preloaded model
conv-49-qa-11,hybrid_growing_rag,0.5189744898063732,16.73579999987851,226.79559999960475,244.05037448928962,one shared preloaded model
conv-49-qa-12,hybrid_growing_rag,0.5189744898063732,14.396900001884205,276.18989999973564,291.10577449142625,one shared preloaded model
conv-49-qa-13,hybrid_growing_rag,0.5189744898063732,14.76580000235117,318.0554000027769,333.34017449493444,one shared preloaded model
conv-49-qa-14,hybrid_growing_rag,0.5189744898063732,10.37480000013602,157.2383999991871,168.13217448912948,one shared preloaded model
conv-49-qa-15,hybrid_growing_rag,0.5189744898063732,17.985700000281213,252.0468999973673,270.5515744874549,one shared preloaded model
conv-49-qa-16,hybrid_growing_rag,0.5189744898063732,15.018699999927776,200.8021000001463,216.33977448988045,one shared preloaded model
conv-49-qa-17,hybrid_growing_rag,0.5189744898063732,13.16450000012992,535.1181000005454,548.8015744904817,one shared preloaded model
conv-49-qa-18,hybrid_growing_rag,0.5189744898063732,14.079500000661938,161.84789999897475,176.44637448944306,one shared preloaded model
conv-49-qa-19,hybrid_growing_rag,0.5189744898063732,19.35099999900558,310.9621000003244,330.8320744891364,one shared preloaded model
conv-49-qa-20,hybrid_growing_rag,0.5189744898063732,11.612400001467904,160.145999998349,172.27737448962327,one shared preloaded model
conv-49-qa-21,hybrid_growing_rag,0.5189744898063732,13.172800001484575,440.8752999988792,454.56707449017017,one shared preloaded model
conv-49-qa-22,hybrid_growing_rag,0.5189744898063732,12.745200001518242,163.7747999993735,177.0389744906981,one shared preloaded model
conv-49-qa-23,hybrid_growing_rag,0.5189744898063732,17.493899998953566,488.5119999999006,506.52487448866054,one shared preloaded model
conv-49-qa-24,hybrid_growing_rag,0.5189744898063732,11.946600003284402,223.73529999822495,236.20087449131572,one shared preloaded model
conv-49-qa-25,hybrid_growing_rag,0.5189744898063732,11.505399997986387,226.5016999990621,238.52607448685487,one shared preloaded model
conv-49-qa-26,hybrid_growing_rag,0.5189744898063732,10.22469999952591,275.49569999973755,286.23937448906986,one shared preloaded model
conv-49-qa-27,hybrid_growing_rag,0.5189744898063732,14.93789999949513,130.78479999967385,146.24167448897535,one shared preloaded model
conv-49-qa-28,hybrid_growing_rag,0.5189744898063732,12.737400000332855,321.21530000222265,334.4716744923619,one shared preloaded model
conv-49-qa-29,hybrid_growing_rag,0.5189744898063732,16.24889999948209,200.75759999963338,217.52547448892184,one shared preloaded model
conv-49-qa-30,hybrid_growing_rag,0.5189744898063732,11.656899998342851,203.32459999917774,215.50047448732695,one shared preloaded model
conv-49-qa-31,hybrid_growing_rag,0.5189744898063732,17.363499999191845,231.39440000159084,249.27687449058905,one shared preloaded model
conv-49-qa-32,hybrid_growing_rag,0.5189744898063732,12.752200000250014,226.20259999894188,239.47377448899826,one shared preloaded model
conv-49-qa-33,hybrid_growing_rag,0.5189744898063732,10.208700001385296,370.7055000013497,381.4331744925414,one shared preloaded model
conv-49-qa-34,hybrid_growing_rag,0.5189744898063732,10.807200000272132,803.1226999992214,814.4488744892999,one shared preloaded model
conv-49-qa-35,hybrid_growing_rag,0.5189744898063732,13.056100000540027,346.2080999997852,359.7831744901316,one shared preloaded model
conv-49-qa-36,hybrid_growing_rag,0.5189744898063732,14.220000000932487,237.26929999975255,252.0082744904914,one shared preloaded model
conv-49-qa-37,hybrid_growing_rag,0.5189744898063732,14.86260000092443,151.77240000048187,167.15397449121267,one shared preloaded model
conv-49-qa-38,hybrid_growing_rag,0.5189744898063732,18.7435000007099,273.6713000012969,292.9337744918132,one shared preloaded model
conv-49-qa-39,hybrid_growing_rag,0.5189744898063732,11.01120000021183,157.6881000000867,169.2182744901049,one shared preloaded model
conv-49-qa-40,hybrid_growing_rag,0.5189744898063732,17.372499998600688,202.0382000009704,219.92967448937745,one shared preloaded model
conv-49-qa-41,hybrid_growing_rag,0.5189744898063732,11.62290000138455,157.76589999950374,169.90777449069466,one shared preloaded model
conv-49-qa-42,hybrid_growing_rag,0.5189744898063732,12.83770000009099,204.99460000064573,218.3512744905431,one shared preloaded model
conv-49-qa-43,hybrid_growing_rag,0.5189744898063732,12.20130000001518,225.95229999933508,238.67257448915663,one shared preloaded model
conv-49-qa-44,hybrid_growing_rag,0.5189744898063732,11.933100002352148,138.0037999988417,150.45587449100023,one shared preloaded model
conv-49-qa-45,hybrid_growing_rag,0.5189744898063732,17.71750000261818,226.1015000003681,244.33797449279265,one shared preloaded model
conv-49-qa-46,hybrid_growing_rag,0.5189744898063732,14.456799999607028,706.2019000004511,721.1776744898646,one shared preloaded model
conv-49-qa-47,hybrid_growing_rag,0.5189744898063732,13.692400003492367,353.57139999905485,367.7827744923536,one shared preloaded model
conv-49-qa-48,hybrid_growing_rag,0.5189744898063732,14.627600001404062,305.2403999972739,320.3869744884844,one shared preloaded model
conv-49-qa-49,hybrid_growing_rag,0.5189744898063732,13.706800000363728,274.40109999952256,288.6268744896927,one shared preloaded model
conv-49-qa-50,hybrid_growing_rag,0.5189744898063732,10.667700000340119,217.8204999981972,229.00717448834368,one shared preloaded model
conv-49-qa-51,hybrid_growing_rag,0.5189744898063732,12.28840000112541,225.6057000013243,238.41307449225607,one shared preloaded model
conv-49-qa-52,hybrid_growing_rag,0.5189744898063732,12.52310000199941,135.62850000016624,148.67057449197202,one shared preloaded model
conv-49-qa-53,hybrid_growing_rag,0.5189744898063732,17.671100002189633,499.9553999987256,518.1454744907217,one shared preloaded model
conv-49-qa-54,hybrid_growing_rag,0.5189744898063732,11.188299999048468,213.00219999830006,224.7094744871549,one shared preloaded model
conv-49-qa-55,hybrid_growing_rag,0.5189744898063732,10.73059999907855,173.2308999999077,184.48047448879262,one shared preloaded model
conv-49-qa-56,hybrid_growing_rag,0.5189744898063732,12.834600001951912,266.1569999982021,279.5105744899604,one shared preloaded model
conv-49-qa-57,hybrid_growing_rag,0.5189744898063732,14.979899999161717,224.30399999939254,239.80287448836063,one shared preloaded model
conv-49-qa-58,hybrid_growing_rag,0.5189744898063732,10.04800000009709,201.93080000171904,212.4977744916225,one shared preloaded model
conv-49-qa-59,hybrid_growing_rag,0.5189744898063732,12.628199998289347,514.6869999989576,527.8341744870534,one shared preloaded model
conv-49-qa-60,hybrid_growing_rag,0.5189744898063732,14.398800001799827,160.43940000236034,175.35717449396654,one shared preloaded model
conv-49-qa-61,hybrid_growing_rag,0.5189744898063732,17.78329999797279,223.87869999874965,242.1809744865288,one shared preloaded model
conv-49-qa-62,hybrid_growing_rag,0.5189744898063732,10.300499998265877,1280.8277000003727,1291.647174488445,one shared preloaded model
conv-49-qa-63,hybrid_growing_rag,0.5189744898063732,13.697800000954885,225.0290000010864,239.24577449184764,one shared preloaded model
conv-49-qa-64,hybrid_growing_rag,0.5189744898063732,13.250200001493795,229.55410000213305,243.32327449343322,one shared preloaded model
conv-49-qa-65,hybrid_growing_rag,0.5189744898063732,13.70889999816427,116.39990000185207,130.6277744898227,one shared preloaded model
conv-49-qa-66,hybrid_growing_rag,0.5189744898063732,17.431899999792222,512.4154000004637,530.3662744900623,one shared preloaded model
conv-49-qa-67,hybrid_growing_rag,0.5189744898063732,14.651299999968614,511.03060000241385,526.2008744921889,one shared preloaded model
conv-49-qa-68,hybrid_growing_rag,0.5189744898063732,14.002500000060536,165.48150000016904,180.00297449003594,one shared preloaded model
conv-49-qa-69,hybrid_growing_rag,0.5189744898063732,16.651100002491148,812.3574999990524,829.5275744913499,one shared preloaded model
conv-49-qa-70,hybrid_growing_rag,0.5189744898063732,11.398500002542278,108.7325000007695,120.64997449311815,one shared preloaded model
conv-49-qa-71,hybrid_growing_rag,0.5189744898063732,11.048000000300817,210.5876999994507,222.1546744895579,one shared preloaded model
conv-49-qa-72,hybrid_growing_rag,0.5189744898063732,13.25619999988703,202.45900000008987,216.23417448978327,one shared preloaded model
conv-49-qa-73,hybrid_growing_rag,0.5189744898063732,10.688700000173412,161.0722999976133,172.27997448759308,one shared preloaded model
conv-49-qa-74,hybrid_growing_rag,0.5189744898063732,17.682000001514098,382.4048999995284,400.6058744908489,one shared preloaded model
conv-49-qa-75,hybrid_growing_rag,0.5189744898063732,14.341699999931734,614.9971000013466,629.8577744910847,one shared preloaded model
conv-49-qa-76,hybrid_growing_rag,0.5189744898063732,10.779599997476907,288.45199999705073,299.75057448433404,one shared preloaded model
conv-49-qa-77,hybrid_growing_rag,0.5189744898063732,10.731099999247817,231.89990000173566,243.14997449078984,one shared preloaded model
conv-49-qa-78,hybrid_growing_rag,0.5189744898063732,11.709999998856802,108.34130000148434,120.57027449014751,one shared preloaded model
conv-49-qa-79,hybrid_growing_rag,0.5189744898063732,18.430700001772493,148.1376999981876,167.08737448976646,one shared preloaded model
conv-49-qa-80,hybrid_growing_rag,0.5189744898063732,17.406599999958416,363.377000001492,381.3025744912568,one shared preloaded model
conv-49-qa-81,hybrid_growing_rag,0.5189744898063732,10.315100000298116,161.58070000165026,172.41477449175474,one shared preloaded model
conv-49-qa-82,hybrid_growing_rag,0.5189744898063732,12.792200002877507,166.66029999760212,179.971474490286,one shared preloaded model
conv-49-qa-83,hybrid_growing_rag,0.5189744898063732,12.035700001433725,172.94489999767393,185.49957448891402,one shared preloaded model
conv-49-qa-84,hybrid_growing_rag,0.5189744898063732,12.822900000173831,235.87459999907878,249.21647448905898,one shared preloaded model
conv-49-qa-85,hybrid_growing_rag,0.5189744898063732,13.602600000012899,1200.4030999996758,1214.524674489495,one shared preloaded model
conv-49-qa-86,hybrid_growing_rag,0.5189744898063732,14.632499998697313,535.5490000001737,550.7004744886774,one shared preloaded model
conv-49-qa-87,hybrid_growing_rag,0.5189744898063732,15.356100000644801,162.91890000138665,178.79397449183782,one shared preloaded model
conv-49-qa-88,hybrid_growing_rag,0.5189744898063732,17.48349999979837,234.40260000279523,252.40507449239996,one shared preloaded model
conv-49-qa-89,hybrid_growing_rag,0.5189744898063732,12.100999996619066,297.32069999954547,309.94067448597093,one shared preloaded model
conv-49-qa-90,hybrid_growing_rag,0.5189744898063732,14.67650000267895,317.49330000093323,332.6887744934186,one shared preloaded model
conv-49-qa-91,hybrid_growing_rag,0.5189744898063732,14.658899999631103,236.60909999671276,251.78697448615023,one shared preloaded model
conv-49-qa-92,hybrid_growing_rag,0.5189744898063732,11.263500000495696,223.36269999868819,235.14517448899025,one shared preloaded model
conv-49-qa-93,hybrid_growing_rag,0.5189744898063732,10.116500001458917,518.4281000001647,529.06357449143,one shared preloaded model
conv-49-qa-94,hybrid_growing_rag,0.5189744898063732,14.893400002620183,249.75389999963227,265.16627449205885,one shared preloaded model
conv-49-qa-95,hybrid_growing_rag,0.5189744898063732,11.74699999683071,160.40290000091773,172.6688744875548,one shared preloaded model
conv-49-qa-96,hybrid_growing_rag,0.5189744898063732,17.203599996719277,452.3479999988922,470.07057448541786,one shared preloaded model
conv-49-qa-97,hybrid_growing_rag,0.5189744898063732,17.368599998007994,914.8346000001766,932.722174487991,one shared preloaded model
conv-49-qa-98,hybrid_growing_rag,0.5189744898063732,14.29920000009588,106.20180000114487,121.01997449104712,one shared preloaded model
conv-49-qa-99,hybrid_growing_rag,0.5189744898063732,17.699399999401066,195.54700000298908,213.76537449219651,one shared preloaded model
conv-49-qa-100,hybrid_growing_rag,0.5189744898063732,12.384199999360135,167.9468000002089,180.8499744893754,one shared preloaded model
conv-49-qa-101,hybrid_growing_rag,0.5189744898063732,12.953500001458451,203.23540000026696,216.70787449153178,one shared preloaded model
conv-49-qa-102,hybrid_growing_rag,0.5189744898063732,12.267399997654138,165.52410000076634,178.31047448822684,one shared preloaded model
conv-49-qa-103,hybrid_growing_rag,0.5189744898063732,15.253399997163797,136.7590999980166,152.53147448498677,one shared preloaded model
conv-49-qa-104,hybrid_growing_rag,0.5189744898063732,18.70730000155163,354.1619999996328,373.38827449099085,one shared preloaded model
conv-49-qa-105,hybrid_growing_rag,0.5189744898063732,14.751800001249649,174.87030000120285,190.14107449225887,one shared preloaded model
conv-49-qa-106,hybrid_growing_rag,0.5189744898063732,18.73140000316198,840.2695000004314,859.5198744933998,one shared preloaded model
conv-49-qa-107,hybrid_growing_rag,0.5189744898063732,10.626600000250619,168.04970000157482,179.1952744916318,one shared preloaded model
conv-49-qa-108,hybrid_growing_rag,0.5189744898063732,17.618000001675682,199.99989999996615,218.1368744914482,one shared preloaded model
conv-49-qa-109,hybrid_growing_rag,0.5189744898063732,11.97419999880367,195.1227999998082,207.61597448841823,one shared preloaded model
conv-49-qa-110,hybrid_growing_rag,0.5189744898063732,11.81670000005397,208.97580000018934,221.31147449004968,one shared preloaded model
conv-49-qa-111,hybrid_growing_rag,0.5189744898063732,12.234499998157844,151.56220000062604,164.31567448859025,one shared preloaded model
conv-49-qa-112,hybrid_growing_rag,0.5189744898063732,18.40489999813144,240.28489999909652,259.20877448703436,one shared preloaded model
conv-49-qa-113,hybrid_growing_rag,0.5189744898063732,13.904100000218023,208.10919999712496,222.53227448714935,one shared preloaded model
conv-49-qa-114,hybrid_growing_rag,0.5189744898063732,12.108099999750266,117.96379999941564,130.59087448897228,one shared preloaded model
conv-49-qa-115,hybrid_growing_rag,0.5189744898063732,12.413399999786634,111.03740000180551,123.96977449139851,one shared preloaded model
conv-49-qa-116,hybrid_growing_rag,0.5189744898063732,11.608800003159558,219.77659999902244,231.90437449198836,one shared preloaded model
conv-49-qa-117,hybrid_growing_rag,0.5189744898063732,12.066699997376418,314.07430000035674,326.65997448753956,one shared preloaded model
conv-49-qa-118,hybrid_growing_rag,0.5189744898063732,10.13260000036098,495.7897000022058,506.44127449237317,one shared preloaded model
conv-49-qa-119,hybrid_growing_rag,0.5189744898063732,13.76420000087819,222.52379999918048,236.80697448986504,one shared preloaded model
conv-49-qa-120,hybrid_growing_rag,0.5189744898063732,10.634899997967295,493.8021000016306,504.9559744894043,one shared preloaded model
conv-49-qa-121,hybrid_growing_rag,0.5189744898063732,10.837999998329906,147.98459999656188,159.34157448469816,one shared preloaded model
conv-49-qa-122,hybrid_growing_rag,0.5189744898063732,17.36480000181473,234.03349999716738,251.91727448878848,one shared preloaded model
conv-49-qa-123,hybrid_growing_rag,0.5189744898063732,14.409100000193575,224.41580000304384,239.34387449304378,one shared preloaded model
conv-49-qa-124,hybrid_growing_rag,0.5189744898063732,10.309000001143431,180.52700000043842,191.35497449138822,one shared preloaded model
conv-49-qa-125,hybrid_growing_rag,0.5189744898063732,9.96350000059465,235.72039999999106,246.20287449039208,one shared preloaded model
conv-49-qa-126,hybrid_growing_rag,0.5189744898063732,13.184200000978308,275.02390000154264,288.72707449232735,one shared preloaded model
conv-49-qa-127,hybrid_growing_rag,0.5189744898063732,9.942500000761356,649.0579999990587,659.5194744896264,one shared preloaded model
conv-49-qa-128,hybrid_growing_rag,0.5189744898063732,11.083200002758531,492.7467000015895,504.3488744941544,one shared preloaded model
conv-49-qa-129,hybrid_growing_rag,0.5189744898063732,15.143799999350449,359.7540000009758,375.41677449013264,one shared preloaded model
conv-49-qa-130,hybrid_growing_rag,0.5189744898063732,14.040800000657327,243.6541999995825,258.2139744900462,one shared preloaded model
conv-49-qa-131,hybrid_growing_rag,0.5189744898063732,10.331200002838159,108.98359999919194,119.83377449183646,one shared preloaded model
conv-49-qa-132,hybrid_growing_rag,0.5189744898063732,9.875300002022414,456.2130000012985,466.6072744931273,one shared preloaded model
conv-49-qa-133,hybrid_growing_rag,0.5189744898063732,14.365099999849917,712.1550999981991,727.0391744878555,one shared preloaded model
conv-49-qa-134,hybrid_growing_rag,0.5189744898063732,14.680399999633664,162.60359999796492,177.80297448740495,one shared preloaded model
conv-49-qa-135,hybrid_growing_rag,0.5189744898063732,17.273900000873255,167.78500000145868,185.5778744921383,one shared preloaded model
conv-49-qa-136,hybrid_growing_rag,0.5189744898063732,10.453799997776514,341.05360000103246,352.0263744886154,one shared preloaded model
conv-49-qa-137,hybrid_growing_rag,0.5189744898063732,14.869300001009833,231.10949999681907,246.49777448763527,one shared preloaded model
conv-49-qa-138,hybrid_growing_rag,0.5189744898063732,17.639100002270425,108.77919999984442,126.93727449192122,one shared preloaded model
conv-49-qa-139,hybrid_growing_rag,0.5189744898063732,15.375099999801023,492.0383999997284,507.93247448933585,one shared preloaded model
conv-49-qa-140,hybrid_growing_rag,0.5189744898063732,11.026099997252459,272.9030000009516,284.44807448801043,one shared preloaded model
conv-49-qa-141,hybrid_growing_rag,0.5189744898063732,14.400300002307631,228.9364000025671,243.8556744946811,one shared preloaded model
conv-49-qa-142,hybrid_growing_rag,0.5189744898063732,14.869300001009833,379.500500002905,394.88877449372126,one shared preloaded model
conv-49-qa-143,hybrid_growing_rag,0.5189744898063732,10.382200001913588,155.0563000018883,165.95747449360826,one shared preloaded model
conv-49-qa-144,hybrid_growing_rag,0.5189744898063732,18.015099998592632,260.1848999984213,278.71897448682034,one shared preloaded model
conv-49-qa-145,hybrid_growing_rag,0.5189744898063732,14.682799999718554,229.49589999916498,244.6976744886899,one shared preloaded model
conv-49-qa-146,hybrid_growing_rag,0.5189744898063732,12.603799998032628,110.53069999979925,123.65347448763825,one shared preloaded model
conv-49-qa-147,hybrid_growing_rag,0.5189744898063732,13.565000001108274,230.8307999992394,244.91477449015403,one shared preloaded model
conv-49-qa-148,hybrid_growing_rag,0.5189744898063732,12.40489999690908,231.12620000028983,244.05007448700528,one shared preloaded model
conv-49-qa-149,hybrid_growing_rag,0.5189744898063732,14.932799997041002,511.7576000011468,527.2093744879942,one shared preloaded model
conv-49-qa-150,hybrid_growing_rag,0.5189744898063732,11.300199999823235,554.037400001107,565.8565744907366,one shared preloaded model
conv-49-qa-151,hybrid_growing_rag,0.5189744898063732,15.037500001199078,195.16640000074403,210.72287449174948,one shared preloaded model
conv-49-qa-152,hybrid_growing_rag,0.5189744898063732,13.490099998307414,162.64759999830858,176.65667448642236,one shared preloaded model
conv-49-qa-153,hybrid_growing_rag,0.5189744898063732,15.43149999997695,472.10830000040005,488.0587744901834,one shared preloaded model
conv-49-qa-154,hybrid_growing_rag,0.5189744898063732,14.278999999078223,567.7991999982623,582.597174487147,one shared preloaded model
conv-49-qa-155,hybrid_growing_rag,0.5189744898063732,15.057900000101654,200.97100000202772,216.54787449193574,one shared preloaded model
conv-49-qa-156,hybrid_growing_rag,0.5189744898063732,10.60929999948712,131.43009999839705,142.55837448769054,one shared preloaded model
conv-49-qa-157,hybrid_growing_rag,0.5189744898063732,11.965899997449014,1006.8145999975968,1019.2994744848522,one shared preloaded model
conv-49-qa-158,hybrid_growing_rag,0.5189744898063732,10.910500001045875,452.0488000016485,463.47827449250076,one shared preloaded model
conv-49-qa-159,hybrid_growing_rag,0.5189744898063732,11.187200001586461,103.9466000001994,115.65277449159223,one shared preloaded model
conv-49-qa-160,hybrid_growing_rag,0.5189744898063732,16.386100000090664,210.79760000066017,227.7026744905572,one shared preloaded model
conv-49-qa-161,hybrid_growing_rag,0.5189744898063732,12.037399999826448,362.6604999990377,375.21687448867056,one shared preloaded model
conv-49-qa-162,hybrid_growing_rag,0.5189744898063732,10.534000000916421,161.58889999860548,172.64187448932827,one shared preloaded model
conv-49-qa-163,hybrid_growing_rag,0.5189744898063732,15.994699999282602,109.95700000057695,126.47067448966592,one shared preloaded model
conv-49-qa-164,hybrid_growing_rag,0.5189744898063732,17.43269999860786,225.77150000142865,243.72317448984288,one shared preloaded model
conv-49-qa-165,hybrid_growing_rag,0.5189744898063732,10.522500000661239,677.3013999991235,688.3428744895912,one shared preloaded model
conv-49-qa-166,hybrid_growing_rag,0.5189744898063732,13.04840000011609,230.1100000004226,243.67737449034504,one shared preloaded model
conv-49-qa-167,hybrid_growing_rag,0.5189744898063732,16.97000000058324,225.32439999849885,242.81337448888846,one shared preloaded model
conv-49-qa-168,hybrid_growing_rag,0.5189744898063732,14.278599999670405,226.1447999990196,240.94237448849637,one shared preloaded model
conv-49-qa-169,hybrid_growing_rag,0.5189744898063732,11.945599999307888,379.8671000004106,392.33167448952486,one shared preloaded model
conv-49-qa-170,hybrid_growing_rag,0.5189744898063732,15.177999997831648,194.7574000005261,210.45437448816412,one shared preloaded model
conv-49-qa-171,hybrid_growing_rag,0.5189744898063732,11.568900001293514,201.40560000072583,213.4934744918257,one shared preloaded model
conv-49-qa-172,hybrid_growing_rag,0.5189744898063732,13.514099999156315,227.99139999915496,242.02447448811765,one shared preloaded model
conv-49-qa-173,hybrid_growing_rag,0.5189744898063732,14.615200001571793,231.8922999984352,247.02647448981335,one shared preloaded model
conv-49-qa-174,hybrid_growing_rag,0.5189744898063732,11.961500000325032,205.07179999913205,217.55227448926345,one shared preloaded model
conv-49-qa-175,hybrid_growing_rag,0.5189744898063732,11.92050000099698,256.8945999992138,269.3340744900172,one shared preloaded model
conv-49-qa-176,hybrid_growing_rag,0.5189744898063732,12.470699999539647,226.27819999979693,239.26787448914294,one shared preloaded model
conv-49-qa-177,hybrid_growing_rag,0.5189744898063732,10.137499997654231,140.2471000001242,150.9035744875848,one shared preloaded model
conv-49-qa-178,hybrid_growing_rag,0.5189744898063732,17.760099999577506,154.7095999994781,172.98867448886196,one shared preloaded model
conv-49-qa-179,hybrid_growing_rag,0.5189744898063732,17.71060000100988,212.8749000003154,231.10447449113164,one shared preloaded model
conv-49-qa-180,hybrid_growing_rag,0.5189744898063732,13.9363999987836,176.39690000214614,190.8522744907361,one shared preloaded model
conv-49-qa-181,hybrid_growing_rag,0.5189744898063732,16.2808999994013,223.8628000013705,240.66267449057815,one shared preloaded model
conv-49-qa-182,hybrid_growing_rag,0.5189744898063732,11.676999998599058,478.60299999956624,490.7989744879717,one shared preloaded model
conv-49-qa-183,hybrid_growing_rag,0.5189744898063732,14.871399998810375,230.01079999812646,245.4011744867432,one shared preloaded model
conv-49-qa-184,hybrid_growing_rag,0.5189744898063732,11.694799999531824,498.6558000018704,510.8695744912086,one shared preloaded model
conv-49-qa-185,hybrid_growing_rag,0.5189744898063732,10.24889999825973,179.6463999999105,190.4142744879766,one shared preloaded model
conv-49-qa-186,hybrid_growing_rag,0.5189744898063732,17.69169999897713,135.693899999751,153.9045744885345,one shared preloaded model
conv-49-qa-187,hybrid_growing_rag,0.5189744898063732,18.42899999974179,225.80079999897862,244.74877448852678,one shared preloaded model
conv-49-qa-188,hybrid_growing_rag,0.5189744898063732,12.2425999979896,228.7049999977171,241.46657448551306,one shared preloaded model
conv-49-qa-189,hybrid_growing_rag,0.5189744898063732,13.152999999874737,210.77129999684985,224.44327448653095,one shared preloaded model
conv-49-qa-190,hybrid_growing_rag,0.5189744898063732,11.834600001748186,161.24139999737963,173.59497448893418,one shared preloaded model
conv-49-qa-191,hybrid_growing_rag,0.5189744898063732,17.319699996733107,224.42700000101468,242.26567448755415,one shared preloaded model
conv-49-qa-192,hybrid_growing_rag,0.5189744898063732,11.869899997691391,226.9683000013174,239.35717448881516,one shared preloaded model
conv-49-qa-193,hybrid_growing_rag,0.5189744898063732,11.012700000719633,209.22090000021853,220.75257449074454,one shared preloaded model
conv-49-qa-194,hybrid_growing_rag,0.5189744898063732,11.317299999063835,163.45820000060485,175.29447448947505,one shared preloaded model
conv-49-qa-195,hybrid_growing_rag,0.5189744898063732,10.79859999663313,205.3897000005236,216.7072744869631,one shared preloaded model
conv-50-qa-0,hybrid_growing_rag,0.5557323529323114,18.96639999904437,506.00309999936144,525.5252323513381,one shared preloaded model
conv-50-qa-1,hybrid_growing_rag,0.5557323529323114,16.250999997282634,222.0874000013282,238.89413235154313,one shared preloaded model
conv-50-qa-2,hybrid_growing_rag,0.5557323529323114,14.935700000933139,318.40590000138036,333.8973323552458,one shared preloaded model
conv-50-qa-3,hybrid_growing_rag,0.5557323529323114,11.48789999933797,132.02599999931408,144.06963235158437,one shared preloaded model
conv-50-qa-4,hybrid_growing_rag,0.5557323529323114,18.214600000646897,107.30060000059893,126.07093235417814,one shared preloaded model
conv-50-qa-5,hybrid_growing_rag,0.5557323529323114,18.955699997604825,222.14399999938905,241.65543234992617,one shared preloaded model
conv-50-qa-6,hybrid_growing_rag,0.5557323529323114,16.20550000006915,110.05939999813563,126.82063235113709,one shared preloaded model
conv-50-qa-7,hybrid_growing_rag,0.5557323529323114,18.03999999901862,230.29780000069877,248.8935323526497,one shared preloaded model
conv-50-qa-8,hybrid_growing_rag,0.5557323529323114,11.241100000916049,328.00639999913983,339.8032323529882,one shared preloaded model
conv-50-qa-9,hybrid_growing_rag,0.5557323529323114,12.377099999866914,192.6832999997714,205.61613235257065,one shared preloaded model
conv-50-qa-10,hybrid_growing_rag,0.5557323529323114,13.357799998630071,226.0099999984959,239.9235323500583,one shared preloaded model
conv-50-qa-11,hybrid_growing_rag,0.5557323529323114,11.362399996869499,158.4471999995003,170.36533234930212,one shared preloaded model
conv-50-qa-12,hybrid_growing_rag,0.5557323529323114,18.352799997956026,575.6925999994564,594.6011323503448,one shared preloaded model
conv-50-qa-13,hybrid_growing_rag,0.5557323529323114,15.742499999760184,225.85519999847747,242.15343235116995,one shared preloaded model
conv-50-qa-14,hybrid_growing_rag,0.5557323529323114,14.24369999949704,301.03370000142604,315.8331323538554,one shared preloaded model
conv-50-qa-15,hybrid_growing_rag,0.5557323529323114,15.74580000306014,689.7802999992564,706.0818323552488,one shared preloaded model
conv-50-qa-16,hybrid_growing_rag,0.5557323529323114,16.156600002432242,314.6359999991546,331.34833235451913,one shared preloaded model
conv-50-qa-17,hybrid_growing_rag,0.5557323529323114,15.888400001131231,493.41520000234595,509.8593323564095,one shared preloaded model
conv-50-qa-18,hybrid_growing_rag,0.5557323529323114,11.981899999227608,121.22779999845079,133.76543235061072,one shared preloaded model
conv-50-qa-19,hybrid_growing_rag,0.5557323529323114,19.804600000497885,341.64569999848027,362.00603235191045,one shared preloaded model
conv-50-qa-20,hybrid_growing_rag,0.5557323529323114,16.028400001232512,1284.1144999983953,1300.6986323525603,one shared preloaded model
conv-50-qa-21,hybrid_growing_rag,0.5557323529323114,14.09609999973327,234.13459999937913,248.78643235204473,one shared preloaded model
conv-50-qa-22,hybrid_growing_rag,0.5557323529323114,23.69679999901564,109.82639999929233,134.07893235124027,one shared preloaded model
conv-50-qa-23,hybrid_growing_rag,0.5557323529323114,13.87590000013006,161.5495000005467,175.98113235360907,one shared preloaded model
conv-50-qa-24,hybrid_growing_rag,0.5557323529323114,14.510000000882428,95.85030000016559,110.91603235398033,one shared preloaded model
conv-50-qa-25,hybrid_growing_rag,0.5557323529323114,20.210800001223106,570.4680000017106,591.234532355866,one shared preloaded model
conv-50-qa-26,hybrid_growing_rag,0.5557323529323114,16.66300000215415,334.3516999993881,351.5704323544745,one shared preloaded model
conv-50-qa-27,hybrid_growing_rag,0.5557323529323114,15.800700002728263,224.49699999924633,240.8534323549069,one shared preloaded model
conv-50-qa-28,hybrid_growing_rag,0.5557323529323114,13.675000001967419,283.3253999997396,297.5561323546393,one shared preloaded model
conv-50-qa-29,hybrid_growing_rag,0.5557323529323114,13.310099999216618,226.7796999985876,240.64553235073654,one shared preloaded model
conv-50-qa-30,hybrid_growing_rag,0.5557323529323114,12.146400000347057,161.2399000005098,173.9420323537892,one shared preloaded model
conv-50-qa-31,hybrid_growing_rag,0.5557323529323114,15.394999998534331,202.96550000057323,218.91623235203988,one shared preloaded model
conv-50-qa-32,hybrid_growing_rag,0.5557323529323114,13.81029999902239,163.2266000015079,177.59263235346262,one shared preloaded model
conv-50-qa-33,hybrid_growing_rag,0.5557323529323114,19.738999999390217,360.69469999711146,380.98943234943397,one shared preloaded model
conv-50-qa-34,hybrid_growing_rag,0.5557323529323114,16.906100001506275,318.7318999989657,336.19373235340424,one shared preloaded model
conv-50-qa-35,hybrid_growing_rag,0.5557323529323114,16.280199997709133,323.4632999992755,340.2992323499169,one shared preloaded model
conv-50-qa-36,hybrid_growing_rag,0.5557323529323114,18.507599997974467,223.90180000002147,242.96513235092823,one shared preloaded model
conv-50-qa-37,hybrid_growing_rag,0.5557323529323114,13.975500001834007,121.05789999986882,135.58913235463515,one shared preloaded model
conv-50-qa-38,hybrid_growing_rag,0.5557323529323114,11.396599998988677,350.86429999864777,362.81663235056874,one shared preloaded model
conv-50-qa-39,hybrid_growing_rag,0.5557323529323114,16.731300001993077,193.47000000198022,210.7570323569056,one shared preloaded model
conv-50-qa-40,hybrid_growing_rag,0.5557323529323114,16.484700001456076,216.74659999916912,233.7870323535575,one shared preloaded model
conv-50-qa-41,hybrid_growing_rag,0.5557323529323114,12.21369999984745,159.1322999993281,171.90173235210787,one shared preloaded model
conv-50-qa-42,hybrid_growing_rag,0.5557323529323114,21.19730000049458,123.75880000035977,145.51183235378664,one shared preloaded model
conv-50-qa-43,hybrid_growing_rag,0.5557323529323114,19.41630000146688,226.4037000022654,246.37573235666457,one shared preloaded model
conv-50-qa-44,hybrid_growing_rag,0.5557323529323114,11.912000001757406,301.69759999989765,314.16533235458735,one shared preloaded model
conv-50-qa-45,hybrid_growing_rag,0.5557323529323114,11.48789999933797,225.02579999854788,237.06943235081818,one shared preloaded model
conv-50-qa-46,hybrid_growing_rag,0.5557323529323114,10.99669999894104,183.56710000080056,195.11953235267393,one shared preloaded model
conv-50-qa-47,hybrid_growing_rag,0.5557323529323114,19.691100002091844,122.03640000006999,142.28323235509413,one shared preloaded model
conv-50-qa-48,hybrid_growing_rag,0.5557323529323114,19.645600001240382,218.27750000011292,238.4788323542856,one shared preloaded model
conv-50-qa-49,hybrid_growing_rag,0.5557323529323114,15.076399999088608,699.05160000053,714.6837323525509,one shared preloaded model
conv-50-qa-50,hybrid_growing_rag,0.5557323529323114,16.1115000009886,226.34199999811244,243.00923235203334,one shared preloaded model
conv-50-qa-51,hybrid_growing_rag,0.5557323529323114,15.558899998723064,444.25240000055055,460.3670323522059,one shared preloaded model
conv-50-qa-52,hybrid_growing_rag,0.5557323529323114,16.656399999192217,160.15859999970417,177.37073235182868,one shared preloaded model
conv-50-qa-53,hybrid_growing_rag,0.5557323529323114,18.10260000274866,272.74319999924046,291.4015323549214,one shared preloaded model
conv-50-qa-54,hybrid_growing_rag,0.5557323529323114,12.659199997870019,440.8947000010812,454.10963235188353,one shared preloaded model
conv-50-qa-55,hybrid_growing_rag,0.5557323529323114,17.153400000097463,340.2231000000029,357.93223235303265,one shared preloaded model
conv-50-qa-56,hybrid_growing_rag,0.5557323529323114,18.33460000125342,109.54910000145901,128.43943235564473,one shared preloaded model
conv-50-qa-57,hybrid_growing_rag,0.5557323529323114,14.324399999168236,174.60320000100182,189.48333235310238,one shared preloaded model
conv-50-qa-58,hybrid_growing_rag,0.5557323529323114,20.506799999566283,694.5097000025271,715.5722323550257,one shared preloaded model
conv-50-qa-59,hybrid_growing_rag,0.5557323529323114,11.744499999622349,119.60139999791863,131.9016323504733,one shared preloaded model
conv-50-qa-60,hybrid_growing_rag,0.5557323529323114,14.179699999658624,225.39170000163722,240.12713235422817,one shared preloaded model
conv-50-qa-61,hybrid_growing_rag,0.5557323529323114,11.518700001033721,230.43849999885424,242.5129323528203,one shared preloaded model
conv-50-qa-62,hybrid_growing_rag,0.5557323529323114,12.639600001421059,234.50749999756226,247.70283235191565,one shared preloaded model
conv-50-qa-63,hybrid_growing_rag,0.5557323529323114,14.459999998507556,211.41349999743397,226.42923234887385,one shared preloaded model
conv-50-qa-64,hybrid_growing_rag,0.5557323529323114,11.100899999291869,142.78570000169566,154.44233235391985,one shared preloaded model
conv-50-qa-65,hybrid_growing_rag,0.5557323529323114,19.661999998788815,483.43170000225655,503.64943235397766,one shared preloaded model
conv-50-qa-66,hybrid_growing_rag,0.5557323529323114,16.35369999712566,223.0349000019487,239.94433235200665,one shared preloaded model
conv-50-qa-67,hybrid_growing_rag,0.5557323529323114,13.602099999843631,155.03410000019358,169.19193235296953,one shared preloaded model
conv-50-qa-68,hybrid_growing_rag,0.5557323529323114,20.700500001112232,353.5273000015877,374.78353235563225,one shared preloaded model
conv-50-qa-69,hybrid_growing_rag,0.5557323529323114,16.030300001148134,345.2733999984048,361.8594323524852,one shared preloaded model
conv-50-qa-70,hybrid_growing_rag,0.5557323529323114,15.793099999427795,346.88630000164267,363.23513235400276,one shared preloaded model
conv-50-qa-71,hybrid_growing_rag,0.5557323529323114,17.452600000979146,198.84889999957522,216.85723235348667,one shared preloaded model
conv-50-qa-72,hybrid_growing_rag,0.5557323529323114,13.713899999856949,231.32049999912851,245.5901323519178,one shared preloaded model
conv-50-qa-73,hybrid_growing_rag,0.5557323529323114,13.23929999853135,170.67640000095707,184.47143235242075,one shared preloaded model
conv-50-qa-74,hybrid_growing_rag,0.5557323529323114,14.994100001786137,480.2665999995952,495.81643235431363,one shared preloaded model
conv-50-qa-75,hybrid_growing_rag,0.5557323529323114,12.914699997054413,199.96059999903082,213.43103234901756,one shared preloaded model
conv-50-qa-76,hybrid_growing_rag,0.5557323529323114,13.157500001398148,211.92340000197873,225.6366323563092,one shared preloaded model
conv-50-qa-77,hybrid_growing_rag,0.5557323529323114,12.590099999215454,587.9932000025292,601.1390323546769,one shared preloaded model
conv-50-qa-78,hybrid_growing_rag,0.5557323529323114,16.253400001005502,109.4876999995904,126.29683235352822,one shared preloaded model
conv-50-qa-79,hybrid_growing_rag,0.5557323529323114,15.567800001008436,222.40019999662763,238.52373235056837,one shared preloaded model
conv-50-qa-80,hybrid_growing_rag,0.5557323529323114,13.680300002306467,234.39460000008694,248.63063235532573,one shared preloaded model
conv-50-qa-81,hybrid_growing_rag,0.5557323529323114,11.322700000164332,285.21530000216444,297.09373235526107,one shared preloaded model
conv-50-qa-82,hybrid_growing_rag,0.5557323529323114,17.668599997705314,223.49339999709628,241.7177323477339,one shared preloaded model
conv-50-qa-83,hybrid_growing_rag,0.5557323529323114,14.563900000212016,205.16780000252766,220.287432355672,one shared preloaded model
conv-50-qa-84,hybrid_growing_rag,0.5557323529323114,14.99360000161687,196.3328999991063,211.8822323536555,one shared preloaded model
conv-50-qa-85,hybrid_growing_rag,0.5557323529323114,13.098000003083143,1046.3649000012083,1060.0186323572239,one shared preloaded model
conv-50-qa-86,hybrid_growing_rag,0.5557323529323114,17.324200001894496,177.97029999928782,195.8502323541146,one shared preloaded model
conv-50-qa-87,hybrid_growing_rag,0.5557323529323114,11.984599997958867,213.68720000100438,226.22753235189558,one shared preloaded model
conv-50-qa-88,hybrid_growing_rag,0.5557323529323114,14.03310000023339,225.51749999911408,240.1063323522798,one shared preloaded model
conv-50-qa-89,hybrid_growing_rag,0.5557323529323114,17.17330000246875,223.79849999924772,241.52753235464877,one shared preloaded model
conv-50-qa-90,hybrid_growing_rag,0.5557323529323114,11.697800000547431,445.4215999976441,457.6751323511238,one shared preloaded model
conv-50-qa-91,hybrid_growing_rag,0.5557323529323114,16.555400001379894,122.75550000049407,139.86663235480626,one shared preloaded model
conv-50-qa-92,hybrid_growing_rag,0.5557323529323114,19.454400000540772,711.7799000006926,731.7900323541656,one shared preloaded model
conv-50-qa-93,hybrid_growing_rag,0.5557323529323114,16.221900001255563,516.1085999970965,532.8862323512843,one shared preloaded model
conv-50-qa-94,hybrid_growing_rag,0.5557323529323114,16.231999998126412,112.18189999999595,128.96963235105466,one shared preloaded model
conv-50-qa-95,hybrid_growing_rag,0.5557323529323114,20.43729999786592,257.0627000022796,278.0557323530778,one shared preloaded model
conv-50-qa-96,hybrid_growing_rag,0.5557323529323114,16.62429999851156,382.66139999905135,399.8414323504952,one shared preloaded model
conv-50-qa-97,hybrid_growing_rag,0.5557323529323114,16.62450000003446,582.5660999980755,599.7463323510423,one shared preloaded model
conv-50-qa-98,hybrid_growing_rag,0.5557323529323114,15.252799999871058,511.91079999989597,527.7193323526993,one shared preloaded model
conv-50-qa-99,hybrid_growing_rag,0.5557323529323114,11.157900000398513,484.91220000141766,496.62583235474847,one shared preloaded model
conv-50-qa-100,hybrid_growing_rag,0.5557323529323114,16.47430000230088,962.3164000004181,979.3464323556512,one shared preloaded model
conv-50-qa-101,hybrid_growing_rag,0.5557323529323114,18.74640000096406,184.43810000098892,203.74023235488528,one shared preloaded model
conv-50-qa-102,hybrid_growing_rag,0.5557323529323114,18.751799998426577,173.5049999988405,192.81253235019938,one shared preloaded model
conv-50-qa-103,hybrid_growing_rag,0.5557323529323114,17.586699999810662,110.08049999873037,128.22293235147333,one shared preloaded model
conv-50-qa-104,hybrid_growing_rag,0.5557323529323114,19.44010000079288,478.939900000114,498.93573235383917,one shared preloaded model
conv-50-qa-105,hybrid_growing_rag,0.5557323529323114,11.682899999868823,109.64070000045467,121.8793323532558,one shared preloaded model
conv-50-qa-106,hybrid_growing_rag,0.5557323529323114,17.416999999113614,231.17400000046473,249.14673235251064,one shared preloaded model
conv-50-qa-107,hybrid_growing_rag,0.5557323529323114,16.06050000191317,174.51680000158376,191.13303235642923,one shared preloaded model
conv-50-qa-108,hybrid_growing_rag,0.5557323529323114,14.36219999959576,226.25189999962458,241.16983235215267,one shared preloaded model
conv-50-qa-109,hybrid_growing_rag,0.5557323529323114,13.15710000199033,279.941200002213,293.65403235713563,one shared preloaded model
conv-50-qa-110,hybrid_growing_rag,0.5557323529323114,16.480599999340484,596.54810000211,613.5844323543828,one shared preloaded model
conv-50-qa-111,hybrid_growing_rag,0.5557323529323114,16.775799998868024,444.8910999999498,462.2226323517501,one shared preloaded model
conv-50-qa-112,hybrid_growing_rag,0.5557323529323114,14.83130000269739,206.4463999995496,221.83343235517933,one shared preloaded model
conv-50-qa-113,hybrid_growing_rag,0.5557323529323114,13.263199998618802,153.41350000016973,167.23243235172086,one shared preloaded model
conv-50-qa-114,hybrid_growing_rag,0.5557323529323114,14.328799999930197,874.2172999991453,889.1018323520078,one shared preloaded model
conv-50-qa-115,hybrid_growing_rag,0.5557323529323114,11.66899999952875,334.56479999949806,346.7895323519591,one shared preloaded model
conv-50-qa-116,hybrid_growing_rag,0.5557323529323114,15.80399999875226,234.8725000010745,251.23223235275907,one shared preloaded model
conv-50-qa-117,hybrid_growing_rag,0.5557323529323114,13.32420000107959,311.5332000015769,325.4131323555888,one shared preloaded model
conv-50-qa-118,hybrid_growing_rag,0.5557323529323114,19.11380000092322,201.303599998937,220.9731323527925,one shared preloaded model
conv-50-qa-119,hybrid_growing_rag,0.5557323529323114,12.465499999962049,492.66639999768813,505.6876323505825,one shared preloaded model
conv-50-qa-120,hybrid_growing_rag,0.5557323529323114,16.075999999884516,167.3255000023346,183.9572323551514,one shared preloaded model
conv-50-qa-121,hybrid_growing_rag,0.5557323529323114,15.128200000617653,202.08249999996042,217.7664323535104,one shared preloaded model
conv-50-qa-122,hybrid_growing_rag,0.5557323529323114,15.374899998278124,207.5684999981604,223.49913234937085,one shared preloaded model
conv-50-qa-123,hybrid_growing_rag,0.5557323529323114,13.35309999922174,1213.806100000511,1227.714932352665,one shared preloaded model
conv-50-qa-124,hybrid_growing_rag,0.5557323529323114,15.15780000045197,156.63370000038412,172.34723235376842,one shared preloaded model
conv-50-qa-125,hybrid_growing_rag,0.5557323529323114,20.643500000005588,177.20489999919664,198.40413235213452,one shared preloaded model
conv-50-qa-126,hybrid_growing_rag,0.5557323529323114,20.09159999943222,224.99909999896772,245.64643235133224,one shared preloaded model
conv-50-qa-127,hybrid_growing_rag,0.5557323529323114,15.196100001048762,165.73789999893052,181.4897323529116,one shared preloaded model
conv-50-qa-128,hybrid_growing_rag,0.5557323529323114,19.651599999633618,108.63119999703486,128.83853234960077,one shared preloaded model
conv-50-qa-129,hybrid_growing_rag,0.5557323529323114,19.32160000069416,286.8938999999955,306.77123235362194,one shared preloaded model
conv-50-qa-130,hybrid_growing_rag,0.5557323529323114,13.156700002582511,225.69149999981164,239.40393235532648,one shared preloaded model
conv-50-qa-131,hybrid_growing_rag,0.5557323529323114,12.251299998752074,160.43379999973695,173.24083235142135,one shared preloaded model
conv-50-qa-132,hybrid_growing_rag,0.5557323529323114,17.741300001944182,949.6687999999267,967.9658323548032,one shared preloaded model
conv-50-qa-133,hybrid_growing_rag,0.5557323529323114,12.139200000092387,918.7367000013182,931.4316323543429,one shared preloaded model
conv-50-qa-134,hybrid_growing_rag,0.5557323529323114,12.516799997683847,300.5747999995947,313.64733235021083,one shared preloaded model
conv-50-qa-135,hybrid_growing_rag,0.5557323529323114,11.571600000024773,331.5340999979526,343.66143235090965,one shared preloaded model
conv-50-qa-136,hybrid_growing_rag,0.5557323529323114,17.929399997228757,533.0576000014844,551.5427323516454,one shared preloaded model
conv-50-qa-137,hybrid_growing_rag,0.5557323529323114,15.857500002312008,222.7683999990404,239.18163235428472,one shared preloaded model
conv-50-qa-138,hybrid_growing_rag,0.5557323529323114,11.535699999512872,159.9582000017108,172.049632354156,one shared preloaded model
conv-50-qa-139,hybrid_growing_rag,0.5557323529323114,14.894899999490008,216.0647999990033,231.51543235142563,one shared preloaded model
conv-50-qa-140,hybrid_growing_rag,0.5557323529323114,12.722899999062065,1103.0145000004268,1116.2931323524213,one shared preloaded model
conv-50-qa-141,hybrid_growing_rag,0.5557323529323114,15.632600003300468,159.5283999995445,175.71673235577725,one shared preloaded model
conv-50-qa-142,hybrid_growing_rag,0.5557323529323114,10.823700002219994,251.32989999838173,262.709332353534,one shared preloaded model
conv-50-qa-143,hybrid_growing_rag,0.5557323529323114,14.312400002381764,161.39579999799025,176.26393235330434,one shared preloaded model
conv-50-qa-144,hybrid_growing_rag,0.5557323529323114,19.57609999954002,330.68359999742825,350.81543234990056,one shared preloaded model
conv-50-qa-145,hybrid_growing_rag,0.5557323529323114,14.475200001470512,459.3700000004901,474.4009323548929,one shared preloaded model
conv-50-qa-146,hybrid_growing_rag,0.5557323529323114,16.736099998524878,159.95349999866448,177.24533235012166,one shared preloaded model
conv-50-qa-147,hybrid_growing_rag,0.5557323529323114,14.42989999850397,222.0043999986956,236.99003235013188,one shared preloaded model
conv-50-qa-148,hybrid_growing_rag,0.5557323529323114,14.20989999678568,301.99090000314754,316.7565323528655,one shared preloaded model
conv-50-qa-149,hybrid_growing_rag,0.5557323529323114,13.144500000635162,139.45020000028308,153.15043235385056,one shared preloaded model
conv-50-qa-150,hybrid_growing_rag,0.5557323529323114,11.956700000155251,227.62470000088797,240.13713235397555,one shared preloaded model
conv-50-qa-151,hybrid_growing_rag,0.5557323529323114,13.664699999935692,110.38139999800478,124.60183235087278,one shared preloaded model
conv-50-qa-152,hybrid_growing_rag,0.5557323529323114,19.898800001101336,164.17749999891385,184.63203235294748,one shared preloaded model
conv-50-qa-153,hybrid_growing_rag,0.5557323529323114,21.045899997261586,399.50930000122753,421.1109323514214,one shared preloaded model
conv-50-qa-154,hybrid_growing_rag,0.5557323529323114,13.070400000287918,1649.5878999994602,1663.2140323526805,one shared preloaded model
conv-50-qa-155,hybrid_growing_rag,0.5557323529323114,11.99339999948279,818.3157999992545,830.8649323516696,one shared preloaded model
conv-50-qa-156,hybrid_growing_rag,0.5557323529323114,13.305899999977555,107.76699999769335,121.62863235060321,one shared preloaded model
conv-50-qa-157,hybrid_growing_rag,0.5557323529323114,19.74289999998291,334.675199999765,354.97383235268023,one shared preloaded model
conv-50-qa-158,hybrid_growing_rag,0.5557323529323114,13.087499999528518,221.86220000003232,235.50543235249316,one shared preloaded model
conv-50-qa-159,hybrid_growing_rag,0.5557323529323114,11.999599999398924,237.06490000040503,249.62023235273628,one shared preloaded model
conv-50-qa-160,hybrid_growing_rag,0.5557323529323114,13.727200002904283,227.4780000007013,241.7609323565379,one shared preloaded model
conv-50-qa-161,hybrid_growing_rag,0.5557323529323114,17.128799998317845,163.30160000143223,180.98613235268238,one shared preloaded model
conv-50-qa-162,hybrid_growing_rag,0.5557323529323114,20.0503000014578,162.63249999974505,183.23853235413515,one shared preloaded model
conv-50-qa-163,hybrid_growing_rag,0.5557323529323114,13.700100000278326,201.48539999718196,215.7412323503926,one shared preloaded model
conv-50-qa-164,hybrid_growing_rag,0.5557323529323114,13.075999999273336,152.87639999951352,166.50813235171918,one shared preloaded model
conv-50-qa-165,hybrid_growing_rag,0.5557323529323114,19.676200001413235,461.5979000009247,481.82983235527024,one shared preloaded model
conv-50-qa-166,hybrid_growing_rag,0.5557323529323114,13.100500000291504,231.39589999846066,245.0521323516845,one shared preloaded model
conv-50-qa-167,hybrid_growing_rag,0.5557323529323114,12.360000000626314,213.80150000186404,226.71723235542268,one shared preloaded model
conv-50-qa-168,hybrid_growing_rag,0.5557323529323114,11.806200000137324,222.40700000111246,234.7689323541821,one shared preloaded model
conv-50-qa-169,hybrid_growing_rag,0.5557323529323114,13.295699998707278,200.97979999991367,214.83123235155327,one shared preloaded model
conv-50-qa-170,hybrid_growing_rag,0.5557323529323114,15.273000000888715,290.1720000008936,306.0007323547146,one shared preloaded model
conv-50-qa-171,hybrid_growing_rag,0.5557323529323114,13.395199999649776,215.6351999983599,229.586132350942,one shared preloaded model
conv-50-qa-172,hybrid_growing_rag,0.5557323529323114,11.810399999376386,1004.3359000010241,1016.7020323533328,one shared preloaded model
conv-50-qa-173,hybrid_growing_rag,0.5557323529323114,11.976699999650009,122.52649999936693,135.05893235194927,one shared preloaded model
conv-50-qa-174,hybrid_growing_rag,0.5557323529323114,19.439200001215795,160.21360000013374,180.20853235428183,one shared preloaded model
conv-50-qa-175,hybrid_growing_rag,0.5557323529323114,19.668300003104378,539.88340000069,560.1074323567267,one shared preloaded model
conv-50-qa-176,hybrid_growing_rag,0.5557323529323114,15.995599998859689,109.11469999700785,125.66603234879985,one shared preloaded model
conv-50-qa-177,hybrid_growing_rag,0.5557323529323114,20.50460000100429,167.87320000003092,188.9335323539675,one shared preloaded model
conv-50-qa-178,hybrid_growing_rag,0.5557323529323114,14.174200001434656,227.8822999978729,242.6122323522399,one shared preloaded model
conv-50-qa-179,hybrid_growing_rag,0.5557323529323114,13.187600001401734,325.58350000181235,339.3268323561464,one shared preloaded model
conv-50-qa-180,hybrid_growing_rag,0.5557323529323114,16.139199997269316,224.27869999955874,240.97363234976035,one shared preloaded model
conv-50-qa-181,hybrid_growing_rag,0.5557323529323114,12.371900000289315,966.9584000002942,979.8860323535158,one shared preloaded model
conv-50-qa-182,hybrid_growing_rag,0.5557323529323114,16.29550000143354,1614.2499999987194,1631.1012323530854,one shared preloaded model
conv-50-qa-183,hybrid_growing_rag,0.5557323529323114,14.376999999512918,233.63959999915096,248.5723323515962,one shared preloaded model
conv-50-qa-184,hybrid_growing_rag,0.5557323529323114,15.862799999013077,230.03129999779048,246.44983234973586,one shared preloaded model
conv-50-qa-185,hybrid_growing_rag,0.5557323529323114,13.281299998197937,242.72629999904893,256.56333235017917,one shared preloaded model
conv-50-qa-186,hybrid_growing_rag,0.5557323529323114,12.314899999182671,223.75010000178008,236.62073235389508,one shared preloaded model
conv-50-qa-187,hybrid_growing_rag,0.5557323529323114,11.657500002911547,232.7761999986251,244.98943235446896,one shared preloaded model
conv-50-qa-188,hybrid_growing_rag,0.5557323529323114,13.976999998703832,222.4175000010291,236.95023235266527,one shared preloaded model
conv-50-qa-189,hybrid_growing_rag,0.5557323529323114,14.226200000848621,225.17909999805852,239.96103235183946,one shared preloaded model
conv-50-qa-190,hybrid_growing_rag,0.5557323529323114,12.28830000036396,235.86040000009234,248.70443235338863,one shared preloaded model
conv-50-qa-191,hybrid_growing_rag,0.5557323529323114,15.658299998904113,222.63940000266302,238.85343235449943,one shared preloaded model
conv-50-qa-192,hybrid_growing_rag,0.5557323529323114,12.37570000012056,224.84949999852688,237.78093235157976,one shared preloaded model
conv-50-qa-193,hybrid_growing_rag,0.5557323529323114,13.388899998972192,218.36070000063046,232.30533235253498,one shared preloaded model
conv-50-qa-194,hybrid_growing_rag,0.5557323529323114,12.60800000090967,158.966999999393,172.130732353235,one shared preloaded model
conv-50-qa-195,hybrid_growing_rag,0.5557323529323114,19.56179999979213,492.1461999983876,512.263732351112,one shared preloaded model
conv-50-qa-196,hybrid_growing_rag,0.5557323529323114,15.942499998345738,165.8863000011479,182.38453235242594,one shared preloaded model
conv-50-qa-197,hybrid_growing_rag,0.5557323529323114,21.244300001853844,225.17560000051162,246.97563235529776,one shared preloaded model
conv-50-qa-198,hybrid_growing_rag,0.5557323529323114,13.506600000255276,165.93529999954626,179.99763235273386,one shared preloaded model
conv-50-qa-199,hybrid_growing_rag,0.5557323529323114,21.10030000039842,160.78350000316277,182.4395323564935,one shared preloaded model
conv-50-qa-200,hybrid_growing_rag,0.5557323529323114,19.42879999842262,272.7770000019518,292.76153235330673,one shared preloaded model
conv-50-qa-201,hybrid_growing_rag,0.5557323529323114,11.923999998543877,409.8613000023761,422.34103235385226,one shared preloaded model
conv-50-qa-202,hybrid_growing_rag,0.5557323529323114,17.14890000221203,223.40769999937038,241.1123323545147,one shared preloaded model
conv-50-qa-203,hybrid_growing_rag,0.5557323529323114,21.283300000504823,348.5236000014993,370.3626323549364,one shared preloaded model
