example_id,agent,update_ms,read_ms,generation_ms,end_to_end_ms,model_loading_policy
conv-26-qa-0,difference_prefix,2.5458296482090312,25.037400002474897,604.3219999992289,631.9052296499128,one shared preloaded model
conv-26-qa-1,difference_prefix,2.5458296482090312,13.329599998542108,475.61279999354156,491.4882296402927,one shared preloaded model
conv-26-qa-2,difference_prefix,2.5458296482090312,15.012899995781481,130.41939999675378,147.9781296407443,one shared preloaded model
conv-26-qa-3,difference_prefix,2.5458296482090312,17.225100003997795,147.10350000677863,166.87442965898546,one shared preloaded model
conv-26-qa-4,difference_prefix,2.5458296482090312,19.257400002970826,370.5614999998943,392.36472965107413,one shared preloaded model
conv-26-qa-5,difference_prefix,2.5458296482090312,16.361599999072496,498.50660000083735,517.4140296481189,one shared preloaded model
conv-26-qa-6,difference_prefix,2.5458296482090312,12.632500001927838,151.3926999978139,166.57102964795078,one shared preloaded model
conv-26-qa-7,difference_prefix,2.5458296482090312,19.19649999763351,148.16499999869848,169.90732964454102,one shared preloaded model
conv-26-qa-8,difference_prefix,2.5458296482090312,19.67569999396801,176.42260000138776,198.6441296435648,one shared preloaded model
conv-26-qa-9,difference_prefix,2.5458296482090312,20.447599999897648,487.10219999338733,510.095629641494,one shared preloaded model
conv-26-qa-10,difference_prefix,2.5458296482090312,17.33020000392571,152.13900000526337,172.01502965739812,one shared preloaded model
conv-26-qa-11,difference_prefix,2.5458296482090312,19.808700002613477,157.65580000152113,180.01032965234364,one shared preloaded model
conv-26-qa-12,difference_prefix,2.5458296482090312,18.162599997594953,202.1249000026728,222.8333296484768,one shared preloaded model
conv-26-qa-13,difference_prefix,2.5458296482090312,12.008000005153008,187.31039999693166,201.8642296502937,one shared preloaded model
conv-26-qa-14,difference_prefix,2.5458296482090312,20.654599997214973,208.38930000172695,231.58972964715096,one shared preloaded model
conv-26-qa-15,difference_prefix,2.5458296482090312,12.513299996498972,190.7971999971778,205.85632964188582,one shared preloaded model
conv-26-qa-16,difference_prefix,2.5458296482090312,15.288199996575713,498.346299995319,516.1803296401038,one shared preloaded model
conv-26-qa-17,difference_prefix,2.5458296482090312,13.553899996622931,515.4394999990473,531.5392296438793,one shared preloaded model
conv-26-qa-18,difference_prefix,2.5458296482090312,13.152899999113288,193.51080000342336,209.20952965074568,one shared preloaded model
conv-26-qa-19,difference_prefix,2.5458296482090312,14.997000005678274,179.33670000638813,196.87952966027544,one shared preloaded model
conv-26-qa-20,difference_prefix,2.5458296482090312,19.53030000004219,468.5868999949889,490.6630296432401,one shared preloaded model
conv-26-qa-21,difference_prefix,2.5458296482090312,16.342800001439173,479.761900001904,498.6505296515522,one shared preloaded model
conv-26-qa-22,difference_prefix,2.5458296482090312,17.747500001860317,179.8047000047518,200.09802965482115,one shared preloaded model
conv-26-qa-23,difference_prefix,2.5458296482090312,19.36349999596132,278.911599998537,300.8209296427073,one shared preloaded model
conv-26-qa-24,difference_prefix,2.5458296482090312,16.99489999737125,199.12920000206213,218.66992964764242,one shared preloaded model
conv-26-qa-25,difference_prefix,2.5458296482090312,14.791599998716265,507.45979999919655,524.7972296461219,one shared preloaded model
conv-26-qa-26,difference_prefix,2.5458296482090312,15.945500002999324,211.0242000053404,229.51552965654875,one shared preloaded model
conv-26-qa-27,difference_prefix,2.5458296482090312,12.969899995368905,198.49930000054883,214.01502964412677,one shared preloaded model
conv-26-qa-28,difference_prefix,2.5458296482090312,14.23849999991944,518.5176000013598,535.3019296494883,one shared preloaded model
conv-26-qa-29,difference_prefix,2.5458296482090312,13.603100000182167,332.78570000402397,348.93462965241514,one shared preloaded model
conv-26-qa-30,difference_prefix,2.5458296482090312,16.808899999887217,203.24010000331327,222.59482965140953,one shared preloaded model
conv-26-qa-31,difference_prefix,2.5458296482090312,12.652099998376798,550.8263000010629,566.0242296476488,one shared preloaded model
conv-26-qa-32,difference_prefix,2.5458296482090312,16.09880000614794,248.00189999950817,266.6465296538651,one shared preloaded model
conv-26-qa-33,difference_prefix,2.5458296482090312,12.556200003018603,230.31729999638628,245.41932964761392,one shared preloaded model
conv-26-qa-34,difference_prefix,2.5458296482090312,12.613899998541456,175.43039999873145,190.59012964548194,one shared preloaded model
conv-26-qa-35,difference_prefix,2.5458296482090312,15.967999999702442,346.36040000623325,364.8742296541447,one shared preloaded model
conv-26-qa-36,difference_prefix,2.5458296482090312,13.097000002744608,489.65529999986757,505.2981296508212,one shared preloaded model
conv-26-qa-37,difference_prefix,2.5458296482090312,15.63239999813959,256.10889999370556,274.28712964005416,one shared preloaded model
conv-26-qa-38,difference_prefix,2.5458296482090312,14.217500000086147,284.6085999990464,301.3719296473416,one shared preloaded model
conv-26-qa-39,difference_prefix,2.5458296482090312,16.692600001988467,337.29329999914626,356.53172964934373,one shared preloaded model
conv-26-qa-40,difference_prefix,2.5458296482090312,17.38459999614861,117.51109999750042,137.44152964185807,one shared preloaded model
conv-26-qa-41,difference_prefix,2.5458296482090312,15.858200000366196,519.0070000026026,537.4110296511778,one shared preloaded model
conv-26-qa-42,difference_prefix,2.5458296482090312,17.000299994833767,199.46840000193333,219.01452964497614,one shared preloaded model
conv-26-qa-43,difference_prefix,2.5458296482090312,11.996599998383317,164.5697000058135,179.11212965240586,one shared preloaded model
conv-26-qa-44,difference_prefix,2.5458296482090312,19.874899997375906,341.09979999630013,363.52052964188505,one shared preloaded model
conv-26-qa-45,difference_prefix,2.5458296482090312,16.054500003519934,341.6036999988137,360.2040296505426,one shared preloaded model
conv-26-qa-46,difference_prefix,2.5458296482090312,16.24009999795817,106.92039999412373,125.70632964029093,one shared preloaded model
conv-26-qa-47,difference_prefix,2.5458296482090312,14.359900000272319,203.51099999970756,220.41672964818892,one shared preloaded model
conv-26-qa-48,difference_prefix,2.5458296482090312,12.694000004557893,282.60559999762336,297.84542965039026,one shared preloaded model
conv-26-qa-49,difference_prefix,2.5458296482090312,13.75720000214642,509.54169999749865,525.8447296478541,one shared preloaded model
conv-26-qa-50,difference_prefix,2.5458296482090312,16.00229999894509,202.7825999975903,221.33072964474442,one shared preloaded model
conv-26-qa-51,difference_prefix,2.5458296482090312,13.618299999507144,242.31189999409253,258.4760296418087,one shared preloaded model
conv-26-qa-52,difference_prefix,2.5458296482090312,13.791899997158907,208.20530000492,224.54302965028793,one shared preloaded model
conv-26-qa-53,difference_prefix,2.5458296482090312,12.227399995026644,498.96699999953853,513.7402296427742,one shared preloaded model
conv-26-qa-54,difference_prefix,2.5458296482090312,15.767000004416332,479.84709999582265,498.159929648448,one shared preloaded model
conv-26-qa-55,difference_prefix,2.5458296482090312,13.662099998327903,175.08579999412177,191.2937296406587,one shared preloaded model
conv-26-qa-56,difference_prefix,2.5458296482090312,14.109700001426972,184.14040000061505,200.79592965025105,one shared preloaded model
conv-26-qa-57,difference_prefix,2.5458296482090312,19.878999999491498,211.1780999985058,233.60292964620632,one shared preloaded model
conv-26-qa-58,difference_prefix,2.5458296482090312,12.35869999800343,515.910599999188,530.8151296454005,one shared preloaded model
conv-26-qa-59,difference_prefix,2.5458296482090312,13.9022000003024,193.8157000040519,210.26372965256334,one shared preloaded model
conv-26-qa-60,difference_prefix,2.5458296482090312,18.594499997561797,161.05059999972582,182.19092964549665,one shared preloaded model
conv-26-qa-61,difference_prefix,2.5458296482090312,16.419100000348408,154.0385000043898,173.00342965294723,one shared preloaded model
conv-26-qa-62,difference_prefix,2.5458296482090312,19.255799998063594,495.13350000052014,516.9351296467928,one shared preloaded model
conv-26-qa-63,difference_prefix,2.5458296482090312,15.879700004006736,124.16099999973085,142.58652965194662,one shared preloaded model
conv-26-qa-64,difference_prefix,2.5458296482090312,19.463399999949615,181.59730000479612,203.60652965295478,one shared preloaded model
conv-26-qa-65,difference_prefix,2.5458296482090312,19.051800001761876,201.81249999586726,223.41012964583817,one shared preloaded model
conv-26-qa-66,difference_prefix,2.5458296482090312,11.720000002242159,205.92799999576528,220.19382964621647,one shared preloaded model
conv-26-qa-67,difference_prefix,2.5458296482090312,13.2104000003892,341.2065000011353,356.9627296497335,one shared preloaded model
conv-26-qa-68,difference_prefix,2.5458296482090312,11.819799998193048,329.66180000221357,344.0274296486156,one shared preloaded model
conv-26-qa-69,difference_prefix,2.5458296482090312,16.042800001741853,193.01180000184104,211.60042965179193,one shared preloaded model
conv-26-qa-70,difference_prefix,2.5458296482090312,18.88630000030389,205.74669999768957,227.1788296462025,one shared preloaded model
conv-26-qa-71,difference_prefix,2.5458296482090312,11.935500006075017,182.50890000490472,196.99022965918877,one shared preloaded model
conv-26-qa-72,difference_prefix,2.5458296482090312,19.311200005176943,208.36679999774788,230.22382965113385,one shared preloaded model
conv-26-qa-73,difference_prefix,2.5458296482090312,12.43360000080429,183.30910000076983,198.28852964978316,one shared preloaded model
conv-26-qa-74,difference_prefix,2.5458296482090312,17.96730000205571,506.0492999982671,526.5624296485319,one shared preloaded model
conv-26-qa-75,difference_prefix,2.5458296482090312,15.561400003207382,125.63550000049872,143.74272965191514,one shared preloaded model
conv-26-qa-76,difference_prefix,2.5458296482090312,19.078599994827528,210.05609999701846,231.68052964005503,one shared preloaded model
conv-26-qa-77,difference_prefix,2.5458296482090312,13.412100001005456,200.18190000700997,216.13982965622446,one shared preloaded model
conv-26-qa-78,difference_prefix,2.5458296482090312,13.635100003739353,170.5898000000161,186.7707296519645,one shared preloaded model
conv-26-qa-79,difference_prefix,2.5458296482090312,19.063800005824305,505.2801999991061,526.8898296531395,one shared preloaded model
conv-26-qa-80,difference_prefix,2.5458296482090312,13.289599999552593,505.7869000011124,521.622329648874,one shared preloaded model
conv-26-qa-81,difference_prefix,2.5458296482090312,16.91719999507768,189.24929999775486,208.71232964104158,one shared preloaded model
conv-26-qa-82,difference_prefix,2.5458296482090312,19.134800000756513,149.49480000359472,171.17542965256027,one shared preloaded model
conv-26-qa-83,difference_prefix,2.5458296482090312,19.391099995118566,248.25530000089202,270.1922296442196,one shared preloaded model
conv-26-qa-84,difference_prefix,2.5458296482090312,13.800600005197339,213.3271999991848,229.6736296525912,one shared preloaded model
conv-26-qa-85,difference_prefix,2.5458296482090312,13.59559999400517,204.39620000252035,220.53762964473455,one shared preloaded model
conv-26-qa-86,difference_prefix,2.5458296482090312,12.025299998640548,251.07890000072075,265.6500296475703,one shared preloaded model
conv-26-qa-87,difference_prefix,2.5458296482090312,15.565599998808466,316.1835999999312,334.29502964694865,one shared preloaded model
conv-26-qa-88,difference_prefix,2.5458296482090312,12.60539999930188,284.1270999997505,299.2783296472614,one shared preloaded model
conv-26-qa-89,difference_prefix,2.5458296482090312,15.822599998500664,331.5509999956703,349.91942964237995,one shared preloaded model
conv-26-qa-90,difference_prefix,2.5458296482090312,15.934499999275431,505.82849999773316,524.3088296452177,one shared preloaded model
conv-26-qa-91,difference_prefix,2.5458296482090312,16.184699998120777,258.729699999094,277.4602296454238,one shared preloaded model
conv-26-qa-92,difference_prefix,2.5458296482090312,12.84960000339197,118.84049999935087,134.23592965095187,one shared preloaded model
conv-26-qa-93,difference_prefix,2.5458296482090312,12.528999999631196,379.70689999929164,394.78172964713184,one shared preloaded model
conv-26-qa-94,difference_prefix,2.5458296482090312,12.601800000993535,137.58899999811547,152.73662964731804,one shared preloaded model
conv-26-qa-95,difference_prefix,2.5458296482090312,19.361999999091495,444.7848999989219,466.6927296462224,one shared preloaded model
conv-26-qa-96,difference_prefix,2.5458296482090312,16.821999997773673,287.15699999884237,306.52482964482505,one shared preloaded model
conv-26-qa-97,difference_prefix,2.5458296482090312,12.989499999093823,203.63450000149896,219.16982964880182,one shared preloaded model
conv-26-qa-98,difference_prefix,2.5458296482090312,12.521399999968708,205.0260000032722,220.09322965144995,one shared preloaded model
conv-26-qa-99,difference_prefix,2.5458296482090312,13.665000005858019,253.01219999528257,269.2230296493496,one shared preloaded model
conv-26-qa-100,difference_prefix,2.5458296482090312,16.954300001088995,229.29880000447156,248.7989296537696,one shared preloaded model
conv-26-qa-101,difference_prefix,2.5458296482090312,12.435899996489752,120.38930000562686,135.37102965032565,one shared preloaded model
conv-26-qa-102,difference_prefix,2.5458296482090312,19.22589999594493,477.94539999449626,499.7171296386502,one shared preloaded model
conv-26-qa-103,difference_prefix,2.5458296482090312,16.53150000493042,242.0159999965108,261.09332964965023,one shared preloaded model
conv-26-qa-104,difference_prefix,2.5458296482090312,13.028099994699005,239.81230000208598,255.38622964499402,one shared preloaded model
conv-26-qa-105,difference_prefix,2.5458296482090312,16.94310000311816,303.9728000003379,323.46172965166505,one shared preloaded model
conv-26-qa-106,difference_prefix,2.5458296482090312,17.27260000188835,202.41790000000037,222.23632965009776,one shared preloaded model
conv-26-qa-107,difference_prefix,2.5458296482090312,12.44589999987511,520.4156000036164,535.4073296517006,one shared preloaded model
conv-26-qa-108,difference_prefix,2.5458296482090312,16.204300001845695,150.15570000105072,168.90582965110545,one shared preloaded model
conv-26-qa-109,difference_prefix,2.5458296482090312,17.85050000034971,209.60380000178702,230.00012965034577,one shared preloaded model
conv-26-qa-110,difference_prefix,2.5458296482090312,12.086599999747705,166.56220000004396,181.1946296480007,one shared preloaded model
conv-26-qa-111,difference_prefix,2.5458296482090312,19.715000002179295,244.87689999659779,267.1377296469861,one shared preloaded model
conv-26-qa-112,difference_prefix,2.5458296482090312,12.967999995453283,320.05190000199946,335.56572964566175,one shared preloaded model
conv-26-qa-113,difference_prefix,2.5458296482090312,12.690500007010996,400.71489999536425,415.95122965058425,one shared preloaded model
conv-26-qa-114,difference_prefix,2.5458296482090312,11.955899994063657,228.36139999708394,242.86312963935663,one shared preloaded model
conv-26-qa-115,difference_prefix,2.5458296482090312,12.090799995348789,464.21379999810597,478.85042964166377,one shared preloaded model
conv-26-qa-116,difference_prefix,2.5458296482090312,12.89780000661267,1051.9440000061877,1067.3876296610094,one shared preloaded model
conv-26-qa-117,difference_prefix,2.5458296482090312,17.104999998991843,244.97319999500178,264.62402964220263,one shared preloaded model
conv-26-qa-118,difference_prefix,2.5458296482090312,13.633200003823731,441.74000000202795,457.9190296540607,one shared preloaded model
conv-26-qa-119,difference_prefix,2.5458296482090312,16.0974999962491,229.61709999799496,248.2604296424531,one shared preloaded model
conv-26-qa-120,difference_prefix,2.5458296482090312,11.784099995566066,157.51669999735896,171.84662964113406,one shared preloaded model
conv-26-qa-121,difference_prefix,2.5458296482090312,19.463199998426717,192.17619999835733,214.1852296449931,one shared preloaded model
conv-26-qa-122,difference_prefix,2.5458296482090312,17.008499999064952,325.07739999709884,344.6317296443728,one shared preloaded model
conv-26-qa-123,difference_prefix,2.5458296482090312,11.94690000556875,342.7685999995447,357.26132965332243,one shared preloaded model
conv-26-qa-124,difference_prefix,2.5458296482090312,15.459500005817972,117.07949999981793,135.08482965384493,one shared preloaded model
conv-26-qa-125,difference_prefix,2.5458296482090312,19.20589999645017,532.267899994622,554.0196296392812,one shared preloaded model
conv-26-qa-126,difference_prefix,2.5458296482090312,15.52609999635024,181.12750000000233,199.1994296445616,one shared preloaded model
conv-26-qa-127,difference_prefix,2.5458296482090312,14.482200000202283,132.19369999569608,149.2217296441074,one shared preloaded model
conv-26-qa-128,difference_prefix,2.5458296482090312,19.12350000202423,384.32980000652606,405.9991296567593,one shared preloaded model
conv-26-qa-129,difference_prefix,2.5458296482090312,16.17650000116555,205.14399999956368,223.86632964893826,one shared preloaded model
conv-26-qa-130,difference_prefix,2.5458296482090312,12.40210000105435,826.9135000009555,841.861429650219,one shared preloaded model
conv-26-qa-131,difference_prefix,2.5458296482090312,16.61720000265632,326.0725000000093,345.23552965087464,one shared preloaded model
conv-26-qa-132,difference_prefix,2.5458296482090312,12.61990000057267,324.83830000273883,340.0040296515205,one shared preloaded model
conv-26-qa-133,difference_prefix,2.5458296482090312,16.185400003450923,286.2728000036441,305.004029655304,one shared preloaded model
conv-26-qa-134,difference_prefix,2.5458296482090312,16.56600000569597,396.6184999953839,415.7303296492889,one shared preloaded model
conv-26-qa-135,difference_prefix,2.5458296482090312,14.411000003747176,178.0025999978534,194.9594296498096,one shared preloaded model
conv-26-qa-136,difference_prefix,2.5458296482090312,19.17200000025332,203.72909999423428,225.44692964269663,one shared preloaded model
conv-26-qa-137,difference_prefix,2.5458296482090312,12.086599999747705,278.77960000478197,293.4120296527387,one shared preloaded model
conv-26-qa-138,difference_prefix,2.5458296482090312,13.78629999817349,415.04140000324696,431.37352964962946,one shared preloaded model
conv-26-qa-139,difference_prefix,2.5458296482090312,15.794700004335027,203.012599995418,221.35312964796205,one shared preloaded model
conv-26-qa-140,difference_prefix,2.5458296482090312,15.660400000342634,202.3680999991484,220.57432964770007,one shared preloaded model
conv-26-qa-141,difference_prefix,2.5458296482090312,13.610800000606105,358.161399999517,374.31802964833213,one shared preloaded model
conv-26-qa-142,difference_prefix,2.5458296482090312,16.985499998554587,239.15449999913108,258.68582964589467,one shared preloaded model
conv-26-qa-143,difference_prefix,2.5458296482090312,12.81330000347225,1477.8934999994817,1493.252629651163,one shared preloaded model
conv-26-qa-144,difference_prefix,2.5458296482090312,16.482999999425374,296.5031000057934,315.53192965342777,one shared preloaded model
conv-26-qa-145,difference_prefix,2.5458296482090312,12.019499998132233,215.41830000205664,229.9836296483979,one shared preloaded model
conv-26-qa-146,difference_prefix,2.5458296482090312,12.68759999948088,216.86599999520695,232.09942964289687,one shared preloaded model
conv-26-qa-147,difference_prefix,2.5458296482090312,11.989400001766626,166.01589999481803,180.5511296447937,one shared preloaded model
conv-26-qa-148,difference_prefix,2.5458296482090312,19.319700004416518,342.54040000087116,364.4059296534967,one shared preloaded model
conv-26-qa-149,difference_prefix,2.5458296482090312,15.537100000074133,184.55689999973401,202.63982964801718,one shared preloaded model
conv-26-qa-150,difference_prefix,2.5458296482090312,17.48119999683695,188.7432000003173,208.7702296453633,one shared preloaded model
conv-26-qa-151,difference_prefix,2.5458296482090312,19.664999999804422,1499.5377999948687,1521.7486296428822,one shared preloaded model
conv-26-qa-152,difference_prefix,2.5458296482090312,13.470699996105395,187.28569999802858,203.302229642343,one shared preloaded model
conv-26-qa-153,difference_prefix,2.5458296482090312,19.61759999539936,338.2121000031475,360.37552964675587,one shared preloaded model
conv-26-qa-154,difference_prefix,2.5458296482090312,13.493200000084471,255.0686999966274,271.1077296449209,one shared preloaded model
conv-26-qa-155,difference_prefix,2.5458296482090312,11.8406000037794,161.94739999627927,176.3338296482677,one shared preloaded model
conv-26-qa-156,difference_prefix,2.5458296482090312,17.78539999941131,219.83840000029886,240.1696296479192,one shared preloaded model
conv-26-qa-157,difference_prefix,2.5458296482090312,13.29039999836823,239.82949999481207,255.66572964138933,one shared preloaded model
conv-26-qa-158,difference_prefix,2.5458296482090312,16.124699999636505,91.55839999584714,110.22892964369268,one shared preloaded model
conv-26-qa-159,difference_prefix,2.5458296482090312,18.958100001327693,170.84620000241557,192.3501296519523,one shared preloaded model
conv-26-qa-160,difference_prefix,2.5458296482090312,18.751899995550048,205.39379999536322,226.6915296391223,one shared preloaded model
conv-26-qa-161,difference_prefix,2.5458296482090312,15.794899998581968,158.59369999816408,176.9344296449551,one shared preloaded model
conv-26-qa-162,difference_prefix,2.5458296482090312,17.34960000612773,287.7156999966246,307.61112965096135,one shared preloaded model
conv-26-qa-163,difference_prefix,2.5458296482090312,12.978999999177177,266.7760999975144,282.3009296449006,one shared preloaded model
conv-26-qa-164,difference_prefix,2.5458296482090312,16.72050000343006,265.4227999955765,284.68912964721557,one shared preloaded model
conv-26-qa-165,difference_prefix,2.5458296482090312,12.24720000027446,214.36930000345455,229.16232965193805,one shared preloaded model
conv-26-qa-166,difference_prefix,2.5458296482090312,13.45259999652626,193.26059999730205,209.25902964203735,one shared preloaded model
conv-26-qa-167,difference_prefix,2.5458296482090312,19.035999997868203,182.48060000041733,204.06242964649456,one shared preloaded model
conv-26-qa-168,difference_prefix,2.5458296482090312,19.531400001142174,146.60359999834327,168.68082964769448,one shared preloaded model
conv-26-qa-169,difference_prefix,2.5458296482090312,19.182399999408517,283.3069000043906,305.03512965200815,one shared preloaded model
conv-26-qa-170,difference_prefix,2.5458296482090312,12.081900000339374,212.61480000248412,227.24252965103253,one shared preloaded model
conv-26-qa-171,difference_prefix,2.5458296482090312,12.091899996448774,211.27359999809414,225.91132964275195,one shared preloaded model
conv-26-qa-172,difference_prefix,2.5458296482090312,15.848100003495347,137.51809999666875,155.91202964837314,one shared preloaded model
conv-26-qa-173,difference_prefix,2.5458296482090312,17.39860000088811,175.69270000240067,195.63712965149782,one shared preloaded model
conv-26-qa-174,difference_prefix,2.5458296482090312,19.41919999808306,241.30480000167154,263.2698296479636,one shared preloaded model
conv-26-qa-175,difference_prefix,2.5458296482090312,12.971900003321934,426.3007000045036,441.81842965603454,one shared preloaded model
conv-26-qa-176,difference_prefix,2.5458296482090312,13.236200000392273,188.70340000285069,204.485429651452,one shared preloaded model
conv-26-qa-177,difference_prefix,2.5458296482090312,19.27100000466453,177.70780000137165,199.52462965424522,one shared preloaded model
conv-26-qa-178,difference_prefix,2.5458296482090312,20.017800001369324,198.5625000015716,221.12612965114997,one shared preloaded model
conv-26-qa-179,difference_prefix,2.5458296482090312,15.662400001019705,231.02369999833172,249.23192964756046,one shared preloaded model
conv-26-qa-180,difference_prefix,2.5458296482090312,13.488700002199039,204.3026000028476,220.3371296532557,one shared preloaded model
conv-26-qa-181,difference_prefix,2.5458296482090312,12.719600003038067,177.53049999737414,192.79592964862124,one shared preloaded model
conv-26-qa-182,difference_prefix,2.5458296482090312,19.576999999117106,268.90029999776743,291.02312964509355,one shared preloaded model
conv-26-qa-183,difference_prefix,2.5458296482090312,12.256699999852572,284.70999999990454,299.5125296479661,one shared preloaded model
conv-26-qa-184,difference_prefix,2.5458296482090312,12.056000006850809,153.07390000089072,167.67572965595056,one shared preloaded model
conv-26-qa-185,difference_prefix,2.5458296482090312,18.778199999360368,801.8454999983078,823.1695296458772,one shared preloaded model
conv-26-qa-186,difference_prefix,2.5458296482090312,20.142600005783606,233.17780000070343,255.86622965469607,one shared preloaded model
conv-26-qa-187,difference_prefix,2.5458296482090312,12.699200000497513,190.63009999808855,205.8751296467951,one shared preloaded model
conv-26-qa-188,difference_prefix,2.5458296482090312,17.727099999319762,202.74610000342363,223.01902965095243,one shared preloaded model
conv-26-qa-189,difference_prefix,2.5458296482090312,12.915800005430356,185.63569999969332,201.0973296533327,one shared preloaded model
conv-26-qa-190,difference_prefix,2.5458296482090312,19.122999998216983,362.86090000066906,384.52972964709505,one shared preloaded model
conv-26-qa-191,difference_prefix,2.5458296482090312,16.911599996092264,196.50209999963408,215.95952964393538,one shared preloaded model
conv-26-qa-192,difference_prefix,2.5458296482090312,14.813400004641153,191.79019999864977,209.14942965149996,one shared preloaded model
conv-26-qa-193,difference_prefix,2.5458296482090312,15.827499999431893,206.77230000001146,225.14562964765238,one shared preloaded model
conv-26-qa-194,difference_prefix,2.5458296482090312,14.166599998134188,180.80970000301022,197.52212964935345,one shared preloaded model
conv-26-qa-195,difference_prefix,2.5458296482090312,19.396599993342534,174.02600000059465,195.96842964214622,one shared preloaded model
conv-26-qa-196,difference_prefix,2.5458296482090312,19.306800000777002,195.1074000025983,216.96002965158434,one shared preloaded model
conv-26-qa-197,difference_prefix,2.5458296482090312,15.628400004061405,188.35240000043996,206.5266296527104,one shared preloaded model
conv-26-qa-198,difference_prefix,2.5458296482090312,20.19809999910649,207.0681000041077,229.81202965142322,one shared preloaded model
conv-30-qa-0,difference_prefix,2.340539999949258,17.84840000618715,503.2247000053758,523.4136400115121,one shared preloaded model
conv-30-qa-1,difference_prefix,2.340539999949258,14.52860000426881,502.0317000016803,518.9008400058983,one shared preloaded model
conv-30-qa-2,difference_prefix,2.340539999949258,14.533299996401183,185.0191999983508,201.89303999470127,one shared preloaded model
conv-30-qa-3,difference_prefix,2.340539999949258,17.17829999688547,82.15829999971902,101.67713999655375,one shared preloaded model
conv-30-qa-4,difference_prefix,2.340539999949258,10.929999996733386,276.12260000023525,289.3931399969179,one shared preloaded model
conv-30-qa-5,difference_prefix,2.340539999949258,10.844500000530388,267.8691000037361,281.05414000421575,one shared preloaded model
conv-30-qa-6,difference_prefix,2.340539999949258,10.874599996895995,158.2288999998127,171.44403999665798,one shared preloaded model
conv-30-qa-7,difference_prefix,2.340539999949258,17.483600000559818,342.9773000025307,362.8014400030398,one shared preloaded model
conv-30-qa-8,difference_prefix,2.340539999949258,14.96950000000652,297.12400000425987,314.43404000421566,one shared preloaded model
conv-30-qa-9,difference_prefix,2.340539999949258,11.846999994304497,217.32340000016848,231.51093999442224,one shared preloaded model
conv-30-qa-10,difference_prefix,2.340539999949258,10.999400001310278,516.7823000010685,530.122240002328,one shared preloaded model
conv-30-qa-11,difference_prefix,2.340539999949258,11.31800000439398,214.07499999622814,227.7335400005714,one shared preloaded model
conv-30-qa-12,difference_prefix,2.340539999949258,12.578000001667533,503.12209999538027,518.040639996997,one shared preloaded model
conv-30-qa-13,difference_prefix,2.340539999949258,13.901199999963865,496.9033999950625,513.1451399949756,one shared preloaded model
conv-30-qa-14,difference_prefix,2.340539999949258,12.323300004936755,488.52240000269376,503.1862400075798,one shared preloaded model
conv-30-qa-15,difference_prefix,2.340539999949258,15.00780000060331,505.3682999932789,522.7166399938314,one shared preloaded model
conv-30-qa-16,difference_prefix,2.340539999949258,12.201800003822427,173.6869000014849,188.2292400052566,one shared preloaded model
conv-30-qa-17,difference_prefix,2.340539999949258,16.13579999684589,274.56309999979567,293.03943999659083,one shared preloaded model
conv-30-qa-18,difference_prefix,2.340539999949258,12.129899994761217,196.12350000534207,210.59394000005256,one shared preloaded model
conv-30-qa-19,difference_prefix,2.340539999949258,13.637100004416425,478.77230000449345,494.74994000885914,one shared preloaded model
conv-30-qa-20,difference_prefix,2.340539999949258,10.89240000146674,486.0069999995176,499.2399400009336,one shared preloaded model
conv-30-qa-21,difference_prefix,2.340539999949258,14.224300000932999,495.30480000248645,511.8696400033687,one shared preloaded model
conv-30-qa-22,difference_prefix,2.340539999949258,14.81190000049537,1620.6010000023525,1637.753440002797,one shared preloaded model
conv-30-qa-23,difference_prefix,2.340539999949258,12.343299997155555,510.3705000001355,525.0543399972403,one shared preloaded model
conv-30-qa-24,difference_prefix,2.340539999949258,14.035400003194809,133.05709999985993,149.433040003004,one shared preloaded model
conv-30-qa-25,difference_prefix,2.340539999949258,17.36220000020694,213.6737999971956,233.3765399973518,one shared preloaded model
conv-30-qa-26,difference_prefix,2.340539999949258,12.223800003994256,491.45339999813586,506.0177400020794,one shared preloaded model
conv-30-qa-27,difference_prefix,2.340539999949258,14.019100002769846,191.22440000501228,207.5840400077314,one shared preloaded model
conv-30-qa-28,difference_prefix,2.340539999949258,16.896299996005837,345.1491000014357,364.38593999739084,one shared preloaded model
conv-30-qa-29,difference_prefix,2.340539999949258,14.116199999989476,131.8771000005654,148.33384000050415,one shared preloaded model
conv-30-qa-30,difference_prefix,2.340539999949258,17.653599999903236,157.30649999750312,177.30063999735563,one shared preloaded model
conv-30-qa-31,difference_prefix,2.340539999949258,14.394999998330604,155.41000000666827,172.14554000494815,one shared preloaded model
conv-30-qa-32,difference_prefix,2.340539999949258,13.729600002989173,327.0868000035989,343.15694000653735,one shared preloaded model
conv-30-qa-33,difference_prefix,2.340539999949258,14.117399994574953,485.37539999961155,501.83333999413577,one shared preloaded model
conv-30-qa-34,difference_prefix,2.340539999949258,11.697099995217286,323.0337999993935,337.0714399945601,one shared preloaded model
conv-30-qa-35,difference_prefix,2.340539999949258,14.129499999398831,473.05620000406634,489.52624000341444,one shared preloaded model
conv-30-qa-36,difference_prefix,2.340539999949258,11.842400002933573,505.96260000020266,520.1455400030854,one shared preloaded model
conv-30-qa-37,difference_prefix,2.340539999949258,14.044399998965673,492.55770000308985,508.9426400020048,one shared preloaded model
conv-30-qa-38,difference_prefix,2.340539999949258,11.954499997955281,497.4166000029072,511.71164000081177,one shared preloaded model
conv-30-qa-39,difference_prefix,2.340539999949258,14.571399995475076,159.83440000127302,176.74633999669737,one shared preloaded model
conv-30-qa-40,difference_prefix,2.340539999949258,14.61379999818746,134.59169999987353,151.54603999801026,one shared preloaded model
conv-30-qa-41,difference_prefix,2.340539999949258,15.630300003977027,837.7206000004662,855.6914400043925,one shared preloaded model
conv-30-qa-42,difference_prefix,2.340539999949258,15.15800000197487,193.42609999876004,210.92464000068418,one shared preloaded model
conv-30-qa-43,difference_prefix,2.340539999949258,14.257099996029865,222.14619999431306,238.7438399902922,one shared preloaded model
conv-30-qa-44,difference_prefix,2.340539999949258,12.439599995559547,210.1937999977963,224.97393999330512,one shared preloaded model
conv-30-qa-45,difference_prefix,2.340539999949258,11.988700003712438,187.160399997083,201.4896400007447,one shared preloaded model
conv-30-qa-46,difference_prefix,2.340539999949258,12.973100005183369,183.9061999999103,199.21984000504295,one shared preloaded model
conv-30-qa-47,difference_prefix,2.340539999949258,18.25470000039786,434.6882999961963,455.2835399965434,one shared preloaded model
conv-30-qa-48,difference_prefix,2.340539999949258,11.216699997021351,187.3494999963441,200.90673999331472,one shared preloaded model
conv-30-qa-49,difference_prefix,2.340539999949258,17.70119999855524,334.7474000038346,354.78914000233914,one shared preloaded model
conv-30-qa-50,difference_prefix,2.340539999949258,14.251200002036057,211.74369999789633,228.33543999988166,one shared preloaded model
conv-30-qa-51,difference_prefix,2.340539999949258,10.967299996991642,555.3866000045673,568.6944400015082,one shared preloaded model
conv-30-qa-52,difference_prefix,2.340539999949258,14.673899997433182,560.1125999965006,577.127039993883,one shared preloaded model
conv-30-qa-53,difference_prefix,2.340539999949258,14.261699994676746,404.7987000012654,421.4009399958914,one shared preloaded model
conv-30-qa-54,difference_prefix,2.340539999949258,14.280100003816187,407.66559999610763,424.2862399998731,one shared preloaded model
conv-30-qa-55,difference_prefix,2.340539999949258,10.89730000239797,340.4242000033264,353.66204000567365,one shared preloaded model
conv-30-qa-56,difference_prefix,2.340539999949258,14.429099996050354,192.8914000018267,209.66103999782632,one shared preloaded model
conv-30-qa-57,difference_prefix,2.340539999949258,15.982199998688884,528.94290000404,547.2656400026781,one shared preloaded model
conv-30-qa-58,difference_prefix,2.340539999949258,13.661599994520657,194.86170000163838,210.8638399961083,one shared preloaded model
conv-30-qa-59,difference_prefix,2.340539999949258,12.759600002027582,281.71210000436986,296.8122400063467,one shared preloaded model
conv-30-qa-60,difference_prefix,2.340539999949258,11.05459999962477,108.10900000069523,121.50414000026926,one shared preloaded model
conv-30-qa-61,difference_prefix,2.340539999949258,11.839899998449255,138.07290000113426,152.25333999953278,one shared preloaded model
conv-30-qa-62,difference_prefix,2.340539999949258,17.12690000567818,204.25339999928838,223.72084000491583,one shared preloaded model
conv-30-qa-63,difference_prefix,2.340539999949258,13.628699998662341,183.27880000288133,199.24804000149294,one shared preloaded model
conv-30-qa-64,difference_prefix,2.340539999949258,12.570299993967637,169.50979999819538,184.42063999211229,one shared preloaded model
conv-30-qa-65,difference_prefix,2.340539999949258,16.93140000134008,166.6196999940439,185.89163999533326,one shared preloaded model
conv-30-qa-66,difference_prefix,2.340539999949258,17.37410000350792,454.5185000024503,474.2331400059075,one shared preloaded model
conv-30-qa-67,difference_prefix,2.340539999949258,14.522000004944857,245.93639999511652,262.79894000001065,one shared preloaded model
conv-30-qa-68,difference_prefix,2.340539999949258,11.692500003846362,193.48559999343706,207.5186399972327,one shared preloaded model
conv-30-qa-69,difference_prefix,2.340539999949258,16.090500001155306,162.65930000372464,181.09034000482922,one shared preloaded model
conv-30-qa-70,difference_prefix,2.340539999949258,17.420600001059938,201.91930000146385,221.68044000247306,one shared preloaded model
conv-30-qa-71,difference_prefix,2.340539999949258,11.233700002776459,373.3986000006553,386.972840003381,one shared preloaded model
conv-30-qa-72,difference_prefix,2.340539999949258,14.606800003093667,198.491399998602,215.43874000164493,one shared preloaded model
conv-30-qa-73,difference_prefix,2.340539999949258,11.756299994885921,157.25180000299588,171.34863999783107,one shared preloaded model
conv-30-qa-74,difference_prefix,2.340539999949258,18.41650000278605,220.19999999611173,240.95703999884705,one shared preloaded model
conv-30-qa-75,difference_prefix,2.340539999949258,13.038800003414508,314.94659999589203,330.3259399992558,one shared preloaded model
conv-30-qa-76,difference_prefix,2.340539999949258,12.162300001364201,424.55709999921964,439.0599400005331,one shared preloaded model
conv-30-qa-77,difference_prefix,2.340539999949258,11.908100001164712,145.15779999783263,159.4064399989466,one shared preloaded model
conv-30-qa-78,difference_prefix,2.340539999949258,17.50239999819314,401.4430000024731,421.28594000061554,one shared preloaded model
conv-30-qa-79,difference_prefix,2.340539999949258,10.915400001977105,244.68539999361383,257.9413399955402,one shared preloaded model
conv-30-qa-80,difference_prefix,2.340539999949258,14.338399996631779,182.2515999956522,198.93053999223326,one shared preloaded model
conv-30-qa-81,difference_prefix,2.340539999949258,17.89410000492353,420.0474999961443,440.2821400010171,one shared preloaded model
conv-30-qa-82,difference_prefix,2.340539999949258,10.996999997587409,197.0413999952143,210.378939992751,one shared preloaded model
conv-30-qa-83,difference_prefix,2.340539999949258,12.475299998186529,481.45750000549015,496.27334000362595,one shared preloaded model
conv-30-qa-84,difference_prefix,2.340539999949258,14.595100001315586,271.1319000009098,288.06754000217467,one shared preloaded model
conv-30-qa-85,difference_prefix,2.340539999949258,13.548099996114615,189.5481999963522,205.43683999241608,one shared preloaded model
conv-30-qa-86,difference_prefix,2.340539999949258,15.923799997835886,215.0991000016802,233.36343999946536,one shared preloaded model
conv-30-qa-87,difference_prefix,2.340539999949258,12.30799999757437,184.71710000449093,199.36564000201457,one shared preloaded model
conv-30-qa-88,difference_prefix,2.340539999949258,16.080499997769948,328.6431000015,347.0641399992192,one shared preloaded model
conv-30-qa-89,difference_prefix,2.340539999949258,11.994099993898999,212.70360000198707,227.03823999583534,one shared preloaded model
conv-30-qa-90,difference_prefix,2.340539999949258,11.22659999964526,145.09479999833275,158.66193999792728,one shared preloaded model
conv-30-qa-91,difference_prefix,2.340539999949258,17.11609999620123,149.15049999399344,168.60713999014393,one shared preloaded model
conv-30-qa-92,difference_prefix,2.340539999949258,17.285800000536256,353.1626999974833,372.7890399979688,one shared preloaded model
conv-30-qa-93,difference_prefix,2.340539999949258,11.934599999221973,191.44840000080876,205.72353999998,one shared preloaded model
conv-30-qa-94,difference_prefix,2.340539999949258,18.046099998173304,294.09109999687644,314.477739994999,one shared preloaded model
conv-30-qa-95,difference_prefix,2.340539999949258,14.754200004972517,125.08620000153314,142.18094000645493,one shared preloaded model
conv-30-qa-96,difference_prefix,2.340539999949258,18.137900005967822,174.33270000037737,194.81114000629447,one shared preloaded model
conv-30-qa-97,difference_prefix,2.340539999949258,17.23639999545412,190.43360000068787,210.01053999609127,one shared preloaded model
conv-30-qa-98,difference_prefix,2.340539999949258,17.156099995190743,178.21980000007898,197.716439995219,one shared preloaded model
conv-30-qa-99,difference_prefix,2.340539999949258,14.3404999980703,188.97679999645334,205.6578399944729,one shared preloaded model
conv-30-qa-100,difference_prefix,2.340539999949258,17.93829999951413,362.8943999938201,383.1732399932835,one shared preloaded model
conv-30-qa-101,difference_prefix,2.340539999949258,14.438600002904423,158.28260000125738,175.06174000411107,one shared preloaded model
conv-30-qa-102,difference_prefix,2.340539999949258,17.36660000460688,125.17549999756739,144.88264000212354,one shared preloaded model
conv-30-qa-103,difference_prefix,2.340539999949258,17.180199996801093,185.12770000234013,204.6484399990905,one shared preloaded model
conv-30-qa-104,difference_prefix,2.340539999949258,17.27789999858942,212.84279999963474,232.46123999817343,one shared preloaded model
conv-41-qa-0,difference_prefix,2.8594953368099434,22.495899997011293,121.13809999573277,146.493495329554,one shared preloaded model
conv-41-qa-1,difference_prefix,2.8594953368099434,14.029099998879246,496.86040000233334,513.7489953380225,one shared preloaded model
conv-41-qa-2,difference_prefix,2.8594953368099434,17.12750000297092,243.9587999979267,263.9457953377075,one shared preloaded model
conv-41-qa-3,difference_prefix,2.8594953368099434,12.996099998417776,259.20639999822015,275.06199533344784,one shared preloaded model
conv-41-qa-4,difference_prefix,2.8594953368099434,13.83440000063274,499.69399999827147,516.3878953357141,one shared preloaded model
conv-41-qa-5,difference_prefix,2.8594953368099434,14.539199997670949,150.83940000477014,168.23809533925103,one shared preloaded model
conv-41-qa-6,difference_prefix,2.8594953368099434,20.866899998509325,122.01859999913722,145.7449953344565,one shared preloaded model
conv-41-qa-7,difference_prefix,2.8594953368099434,13.35560000006808,135.81420000264188,152.0292953395199,one shared preloaded model
conv-41-qa-8,difference_prefix,2.8594953368099434,20.52719999483088,176.1207999952603,199.50749532690114,one shared preloaded model
conv-41-qa-9,difference_prefix,2.8594953368099434,20.740899999509566,189.99500000063563,213.59539533695514,one shared preloaded model
conv-41-qa-10,difference_prefix,2.8594953368099434,20.67220000026282,453.24909999908414,476.78079533615687,one shared preloaded model
conv-41-qa-11,difference_prefix,2.8594953368099434,18.3513000010862,105.85200000059558,127.06279533849172,one shared preloaded model
conv-41-qa-12,difference_prefix,2.8594953368099434,20.93320000130916,120.54270000226097,144.33539534038007,one shared preloaded model
conv-41-qa-13,difference_prefix,2.8594953368099434,19.63110000360757,324.29279999632854,346.783395336746,one shared preloaded model
conv-41-qa-14,difference_prefix,2.8594953368099434,18.348599995078985,208.85960000305204,230.06769533494096,one shared preloaded model
conv-41-qa-15,difference_prefix,2.8594953368099434,14.682799999718554,1220.144300001266,1237.6865953377944,one shared preloaded model
conv-41-qa-16,difference_prefix,2.8594953368099434,15.53359999525128,472.32870000152616,490.72179533358735,one shared preloaded model
conv-41-qa-17,difference_prefix,2.8594953368099434,13.376900002185721,165.33199999685166,181.56839533584733,one shared preloaded model
conv-41-qa-18,difference_prefix,2.8594953368099434,15.764800002216361,142.22580000205198,160.8500953410783,one shared preloaded model
conv-41-qa-19,difference_prefix,2.8594953368099434,18.16790000157198,199.23789999302244,220.26529533140436,one shared preloaded model
conv-41-qa-20,difference_prefix,2.8594953368099434,13.30700000107754,508.0491999979131,524.2156953358005,one shared preloaded model
conv-41-qa-21,difference_prefix,2.8594953368099434,18.622100003995,159.06410000025062,180.54569534105556,one shared preloaded model
conv-41-qa-22,difference_prefix,2.8594953368099434,21.057400001154747,514.7853000016767,538.7021953396413,one shared preloaded model
conv-41-qa-23,difference_prefix,2.8594953368099434,12.750500005495269,213.5578999950667,229.1678953373719,one shared preloaded model
conv-41-qa-24,difference_prefix,2.8594953368099434,15.25269999547163,475.4100999998627,493.52229533214427,one shared preloaded model
conv-41-qa-25,difference_prefix,2.8594953368099434,13.241399996331893,192.26899999921443,208.36989533235626,one shared preloaded model
conv-41-qa-26,difference_prefix,2.8594953368099434,18.025500001385808,267.2588999994332,288.1438953376289,one shared preloaded model
conv-41-qa-27,difference_prefix,2.8594953368099434,14.811799999733921,153.18670000124257,170.85799533778643,one shared preloaded model
conv-41-qa-28,difference_prefix,2.8594953368099434,21.038599996245466,241.27949999819975,265.17759533125513,one shared preloaded model
conv-41-qa-29,difference_prefix,2.8594953368099434,17.66160000261152,284.2746000023908,304.79569534181223,one shared preloaded model
conv-41-qa-30,difference_prefix,2.8594953368099434,17.232999998668674,185.69310000020778,205.7855953356864,one shared preloaded model
conv-41-qa-31,difference_prefix,2.8594953368099434,20.854200003668666,154.85349999653408,178.5671953370127,one shared preloaded model
conv-41-qa-32,difference_prefix,2.8594953368099434,20.855100003245752,201.50690000446048,225.22149534451617,one shared preloaded model
conv-41-qa-33,difference_prefix,2.8594953368099434,14.80489999812562,200.2680000005057,217.93239533544127,one shared preloaded model
conv-41-qa-34,difference_prefix,2.8594953368099434,14.307799996458925,488.1771000000299,505.34439533329873,one shared preloaded model
conv-41-qa-35,difference_prefix,2.8594953368099434,18.776999997498933,191.81570000364445,213.45219533795333,one shared preloaded model
conv-41-qa-36,difference_prefix,2.8594953368099434,16.901200004213024,442.08050000452204,461.841195345545,one shared preloaded model
conv-41-qa-37,difference_prefix,2.8594953368099434,13.935999995737802,215.74320000217995,232.5386953347277,one shared preloaded model
conv-41-qa-38,difference_prefix,2.8594953368099434,13.067100000625942,480.86879999755183,496.7953953349877,one shared preloaded model
conv-41-qa-39,difference_prefix,2.8594953368099434,17.314900003839284,300.82640000182437,321.00079534247357,one shared preloaded model
conv-41-qa-40,difference_prefix,2.8594953368099434,13.769900004263036,207.9234999982873,224.55289533936028,one shared preloaded model
conv-41-qa-41,difference_prefix,2.8594953368099434,14.85520000278484,178.66830000275513,196.38299534234991,one shared preloaded model
conv-41-qa-42,difference_prefix,2.8594953368099434,16.35740000347141,164.8166000013589,184.03349534164025,one shared preloaded model
conv-41-qa-43,difference_prefix,2.8594953368099434,21.22349999990547,474.7494000039296,498.832395340645,one shared preloaded model
conv-41-qa-44,difference_prefix,2.8594953368099434,13.154700005543418,863.9565999983461,879.9707953406994,one shared preloaded model
conv-41-qa-45,difference_prefix,2.8594953368099434,18.24029999988852,174.92889999994077,196.02869533663923,one shared preloaded model
conv-41-qa-46,difference_prefix,2.8594953368099434,20.9820000018226,496.3387999960105,520.180295334643,one shared preloaded model
conv-41-qa-47,difference_prefix,2.8594953368099434,17.37380000122357,157.25189999648137,177.48519533451488,one shared preloaded model
conv-41-qa-48,difference_prefix,2.8594953368099434,14.875400003802497,502.83280000439845,520.5676953450109,one shared preloaded model
conv-41-qa-49,difference_prefix,2.8594953368099434,17.73719999619061,244.4439999962924,265.04069532929293,one shared preloaded model
conv-41-qa-50,difference_prefix,2.8594953368099434,12.98990000213962,193.87970000389032,209.72909534283988,one shared preloaded model
conv-41-qa-51,difference_prefix,2.8594953368099434,16.358900000341237,493.28280000190716,512.5011953390583,one shared preloaded model
conv-41-qa-52,difference_prefix,2.8594953368099434,18.490900001779664,96.82099999918137,118.17139533777097,one shared preloaded model
conv-41-qa-53,difference_prefix,2.8594953368099434,15.472200000658631,321.51100000191946,339.842695339388,one shared preloaded model
conv-41-qa-54,difference_prefix,2.8594953368099434,18.28650000243215,320.9442000006675,342.09019533990954,one shared preloaded model
conv-41-qa-55,difference_prefix,2.8594953368099434,17.862200002127793,464.83279999665683,485.55449533559454,one shared preloaded model
conv-41-qa-56,difference_prefix,2.8594953368099434,18.388899996352848,482.5215999953798,503.76999532854256,one shared preloaded model
conv-41-qa-57,difference_prefix,2.8594953368099434,17.495100000815,689.330000001064,709.684595338689,one shared preloaded model
conv-41-qa-58,difference_prefix,2.8594953368099434,17.729399995005224,184.46940000285394,205.0582953346691,one shared preloaded model
conv-41-qa-59,difference_prefix,2.8594953368099434,21.304200003214646,153.07329999632202,177.2369953363466,one shared preloaded model
conv-41-qa-60,difference_prefix,2.8594953368099434,20.972899998014327,135.7298000002629,159.56219533508718,one shared preloaded model
conv-41-qa-61,difference_prefix,2.8594953368099434,20.448700000997633,176.0608999975375,199.36909533534507,one shared preloaded model
conv-41-qa-62,difference_prefix,2.8594953368099434,21.547699994698633,122.02189999516122,146.4290953266698,one shared preloaded model
conv-41-qa-63,difference_prefix,2.8594953368099434,17.651400004979223,113.33839999861084,133.8492953404,one shared preloaded model
conv-41-qa-64,difference_prefix,2.8594953368099434,20.931800005200785,168.7822999956552,192.57359533766592,one shared preloaded model
conv-41-qa-65,difference_prefix,2.8594953368099434,20.840799996221904,197.27209999837214,220.972395331404,one shared preloaded model
conv-41-qa-66,difference_prefix,2.8594953368099434,14.53380000020843,490.08039999898756,507.4736953360059,one shared preloaded model
conv-41-qa-67,difference_prefix,2.8594953368099434,18.70319999579806,237.35999999917112,258.9226953317791,one shared preloaded model
conv-41-qa-68,difference_prefix,2.8594953368099434,12.993399999686517,197.87229999928968,213.72519533578614,one shared preloaded model
conv-41-qa-69,difference_prefix,2.8594953368099434,13.364999998884741,144.0063000045484,160.23079534024308,one shared preloaded model
conv-41-qa-70,difference_prefix,2.8594953368099434,19.702799996593967,218.48770000360673,241.04999533701064,one shared preloaded model
conv-41-qa-71,difference_prefix,2.8594953368099434,14.220600001863204,132.69600000057835,149.7760953392515,one shared preloaded model
conv-41-qa-72,difference_prefix,2.8594953368099434,22.651600003882777,207.1421000000555,232.65319534074823,one shared preloaded model
conv-41-qa-73,difference_prefix,2.8594953368099434,14.952499994251411,166.81660000176635,184.6285953328277,one shared preloaded model
conv-41-qa-74,difference_prefix,2.8594953368099434,21.79660000547301,679.05150000297,703.7075953452529,one shared preloaded model
conv-41-qa-75,difference_prefix,2.8594953368099434,17.43279999936931,582.5355999986641,602.8278953348433,one shared preloaded model
conv-41-qa-76,difference_prefix,2.8594953368099434,18.616800000017975,551.0081000029459,572.4843953397738,one shared preloaded model
conv-41-qa-77,difference_prefix,2.8594953368099434,13.252300006570294,193.39230000332464,209.50409534670487,one shared preloaded model
conv-41-qa-78,difference_prefix,2.8594953368099434,20.551500005240086,98.91529999731574,122.32629533936577,one shared preloaded model
conv-41-qa-79,difference_prefix,2.8594953368099434,20.913599997584242,260.46559999667807,284.2386953310722,one shared preloaded model
conv-41-qa-80,difference_prefix,2.8594953368099434,14.128399998298846,172.67900000297232,189.6668953380811,one shared preloaded model
conv-41-qa-81,difference_prefix,2.8594953368099434,22.03379999991739,738.3743000027607,763.267595339488,one shared preloaded model
conv-41-qa-82,difference_prefix,2.8594953368099434,18.270499997015577,202.06660000258125,223.19659533640677,one shared preloaded model
conv-41-qa-83,difference_prefix,2.8594953368099434,13.744899995799642,246.04869999893708,262.65309533154664,one shared preloaded model
conv-41-qa-84,difference_prefix,2.8594953368099434,19.035600002098363,128.6432999986573,150.53839533756562,one shared preloaded model
conv-41-qa-85,difference_prefix,2.8594953368099434,15.444999997271225,159.70070000184933,178.0051953359305,one shared preloaded model
conv-41-qa-86,difference_prefix,2.8594953368099434,13.499000000592787,236.17989999911515,252.53839533651788,one shared preloaded model
conv-41-qa-87,difference_prefix,2.8594953368099434,18.84550000249874,237.88989999593468,259.59489533524334,one shared preloaded model
conv-41-qa-88,difference_prefix,2.8594953368099434,13.599500001873821,238.34280000301078,254.80179534169454,one shared preloaded model
conv-41-qa-89,difference_prefix,2.8594953368099434,18.090900004608557,255.32699999894248,276.27739534036095,one shared preloaded model
conv-41-qa-90,difference_prefix,2.8594953368099434,13.609499997983221,178.09690000285627,194.56589533764944,one shared preloaded model
conv-41-qa-91,difference_prefix,2.8594953368099434,21.325900001102127,221.5924999982235,245.77789533613557,one shared preloaded model
conv-41-qa-92,difference_prefix,2.8594953368099434,17.377700001816265,121.86710000241874,142.10429534104495,one shared preloaded model
conv-41-qa-93,difference_prefix,2.8594953368099434,20.509899994067382,202.00689999910537,225.3762953299827,one shared preloaded model
conv-41-qa-94,difference_prefix,2.8594953368099434,14.078399995923974,216.32990000216523,233.26779533489915,one shared preloaded model
conv-41-qa-95,difference_prefix,2.8594953368099434,13.194300001487136,538.568199997826,554.6219953361231,one shared preloaded model
conv-41-qa-96,difference_prefix,2.8594953368099434,18.06650000071386,238.29850000038277,259.22449533790655,one shared preloaded model
conv-41-qa-97,difference_prefix,2.8594953368099434,13.075000002572779,333.25880000484176,349.19329534422445,one shared preloaded model
conv-41-qa-98,difference_prefix,2.8594953368099434,18.75100000324892,264.248100000259,285.85859534031783,one shared preloaded model
conv-41-qa-99,difference_prefix,2.8594953368099434,18.214999996416736,416.21630000008736,437.290795333314,one shared preloaded model
conv-41-qa-100,difference_prefix,2.8594953368099434,17.556899998453446,193.47250000282656,213.88889533808995,one shared preloaded model
conv-41-qa-101,difference_prefix,2.8594953368099434,17.748400001437403,214.69810000417056,235.3059953424179,one shared preloaded model
conv-41-qa-102,difference_prefix,2.8594953368099434,14.895000000251457,121.22300000191899,138.9774953389804,one shared preloaded model
conv-41-qa-103,difference_prefix,2.8594953368099434,16.31450000422774,123.54350000532577,142.71749534636345,one shared preloaded model
conv-41-qa-104,difference_prefix,2.8594953368099434,21.350499999243766,189.31540000630775,213.52539534236146,one shared preloaded model
conv-41-qa-105,difference_prefix,2.8594953368099434,21.154699999897275,308.3016000018688,332.315795338576,one shared preloaded model
conv-41-qa-106,difference_prefix,2.8594953368099434,15.492999998969026,230.59729999658884,248.9497953323678,one shared preloaded model
conv-41-qa-107,difference_prefix,2.8594953368099434,14.702799999213312,1095.39400000358,1112.9562953396032,one shared preloaded model
conv-41-qa-108,difference_prefix,2.8594953368099434,14.239399999496527,254.70099999802187,271.7998953343283,one shared preloaded model
conv-41-qa-109,difference_prefix,2.8594953368099434,13.738900001044385,371.0623000006308,387.6606953384851,one shared preloaded model
conv-41-qa-110,difference_prefix,2.8594953368099434,17.850299998826813,1250.6581000052392,1271.367895340876,one shared preloaded model
conv-41-qa-111,difference_prefix,2.8594953368099434,13.842699998349417,243.50100000447128,260.2031953396306,one shared preloaded model
conv-41-qa-112,difference_prefix,2.8594953368099434,13.075900002149865,109.11730000225361,125.05269534121342,one shared preloaded model
conv-41-qa-113,difference_prefix,2.8594953368099434,22.49399999709567,227.03009999531787,252.38359532922348,one shared preloaded model
conv-41-qa-114,difference_prefix,2.8594953368099434,14.045399999304209,343.8480000040727,360.7528953401868,one shared preloaded model
conv-41-qa-115,difference_prefix,2.8594953368099434,18.853100002161227,209.16840000427328,230.88099534324445,one shared preloaded model
conv-41-qa-116,difference_prefix,2.8594953368099434,16.283200006000698,908.4838999988278,927.6265953416384,one shared preloaded model
conv-41-qa-117,difference_prefix,2.8594953368099434,18.89120000123512,203.05350000126055,224.8041953393056,one shared preloaded model
conv-41-qa-118,difference_prefix,2.8594953368099434,15.154900000197813,486.7609000066295,504.77529534363725,one shared preloaded model
conv-41-qa-119,difference_prefix,2.8594953368099434,18.365199997788295,253.19389999640407,274.4185953310023,one shared preloaded model
conv-41-qa-120,difference_prefix,2.8594953368099434,13.92590000614291,163.5662000044249,180.35159534737775,one shared preloaded model
conv-41-qa-121,difference_prefix,2.8594953368099434,20.469999995839316,166.6131999954814,189.94269532813067,one shared preloaded model
conv-41-qa-122,difference_prefix,2.8594953368099434,22.05870000034338,216.33309999742778,241.2512953345811,one shared preloaded model
conv-41-qa-123,difference_prefix,2.8594953368099434,14.041599999472965,329.0276999978232,345.9287953341061,one shared preloaded model
conv-41-qa-124,difference_prefix,2.8594953368099434,19.358600002306048,427.5573999984772,449.77549533759316,one shared preloaded model
conv-41-qa-125,difference_prefix,2.8594953368099434,18.612100000609644,456.13610000145854,477.6076953388781,one shared preloaded model
conv-41-qa-126,difference_prefix,2.8594953368099434,13.402099997620098,418.3928000056767,434.6543953401067,one shared preloaded model
conv-41-qa-127,difference_prefix,2.8594953368099434,18.529000000853557,386.8397999976878,408.2282953353513,one shared preloaded model
conv-41-qa-128,difference_prefix,2.8594953368099434,18.1698000014876,263.5932999983197,284.6225953366172,one shared preloaded model
conv-41-qa-129,difference_prefix,2.8594953368099434,18.15760000317823,225.43069999665022,246.4477953366384,one shared preloaded model
conv-41-qa-130,difference_prefix,2.8594953368099434,13.027900000452064,175.5540000012843,191.4413953385463,one shared preloaded model
conv-41-qa-131,difference_prefix,2.8594953368099434,22.40190000156872,177.0565999977407,202.31799533611937,one shared preloaded model
conv-41-qa-132,difference_prefix,2.8594953368099434,18.530000001192093,487.49629999656463,508.88579533456664,one shared preloaded model
conv-41-qa-133,difference_prefix,2.8594953368099434,17.93770000222139,539.9404999989201,560.7376953379514,one shared preloaded model
conv-41-qa-134,difference_prefix,2.8594953368099434,17.7038999972865,199.82849999360042,220.39189532769686,one shared preloaded model
conv-41-qa-135,difference_prefix,2.8594953368099434,17.77310000034049,404.7165000010864,425.3490953382368,one shared preloaded model
conv-41-qa-136,difference_prefix,2.8594953368099434,17.700799995509442,184.4420999987051,205.00239533102447,one shared preloaded model
conv-41-qa-137,difference_prefix,2.8594953368099434,15.788400000019465,183.09739999676822,201.74529533359762,one shared preloaded model
conv-41-qa-138,difference_prefix,2.8594953368099434,22.040199997718446,122.52979999902891,147.4294953335573,one shared preloaded model
conv-41-qa-139,difference_prefix,2.8594953368099434,16.05550000385847,290.66690000036033,309.5818953410287,one shared preloaded model
conv-41-qa-140,difference_prefix,2.8594953368099434,15.076699994096998,282.5860000011744,300.5221953320813,one shared preloaded model
conv-41-qa-141,difference_prefix,2.8594953368099434,18.36409999668831,320.1182999982848,341.341895331783,one shared preloaded model
conv-41-qa-142,difference_prefix,2.8594953368099434,13.695599998754915,121.18280000140658,137.73789533697143,one shared preloaded model
conv-41-qa-143,difference_prefix,2.8594953368099434,22.042099997634068,142.34220000071218,167.2437953351562,one shared preloaded model
conv-41-qa-144,difference_prefix,2.8594953368099434,21.203700001933612,148.1560000029276,172.21919534167117,one shared preloaded model
conv-41-qa-145,difference_prefix,2.8594953368099434,21.112199996423442,527.5763000026927,551.5479953359261,one shared preloaded model
conv-41-qa-146,difference_prefix,2.8594953368099434,16.71360000182176,192.59799999417737,212.17109533280907,one shared preloaded model
conv-41-qa-147,difference_prefix,2.8594953368099434,17.779399997380096,121.64990000019316,142.2887953343832,one shared preloaded model
conv-41-qa-148,difference_prefix,2.8594953368099434,17.846400005510077,148.9789999977802,169.6848953401002,one shared preloaded model
conv-41-qa-149,difference_prefix,2.8594953368099434,21.151300003111828,195.3868999989936,219.39769533891538,one shared preloaded model
conv-41-qa-150,difference_prefix,2.8594953368099434,15.561100000923034,289.2347000015434,307.65529533927634,one shared preloaded model
conv-41-qa-151,difference_prefix,2.8594953368099434,15.038400000776164,174.73899999458808,192.6368953321742,one shared preloaded model
conv-41-qa-152,difference_prefix,2.8594953368099434,21.06890000140993,193.86669999948936,217.79509533770923,one shared preloaded model
conv-41-qa-153,difference_prefix,2.8594953368099434,17.750400002114475,194.76810000196565,215.37799534089007,one shared preloaded model
conv-41-qa-154,difference_prefix,2.8594953368099434,17.46869999624323,201.94709999486804,222.2752953279212,one shared preloaded model
conv-41-qa-155,difference_prefix,2.8594953368099434,13.979299998027273,322.61819999985164,339.4569953346888,one shared preloaded model
conv-41-qa-156,difference_prefix,2.8594953368099434,18.17499999742722,186.9899999946938,208.02449532893095,one shared preloaded model
conv-41-qa-157,difference_prefix,2.8594953368099434,21.357799996621907,200.3991000019596,224.61639533539145,one shared preloaded model
conv-41-qa-158,difference_prefix,2.8594953368099434,13.237999999546446,190.70810000266647,206.80559533902286,one shared preloaded model
conv-41-qa-159,difference_prefix,2.8594953368099434,22.471000003861263,149.90389999729814,175.23439533796935,one shared preloaded model
conv-41-qa-160,difference_prefix,2.8594953368099434,21.97639999940293,306.88860000373097,331.7244953399438,one shared preloaded model
conv-41-qa-161,difference_prefix,2.8594953368099434,16.634999999951106,184.55630000244128,204.05079533920232,one shared preloaded model
conv-41-qa-162,difference_prefix,2.8594953368099434,20.949300000211224,185.8219999994617,209.63079533648286,one shared preloaded model
conv-41-qa-163,difference_prefix,2.8594953368099434,21.1630999983754,448.12919999822043,472.15179533340574,one shared preloaded model
conv-41-qa-164,difference_prefix,2.8594953368099434,17.40550000249641,207.56830000027549,227.83329533958184,one shared preloaded model
conv-41-qa-165,difference_prefix,2.8594953368099434,16.41160000144737,184.00750000000698,203.2785953382643,one shared preloaded model
conv-41-qa-166,difference_prefix,2.8594953368099434,19.270099997811485,173.4537000011187,195.58329533574013,one shared preloaded model
conv-41-qa-167,difference_prefix,2.8594953368099434,21.71999999700347,132.47799999953713,157.05749533335054,one shared preloaded model
conv-41-qa-168,difference_prefix,2.8594953368099434,21.32240000355523,239.36089999915566,263.5427953395208,one shared preloaded model
conv-41-qa-169,difference_prefix,2.8594953368099434,13.076100003672764,329.54059999610763,345.4761953365903,one shared preloaded model
conv-41-qa-170,difference_prefix,2.8594953368099434,18.106700001226272,143.6011999976472,164.56739533568341,one shared preloaded model
conv-41-qa-171,difference_prefix,2.8594953368099434,21.403999999165535,349.0696000008029,373.33309533677834,one shared preloaded model
conv-41-qa-172,difference_prefix,2.8594953368099434,19.540300003427546,230.78099999838741,253.1807953386249,one shared preloaded model
conv-41-qa-173,difference_prefix,2.8594953368099434,14.93579999805661,211.7528000017046,229.54809533657115,one shared preloaded model
conv-41-qa-174,difference_prefix,2.8594953368099434,13.797100000374485,366.22670000360813,382.88329534079253,one shared preloaded model
conv-41-qa-175,difference_prefix,2.8594953368099434,17.694000001938548,145.3514000022551,165.9048953410036,one shared preloaded model
conv-41-qa-176,difference_prefix,2.8594953368099434,22.091099999670405,187.58570000500185,212.5362953414822,one shared preloaded model
conv-41-qa-177,difference_prefix,2.8594953368099434,22.010699998645578,202.4939999973867,227.36419533284223,one shared preloaded model
conv-41-qa-178,difference_prefix,2.8594953368099434,15.225200004351791,307.8843999974197,325.9690953385814,one shared preloaded model
conv-41-qa-179,difference_prefix,2.8594953368099434,14.720699997269548,182.35559999448014,199.93579532855964,one shared preloaded model
conv-41-qa-180,difference_prefix,2.8594953368099434,16.04329999827314,176.17279999831226,195.07559533339534,one shared preloaded model
conv-41-qa-181,difference_prefix,2.8594953368099434,16.230799999902956,213.04840000084369,232.13869533755658,one shared preloaded model
conv-41-qa-182,difference_prefix,2.8594953368099434,16.381499997805804,213.6471999983769,232.88819533299264,one shared preloaded model
conv-41-qa-183,difference_prefix,2.8594953368099434,13.568600006692577,185.26440000277944,201.69249534628196,one shared preloaded model
conv-41-qa-184,difference_prefix,2.8594953368099434,21.938199999567587,192.5247999970452,217.32249533342272,one shared preloaded model
conv-41-qa-185,difference_prefix,2.8594953368099434,18.079500005114824,180.16170000191778,201.10069534384255,one shared preloaded model
conv-41-qa-186,difference_prefix,2.8594953368099434,21.636699995724484,283.0062000066391,307.5023953391735,one shared preloaded model
conv-41-qa-187,difference_prefix,2.8594953368099434,13.17189999826951,196.2926999985939,212.32409533367334,one shared preloaded model
conv-41-qa-188,difference_prefix,2.8594953368099434,15.438099995662924,181.54149999463698,199.83909532710985,one shared preloaded model
conv-41-qa-189,difference_prefix,2.8594953368099434,16.421699998318218,153.54549999756273,172.8266953326909,one shared preloaded model
conv-41-qa-190,difference_prefix,2.8594953368099434,21.711400004278403,257.6210999977775,282.1919953388658,one shared preloaded model
conv-41-qa-191,difference_prefix,2.8594953368099434,20.259800003259443,203.47460000630235,226.59389534637174,one shared preloaded model
conv-41-qa-192,difference_prefix,2.8594953368099434,18.16819999658037,201.3126000019838,222.34029533537412,one shared preloaded model
conv-42-qa-0,difference_prefix,1.8556846153772382,20.252299997082446,92.36210000381107,114.47008461627075,one shared preloaded model
conv-42-qa-1,difference_prefix,1.8556846153772382,20.041799994942266,260.5645000003278,282.46198461064733,one shared preloaded model
conv-42-qa-2,difference_prefix,1.8556846153772382,13.650100001541432,509.63490000140155,525.1406846183202,one shared preloaded model
conv-42-qa-3,difference_prefix,1.8556846153772382,12.75030000397237,495.89620000188006,510.5021846212297,one shared preloaded model
conv-42-qa-4,difference_prefix,1.8556846153772382,13.313999996171333,150.9063999983482,166.07608460989678,one shared preloaded model
conv-42-qa-5,difference_prefix,1.8556846153772382,19.337400000949856,226.82029999850783,248.01338461483493,one shared preloaded model
conv-42-qa-6,difference_prefix,1.8556846153772382,12.460799996915739,505.18920000467915,519.5056846169721,one shared preloaded model
conv-42-qa-7,difference_prefix,1.8556846153772382,12.645400005567353,326.41529999818886,340.91638461913345,one shared preloaded model
conv-42-qa-8,difference_prefix,1.8556846153772382,16.83490000141319,512.1004000029643,530.7909846197547,one shared preloaded model
conv-42-qa-9,difference_prefix,1.8556846153772382,13.018500001635402,173.3622000028845,188.23638461989714,one shared preloaded model
conv-42-qa-10,difference_prefix,1.8556846153772382,20.09849999740254,276.06110000488115,298.01528461766094,one shared preloaded model
conv-42-qa-11,difference_prefix,1.8556846153772382,13.671799999428913,398.5413999980665,414.06888461287264,one shared preloaded model
conv-42-qa-12,difference_prefix,1.8556846153772382,13.521200002287515,204.14080000045942,219.51768461812418,one shared preloaded model
conv-42-qa-13,difference_prefix,1.8556846153772382,14.256499998737127,490.66920000041137,506.78138461452573,one shared preloaded model
conv-42-qa-14,difference_prefix,1.8556846153772382,14.926299998478498,180.43279999983497,197.2147846136907,one shared preloaded model
conv-42-qa-15,difference_prefix,1.8556846153772382,19.422899997152854,310.82079999760026,332.09938461013036,one shared preloaded model
conv-42-qa-16,difference_prefix,1.8556846153772382,17.196600005263463,357.3428999952739,376.3951846159146,one shared preloaded model
conv-42-qa-17,difference_prefix,1.8556846153772382,13.290700000652578,184.86240000493126,200.00878462096108,one shared preloaded model
conv-42-qa-18,difference_prefix,1.8556846153772382,19.8856999995769,225.73579999880167,247.4771846137558,one shared preloaded model
conv-42-qa-19,difference_prefix,1.8556846153772382,13.21250000182772,122.09929999517044,137.1674846123754,one shared preloaded model
conv-42-qa-20,difference_prefix,1.8556846153772382,19.468100006633904,490.57380000158446,511.8975846235956,one shared preloaded model
conv-42-qa-21,difference_prefix,1.8556846153772382,13.940400000137743,110.97940000036033,126.77548461587531,one shared preloaded model
conv-42-qa-22,difference_prefix,1.8556846153772382,15.930900000967085,448.0898999972851,465.87648461362943,one shared preloaded model
conv-42-qa-23,difference_prefix,1.8556846153772382,15.09529999748338,380.5533999984618,397.50438461132245,one shared preloaded model
conv-42-qa-24,difference_prefix,1.8556846153772382,13.028699999267701,186.41970000317087,201.30408461781582,one shared preloaded model
conv-42-qa-25,difference_prefix,1.8556846153772382,19.940499994845595,458.9048999987426,480.70108460896546,one shared preloaded model
conv-42-qa-26,difference_prefix,1.8556846153772382,17.200900001625996,204.7628000000259,223.81938461702913,one shared preloaded model
conv-42-qa-27,difference_prefix,1.8556846153772382,13.999900002090726,212.37160000600852,228.2271846234765,one shared preloaded model
conv-42-qa-28,difference_prefix,1.8556846153772382,13.753100000030827,507.69340000260854,523.3021846180166,one shared preloaded model
conv-42-qa-29,difference_prefix,1.8556846153772382,13.428400001430418,311.78799999906914,327.0720846158768,one shared preloaded model
conv-42-qa-30,difference_prefix,1.8556846153772382,15.495400002691895,163.90599999431288,181.25708461238202,one shared preloaded model
conv-42-qa-31,difference_prefix,1.8556846153772382,19.74089999566786,325.20419999491423,346.80078460595934,one shared preloaded model
conv-42-qa-32,difference_prefix,1.8556846153772382,13.468700002704281,183.8932999962708,199.21768461435232,one shared preloaded model
conv-42-qa-33,difference_prefix,1.8556846153772382,19.88030000211438,504.579599997669,526.3155846151606,one shared preloaded model
conv-42-qa-34,difference_prefix,1.8556846153772382,13.091100001474842,557.4812999984715,572.4280846153235,one shared preloaded model
conv-42-qa-35,difference_prefix,1.8556846153772382,17.317199999524746,540.6666999988374,559.8395846137394,one shared preloaded model
conv-42-qa-36,difference_prefix,1.8556846153772382,17.27489999757381,526.0905000031926,545.2210846161436,one shared preloaded model
conv-42-qa-37,difference_prefix,1.8556846153772382,14.785100000153761,522.0235000015236,538.6642846170546,one shared preloaded model
conv-42-qa-38,difference_prefix,1.8556846153772382,17.10800000000745,340.6265000012354,359.5901846166201,one shared preloaded model
conv-42-qa-39,difference_prefix,1.8556846153772382,13.023799998336472,345.3640999941854,360.2435846078991,one shared preloaded model
conv-42-qa-40,difference_prefix,1.8556846153772382,16.27860000007786,491.9526999947266,510.0869846101817,one shared preloaded model
conv-42-qa-41,difference_prefix,1.8556846153772382,13.53699999890523,343.4541000024183,358.84678461670075,one shared preloaded model
conv-42-qa-42,difference_prefix,1.8556846153772382,13.492300000507385,189.11579999985406,204.4637846157387,one shared preloaded model
conv-42-qa-43,difference_prefix,1.8556846153772382,18.854299996746704,180.8422999965842,201.55228460870813,one shared preloaded model
conv-42-qa-44,difference_prefix,1.8556846153772382,20.119100001465995,517.50589999574,539.4806846125832,one shared preloaded model
conv-42-qa-45,difference_prefix,1.8556846153772382,18.62470000196481,169.39629999978933,189.8766846171314,one shared preloaded model
conv-42-qa-46,difference_prefix,1.8556846153772382,19.435199996223673,160.44930000498425,181.74018461658517,one shared preloaded model
conv-42-qa-47,difference_prefix,1.8556846153772382,19.183099997462705,208.81620000000112,229.85498461284106,one shared preloaded model
conv-42-qa-48,difference_prefix,1.8556846153772382,12.375099999189842,509.29789999645436,523.5286846110214,one shared preloaded model
conv-42-qa-49,difference_prefix,1.8556846153772382,13.205900002503768,182.5855999995838,197.6471846174648,one shared preloaded model
conv-42-qa-50,difference_prefix,1.8556846153772382,18.84040000004461,157.04960000584833,177.7456846212702,one shared preloaded model
conv-42-qa-51,difference_prefix,1.8556846153772382,20.046800003910903,156.21639999881154,178.11888461809968,one shared preloaded model
conv-42-qa-52,difference_prefix,1.8556846153772382,20.724399997561704,121.47370000457158,144.05378461751053,one shared preloaded model
conv-42-qa-53,difference_prefix,1.8556846153772382,19.938399993407074,507.50730000436306,529.3013846131473,one shared preloaded model
conv-42-qa-54,difference_prefix,1.8556846153772382,12.78440000169212,347.99349999957485,362.6335846166442,one shared preloaded model
conv-42-qa-55,difference_prefix,1.8556846153772382,17.252300000109244,363.5385999950813,382.6465846105678,one shared preloaded model
conv-42-qa-56,difference_prefix,1.8556846153772382,12.684199995419476,161.06340000260388,175.6032846134006,one shared preloaded model
conv-42-qa-57,difference_prefix,1.8556846153772382,19.850699995004106,200.98139999754494,222.6877846079263,one shared preloaded model
conv-42-qa-58,difference_prefix,1.8556846153772382,12.57449999684468,215.61719999590423,230.04738460812615,one shared preloaded model
conv-42-qa-59,difference_prefix,1.8556846153772382,12.271600004169159,601.1015000040061,615.2287846235524,one shared preloaded model
conv-42-qa-60,difference_prefix,1.8556846153772382,12.464100000215694,194.11560000298778,208.4353846185807,one shared preloaded model
conv-42-qa-61,difference_prefix,1.8556846153772382,16.681199995218776,171.87730000296142,190.41418461355744,one shared preloaded model
conv-42-qa-62,difference_prefix,1.8556846153772382,18.941000002087094,207.70440000342205,228.5010846208864,one shared preloaded model
conv-42-qa-63,difference_prefix,1.8556846153772382,14.07900000049267,127.46689999767113,143.40158461354105,one shared preloaded model
conv-42-qa-64,difference_prefix,1.8556846153772382,19.84680000168737,204.67289999942295,226.37538461648757,one shared preloaded model
conv-42-qa-65,difference_prefix,1.8556846153772382,14.554200002748985,207.57030000095256,223.98018461907878,one shared preloaded model
conv-42-qa-66,difference_prefix,1.8556846153772382,12.540900002932176,216.12389999791048,230.5204846162199,one shared preloaded model
conv-42-qa-67,difference_prefix,1.8556846153772382,12.993999996979255,121.52359999890905,136.37328461126555,one shared preloaded model
conv-42-qa-68,difference_prefix,1.8556846153772382,15.519499997026287,206.62619999347953,224.00138460588306,one shared preloaded model
conv-42-qa-69,difference_prefix,1.8556846153772382,13.995200002682395,108.69229999661911,124.54318461467875,one shared preloaded model
conv-42-qa-70,difference_prefix,1.8556846153772382,14.557000002241693,271.55409999977564,287.9667846173946,one shared preloaded model
conv-42-qa-71,difference_prefix,1.8556846153772382,12.588099998538382,122.19220000406494,136.63598461798057,one shared preloaded model
conv-42-qa-72,difference_prefix,1.8556846153772382,17.317099998763297,178.89849999482976,198.0712846089703,one shared preloaded model
conv-42-qa-73,difference_prefix,1.8556846153772382,19.881500003975816,184.67729999974836,206.41448461910142,one shared preloaded model
conv-42-qa-74,difference_prefix,1.8556846153772382,19.538299995474517,279.0110999994795,300.40508461033124,one shared preloaded model
conv-42-qa-75,difference_prefix,1.8556846153772382,16.08969999506371,380.3016000019852,398.24698461242616,one shared preloaded model
conv-42-qa-76,difference_prefix,1.8556846153772382,13.404700002865866,525.2418000018224,540.5021846200655,one shared preloaded model
conv-42-qa-77,difference_prefix,1.8556846153772382,12.435899996489752,504.80789999710396,519.0994846089709,one shared preloaded model
conv-42-qa-78,difference_prefix,1.8556846153772382,17.083599996112753,95.85450000304263,114.79378461453263,one shared preloaded model
conv-42-qa-79,difference_prefix,1.8556846153772382,19.92719999543624,110.6424000026891,132.42528461350258,one shared preloaded model
conv-42-qa-80,difference_prefix,1.8556846153772382,15.123499993933365,96.60340000118595,113.58258461049655,one shared preloaded model
conv-42-qa-81,difference_prefix,1.8556846153772382,19.53009999851929,272.7234000049066,294.1091846188031,one shared preloaded model
conv-42-qa-82,difference_prefix,1.8556846153772382,16.804099999717437,270.2452000012272,288.9049846163219,one shared preloaded model
conv-42-qa-83,difference_prefix,1.8556846153772382,13.938199997937772,164.77519999898504,180.56908461230006,one shared preloaded model
conv-42-qa-84,difference_prefix,1.8556846153772382,21.31050000025425,189.24020000122255,212.40638461685404,one shared preloaded model
conv-42-qa-85,difference_prefix,1.8556846153772382,16.995800004224293,198.1785000025411,217.02998462214265,one shared preloaded model
conv-42-qa-86,difference_prefix,1.8556846153772382,14.04220000404166,340.8440999992308,356.7419846186497,one shared preloaded model
conv-42-qa-87,difference_prefix,1.8556846153772382,16.680699998687487,180.58880000171484,199.12518461577957,one shared preloaded model
conv-42-qa-88,difference_prefix,1.8556846153772382,16.485599997395184,191.1790000012843,209.52028461405672,one shared preloaded model
conv-42-qa-89,difference_prefix,1.8556846153772382,20.319600000220817,128.8808999961475,151.05618461174555,one shared preloaded model
conv-42-qa-90,difference_prefix,1.8556846153772382,19.860899999912363,241.32899999676738,263.045584612057,one shared preloaded model
conv-42-qa-91,difference_prefix,1.8556846153772382,13.285000000905711,520.9521999931894,536.0928846094723,one shared preloaded model
conv-42-qa-92,difference_prefix,1.8556846153772382,17.68850000371458,184.79220000153873,204.33638462063055,one shared preloaded model
conv-42-qa-93,difference_prefix,1.8556846153772382,20.19540000037523,271.4330000017071,293.4840846174596,one shared preloaded model
conv-42-qa-94,difference_prefix,1.8556846153772382,17.01129999855766,172.77710000053048,191.64408461446538,one shared preloaded model
conv-42-qa-95,difference_prefix,1.8556846153772382,21.053100004792213,230.64359999989392,253.55238462006338,one shared preloaded model
conv-42-qa-96,difference_prefix,1.8556846153772382,16.744000000471715,232.56500000570668,251.16468462155564,one shared preloaded model
conv-42-qa-97,difference_prefix,1.8556846153772382,14.304299998912029,104.17230000166455,120.33228461595382,one shared preloaded model
conv-42-qa-98,difference_prefix,1.8556846153772382,20.325400000729132,210.89390000270214,233.07498461880851,one shared preloaded model
conv-42-qa-99,difference_prefix,1.8556846153772382,13.292399999045301,492.5828999985242,507.73098461294677,one shared preloaded model
conv-42-qa-100,difference_prefix,1.8556846153772382,16.697599996405188,510.34389999404084,528.8971846058232,one shared preloaded model
conv-42-qa-101,difference_prefix,1.8556846153772382,17.773600004147738,254.22070000058739,273.84998462011237,one shared preloaded model
conv-42-qa-102,difference_prefix,1.8556846153772382,14.689700001326855,214.40599999914411,230.9513846158482,one shared preloaded model
conv-42-qa-103,difference_prefix,1.8556846153772382,14.461999999184627,203.00829999905545,219.32598461361732,one shared preloaded model
conv-42-qa-104,difference_prefix,1.8556846153772382,12.29099999909522,489.7962000031839,503.9428846176564,one shared preloaded model
conv-42-qa-105,difference_prefix,1.8556846153772382,14.180099999066442,239.422899998317,255.4586846127607,one shared preloaded model
conv-42-qa-106,difference_prefix,1.8556846153772382,13.181700000131968,286.4523000025656,301.4896846180748,one shared preloaded model
conv-42-qa-107,difference_prefix,1.8556846153772382,17.06160000321688,734.9854999993113,753.9027846179054,one shared preloaded model
conv-42-qa-108,difference_prefix,1.8556846153772382,17.358999997668434,513.0114000057802,532.2260846188258,one shared preloaded model
conv-42-qa-109,difference_prefix,1.8556846153772382,16.501800004334655,162.08100000221748,180.43848462192938,one shared preloaded model
conv-42-qa-110,difference_prefix,1.8556846153772382,19.84249999804888,358.64610000135144,380.34428461477756,one shared preloaded model
conv-42-qa-111,difference_prefix,1.8556846153772382,17.4808999945526,445.78809999802615,465.124684607956,one shared preloaded model
conv-42-qa-112,difference_prefix,1.8556846153772382,17.4371000030078,169.42740000376943,188.72018462215448,one shared preloaded model
conv-42-qa-113,difference_prefix,1.8556846153772382,16.038399997341912,226.4724999986356,244.36658461135477,one shared preloaded model
conv-42-qa-114,difference_prefix,1.8556846153772382,14.36190000094939,277.3397999990266,293.5573846153532,one shared preloaded model
conv-42-qa-115,difference_prefix,1.8556846153772382,13.076399998681154,285.4072999980417,300.3393846121001,one shared preloaded model
conv-42-qa-116,difference_prefix,1.8556846153772382,16.54430000053253,193.5185000038473,211.91848461975707,one shared preloaded model
conv-42-qa-117,difference_prefix,1.8556846153772382,15.834899997571483,207.23899999575224,224.92958460870096,one shared preloaded model
conv-42-qa-118,difference_prefix,1.8556846153772382,14.054200000828132,96.9037999966531,112.81368461285848,one shared preloaded model
conv-42-qa-119,difference_prefix,1.8556846153772382,20.839800003159326,138.51100000465522,161.20648462319178,one shared preloaded model
conv-42-qa-120,difference_prefix,1.8556846153772382,20.857999996223953,109.1872000033618,131.900884614963,one shared preloaded model
conv-42-qa-121,difference_prefix,1.8556846153772382,20.24669999809703,184.57840000337455,206.68078461684883,one shared preloaded model
conv-42-qa-122,difference_prefix,1.8556846153772382,16.854300003615208,189.24820000393083,207.95818462292328,one shared preloaded model
conv-42-qa-123,difference_prefix,1.8556846153772382,19.688200001837686,234.15779999777442,255.70168461498935,one shared preloaded model
conv-42-qa-124,difference_prefix,1.8556846153772382,13.066999999864493,195.30999999551568,210.23268461075742,one shared preloaded model
conv-42-qa-125,difference_prefix,1.8556846153772382,14.597100001992658,344.2148000031011,360.667584620471,one shared preloaded model
conv-42-qa-126,difference_prefix,1.8556846153772382,13.582100000348873,192.92290000157664,208.36068461730275,one shared preloaded model
conv-42-qa-127,difference_prefix,1.8556846153772382,17.795700005081017,254.61809999978868,274.26948462024694,one shared preloaded model
conv-42-qa-128,difference_prefix,1.8556846153772382,13.774999999441206,135.9096000014688,151.54028461628724,one shared preloaded model
conv-42-qa-129,difference_prefix,1.8556846153772382,20.52699999330798,150.63409999856958,173.0167846072548,one shared preloaded model
conv-42-qa-130,difference_prefix,1.8556846153772382,20.211099996231496,237.25710000144318,259.3238846130519,one shared preloaded model
conv-42-qa-131,difference_prefix,1.8556846153772382,12.9635999983293,432.32349999743747,447.142784611144,one shared preloaded model
conv-42-qa-132,difference_prefix,1.8556846153772382,16.673699996317737,206.2934000059613,224.82278461765628,one shared preloaded model
conv-42-qa-133,difference_prefix,1.8556846153772382,13.492300000507385,128.27200000174344,143.61998461762806,one shared preloaded model
conv-42-qa-134,difference_prefix,1.8556846153772382,14.850999999907799,231.6772000049241,248.38388462020913,one shared preloaded model
conv-42-qa-135,difference_prefix,1.8556846153772382,12.757699994836003,231.0730000026524,245.68638461286565,one shared preloaded model
conv-42-qa-136,difference_prefix,1.8556846153772382,14.220999997633044,101.73240000585793,117.80908461886821,one shared preloaded model
conv-42-qa-137,difference_prefix,1.8556846153772382,20.6086000034702,195.89309999719262,218.35738461604006,one shared preloaded model
conv-42-qa-138,difference_prefix,1.8556846153772382,15.348599998105783,240.52779999328777,257.7320846067708,one shared preloaded model
conv-42-qa-139,difference_prefix,1.8556846153772382,12.186799998744391,360.9656999979052,375.0081846120268,one shared preloaded model
conv-42-qa-140,difference_prefix,1.8556846153772382,13.015300006372854,612.2621999966213,627.1331846183714,one shared preloaded model
conv-42-qa-141,difference_prefix,1.8556846153772382,17.13449999806471,172.337999996671,191.32818461011294,one shared preloaded model
conv-42-qa-142,difference_prefix,1.8556846153772382,20.121100002143066,216.46329999930458,238.4400846168249,one shared preloaded model
conv-42-qa-143,difference_prefix,1.8556846153772382,14.597400004277006,119.8826999971061,136.33578461676035,one shared preloaded model
conv-42-qa-144,difference_prefix,1.8556846153772382,12.694699995336123,825.4467000006116,839.9970846113249,one shared preloaded model
conv-42-qa-145,difference_prefix,1.8556846153772382,14.740899998287205,273.605199996382,290.20178461004645,one shared preloaded model
conv-42-qa-146,difference_prefix,1.8556846153772382,13.560300001699943,276.8534999995609,292.26948461663807,one shared preloaded model
conv-42-qa-147,difference_prefix,1.8556846153772382,13.07230000384152,252.87119999848073,267.7991846176995,one shared preloaded model
conv-42-qa-148,difference_prefix,1.8556846153772382,17.04559999780031,427.2304999976768,446.13178461085437,one shared preloaded model
conv-42-qa-149,difference_prefix,1.8556846153772382,12.793899993994273,202.57739999942714,217.22698460879866,one shared preloaded model
conv-42-qa-150,difference_prefix,1.8556846153772382,12.642300003790297,204.17560000350932,218.67358462267686,one shared preloaded model
conv-42-qa-151,difference_prefix,1.8556846153772382,13.014099997235462,194.760899998073,209.6306846106857,one shared preloaded model
conv-42-qa-152,difference_prefix,1.8556846153772382,18.895300003350712,301.6434000019217,322.39438462064965,one shared preloaded model
conv-42-qa-153,difference_prefix,1.8556846153772382,17.289299998083152,306.87619999662274,326.02118461008314,one shared preloaded model
conv-42-qa-154,difference_prefix,1.8556846153772382,16.41889999882551,153.31489999516634,171.5894846093691,one shared preloaded model
conv-42-qa-155,difference_prefix,1.8556846153772382,20.13779999833787,265.6742999970447,287.66778461075984,one shared preloaded model
conv-42-qa-156,difference_prefix,1.8556846153772382,17.61629999964498,221.90179999597603,241.37378461099826,one shared preloaded model
conv-42-qa-157,difference_prefix,1.8556846153772382,14.915699997800402,414.2481999951997,431.01958460837733,one shared preloaded model
conv-42-qa-158,difference_prefix,1.8556846153772382,17.341200000373647,321.7799999983981,340.976884614149,one shared preloaded model
conv-42-qa-159,difference_prefix,1.8556846153772382,13.212199999543373,271.50329999858513,286.57118461350575,one shared preloaded model
conv-42-qa-160,difference_prefix,1.8556846153772382,13.173599996662233,144.53949999733595,159.56878460937543,one shared preloaded model
conv-42-qa-161,difference_prefix,1.8556846153772382,20.400300003529992,406.429599999683,428.6855846185902,one shared preloaded model
conv-42-qa-162,difference_prefix,1.8556846153772382,14.262900003814138,149.3549000006169,165.4734846198083,one shared preloaded model
conv-42-qa-163,difference_prefix,1.8556846153772382,19.879700004821643,166.78649999812478,188.52188461832367,one shared preloaded model
conv-42-qa-164,difference_prefix,1.8556846153772382,21.47799999511335,326.00600000296254,349.33968461345313,one shared preloaded model
conv-42-qa-165,difference_prefix,1.8556846153772382,16.87569999921834,244.1250999982003,262.8564846127959,one shared preloaded model
conv-42-qa-166,difference_prefix,1.8556846153772382,16.52520000061486,211.83810000366066,230.21898461965276,one shared preloaded model
conv-42-qa-167,difference_prefix,1.8556846153772382,12.731200004054699,224.52270000212593,239.10958462155787,one shared preloaded model
conv-42-qa-168,difference_prefix,1.8556846153772382,16.287599995848723,160.00670000357786,178.14998461480383,one shared preloaded model
conv-42-qa-169,difference_prefix,1.8556846153772382,19.705499995325226,116.1876999976812,137.74888460838366,one shared preloaded model
conv-42-qa-170,difference_prefix,1.8556846153772382,20.426399998541456,692.8600999963237,715.1421846102423,one shared preloaded model
conv-42-qa-171,difference_prefix,1.8556846153772382,17.369900000630878,179.06270000094082,198.28828461694894,one shared preloaded model
conv-42-qa-172,difference_prefix,1.8556846153772382,20.60910000000149,202.0029000050272,224.46768462040592,one shared preloaded model
conv-42-qa-173,difference_prefix,1.8556846153772382,13.373000001593027,828.1721000021207,843.4007846190909,one shared preloaded model
conv-42-qa-174,difference_prefix,1.8556846153772382,16.30549999390496,104.71759999927599,122.87878460855819,one shared preloaded model
conv-42-qa-175,difference_prefix,1.8556846153772382,20.106800002395175,152.61659999669064,174.57908461446306,one shared preloaded model
conv-42-qa-176,difference_prefix,1.8556846153772382,21.668200002750382,1369.718699999794,1393.2425846179215,one shared preloaded model
conv-42-qa-177,difference_prefix,1.8556846153772382,16.916599997784942,363.9899999980116,382.7622846111738,one shared preloaded model
conv-42-qa-178,difference_prefix,1.8556846153772382,13.339500001166016,205.6222999963211,220.81748461286435,one shared preloaded model
conv-42-qa-179,difference_prefix,1.8556846153772382,17.394100003002677,274.1849000012735,293.4346846196534,one shared preloaded model
conv-42-qa-180,difference_prefix,1.8556846153772382,13.18320000427775,314.9965999982669,330.0354846179219,one shared preloaded model
conv-42-qa-181,difference_prefix,1.8556846153772382,18.050700004096143,202.89690000208793,222.80328462156132,one shared preloaded model
conv-42-qa-182,difference_prefix,1.8556846153772382,13.566900001023896,195.9421999999904,211.36478461639155,one shared preloaded model
conv-42-qa-183,difference_prefix,1.8556846153772382,18.580800002382603,267.8689999956987,288.30548461345853,one shared preloaded model
conv-42-qa-184,difference_prefix,1.8556846153772382,13.187800002924632,183.3600000027218,198.40348462102367,one shared preloaded model
conv-42-qa-185,difference_prefix,1.8556846153772382,20.91369999834569,195.76650000090012,218.53588461462306,one shared preloaded model
conv-42-qa-186,difference_prefix,1.8556846153772382,16.100699998787604,146.59129999927245,164.5476846134373,one shared preloaded model
conv-42-qa-187,difference_prefix,1.8556846153772382,20.832800000789575,128.57549999898765,151.26398461515447,one shared preloaded model
conv-42-qa-188,difference_prefix,1.8556846153772382,15.936199997668155,194.56099999661092,212.35288460965631,one shared preloaded model
conv-42-qa-189,difference_prefix,1.8556846153772382,13.211999998020474,178.25819999416126,193.32588460755898,one shared preloaded model
conv-42-qa-190,difference_prefix,1.8556846153772382,19.785899996350054,194.26340000063647,215.90498461236376,one shared preloaded model
conv-42-qa-191,difference_prefix,1.8556846153772382,16.132299999298993,548.8782999964315,566.8662846111076,one shared preloaded model
conv-42-qa-192,difference_prefix,1.8556846153772382,17.10839999577729,247.1196000042255,266.08368461538004,one shared preloaded model
conv-42-qa-193,difference_prefix,1.8556846153772382,16.532400004507508,210.33310000348138,228.72118462336613,one shared preloaded model
conv-42-qa-194,difference_prefix,1.8556846153772382,12.459599995054305,327.40929999999935,341.7245846104309,one shared preloaded model
conv-42-qa-195,difference_prefix,1.8556846153772382,18.924200005130842,366.9609000062337,387.7407846267418,one shared preloaded model
conv-42-qa-196,difference_prefix,1.8556846153772382,16.59020000079181,151.99200000643032,170.43788462259937,one shared preloaded model
conv-42-qa-197,difference_prefix,1.8556846153772382,19.4885000018985,269.31190000323113,290.6560846205069,one shared preloaded model
conv-42-qa-198,difference_prefix,1.8556846153772382,14.303600000857841,400.0335999953677,416.1928846116028,one shared preloaded model
conv-42-qa-199,difference_prefix,1.8556846153772382,14.517600000544917,168.18469999998342,184.55798461590558,one shared preloaded model
conv-42-qa-200,difference_prefix,1.8556846153772382,19.797900000412483,152.77889999561012,174.43248461139984,one shared preloaded model
conv-42-qa-201,difference_prefix,1.8556846153772382,12.843199998314958,1250.3474999975879,1265.04638461128,one shared preloaded model
conv-42-qa-202,difference_prefix,1.8556846153772382,17.343799998343457,192.02190000214614,211.22138461586684,one shared preloaded model
conv-42-qa-203,difference_prefix,1.8556846153772382,16.257899995252956,209.99500000471016,228.10858461534036,one shared preloaded model
conv-42-qa-204,difference_prefix,1.8556846153772382,13.93340000504395,186.65129999862984,202.44038461905103,one shared preloaded model
conv-42-qa-205,difference_prefix,1.8556846153772382,20.0161000029766,173.48080000374466,195.3525846220985,one shared preloaded model
conv-42-qa-206,difference_prefix,1.8556846153772382,19.5298000035109,205.88660000066739,227.27208461955553,one shared preloaded model
conv-42-qa-207,difference_prefix,1.8556846153772382,12.947100003657397,205.73829999921145,220.5410846182461,one shared preloaded model
conv-42-qa-208,difference_prefix,1.8556846153772382,12.77249999839114,151.70170000055805,166.32988461432643,one shared preloaded model
conv-42-qa-209,difference_prefix,1.8556846153772382,19.77659999829484,208.75420000083977,230.38648461451186,one shared preloaded model
conv-42-qa-210,difference_prefix,1.8556846153772382,13.09209999453742,187.54769999941345,202.49548460932812,one shared preloaded model
conv-42-qa-211,difference_prefix,1.8556846153772382,19.124300000839867,645.021700001962,666.0016846181791,one shared preloaded model
conv-42-qa-212,difference_prefix,1.8556846153772382,12.97319999866886,160.0146999990102,174.8435846130563,one shared preloaded model
conv-42-qa-213,difference_prefix,1.8556846153772382,20.431999997526873,456.1312000005273,478.41888461343143,one shared preloaded model
conv-42-qa-214,difference_prefix,1.8556846153772382,17.0358999966993,200.30449999467237,219.1960846067489,one shared preloaded model
conv-42-qa-215,difference_prefix,1.8556846153772382,14.965499998652376,147.21129999816185,164.03248461219147,one shared preloaded model
conv-42-qa-216,difference_prefix,1.8556846153772382,20.831399997405242,227.8461999958381,250.5332846086206,one shared preloaded model
conv-42-qa-217,difference_prefix,1.8556846153772382,13.714399996388238,541.4789999995264,557.0490846112918,one shared preloaded model
conv-42-qa-218,difference_prefix,1.8556846153772382,17.03099999576807,193.74609999795211,212.63278460909743,one shared preloaded model
conv-42-qa-219,difference_prefix,1.8556846153772382,18.919899994216394,159.3256999985897,180.10128460818333,one shared preloaded model
conv-42-qa-220,difference_prefix,1.8556846153772382,12.775999995938037,165.78849999496015,180.42018460627543,one shared preloaded model
conv-42-qa-221,difference_prefix,1.8556846153772382,20.327300000644755,280.2116999955615,302.3946846115835,one shared preloaded model
conv-42-qa-222,difference_prefix,1.8556846153772382,13.451700004225131,195.27569999627303,210.5830846158754,one shared preloaded model
conv-42-qa-223,difference_prefix,1.8556846153772382,15.13649999833433,173.67189999640686,190.66408461011844,one shared preloaded model
conv-42-qa-224,difference_prefix,1.8556846153772382,12.715199998638127,181.9986999980756,196.56958461209098,one shared preloaded model
conv-42-qa-225,difference_prefix,1.8556846153772382,19.88820000406122,190.43569999485044,212.1795846142889,one shared preloaded model
conv-42-qa-226,difference_prefix,1.8556846153772382,20.983099995646626,210.26049999636598,233.09928460738985,one shared preloaded model
conv-42-qa-227,difference_prefix,1.8556846153772382,14.815399998042267,192.21159999869997,208.88268461211948,one shared preloaded model
conv-42-qa-228,difference_prefix,1.8556846153772382,18.03739999741083,198.3572999961325,218.25038460892057,one shared preloaded model
conv-42-qa-229,difference_prefix,1.8556846153772382,13.184199997340329,202.73960000486113,217.7794846175787,one shared preloaded model
conv-42-qa-230,difference_prefix,1.8556846153772382,13.499499997124076,184.88099999376573,200.23618460626705,one shared preloaded model
conv-42-qa-231,difference_prefix,1.8556846153772382,20.491800001764204,192.85829999716952,215.20578461431097,one shared preloaded model
conv-42-qa-232,difference_prefix,1.8556846153772382,13.264300003356766,1600.8417999983067,1615.9617846170406,one shared preloaded model
conv-42-qa-233,difference_prefix,1.8556846153772382,14.135500001430046,292.13439999875845,308.12558461556574,one shared preloaded model
conv-42-qa-234,difference_prefix,1.8556846153772382,13.373699999647215,228.84559999511112,244.07498461013557,one shared preloaded model
conv-42-qa-235,difference_prefix,1.8556846153772382,14.169699999911245,253.51059999957215,269.53598461486064,one shared preloaded model
conv-42-qa-236,difference_prefix,1.8556846153772382,13.624400002299808,208.0924000038067,223.57248462148374,one shared preloaded model
conv-42-qa-237,difference_prefix,1.8556846153772382,13.250700001663063,192.2409999970114,207.3473846140517,one shared preloaded model
conv-42-qa-238,difference_prefix,1.8556846153772382,20.736999998916872,299.014400006854,321.6070846211481,one shared preloaded model
conv-42-qa-239,difference_prefix,1.8556846153772382,14.406499998585787,446.3201000035042,462.5822846174672,one shared preloaded model
conv-42-qa-240,difference_prefix,1.8556846153772382,17.840499996964354,140.7318999990821,160.42808461142369,one shared preloaded model
conv-42-qa-241,difference_prefix,1.8556846153772382,19.832099998893682,210.8654000039678,232.55318461823873,one shared preloaded model
conv-42-qa-242,difference_prefix,1.8556846153772382,15.011900002718903,260.3406999987783,277.20828461687444,one shared preloaded model
conv-42-qa-243,difference_prefix,1.8556846153772382,17.02849999855971,175.89130000123987,194.77548461517682,one shared preloaded model
conv-42-qa-244,difference_prefix,1.8556846153772382,19.245900002715643,172.6554999986547,193.7570846167476,one shared preloaded model
conv-42-qa-245,difference_prefix,1.8556846153772382,20.5292999962694,202.29809999727877,224.6830846089254,one shared preloaded model
conv-42-qa-246,difference_prefix,1.8556846153772382,13.898499993956648,208.10039999923902,223.8545846085729,one shared preloaded model
conv-42-qa-247,difference_prefix,1.8556846153772382,12.329900004260708,305.7766999991145,319.96228461875245,one shared preloaded model
conv-42-qa-248,difference_prefix,1.8556846153772382,15.239099993777927,156.7819000047166,173.87668461387176,one shared preloaded model
conv-42-qa-249,difference_prefix,1.8556846153772382,20.81010000256356,190.87620000209427,213.54198462003507,one shared preloaded model
conv-42-qa-250,difference_prefix,1.8556846153772382,20.68709999730345,169.3405000041821,191.8832846168628,one shared preloaded model
conv-42-qa-251,difference_prefix,1.8556846153772382,19.333399999595713,84.06480000121519,105.25388461618815,one shared preloaded model
conv-42-qa-252,difference_prefix,1.8556846153772382,20.69399999891175,144.91859999543522,167.4682846097242,one shared preloaded model
conv-42-qa-253,difference_prefix,1.8556846153772382,18.319499999051914,175.9773999947356,196.15258460916476,one shared preloaded model
conv-42-qa-254,difference_prefix,1.8556846153772382,20.096799999009818,845.4000999990967,867.3525846134837,one shared preloaded model
conv-42-qa-255,difference_prefix,1.8556846153772382,14.668499999970663,255.41359999624547,271.9377846115934,one shared preloaded model
conv-42-qa-256,difference_prefix,1.8556846153772382,14.133399999991525,198.9118999990751,214.90098461444387,one shared preloaded model
conv-42-qa-257,difference_prefix,1.8556846153772382,16.65050000156043,1316.08530000085,1334.5914846177877,one shared preloaded model
conv-42-qa-258,difference_prefix,1.8556846153772382,14.939200002118014,207.98710000235587,224.78198461985113,one shared preloaded model
conv-42-qa-259,difference_prefix,1.8556846153772382,12.688399998296518,189.2800999994506,203.82418461312437,one shared preloaded model
conv-43-qa-0,difference_prefix,2.1796950413246567,15.797600004589185,309.97499999648426,327.9522950423981,one shared preloaded model
conv-43-qa-1,difference_prefix,2.1796950413246567,18.926299999293406,186.18500000593485,207.29099504655292,one shared preloaded model
conv-43-qa-2,difference_prefix,2.1796950413246567,18.379799999820534,153.7728999974206,174.3323950385658,one shared preloaded model
conv-43-qa-3,difference_prefix,2.1796950413246567,22.010900000168476,202.44569999340456,226.6362950348977,one shared preloaded model
conv-43-qa-4,difference_prefix,2.1796950413246567,14.680300002510194,210.21929999551503,227.0792950393499,one shared preloaded model
conv-43-qa-5,difference_prefix,2.1796950413246567,15.202900001895614,207.52399999764748,224.90659504086776,one shared preloaded model
conv-43-qa-6,difference_prefix,2.1796950413246567,14.296199995442294,129.32800000271527,145.80389503948223,one shared preloaded model
conv-43-qa-7,difference_prefix,2.1796950413246567,15.880400002060924,121.57999999908498,139.64009504247056,one shared preloaded model
conv-43-qa-8,difference_prefix,2.1796950413246567,13.58790000085719,152.19290000095498,167.96049504313683,one shared preloaded model
conv-43-qa-9,difference_prefix,2.1796950413246567,20.920599999953993,1626.777099998435,1649.8773950397137,one shared preloaded model
conv-43-qa-10,difference_prefix,2.1796950413246567,14.924199997039977,488.78289999993285,505.88679503829746,one shared preloaded model
conv-43-qa-11,difference_prefix,2.1796950413246567,17.839699998148717,217.35410000110278,237.37349504057616,one shared preloaded model
conv-43-qa-12,difference_prefix,2.1796950413246567,14.88719999906607,493.25699999462813,510.32389503501884,one shared preloaded model
conv-43-qa-13,difference_prefix,2.1796950413246567,18.15080000233138,166.86599999957252,187.19649504322857,one shared preloaded model
conv-43-qa-14,difference_prefix,2.1796950413246567,18.916499997430947,206.90829999512061,228.00449503387622,one shared preloaded model
conv-43-qa-15,difference_prefix,2.1796950413246567,13.184999996155966,182.7973000035854,198.16199504106604,one shared preloaded model
conv-43-qa-16,difference_prefix,2.1796950413246567,22.047400001611095,114.77730000478914,139.0043950477249,one shared preloaded model
conv-43-qa-17,difference_prefix,2.1796950413246567,16.403000001446344,118.34439999802271,136.92709504079372,one shared preloaded model
conv-43-qa-18,difference_prefix,2.1796950413246567,15.866699999605771,212.08869999827584,230.13509503920628,one shared preloaded model
conv-43-qa-19,difference_prefix,2.1796950413246567,15.30569999886211,352.87439999956405,370.3597950397508,one shared preloaded model
conv-43-qa-20,difference_prefix,2.1796950413246567,18.396500003291294,179.36660000123084,199.9427950458468,one shared preloaded model
conv-43-qa-21,difference_prefix,2.1796950413246567,13.871700000890996,175.138299993705,191.18969503592066,one shared preloaded model
conv-43-qa-22,difference_prefix,2.1796950413246567,21.592500001133885,504.4400000042515,528.21219504671,one shared preloaded model
conv-43-qa-23,difference_prefix,2.1796950413246567,15.089200001966674,163.89779999735765,181.166695040649,one shared preloaded model
conv-43-qa-24,difference_prefix,2.1796950413246567,21.048300004622433,209.99489999667276,233.22289504261985,one shared preloaded model
conv-43-qa-25,difference_prefix,2.1796950413246567,13.78899999690475,202.51460000145016,218.48329503967958,one shared preloaded model
conv-43-qa-26,difference_prefix,2.1796950413246567,13.982700002088677,223.74439999839524,239.90679504180858,one shared preloaded model
conv-43-qa-27,difference_prefix,2.1796950413246567,13.793999998597428,375.9143999996013,391.88809503952336,one shared preloaded model
conv-43-qa-28,difference_prefix,2.1796950413246567,18.82620000105817,169.82110000390094,190.82699504628377,one shared preloaded model
conv-43-qa-29,difference_prefix,2.1796950413246567,22.52559999760706,222.28580000228249,246.9910950412142,one shared preloaded model
conv-43-qa-30,difference_prefix,2.1796950413246567,13.712100000702776,243.59739999636076,259.4891950383882,one shared preloaded model
conv-43-qa-31,difference_prefix,2.1796950413246567,14.109900002949871,107.05150000285357,123.3410950471281,one shared preloaded model
conv-43-qa-32,difference_prefix,2.1796950413246567,21.039200000814162,200.7579999990412,223.97689504118003,one shared preloaded model
conv-43-qa-33,difference_prefix,2.1796950413246567,13.784499999019317,143.2792999985395,159.24349503888348,one shared preloaded model
conv-43-qa-34,difference_prefix,2.1796950413246567,21.41500000288943,199.83370000409195,223.42839504830604,one shared preloaded model
conv-43-qa-35,difference_prefix,2.1796950413246567,15.548700001090765,171.381799998926,189.11019504134143,one shared preloaded model
conv-43-qa-36,difference_prefix,2.1796950413246567,21.19449999736389,181.89530000381637,205.26949504250493,one shared preloaded model
conv-43-qa-37,difference_prefix,2.1796950413246567,21.378099998401012,356.9963000045391,380.5540950442647,one shared preloaded model
conv-43-qa-38,difference_prefix,2.1796950413246567,18.18199999979697,203.59599999937927,223.9576950405009,one shared preloaded model
conv-43-qa-39,difference_prefix,2.1796950413246567,15.793300000950694,196.9911999985925,214.96419504086785,one shared preloaded model
conv-43-qa-40,difference_prefix,2.1796950413246567,17.43210000131512,199.04429999587592,218.6560950385157,one shared preloaded model
conv-43-qa-41,difference_prefix,2.1796950413246567,13.284600005135871,179.48169999726815,194.9459950437287,one shared preloaded model
conv-43-qa-42,difference_prefix,2.1796950413246567,20.9238000024925,193.5202999957255,216.62379503954267,one shared preloaded model
conv-43-qa-43,difference_prefix,2.1796950413246567,19.061499995586928,252.51879999996163,273.7599950368732,one shared preloaded model
conv-43-qa-44,difference_prefix,2.1796950413246567,13.689999999769498,347.58380000130273,363.45349504239687,one shared preloaded model
conv-43-qa-45,difference_prefix,2.1796950413246567,18.1802000006428,194.27429999632295,214.63419503829041,one shared preloaded model
conv-43-qa-46,difference_prefix,2.1796950413246567,16.02920000004815,190.18430000141962,208.39319504279243,one shared preloaded model
conv-43-qa-47,difference_prefix,2.1796950413246567,21.150399996258784,325.07150000310503,348.40159504068845,one shared preloaded model
conv-43-qa-48,difference_prefix,2.1796950413246567,14.350999997986946,539.7574000016903,556.2880950410018,one shared preloaded model
conv-43-qa-49,difference_prefix,2.1796950413246567,17.9091999962111,124.6300999991945,144.71899503673026,one shared preloaded model
conv-43-qa-50,difference_prefix,2.1796950413246567,21.255800005747005,192.13199999649078,215.56749504356245,one shared preloaded model
conv-43-qa-51,difference_prefix,2.1796950413246567,17.32579999952577,210.30220000102418,229.8076950418746,one shared preloaded model
conv-43-qa-52,difference_prefix,2.1796950413246567,13.0048999999417,165.19409999455092,180.3786950358173,one shared preloaded model
conv-43-qa-53,difference_prefix,2.1796950413246567,21.364300002460368,171.29430000204593,194.83829504583096,one shared preloaded model
conv-43-qa-54,difference_prefix,2.1796950413246567,19.342999999935273,161.24219999619527,182.7648950374552,one shared preloaded model
conv-43-qa-55,difference_prefix,2.1796950413246567,21.113100003276486,231.54280000017025,254.8355950447714,one shared preloaded model
conv-43-qa-56,difference_prefix,2.1796950413246567,16.36589999543503,487.90960000042105,506.4551950371807,one shared preloaded model
conv-43-qa-57,difference_prefix,2.1796950413246567,18.16800000233343,146.30980000220006,166.65749504585816,one shared preloaded model
conv-43-qa-58,difference_prefix,2.1796950413246567,20.82430000155,468.9970999970683,492.0010950399429,one shared preloaded model
conv-43-qa-59,difference_prefix,2.1796950413246567,18.341100003453903,177.0985000039218,197.61929504870037,one shared preloaded model
conv-43-qa-60,difference_prefix,2.1796950413246567,20.858700001554098,497.7394999950775,520.7778950379562,one shared preloaded model
conv-43-qa-61,difference_prefix,2.1796950413246567,18.239399993035477,168.50340000382857,188.9224950381887,one shared preloaded model
conv-43-qa-62,difference_prefix,2.1796950413246567,21.277799998642877,197.21140000183368,220.66889504180122,one shared preloaded model
conv-43-qa-63,difference_prefix,2.1796950413246567,14.26740000169957,504.0162000004784,520.4632950435026,one shared preloaded model
conv-43-qa-64,difference_prefix,2.1796950413246567,17.554599995492026,97.41219999705208,117.14649503386877,one shared preloaded model
conv-43-qa-65,difference_prefix,2.1796950413246567,18.87210000131745,187.76819999766303,208.81999504030514,one shared preloaded model
conv-43-qa-66,difference_prefix,2.1796950413246567,15.469799996935762,161.6823000003933,179.33179503865372,one shared preloaded model
conv-43-qa-67,difference_prefix,2.1796950413246567,22.55200000217883,227.35180000017863,252.08349504368212,one shared preloaded model
conv-43-qa-68,difference_prefix,2.1796950413246567,18.142000000807457,488.70910000550793,509.03079504764,one shared preloaded model
conv-43-qa-69,difference_prefix,2.1796950413246567,12.705900000582915,139.19119999627583,154.0767950381834,one shared preloaded model
conv-43-qa-70,difference_prefix,2.1796950413246567,22.420200002670754,149.91310000186786,174.51299504586328,one shared preloaded model
conv-43-qa-71,difference_prefix,2.1796950413246567,21.294400001352187,733.6422999942442,757.1163950369211,one shared preloaded model
conv-43-qa-72,difference_prefix,2.1796950413246567,14.788200001930818,186.97049999900628,203.93839504226176,one shared preloaded model
conv-43-qa-73,difference_prefix,2.1796950413246567,21.408000000519678,350.81999999965774,374.40769504150205,one shared preloaded model
conv-43-qa-74,difference_prefix,2.1796950413246567,19.404600003326777,276.58609999343753,298.17039503808894,one shared preloaded model
conv-43-qa-75,difference_prefix,2.1796950413246567,14.49999999749707,178.48789999698056,195.1675950358023,one shared preloaded model
conv-43-qa-76,difference_prefix,2.1796950413246567,22.143700000015087,413.10189999785507,437.4252950391948,one shared preloaded model
conv-43-qa-77,difference_prefix,2.1796950413246567,18.38060000591213,181.03289999999106,201.59319504722785,one shared preloaded model
conv-43-qa-78,difference_prefix,2.1796950413246567,21.16519999981392,243.17259999952512,266.5174950406637,one shared preloaded model
conv-43-qa-79,difference_prefix,2.1796950413246567,15.435699999216013,481.09500000282424,498.7103950433649,one shared preloaded model
conv-43-qa-80,difference_prefix,2.1796950413246567,18.108299998857547,116.75119999563321,137.03919503581542,one shared preloaded model
conv-43-qa-81,difference_prefix,2.1796950413246567,15.346599997428712,233.5285000008298,251.05479503958318,one shared preloaded model
conv-43-qa-82,difference_prefix,2.1796950413246567,13.040300000284333,206.25740000104997,221.47739504265897,one shared preloaded model
conv-43-qa-83,difference_prefix,2.1796950413246567,18.05939999758266,211.19199999520788,231.4310950341152,one shared preloaded model
conv-43-qa-84,difference_prefix,2.1796950413246567,14.05220000015106,279.1483999972115,295.3802950386872,one shared preloaded model
conv-43-qa-85,difference_prefix,2.1796950413246567,14.739899997948669,178.6054999975022,195.52509503677553,one shared preloaded model
conv-43-qa-86,difference_prefix,2.1796950413246567,21.097199998621363,180.36109999957262,203.63799503951864,one shared preloaded model
conv-43-qa-87,difference_prefix,2.1796950413246567,21.14350000192644,827.6422999988426,850.9654950420937,one shared preloaded model
conv-43-qa-88,difference_prefix,2.1796950413246567,14.21940000000177,550.0359999932698,566.4350950345962,one shared preloaded model
conv-43-qa-89,difference_prefix,2.1796950413246567,17.922200000612065,209.92939999996452,230.03129504190125,one shared preloaded model
conv-43-qa-90,difference_prefix,2.1796950413246567,14.072300000407267,360.398199998599,376.6501950403309,one shared preloaded model
conv-43-qa-91,difference_prefix,2.1796950413246567,14.013100000738632,500.0732999978936,516.2660950399569,one shared preloaded model
conv-43-qa-92,difference_prefix,2.1796950413246567,18.15560000250116,253.10100000206148,273.4362950458873,one shared preloaded model
conv-43-qa-93,difference_prefix,2.1796950413246567,15.462099996511824,389.4408000051044,407.08259504294085,one shared preloaded model
conv-43-qa-94,difference_prefix,2.1796950413246567,18.06320000468986,505.53030000446597,525.7731950504805,one shared preloaded model
conv-43-qa-95,difference_prefix,2.1796950413246567,18.37130000058096,201.64890000160085,222.19989504350647,one shared preloaded model
conv-43-qa-96,difference_prefix,2.1796950413246567,16.001399999368005,322.2678999954951,340.44899503618774,one shared preloaded model
conv-43-qa-97,difference_prefix,2.1796950413246567,18.934900006570388,371.3099999949918,392.42459504288684,one shared preloaded model
conv-43-qa-98,difference_prefix,2.1796950413246567,19.011000003956724,190.99499999720138,212.18569504248276,one shared preloaded model
conv-43-qa-99,difference_prefix,2.1796950413246567,15.454200001840945,413.3520999967004,430.985995039866,one shared preloaded model
conv-43-qa-100,difference_prefix,2.1796950413246567,18.60379999561701,155.44319999753498,176.22669503447665,one shared preloaded model
conv-43-qa-101,difference_prefix,2.1796950413246567,21.347599998989608,225.77539999474538,249.30269503505966,one shared preloaded model
conv-43-qa-102,difference_prefix,2.1796950413246567,14.624499999627005,689.9900000062189,706.7941950471705,one shared preloaded model
conv-43-qa-103,difference_prefix,2.1796950413246567,18.057699999189936,181.73739999474492,201.97479503525952,one shared preloaded model
conv-43-qa-104,difference_prefix,2.1796950413246567,21.588499999779742,160.56050000042887,184.32869504153328,one shared preloaded model
conv-43-qa-105,difference_prefix,2.1796950413246567,13.543900000513531,154.71439999964787,170.43799504148606,one shared preloaded model
conv-43-qa-106,difference_prefix,2.1796950413246567,21.4367999942624,204.04109999799402,227.6575950335811,one shared preloaded model
conv-43-qa-107,difference_prefix,2.1796950413246567,14.33010000619106,200.93739999720128,217.447195044717,one shared preloaded model
conv-43-qa-108,difference_prefix,2.1796950413246567,15.429299994139,200.3740000000107,217.98299503547437,one shared preloaded model
conv-43-qa-109,difference_prefix,2.1796950413246567,14.247399994928855,775.6966999950237,792.1237950312772,one shared preloaded model
conv-43-qa-110,difference_prefix,2.1796950413246567,18.486200002371334,327.37140000244835,348.0372950461443,one shared preloaded model
conv-43-qa-111,difference_prefix,2.1796950413246567,20.026099999086,161.44419999909587,183.64999503950654,one shared preloaded model
conv-43-qa-112,difference_prefix,2.1796950413246567,17.50259999971604,193.64019999920856,213.32249504024927,one shared preloaded model
conv-43-qa-113,difference_prefix,2.1796950413246567,19.263899994257372,172.0497999995132,193.49339503509523,one shared preloaded model
conv-43-qa-114,difference_prefix,2.1796950413246567,16.313699998136144,156.6342000005534,175.1275950400142,one shared preloaded model
conv-43-qa-115,difference_prefix,2.1796950413246567,21.768799997516908,404.4288000004599,428.37729503930143,one shared preloaded model
conv-43-qa-116,difference_prefix,2.1796950413246567,17.711600004986394,207.72659999784082,227.61789504415188,one shared preloaded model
conv-43-qa-117,difference_prefix,2.1796950413246567,13.835400000971276,209.9882999973488,226.00339503964474,one shared preloaded model
conv-43-qa-118,difference_prefix,2.1796950413246567,13.195200001064222,203.92419999552658,219.29909503791546,one shared preloaded model
conv-43-qa-119,difference_prefix,2.1796950413246567,18.289799998456147,338.37669999775244,358.8461950375332,one shared preloaded model
conv-43-qa-120,difference_prefix,2.1796950413246567,17.144900004495867,138.27090000268072,157.59549504850125,one shared preloaded model
conv-43-qa-121,difference_prefix,2.1796950413246567,20.88240000011865,408.63079999689944,431.6928950383427,one shared preloaded model
conv-43-qa-122,difference_prefix,2.1796950413246567,18.326199999137316,320.5837999994401,341.08969503990204,one shared preloaded model
conv-43-qa-123,difference_prefix,2.1796950413246567,13.342500002181623,174.25550000189105,189.77769504539734,one shared preloaded model
conv-43-qa-124,difference_prefix,2.1796950413246567,21.033899996837135,226.22830000182148,249.44189503998328,one shared preloaded model
conv-43-qa-125,difference_prefix,2.1796950413246567,13.003699998080265,453.46150000113994,468.64489504054484,one shared preloaded model
conv-43-qa-126,difference_prefix,2.1796950413246567,18.371899997873697,698.0011000050581,718.5526950442564,one shared preloaded model
conv-43-qa-127,difference_prefix,2.1796950413246567,18.00360000197543,173.73330000555143,193.91659504885152,one shared preloaded model
conv-43-qa-128,difference_prefix,2.1796950413246567,21.633800002746284,196.45469999522902,220.26819503929997,one shared preloaded model
conv-43-qa-129,difference_prefix,2.1796950413246567,14.895300002535805,543.6149000015575,560.689895045418,one shared preloaded model
conv-43-qa-130,difference_prefix,2.1796950413246567,14.357700005348306,684.3641000014031,700.9014950480761,one shared preloaded model
conv-43-qa-131,difference_prefix,2.1796950413246567,19.160600000759587,264.9721999987378,286.312495040822,one shared preloaded model
conv-43-qa-132,difference_prefix,2.1796950413246567,18.244799997773953,281.01829999650363,301.4427950356022,one shared preloaded model
conv-43-qa-133,difference_prefix,2.1796950413246567,15.1968999998644,174.49970000598114,191.8762950471702,one shared preloaded model
conv-43-qa-134,difference_prefix,2.1796950413246567,13.717099995119497,191.64390000514686,207.54069504159102,one shared preloaded model
conv-43-qa-135,difference_prefix,2.1796950413246567,17.259799999010283,278.4223999988171,297.86189503915205,one shared preloaded model
conv-43-qa-136,difference_prefix,2.1796950413246567,18.946099997265264,298.7390999987838,319.8648950373737,one shared preloaded model
conv-43-qa-137,difference_prefix,2.1796950413246567,14.630999998189509,228.52229999989504,245.3329950394092,one shared preloaded model
conv-43-qa-138,difference_prefix,2.1796950413246567,14.78779999888502,397.36220000486355,414.3296950450732,one shared preloaded model
conv-43-qa-139,difference_prefix,2.1796950413246567,14.905400006682612,330.0652000034461,347.1502950514533,one shared preloaded model
conv-43-qa-140,difference_prefix,2.1796950413246567,18.86539999395609,481.1461999997846,502.1912950350653,one shared preloaded model
conv-43-qa-141,difference_prefix,2.1796950413246567,19.148200000927318,168.48900000331923,189.81689504557121,one shared preloaded model
conv-43-qa-142,difference_prefix,2.1796950413246567,19.863199995597824,507.1291000058409,529.1719950427633,one shared preloaded model
conv-43-qa-143,difference_prefix,2.1796950413246567,19.050399998377543,170.7271000050241,191.95719504472632,one shared preloaded model
conv-43-qa-144,difference_prefix,2.1796950413246567,20.84560000366764,267.6474000036251,290.67269504861736,one shared preloaded model
conv-43-qa-145,difference_prefix,2.1796950413246567,19.355699994775932,1098.2911000028253,1119.826495038926,one shared preloaded model
conv-43-qa-146,difference_prefix,2.1796950413246567,18.66639999934705,201.14230000035604,221.98839504102776,one shared preloaded model
conv-43-qa-147,difference_prefix,2.1796950413246567,13.310900001670234,130.70789999619592,146.19849503919082,one shared preloaded model
conv-43-qa-148,difference_prefix,2.1796950413246567,21.748099999967963,208.06920000177342,231.99699504306605,one shared preloaded model
conv-43-qa-149,difference_prefix,2.1796950413246567,15.02759999857517,219.34129999863217,236.548595038532,one shared preloaded model
conv-43-qa-150,difference_prefix,2.1796950413246567,14.909799996530637,225.98480000306154,243.07429504091684,one shared preloaded model
conv-43-qa-151,difference_prefix,2.1796950413246567,14.523099998768885,109.87629999726778,126.57909503736133,one shared preloaded model
conv-43-qa-152,difference_prefix,2.1796950413246567,21.861999994143844,268.8156000003801,292.85729503584855,one shared preloaded model
conv-43-qa-153,difference_prefix,2.1796950413246567,13.89000000199303,233.46619999938412,249.5358950427018,one shared preloaded model
conv-43-qa-154,difference_prefix,2.1796950413246567,14.08419999643229,159.32099999918137,175.58489503693832,one shared preloaded model
conv-43-qa-155,difference_prefix,2.1796950413246567,21.768999999039806,116.79189999995288,140.74059504031734,one shared preloaded model
conv-43-qa-156,difference_prefix,2.1796950413246567,21.252299993648194,209.81310000206577,233.24509503703862,one shared preloaded model
conv-43-qa-157,difference_prefix,2.1796950413246567,13.335600000573322,240.92730000120355,256.4425950431015,one shared preloaded model
conv-43-qa-158,difference_prefix,2.1796950413246567,18.57150000432739,177.84829999436624,198.5994950400183,one shared preloaded model
conv-43-qa-159,difference_prefix,2.1796950413246567,21.09790000395151,209.2650999984471,232.54269504372328,one shared preloaded model
conv-43-qa-160,difference_prefix,2.1796950413246567,15.444499993463978,166.25579999526963,183.87999503005827,one shared preloaded model
conv-43-qa-161,difference_prefix,2.1796950413246567,21.725200000219047,192.47030000406085,216.37519504560456,one shared preloaded model
conv-43-qa-162,difference_prefix,2.1796950413246567,16.59500000096159,217.48400000069523,236.2586950429815,one shared preloaded model
conv-43-qa-163,difference_prefix,2.1796950413246567,13.209299999289215,114.4888999988325,129.87789503944637,one shared preloaded model
conv-43-qa-164,difference_prefix,2.1796950413246567,19.392800000787247,103.60840000066673,125.18089504277864,one shared preloaded model
conv-43-qa-165,difference_prefix,2.1796950413246567,21.43120000255294,973.167200005264,996.7780950491416,one shared preloaded model
conv-43-qa-166,difference_prefix,2.1796950413246567,17.819199994846713,203.90769999357872,223.9065950297501,one shared preloaded model
conv-43-qa-167,difference_prefix,2.1796950413246567,13.817700004437938,197.2814999971888,213.2788950429514,one shared preloaded model
conv-43-qa-168,difference_prefix,2.1796950413246567,18.0158000002848,543.365099998482,563.5605950400915,one shared preloaded model
conv-43-qa-169,difference_prefix,2.1796950413246567,20.01890000246931,305.38190000515897,327.5804950489529,one shared preloaded model
conv-43-qa-170,difference_prefix,2.1796950413246567,15.413900000567082,168.6797000002116,186.27329504210334,one shared preloaded model
conv-43-qa-171,difference_prefix,2.1796950413246567,21.200700000918005,305.01380000350764,328.3941950457503,one shared preloaded model
conv-43-qa-172,difference_prefix,2.1796950413246567,13.063400001556147,127.61550000141142,142.85859504429223,one shared preloaded model
conv-43-qa-173,difference_prefix,2.1796950413246567,21.39010000246344,123.39470000006258,146.9644950438507,one shared preloaded model
conv-43-qa-174,difference_prefix,2.1796950413246567,21.167200000490993,196.5356000000611,219.88249504187675,one shared preloaded model
conv-43-qa-175,difference_prefix,2.1796950413246567,14.65479999751551,208.23370000289287,225.06819504173305,one shared preloaded model
conv-43-qa-176,difference_prefix,2.1796950413246567,14.137699996354058,165.34910000336822,181.66649504104694,one shared preloaded model
conv-43-qa-177,difference_prefix,2.1796950413246567,20.003300000098534,184.34529999649385,206.52829503791705,one shared preloaded model
conv-43-qa-178,difference_prefix,2.1796950413246567,20.786200002476107,206.6317999997409,229.59769504354168,one shared preloaded model
conv-43-qa-179,difference_prefix,2.1796950413246567,13.356000003113877,199.36089999828255,214.8965950427211,one shared preloaded model
conv-43-qa-180,difference_prefix,2.1796950413246567,13.269299997773487,348.2510000030743,363.6999950421724,one shared preloaded model
conv-43-qa-181,difference_prefix,2.1796950413246567,18.0495999957202,131.2566999986302,151.48599503567507,one shared preloaded model
conv-43-qa-182,difference_prefix,2.1796950413246567,21.387000000686385,206.7100999993272,230.27679504133826,one shared preloaded model
conv-43-qa-183,difference_prefix,2.1796950413246567,15.384300000732765,621.2560999993002,638.8200950413576,one shared preloaded model
conv-43-qa-184,difference_prefix,2.1796950413246567,18.50430000195047,209.7254000036628,230.40939504693793,one shared preloaded model
conv-43-qa-185,difference_prefix,2.1796950413246567,13.777200001641177,119.86130000150297,135.8181950444688,one shared preloaded model
conv-43-qa-186,difference_prefix,2.1796950413246567,21.612200005620252,189.81289999646833,213.60479504341325,one shared preloaded model
conv-43-qa-187,difference_prefix,2.1796950413246567,21.581199995125644,191.45209999987856,215.21299503632886,one shared preloaded model
conv-43-qa-188,difference_prefix,2.1796950413246567,21.401999998488463,177.36080000031507,200.9424950401282,one shared preloaded model
conv-43-qa-189,difference_prefix,2.1796950413246567,16.151199997693766,619.2767999964417,637.6076950354601,one shared preloaded model
conv-43-qa-190,difference_prefix,2.1796950413246567,18.035900000541005,182.25990000064485,202.47549504251052,one shared preloaded model
conv-43-qa-191,difference_prefix,2.1796950413246567,19.951800000853837,365.26839999714866,387.39989503932713,one shared preloaded model
conv-43-qa-192,difference_prefix,2.1796950413246567,13.973699999041855,219.7541999994428,235.9075950398093,one shared preloaded model
conv-43-qa-193,difference_prefix,2.1796950413246567,15.179099995293655,275.4884999958449,292.8472950324632,one shared preloaded model
conv-43-qa-194,difference_prefix,2.1796950413246567,19.38880000670906,310.83330000546994,332.40179505350363,one shared preloaded model
conv-43-qa-195,difference_prefix,2.1796950413246567,18.0536000043503,327.66580000316026,347.8990950488352,one shared preloaded model
conv-43-qa-196,difference_prefix,2.1796950413246567,14.844500001345295,188.43650000053458,205.46069504320454,one shared preloaded model
conv-43-qa-197,difference_prefix,2.1796950413246567,21.069899994472507,218.73020000202814,241.9797950378253,one shared preloaded model
conv-43-qa-198,difference_prefix,2.1796950413246567,15.420199997606687,218.7021999998251,236.30209503875645,one shared preloaded model
conv-43-qa-199,difference_prefix,2.1796950413246567,13.786100003926549,203.725300001679,219.6910950469302,one shared preloaded model
conv-43-qa-200,difference_prefix,2.1796950413246567,13.262399996165186,200.0696999966749,215.51179503416475,one shared preloaded model
conv-43-qa-201,difference_prefix,2.1796950413246567,13.682900003914256,150.12710000155494,165.98969504679386,one shared preloaded model
conv-43-qa-202,difference_prefix,2.1796950413246567,21.227299999736715,194.68249999772524,218.08949503878662,one shared preloaded model
conv-43-qa-203,difference_prefix,2.1796950413246567,20.60660000279313,168.77389999717707,191.56019504129486,one shared preloaded model
conv-43-qa-204,difference_prefix,2.1796950413246567,20.89729999715928,190.71859999530716,213.7955950337911,one shared preloaded model
conv-43-qa-205,difference_prefix,2.1796950413246567,21.572899997408967,180.6321999974898,204.38479503622344,one shared preloaded model
conv-43-qa-206,difference_prefix,2.1796950413246567,22.52059999591438,167.6307000016095,192.33099503884856,one shared preloaded model
conv-43-qa-207,difference_prefix,2.1796950413246567,20.605400000931695,421.2848999959533,444.06999503820964,one shared preloaded model
conv-43-qa-208,difference_prefix,2.1796950413246567,13.476899999659508,205.28509999712696,220.94169503811113,one shared preloaded model
conv-43-qa-209,difference_prefix,2.1796950413246567,18.36140000523301,326.4446000030148,346.9856950495724,one shared preloaded model
conv-43-qa-210,difference_prefix,2.1796950413246567,15.710200001194607,301.84239999653073,319.73229503905,one shared preloaded model
conv-43-qa-211,difference_prefix,2.1796950413246567,18.659500005014706,196.46360000479035,217.30279505112972,one shared preloaded model
conv-43-qa-212,difference_prefix,2.1796950413246567,15.103800003998913,206.73629999510013,224.0197950404237,one shared preloaded model
conv-43-qa-213,difference_prefix,2.1796950413246567,14.940900000510737,724.3414000040502,741.4619950458856,one shared preloaded model
conv-43-qa-214,difference_prefix,2.1796950413246567,13.88790000055451,176.93819999840343,193.0057950402826,one shared preloaded model
conv-43-qa-215,difference_prefix,2.1796950413246567,22.32229999935953,175.0882999986061,199.59029503929028,one shared preloaded model
conv-43-qa-216,difference_prefix,2.1796950413246567,21.673000002920162,276.09189999930095,299.94459504354575,one shared preloaded model
conv-43-qa-217,difference_prefix,2.1796950413246567,17.2965000019758,256.6198999993503,276.09609504265075,one shared preloaded model
conv-43-qa-218,difference_prefix,2.1796950413246567,15.541699998721015,176.8919000023743,194.61329504242,one shared preloaded model
conv-43-qa-219,difference_prefix,2.1796950413246567,15.704299999924842,184.22329999884823,202.10729504009774,one shared preloaded model
conv-43-qa-220,difference_prefix,2.1796950413246567,22.4168999993708,372.2669999988284,396.86359503952383,one shared preloaded model
conv-43-qa-221,difference_prefix,2.1796950413246567,17.310200004430953,203.6277000006521,223.11759504640773,one shared preloaded model
conv-43-qa-222,difference_prefix,2.1796950413246567,18.652300001122057,153.10909999971045,173.94109504215717,one shared preloaded model
conv-43-qa-223,difference_prefix,2.1796950413246567,22.83750000060536,167.42830000293907,192.4454950448691,one shared preloaded model
conv-43-qa-224,difference_prefix,2.1796950413246567,21.290500000759494,117.49830000189831,140.96849504398247,one shared preloaded model
conv-43-qa-225,difference_prefix,2.1796950413246567,22.060600000259,247.2358000013628,271.47609504294644,one shared preloaded model
conv-43-qa-226,difference_prefix,2.1796950413246567,13.796500003081746,168.20690000167815,184.18309504608456,one shared preloaded model
conv-43-qa-227,difference_prefix,2.1796950413246567,18.575100002635736,262.1089999956894,282.86379503964974,one shared preloaded model
conv-43-qa-228,difference_prefix,2.1796950413246567,14.359299995703623,245.588099998713,262.12709503574126,one shared preloaded model
conv-43-qa-229,difference_prefix,2.1796950413246567,13.311299997440074,206.10149999993155,221.59249503869628,one shared preloaded model
conv-43-qa-230,difference_prefix,2.1796950413246567,14.011999999638647,142.81829999526963,159.00999503623294,one shared preloaded model
conv-43-qa-231,difference_prefix,2.1796950413246567,20.78139999503037,177.01729999680538,199.9783950331604,one shared preloaded model
conv-43-qa-232,difference_prefix,2.1796950413246567,17.992499997490086,179.20659999799682,199.37879503681157,one shared preloaded model
conv-43-qa-233,difference_prefix,2.1796950413246567,17.763299998478033,220.37889999774052,240.32189503754321,one shared preloaded model
conv-43-qa-234,difference_prefix,2.1796950413246567,14.694099998450838,121.58629999612458,138.46009503590008,one shared preloaded model
conv-43-qa-235,difference_prefix,2.1796950413246567,17.114299997047056,202.4491999982274,221.74319503659913,one shared preloaded model
conv-43-qa-236,difference_prefix,2.1796950413246567,14.013200001500081,540.507699995942,556.7005950387667,one shared preloaded model
conv-43-qa-237,difference_prefix,2.1796950413246567,16.504999999597203,303.5496000011335,322.23429504205535,one shared preloaded model
conv-43-qa-238,difference_prefix,2.1796950413246567,13.666200000443496,192.26999999955297,208.11589504132112,one shared preloaded model
conv-43-qa-239,difference_prefix,2.1796950413246567,17.429300001822412,154.86119999695802,174.4701950401051,one shared preloaded model
conv-43-qa-240,difference_prefix,2.1796950413246567,20.83860000129789,153.1463999999687,176.16469504259126,one shared preloaded model
conv-43-qa-241,difference_prefix,2.1796950413246567,22.323599994706456,210.63999999751104,235.14329503354216,one shared preloaded model
conv-44-qa-0,difference_prefix,3.5150658227912226,18.655399995623156,225.30779999942752,247.4782658178419,one shared preloaded model
conv-44-qa-1,difference_prefix,3.5150658227912226,13.311499998962972,483.98879999876954,500.8153658205237,one shared preloaded model
conv-44-qa-2,difference_prefix,3.5150658227912226,17.40810000046622,207.04539999860572,227.96856582186317,one shared preloaded model
conv-44-qa-3,difference_prefix,3.5150658227912226,16.572799999266863,214.8557000036817,234.9435658257398,one shared preloaded model
conv-44-qa-4,difference_prefix,3.5150658227912226,13.197899999795482,96.13800000079209,112.8509658233788,one shared preloaded model
conv-44-qa-5,difference_prefix,3.5150658227912226,21.184799996262882,467.9284000012558,492.6282658203099,one shared preloaded model
conv-44-qa-6,difference_prefix,3.5150658227912226,17.05519999813987,98.57819999888306,119.14846581981416,one shared preloaded model
conv-44-qa-7,difference_prefix,3.5150658227912226,20.81709999765735,208.63630000530975,232.96846582575833,one shared preloaded model
conv-44-qa-8,difference_prefix,3.5150658227912226,13.054400005785283,205.42230000137351,221.99176582995003,one shared preloaded model
conv-44-qa-9,difference_prefix,3.5150658227912226,13.65339999756543,201.73049999721115,218.8989658175678,one shared preloaded model
conv-44-qa-10,difference_prefix,3.5150658227912226,13.634800001455005,506.60770000104094,523.7575658252872,one shared preloaded model
conv-44-qa-11,difference_prefix,3.5150658227912226,17.046900000423193,503.1338999979198,523.6958658211342,one shared preloaded model
conv-44-qa-12,difference_prefix,3.5150658227912226,18.686600000364706,138.63149999815505,160.83316582131098,one shared preloaded model
conv-44-qa-13,difference_prefix,3.5150658227912226,20.535399999062065,190.8045000018319,214.8549658236852,one shared preloaded model
conv-44-qa-14,difference_prefix,3.5150658227912226,20.866799997747876,245.1870000004419,269.568865820981,one shared preloaded model
conv-44-qa-15,difference_prefix,3.5150658227912226,14.925399998901412,179.70340000465512,198.14386582634776,one shared preloaded model
conv-44-qa-16,difference_prefix,3.5150658227912226,20.704299997305498,138.30220000090776,162.5215658210045,one shared preloaded model
conv-44-qa-17,difference_prefix,3.5150658227912226,20.65520000178367,213.37209999910556,237.54236582368046,one shared preloaded model
conv-44-qa-18,difference_prefix,3.5150658227912226,13.709200000448618,196.29040000290843,213.51466582614827,one shared preloaded model
conv-44-qa-19,difference_prefix,3.5150658227912226,14.868099999148399,141.6869999957271,160.07016581766672,one shared preloaded model
conv-44-qa-20,difference_prefix,3.5150658227912226,20.765699999174103,216.05239999917103,240.33316582113636,one shared preloaded model
conv-44-qa-21,difference_prefix,3.5150658227912226,15.146300000196788,180.89510000572773,199.55646582871574,one shared preloaded model
conv-44-qa-22,difference_prefix,3.5150658227912226,21.07590000377968,231.98129999946104,256.5722658260319,one shared preloaded model
conv-44-qa-23,difference_prefix,3.5150658227912226,14.8479000054067,190.05599999945844,208.41896582765636,one shared preloaded model
conv-44-qa-24,difference_prefix,3.5150658227912226,20.597700000507757,168.775000005553,192.887765828852,one shared preloaded model
conv-44-qa-25,difference_prefix,3.5150658227912226,20.46629999676952,179.03669999941485,203.0180658189756,one shared preloaded model
conv-44-qa-26,difference_prefix,3.5150658227912226,19.150500003888737,182.8172999958042,205.48286582248417,one shared preloaded model
conv-44-qa-27,difference_prefix,3.5150658227912226,20.779700003913604,190.12730000395095,214.42206583065578,one shared preloaded model
conv-44-qa-28,difference_prefix,3.5150658227912226,16.075999999884516,190.80979999853298,210.40086582120873,one shared preloaded model
conv-44-qa-29,difference_prefix,3.5150658227912226,20.670300000347197,298.4671000012895,322.6524658244279,one shared preloaded model
conv-44-qa-30,difference_prefix,3.5150658227912226,18.261599994730204,487.5134999965667,509.2901658140881,one shared preloaded model
conv-44-qa-31,difference_prefix,3.5150658227912226,17.595199999050237,175.31549999694107,196.42576581878254,one shared preloaded model
conv-44-qa-32,difference_prefix,3.5150658227912226,20.709000003989786,263.70199999655597,287.92606582333696,one shared preloaded model
conv-44-qa-33,difference_prefix,3.5150658227912226,14.155699995171744,189.47789999947418,207.14866581743715,one shared preloaded model
conv-44-qa-34,difference_prefix,3.5150658227912226,21.22580000286689,120.51269999938086,145.25356582503898,one shared preloaded model
conv-44-qa-35,difference_prefix,3.5150658227912226,16.84880000539124,190.61369999690214,210.9775658250846,one shared preloaded model
conv-44-qa-36,difference_prefix,3.5150658227912226,20.96529999835184,154.26930000103312,178.74966582217618,one shared preloaded model
conv-44-qa-37,difference_prefix,3.5150658227912226,20.784999993338715,528.9365999997244,553.2366658158544,one shared preloaded model
conv-44-qa-38,difference_prefix,3.5150658227912226,17.6839000050677,510.56729999982053,531.7662658276795,one shared preloaded model
conv-44-qa-39,difference_prefix,3.5150658227912226,17.393000001902692,211.61389999906532,232.52196582375925,one shared preloaded model
conv-44-qa-40,difference_prefix,3.5150658227912226,14.38590000179829,143.89050000318093,161.79146582777045,one shared preloaded model
conv-44-qa-41,difference_prefix,3.5150658227912226,21.728499996243045,329.85460000054445,355.0981658195787,one shared preloaded model
conv-44-qa-42,difference_prefix,3.5150658227912226,18.412999997963198,191.14999999874271,213.07806581949714,one shared preloaded model
conv-44-qa-43,difference_prefix,3.5150658227912226,17.271700002311263,209.75019999605138,230.53696582115387,one shared preloaded model
conv-44-qa-44,difference_prefix,3.5150658227912226,15.11210000171559,166.07069999736268,184.6978658218695,one shared preloaded model
conv-44-qa-45,difference_prefix,3.5150658227912226,21.14150000124937,158.60990000510355,183.26646582914415,one shared preloaded model
conv-44-qa-46,difference_prefix,3.5150658227912226,20.700999994005542,179.26839999563526,203.48446581243203,one shared preloaded model
conv-44-qa-47,difference_prefix,3.5150658227912226,20.893499997328036,156.30249999958323,180.7110658197025,one shared preloaded model
conv-44-qa-48,difference_prefix,3.5150658227912226,14.68130000284873,242.75979999947594,260.9561658251159,one shared preloaded model
conv-44-qa-49,difference_prefix,3.5150658227912226,15.070199995534495,128.96339999861084,147.54866581693656,one shared preloaded model
conv-44-qa-50,difference_prefix,3.5150658227912226,12.722100000246428,204.60470000398345,220.8418658270211,one shared preloaded model
conv-44-qa-51,difference_prefix,3.5150658227912226,12.89330000145128,140.56340000388445,156.97176582812696,one shared preloaded model
conv-44-qa-52,difference_prefix,3.5150658227912226,21.643300002324395,222.88950000074692,248.04786582586254,one shared preloaded model
conv-44-qa-53,difference_prefix,3.5150658227912226,14.080699998885393,156.62480000173673,174.22056582341335,one shared preloaded model
conv-44-qa-54,difference_prefix,3.5150658227912226,21.462600001541432,174.53580000437796,199.51346582871062,one shared preloaded model
conv-44-qa-55,difference_prefix,3.5150658227912226,17.464200005633757,516.0599000009825,537.0391658294075,one shared preloaded model
conv-44-qa-56,difference_prefix,3.5150658227912226,13.385600002948195,201.874600003066,218.77526582880543,one shared preloaded model
conv-44-qa-57,difference_prefix,3.5150658227912226,16.873199994734023,185.4336999967927,205.82196581431796,one shared preloaded model
conv-44-qa-58,difference_prefix,3.5150658227912226,18.23100000183331,189.0075999981491,210.75366582277363,one shared preloaded model
conv-44-qa-59,difference_prefix,3.5150658227912226,22.243200000957586,204.99330000166083,230.75156582540964,one shared preloaded model
conv-44-qa-60,difference_prefix,3.5150658227912226,13.178000001062173,120.63230000057956,137.32536582443296,one shared preloaded model
conv-44-qa-61,difference_prefix,3.5150658227912226,16.156600002432242,185.6231999990996,205.29486582432307,one shared preloaded model
conv-44-qa-62,difference_prefix,3.5150658227912226,21.43459999933839,211.22650000324938,236.176165825379,one shared preloaded model
conv-44-qa-63,difference_prefix,3.5150658227912226,13.657100003911182,219.00520000053803,236.17736582724044,one shared preloaded model
conv-44-qa-64,difference_prefix,3.5150658227912226,14.373300000443123,149.7352000005776,167.62356582381196,one shared preloaded model
conv-44-qa-65,difference_prefix,3.5150658227912226,21.089400004711933,279.4465999977547,304.0510658252578,one shared preloaded model
conv-44-qa-66,difference_prefix,3.5150658227912226,15.312599993194453,128.08419999782927,146.91186581381496,one shared preloaded model
conv-44-qa-67,difference_prefix,3.5150658227912226,22.486299996671733,146.32730000448646,172.32866582394942,one shared preloaded model
conv-44-qa-68,difference_prefix,3.5150658227912226,20.96239999809768,376.2317000000621,400.709165820951,one shared preloaded model
conv-44-qa-69,difference_prefix,3.5150658227912226,17.970799999602605,189.88869999884628,211.3745658212401,one shared preloaded model
conv-44-qa-70,difference_prefix,3.5150658227912226,21.60359999834327,188.97719999949913,214.09586582063363,one shared preloaded model
conv-44-qa-71,difference_prefix,3.5150658227912226,21.189299994148314,289.0664000005927,313.7707658175322,one shared preloaded model
conv-44-qa-72,difference_prefix,3.5150658227912226,14.762099999643397,412.15169999486534,430.42886581729994,one shared preloaded model
conv-44-qa-73,difference_prefix,3.5150658227912226,17.721299998811446,204.63080000627087,225.86716582787355,one shared preloaded model
conv-44-qa-74,difference_prefix,3.5150658227912226,14.837199996691197,208.60330000141403,226.95556582089645,one shared preloaded model
conv-44-qa-75,difference_prefix,3.5150658227912226,13.838799997756723,209.50509999966016,226.8589658202081,one shared preloaded model
conv-44-qa-76,difference_prefix,3.5150658227912226,14.921600006346125,680.2098999978625,698.6465658269999,one shared preloaded model
conv-44-qa-77,difference_prefix,3.5150658227912226,13.539100000343751,436.9224999973085,453.97666582044343,one shared preloaded model
conv-44-qa-78,difference_prefix,3.5150658227912226,19.765299999562558,187.31720000505447,210.59756582740826,one shared preloaded model
conv-44-qa-79,difference_prefix,3.5150658227912226,21.542599999520462,179.78710000170395,204.84476582401564,one shared preloaded model
conv-44-qa-80,difference_prefix,3.5150658227912226,22.01789999526227,198.42570000037085,223.95866581842435,one shared preloaded model
conv-44-qa-81,difference_prefix,3.5150658227912226,14.0425999998115,204.31899999675807,221.8766658193608,one shared preloaded model
conv-44-qa-82,difference_prefix,3.5150658227912226,12.964299996383488,127.56120000267401,144.04056582184873,one shared preloaded model
conv-44-qa-83,difference_prefix,3.5150658227912226,19.201700000849087,1600.1344000032987,1622.851165826939,one shared preloaded model
conv-44-qa-84,difference_prefix,3.5150658227912226,14.040800000657327,1334.5453000001726,1352.1011658236212,one shared preloaded model
conv-44-qa-85,difference_prefix,3.5150658227912226,18.900100003520492,202.01810000435216,224.43326583066388,one shared preloaded model
conv-44-qa-86,difference_prefix,3.5150658227912226,13.352299996768124,198.40470000053756,215.2720658200969,one shared preloaded model
conv-44-qa-87,difference_prefix,3.5150658227912226,13.559099999838509,197.95539999904577,215.0295658216755,one shared preloaded model
conv-44-qa-88,difference_prefix,3.5150658227912226,13.819899999361951,884.417699999176,901.7526658213292,one shared preloaded model
conv-44-qa-89,difference_prefix,3.5150658227912226,13.426199999230448,145.62630000000354,162.56756582202522,one shared preloaded model
conv-44-qa-90,difference_prefix,3.5150658227912226,20.89259999775095,170.03200000181096,194.43966582235313,one shared preloaded model
conv-44-qa-91,difference_prefix,3.5150658227912226,21.78760000242619,505.34009999682894,530.6427658220464,one shared preloaded model
conv-44-qa-92,difference_prefix,3.5150658227912226,17.264099995372817,485.1758000004338,505.9549658185978,one shared preloaded model
conv-44-qa-93,difference_prefix,3.5150658227912226,13.68940000247676,309.56260000675684,326.7670658320248,one shared preloaded model
conv-44-qa-94,difference_prefix,3.5150658227912226,17.745299999660347,148.05680000426946,169.31716582672104,one shared preloaded model
conv-44-qa-95,difference_prefix,3.5150658227912226,20.75699999841163,232.63179999776185,256.9038658189647,one shared preloaded model
conv-44-qa-96,difference_prefix,3.5150658227912226,18.365199997788295,362.3730999970576,384.2533658176371,one shared preloaded model
conv-44-qa-97,difference_prefix,3.5150658227912226,17.46649999404326,160.29770000022836,181.27926581706285,one shared preloaded model
conv-44-qa-98,difference_prefix,3.5150658227912226,17.91800000501098,154.28610000526533,175.71916583306754,one shared preloaded model
conv-44-qa-99,difference_prefix,3.5150658227912226,21.509899997909088,887.9009000011138,912.9258658218141,one shared preloaded model
conv-44-qa-100,difference_prefix,3.5150658227912226,15.028399997390807,201.86610000382643,220.40956582400847,one shared preloaded model
conv-44-qa-101,difference_prefix,3.5150658227912226,13.072099995042663,208.11130000220146,224.69846582003535,one shared preloaded model
conv-44-qa-102,difference_prefix,3.5150658227912226,17.3138000027393,468.0127000028733,488.8415658284038,one shared preloaded model
conv-44-qa-103,difference_prefix,3.5150658227912226,17.77359999687178,162.02599999814993,183.31466581781294,one shared preloaded model
conv-44-qa-104,difference_prefix,3.5150658227912226,20.838699994783383,299.57439999998314,323.9281658175577,one shared preloaded model
conv-44-qa-105,difference_prefix,3.5150658227912226,18.621899995196145,306.052500003716,328.1894658217033,one shared preloaded model
conv-44-qa-106,difference_prefix,3.5150658227912226,17.59979999769712,1269.1798000014387,1290.294665821927,one shared preloaded model
conv-44-qa-107,difference_prefix,3.5150658227912226,14.806099999987055,381.83240000216756,400.1535658249458,one shared preloaded model
conv-44-qa-108,difference_prefix,3.5150658227912226,14.292799998656847,186.8038999964483,204.61176581789638,one shared preloaded model
conv-44-qa-109,difference_prefix,3.5150658227912226,18.27190000039991,253.4176999979536,275.2046658211447,one shared preloaded model
conv-44-qa-110,difference_prefix,3.5150658227912226,14.532799999869894,117.79070000193315,135.83856582459427,one shared preloaded model
conv-44-qa-111,difference_prefix,3.5150658227912226,21.482800002559088,380.40770000225166,405.40556582760195,one shared preloaded model
conv-44-qa-112,difference_prefix,3.5150658227912226,18.259099997521844,149.69120000023395,171.46536582054702,one shared preloaded model
conv-44-qa-113,difference_prefix,3.5150658227912226,21.283399997628294,212.7318999991985,237.53036581961803,one shared preloaded model
conv-44-qa-114,difference_prefix,3.5150658227912226,14.675500002340414,160.1991999996244,178.38976582475604,one shared preloaded model
conv-44-qa-115,difference_prefix,3.5150658227912226,21.819400004460476,451.93660000222735,477.271065829479,one shared preloaded model
conv-44-qa-116,difference_prefix,3.5150658227912226,17.74930000101449,201.93170000129612,223.19606582510184,one shared preloaded model
conv-44-qa-117,difference_prefix,3.5150658227912226,17.735900000843685,168.36550000152783,189.61646582516275,one shared preloaded model
conv-44-qa-118,difference_prefix,3.5150658227912226,21.569900003669318,199.55389999813633,224.63886582459688,one shared preloaded model
conv-44-qa-119,difference_prefix,3.5150658227912226,14.573699998436496,468.5470999975223,486.63586581875,one shared preloaded model
conv-44-qa-120,difference_prefix,3.5150658227912226,13.577199999417644,591.3479000009829,608.4401658231918,one shared preloaded model
conv-44-qa-121,difference_prefix,3.5150658227912226,13.578699996287469,392.8869000010309,409.98066582010955,one shared preloaded model
conv-44-qa-122,difference_prefix,3.5150658227912226,18.445599998813123,206.61960000143154,228.5802658230359,one shared preloaded model
conv-44-qa-123,difference_prefix,3.5150658227912226,14.581000003090594,180.59999999968568,198.6960658255675,one shared preloaded model
conv-44-qa-124,difference_prefix,3.5150658227912226,20.9815999987768,212.47919999586884,236.97586581743687,one shared preloaded model
conv-44-qa-125,difference_prefix,3.5150658227912226,13.889900001231581,197.01340000028722,214.41836582431003,one shared preloaded model
conv-44-qa-126,difference_prefix,3.5150658227912226,13.039099998422898,208.176199994341,224.73036581555513,one shared preloaded model
conv-44-qa-127,difference_prefix,3.5150658227912226,16.253499998128973,191.40289999631932,211.17146581723952,one shared preloaded model
conv-44-qa-128,difference_prefix,3.5150658227912226,17.653500006417744,189.90189999749418,211.07046582670316,one shared preloaded model
conv-44-qa-129,difference_prefix,3.5150658227912226,20.820899997488596,449.4579999955022,473.793965815782,one shared preloaded model
conv-44-qa-130,difference_prefix,3.5150658227912226,17.368200002238154,175.93599999963772,196.8192658246671,one shared preloaded model
conv-44-qa-131,difference_prefix,3.5150658227912226,21.40270000381861,226.65179999603424,251.56956582264408,one shared preloaded model
conv-44-qa-132,difference_prefix,3.5150658227912226,14.00889999786159,248.02449999697274,265.5484658176255,one shared preloaded model
conv-44-qa-133,difference_prefix,3.5150658227912226,17.671100002189633,205.090299998119,226.27646582309987,one shared preloaded model
conv-44-qa-134,difference_prefix,3.5150658227912226,17.147400001704227,208.71549999719718,229.37796582169264,one shared preloaded model
conv-44-qa-135,difference_prefix,3.5150658227912226,17.552500001329463,823.9940999992541,845.0616658233748,one shared preloaded model
conv-44-qa-136,difference_prefix,3.5150658227912226,17.55859999684617,182.71979999553878,203.79346581517618,one shared preloaded model
conv-44-qa-137,difference_prefix,3.5150658227912226,22.20359999773791,193.50809999741614,219.22676581794528,one shared preloaded model
conv-44-qa-138,difference_prefix,3.5150658227912226,17.827299998316448,462.2921000045608,483.6344658256684,one shared preloaded model
conv-44-qa-139,difference_prefix,3.5150658227912226,13.225599999714177,189.00820000271779,205.7488658252232,one shared preloaded model
conv-44-qa-140,difference_prefix,3.5150658227912226,21.388500004832167,213.53670000098646,238.44026582860985,one shared preloaded model
conv-44-qa-141,difference_prefix,3.5150658227912226,14.844799996353686,155.66979999857722,174.02966581772213,one shared preloaded model
conv-44-qa-142,difference_prefix,3.5150658227912226,20.931900005962234,205.95440000033705,230.4013658290905,one shared preloaded model
conv-44-qa-143,difference_prefix,3.5150658227912226,15.059199999086559,498.6226999972132,517.196965819091,one shared preloaded model
conv-44-qa-144,difference_prefix,3.5150658227912226,17.603699998289812,117.20869999408023,138.32746581516128,one shared preloaded model
conv-44-qa-145,difference_prefix,3.5150658227912226,20.71080000314396,209.11399999749847,233.33986582343366,one shared preloaded model
conv-44-qa-146,difference_prefix,3.5150658227912226,13.426800003799144,205.17320000362815,222.11506583021853,one shared preloaded model
conv-44-qa-147,difference_prefix,3.5150658227912226,13.989600003696978,196.5386000010767,214.0432658275649,one shared preloaded model
conv-44-qa-148,difference_prefix,3.5150658227912226,14.725699998962227,429.2060000007041,447.4467658224575,one shared preloaded model
conv-44-qa-149,difference_prefix,3.5150658227912226,17.988499996135943,165.30129999591736,186.80486581484453,one shared preloaded model
conv-44-qa-150,difference_prefix,3.5150658227912226,20.184599998174235,374.50779999926453,398.20746582022997,one shared preloaded model
conv-44-qa-151,difference_prefix,3.5150658227912226,13.848999995389022,159.5729000036954,176.93696582187565,one shared preloaded model
conv-44-qa-152,difference_prefix,3.5150658227912226,20.391999998537358,164.5940000016708,188.50106582299938,one shared preloaded model
conv-44-qa-153,difference_prefix,3.5150658227912226,18.906800003605895,251.65869999909773,274.08056582549483,one shared preloaded model
conv-44-qa-154,difference_prefix,3.5150658227912226,13.770199999271426,155.88349999597995,173.1687658180426,one shared preloaded model
conv-44-qa-155,difference_prefix,3.5150658227912226,21.420899996883236,174.86490000010235,199.80086581977682,one shared preloaded model
conv-44-qa-156,difference_prefix,3.5150658227912226,21.75159999751486,164.7041000032914,189.97076582359747,one shared preloaded model
conv-44-qa-157,difference_prefix,3.5150658227912226,21.760399999038782,184.311400000297,209.586865822127,one shared preloaded model
conv-47-qa-0,difference_prefix,2.85958421051251,13.80570000037551,171.15019999619108,187.8154842070791,one shared preloaded model
conv-47-qa-1,difference_prefix,2.85958421051251,20.442799999727868,198.36930000019493,221.6716842104353,one shared preloaded model
conv-47-qa-2,difference_prefix,2.85958421051251,14.192500006174669,256.27100000565406,273.3230842223412,one shared preloaded model
conv-47-qa-3,difference_prefix,2.85958421051251,12.612099999387283,208.69759999914095,224.16928420904074,one shared preloaded model
conv-47-qa-4,difference_prefix,2.85958421051251,14.595200002077036,501.7899000013131,519.2446842139026,one shared preloaded model
conv-47-qa-5,difference_prefix,2.85958421051251,16.95829999516718,197.17600000149105,216.99388420717074,one shared preloaded model
conv-47-qa-6,difference_prefix,2.85958421051251,13.151699997251853,186.25769999925978,202.26898420702415,one shared preloaded model
conv-47-qa-7,difference_prefix,2.85958421051251,20.927300000039395,192.34519999736222,216.13208420791412,one shared preloaded model
conv-47-qa-8,difference_prefix,2.85958421051251,16.405800000939053,121.00479999935487,140.27018421080643,one shared preloaded model
conv-47-qa-9,difference_prefix,2.85958421051251,13.773200000287034,190.0822000025073,206.71498421330685,one shared preloaded model
conv-47-qa-10,difference_prefix,2.85958421051251,19.79340000252705,514.4894999975804,537.14248421062,one shared preloaded model
conv-47-qa-11,difference_prefix,2.85958421051251,16.934400002355687,210.78899999702116,230.58298420988936,one shared preloaded model
conv-47-qa-12,difference_prefix,2.85958421051251,13.024599997152109,199.6073000045726,215.49148421223722,one shared preloaded model
conv-47-qa-13,difference_prefix,2.85958421051251,13.049900000623893,456.5141999992193,472.4236842103557,one shared preloaded model
conv-47-qa-14,difference_prefix,2.85958421051251,12.710599999991246,510.7667999982368,526.3369842087405,one shared preloaded model
conv-47-qa-15,difference_prefix,2.85958421051251,16.71649999479996,200.29230000363896,219.86838420895143,one shared preloaded model
conv-47-qa-16,difference_prefix,2.85958421051251,14.472900002147071,366.11110000376357,383.4435842164231,one shared preloaded model
conv-47-qa-17,difference_prefix,2.85958421051251,18.108200005372055,142.2039000026416,163.17168421852617,one shared preloaded model
conv-47-qa-18,difference_prefix,2.85958421051251,20.368899997265544,161.11829999863403,184.34678420641208,one shared preloaded model
conv-47-qa-19,difference_prefix,2.85958421051251,19.952399998146575,201.66419999441132,224.4761842030704,one shared preloaded model
conv-47-qa-20,difference_prefix,2.85958421051251,13.104400000884198,189.5479000013438,205.5118842127405,one shared preloaded model
conv-47-qa-21,difference_prefix,2.85958421051251,21.05440000013914,200.8958000005805,224.80978421123214,one shared preloaded model
conv-47-qa-22,difference_prefix,2.85958421051251,14.423499997064937,137.5839000029373,154.86698421051474,one shared preloaded model
conv-47-qa-23,difference_prefix,2.85958421051251,20.078800000192132,489.13380000158213,512.0721842122867,one shared preloaded model
conv-47-qa-24,difference_prefix,2.85958421051251,17.02050000312738,182.12850000418257,202.00858421782246,one shared preloaded model
conv-47-qa-25,difference_prefix,2.85958421051251,20.70330000424292,104.37610000371933,127.93898421847476,one shared preloaded model
conv-47-qa-26,difference_prefix,2.85958421051251,20.18569999927422,215.60260000114795,238.64788421093468,one shared preloaded model
conv-47-qa-27,difference_prefix,2.85958421051251,13.569700000516605,187.79329999961192,204.22258421064103,one shared preloaded model
conv-47-qa-28,difference_prefix,2.85958421051251,20.708900003228337,494.92189999728,518.4903842110208,one shared preloaded model
conv-47-qa-29,difference_prefix,2.85958421051251,15.580899998894893,198.55370000004768,216.99418420945509,one shared preloaded model
conv-47-qa-30,difference_prefix,2.85958421051251,13.380800002778415,104.92500000691507,121.165384220206,one shared preloaded model
conv-47-qa-31,difference_prefix,2.85958421051251,15.274999997927807,202.91470000665868,221.049284215099,one shared preloaded model
conv-47-qa-32,difference_prefix,2.85958421051251,14.499199998681433,212.73529999598395,230.0940842051779,one shared preloaded model
conv-47-qa-33,difference_prefix,2.85958421051251,14.116499994997866,184.068099995784,201.04418420129437,one shared preloaded model
conv-47-qa-34,difference_prefix,2.85958421051251,20.20269999775337,141.12439999735216,164.18668420561804,one shared preloaded model
conv-47-qa-35,difference_prefix,2.85958421051251,20.627899997634813,147.24310000019614,170.73058420834346,one shared preloaded model
conv-47-qa-36,difference_prefix,2.85958421051251,19.558199994207826,170.98919999989448,193.40698420461482,one shared preloaded model
conv-47-qa-37,difference_prefix,2.85958421051251,18.50150000245776,506.6563000000315,528.0173842130017,one shared preloaded model
conv-47-qa-38,difference_prefix,2.85958421051251,13.738599998760037,183.93690000084462,200.53508421011716,one shared preloaded model
conv-47-qa-39,difference_prefix,2.85958421051251,20.589800005836878,499.5762000035029,523.0255842198522,one shared preloaded model
conv-47-qa-40,difference_prefix,2.85958421051251,14.704100001836196,318.20300000254065,335.7666842148893,one shared preloaded model
conv-47-qa-41,difference_prefix,2.85958421051251,15.360600002168212,193.3673999956227,211.5875842083034,one shared preloaded model
conv-47-qa-42,difference_prefix,2.85958421051251,15.916800002742093,507.1869999956107,525.9633842088653,one shared preloaded model
conv-47-qa-43,difference_prefix,2.85958421051251,12.9564999951981,131.53549999697134,147.35158420268195,one shared preloaded model
conv-47-qa-44,difference_prefix,2.85958421051251,20.061199997144286,234.58219999884022,257.502984206497,one shared preloaded model
conv-47-qa-45,difference_prefix,2.85958421051251,13.571399998909328,208.53689999785274,224.96788420727458,one shared preloaded model
conv-47-qa-46,difference_prefix,2.85958421051251,14.34519999747863,498.65509999654023,515.8598842045313,one shared preloaded model
conv-47-qa-47,difference_prefix,2.85958421051251,17.13980000204174,518.1363999945461,538.1357842071003,one shared preloaded model
conv-47-qa-48,difference_prefix,2.85958421051251,18.11689999885857,460.19220000016503,481.1686842095361,one shared preloaded model
conv-47-qa-49,difference_prefix,2.85958421051251,17.586000001756474,146.70610000030138,167.15168421257036,one shared preloaded model
conv-47-qa-50,difference_prefix,2.85958421051251,20.361499999125954,466.0286999933305,489.24978420296895,one shared preloaded model
conv-47-qa-51,difference_prefix,2.85958421051251,16.325999997206964,210.0579999969341,229.24358420465356,one shared preloaded model
conv-47-qa-52,difference_prefix,2.85958421051251,12.823700002627447,196.8570000026375,212.54028421577746,one shared preloaded model
conv-47-qa-53,difference_prefix,2.85958421051251,14.491699999780394,189.3142999979318,206.66558420822471,one shared preloaded model
conv-47-qa-54,difference_prefix,2.85958421051251,20.403900001838338,192.45889999729116,215.722384209642,one shared preloaded model
conv-47-qa-55,difference_prefix,2.85958421051251,20.17119999800343,477.22929999872576,500.2600842072417,one shared preloaded model
conv-47-qa-56,difference_prefix,2.85958421051251,17.227299998921808,201.49669999955222,221.58358420898654,one shared preloaded model
conv-47-qa-57,difference_prefix,2.85958421051251,14.324299998406786,184.7875999956159,201.9714842045352,one shared preloaded model
conv-47-qa-58,difference_prefix,2.85958421051251,19.60020000115037,312.4431999967783,334.9029842084411,one shared preloaded model
conv-47-qa-59,difference_prefix,2.85958421051251,14.130399998975918,504.53469999774825,521.5246842072366,one shared preloaded model
conv-47-qa-60,difference_prefix,2.85958421051251,17.265199996472802,148.47089999966556,168.59568420665087,one shared preloaded model
conv-47-qa-61,difference_prefix,2.85958421051251,20.276300005207304,199.39290000183973,222.52878421755955,one shared preloaded model
conv-47-qa-62,difference_prefix,2.85958421051251,17.00820000405656,200.40709999739192,220.274884211961,one shared preloaded model
conv-47-qa-63,difference_prefix,2.85958421051251,17.88020000094548,462.50980000331765,483.2495842147756,one shared preloaded model
conv-47-qa-64,difference_prefix,2.85958421051251,13.42770000337623,189.3844000005629,205.67168421445163,one shared preloaded model
conv-47-qa-65,difference_prefix,2.85958421051251,20.37689999997383,500.3158999970765,523.5523842075628,one shared preloaded model
conv-47-qa-66,difference_prefix,2.85958421051251,13.375900001847185,462.92179999727523,479.1572842096349,one shared preloaded model
conv-47-qa-67,difference_prefix,2.85958421051251,16.497600001457613,186.81610000203364,206.17328421400376,one shared preloaded model
conv-47-qa-68,difference_prefix,2.85958421051251,20.793700001377147,162.63619999517687,186.28948420706652,one shared preloaded model
conv-47-qa-69,difference_prefix,2.85958421051251,20.740899999509566,352.4124000032316,376.01288421325364,one shared preloaded model
conv-47-qa-70,difference_prefix,2.85958421051251,14.501500001642853,185.75160000182223,203.1126842139776,one shared preloaded model
conv-47-qa-71,difference_prefix,2.85958421051251,20.735400001285598,218.90249999705702,242.49748420885513,one shared preloaded model
conv-47-qa-72,difference_prefix,2.85958421051251,14.15199999610195,175.99409999820637,193.00568420482082,one shared preloaded model
conv-47-qa-73,difference_prefix,2.85958421051251,21.979299999657087,151.605599996401,176.4444842065706,one shared preloaded model
conv-47-qa-74,difference_prefix,2.85958421051251,21.605100002489053,199.9943999981042,224.45908421110576,one shared preloaded model
conv-47-qa-75,difference_prefix,2.85958421051251,17.65719999821158,202.3274999955902,222.84428420431428,one shared preloaded model
conv-47-qa-76,difference_prefix,2.85958421051251,14.378100000612903,168.6109000002034,185.8485842113288,one shared preloaded model
conv-47-qa-77,difference_prefix,2.85958421051251,14.972899996791966,206.17610000044806,224.00858420775253,one shared preloaded model
conv-47-qa-78,difference_prefix,2.85958421051251,13.802699999359902,189.9353999979212,206.5976842077936,one shared preloaded model
conv-47-qa-79,difference_prefix,2.85958421051251,21.2764000025345,169.5901999992202,193.7261842122672,one shared preloaded model
conv-47-qa-80,difference_prefix,2.85958421051251,21.96869999897899,602.19849999703,627.0267842065215,one shared preloaded model
conv-47-qa-81,difference_prefix,2.85958421051251,15.444999997271225,198.5350000031758,216.83958421095954,one shared preloaded model
conv-47-qa-82,difference_prefix,2.85958421051251,14.920499997970182,199.23220000055153,217.01228420903422,one shared preloaded model
conv-47-qa-83,difference_prefix,2.85958421051251,12.740799997118302,258.678800004418,274.27918421204885,one shared preloaded model
conv-47-qa-84,difference_prefix,2.85958421051251,15.088899999682326,204.43230000091717,222.380784211112,one shared preloaded model
conv-47-qa-85,difference_prefix,2.85958421051251,13.572500000009313,151.87460000015562,168.30668421067745,one shared preloaded model
conv-47-qa-86,difference_prefix,2.85958421051251,20.288499996240716,201.94090000586584,225.08898421261907,one shared preloaded model
conv-47-qa-87,difference_prefix,2.85958421051251,15.848299997742288,183.66179999429733,202.36968420255212,one shared preloaded model
conv-47-qa-88,difference_prefix,2.85958421051251,21.073199997772463,279.65799999947194,303.5907842077569,one shared preloaded model
conv-47-qa-89,difference_prefix,2.85958421051251,13.48889999644598,843.4436999959871,859.7921842029456,one shared preloaded model
conv-47-qa-90,difference_prefix,2.85958421051251,19.642599996586796,286.8869000012637,309.389084208363,one shared preloaded model
conv-47-qa-91,difference_prefix,2.85958421051251,17.434000001230743,439.15260000358103,459.44618421532425,one shared preloaded model
conv-47-qa-92,difference_prefix,2.85958421051251,14.685300004202873,204.6005000011064,222.1453842158218,one shared preloaded model
conv-47-qa-93,difference_prefix,2.85958421051251,14.900000001944136,104.67400000197813,122.43358421443477,one shared preloaded model
conv-47-qa-94,difference_prefix,2.85958421051251,20.823699996981304,1578.3981999993557,1602.0814842068496,one shared preloaded model
conv-47-qa-95,difference_prefix,2.85958421051251,12.454399999114685,119.81050000031246,135.12448420993965,one shared preloaded model
conv-47-qa-96,difference_prefix,2.85958421051251,14.086499999393709,107.70200000115437,124.64808421106059,one shared preloaded model
conv-47-qa-97,difference_prefix,2.85958421051251,14.910199999576434,143.56960000441177,161.3393842145007,one shared preloaded model
conv-47-qa-98,difference_prefix,2.85958421051251,17.075499999918975,681.9109000061871,701.8459842166186,one shared preloaded model
conv-47-qa-99,difference_prefix,2.85958421051251,13.635499999509193,411.9025000036345,428.39758421365616,one shared preloaded model
conv-47-qa-100,difference_prefix,2.85958421051251,19.069000001763925,198.94419999764068,220.8727842099171,one shared preloaded model
conv-47-qa-101,difference_prefix,2.85958421051251,14.775000003282912,98.32139999343781,115.95598420723323,one shared preloaded model
conv-47-qa-102,difference_prefix,2.85958421051251,14.9500999978045,107.51929999969434,125.32898420801135,one shared preloaded model
conv-47-qa-103,difference_prefix,2.85958421051251,18.939000001410022,195.5770999993547,217.37568421127722,one shared preloaded model
conv-47-qa-104,difference_prefix,2.85958421051251,14.264299999922514,142.0086999933119,159.13258420374692,one shared preloaded model
conv-47-qa-105,difference_prefix,2.85958421051251,20.206599998346064,211.84819999325555,234.91438420211412,one shared preloaded model
conv-47-qa-106,difference_prefix,2.85958421051251,12.82599999831291,132.85670000186656,148.54228421069197,one shared preloaded model
conv-47-qa-107,difference_prefix,2.85958421051251,20.366400000057183,143.15659999556374,166.38258420613343,one shared preloaded model
conv-47-qa-108,difference_prefix,2.85958421051251,20.639700000174344,193.51319999987027,217.01248421055712,one shared preloaded model
conv-47-qa-109,difference_prefix,2.85958421051251,17.861300002550706,754.4294000035734,775.1502842166366,one shared preloaded model
conv-47-qa-110,difference_prefix,2.85958421051251,15.76569999451749,128.9217000012286,147.5469842062586,one shared preloaded model
conv-47-qa-111,difference_prefix,2.85958421051251,20.885700003418606,247.46710000181338,271.21238421574446,one shared preloaded model
conv-47-qa-112,difference_prefix,2.85958421051251,12.904800001706462,203.86100000177976,219.62538421399873,one shared preloaded model
conv-47-qa-113,difference_prefix,2.85958421051251,14.116000005742535,191.61260000691982,208.58818422317486,one shared preloaded model
conv-47-qa-114,difference_prefix,2.85958421051251,17.91850000154227,165.17230000317795,185.95038421523273,one shared preloaded model
conv-47-qa-115,difference_prefix,2.85958421051251,22.548499997355975,202.88939999591094,228.29748420377942,one shared preloaded model
conv-47-qa-116,difference_prefix,2.85958421051251,17.087600004742853,209.3520999987959,229.29928421405126,one shared preloaded model
conv-47-qa-117,difference_prefix,2.85958421051251,17.043300002114847,200.99589999881573,220.8987842114431,one shared preloaded model
conv-47-qa-118,difference_prefix,2.85958421051251,15.042699997138698,122.60850000166101,140.51078420931222,one shared preloaded model
conv-47-qa-119,difference_prefix,2.85958421051251,20.55819999804953,390.461700000742,413.879484209304,one shared preloaded model
conv-47-qa-120,difference_prefix,2.85958421051251,17.653700000664685,190.9360999998171,211.44938421099428,one shared preloaded model
conv-47-qa-121,difference_prefix,2.85958421051251,17.484299998614006,239.40899999433896,259.75288420346544,one shared preloaded model
conv-47-qa-122,difference_prefix,2.85958421051251,13.9363999987836,202.502000000095,219.2979842093911,one shared preloaded model
conv-47-qa-123,difference_prefix,2.85958421051251,15.050599999085534,210.0088000006508,227.91898421024885,one shared preloaded model
conv-47-qa-124,difference_prefix,2.85958421051251,17.08900000085123,212.2001999960048,232.14878420736855,one shared preloaded model
conv-47-qa-125,difference_prefix,2.85958421051251,12.821199998143129,254.660699996748,270.3414842054037,one shared preloaded model
conv-47-qa-126,difference_prefix,2.85958421051251,15.116000002308283,241.17539999861037,259.15098421143114,one shared preloaded model
conv-47-qa-127,difference_prefix,2.85958421051251,13.547300004574936,175.69640000147047,192.1032842165579,one shared preloaded model
conv-47-qa-128,difference_prefix,2.85958421051251,21.061100000224542,503.16720000409987,527.0878842148369,one shared preloaded model
conv-47-qa-129,difference_prefix,2.85958421051251,17.585200002940837,228.64370000024792,249.08848421370126,one shared preloaded model
conv-47-qa-130,difference_prefix,2.85958421051251,13.402600001427345,176.08829999517184,192.3504842071117,one shared preloaded model
conv-47-qa-131,difference_prefix,2.85958421051251,21.01750000292668,105.49140000512125,129.36848421856044,one shared preloaded model
conv-47-qa-132,difference_prefix,2.85958421051251,20.63040000211913,256.0885000057169,279.57848421834854,one shared preloaded model
conv-47-qa-133,difference_prefix,2.85958421051251,14.997400001448113,148.48679999704473,166.34378420900535,one shared preloaded model
conv-47-qa-134,difference_prefix,2.85958421051251,15.628900000592694,311.522200005129,330.01068421623415,one shared preloaded model
conv-47-qa-135,difference_prefix,2.85958421051251,17.862099994090386,163.64600000088103,184.36768420548393,one shared preloaded model
conv-47-qa-136,difference_prefix,2.85958421051251,21.704700004193,158.8393000056385,183.40358422034402,one shared preloaded model
conv-47-qa-137,difference_prefix,2.85958421051251,18.62740000069607,179.84009999781847,201.32708420902705,one shared preloaded model
conv-47-qa-138,difference_prefix,2.85958421051251,20.266999999876134,686.1548999950173,709.281484205406,one shared preloaded model
conv-47-qa-139,difference_prefix,2.85958421051251,17.433700006222352,665.4840000046534,685.7772842213882,one shared preloaded model
conv-47-qa-140,difference_prefix,2.85958421051251,13.55810000677593,825.0441999989562,841.4618842162446,one shared preloaded model
conv-47-qa-141,difference_prefix,2.85958421051251,15.440799994394183,208.24789999460336,226.54828419951005,one shared preloaded model
conv-47-qa-142,difference_prefix,2.85958421051251,14.070000004721805,268.88529999996535,285.81488421519964,one shared preloaded model
conv-47-qa-143,difference_prefix,2.85958421051251,13.355700000829529,165.30319999583298,181.51848420717502,one shared preloaded model
conv-47-qa-144,difference_prefix,2.85958421051251,21.271799996611662,171.57489999954123,195.7062842066654,one shared preloaded model
conv-47-qa-145,difference_prefix,2.85958421051251,20.40139999735402,696.4846999981091,719.7456842059756,one shared preloaded model
conv-47-qa-146,difference_prefix,2.85958421051251,17.6934999981313,250.07100000220817,270.62408421085195,one shared preloaded model
conv-47-qa-147,difference_prefix,2.85958421051251,17.7177000005031,204.83200000307988,225.4092842140955,one shared preloaded model
conv-47-qa-148,difference_prefix,2.85958421051251,14.410999996471219,265.9168999962276,283.1874842032113,one shared preloaded model
conv-47-qa-149,difference_prefix,2.85958421051251,13.894700001401361,165.22519999853102,181.9794842104449,one shared preloaded model
conv-47-qa-150,difference_prefix,2.85958421051251,14.684499998111278,221.32019999844488,238.86428420706866,one shared preloaded model
conv-47-qa-151,difference_prefix,2.85958421051251,13.421000003290828,158.09070000250358,174.37128421630692,one shared preloaded model
conv-47-qa-152,difference_prefix,2.85958421051251,19.01689999795053,405.04049999435665,426.91698420281966,one shared preloaded model
conv-47-qa-153,difference_prefix,2.85958421051251,14.811699998972472,230.07000000507105,247.74128421455603,one shared preloaded model
conv-47-qa-154,difference_prefix,2.85958421051251,14.880299997457769,219.0039999986766,236.74388420664687,one shared preloaded model
conv-47-qa-155,difference_prefix,2.85958421051251,14.118800005235244,1002.79479999881,1019.7731842145578,one shared preloaded model
conv-47-qa-156,difference_prefix,2.85958421051251,16.68970000173431,261.6046000039205,281.1538842161673,one shared preloaded model
conv-47-qa-157,difference_prefix,2.85958421051251,17.150400002719834,186.91129999933764,206.92128421257,one shared preloaded model
conv-47-qa-158,difference_prefix,2.85958421051251,21.091599999635946,154.4456000046921,178.39678421484055,one shared preloaded model
conv-47-qa-159,difference_prefix,2.85958421051251,20.428299998457078,194.23129999631783,217.51918420528742,one shared preloaded model
conv-47-qa-160,difference_prefix,2.85958421051251,13.456900000164751,341.5501999988919,357.86668420956914,one shared preloaded model
conv-47-qa-161,difference_prefix,2.85958421051251,15.635200004908256,162.394699997094,180.88948421251476,one shared preloaded model
conv-47-qa-162,difference_prefix,2.85958421051251,21.019300002080854,314.1113999954541,337.99028420804746,one shared preloaded model
conv-47-qa-163,difference_prefix,2.85958421051251,17.825999995693564,184.40389999886975,205.08948420507582,one shared preloaded model
conv-47-qa-164,difference_prefix,2.85958421051251,15.628400004061405,186.42959999851882,204.91758421309274,one shared preloaded model
conv-47-qa-165,difference_prefix,2.85958421051251,20.521400001598522,227.7172999965842,251.09828420869522,one shared preloaded model
conv-47-qa-166,difference_prefix,2.85958421051251,12.792599998647347,187.21730000106618,202.86948421022603,one shared preloaded model
conv-47-qa-167,difference_prefix,2.85958421051251,21.111200003360864,197.1075000037672,221.07828421764057,one shared preloaded model
conv-47-qa-168,difference_prefix,2.85958421051251,13.670500004081987,200.16130000294652,216.691384217541,one shared preloaded model
conv-47-qa-169,difference_prefix,2.85958421051251,12.849599996116012,157.9009999986738,173.61018420530232,one shared preloaded model
conv-47-qa-170,difference_prefix,2.85958421051251,16.961399996944238,107.17369999474613,126.99468420220288,one shared preloaded model
conv-47-qa-171,difference_prefix,2.85958421051251,20.3892999998061,193.97119999484858,217.22008420516718,one shared preloaded model
conv-47-qa-172,difference_prefix,2.85958421051251,16.86649999464862,145.5705999978818,165.29668420304293,one shared preloaded model
conv-47-qa-173,difference_prefix,2.85958421051251,17.171999999845866,160.78980000020238,180.82138421056075,one shared preloaded model
conv-47-qa-174,difference_prefix,2.85958421051251,21.23569999821484,241.80179999530083,265.89708420402815,one shared preloaded model
conv-47-qa-175,difference_prefix,2.85958421051251,13.816200000292156,312.3716999980388,329.04748420884346,one shared preloaded model
conv-47-qa-176,difference_prefix,2.85958421051251,13.792799996735994,129.62580000021262,146.27818420746112,one shared preloaded model
conv-47-qa-177,difference_prefix,2.85958421051251,21.234500003629364,95.69719999853987,119.79128421268175,one shared preloaded model
conv-47-qa-178,difference_prefix,2.85958421051251,18.188499998359475,180.70750000333646,201.75558421220845,one shared preloaded model
conv-47-qa-179,difference_prefix,2.85958421051251,21.189099999901373,189.98329999885755,214.03198420927143,one shared preloaded model
conv-47-qa-180,difference_prefix,2.85958421051251,21.61809999961406,120.14210000052117,144.61978421064774,one shared preloaded model
conv-47-qa-181,difference_prefix,2.85958421051251,20.60009999695467,197.20140000572428,220.66108421319146,one shared preloaded model
conv-47-qa-182,difference_prefix,2.85958421051251,17.145600002550054,172.1149000004516,192.12008421351416,one shared preloaded model
conv-47-qa-183,difference_prefix,2.85958421051251,22.166499999002554,442.56489999679616,467.5909842063112,one shared preloaded model
conv-47-qa-184,difference_prefix,2.85958421051251,14.574300003005192,221.14249999867752,238.57638421219522,one shared preloaded model
conv-47-qa-185,difference_prefix,2.85958421051251,13.173899998946581,208.35089999309275,224.38438420255184,one shared preloaded model
conv-47-qa-186,difference_prefix,2.85958421051251,13.671099994098768,714.7076000037487,731.2382842083599,one shared preloaded model
conv-47-qa-187,difference_prefix,2.85958421051251,17.76909999898635,238.65780000051018,259.286484210009,one shared preloaded model
conv-47-qa-188,difference_prefix,2.85958421051251,17.893600001116283,155.56739999738056,176.32058420900935,one shared preloaded model
conv-47-qa-189,difference_prefix,2.85958421051251,17.80519999738317,157.2775000022375,177.94228421013318,one shared preloaded model
conv-48-qa-0,difference_prefix,2.193986610889388,20.971199999621604,207.64580000104615,230.81098661155715,one shared preloaded model
conv-48-qa-1,difference_prefix,2.193986610889388,13.930600005551241,201.60710000345716,217.7316866198978,one shared preloaded model
conv-48-qa-2,difference_prefix,2.193986610889388,13.872400006221142,490.53550000098767,506.6018866180982,one shared preloaded model
conv-48-qa-3,difference_prefix,2.193986610889388,16.57819999672938,500.46479999582516,519.2369866034439,one shared preloaded model
conv-48-qa-4,difference_prefix,2.193986610889388,17.35229999758303,207.56249999976717,227.1087866082396,one shared preloaded model
conv-48-qa-5,difference_prefix,2.193986610889388,12.549499995657243,117.51250000088476,132.2559866074314,one shared preloaded model
conv-48-qa-6,difference_prefix,2.193986610889388,20.805500003916677,138.77969999884954,161.7791866136556,one shared preloaded model
conv-48-qa-7,difference_prefix,2.193986610889388,20.225399995979387,201.4015000022482,223.820886609117,one shared preloaded model
conv-48-qa-8,difference_prefix,2.193986610889388,14.942000001610722,225.0188000034541,242.1547866159542,one shared preloaded model
conv-48-qa-9,difference_prefix,2.193986610889388,14.221400000678841,469.6960999935982,486.1114866051664,one shared preloaded model
conv-48-qa-10,difference_prefix,2.193986610889388,16.863099997863173,221.70619999815244,240.763286606905,one shared preloaded model
conv-48-qa-11,difference_prefix,2.193986610889388,14.135100005660206,195.50750000053085,211.83658661708046,one shared preloaded model
conv-48-qa-12,difference_prefix,2.193986610889388,14.49010000214912,166.3607000009506,183.04478661398912,one shared preloaded model
conv-48-qa-13,difference_prefix,2.193986610889388,19.985699997050688,152.10450000449782,174.2841866124379,one shared preloaded model
conv-48-qa-14,difference_prefix,2.193986610889388,19.797499997366685,97.94029999466147,119.93178660291755,one shared preloaded model
conv-48-qa-15,difference_prefix,2.193986610889388,19.981499994173646,157.503500005987,179.67898661105005,one shared preloaded model
conv-48-qa-16,difference_prefix,2.193986610889388,20.187000001897104,163.27889999956824,185.65988661235474,one shared preloaded model
conv-48-qa-17,difference_prefix,2.193986610889388,20.289399995817803,499.349900004745,521.8332866114522,one shared preloaded model
conv-48-qa-18,difference_prefix,2.193986610889388,16.449399998236913,191.54919999709819,210.1925866062245,one shared preloaded model
conv-48-qa-19,difference_prefix,2.193986610889388,12.759199998981785,206.41600000089966,221.36918661077084,one shared preloaded model
conv-48-qa-20,difference_prefix,2.193986610889388,14.583999996830244,112.0569000049727,128.83488661269234,one shared preloaded model
conv-48-qa-21,difference_prefix,2.193986610889388,21.21219999389723,505.441500004963,528.8476866097496,one shared preloaded model
conv-48-qa-22,difference_prefix,2.193986610889388,16.170500006410293,469.596900002216,487.9613866195157,one shared preloaded model
conv-48-qa-23,difference_prefix,2.193986610889388,13.636099996801931,190.6111000062083,206.44118661389962,one shared preloaded model
conv-48-qa-24,difference_prefix,2.193986610889388,20.034299996041227,160.82679999817628,183.0550866051069,one shared preloaded model
conv-48-qa-25,difference_prefix,2.193986610889388,19.371399997908156,184.81020000035642,206.37558660915397,one shared preloaded model
conv-48-qa-26,difference_prefix,2.193986610889388,20.029400002385955,140.56500000151573,162.78838661479108,one shared preloaded model
conv-48-qa-27,difference_prefix,2.193986610889388,19.998799994937144,312.50030000228435,334.6930866081109,one shared preloaded model
conv-48-qa-28,difference_prefix,2.193986610889388,17.642200000409503,188.5913999940385,208.4275866053374,one shared preloaded model
conv-48-qa-29,difference_prefix,2.193986610889388,20.780499995453283,170.26610000175424,193.24058660809692,one shared preloaded model
conv-48-qa-30,difference_prefix,2.193986610889388,19.692699999723118,496.4570999945863,518.3437866051988,one shared preloaded model
conv-48-qa-31,difference_prefix,2.193986610889388,17.692300003545824,579.0045999965514,598.8908866109866,one shared preloaded model
conv-48-qa-32,difference_prefix,2.193986610889388,16.8204000001424,146.3493000046583,165.36368661569009,one shared preloaded model
conv-48-qa-33,difference_prefix,2.193986610889388,20.019800002046395,211.9340999997803,234.1478866127161,one shared preloaded model
conv-48-qa-34,difference_prefix,2.193986610889388,14.43749999452848,180.11269999988144,196.74418660529932,one shared preloaded model
conv-48-qa-35,difference_prefix,2.193986610889388,20.899500006635208,477.32689999975264,500.42038661727725,one shared preloaded model
conv-48-qa-36,difference_prefix,2.193986610889388,13.233699995907955,199.13850000011735,214.5661866069147,one shared preloaded model
conv-48-qa-37,difference_prefix,2.193986610889388,13.922199999797158,488.20749999867985,504.3236866093664,one shared preloaded model
conv-48-qa-38,difference_prefix,2.193986610889388,17.869499999505933,353.23979999520816,373.3032866056035,one shared preloaded model
conv-48-qa-39,difference_prefix,2.193986610889388,14.813800000410993,237.52390000299783,254.53168661429822,one shared preloaded model
conv-48-qa-40,difference_prefix,2.193986610889388,12.946900002134498,161.2375000040629,176.3783866170868,one shared preloaded model
conv-48-qa-41,difference_prefix,2.193986610889388,16.850599997269455,722.9255999991437,741.9701866073026,one shared preloaded model
conv-48-qa-42,difference_prefix,2.193986610889388,12.790399996447377,178.9615000016056,193.94588660894237,one shared preloaded model
conv-48-qa-43,difference_prefix,2.193986610889388,20.00630000111414,198.09890000033192,220.29918661233546,one shared preloaded model
conv-48-qa-44,difference_prefix,2.193986610889388,13.134200002241414,174.63259999931324,189.96078661244405,one shared preloaded model
conv-48-qa-45,difference_prefix,2.193986610889388,20.092999999178573,196.23869999486487,218.52568660493284,one shared preloaded model
conv-48-qa-46,difference_prefix,2.193986610889388,14.842299999145325,464.7065999961342,481.7428866061689,one shared preloaded model
conv-48-qa-47,difference_prefix,2.193986610889388,17.266699993342627,513.0790999974124,532.5397866016444,one shared preloaded model
conv-48-qa-48,difference_prefix,2.193986610889388,12.644599999475759,202.77669999632053,217.6152866066857,one shared preloaded model
conv-48-qa-49,difference_prefix,2.193986610889388,12.694699995336123,169.54899999836925,184.43768660459477,one shared preloaded model
conv-48-qa-50,difference_prefix,2.193986610889388,20.00399999815272,212.75459999742452,234.95258660646664,one shared preloaded model
conv-48-qa-51,difference_prefix,2.193986610889388,16.202799997699913,509.99749999755295,528.3942866061423,one shared preloaded model
conv-48-qa-52,difference_prefix,2.193986610889388,17.262399996980093,161.04700000141747,180.50338660928696,one shared preloaded model
conv-48-qa-53,difference_prefix,2.193986610889388,20.193800002743956,215.16929999779677,237.55708661143012,one shared preloaded model
conv-48-qa-54,difference_prefix,2.193986610889388,13.713000000279862,203.79120000143303,219.69818661260229,one shared preloaded model
conv-48-qa-55,difference_prefix,2.193986610889388,12.805499995010905,190.84819999989122,205.84768660579152,one shared preloaded model
conv-48-qa-56,difference_prefix,2.193986610889388,20.225500004016794,489.4018999984837,511.8213866133899,one shared preloaded model
conv-48-qa-57,difference_prefix,2.193986610889388,17.467699995904695,214.54130000347504,234.20298661026914,one shared preloaded model
conv-48-qa-58,difference_prefix,2.193986610889388,12.99250000010943,108.41959999379469,123.6060866047935,one shared preloaded model
conv-48-qa-59,difference_prefix,2.193986610889388,17.341500002657995,180.7981000019936,200.33358661554098,one shared preloaded model
conv-48-qa-60,difference_prefix,2.193986610889388,21.02789999480592,505.0176000004285,528.2394866061238,one shared preloaded model
conv-48-qa-61,difference_prefix,2.193986610889388,17.950900000869296,219.38850000151433,239.53338661327302,one shared preloaded model
conv-48-qa-62,difference_prefix,2.193986610889388,12.754900002619252,1402.17990000383,1417.1287866173386,one shared preloaded model
conv-48-qa-63,difference_prefix,2.193986610889388,17.89479999570176,98.45730000233743,118.54608660892859,one shared preloaded model
conv-48-qa-64,difference_prefix,2.193986610889388,19.95809999789344,122.02560000150697,144.1776866102898,one shared preloaded model
conv-48-qa-65,difference_prefix,2.193986610889388,20.9407000002102,142.93149999866728,166.06618660976687,one shared preloaded model
conv-48-qa-66,difference_prefix,2.193986610889388,21.373099996708333,521.0222999958205,544.5893866034182,one shared preloaded model
conv-48-qa-67,difference_prefix,2.193986610889388,14.837499998975545,169.7219000052428,186.75338661510773,one shared preloaded model
conv-48-qa-68,difference_prefix,2.193986610889388,16.874299995834008,164.3056999964756,183.373986603199,one shared preloaded model
conv-48-qa-69,difference_prefix,2.193986610889388,20.443500005058013,203.12630000262288,225.7637866185703,one shared preloaded model
conv-48-qa-70,difference_prefix,2.193986610889388,13.841499996487983,174.02729999594158,190.06278660331895,one shared preloaded model
conv-48-qa-71,difference_prefix,2.193986610889388,20.168699993519112,480.8559000011883,503.2185866055968,one shared preloaded model
conv-48-qa-72,difference_prefix,2.193986610889388,12.608299999556039,477.70020000461955,492.502486615065,one shared preloaded model
conv-48-qa-73,difference_prefix,2.193986610889388,17.02870000008261,378.14710000384366,397.36978661481567,one shared preloaded model
conv-48-qa-74,difference_prefix,2.193986610889388,18.14130000275327,516.3451000044006,536.6803866180433,one shared preloaded model
conv-48-qa-75,difference_prefix,2.193986610889388,17.3237999988487,113.2043999969028,132.7221866066409,one shared preloaded model
conv-48-qa-76,difference_prefix,2.193986610889388,20.931400002154987,343.3240000013029,366.4493866143473,one shared preloaded model
conv-48-qa-77,difference_prefix,2.193986610889388,17.220200003066566,245.69830000109505,265.112486615051,one shared preloaded model
conv-48-qa-78,difference_prefix,2.193986610889388,12.710900002275594,170.14620000554714,185.05108661871213,one shared preloaded model
conv-48-qa-79,difference_prefix,2.193986610889388,19.795000000158325,104.91409999667667,126.90308660772439,one shared preloaded model
conv-48-qa-80,difference_prefix,2.193986610889388,19.870399999490473,97.86210000311257,119.92648661349244,one shared preloaded model
conv-48-qa-81,difference_prefix,2.193986610889388,20.13000000442844,179.9648000014713,202.28878661678914,one shared preloaded model
conv-48-qa-82,difference_prefix,2.193986610889388,20.430900003702845,349.9230000015814,372.5478866161736,one shared preloaded model
conv-48-qa-83,difference_prefix,2.193986610889388,15.09980000264477,210.38789999875007,227.68168661228424,one shared preloaded model
conv-48-qa-84,difference_prefix,2.193986610889388,12.907399999676272,247.15519999881508,262.25658660938075,one shared preloaded model
conv-48-qa-85,difference_prefix,2.193986610889388,16.79060000606114,238.31899999640882,257.30358661335936,one shared preloaded model
conv-48-qa-86,difference_prefix,2.193986610889388,14.186299995344598,193.22680000186665,209.60708660810064,one shared preloaded model
conv-48-qa-87,difference_prefix,2.193986610889388,15.77240000187885,198.30380000348669,216.27018661625493,one shared preloaded model
conv-48-qa-88,difference_prefix,2.193986610889388,13.453300001856405,476.7629999987548,492.4102866115006,one shared preloaded model
conv-48-qa-89,difference_prefix,2.193986610889388,13.463000002957415,119.89500000345288,135.5519866172997,one shared preloaded model
conv-48-qa-90,difference_prefix,2.193986610889388,19.05550000083167,190.7359999968321,211.98548660855317,one shared preloaded model
conv-48-qa-91,difference_prefix,2.193986610889388,20.28259999497095,145.0161000029766,167.49268660883695,one shared preloaded model
conv-48-qa-92,difference_prefix,2.193986610889388,20.034999994095415,106.73990000213962,128.96888660712443,one shared preloaded model
conv-48-qa-93,difference_prefix,2.193986610889388,20.06260000052862,217.46770000027027,239.72428661168829,one shared preloaded model
conv-48-qa-94,difference_prefix,2.193986610889388,12.976999998500105,1405.099000003247,1420.2699866126366,one shared preloaded model
conv-48-qa-95,difference_prefix,2.193986610889388,16.676200000802055,121.5165000030538,140.38668661474526,one shared preloaded model
conv-48-qa-96,difference_prefix,2.193986610889388,19.986599996627774,172.56110000016633,194.7416866076835,one shared preloaded model
conv-48-qa-97,difference_prefix,2.193986610889388,20.056999994267244,156.085599999642,178.33658660479864,one shared preloaded model
conv-48-qa-98,difference_prefix,2.193986610889388,20.003799996629823,470.9498000011081,493.1475866086273,one shared preloaded model
conv-48-qa-99,difference_prefix,2.193986610889388,17.77849999780301,514.2661999998381,534.2386866085305,one shared preloaded model
conv-48-qa-100,difference_prefix,2.193986610889388,13.322300001163967,228.87880000052974,244.3950866125831,one shared preloaded model
conv-48-qa-101,difference_prefix,2.193986610889388,14.072300000407267,172.72439999942435,188.990686610721,one shared preloaded model
conv-48-qa-102,difference_prefix,2.193986610889388,21.000000000640284,124.95019999914803,148.1441866106777,one shared preloaded model
conv-48-qa-103,difference_prefix,2.193986610889388,16.748499998357147,158.06270000030054,177.00518660954708,one shared preloaded model
conv-48-qa-104,difference_prefix,2.193986610889388,21.237200002360623,170.238500002597,193.669686615847,one shared preloaded model
conv-48-qa-105,difference_prefix,2.193986610889388,20.49099999567261,1602.1890000047279,1624.8739866112899,one shared preloaded model
conv-48-qa-106,difference_prefix,2.193986610889388,17.430400002922397,206.57959999516606,226.20398660897786,one shared preloaded model
conv-48-qa-107,difference_prefix,2.193986610889388,14.814699999988079,158.8357000000542,175.84438661093168,one shared preloaded model
conv-48-qa-108,difference_prefix,2.193986610889388,21.372900002461392,145.6800000014482,169.246886614799,one shared preloaded model
conv-48-qa-109,difference_prefix,2.193986610889388,20.934100000886247,209.95960000436753,233.08768661614317,one shared preloaded model
conv-48-qa-110,difference_prefix,2.193986610889388,14.56740000139689,1063.7421999999788,1080.503586612265,one shared preloaded model
conv-48-qa-111,difference_prefix,2.193986610889388,13.722800002142321,618.7513999975636,634.6681866105953,one shared preloaded model
conv-48-qa-112,difference_prefix,2.193986610889388,17.138999995950144,340.377599997737,359.7105866045765,one shared preloaded model
conv-48-qa-113,difference_prefix,2.193986610889388,17.561200002091937,425.9514000004856,445.7065866134669,one shared preloaded model
conv-48-qa-114,difference_prefix,2.193986610889388,15.828800002054777,146.78140000614803,164.8041866190922,one shared preloaded model
conv-48-qa-115,difference_prefix,2.193986610889388,17.106600003899075,213.01810000295518,232.31868661774365,one shared preloaded model
conv-48-qa-116,difference_prefix,2.193986610889388,13.334799994481727,226.15610000502784,241.68488661039896,one shared preloaded model
conv-48-qa-117,difference_prefix,2.193986610889388,14.643400005297735,432.5489999973797,449.38638661356686,one shared preloaded model
conv-48-qa-118,difference_prefix,2.193986610889388,13.243199995486066,154.67890000581974,170.1160866121952,one shared preloaded model
conv-48-qa-119,difference_prefix,2.193986610889388,20.455499994568527,177.21680000249762,199.86628660795554,one shared preloaded model
conv-48-qa-120,difference_prefix,2.193986610889388,21.94910000253003,316.4686000018264,340.61168661524584,one shared preloaded model
conv-48-qa-121,difference_prefix,2.193986610889388,13.174300001992378,273.0216999989352,288.389986611817,one shared preloaded model
conv-48-qa-122,difference_prefix,2.193986610889388,13.995900000736583,231.13639999792213,247.3262866095481,one shared preloaded model
conv-48-qa-123,difference_prefix,2.193986610889388,16.59500000096159,310.8751999970991,329.6641866089501,one shared preloaded model
conv-48-qa-124,difference_prefix,2.193986610889388,13.882299994293135,190.69110000418732,206.76738660936985,one shared preloaded model
conv-48-qa-125,difference_prefix,2.193986610889388,20.32080000208225,149.94690000457922,172.46168661755087,one shared preloaded model
conv-48-qa-126,difference_prefix,2.193986610889388,20.388099997944664,311.1261999947601,333.70828660359416,one shared preloaded model
conv-48-qa-127,difference_prefix,2.193986610889388,12.958999999682419,381.51210000069113,396.66508661126295,one shared preloaded model
conv-48-qa-128,difference_prefix,2.193986610889388,17.21650000399677,117.42640000011306,136.83688661499923,one shared preloaded model
conv-48-qa-129,difference_prefix,2.193986610889388,21.09059999929741,183.8276999988011,207.11228660898792,one shared preloaded model
conv-48-qa-130,difference_prefix,2.193986610889388,20.38180000090506,648.1817999956547,670.7575866074492,one shared preloaded model
conv-48-qa-131,difference_prefix,2.193986610889388,17.391600005794317,393.11860000452725,412.70418662121097,one shared preloaded model
conv-48-qa-132,difference_prefix,2.193986610889388,13.832999997248407,258.39669999550097,274.42368660363877,one shared preloaded model
conv-48-qa-133,difference_prefix,2.193986610889388,12.66359999863198,299.57699999795295,314.43458660747433,one shared preloaded model
conv-48-qa-134,difference_prefix,2.193986610889388,13.937200004875194,146.4882000000216,162.6193866157862,one shared preloaded model
conv-48-qa-135,difference_prefix,2.193986610889388,20.331300001998898,328.22070000111125,350.74598661399955,one shared preloaded model
conv-48-qa-136,difference_prefix,2.193986610889388,13.147700003173668,337.3238999993191,352.6655866133822,one shared preloaded model
conv-48-qa-137,difference_prefix,2.193986610889388,12.350099998002406,144.8365999967791,159.38068660567092,one shared preloaded model
conv-48-qa-138,difference_prefix,2.193986610889388,21.260999994410668,344.66059999977006,368.1155866050701,one shared preloaded model
conv-48-qa-139,difference_prefix,2.193986610889388,13.914299997850321,296.74640000303043,312.85468661177015,one shared preloaded model
conv-48-qa-140,difference_prefix,2.193986610889388,16.943199996603653,116.99019999650773,136.12738660400078,one shared preloaded model
conv-48-qa-141,difference_prefix,2.193986610889388,19.97289999417262,148.1597999954829,170.32668660054492,one shared preloaded model
conv-48-qa-142,difference_prefix,2.193986610889388,21.86710000387393,657.3965000061435,681.4575866209068,one shared preloaded model
conv-48-qa-143,difference_prefix,2.193986610889388,18.268400002853014,423.96690000168746,444.4292866154299,one shared preloaded model
conv-48-qa-144,difference_prefix,2.193986610889388,14.119599996774923,466.65999999822816,482.9735866058925,one shared preloaded model
conv-48-qa-145,difference_prefix,2.193986610889388,18.02519999910146,130.75219999882393,150.97138660881478,one shared preloaded model
conv-48-qa-146,difference_prefix,2.193986610889388,20.21150000655325,202.80810000258498,225.21358662002763,one shared preloaded model
conv-48-qa-147,difference_prefix,2.193986610889388,16.632200000458397,242.64940000284696,261.47558661419475,one shared preloaded model
conv-48-qa-148,difference_prefix,2.193986610889388,13.317500000994187,169.77639999822713,185.28788661011072,one shared preloaded model
conv-48-qa-149,difference_prefix,2.193986610889388,16.00029999826802,275.40399999998044,293.59828660913786,one shared preloaded model
conv-48-qa-150,difference_prefix,2.193986610889388,17.729200000758283,168.70439999911468,188.62758661076236,one shared preloaded model
conv-48-qa-151,difference_prefix,2.193986610889388,21.040400002675597,311.2475000016275,334.4818866151925,one shared preloaded model
conv-48-qa-152,difference_prefix,2.193986610889388,17.702799996186513,702.0865000013146,721.9832866083905,one shared preloaded model
conv-48-qa-153,difference_prefix,2.193986610889388,13.758799999777693,692.062399997667,708.015186608334,one shared preloaded model
conv-48-qa-154,difference_prefix,2.193986610889388,18.544400001701433,206.5867999990587,227.32518661164954,one shared preloaded model
conv-48-qa-155,difference_prefix,2.193986610889388,12.793299996701535,211.55600000201957,226.5432866096105,one shared preloaded model
conv-48-qa-156,difference_prefix,2.193986610889388,13.82739999826299,163.4078999995836,179.429286608736,one shared preloaded model
conv-48-qa-157,difference_prefix,2.193986610889388,20.114400002057664,168.94409999804338,191.25248661099045,one shared preloaded model
conv-48-qa-158,difference_prefix,2.193986610889388,17.857799997727852,259.3659000049229,279.4176866135401,one shared preloaded model
conv-48-qa-159,difference_prefix,2.193986610889388,13.71899999503512,120.9346999967238,136.8476866026483,one shared preloaded model
conv-48-qa-160,difference_prefix,2.193986610889388,20.638800000597257,186.79729999712436,209.630086608611,one shared preloaded model
conv-48-qa-161,difference_prefix,2.193986610889388,16.462500003399327,208.39329999580514,227.04978661009386,one shared preloaded model
conv-48-qa-162,difference_prefix,2.193986610889388,14.379400003235787,217.77600000496022,234.3493866190854,one shared preloaded model
conv-48-qa-163,difference_prefix,2.193986610889388,15.09259999875212,370.80910000076983,388.09568661041135,one shared preloaded model
conv-48-qa-164,difference_prefix,2.193986610889388,17.26010000129463,117.95719999645371,137.41128660863774,one shared preloaded model
conv-48-qa-165,difference_prefix,2.193986610889388,20.765200002642814,149.0881999998237,172.0473866133559,one shared preloaded model
conv-48-qa-166,difference_prefix,2.193986610889388,15.947399995638989,173.78919999464415,191.93058660117254,one shared preloaded model
conv-48-qa-167,difference_prefix,2.193986610889388,20.3551000013249,391.31600000109756,413.86508661331186,one shared preloaded model
conv-48-qa-168,difference_prefix,2.193986610889388,13.55150000017602,189.04659999680007,204.79208660786549,one shared preloaded model
conv-48-qa-169,difference_prefix,2.193986610889388,20.43029999913415,246.82369999936782,269.44798660939136,one shared preloaded model
conv-48-qa-170,difference_prefix,2.193986610889388,17.246999996132217,387.71190000261413,407.15288660963574,one shared preloaded model
conv-48-qa-171,difference_prefix,2.193986610889388,14.327400000183843,118.91200000536628,135.43338661643952,one shared preloaded model
conv-48-qa-172,difference_prefix,2.193986610889388,16.76489999954356,512.3125000027358,531.2713866131687,one shared preloaded model
conv-48-qa-173,difference_prefix,2.193986610889388,17.380699995555915,182.37809999845922,201.95278660490453,one shared preloaded model
conv-48-qa-174,difference_prefix,2.193986610889388,17.506799995317124,181.9552999950247,201.6560866012312,one shared preloaded model
conv-48-qa-175,difference_prefix,2.193986610889388,21.56230000400683,159.7546000048169,183.51088661971312,one shared preloaded model
conv-48-qa-176,difference_prefix,2.193986610889388,21.22080000117421,240.200599997479,263.6153866095426,one shared preloaded model
conv-48-qa-177,difference_prefix,2.193986610889388,13.217199993960094,203.00009999482427,218.41128659967376,one shared preloaded model
conv-48-qa-178,difference_prefix,2.193986610889388,13.022600003750995,219.47050000017043,234.68708661481082,one shared preloaded model
conv-48-qa-179,difference_prefix,2.193986610889388,13.29490000352962,167.32770000089658,182.8165866153156,one shared preloaded model
conv-48-qa-180,difference_prefix,2.193986610889388,20.286600003601052,234.28469999635126,256.7652866108417,one shared preloaded model
conv-48-qa-181,difference_prefix,2.193986610889388,14.201899997715373,190.47809999756282,206.8739866061676,one shared preloaded model
conv-48-qa-182,difference_prefix,2.193986610889388,20.191300005535595,329.05269999901066,351.43798661543565,one shared preloaded model
conv-48-qa-183,difference_prefix,2.193986610889388,14.013899999554269,267.2630000015488,283.47088661199246,one shared preloaded model
conv-48-qa-184,difference_prefix,2.193986610889388,14.604699994379189,158.58019999723183,175.37888660250042,one shared preloaded model
conv-48-qa-185,difference_prefix,2.193986610889388,19.82000000134576,99.06319999572588,121.07718660796104,one shared preloaded model
conv-48-qa-186,difference_prefix,2.193986610889388,20.520700003544334,150.886299998092,173.60098661252573,one shared preloaded model
conv-48-qa-187,difference_prefix,2.193986610889388,21.13419999659527,194.17400000384077,217.50218661132544,one shared preloaded model
conv-48-qa-188,difference_prefix,2.193986610889388,17.416499998944346,151.30779999890365,170.9182866087374,one shared preloaded model
conv-48-qa-189,difference_prefix,2.193986610889388,21.20669999567326,163.83489999861922,187.23558660518188,one shared preloaded model
conv-48-qa-190,difference_prefix,2.193986610889388,14.23149999754969,275.0113000001875,291.43678660862656,one shared preloaded model
conv-48-qa-191,difference_prefix,2.193986610889388,14.534800000546966,193.38959999731742,210.11838660875378,one shared preloaded model
conv-48-qa-192,difference_prefix,2.193986610889388,17.237500003830064,203.34270000603283,222.7741866207523,one shared preloaded model
conv-48-qa-193,difference_prefix,2.193986610889388,12.517600000137463,193.15370000549592,207.86528661652278,one shared preloaded model
conv-48-qa-194,difference_prefix,2.193986610889388,17.424300000129733,199.01279999612598,218.6310866071451,one shared preloaded model
conv-48-qa-195,difference_prefix,2.193986610889388,17.15659999899799,192.93459999607876,212.28518660596615,one shared preloaded model
conv-48-qa-196,difference_prefix,2.193986610889388,15.568500006338581,200.2723999976297,218.03488661485767,one shared preloaded model
conv-48-qa-197,difference_prefix,2.193986610889388,14.30419999815058,170.79039999953238,187.28858660857236,one shared preloaded model
conv-48-qa-198,difference_prefix,2.193986610889388,21.081500002765097,191.60859999828972,214.8840866119442,one shared preloaded model
conv-48-qa-199,difference_prefix,2.193986610889388,17.336500000965316,207.1213000017451,226.65178661359982,one shared preloaded model
conv-48-qa-200,difference_prefix,2.193986610889388,17.827700001362246,1085.4495000021416,1105.4711866143932,one shared preloaded model
conv-48-qa-201,difference_prefix,2.193986610889388,15.172499995969702,192.74099999893224,210.10748660579134,one shared preloaded model
conv-48-qa-202,difference_prefix,2.193986610889388,15.935399998852517,192.6351000001887,210.7644866099306,one shared preloaded model
conv-48-qa-203,difference_prefix,2.193986610889388,14.533100002154242,161.17129999474855,177.8983866077922,one shared preloaded model
conv-48-qa-204,difference_prefix,2.193986610889388,21.505400000023656,199.65649999357993,223.35588660449298,one shared preloaded model
conv-48-qa-205,difference_prefix,2.193986610889388,14.779199998883996,203.7904000026174,220.76358661239078,one shared preloaded model
conv-48-qa-206,difference_prefix,2.193986610889388,15.12889999867184,206.87220000399975,224.195086613561,one shared preloaded model
conv-48-qa-207,difference_prefix,2.193986610889388,14.413700002478436,159.4939999995404,176.10168661290822,one shared preloaded model
conv-48-qa-208,difference_prefix,2.193986610889388,21.145699996850453,156.6196999992826,179.95938660702245,one shared preloaded model
conv-48-qa-209,difference_prefix,2.193986610889388,20.65749999746913,181.86090000381228,204.7123866121708,one shared preloaded model
conv-48-qa-210,difference_prefix,2.193986610889388,16.4334000000963,255.8606999955373,274.488086606523,one shared preloaded model
conv-48-qa-211,difference_prefix,2.193986610889388,17.391500005032867,179.27760000020498,198.86308661612725,one shared preloaded model
conv-48-qa-212,difference_prefix,2.193986610889388,20.05039999494329,169.347299997753,191.59168660358569,one shared preloaded model
conv-48-qa-213,difference_prefix,2.193986610889388,21.442199999000877,221.00199999840697,244.63818660829725,one shared preloaded model
conv-48-qa-214,difference_prefix,2.193986610889388,17.77619999484159,210.69149999675574,230.66168660248672,one shared preloaded model
conv-48-qa-215,difference_prefix,2.193986610889388,14.188699999067467,576.9204000025638,593.3030866125207,one shared preloaded model
conv-48-qa-216,difference_prefix,2.193986610889388,17.545399998198263,135.5385999995633,155.27798660865096,one shared preloaded model
conv-48-qa-217,difference_prefix,2.193986610889388,20.346000004792586,163.28430000430671,185.8242866199887,one shared preloaded model
conv-48-qa-218,difference_prefix,2.193986610889388,20.7181000005221,288.68879999936325,311.60088661077475,one shared preloaded model
conv-48-qa-219,difference_prefix,2.193986610889388,17.68900000024587,227.88649999711197,247.76948660824723,one shared preloaded model
conv-48-qa-220,difference_prefix,2.193986610889388,13.280700004543178,707.7199999985169,723.1946866139494,one shared preloaded model
conv-48-qa-221,difference_prefix,2.193986610889388,17.655499999818858,538.6859999998705,558.5354866105788,one shared preloaded model
conv-48-qa-222,difference_prefix,2.193986610889388,17.11559999966994,349.0557999975863,368.3653866081456,one shared preloaded model
conv-48-qa-223,difference_prefix,2.193986610889388,17.36920000257669,196.12339999730466,215.68658661077075,one shared preloaded model
conv-48-qa-224,difference_prefix,2.193986610889388,15.24500000232365,203.87019999907352,221.30918661228657,one shared preloaded model
conv-48-qa-225,difference_prefix,2.193986610889388,16.935799998464063,371.4629000023706,390.59268661172405,one shared preloaded model
conv-48-qa-226,difference_prefix,2.193986610889388,17.653700000664685,181.2311999965459,201.0788866081,one shared preloaded model
conv-48-qa-227,difference_prefix,2.193986610889388,21.673299997928552,184.16029999934835,208.0275866081663,one shared preloaded model
conv-48-qa-228,difference_prefix,2.193986610889388,20.52469999762252,184.50850000226637,207.2271866107783,one shared preloaded model
conv-48-qa-229,difference_prefix,2.193986610889388,20.883199998934288,482.49760000180686,505.57478661163054,one shared preloaded model
conv-48-qa-230,difference_prefix,2.193986610889388,17.90159999654861,117.6428999970085,137.7384866044465,one shared preloaded model
conv-48-qa-231,difference_prefix,2.193986610889388,21.071700000902638,837.7516999971704,861.0173866089624,one shared preloaded model
conv-48-qa-232,difference_prefix,2.193986610889388,17.83939999586437,210.150099999737,230.18348660649076,one shared preloaded model
conv-48-qa-233,difference_prefix,2.193986610889388,12.79449999856297,337.23299999837764,352.22148660783,one shared preloaded model
conv-48-qa-234,difference_prefix,2.193986610889388,16.356599997379817,163.5043999995105,182.0549866077797,one shared preloaded model
conv-48-qa-235,difference_prefix,2.193986610889388,21.045600005891174,190.15439999930095,213.39398661608152,one shared preloaded model
conv-48-qa-236,difference_prefix,2.193986610889388,20.07710000179941,163.73100000055274,186.00208661324154,one shared preloaded model
conv-48-qa-237,difference_prefix,2.193986610889388,15.940199999022298,340.2478999996674,358.3820866095791,one shared preloaded model
conv-48-qa-238,difference_prefix,2.193986610889388,18.07330000156071,156.34779999527382,176.61508660772392,one shared preloaded model
conv-49-qa-0,difference_prefix,1.918987244886123,16.606999997748062,168.24679999990622,186.7727872425404,one shared preloaded model
conv-49-qa-1,difference_prefix,1.918987244886123,20.20489999995334,182.82019999605836,204.94408724089783,one shared preloaded model
conv-49-qa-2,difference_prefix,1.918987244886123,20.20980000088457,156.46109999943292,178.5898872452036,one shared preloaded model
conv-49-qa-3,difference_prefix,1.918987244886123,20.008100000268314,120.5651000054786,142.49218725063304,one shared preloaded model
conv-49-qa-4,difference_prefix,1.918987244886123,15.039199999591801,190.48830000247108,207.446487246949,one shared preloaded model
conv-49-qa-5,difference_prefix,1.918987244886123,20.489499998802785,103.84269999485696,126.25118723854587,one shared preloaded model
conv-49-qa-6,difference_prefix,1.918987244886123,20.488500005740207,120.50559999624966,142.913087246876,one shared preloaded model
conv-49-qa-7,difference_prefix,1.918987244886123,16.479700003401376,116.82309999741847,135.22178724570597,one shared preloaded model
conv-49-qa-8,difference_prefix,1.918987244886123,20.63050000288058,239.50420000619488,262.0536872539616,one shared preloaded model
conv-49-qa-9,difference_prefix,1.918987244886123,12.940200002049096,508.0556000029901,522.9147872499253,one shared preloaded model
conv-49-qa-10,difference_prefix,1.918987244886123,17.81920000212267,185.55539999942994,205.29358724643873,one shared preloaded model
conv-49-qa-11,difference_prefix,1.918987244886123,20.147999995970167,180.8180999942124,202.88508723506868,one shared preloaded model
conv-49-qa-12,difference_prefix,1.918987244886123,20.915299995976966,505.93710000248393,528.771387243347,one shared preloaded model
conv-49-qa-13,difference_prefix,1.918987244886123,13.692699998500757,334.93640000233427,350.54808724572115,one shared preloaded model
conv-49-qa-14,difference_prefix,1.918987244886123,17.09870000195224,200.27110000228276,219.28878724912113,one shared preloaded model
conv-49-qa-15,difference_prefix,1.918987244886123,13.236099999630824,195.8978000038769,211.05288724839386,one shared preloaded model
conv-49-qa-16,difference_prefix,1.918987244886123,17.433699998946395,196.41170000249986,215.76438724633238,one shared preloaded model
conv-49-qa-17,difference_prefix,1.918987244886123,14.22939999611117,511.4795000044978,527.6278872454951,one shared preloaded model
conv-49-qa-18,difference_prefix,1.918987244886123,13.075799994112458,234.66499999631196,249.65978723531055,one shared preloaded model
conv-49-qa-19,difference_prefix,1.918987244886123,14.145699999062344,298.27690000092844,314.3415872448769,one shared preloaded model
conv-49-qa-20,difference_prefix,1.918987244886123,18.25789999566041,153.0706999983522,173.24758723889875,one shared preloaded model
conv-49-qa-21,difference_prefix,1.918987244886123,21.25789999990957,429.65739999635844,452.83428724115413,one shared preloaded model
conv-49-qa-22,difference_prefix,1.918987244886123,16.81290000124136,179.56109999795444,198.29298724408193,one shared preloaded model
conv-49-qa-23,difference_prefix,1.918987244886123,20.11069999571191,538.9753000054043,561.0049872460023,one shared preloaded model
conv-49-qa-24,difference_prefix,1.918987244886123,13.36779999837745,215.69639999506762,230.9831872383312,one shared preloaded model
conv-49-qa-25,difference_prefix,1.918987244886123,14.016699999046978,229.18759999447502,245.12328723840812,one shared preloaded model
conv-49-qa-26,difference_prefix,1.918987244886123,13.236799997685011,197.72630000079516,212.8820872433663,one shared preloaded model
conv-49-qa-27,difference_prefix,1.918987244886123,13.475100000505336,157.51389999786625,172.9079872432577,one shared preloaded model
conv-49-qa-28,difference_prefix,1.918987244886123,21.120100005646236,187.1945999955642,210.23368724609657,one shared preloaded model
conv-49-qa-29,difference_prefix,1.918987244886123,21.59640000172658,168.67389999970328,192.18928724631598,one shared preloaded model
conv-49-qa-30,difference_prefix,1.918987244886123,16.061000002082437,331.76149999781046,349.741487244779,one shared preloaded model
conv-49-qa-31,difference_prefix,1.918987244886123,17.40369999606628,202.52110000001267,221.84378724096507,one shared preloaded model
conv-49-qa-32,difference_prefix,1.918987244886123,13.581899998825975,204.9154999986058,220.4163872423179,one shared preloaded model
conv-49-qa-33,difference_prefix,1.918987244886123,14.094800004386343,266.8288000058965,282.84258725516895,one shared preloaded model
conv-49-qa-34,difference_prefix,1.918987244886123,12.730900001770351,249.33669999882113,263.9865872454776,one shared preloaded model
conv-49-qa-35,difference_prefix,1.918987244886123,14.472000002569985,330.34049999696435,346.73148724442046,one shared preloaded model
conv-49-qa-36,difference_prefix,1.918987244886123,13.151500003004912,202.3401999977068,217.41068724559784,one shared preloaded model
conv-49-qa-37,difference_prefix,1.918987244886123,14.673300000140443,200.68220000393922,217.27448724896578,one shared preloaded model
conv-49-qa-38,difference_prefix,1.918987244886123,14.867000005324371,343.51170000445563,360.29768725466613,one shared preloaded model
conv-49-qa-39,difference_prefix,1.918987244886123,16.124000001582317,112.30210000212537,130.3450872485938,one shared preloaded model
conv-49-qa-40,difference_prefix,1.918987244886123,19.579400002839975,495.50060000183294,516.998987249559,one shared preloaded model
conv-49-qa-41,difference_prefix,1.918987244886123,17.375200004607905,168.18179999972926,187.4759872492233,one shared preloaded model
conv-49-qa-42,difference_prefix,1.918987244886123,19.98979999916628,336.6141000005882,358.52288724464063,one shared preloaded model
conv-49-qa-43,difference_prefix,1.918987244886123,16.772399998444598,157.95710000384133,176.64848724717206,one shared preloaded model
conv-49-qa-44,difference_prefix,1.918987244886123,20.032399996125605,210.595700002159,232.54708724317072,one shared preloaded model
conv-49-qa-45,difference_prefix,1.918987244886123,13.157800000044517,203.14380000490928,218.22058724983992,one shared preloaded model
conv-49-qa-46,difference_prefix,1.918987244886123,13.528299998142757,540.6227999992552,556.0700872422841,one shared preloaded model
conv-49-qa-47,difference_prefix,1.918987244886123,14.522700002999045,453.2658999960404,469.70758724392556,one shared preloaded model
conv-49-qa-48,difference_prefix,1.918987244886123,17.06199999898672,481.65249999874504,500.6334872426179,one shared preloaded model
conv-49-qa-49,difference_prefix,1.918987244886123,15.681800003221724,103.44359999726294,121.04438724537079,one shared preloaded model
conv-49-qa-50,difference_prefix,1.918987244886123,21.307700000761542,179.8385000001872,203.06518724583486,one shared preloaded model
conv-49-qa-51,difference_prefix,1.918987244886123,13.8200000001234,253.91289999970468,269.6518872447142,one shared preloaded model
conv-49-qa-52,difference_prefix,1.918987244886123,13.450900005409494,160.96790000301553,176.33778725331115,one shared preloaded model
conv-49-qa-53,difference_prefix,1.918987244886123,19.930100002966356,496.4146999991499,518.2637872470024,one shared preloaded model
conv-49-qa-54,difference_prefix,1.918987244886123,13.051500005531125,228.4676000053878,243.43808725580504,one shared preloaded model
conv-49-qa-55,difference_prefix,1.918987244886123,14.136599995254073,187.56269999721553,203.61828723735573,one shared preloaded model
conv-49-qa-56,difference_prefix,1.918987244886123,20.31149999675108,268.29730000463314,290.52778724627035,one shared preloaded model
conv-49-qa-57,difference_prefix,1.918987244886123,16.895500004466157,151.45699999993667,170.27148724928895,one shared preloaded model
conv-49-qa-58,difference_prefix,1.918987244886123,19.709500003955327,455.12289999896893,476.7513872478104,one shared preloaded model
conv-49-qa-59,difference_prefix,1.918987244886123,13.046200001554098,500.8098999969661,515.7750872434063,one shared preloaded model
conv-49-qa-60,difference_prefix,1.918987244886123,17.521499998110812,137.9397999990033,157.38028724200024,one shared preloaded model
conv-49-qa-61,difference_prefix,1.918987244886123,20.133199999690987,186.87900000077207,208.93118724534918,one shared preloaded model
conv-49-qa-62,difference_prefix,1.918987244886123,13.584699998318683,181.25049999798648,196.7541872411913,one shared preloaded model
conv-49-qa-63,difference_prefix,1.918987244886123,19.780700000410434,175.58029999781866,197.27998724311522,one shared preloaded model
conv-49-qa-64,difference_prefix,1.918987244886123,20.146899994870182,93.77190000668634,115.83778724644264,one shared preloaded model
conv-49-qa-65,difference_prefix,1.918987244886123,20.06960000289837,251.3667000021087,273.3552872498932,one shared preloaded model
conv-49-qa-66,difference_prefix,1.918987244886123,16.501600002811756,483.42630000115605,501.84688724885393,one shared preloaded model
conv-49-qa-67,difference_prefix,1.918987244886123,14.878200003295206,173.19080000015674,189.98798724833807,one shared preloaded model
conv-49-qa-68,difference_prefix,1.918987244886123,19.910899995011277,199.5593000028748,221.3891872427722,one shared preloaded model
conv-49-qa-69,difference_prefix,1.918987244886123,15.008200003649108,193.205499999749,210.13268724828424,one shared preloaded model
conv-49-qa-70,difference_prefix,1.918987244886123,16.575000001466833,203.76989999931538,222.26388724566834,one shared preloaded model
conv-49-qa-71,difference_prefix,1.918987244886123,12.608500001078937,211.53919999778736,226.06668724375243,one shared preloaded model
conv-49-qa-72,difference_prefix,1.918987244886123,14.161899998725858,419.91129999951227,435.99218724312425,one shared preloaded model
conv-49-qa-73,difference_prefix,1.918987244886123,13.23479999700794,149.7700000036275,164.92378724552157,one shared preloaded model
conv-49-qa-74,difference_prefix,1.918987244886123,20.210800001223106,93.9518000013777,116.08158724748694,one shared preloaded model
conv-49-qa-75,difference_prefix,1.918987244886123,20.179999999527354,484.8285999978543,506.9275872422678,one shared preloaded model
conv-49-qa-76,difference_prefix,1.918987244886123,17.032199997629505,503.16949999978533,522.120687242301,one shared preloaded model
conv-49-qa-77,difference_prefix,1.918987244886123,17.68630000151461,148.2393000042066,167.84458725060733,one shared preloaded model
conv-49-qa-78,difference_prefix,1.918987244886123,19.64589999988675,103.47809999802848,125.04298724280136,one shared preloaded model
conv-49-qa-79,difference_prefix,1.918987244886123,19.750500003283378,172.74290000204928,194.41238725021879,one shared preloaded model
conv-49-qa-80,difference_prefix,1.918987244886123,19.963799997640308,506.26740000006976,528.1501872425962,one shared preloaded model
conv-49-qa-81,difference_prefix,1.918987244886123,16.80800000031013,134.65549999818904,153.3824872433853,one shared preloaded model
conv-49-qa-82,difference_prefix,1.918987244886123,16.00670000334503,155.05239999765763,172.9780872458888,one shared preloaded model
conv-49-qa-83,difference_prefix,1.918987244886123,20.88279999588849,154.00299999600975,176.80478723678436,one shared preloaded model
conv-49-qa-84,difference_prefix,1.918987244886123,19.906399997125845,265.10659999621566,286.93198723822763,one shared preloaded model
conv-49-qa-85,difference_prefix,1.918987244886123,16.760599995905068,143.58640000136802,162.2659872421592,one shared preloaded model
conv-49-qa-86,difference_prefix,1.918987244886123,20.12059999833582,274.2242000022088,296.26378724543076,one shared preloaded model
conv-49-qa-87,difference_prefix,1.918987244886123,13.898500001232605,143.85650000622263,159.67398725234136,one shared preloaded model
conv-49-qa-88,difference_prefix,1.918987244886123,20.281400000385474,173.64439999801107,195.84478724328267,one shared preloaded model
conv-49-qa-89,difference_prefix,1.918987244886123,20.100499998079613,197.48470000195084,219.50418724491658,one shared preloaded model
conv-49-qa-90,difference_prefix,1.918987244886123,15.244399997754954,325.06049999938114,342.2238872420222,one shared preloaded model
conv-49-qa-91,difference_prefix,1.918987244886123,13.09620000392897,263.2212000025902,278.2363872514053,one shared preloaded model
conv-49-qa-92,difference_prefix,1.918987244886123,16.48659999773372,282.1717000042554,300.57728724687524,one shared preloaded model
conv-49-qa-93,difference_prefix,1.918987244886123,16.610200000286568,225.33709999697749,243.86628724215018,one shared preloaded model
conv-49-qa-94,difference_prefix,1.918987244886123,15.919999998004641,270.53000000159955,288.3689872444903,one shared preloaded model
conv-49-qa-95,difference_prefix,1.918987244886123,13.690699997823685,202.44430000457214,218.05398724728195,one shared preloaded model
conv-49-qa-96,difference_prefix,1.918987244886123,15.77980000001844,247.45609999808948,265.15488724299405,one shared preloaded model
conv-49-qa-97,difference_prefix,1.918987244886123,12.815899994166102,336.9306999957189,351.6655872347711,one shared preloaded model
conv-49-qa-98,difference_prefix,1.918987244886123,16.95859999745153,89.11660000012489,107.99418724246254,one shared preloaded model
conv-49-qa-99,difference_prefix,1.918987244886123,19.92479999898933,178.15500000142492,199.99878724530038,one shared preloaded model
conv-49-qa-100,difference_prefix,1.918987244886123,19.12319999973988,200.33189999958267,221.37408724420868,one shared preloaded model
conv-49-qa-101,difference_prefix,1.918987244886123,12.792599998647347,257.9565000050934,272.6680872486269,one shared preloaded model
conv-49-qa-102,difference_prefix,1.918987244886123,12.959100000443868,225.73219999321736,240.61028723854736,one shared preloaded model
conv-49-qa-103,difference_prefix,1.918987244886123,14.46149999537738,193.97149999713292,210.35198723739643,one shared preloaded model
conv-49-qa-104,difference_prefix,1.918987244886123,15.608699999575038,346.6021999993245,364.1298872437857,one shared preloaded model
conv-49-qa-105,difference_prefix,1.918987244886123,17.301299994869623,155.6875000023865,174.90778724214226,one shared preloaded model
conv-49-qa-106,difference_prefix,1.918987244886123,20.961300004273653,228.77950000111014,251.65978725026991,one shared preloaded model
conv-49-qa-107,difference_prefix,1.918987244886123,12.691800002357922,211.28869999665767,225.89948724390172,one shared preloaded model
conv-49-qa-108,difference_prefix,1.918987244886123,16.972199999145232,193.78299999516457,212.67418723919593,one shared preloaded model
conv-49-qa-109,difference_prefix,1.918987244886123,15.584799999487586,180.00690000189934,197.51068724627305,one shared preloaded model
conv-49-qa-110,difference_prefix,1.918987244886123,20.24379999784287,191.05909999780124,213.22188724053024,one shared preloaded model
conv-49-qa-111,difference_prefix,1.918987244886123,13.3988000015961,149.18800000305055,164.50578724953277,one shared preloaded model
conv-49-qa-112,difference_prefix,1.918987244886123,19.013500001165085,268.77670000249054,289.70918724854175,one shared preloaded model
conv-49-qa-113,difference_prefix,1.918987244886123,12.94640000560321,158.06660000089323,172.93198725138257,one shared preloaded model
conv-49-qa-114,difference_prefix,1.918987244886123,20.186699999612756,148.63479999621632,170.7404872407152,one shared preloaded model
conv-49-qa-115,difference_prefix,1.918987244886123,20.71520000026794,162.71769999730168,185.35188724245575,one shared preloaded model
conv-49-qa-116,difference_prefix,1.918987244886123,13.495699997292832,322.597999998834,338.01268724101294,one shared preloaded model
conv-49-qa-117,difference_prefix,1.918987244886123,16.848500003106892,158.7751000042772,177.5425872522702,one shared preloaded model
conv-49-qa-118,difference_prefix,1.918987244886123,19.89799999864772,167.25269999733428,189.06968724086812,one shared preloaded model
conv-49-qa-119,difference_prefix,1.918987244886123,20.077400004083756,132.12639999983367,154.12278724880355,one shared preloaded model
conv-49-qa-120,difference_prefix,1.918987244886123,20.65779999975348,468.0201000010129,490.5968872456525,one shared preloaded model
conv-49-qa-121,difference_prefix,1.918987244886123,13.18179999361746,152.51910000370117,167.61988724220475,one shared preloaded model
conv-49-qa-122,difference_prefix,1.918987244886123,19.83969999855617,177.71139999968,199.4700872431223,one shared preloaded model
conv-49-qa-123,difference_prefix,1.918987244886123,20.83670000138227,208.20459999958985,230.96028724585824,one shared preloaded model
conv-49-qa-124,difference_prefix,1.918987244886123,14.48760000494076,218.633199998294,235.0397872481209,one shared preloaded model
conv-49-qa-125,difference_prefix,1.918987244886123,12.965399997483473,207.9537999961758,222.8381872385454,one shared preloaded model
conv-49-qa-126,difference_prefix,1.918987244886123,12.777200005075429,244.32559999695513,259.0217872469167,one shared preloaded model
conv-49-qa-127,difference_prefix,1.918987244886123,13.545100002374966,733.5986000034609,749.062687250722,one shared preloaded model
conv-49-qa-128,difference_prefix,1.918987244886123,17.309200004092418,506.88439999794355,526.1125872469221,one shared preloaded model
conv-49-qa-129,difference_prefix,1.918987244886123,18.80469999741763,511.4469999971334,532.1706872394371,one shared preloaded model
conv-49-qa-130,difference_prefix,1.918987244886123,13.6724999974831,481.16960000334075,496.76108724571,one shared preloaded model
conv-49-qa-131,difference_prefix,1.918987244886123,17.731100000673905,168.80959999980405,188.45968724536408,one shared preloaded model
conv-49-qa-132,difference_prefix,1.918987244886123,17.15179999882821,481.87309999775607,500.9438872414704,one shared preloaded model
conv-49-qa-133,difference_prefix,1.918987244886123,13.504100003046915,288.31390000414103,303.7369872520741,one shared preloaded model
conv-49-qa-134,difference_prefix,1.918987244886123,17.624599997361656,185.60680000518914,205.15038724743692,one shared preloaded model
conv-49-qa-135,difference_prefix,1.918987244886123,14.840399999229703,232.60490000393474,249.36428724805057,one shared preloaded model
conv-49-qa-136,difference_prefix,1.918987244886123,12.982299995201174,224.8196000000462,239.7208872401335,one shared preloaded model
conv-49-qa-137,difference_prefix,1.918987244886123,14.532200002577156,307.89930000173626,324.35048724919955,one shared preloaded model
conv-49-qa-138,difference_prefix,1.918987244886123,17.24600000306964,181.56370000360766,200.72868725156343,one shared preloaded model
conv-49-qa-139,difference_prefix,1.918987244886123,19.986100000096485,294.4525999992038,316.3576872441864,one shared preloaded model
conv-49-qa-140,difference_prefix,1.918987244886123,17.85319999908097,206.54970000032336,226.32188724429045,one shared preloaded model
conv-49-qa-141,difference_prefix,1.918987244886123,12.81580000068061,377.3116000011214,392.04638724668814,one shared preloaded model
conv-49-qa-142,difference_prefix,1.918987244886123,18.945900003018323,467.4301999984891,488.29508724639356,one shared preloaded model
conv-49-qa-143,difference_prefix,1.918987244886123,17.603499996766914,152.77770000102464,172.30018724267768,one shared preloaded model
conv-49-qa-144,difference_prefix,1.918987244886123,20.138499996392056,212.47260000382084,234.53008724509903,one shared preloaded model
conv-49-qa-145,difference_prefix,1.918987244886123,14.74430000234861,300.03990000113845,316.7031872483732,one shared preloaded model
conv-49-qa-146,difference_prefix,1.918987244886123,17.86799999536015,156.6785999966669,176.46558723691317,one shared preloaded model
conv-49-qa-147,difference_prefix,1.918987244886123,19.94589999958407,211.70980000169948,233.57468724616967,one shared preloaded model
conv-49-qa-148,difference_prefix,1.918987244886123,13.156599998183083,232.02010000386508,247.0956872469343,one shared preloaded model
conv-49-qa-149,difference_prefix,1.918987244886123,12.577100002090447,222.38889999425737,236.88498724123394,one shared preloaded model
conv-49-qa-150,difference_prefix,1.918987244886123,12.993100004678126,223.27589999622433,238.18798724578858,one shared preloaded model
conv-49-qa-151,difference_prefix,1.918987244886123,13.807299998006783,182.25730000267504,197.98358724556795,one shared preloaded model
conv-49-qa-152,difference_prefix,1.918987244886123,15.09529999748338,175.2758000002359,192.2900872426054,one shared preloaded model
conv-49-qa-153,difference_prefix,1.918987244886123,13.716100002056919,436.54550000064773,452.1805872475908,one shared preloaded model
conv-49-qa-154,difference_prefix,1.918987244886123,14.506499996059574,339.3999999971129,355.8254872380586,one shared preloaded model
conv-49-qa-155,difference_prefix,1.918987244886123,18.20179999776883,342.31800000270596,362.4387872453609,one shared preloaded model
conv-49-qa-156,difference_prefix,1.918987244886123,17.11319999594707,117.25360000127694,136.28578724211013,one shared preloaded model
conv-49-qa-157,difference_prefix,1.918987244886123,19.717299997864757,193.53019999834942,215.1664872411003,one shared preloaded model
conv-49-qa-158,difference_prefix,1.918987244886123,17.87280000280589,162.80510000069626,182.59688724838827,one shared preloaded model
conv-49-qa-159,difference_prefix,1.918987244886123,21.066900000732858,174.75059999560472,197.7364872412237,one shared preloaded model
conv-49-qa-160,difference_prefix,1.918987244886123,15.61799999763025,165.7926000043517,183.32958724686807,one shared preloaded model
conv-49-qa-161,difference_prefix,1.918987244886123,19.917899997381028,204.50390000041807,226.34078724268522,one shared preloaded model
conv-49-qa-162,difference_prefix,1.918987244886123,16.44269999815151,158.34730000642594,176.70898724946358,one shared preloaded model
conv-49-qa-163,difference_prefix,1.918987244886123,13.76940000045579,188.62869999429677,204.31708723963868,one shared preloaded model
conv-49-qa-164,difference_prefix,1.918987244886123,14.92310000321595,196.4564000008977,213.29848724899978,one shared preloaded model
conv-49-qa-165,difference_prefix,1.918987244886123,16.013599997677375,538.8036000003922,556.7361872429557,one shared preloaded model
conv-49-qa-166,difference_prefix,1.918987244886123,13.179499997931998,173.16120000032242,188.25968724314055,one shared preloaded model
conv-49-qa-167,difference_prefix,1.918987244886123,20.249200002581347,206.2858999997843,228.45408724725178,one shared preloaded model
conv-49-qa-168,difference_prefix,1.918987244886123,15.046199994685594,175.35359999601496,192.31878723558668,one shared preloaded model
conv-49-qa-169,difference_prefix,1.918987244886123,20.79779999621678,320.5067999952007,343.2235872363036,one shared preloaded model
conv-49-qa-170,difference_prefix,1.918987244886123,14.042499999050051,217.9097999978694,233.8712872418056,one shared preloaded model
conv-49-qa-171,difference_prefix,1.918987244886123,13.427600002614781,196.1541999990004,211.50078724650132,one shared preloaded model
conv-49-qa-172,difference_prefix,1.918987244886123,15.360299999883864,196.9840000019758,214.2632872467458,one shared preloaded model
conv-49-qa-173,difference_prefix,1.918987244886123,15.098500000021886,233.95199999504257,250.96948723995058,one shared preloaded model
conv-49-qa-174,difference_prefix,1.918987244886123,14.459699996223208,141.69109999784268,158.06978723895202,one shared preloaded model
conv-49-qa-175,difference_prefix,1.918987244886123,20.319600000220817,429.4499999959953,451.68858724110225,one shared preloaded model
conv-49-qa-176,difference_prefix,1.918987244886123,13.394699999480508,187.91299999429611,203.22668723866275,one shared preloaded model
conv-49-qa-177,difference_prefix,1.918987244886123,20.14190000045346,158.11779999785358,180.17868724319317,one shared preloaded model
conv-49-qa-178,difference_prefix,1.918987244886123,16.035199994803406,200.45920000120532,218.41338724089485,one shared preloaded model
conv-49-qa-179,difference_prefix,1.918987244886123,12.352099998679478,184.06639999739127,198.33748724095688,one shared preloaded model
conv-49-qa-180,difference_prefix,1.918987244886123,19.798099994659424,151.81079999456415,173.5278872341097,one shared preloaded model
conv-49-qa-181,difference_prefix,1.918987244886123,20.250100002158433,178.08220000006258,200.25128724710714,one shared preloaded model
conv-49-qa-182,difference_prefix,1.918987244886123,20.417599997017533,489.4471000006888,511.78368724259246,one shared preloaded model
conv-49-qa-183,difference_prefix,1.918987244886123,18.072799997753464,197.89440000022296,217.88618724286255,one shared preloaded model
conv-49-qa-184,difference_prefix,1.918987244886123,15.954200003761798,181.99319999985164,199.86638724849956,one shared preloaded model
conv-49-qa-185,difference_prefix,1.918987244886123,16.29240000329446,180.4961999951047,198.70758724328527,one shared preloaded model
conv-49-qa-186,difference_prefix,1.918987244886123,20.337099995231256,134.43549999647075,156.69158723658813,one shared preloaded model
conv-49-qa-187,difference_prefix,1.918987244886123,21.285800001351163,264.3134999962058,287.5182872424431,one shared preloaded model
conv-49-qa-188,difference_prefix,1.918987244886123,13.353499998629559,624.3625999995857,639.6350872431013,one shared preloaded model
conv-49-qa-189,difference_prefix,1.918987244886123,17.518299995572306,269.200800001272,288.63808724173043,one shared preloaded model
conv-49-qa-190,difference_prefix,1.918987244886123,15.393500005302485,184.41980000352487,201.73228725371348,one shared preloaded model
conv-49-qa-191,difference_prefix,1.918987244886123,38.852700003189966,160.9588999999687,201.7305872480448,one shared preloaded model
conv-49-qa-192,difference_prefix,1.918987244886123,20.165299996733665,195.13369999913266,217.21798724075245,one shared preloaded model
conv-49-qa-193,difference_prefix,1.918987244886123,15.890199996647425,202.0730999938678,219.88228723540135,one shared preloaded model
conv-49-qa-194,difference_prefix,1.918987244886123,12.421399995218962,146.22360000066692,160.563987240772,one shared preloaded model
conv-49-qa-195,difference_prefix,1.918987244886123,20.835399998759385,213.5707999987062,236.32518724235172,one shared preloaded model
conv-50-qa-0,difference_prefix,2.0187196078397536,21.265300005325116,214.34969999972964,237.6337196128945,one shared preloaded model
conv-50-qa-1,difference_prefix,2.0187196078397536,15.079099997819867,196.05170000431826,213.1495196099779,one shared preloaded model
conv-50-qa-2,difference_prefix,2.0187196078397536,16.221099998801947,502.10879999940516,520.3486196060469,one shared preloaded model
conv-50-qa-3,difference_prefix,2.0187196078397536,13.241499997093342,212.6505999985966,227.9108196035297,one shared preloaded model
conv-50-qa-4,difference_prefix,2.0187196078397536,13.185200004954822,124.44200000027195,139.64591961306652,one shared preloaded model
conv-50-qa-5,difference_prefix,2.0187196078397536,168.9953000022797,281.4012000017101,452.41521961182957,one shared preloaded model
conv-50-qa-6,difference_prefix,2.0187196078397536,18.865999998524785,160.12310000223806,181.0078196086026,one shared preloaded model
conv-50-qa-7,difference_prefix,2.0187196078397536,15.44830000057118,205.8309999993071,223.29801960771803,one shared preloaded model
conv-50-qa-8,difference_prefix,2.0187196078397536,15.115400005015545,329.1123000017251,346.24641961458036,one shared preloaded model
conv-50-qa-9,difference_prefix,2.0187196078397536,19.04629999626195,194.00550000136718,215.0705196054689,one shared preloaded model
conv-50-qa-10,difference_prefix,2.0187196078397536,17.70599999872502,212.29209999728482,232.0168196038496,one shared preloaded model
conv-50-qa-11,difference_prefix,2.0187196078397536,14.8438999967766,183.15979999897536,200.02241960359171,one shared preloaded model
conv-50-qa-12,difference_prefix,2.0187196078397536,21.143099998880643,331.18500000273343,354.3468196094538,one shared preloaded model
conv-50-qa-13,difference_prefix,2.0187196078397536,13.264400004118215,212.4379000015324,227.72101961349037,one shared preloaded model
conv-50-qa-14,difference_prefix,2.0187196078397536,17.931599999428727,476.0621000023093,496.01241960957776,one shared preloaded model
conv-50-qa-15,difference_prefix,2.0187196078397536,14.09070000227075,157.63570000126492,173.74511961137543,one shared preloaded model
conv-50-qa-16,difference_prefix,2.0187196078397536,21.191200001339894,494.9321999956737,518.1421196048534,one shared preloaded model
conv-50-qa-17,difference_prefix,2.0187196078397536,17.740600000252016,198.07399999990594,217.8333196079977,one shared preloaded model
conv-50-qa-18,difference_prefix,2.0187196078397536,13.630100002046674,123.32320000132313,138.97201961120956,one shared preloaded model
conv-50-qa-19,difference_prefix,2.0187196078397536,21.805600001243874,295.7428000008804,319.567119609964,one shared preloaded model
conv-50-qa-20,difference_prefix,2.0187196078397536,18.734699995548,527.5439999968512,548.297419600239,one shared preloaded model
conv-50-qa-21,difference_prefix,2.0187196078397536,14.188799999828916,93.45680000114953,109.6643196088182,one shared preloaded model
conv-50-qa-22,difference_prefix,2.0187196078397536,19.910999995772727,119.3970000022091,141.32671960582158,one shared preloaded model
conv-50-qa-23,difference_prefix,2.0187196078397536,13.73549999698298,128.25889999658102,144.01311960140376,one shared preloaded model
conv-50-qa-24,difference_prefix,2.0187196078397536,20.949899997503962,105.63740000361577,128.60601960895949,one shared preloaded model
conv-50-qa-25,difference_prefix,2.0187196078397536,21.33210000465624,542.5166000059107,565.8674196184068,one shared preloaded model
conv-50-qa-26,difference_prefix,2.0187196078397536,17.763299998478033,343.8585000039893,363.6405196103071,one shared preloaded model
conv-50-qa-27,difference_prefix,2.0187196078397536,16.978699997707736,131.363100001181,150.3605196067285,one shared preloaded model
conv-50-qa-28,difference_prefix,2.0187196078397536,21.053299999039154,282.3342000046978,305.40621961157666,one shared preloaded model
conv-50-qa-29,difference_prefix,2.0187196078397536,16.165000000910368,212.96630000142613,231.15001961017626,one shared preloaded model
conv-50-qa-30,difference_prefix,2.0187196078397536,16.029899998102337,151.92479999677744,169.97341960271953,one shared preloaded model
conv-50-qa-31,difference_prefix,2.0187196078397536,15.337400000134949,559.9136000018916,577.2697196098663,one shared preloaded model
conv-50-qa-32,difference_prefix,2.0187196078397536,13.833000004524365,142.4308999994537,158.2826196118178,one shared preloaded model
conv-50-qa-33,difference_prefix,2.0187196078397536,21.18969999719411,290.4941000015242,313.70251960655804,one shared preloaded model
conv-50-qa-34,difference_prefix,2.0187196078397536,16.80079999641748,335.04350000293925,353.86301960719646,one shared preloaded model
conv-50-qa-35,difference_prefix,2.0187196078397536,18.363199997111224,471.19779999775346,491.5797196027044,one shared preloaded model
conv-50-qa-36,difference_prefix,2.0187196078397536,18.96590000251308,370.4714999985299,391.4561196088827,one shared preloaded model
conv-50-qa-37,difference_prefix,2.0187196078397536,13.922400001320057,108.40229999303119,124.343419602191,one shared preloaded model
conv-50-qa-38,difference_prefix,2.0187196078397536,21.41729999857489,515.7082000005175,539.1442196069322,one shared preloaded model
conv-50-qa-39,difference_prefix,2.0187196078397536,18.744200002402067,209.87690000038128,230.6398196106231,one shared preloaded model
conv-50-qa-40,difference_prefix,2.0187196078397536,14.992999997048173,195.04369999776827,212.0554196026562,one shared preloaded model
conv-50-qa-41,difference_prefix,2.0187196078397536,13.862499996321276,181.84569999721134,197.72691960137237,one shared preloaded model
conv-50-qa-42,difference_prefix,2.0187196078397536,22.925799996301066,109.86289999709697,134.8074196012378,one shared preloaded model
conv-50-qa-43,difference_prefix,2.0187196078397536,21.26729999872623,140.56620000337716,163.85221960994315,one shared preloaded model
conv-50-qa-44,difference_prefix,2.0187196078397536,21.427699997730087,463.28319999884116,486.72961960441097,one shared preloaded model
conv-50-qa-45,difference_prefix,2.0187196078397536,19.192699997802265,194.87880000087898,216.090219606521,one shared preloaded model
conv-50-qa-46,difference_prefix,2.0187196078397536,17.349100002320483,232.88350000075297,252.2513196109132,one shared preloaded model
conv-50-qa-47,difference_prefix,2.0187196078397536,13.780699999188073,108.46519999904558,124.26461960607341,one shared preloaded model
conv-50-qa-48,difference_prefix,2.0187196078397536,19.151600004988723,247.79010000202106,268.9604196148495,one shared preloaded model
conv-50-qa-49,difference_prefix,2.0187196078397536,13.884200001484714,204.5661000011023,220.46901961042678,one shared preloaded model
conv-50-qa-50,difference_prefix,2.0187196078397536,13.564699998823926,202.68499999656342,218.2684196032271,one shared preloaded model
conv-50-qa-51,difference_prefix,2.0187196078397536,13.571100003900938,520.0777999998536,535.6676196115943,one shared preloaded model
conv-50-qa-52,difference_prefix,2.0187196078397536,18.525699997553602,189.76069999916945,210.3051196045628,one shared preloaded model
conv-50-qa-53,difference_prefix,2.0187196078397536,20.197300000290852,646.0258999941288,668.2419196022595,one shared preloaded model
conv-50-qa-54,difference_prefix,2.0187196078397536,18.088899996655528,209.83809999597725,229.94571960047253,one shared preloaded model
conv-50-qa-55,difference_prefix,2.0187196078397536,14.64010000199778,489.4767000005231,506.13551961036063,one shared preloaded model
conv-50-qa-56,difference_prefix,2.0187196078397536,18.12229999632109,113.08000000281027,133.2210196069711,one shared preloaded model
conv-50-qa-57,difference_prefix,2.0187196078397536,18.54089999687858,189.24970000080066,209.809319605519,one shared preloaded model
conv-50-qa-58,difference_prefix,2.0187196078397536,16.618699999526143,486.9392999971751,505.576719604541,one shared preloaded model
conv-50-qa-59,difference_prefix,2.0187196078397536,14.533599998685531,203.78189999610186,220.33421960262714,one shared preloaded model
conv-50-qa-60,difference_prefix,2.0187196078397536,14.73200000327779,196.79339999856893,213.54411960968648,one shared preloaded model
conv-50-qa-61,difference_prefix,2.0187196078397536,14.355200000863988,152.53809999558143,168.91201960428518,one shared preloaded model
conv-50-qa-62,difference_prefix,2.0187196078397536,20.244300001650117,187.89880000258563,210.1618196120755,one shared preloaded model
conv-50-qa-63,difference_prefix,2.0187196078397536,15.968800005794037,170.10060000029625,188.08811961393005,one shared preloaded model
conv-50-qa-64,difference_prefix,2.0187196078397536,22.471299998869654,275.79980000155047,300.28981960825985,one shared preloaded model
conv-50-qa-65,difference_prefix,2.0187196078397536,13.930499997513834,496.03840000054333,511.9876196058969,one shared preloaded model
conv-50-qa-66,difference_prefix,2.0187196078397536,15.95919999817852,216.17970000079367,234.15761960681195,one shared preloaded model
conv-50-qa-67,difference_prefix,2.0187196078397536,17.752200001268648,162.32599999784725,182.09691960695565,one shared preloaded model
conv-50-qa-68,difference_prefix,2.0187196078397536,21.997799995006062,321.78010000643553,345.7966196092813,one shared preloaded model
conv-50-qa-69,difference_prefix,2.0187196078397536,15.568999995593913,192.04999999783468,209.63771960126834,one shared preloaded model
conv-50-qa-70,difference_prefix,2.0187196078397536,18.497400000342168,508.1198000043514,528.6359196125334,one shared preloaded model
conv-50-qa-71,difference_prefix,2.0187196078397536,15.66129999991972,195.01610000588698,212.69611961364646,one shared preloaded model
conv-50-qa-72,difference_prefix,2.0187196078397536,20.25349999894388,204.46280000032857,226.7350196071122,one shared preloaded model
conv-50-qa-73,difference_prefix,2.0187196078397536,17.87049999984447,156.4823999942746,176.37161960195883,one shared preloaded model
conv-50-qa-74,difference_prefix,2.0187196078397536,21.44659999612486,480.8387000011862,504.3040196051508,one shared preloaded model
conv-50-qa-75,difference_prefix,2.0187196078397536,15.705400001024827,193.10459999542218,210.82871960428676,one shared preloaded model
conv-50-qa-76,difference_prefix,2.0187196078397536,16.728099995816592,219.41720000177156,238.1640196054279,one shared preloaded model
conv-50-qa-77,difference_prefix,2.0187196078397536,15.285300003597513,191.2512999988394,208.55531961027665,one shared preloaded model
conv-50-qa-78,difference_prefix,2.0187196078397536,21.623900000122376,191.50889999582432,215.15151960378645,one shared preloaded model
conv-50-qa-79,difference_prefix,2.0187196078397536,21.466699996381067,162.53270000015618,186.018119604377,one shared preloaded model
conv-50-qa-80,difference_prefix,2.0187196078397536,16.024600001401268,423.42420000204584,441.46751961128683,one shared preloaded model
conv-50-qa-81,difference_prefix,2.0187196078397536,17.392800000379793,246.06599999970058,265.4775196079201,one shared preloaded model
conv-50-qa-82,difference_prefix,2.0187196078397536,16.41119999840157,200.4021999964607,218.83211960270202,one shared preloaded model
conv-50-qa-83,difference_prefix,2.0187196078397536,16.42800000263378,219.13669999776175,237.5834196082353,one shared preloaded model
conv-50-qa-84,difference_prefix,2.0187196078397536,13.465600000927225,177.5091999952565,192.99351960402348,one shared preloaded model
conv-50-qa-85,difference_prefix,2.0187196078397536,21.28939999965951,183.97070000355598,207.27881961105524,one shared preloaded model
conv-50-qa-86,difference_prefix,2.0187196078397536,22.519899997860193,205.57929999631597,230.11791960201592,one shared preloaded model
conv-50-qa-87,difference_prefix,2.0187196078397536,14.523500001814682,227.36319999967236,243.9054196093268,one shared preloaded model
conv-50-qa-88,difference_prefix,2.0187196078397536,18.185799999628216,192.45710000541294,212.6616196128809,one shared preloaded model
conv-50-qa-89,difference_prefix,2.0187196078397536,21.26039999711793,205.70589999988442,228.9850196048421,one shared preloaded model
conv-50-qa-90,difference_prefix,2.0187196078397536,15.85969999723602,404.39509999851,422.2735196035857,one shared preloaded model
conv-50-qa-91,difference_prefix,2.0187196078397536,17.97840000654105,122.23110000195447,142.22821961633528,one shared preloaded model
conv-50-qa-92,difference_prefix,2.0187196078397536,21.0981999989599,200.70530000521103,223.82221961201068,one shared preloaded model
conv-50-qa-93,difference_prefix,2.0187196078397536,14.401200001884717,296.18179999670247,312.6017196064269,one shared preloaded model
conv-50-qa-94,difference_prefix,2.0187196078397536,18.052699997497257,142.0572000060929,162.1286196114299,one shared preloaded model
conv-50-qa-95,difference_prefix,2.0187196078397536,22.003400001267437,240.927400001965,264.94951961107216,one shared preloaded model
conv-50-qa-96,difference_prefix,2.0187196078397536,13.32410000031814,173.12849999871105,188.47131960686895,one shared preloaded model
conv-50-qa-97,difference_prefix,2.0187196078397536,21.958500001346692,612.6846999977715,636.661919606958,one shared preloaded model
conv-50-qa-98,difference_prefix,2.0187196078397536,18.52840000356082,175.79449999902863,196.3416196104292,one shared preloaded model
conv-50-qa-99,difference_prefix,2.0187196078397536,14.286199999332894,563.1174000009196,579.4223196080923,one shared preloaded model
conv-50-qa-100,difference_prefix,2.0187196078397536,19.049700000323355,191.7092000003322,212.7776196084953,one shared preloaded model
conv-50-qa-101,difference_prefix,2.0187196078397536,17.10050000110641,149.02109999820823,168.1403196071544,one shared preloaded model
conv-50-qa-102,difference_prefix,2.0187196078397536,21.330600000510458,177.44579999998678,200.795119608337,one shared preloaded model
conv-50-qa-103,difference_prefix,2.0187196078397536,21.396000003733207,375.15870000061113,398.57341961218407,one shared preloaded model
conv-50-qa-104,difference_prefix,2.0187196078397536,13.877199999114964,478.39419999945676,494.29011960641145,one shared preloaded model
conv-50-qa-105,difference_prefix,2.0187196078397536,15.689400002884213,121.91280000115512,139.6209196118791,one shared preloaded model
conv-50-qa-106,difference_prefix,2.0187196078397536,20.276600000215694,223.5478000002331,245.84311960828856,one shared preloaded model
conv-50-qa-107,difference_prefix,2.0187196078397536,15.18420000502374,139.6009000018239,156.8038196146874,one shared preloaded model
conv-50-qa-108,difference_prefix,2.0187196078397536,21.389900000940543,123.73010000010254,147.13871960888284,one shared preloaded model
conv-50-qa-109,difference_prefix,2.0187196078397536,22.01240000431426,267.14860000356566,291.17971961571965,one shared preloaded model
conv-50-qa-110,difference_prefix,2.0187196078397536,18.133300000044983,153.52139999595238,173.67341960383712,one shared preloaded model
conv-50-qa-111,difference_prefix,2.0187196078397536,21.434400005091447,125.04890000127489,148.5020196142061,one shared preloaded model
conv-50-qa-112,difference_prefix,2.0187196078397536,19.510099999024533,153.39359999779845,174.92241960466274,one shared preloaded model
conv-50-qa-113,difference_prefix,2.0187196078397536,21.862600005988497,151.13739999651443,175.01871961034269,one shared preloaded model
conv-50-qa-114,difference_prefix,2.0187196078397536,22.596700000576675,456.36770000419347,480.98311961260987,one shared preloaded model
conv-50-qa-115,difference_prefix,2.0187196078397536,15.12889999867184,1261.5608000050997,1278.7084196116114,one shared preloaded model
conv-50-qa-116,difference_prefix,2.0187196078397536,18.913099993369542,186.98659999790834,207.91841959911764,one shared preloaded model
conv-50-qa-117,difference_prefix,2.0187196078397536,17.638400000578258,209.32710000488441,228.98421961330243,one shared preloaded model
conv-50-qa-118,difference_prefix,2.0187196078397536,13.64099999773316,204.76749999943422,220.42721960500714,one shared preloaded model
conv-50-qa-119,difference_prefix,2.0187196078397536,13.840299994626548,295.68229999858886,311.54131960105514,one shared preloaded model
conv-50-qa-120,difference_prefix,2.0187196078397536,18.350599995756056,246.86629999632714,267.2356195999229,one shared preloaded model
conv-50-qa-121,difference_prefix,2.0187196078397536,18.12479999352945,157.59659999457654,177.74011959594574,one shared preloaded model
conv-50-qa-122,difference_prefix,2.0187196078397536,21.520700000110082,156.7429999995511,180.28241960750094,one shared preloaded model
conv-50-qa-123,difference_prefix,2.0187196078397536,21.062200001324527,359.1302999993786,382.2112196085429,one shared preloaded model
conv-50-qa-124,difference_prefix,2.0187196078397536,18.28679999744054,201.9300000029034,222.2355196081837,one shared preloaded model
conv-50-qa-125,difference_prefix,2.0187196078397536,13.71879999351222,171.3032000043313,187.04071960568328,one shared preloaded model
conv-50-qa-126,difference_prefix,2.0187196078397536,22.715000006428454,219.39369999745395,244.12741961172216,one shared preloaded model
conv-50-qa-127,difference_prefix,2.0187196078397536,13.412799999059644,239.30520000430988,254.73671961120928,one shared preloaded model
conv-50-qa-128,difference_prefix,2.0187196078397536,13.651799999934155,191.09810000372818,206.7686196115021,one shared preloaded model
conv-50-qa-129,difference_prefix,2.0187196078397536,21.335900004487485,289.1116000027978,312.466219615125,one shared preloaded model
conv-50-qa-130,difference_prefix,2.0187196078397536,17.889199996716343,145.34909999929368,165.25701960384978,one shared preloaded model
conv-50-qa-131,difference_prefix,2.0187196078397536,20.631899998988956,168.12059999938356,190.77121960621227,one shared preloaded model
conv-50-qa-132,difference_prefix,2.0187196078397536,13.380299998971168,249.9662999980501,265.365319604861,one shared preloaded model
conv-50-qa-133,difference_prefix,2.0187196078397536,13.659199998073746,466.08330000162823,481.7612196075417,one shared preloaded model
conv-50-qa-134,difference_prefix,2.0187196078397536,13.900300000386778,479.0895999976783,495.0086196059048,one shared preloaded model
conv-50-qa-135,difference_prefix,2.0187196078397536,18.277700000908226,120.46120000013616,140.75761960888414,one shared preloaded model
conv-50-qa-136,difference_prefix,2.0187196078397536,21.30380000016885,1252.6266999993823,1275.949219607391,one shared preloaded model
conv-50-qa-137,difference_prefix,2.0187196078397536,17.242099995200988,163.76369999488816,183.0245195979289,one shared preloaded model
conv-50-qa-138,difference_prefix,2.0187196078397536,21.35450000059791,153.50230000331067,176.87551961174833,one shared preloaded model
conv-50-qa-139,difference_prefix,2.0187196078397536,21.317300001101103,204.54540000355337,227.88141961249423,one shared preloaded model
conv-50-qa-140,difference_prefix,2.0187196078397536,15.103400000953116,486.265600004117,503.38771961290985,one shared preloaded model
conv-50-qa-141,difference_prefix,2.0187196078397536,18.214899995655287,129.49579999985872,149.72941960335376,one shared preloaded model
conv-50-qa-142,difference_prefix,2.0187196078397536,21.162099998036865,217.99389999796404,241.17471960384066,one shared preloaded model
conv-50-qa-143,difference_prefix,2.0187196078397536,15.009900002041832,137.6410000011674,154.669619611049,one shared preloaded model
conv-50-qa-144,difference_prefix,2.0187196078397536,14.097400002356153,260.80150000052527,276.91761961072115,one shared preloaded model
conv-50-qa-145,difference_prefix,2.0187196078397536,14.225799997802824,438.71959999523824,454.9641196008808,one shared preloaded model
conv-50-qa-146,difference_prefix,2.0187196078397536,19.720600001164712,165.2159000004758,186.95521960948028,one shared preloaded model
conv-50-qa-147,difference_prefix,2.0187196078397536,15.63470000110101,128.3363000038662,145.98971961280697,one shared preloaded model
conv-50-qa-148,difference_prefix,2.0187196078397536,22.33939999860013,175.10380000021541,199.4619196066553,one shared preloaded model
conv-50-qa-149,difference_prefix,2.0187196078397536,22.117100001196377,198.12939999974333,222.26521960877946,one shared preloaded model
conv-50-qa-150,difference_prefix,2.0187196078397536,14.359700006025378,595.4779000021517,611.8563196160169,one shared preloaded model
conv-50-qa-151,difference_prefix,2.0187196078397536,17.98350000171922,149.21049999975367,169.21271960931264,one shared preloaded model
conv-50-qa-152,difference_prefix,2.0187196078397536,18.972400001075584,177.99879999802215,198.9899196069375,one shared preloaded model
conv-50-qa-153,difference_prefix,2.0187196078397536,21.636400000716094,324.4300000005751,348.0851196091309,one shared preloaded model
conv-50-qa-154,difference_prefix,2.0187196078397536,17.91399999638088,127.26890000340063,147.20161960762127,one shared preloaded model
conv-50-qa-155,difference_prefix,2.0187196078397536,21.503399999346584,200.9574999974575,224.47961960464383,one shared preloaded model
conv-50-qa-156,difference_prefix,2.0187196078397536,14.777299998968374,554.9620999954641,571.7581196022722,one shared preloaded model
conv-50-qa-157,difference_prefix,2.0187196078397536,17.702799996186513,272.5514999983716,292.2730196023978,one shared preloaded model
conv-50-qa-158,difference_prefix,2.0187196078397536,16.022300005715806,201.48129999870434,219.5223196122599,one shared preloaded model
conv-50-qa-159,difference_prefix,2.0187196078397536,13.886099994124379,193.5049000021536,209.40971960411773,one shared preloaded model
conv-50-qa-160,difference_prefix,2.0187196078397536,18.198899997514673,200.39149999502115,220.60911960037558,one shared preloaded model
conv-50-qa-161,difference_prefix,2.0187196078397536,14.502700003504287,198.14330000372138,214.66471961506542,one shared preloaded model
conv-50-qa-162,difference_prefix,2.0187196078397536,16.194000003451947,206.24029999453342,224.45301960582512,one shared preloaded model
conv-50-qa-163,difference_prefix,2.0187196078397536,13.501800000085495,250.60170000506332,266.12221961298854,one shared preloaded model
conv-50-qa-164,difference_prefix,2.0187196078397536,15.323899999202695,187.7786000040942,205.12121961113664,one shared preloaded model
conv-50-qa-165,difference_prefix,2.0187196078397536,21.948999994492624,160.32450000056997,184.29221960290235,one shared preloaded model
conv-50-qa-166,difference_prefix,2.0187196078397536,22.766000001865905,201.68650000414345,226.47121961384912,one shared preloaded model
conv-50-qa-167,difference_prefix,2.0187196078397536,18.783899999107234,463.7159999983851,484.51861960533205,one shared preloaded model
conv-50-qa-168,difference_prefix,2.0187196078397536,19.15039999585133,187.07670000003418,208.24581960372527,one shared preloaded model
conv-50-qa-169,difference_prefix,2.0187196078397536,21.441900003992487,173.81790000217734,197.27851961400958,one shared preloaded model
conv-50-qa-170,difference_prefix,2.0187196078397536,22.298800002317876,189.55989999813028,213.8774196082879,one shared preloaded model
conv-50-qa-171,difference_prefix,2.0187196078397536,21.31050000025425,133.91969999793218,157.2489196060262,one shared preloaded model
conv-50-qa-172,difference_prefix,2.0187196078397536,21.576300001470372,162.98639999877196,186.5814196080821,one shared preloaded model
conv-50-qa-173,difference_prefix,2.0187196078397536,22.290000000793952,168.80719999608118,193.1159196047149,one shared preloaded model
conv-50-qa-174,difference_prefix,2.0187196078397536,19.891600000846665,379.6495999995386,401.559919608225,one shared preloaded model
conv-50-qa-175,difference_prefix,2.0187196078397536,13.793099999020342,509.3276999978116,525.1395196046717,one shared preloaded model
conv-50-qa-176,difference_prefix,2.0187196078397536,14.868999998725485,119.31349999940721,136.20121960597245,one shared preloaded model
conv-50-qa-177,difference_prefix,2.0187196078397536,16.433600001619197,198.17100000364007,216.62331961309903,one shared preloaded model
conv-50-qa-178,difference_prefix,2.0187196078397536,14.796499999647494,182.95059999945806,199.7658196069453,one shared preloaded model
conv-50-qa-179,difference_prefix,2.0187196078397536,21.34949999890523,227.83009999693604,251.19831960368103,one shared preloaded model
conv-50-qa-180,difference_prefix,2.0187196078397536,13.330999994650483,159.764100004395,175.11381960688524,one shared preloaded model
conv-50-qa-181,difference_prefix,2.0187196078397536,23.230400001921225,204.2862000016612,229.53531961142218,one shared preloaded model
conv-50-qa-182,difference_prefix,2.0187196078397536,15.70059999357909,148.9713999981177,166.69071959953655,one shared preloaded model
conv-50-qa-183,difference_prefix,2.0187196078397536,17.827100004069507,198.97060000221245,218.8164196141217,one shared preloaded model
conv-50-qa-184,difference_prefix,2.0187196078397536,14.982100001361687,187.26579999929527,204.2666196084967,one shared preloaded model
conv-50-qa-185,difference_prefix,2.0187196078397536,21.45860000018729,196.1985999951139,219.67591960314095,one shared preloaded model
conv-50-qa-186,difference_prefix,2.0187196078397536,15.930900000967085,177.62729999958538,195.57691960839222,one shared preloaded model
conv-50-qa-187,difference_prefix,2.0187196078397536,21.471599997312296,209.35699999972712,232.84731960487917,one shared preloaded model
conv-50-qa-188,difference_prefix,2.0187196078397536,18.090700003085658,163.69520000444027,183.80461961536568,one shared preloaded model
conv-50-qa-189,difference_prefix,2.0187196078397536,21.396700001787394,180.2486999949906,203.66411960461775,one shared preloaded model
conv-50-qa-190,difference_prefix,2.0187196078397536,20.912499996484257,186.3828999994439,209.31411960376792,one shared preloaded model
conv-50-qa-191,difference_prefix,2.0187196078397536,22.13340000162134,208.71230000193464,232.86441961139573,one shared preloaded model
conv-50-qa-192,difference_prefix,2.0187196078397536,13.867599998775404,153.19579999777488,169.08211960439004,one shared preloaded model
conv-50-qa-193,difference_prefix,2.0187196078397536,21.385800006100908,210.13829999719746,233.54281961113813,one shared preloaded model
conv-50-qa-194,difference_prefix,2.0187196078397536,13.053999995463528,200.25490000261925,215.32761960592254,one shared preloaded model
conv-50-qa-195,difference_prefix,2.0187196078397536,15.0904999973136,182.06150000332855,199.1707196084819,one shared preloaded model
conv-50-qa-196,difference_prefix,2.0187196078397536,18.844799997168593,141.61009999952512,162.47361960453347,one shared preloaded model
conv-50-qa-197,difference_prefix,2.0187196078397536,19.831000005069654,187.46529999771155,209.31501961062096,one shared preloaded model
conv-50-qa-198,difference_prefix,2.0187196078397536,16.557599999941885,165.4952000026242,184.07151961040583,one shared preloaded model
conv-50-qa-199,difference_prefix,2.0187196078397536,15.741100003651809,179.62139999872306,197.38121961021463,one shared preloaded model
conv-50-qa-200,difference_prefix,2.0187196078397536,21.123600003193133,178.38990000018384,201.53221961121673,one shared preloaded model
conv-50-qa-201,difference_prefix,2.0187196078397536,21.185400000831578,416.84010000608396,440.04421961475526,one shared preloaded model
conv-50-qa-202,difference_prefix,2.0187196078397536,14.007800004037563,407.8730999972322,423.8996196091095,one shared preloaded model
conv-50-qa-203,difference_prefix,2.0187196078397536,18.159100000048056,400.24499999708496,420.42281960497274,one shared preloaded model
